{
"type": "FeatureCollection",
"name": "davidson_county_sheriff_rep",
"crs": { "type": "name", "properties": { "name": "urn:ogc:def:crs:OGC:1.3:CRS84" } },
"features": [
{ "type": "Feature", "properties": { "county": "DAVIDSON", "precinct": "4", "enr_desc": "Arcadia 04", "winner": "Richie Simmons", "winner_votes": 808, "winner_share": 91.093573844419396, "runner_up": "Elizabeth Clodfelter", "runner_up_votes": 79, "runner_up_share": 8.9064261555806095, "contest_votes": 887, "margin_of_victory": 82.187147688838792, "is_tie": false, "results": [ { "candidate": "Richie Simmons", "votes": 808, "share": 91.0935738444194 }, { "candidate": "Elizabeth Clodfelter", "votes": 79, "share": 8.90642615558061 } ], "participated": true, "map_key": "DAVIDSON_4" }, "geometry": { "type": "Polygon", "coordinates": [ [ [ -80.26685099115906, 35.996639000063723 ], [ -80.238313991175872, 35.996677000086017 ], [ -80.238010991117378, 35.990446000464487 ], [ -80.231768991428396, 35.976242999715716 ], [ -80.230031991160146, 35.970304999956291 ], [ -80.230322991283884, 35.9637809999235 ], [ -80.235850991500641, 35.948753000131667 ], [ -80.235902991267423, 35.944836999841002 ], [ -80.233993990762528, 35.937647000276527 ], [ -80.236289991163474, 35.935830000124476 ], [ -80.238274991584959, 35.937883000407339 ], [ -80.247505990819249, 35.943473000516924 ], [ -80.264951990609703, 35.947243000107406 ], [ -80.269545991391794, 35.946998000524957 ], [ -80.276069991437851, 35.944633000377223 ], [ -80.288934991717397, 35.942457000328218 ], [ -80.293997990682726, 35.942884000265785 ], [ -80.308503991473486, 35.947369000214429 ], [ -80.301992990696675, 35.953150000296993 ], [ -80.300741990774625, 35.957295000019705 ], [ -80.301893991309839, 35.96251599967286 ], [ -80.300706990937172, 35.965193000428727 ], [ -80.29338699090269, 35.971450000505591 ], [ -80.287797990642105, 35.979237000456123 ], [ -80.278604990741655, 35.982245000192513 ], [ -80.274399990850938, 35.98836100006676 ], [ -80.270306991187084, 35.991345000330185 ], [ -80.26685099115906, 35.996639000063723 ] ] ] } },
{ "type": "Feature", "properties": { "county": "DAVIDSON", "precinct": "6", "enr_desc": "Boone 06", "winner": "Richie Simmons", "winner_votes": 420, "winner_share": 89.552238805970148, "runner_up": "Elizabeth Clodfelter", "runner_up_votes": 49, "runner_up_share": 10.44776119402985, "contest_votes": 469, "margin_of_victory": 79.104477611940297, "is_tie": false, "results": [ { "candidate": "Richie Simmons", "votes": 420, "share": 89.55223880597015 }, { "candidate": "Elizabeth Clodfelter", "votes": 49, "share": 10.44776119402985 } ], "participated": true, "map_key": "DAVIDSON_6" }, "geometry": { "type": "Polygon", "coordinates": [ [ [ -80.332378990865195, 35.718873000207282 ], [ -80.335176990999216, 35.720789000138218 ], [ -80.340097991101445, 35.721343000299456 ], [ -80.358343991106736, 35.717602999749786 ], [ -80.371221991661088, 35.71616499990656 ], [ -80.382336991449947, 35.719820000332476 ], [ -80.384951991313969, 35.718970999980392 ], [ -80.388657990883388, 35.719323000155178 ], [ -80.390256991537555, 35.720363000196677 ], [ -80.392384991344315, 35.723671000447943 ], [ -80.395674991525027, 35.725060999989708 ], [ -80.398252991559005, 35.724898999688307 ], [ -80.405674991128734, 35.722199000205514 ], [ -80.413515991070085, 35.722456000044311 ], [ -80.422592990664555, 35.72572500043438 ], [ -80.441994991440509, 35.734644999921947 ], [ -80.446317990933125, 35.735373999824525 ], [ -80.452393991277802, 35.734224000303371 ], [ -80.454786991384026, 35.735332999654666 ], [ -80.458922991673205, 35.742758000158204 ], [ -80.459485991413686, 35.74662300003574 ], [ -80.457417991513182, 35.75404600016855 ], [ -80.452517990919006, 35.758568000133273 ], [ -80.450657991290115, 35.765757000423129 ], [ -80.451274991471081, 35.768389000142903 ], [ -80.454985990978201, 35.773044000041963 ], [ -80.46064899114873, 35.775661999707161 ], [ -80.472772991058704, 35.783990000202898 ], [ -80.476919990673196, 35.789809999790918 ], [ -80.476086991339102, 35.794030999945718 ], [ -80.474126990971527, 35.797709999692138 ], [ -80.471059991547634, 35.799729000118482 ], [ -80.46652899146666, 35.800732999841138 ], [ -80.464646991030705, 35.802821000327981 ], [ -80.464753991163107, 35.806627000050661 ], [ -80.466942991228763, 35.813939000089093 ], [ -80.463860991114842, 35.814697000087293 ], [ -80.462745991220856, 35.816118000146766 ], [ -80.456717991082058, 35.818951999681552 ], [ -80.454031991455494, 35.821786000450878 ], [ -80.45124199101636, 35.822373999732108 ], [ -80.446178990750965, 35.820211000335441 ], [ -80.445226991289061, 35.8168990003849 ], [ -80.442884991000852, 35.815118000332433 ], [ -80.439625990889894, 35.815472999848758 ], [ -80.437330990619103, 35.814764999738763 ], [ -80.428671991492863, 35.809657000340152 ], [ -80.422478990994904, 35.810052000387792 ], [ -80.419655990991004, 35.809039000056487 ], [ -80.399595990694365, 35.786878000283686 ], [ -80.374744991487304, 35.773793000278765 ], [ -80.344474991512612, 35.768577000009365 ], [ -80.325705990798468, 35.769703000047983 ], [ -80.324600991384997, 35.767207000346943 ], [ -80.322125991372033, 35.754102000219746 ], [ -80.321188990771461, 35.752234999657773 ], [ -80.318146991545589, 35.7507559998121 ], [ -80.327098990794752, 35.743656000505034 ], [ -80.325531991574834, 35.737954000474687 ], [ -80.325361991505417, 35.729008999894866 ], [ -80.328497991060473, 35.722026999700155 ], [ -80.332378990865195, 35.718873000207282 ] ] ] } },
{ "type": "Feature", "properties": { "county": "DAVIDSON", "precinct": "8", "enr_desc": "Central 08", "winner": "Richie Simmons", "winner_votes": 171, "winner_share": 93.956043956043956, "runner_up": "Elizabeth Clodfelter", "runner_up_votes": 11, "runner_up_share": 6.0439560439560438, "contest_votes": 182, "margin_of_victory": 87.912087912087912, "is_tie": false, "results": [ { "candidate": "Richie Simmons", "votes": 171, "share": 93.95604395604396 }, { "candidate": "Elizabeth Clodfelter", "votes": 11, "share": 6.043956043956044 } ], "participated": true, "map_key": "DAVIDSON_8" }, "geometry": { "type": "Polygon", "coordinates": [ [ [ -80.227027990948244, 35.804994000485145 ], [ -80.223360990627754, 35.806650000238569 ], [ -80.213479991382258, 35.806091000383105 ], [ -80.208721990661545, 35.804419000449343 ], [ -80.202923991629078, 35.80944300009434 ], [ -80.200413991141787, 35.815616999868304 ], [ -80.179093991403008, 35.808785000480093 ], [ -80.186509991366322, 35.805078000390999 ], [ -80.188684991475867, 35.803135999843953 ], [ -80.192797990994833, 35.792869000183032 ], [ -80.191809991476788, 35.78709500052237 ], [ -80.192295991420593, 35.78529700027557 ], [ -80.193856990992472, 35.783776000368036 ], [ -80.20232199155096, 35.790795999721475 ], [ -80.23578999146298, 35.788452000139586 ], [ -80.234090991693947, 35.791310000162937 ], [ -80.232554991690193, 35.792146000118983 ], [ -80.233110990807759, 35.793086999876067 ], [ -80.231982991330668, 35.794806000141982 ], [ -80.233056990701883, 35.794601999904714 ], [ -80.234950990819883, 35.796917000395084 ], [ -80.23504099142869, 35.798861000152769 ], [ -80.237251990627485, 35.802293000371179 ], [ -80.236437991194535, 35.804689999648197 ], [ -80.241137991524539, 35.804671000326209 ], [ -80.240336991235722, 35.808023999683655 ], [ -80.234412991500804, 35.809428000137878 ], [ -80.235178991695264, 35.806817999883506 ], [ -80.232735990830875, 35.804333000124899 ], [ -80.227825991025796, 35.802817000090641 ], [ -80.226434991732333, 35.804002000451334 ], [ -80.227027990948244, 35.804994000485145 ] ] ] } },
{ "type": "Feature", "properties": { "county": "DAVIDSON", "precinct": "10", "enr_desc": "Cotton Grove 10", "winner": "Richie Simmons", "winner_votes": 386, "winner_share": 90.398126463700237, "runner_up": "Elizabeth Clodfelter", "runner_up_votes": 41, "runner_up_share": 9.6018735362997649, "contest_votes": 427, "margin_of_victory": 80.796252927400474, "is_tie": false, "results": [ { "candidate": "Richie Simmons", "votes": 386, "share": 90.39812646370024 }, { "candidate": "Elizabeth Clodfelter", "votes": 41, "share": 9.601873536299765 } ], "participated": true, "map_key": "DAVIDSON_10" }, "geometry": { "type": "Polygon", "coordinates": [ [ [ -80.31776599094141, 35.672680999965621 ], [ -80.326970990669466, 35.675458999665793 ], [ -80.330601991701599, 35.678799000309411 ], [ -80.333316991226496, 35.683562999975109 ], [ -80.334508990843872, 35.689735000498935 ], [ -80.333783991384053, 35.694287000256807 ], [ -80.331171991416483, 35.698129999684369 ], [ -80.325571991633467, 35.702819999969044 ], [ -80.324113990868526, 35.705824000009024 ], [ -80.325360991372435, 35.711177000495724 ], [ -80.332378990865195, 35.718873000207282 ], [ -80.328497991060473, 35.722026999700155 ], [ -80.325361991505417, 35.729008999894866 ], [ -80.325531991574834, 35.737954000474687 ], [ -80.327098990794752, 35.743656000505034 ], [ -80.318146991545589, 35.7507559998121 ], [ -80.321188990771461, 35.752234999657773 ], [ -80.322125991372033, 35.754102000219746 ], [ -80.324600991384997, 35.767207000346943 ], [ -80.322960991209428, 35.766756999646823 ], [ -80.323566991402842, 35.76405200034101 ], [ -80.320847991189652, 35.765021999818792 ], [ -80.320508991206339, 35.764056999712018 ], [ -80.318754991449879, 35.764413000539676 ], [ -80.317542991047517, 35.761784000483132 ], [ -80.313187991383927, 35.761689999745144 ], [ -80.312722991546963, 35.76033600026949 ], [ -80.306710991138146, 35.760201999836767 ], [ -80.301291991096704, 35.769978000308996 ], [ -80.298653991374906, 35.776943000269192 ], [ -80.278599991186553, 35.777025000254049 ], [ -80.270946991415698, 35.777610000533691 ], [ -80.260501991492859, 35.780431000329003 ], [ -80.261460990768768, 35.764289999828677 ], [ -80.249970991412013, 35.764115000073787 ], [ -80.250125991460777, 35.765833000048659 ], [ -80.258740990804412, 35.768131000354543 ], [ -80.258700991070285, 35.769960999867024 ], [ -80.253919991004835, 35.769607000298251 ], [ -80.253884991447791, 35.770279999879548 ], [ -80.252945990904465, 35.770305000359564 ], [ -80.253279991141866, 35.771649999796217 ], [ -80.252361990764243, 35.773675000334492 ], [ -80.250079991192592, 35.772535000407132 ], [ -80.250066991167103, 35.773548999895134 ], [ -80.243715991306658, 35.768729999890297 ], [ -80.244572990995906, 35.76875000026088 ], [ -80.244512991076675, 35.764063000153072 ], [ -80.242321991389844, 35.764043999875035 ], [ -80.243521990637333, 35.760038000248557 ], [ -80.241242991468511, 35.760074000493958 ], [ -80.240426991698598, 35.759119000371562 ], [ -80.239257991598436, 35.759529999645352 ], [ -80.236155990653359, 35.756147999692708 ], [ -80.234985991027187, 35.753694999848413 ], [ -80.236571990647292, 35.751366000336319 ], [ -80.238949991568347, 35.750600999932431 ], [ -80.241499991402222, 35.748051000367731 ], [ -80.245204991249835, 35.736090000175857 ], [ -80.243617990858255, 35.731351000329447 ], [ -80.248395990652526, 35.723713999728105 ], [ -80.249582990794266, 35.718643000028983 ], [ -80.25099399140656, 35.718222000284776 ], [ -80.254222991332767, 35.720008000102261 ], [ -80.256214991681986, 35.718765999797903 ], [ -80.259875991303574, 35.718465999988155 ], [ -80.267500991534362, 35.720975999993733 ], [ -80.272639991084745, 35.724746999883216 ], [ -80.280818991546198, 35.72632800053271 ], [ -80.282612990787499, 35.720407000462821 ], [ -80.285815990938204, 35.71901000039496 ], [ -80.286240990641829, 35.717722000271074 ], [ -80.292967990871674, 35.710842000062698 ], [ -80.294778991685178, 35.70798299982571 ], [ -80.294814990763257, 35.70539600023983 ], [ -80.299489991558417, 35.702632000251199 ], [ -80.299965991322622, 35.698526000214841 ], [ -80.302046991625829, 35.695632000407947 ], [ -80.302057990887036, 35.693960000312195 ], [ -80.300793991332228, 35.692269999738492 ], [ -80.303459991032938, 35.689713000064614 ], [ -80.303459990909019, 35.687704999874676 ], [ -80.31776599094141, 35.672680999965621 ] ] ] } },
{ "type": "Feature", "properties": { "county": "DAVIDSON", "precinct": "12", "enr_desc": "Denton 12", "winner": "Richie Simmons", "winner_votes": 134, "winner_share": 88.157894736842096, "runner_up": "Elizabeth Clodfelter", "runner_up_votes": 18, "runner_up_share": 11.842105263157894, "contest_votes": 152, "margin_of_victory": 76.315789473684205, "is_tie": false, "results": [ { "candidate": "Richie Simmons", "votes": 134, "share": 88.1578947368421 }, { "candidate": "Elizabeth Clodfelter", "votes": 18, "share": 11.842105263157894 } ], "participated": true, "map_key": "DAVIDSON_12" }, "geometry": { "type": "Polygon", "coordinates": [ [ [ -80.110947990952013, 35.652667000184508 ], [ -80.103391991394915, 35.652291999653556 ], [ -80.103036990751164, 35.654721000098192 ], [ -80.102176990951179, 35.654644000407743 ], [ -80.101916991684533, 35.656074999686126 ], [ -80.097810991283836, 35.656777000478733 ], [ -80.097647991716713, 35.65483700012237 ], [ -80.099997991268893, 35.654757999906622 ], [ -80.100108991065724, 35.652369999798616 ], [ -80.102369990900726, 35.652139000031497 ], [ -80.104603991665414, 35.649864999736764 ], [ -80.10265099129866, 35.648525999912295 ], [ -80.104724990819534, 35.647219999689682 ], [ -80.10467299149731, 35.645114999856389 ], [ -80.107326990986493, 35.645334000202169 ], [ -80.107828991509052, 35.640586000307472 ], [ -80.10558299077843, 35.640444999723329 ], [ -80.106744991395004, 35.638591999857383 ], [ -80.105320990806945, 35.63864599988333 ], [ -80.105350990755184, 35.637274999819823 ], [ -80.104603991730571, 35.637627000048525 ], [ -80.104198990940475, 35.635876999737796 ], [ -80.104184990679101, 35.635173999948037 ], [ -80.105947991577466, 35.635007000168969 ], [ -80.105965991545574, 35.634290000124324 ], [ -80.104615990939791, 35.634325000501072 ], [ -80.104691991073196, 35.633186999903927 ], [ -80.106624991171572, 35.63322099965319 ], [ -80.106290990961895, 35.631441000512226 ], [ -80.103458990981679, 35.631355999894069 ], [ -80.103491991596911, 35.630330000370265 ], [ -80.099674990839745, 35.628810999833568 ], [ -80.09975499097483, 35.627247999719806 ], [ -80.097667990898117, 35.625358000030019 ], [ -80.090029990735118, 35.623006999717092 ], [ -80.090969991103989, 35.618721999667734 ], [ -80.098379990901449, 35.619048000133063 ], [ -80.098458991093267, 35.620750999810006 ], [ -80.099918991290664, 35.620832000166452 ], [ -80.09982699079562, 35.626684000269655 ], [ -80.105347990775925, 35.626660000282023 ], [ -80.105422991715344, 35.627725000426949 ], [ -80.106680991100561, 35.627698000236578 ], [ -80.108628990881073, 35.626375000407414 ], [ -80.107176991573738, 35.624689000200611 ], [ -80.105754991338642, 35.624786000026013 ], [ -80.106519990679715, 35.62368000002698 ], [ -80.105378991015797, 35.620867999850894 ], [ -80.104292991280261, 35.62178100018081 ], [ -80.104582990665747, 35.62017299989548 ], [ -80.105292991435675, 35.620207000065903 ], [ -80.104293991642407, 35.618299000136162 ], [ -80.105113991348787, 35.618329999875733 ], [ -80.106997990943114, 35.619794000028527 ], [ -80.10607199129592, 35.620187999926358 ], [ -80.108517991483737, 35.624892999867185 ], [ -80.108075991343441, 35.62514399983116 ], [ -80.116979990965845, 35.625926999640534 ], [ -80.11954299119455, 35.628565000459403 ], [ -80.121598990913313, 35.626849000068894 ], [ -80.122758991338301, 35.627664999704471 ], [ -80.123236991636048, 35.629574000483601 ], [ -80.120443990840585, 35.629619000085349 ], [ -80.123178990650842, 35.632570000320854 ], [ -80.123293991651295, 35.63510299963874 ], [ -80.124614991536205, 35.637845000065823 ], [ -80.125533990795077, 35.637823999650017 ], [ -80.125508991089092, 35.639644999926702 ], [ -80.123833991249654, 35.63983200045751 ], [ -80.1224129906945, 35.641040999832391 ], [ -80.11747799099119, 35.641012999690531 ], [ -80.117500990880473, 35.642352999721368 ], [ -80.11652599131267, 35.642611000457528 ], [ -80.116197991689205, 35.6397449996498 ], [ -80.114152991480452, 35.639247000126318 ], [ -80.110170991008815, 35.646104999899187 ], [ -80.110947990952013, 35.652667000184508 ] ] ] } },
{ "type": "Feature", "properties": { "county": "DAVIDSON", "precinct": "14", "enr_desc": "Emmons 14", "winner": "Richie Simmons", "winner_votes": 343, "winner_share": 89.556135770234988, "runner_up": "Elizabeth Clodfelter", "runner_up_votes": 40, "runner_up_share": 10.443864229765012, "contest_votes": 383, "margin_of_victory": 79.112271540469976, "is_tie": false, "results": [ { "candidate": "Richie Simmons", "votes": 343, "share": 89.55613577023499 }, { "candidate": "Elizabeth Clodfelter", "votes": 40, "share": 10.443864229765012 } ], "participated": true, "map_key": "DAVIDSON_14" }, "geometry": { "type": "Polygon", "coordinates": [ [ [ -80.11983699093669, 35.619805000532743 ], [ -80.124265990710924, 35.620383000079464 ], [ -80.130505990724686, 35.630415000028222 ], [ -80.165848991230263, 35.677742999726547 ], [ -80.175755991281548, 35.67762899972989 ], [ -80.169856990811027, 35.717948000158721 ], [ -80.170362991584355, 35.720587000446969 ], [ -80.168605991315928, 35.723659999827703 ], [ -80.16862199094939, 35.728394000022305 ], [ -80.167606990894257, 35.731296000309456 ], [ -80.165680990642898, 35.726777999656399 ], [ -80.159696991403891, 35.719967000104162 ], [ -80.153898991391969, 35.718089999951957 ], [ -80.138439990657247, 35.710815000396607 ], [ -80.135575990700048, 35.70852700053446 ], [ -80.134043991272534, 35.705625000053267 ], [ -80.131920990852819, 35.704565999750599 ], [ -80.12244899161422, 35.704057000373403 ], [ -80.11213199160558, 35.708339999878433 ], [ -80.108490990808633, 35.711668000157623 ], [ -80.106109991004914, 35.711810999764921 ], [ -80.099596991590289, 35.711591000187973 ], [ -80.093846991076362, 35.710275000139475 ], [ -80.084596991528471, 35.704346000245245 ], [ -80.082312990808319, 35.700616000126963 ], [ -80.080138991681736, 35.699822000490066 ], [ -80.065823991172451, 35.699334999941499 ], [ -80.058680990716837, 35.704184000305467 ], [ -80.062926991486606, 35.612617000135756 ], [ -80.11983699093669, 35.619805000532743 ] ], [ [ -80.110947990952013, 35.652667000184508 ], [ -80.110170991008815, 35.646104999899187 ], [ -80.114152991480452, 35.639247000126318 ], [ -80.116197991689205, 35.6397449996498 ], [ -80.11652599131267, 35.642611000457528 ], [ -80.117500990880473, 35.642352999721368 ], [ -80.11747799099119, 35.641012999690531 ], [ -80.1224129906945, 35.641040999832391 ], [ -80.123833991249654, 35.63983200045751 ], [ -80.125508991089092, 35.639644999926702 ], [ -80.125533990795077, 35.637823999650017 ], [ -80.124614991536205, 35.637845000065823 ], [ -80.123293991651295, 35.63510299963874 ], [ -80.123178990650842, 35.632570000320854 ], [ -80.120443990840585, 35.629619000085349 ], [ -80.123236991636048, 35.629574000483601 ], [ -80.122758991338301, 35.627664999704471 ], [ -80.121598990913313, 35.626849000068894 ], [ -80.11954299119455, 35.628565000459403 ], [ -80.116979990965845, 35.625926999640534 ], [ -80.108075991343441, 35.62514399983116 ], [ -80.108517991483737, 35.624892999867185 ], [ -80.10607199129592, 35.620187999926358 ], [ -80.106997990943114, 35.619794000028527 ], [ -80.105113991348787, 35.618329999875733 ], [ -80.104293991642407, 35.618299000136162 ], [ -80.105292991435675, 35.620207000065903 ], [ -80.104582990665747, 35.62017299989548 ], [ -80.104292991280261, 35.62178100018081 ], [ -80.105378991015797, 35.620867999850894 ], [ -80.106519990679715, 35.62368000002698 ], [ -80.105754991338642, 35.624786000026013 ], [ -80.107176991573738, 35.624689000200611 ], [ -80.108628990881073, 35.626375000407414 ], [ -80.106680991100561, 35.627698000236578 ], [ -80.105422991715344, 35.627725000426949 ], [ -80.105347990775925, 35.626660000282023 ], [ -80.09982699079562, 35.626684000269655 ], [ -80.099918991290664, 35.620832000166452 ], [ -80.098458991093267, 35.620750999810006 ], [ -80.098379990901449, 35.619048000133063 ], [ -80.090969991103989, 35.618721999667734 ], [ -80.090029990735118, 35.623006999717092 ], [ -80.097667990898117, 35.625358000030019 ], [ -80.09975499097483, 35.627247999719806 ], [ -80.099674990839745, 35.628810999833568 ], [ -80.103491991596911, 35.630330000370265 ], [ -80.103458990981679, 35.631355999894069 ], [ -80.106290990961895, 35.631441000512226 ], [ -80.106624991171572, 35.63322099965319 ], [ -80.104691991073196, 35.633186999903927 ], [ -80.104615990939791, 35.634325000501072 ], [ -80.105965991545574, 35.634290000124324 ], [ -80.105947991577466, 35.635007000168969 ], [ -80.104184990679101, 35.635173999948037 ], [ -80.104198990940475, 35.635876999737796 ], [ -80.104603991730571, 35.637627000048525 ], [ -80.105350990755184, 35.637274999819823 ], [ -80.105320990806945, 35.63864599988333 ], [ -80.106744991395004, 35.638591999857383 ], [ -80.10558299077843, 35.640444999723329 ], [ -80.107828991509052, 35.640586000307472 ], [ -80.107326990986493, 35.645334000202169 ], [ -80.10467299149731, 35.645114999856389 ], [ -80.104724990819534, 35.647219999689682 ], [ -80.10265099129866, 35.648525999912295 ], [ -80.104603991665414, 35.649864999736764 ], [ -80.102369990900726, 35.652139000031497 ], [ -80.100108991065724, 35.652369999798616 ], [ -80.099997991268893, 35.654757999906622 ], [ -80.097647991716713, 35.65483700012237 ], [ -80.097810991283836, 35.656777000478733 ], [ -80.101916991684533, 35.656074999686126 ], [ -80.102176990951179, 35.654644000407743 ], [ -80.103036990751164, 35.654721000098192 ], [ -80.103391991394915, 35.652291999653556 ], [ -80.110947990952013, 35.652667000184508 ] ] ] } },
{ "type": "Feature", "properties": { "county": "DAVIDSON", "precinct": "16", "enr_desc": "Gumtree 16", "winner": "Richie Simmons", "winner_votes": 376, "winner_share": 88.888888888888886, "runner_up": "Elizabeth Clodfelter", "runner_up_votes": 47, "runner_up_share": 11.111111111111111, "contest_votes": 423, "margin_of_victory": 77.777777777777771, "is_tie": false, "results": [ { "candidate": "Richie Simmons", "votes": 376, "share": 88.88888888888889 }, { "candidate": "Elizabeth Clodfelter", "votes": 47, "share": 11.11111111111111 } ], "participated": true, "map_key": "DAVIDSON_16" }, "geometry": { "type": "Polygon", "coordinates": [ [ [ -80.230031991160146, 35.970304999956291 ], [ -80.231768991428396, 35.976242999715716 ], [ -80.238010991117378, 35.990446000464487 ], [ -80.238313991175872, 35.996677000086017 ], [ -80.213841990906431, 35.996699000126988 ], [ -80.213783991198781, 36.024072000491742 ], [ -80.208912991439888, 36.023310000124852 ], [ -80.203154990976216, 36.026166000109939 ], [ -80.199236991268222, 36.026387999827669 ], [ -80.189807991319867, 36.022856000208307 ], [ -80.185459991244215, 36.019935000146255 ], [ -80.174238991398596, 36.0054690005175 ], [ -80.17052399069911, 35.999523999746827 ], [ -80.169316990865283, 35.995482999832014 ], [ -80.161893990625842, 35.983309999869107 ], [ -80.164859991526271, 35.981565999685934 ], [ -80.170501991591394, 35.98082299997867 ], [ -80.174554991154963, 35.977102000317736 ], [ -80.177986990646019, 35.977624000372053 ], [ -80.183194990850197, 35.979974999801534 ], [ -80.185841991513186, 35.97972700046757 ], [ -80.191726990884064, 35.982150000310014 ], [ -80.193667991021428, 35.978968000510584 ], [ -80.19510399136432, 35.972817999873683 ], [ -80.199576991489636, 35.970814000239343 ], [ -80.200912991205641, 35.971431000349575 ], [ -80.201559991680909, 35.973225999850371 ], [ -80.211634991363795, 35.983123000029494 ], [ -80.217065991009505, 35.979469000254596 ], [ -80.220582991249572, 35.975152999828296 ], [ -80.225025990960404, 35.974459000266755 ], [ -80.222355990742756, 35.967541000478882 ], [ -80.225591991032076, 35.967756000445704 ], [ -80.230031991160146, 35.970304999956291 ] ] ] } },
{ "type": "Feature", "properties": { "county": "DAVIDSON", "precinct": "18", "enr_desc": "Healing Springs 18", "winner": "Richie Simmons", "winner_votes": 368, "winner_share": 83.446712018140587, "runner_up": "Elizabeth Clodfelter", "runner_up_votes": 73, "runner_up_share": 16.553287981859409, "contest_votes": 441, "margin_of_victory": 66.893424036281175, "is_tie": false, "results": [ { "candidate": "Richie Simmons", "votes": 368, "share": 83.44671201814059 }, { "candidate": "Elizabeth Clodfelter", "votes": 73, "share": 16.55328798185941 } ], "participated": true, "map_key": "DAVIDSON_18" }, "geometry": { "type": "Polygon", "coordinates": [ [ [ -80.207100990958395, 35.575997999832445 ], [ -80.208859991600178, 35.58133400010113 ], [ -80.212584990882476, 35.584673000106385 ], [ -80.219174991110037, 35.587515999671446 ], [ -80.231737991097958, 35.596541000432651 ], [ -80.233738991071988, 35.598689000524999 ], [ -80.235672991705158, 35.604481000083666 ], [ -80.23909699087082, 35.60979600043644 ], [ -80.243446991222868, 35.614429999874751 ], [ -80.250210991409233, 35.619453000326978 ], [ -80.259456990884445, 35.639885999915748 ], [ -80.254388991631998, 35.643044999710455 ], [ -80.248853991534929, 35.649935999988529 ], [ -80.242901991090662, 35.661461000457898 ], [ -80.242636991173029, 35.664925000092964 ], [ -80.239792991707347, 35.668273000029416 ], [ -80.232344991031042, 35.67719499998487 ], [ -80.175755991281548, 35.67762899972989 ], [ -80.165848991230263, 35.677742999726547 ], [ -80.130505990724686, 35.630415000028222 ], [ -80.124265990710924, 35.620383000079464 ], [ -80.11983699093669, 35.619805000532743 ], [ -80.125118990921166, 35.616507999798714 ], [ -80.127423991621427, 35.61344899981772 ], [ -80.130740991438941, 35.611059999798357 ], [ -80.134731991541358, 35.60200200022966 ], [ -80.13740199118439, 35.598370000379667 ], [ -80.138848991207723, 35.591285999711559 ], [ -80.141588991693055, 35.586538000493725 ], [ -80.147793991519123, 35.585767999652113 ], [ -80.153953990829905, 35.586336999942972 ], [ -80.159958990947487, 35.582699000439554 ], [ -80.170187990795938, 35.580826999895358 ], [ -80.175140990827828, 35.580699999873751 ], [ -80.179107991492458, 35.579519000473567 ], [ -80.185382991282552, 35.579387000150561 ], [ -80.188421990922834, 35.581450000351396 ], [ -80.188403991364368, 35.575764999649742 ], [ -80.207100990958395, 35.575997999832445 ] ] ] } },
{ "type": "Feature", "properties": { "county": "DAVIDSON", "precinct": "20", "enr_desc": "Holly Grove 20", "winner": "Richie Simmons", "winner_votes": 487, "winner_share": 91.369606003752352, "runner_up": "Elizabeth Clodfelter", "runner_up_votes": 46, "runner_up_share": 8.6303939962476548, "contest_votes": 533, "margin_of_victory": 82.739212007504705, "is_tie": false, "results": [ { "candidate": "Richie Simmons", "votes": 487, "share": 91.36960600375235 }, { "candidate": "Elizabeth Clodfelter", "votes": 46, "share": 8.630393996247655 } ], "participated": true, "map_key": "DAVIDSON_20" }, "geometry": { "type": "Polygon", "coordinates": [ [ [ -80.148692990909382, 35.750713000150846 ], [ -80.17995299103373, 35.773834000500827 ], [ -80.186415991611383, 35.777697000502329 ], [ -80.193856990992472, 35.783776000368036 ], [ -80.192295991420593, 35.78529700027557 ], [ -80.191809991476788, 35.78709500052237 ], [ -80.192797990994833, 35.792869000183032 ], [ -80.188684991475867, 35.803135999843953 ], [ -80.186509991366322, 35.805078000390999 ], [ -80.179093991403008, 35.808785000480093 ], [ -80.200413991141787, 35.815616999868304 ], [ -80.202923991629078, 35.80944300009434 ], [ -80.208721990661545, 35.804419000449343 ], [ -80.213479991382258, 35.806091000383105 ], [ -80.223360990627754, 35.806650000238569 ], [ -80.227027990948244, 35.804994000485145 ], [ -80.227842990965385, 35.806103000376673 ], [ -80.226458990955649, 35.80696400001095 ], [ -80.229072991202713, 35.810266000244411 ], [ -80.224927991321465, 35.81076400029314 ], [ -80.22281199077328, 35.812895000188817 ], [ -80.22400599072985, 35.813510000338475 ], [ -80.224399990884223, 35.815249000153088 ], [ -80.229032990954593, 35.818229000397629 ], [ -80.229795991434628, 35.816296000336202 ], [ -80.231971991059979, 35.816036000141274 ], [ -80.230838991623912, 35.818451000129784 ], [ -80.225448991356529, 35.819448999781649 ], [ -80.22453099075129, 35.822168000143527 ], [ -80.221535991542055, 35.823925999724359 ], [ -80.219510991452353, 35.823784000482732 ], [ -80.21826999165188, 35.825127000449122 ], [ -80.22235399161984, 35.826597000481712 ], [ -80.221597991681847, 35.829276999842698 ], [ -80.222134990905445, 35.831668000422781 ], [ -80.218767990820197, 35.83233000018113 ], [ -80.214427991463197, 35.830512000312453 ], [ -80.211257991036589, 35.831949999741717 ], [ -80.211921991058944, 35.832715999946281 ], [ -80.211541991102791, 35.83525299992057 ], [ -80.209499991668082, 35.836915000456401 ], [ -80.206636991550937, 35.83567199983969 ], [ -80.20570899085773, 35.836146000540211 ], [ -80.203116990808567, 35.835339999688344 ], [ -80.200298991286417, 35.836715999862264 ], [ -80.193535990928979, 35.83933800021957 ], [ -80.193422990669646, 35.841412000409647 ], [ -80.192000991102688, 35.843205000126233 ], [ -80.188141991071973, 35.84185299972777 ], [ -80.186977991459017, 35.837849999808952 ], [ -80.184606991404564, 35.838306000116944 ], [ -80.177301990720082, 35.835359999856401 ], [ -80.172216991680131, 35.829461999818314 ], [ -80.170587991328972, 35.829931999738626 ], [ -80.170372991697363, 35.831996000050403 ], [ -80.168964991386687, 35.833875999691408 ], [ -80.167441991052328, 35.833796999977181 ], [ -80.16616499148131, 35.831390999759911 ], [ -80.163606991523281, 35.832043999966196 ], [ -80.162547990662262, 35.830148000014617 ], [ -80.158875991677107, 35.832214000382301 ], [ -80.156917990622844, 35.829634000040294 ], [ -80.153640991609194, 35.827375000198316 ], [ -80.154685991337985, 35.825622000099607 ], [ -80.153019991388177, 35.825137000007146 ], [ -80.153908991450677, 35.824236000095809 ], [ -80.13684399096995, 35.827463000416323 ], [ -80.133284991048626, 35.825731000420689 ], [ -80.120179991458286, 35.824006999876666 ], [ -80.120614991142062, 35.821024000087867 ], [ -80.124793991066994, 35.817096000437253 ], [ -80.125460991311158, 35.810320000182706 ], [ -80.124517991445501, 35.806799999642266 ], [ -80.12150099083307, 35.801993000178193 ], [ -80.120107991721667, 35.797871999650894 ], [ -80.12211399063726, 35.794154999737174 ], [ -80.120186991517315, 35.79042699973094 ], [ -80.120505991206613, 35.783128999938057 ], [ -80.12173799098808, 35.77982499978355 ], [ -80.123846991088328, 35.781105000375085 ], [ -80.124215991418879, 35.777471999720142 ], [ -80.126328991380248, 35.773254999976736 ], [ -80.126484990698373, 35.768938999993843 ], [ -80.124952990692378, 35.76590800010338 ], [ -80.124828990872132, 35.759166999975939 ], [ -80.124444991234711, 35.754128000439984 ], [ -80.124748991671183, 35.754587999793635 ], [ -80.148075990841619, 35.7501830003417 ], [ -80.148692990909382, 35.750713000150846 ] ] ] } },
{ "type": "Feature", "properties": { "county": "DAVIDSON", "precinct": "22", "enr_desc": "Lexington 1 22", "winner": "Richie Simmons", "winner_votes": 128, "winner_share": 89.510489510489506, "runner_up": "Elizabeth Clodfelter", "runner_up_votes": 15, "runner_up_share": 10.48951048951049, "contest_votes": 143, "margin_of_victory": 79.020979020979013, "is_tie": false, "results": [ { "candidate": "Richie Simmons", "votes": 128, "share": 89.5104895104895 }, { "candidate": "Elizabeth Clodfelter", "votes": 15, "share": 10.48951048951049 } ], "participated": true, "map_key": "DAVIDSON_22" }, "geometry": { "type": "Polygon", "coordinates": [ [ [ -80.235404990645733, 35.835096000427797 ], [ -80.232813990781068, 35.836460000133265 ], [ -80.233283990736624, 35.837384000229314 ], [ -80.234354990876625, 35.837544000328172 ], [ -80.236169991677272, 35.835755000194531 ], [ -80.237865991165862, 35.836936000201945 ], [ -80.238925991294025, 35.835919999960247 ], [ -80.24154499079296, 35.8376880004421 ], [ -80.240503990729835, 35.838705000510473 ], [ -80.237427990868767, 35.837300000427021 ], [ -80.236986991548576, 35.837867000357996 ], [ -80.239412991531296, 35.83939600036377 ], [ -80.239122991359451, 35.844603999919705 ], [ -80.243946991718047, 35.844691999823141 ], [ -80.243987990898987, 35.840696000260323 ], [ -80.245815990872629, 35.841864000514505 ], [ -80.247937991531543, 35.840288000320747 ], [ -80.247598991432724, 35.83956599998173 ], [ -80.249506990646893, 35.837403000504125 ], [ -80.249671990981128, 35.839511000457904 ], [ -80.248163991468061, 35.840396000461794 ], [ -80.24910299143859, 35.840416999888255 ], [ -80.249771991364568, 35.84023599994245 ], [ -80.249802991249652, 35.84507299977156 ], [ -80.254092991126456, 35.845003999753025 ], [ -80.254550991392335, 35.850770999762652 ], [ -80.250115991581197, 35.866908000279217 ], [ -80.240088990844384, 35.865597999694245 ], [ -80.227625991213813, 35.867079000498748 ], [ -80.219273991587244, 35.866521000527136 ], [ -80.218422991111069, 35.863083999977334 ], [ -80.216556991560324, 35.860251000029848 ], [ -80.217475991158366, 35.854879000338691 ], [ -80.216503991219341, 35.854200000326081 ], [ -80.212593991058213, 35.854226000477638 ], [ -80.209031990762426, 35.854733000264368 ], [ -80.207476990789019, 35.859809000291818 ], [ -80.204094990778444, 35.866413000295019 ], [ -80.204157990731474, 35.870661999654146 ], [ -80.201614990889269, 35.87058500002648 ], [ -80.198794990896275, 35.869201999679518 ], [ -80.197229991436856, 35.870654000207367 ], [ -80.194092990688532, 35.87035400038657 ], [ -80.193617991707725, 35.870930999929364 ], [ -80.19163999125368, 35.869775999657229 ], [ -80.192735991641925, 35.869092999688426 ], [ -80.193851990965754, 35.866495000094126 ], [ -80.193404990756321, 35.864514999915016 ], [ -80.191862991126598, 35.863415000533067 ], [ -80.191955990998579, 35.859799000334867 ], [ -80.197386991209399, 35.854514000525043 ], [ -80.196917990664005, 35.853332999916681 ], [ -80.197985991057905, 35.849357999738643 ], [ -80.199094990858995, 35.848411000113735 ], [ -80.199623991160053, 35.844590000094811 ], [ -80.198006990936364, 35.843113000332067 ], [ -80.199458991265928, 35.842188000312845 ], [ -80.199139991588851, 35.840080999902518 ], [ -80.200105991165017, 35.838870999718772 ], [ -80.200298991286417, 35.836715999862264 ], [ -80.203116990808567, 35.835339999688344 ], [ -80.20570899085773, 35.836146000540211 ], [ -80.206636991550937, 35.83567199983969 ], [ -80.209499991668082, 35.836915000456401 ], [ -80.211541991102791, 35.83525299992057 ], [ -80.211921991058944, 35.832715999946281 ], [ -80.211257991036589, 35.831949999741717 ], [ -80.214427991463197, 35.830512000312453 ], [ -80.218767990820197, 35.83233000018113 ], [ -80.222134990905445, 35.831668000422781 ], [ -80.221597991681847, 35.829276999842698 ], [ -80.22235399161984, 35.826597000481712 ], [ -80.21826999165188, 35.825127000449122 ], [ -80.219510991452353, 35.823784000482732 ], [ -80.221535991542055, 35.823925999724359 ], [ -80.227067990827678, 35.827145999810938 ], [ -80.226701991346744, 35.825108999806801 ], [ -80.224087990660522, 35.82476000042098 ], [ -80.22403299095933, 35.824028000509912 ], [ -80.228504991580508, 35.823401000244466 ], [ -80.227716991285348, 35.821394000004041 ], [ -80.230462991691667, 35.819734999810521 ], [ -80.233852991160958, 35.82221300052796 ], [ -80.235947990936566, 35.825539999858286 ], [ -80.236813991696494, 35.824874000386679 ], [ -80.23624199151277, 35.825467999959194 ], [ -80.236900990725843, 35.826424999731586 ], [ -80.23751699086074, 35.826155000357808 ], [ -80.237606991283798, 35.827616000450099 ], [ -80.239020991187559, 35.827724000335017 ], [ -80.240715990848628, 35.829212999819347 ], [ -80.238395990680004, 35.832227999710277 ], [ -80.233466990908482, 35.828807999969122 ], [ -80.232237991134383, 35.830408000345081 ], [ -80.230619991009405, 35.829436000317386 ], [ -80.229144991285068, 35.83106499971916 ], [ -80.231297991643615, 35.832268999863501 ], [ -80.23092499143695, 35.833345999766237 ], [ -80.232937991368743, 35.834154000199597 ], [ -80.233182991531677, 35.833333000507629 ], [ -80.235404990645733, 35.835096000427797 ] ], [ [ -80.234304990638108, 35.835086999733093 ], [ -80.23488399093165, 35.834812000403957 ], [ -80.233891990740133, 35.834447000454446 ], [ -80.234153991119598, 35.835139000450106 ], [ -80.234304990638108, 35.835086999733093 ] ] ] } },
{ "type": "Feature", "properties": { "county": "DAVIDSON", "precinct": "24", "enr_desc": "Lexington 2 24", "winner": "Richie Simmons", "winner_votes": 213, "winner_share": 91.025641025641022, "runner_up": "Elizabeth Clodfelter", "runner_up_votes": 21, "runner_up_share": 8.9743589743589745, "contest_votes": 234, "margin_of_victory": 82.051282051282044, "is_tie": false, "results": [ { "candidate": "Richie Simmons", "votes": 213, "share": 91.02564102564102 }, { "candidate": "Elizabeth Clodfelter", "votes": 21, "share": 8.974358974358974 } ], "participated": true, "map_key": "DAVIDSON_24" }, "geometry": { "type": "Polygon", "coordinates": [ [ [ -80.267166991697792, 35.835895999983727 ], [ -80.2695919906797, 35.838325000047632 ], [ -80.274367991290688, 35.840286000054817 ], [ -80.274520991228712, 35.842355999769083 ], [ -80.277935990969098, 35.847782000087342 ], [ -80.280839990876203, 35.856303999934561 ], [ -80.299818991484884, 35.872080000160487 ], [ -80.297711990642327, 35.872959999756993 ], [ -80.294019991420171, 35.880238000454455 ], [ -80.295035991335027, 35.890982000401841 ], [ -80.287760990743678, 35.894977999991845 ], [ -80.284180991083559, 35.894940000400666 ], [ -80.282192991113874, 35.894043999654244 ], [ -80.278940991284458, 35.886626000013862 ], [ -80.278764991477445, 35.883541000149194 ], [ -80.275980991351403, 35.87472399986568 ], [ -80.264240990686346, 35.867181999734875 ], [ -80.256746990699796, 35.867986999799889 ], [ -80.250115991581197, 35.866908000279217 ], [ -80.254550991392335, 35.850770999762652 ], [ -80.254092991126456, 35.845003999753025 ], [ -80.257409991545003, 35.845079000109855 ], [ -80.257120991177743, 35.847498000020138 ], [ -80.260376991665638, 35.847572000127649 ], [ -80.260991990740948, 35.850513000396724 ], [ -80.262938991406031, 35.85090800034645 ], [ -80.263467991190367, 35.858512000440996 ], [ -80.26749199152961, 35.858258000105202 ], [ -80.270259991313395, 35.859336999835428 ], [ -80.269906991676606, 35.851617000289544 ], [ -80.26385599082468, 35.850111999749458 ], [ -80.263902990710804, 35.849493000351274 ], [ -80.264725991342729, 35.849622999809959 ], [ -80.264520991117848, 35.848728000468157 ], [ -80.266558991036263, 35.84898799997432 ], [ -80.266490991508718, 35.846183000478305 ], [ -80.267395991529028, 35.846171999684699 ], [ -80.266841991435285, 35.843843999740329 ], [ -80.269055991127061, 35.844528999950114 ], [ -80.269176991564024, 35.843711000173556 ], [ -80.27103099156362, 35.844065000294385 ], [ -80.270983990707677, 35.843378999993185 ], [ -80.273311991451962, 35.844467999723314 ], [ -80.272568990674571, 35.84139099982044 ], [ -80.270888991457966, 35.841082000263334 ], [ -80.269689991173607, 35.842938000167464 ], [ -80.266773990793595, 35.842930000469678 ], [ -80.267166991697792, 35.835895999983727 ] ] ] } },
{ "type": "Feature", "properties": { "county": "DAVIDSON", "precinct": "44", "enr_desc": "Midway 44", "winner": "Richie Simmons", "winner_votes": 533, "winner_share": 90.33898305084746, "runner_up": "Elizabeth Clodfelter", "runner_up_votes": 57, "runner_up_share": 9.6610169491525433, "contest_votes": 590, "margin_of_victory": 80.677966101694921, "is_tie": false, "results": [ { "candidate": "Richie Simmons", "votes": 533, "share": 90.33898305084746 }, { "candidate": "Elizabeth Clodfelter", "votes": 57, "share": 9.661016949152543 } ], "participated": true, "map_key": "DAVIDSON_44" }, "geometry": { "type": "Polygon", "coordinates": [ [ [ -80.233993990762528, 35.937647000276527 ], [ -80.235902991267423, 35.944836999841002 ], [ -80.235850991500641, 35.948753000131667 ], [ -80.230322991283884, 35.9637809999235 ], [ -80.230031991160146, 35.970304999956291 ], [ -80.225591991032076, 35.967756000445704 ], [ -80.222355990742756, 35.967541000478882 ], [ -80.225025990960404, 35.974459000266755 ], [ -80.220582991249572, 35.975152999828296 ], [ -80.217065991009505, 35.979469000254596 ], [ -80.211634991363795, 35.983123000029494 ], [ -80.201559991680909, 35.973225999850371 ], [ -80.200912991205641, 35.971431000349575 ], [ -80.199576991489636, 35.970814000239343 ], [ -80.19510399136432, 35.972817999873683 ], [ -80.193667991021428, 35.978968000510584 ], [ -80.191726990884064, 35.982150000310014 ], [ -80.185841991513186, 35.97972700046757 ], [ -80.183194990850197, 35.979974999801534 ], [ -80.177986990646019, 35.977624000372053 ], [ -80.174554991154963, 35.977102000317736 ], [ -80.170501991591394, 35.98082299997867 ], [ -80.164859991526271, 35.981565999685934 ], [ -80.161893990625842, 35.983309999869107 ], [ -80.149589990927495, 35.972000000316761 ], [ -80.149237990960202, 35.970955000109328 ], [ -80.150125990682938, 35.968432000033282 ], [ -80.149614991050797, 35.964993000006707 ], [ -80.145441991442766, 35.961332000287562 ], [ -80.141362990876516, 35.955781999991345 ], [ -80.132060991124931, 35.950900000008637 ], [ -80.132257991275935, 35.948723000412194 ], [ -80.134393991295013, 35.949025999793022 ], [ -80.135429991622246, 35.948152000499093 ], [ -80.14210599084727, 35.947169000081743 ], [ -80.145638990713849, 35.945610999891876 ], [ -80.145867990949071, 35.943847000183688 ], [ -80.144838990612982, 35.941988000476549 ], [ -80.145311991044437, 35.939782000298962 ], [ -80.146735991044238, 35.938379000407195 ], [ -80.147542991246681, 35.935900000334499 ], [ -80.149721991150727, 35.934546999800752 ], [ -80.154980990914922, 35.933120999931198 ], [ -80.15639499091688, 35.931280000228043 ], [ -80.15780099123765, 35.930931000166872 ], [ -80.162438991174881, 35.92699799990195 ], [ -80.158369991479347, 35.923138999760482 ], [ -80.159317991576401, 35.922538000035644 ], [ -80.159032990918988, 35.920424999687768 ], [ -80.161670990832647, 35.917784000004438 ], [ -80.163321990930001, 35.914703000370842 ], [ -80.165628990974341, 35.913850999793446 ], [ -80.165495990811095, 35.912560999768012 ], [ -80.167629990871362, 35.915496000016155 ], [ -80.170874991361671, 35.917599000057727 ], [ -80.172167990909173, 35.921270000375934 ], [ -80.181764991459659, 35.924888000001324 ], [ -80.184262991004118, 35.924719999640111 ], [ -80.183744990647597, 35.920319999725777 ], [ -80.189203990919779, 35.915758999886194 ], [ -80.199682991076571, 35.91578499987444 ], [ -80.200431991285981, 35.915170999698461 ], [ -80.200609990757471, 35.912815000393373 ], [ -80.204672991477565, 35.912535999964419 ], [ -80.20891199120031, 35.915710999839852 ], [ -80.214454991651934, 35.914757999987224 ], [ -80.217735990837213, 35.915669000225215 ], [ -80.222431990962491, 35.921838000270341 ], [ -80.222946990797112, 35.9260509997751 ], [ -80.227604991238792, 35.926814999779076 ], [ -80.229508991710546, 35.928890999964779 ], [ -80.232463990716568, 35.935167000341949 ], [ -80.232044990876474, 35.9386879998439 ], [ -80.233993990762528, 35.937647000276527 ] ] ] } },
{ "type": "Feature", "properties": { "county": "DAVIDSON", "precinct": "46", "enr_desc": "North Davidson 46", "winner": "Richie Simmons", "winner_votes": 414, "winner_share": 86.974789915966383, "runner_up": "Elizabeth Clodfelter", "runner_up_votes": 62, "runner_up_share": 13.025210084033615, "contest_votes": 476, "margin_of_victory": 73.949579831932766, "is_tie": false, "results": [ { "candidate": "Richie Simmons", "votes": 414, "share": 86.97478991596638 }, { "candidate": "Elizabeth Clodfelter", "votes": 62, "share": 13.025210084033615 } ], "participated": true, "map_key": "DAVIDSON_46" }, "geometry": { "type": "Polygon", "coordinates": [ [ [ -80.279328991026588, 35.920732000172798 ], [ -80.282645991449755, 35.922274000161259 ], [ -80.284908991533982, 35.92712199964982 ], [ -80.292714991585839, 35.929975000398528 ], [ -80.295168990903562, 35.93188599984726 ], [ -80.29933099133477, 35.93217799985748 ], [ -80.301790991697771, 35.936587999754558 ], [ -80.308841990714427, 35.942966000508406 ], [ -80.30993899083424, 35.946494999813154 ], [ -80.308503991473486, 35.947369000214429 ], [ -80.293997990682726, 35.942884000265785 ], [ -80.288934991717397, 35.942457000328218 ], [ -80.276069991437851, 35.944633000377223 ], [ -80.269545991391794, 35.946998000524957 ], [ -80.264951990609703, 35.947243000107406 ], [ -80.247505990819249, 35.943473000516924 ], [ -80.238274991584959, 35.937883000407339 ], [ -80.236289991163474, 35.935830000124476 ], [ -80.233993990762528, 35.937647000276527 ], [ -80.232044990876474, 35.9386879998439 ], [ -80.232463990716568, 35.935167000341949 ], [ -80.229508991710546, 35.928890999964779 ], [ -80.227604991238792, 35.926814999779076 ], [ -80.222946990797112, 35.9260509997751 ], [ -80.222431990962491, 35.921838000270341 ], [ -80.217735990837213, 35.915669000225215 ], [ -80.214454991651934, 35.914757999987224 ], [ -80.20891199120031, 35.915710999839852 ], [ -80.204672991477565, 35.912535999964419 ], [ -80.203048991442131, 35.910754000251906 ], [ -80.209193991183625, 35.910298000000786 ], [ -80.214773991039337, 35.908135999659812 ], [ -80.219119991062612, 35.903404999799747 ], [ -80.233865991163285, 35.902291000353408 ], [ -80.238456991658467, 35.903868000474638 ], [ -80.242801991499562, 35.903307000212976 ], [ -80.251291991615886, 35.899992999991326 ], [ -80.256987990898082, 35.899918999833282 ], [ -80.257414991718548, 35.90155600033782 ], [ -80.256687990794831, 35.905447000352069 ], [ -80.266467991526866, 35.903934000097891 ], [ -80.268902991422124, 35.905840000248567 ], [ -80.274134991611419, 35.907051000518457 ], [ -80.27678899133771, 35.913320000391963 ], [ -80.277044991081169, 35.91615100002852 ], [ -80.276508991681382, 35.91681199984734 ], [ -80.274388991310943, 35.916733999996765 ], [ -80.277097991085952, 35.919852000140978 ], [ -80.279328991026588, 35.920732000172798 ] ] ] } },
{ "type": "Feature", "properties": { "county": "DAVIDSON", "precinct": "26", "enr_desc": "Lexington 3 26", "winner": "Richie Simmons", "winner_votes": 166, "winner_share": 93.258426966292134, "runner_up": "Elizabeth Clodfelter", "runner_up_votes": 12, "runner_up_share": 6.7415730337078648, "contest_votes": 178, "margin_of_victory": 86.516853932584269, "is_tie": false, "results": [ { "candidate": "Richie Simmons", "votes": 166, "share": 93.25842696629213 }, { "candidate": "Elizabeth Clodfelter", "votes": 12, "share": 6.741573033707865 } ], "participated": true, "map_key": "DAVIDSON_26" }, "geometry": { "type": "Polygon", "coordinates": [ [ [ -80.267166991697792, 35.835895999983727 ], [ -80.272322990781007, 35.835682999729841 ], [ -80.272375991709623, 35.834756000304424 ], [ -80.278498991140097, 35.836006000427055 ], [ -80.277267991226367, 35.836937000495929 ], [ -80.280422990782085, 35.837099000473074 ], [ -80.280814991593374, 35.835441000087812 ], [ -80.278664991340889, 35.834041000328597 ], [ -80.279872991158726, 35.832031000294769 ], [ -80.278671991476102, 35.83200200012719 ], [ -80.278169990740253, 35.83112700021244 ], [ -80.280424990971227, 35.830892999751292 ], [ -80.280273991362876, 35.828443999717514 ], [ -80.278146991102787, 35.827021999754884 ], [ -80.286062990848009, 35.827945000068006 ], [ -80.294755991450771, 35.827215000079327 ], [ -80.301851991099412, 35.83249599976444 ], [ -80.302272991117761, 35.841386999908522 ], [ -80.306423990630805, 35.844757000091008 ], [ -80.30756799073383, 35.852139000068213 ], [ -80.308813991630913, 35.854245000205047 ], [ -80.31064699142398, 35.861457999814938 ], [ -80.310767990937009, 35.868566999966404 ], [ -80.304679991618073, 35.871182000363802 ], [ -80.299818991484884, 35.872080000160487 ], [ -80.280839990876203, 35.856303999934561 ], [ -80.277935990969098, 35.847782000087342 ], [ -80.274520991228712, 35.842355999769083 ], [ -80.274367991290688, 35.840286000054817 ], [ -80.2695919906797, 35.838325000047632 ], [ -80.267166991697792, 35.835895999983727 ] ] ] } },
{ "type": "Feature", "properties": { "county": "DAVIDSON", "precinct": "30", "enr_desc": "Dunbar 30", "winner": "Richie Simmons", "winner_votes": 38, "winner_share": 77.551020408163268, "runner_up": "Elizabeth Clodfelter", "runner_up_votes": 11, "runner_up_share": 22.448979591836736, "contest_votes": 49, "margin_of_victory": 55.102040816326536, "is_tie": false, "results": [ { "candidate": "Richie Simmons", "votes": 38, "share": 77.55102040816327 }, { "candidate": "Elizabeth Clodfelter", "votes": 11, "share": 22.448979591836736 } ], "participated": true, "map_key": "DAVIDSON_30" }, "geometry": { "type": "Polygon", "coordinates": [ [ [ -80.278599991186553, 35.777025000254049 ], [ -80.298653991374906, 35.776943000269192 ], [ -80.294171991257102, 35.790133999816781 ], [ -80.295263991276258, 35.794025999676734 ], [ -80.293559991490952, 35.794531999643418 ], [ -80.291914990744004, 35.79645500008025 ], [ -80.291541991628563, 35.801411000164009 ], [ -80.285975991314885, 35.801665999739875 ], [ -80.269174991204494, 35.808684000048849 ], [ -80.271353990758257, 35.807396000293217 ], [ -80.271927990679387, 35.804472999857445 ], [ -80.268924990917569, 35.804334000418137 ], [ -80.270400991276574, 35.806198000225791 ], [ -80.269451990756366, 35.806726000353414 ], [ -80.268242990742365, 35.805182000291488 ], [ -80.265093990709389, 35.807047000246442 ], [ -80.262368991446266, 35.807221999913629 ], [ -80.263326990912901, 35.803764999761029 ], [ -80.261120991400219, 35.803695000036939 ], [ -80.260628991664674, 35.805466000449158 ], [ -80.259199991693606, 35.805403000007018 ], [ -80.258734990855189, 35.806265999812183 ], [ -80.25855299162852, 35.809332999972817 ], [ -80.257407991271933, 35.80929799975285 ], [ -80.251658990990592, 35.808535000006721 ], [ -80.253423990781727, 35.794245999758218 ], [ -80.259200991189388, 35.788716999938345 ], [ -80.260376991345225, 35.78413200023747 ], [ -80.264242991560451, 35.79119400024549 ], [ -80.266331990913827, 35.791155000034216 ], [ -80.267769991288588, 35.797798999786082 ], [ -80.270185991223244, 35.793475999757447 ], [ -80.272430991097522, 35.791180000121983 ], [ -80.273358991668587, 35.788836999922431 ], [ -80.273380991464677, 35.785475999928778 ], [ -80.278599991186553, 35.777025000254049 ] ] ] } },
{ "type": "Feature", "properties": { "county": "DAVIDSON", "precinct": "48", "enr_desc": "Reeds/Yadkin College 48", "winner": "Richie Simmons", "winner_votes": 422, "winner_share": 89.406779661016941, "runner_up": "Elizabeth Clodfelter", "runner_up_votes": 50, "runner_up_share": 10.59322033898305, "contest_votes": 472, "margin_of_victory": 78.813559322033896, "is_tie": false, "results": [ { "candidate": "Richie Simmons", "votes": 422, "share": 89.40677966101694 }, { "candidate": "Elizabeth Clodfelter", "votes": 50, "share": 10.59322033898305 } ], "participated": true, "map_key": "DAVIDSON_48" }, "geometry": { "type": "Polygon", "coordinates": [ [ [ -80.330688990631131, 35.82222099969119 ], [ -80.337517991163068, 35.827967999884365 ], [ -80.339447990988589, 35.830540000088654 ], [ -80.345653991303834, 35.828273999689983 ], [ -80.351116990977062, 35.823461999850025 ], [ -80.35616799100589, 35.823693999838774 ], [ -80.360475991063652, 35.824990000112827 ], [ -80.366579991336081, 35.823126000443686 ], [ -80.373244991242331, 35.823635999832625 ], [ -80.377222991704627, 35.82662700005136 ], [ -80.379409990720717, 35.830070000210306 ], [ -80.382933990985777, 35.83165500035124 ], [ -80.385878991320425, 35.831952000400001 ], [ -80.386659990940529, 35.833262000244659 ], [ -80.3863509916021, 35.834639000124341 ], [ -80.384071990876109, 35.836687000364265 ], [ -80.379010991485373, 35.839695999829885 ], [ -80.37835199112294, 35.840367999757007 ], [ -80.378910991668931, 35.841158999671592 ], [ -80.383856990912548, 35.843290000052484 ], [ -80.387717991188211, 35.842558999838467 ], [ -80.389500991672904, 35.843969000303545 ], [ -80.387956990981252, 35.846530000533946 ], [ -80.385762991171148, 35.854097000223604 ], [ -80.390040990910862, 35.868276999926785 ], [ -80.393395991297382, 35.87080500041121 ], [ -80.406616991260663, 35.874576000412425 ], [ -80.41147599121966, 35.877022999761472 ], [ -80.416532991483081, 35.880469000147933 ], [ -80.41586299110557, 35.883575000171589 ], [ -80.409358990817566, 35.89096500005018 ], [ -80.400669991205206, 35.892481999777878 ], [ -80.39034699139458, 35.891995000030448 ], [ -80.378418991566832, 35.885318999990218 ], [ -80.374375990667204, 35.884477999872544 ], [ -80.370571990939595, 35.885343999794593 ], [ -80.367559990756845, 35.889160000202033 ], [ -80.359611991190562, 35.884428000243147 ], [ -80.358637991579172, 35.881127000083005 ], [ -80.360171991396129, 35.874756999960603 ], [ -80.337576991295919, 35.872614999994873 ], [ -80.337192991324798, 35.867722999737786 ], [ -80.339172990700163, 35.86463099985783 ], [ -80.333663991423819, 35.865888000189948 ], [ -80.324056990787312, 35.865141000353631 ], [ -80.322655990639106, 35.864641999700083 ], [ -80.321414990676843, 35.861802999781801 ], [ -80.31064699142398, 35.861457999814938 ], [ -80.308813991630913, 35.854245000205047 ], [ -80.30756799073383, 35.852139000068213 ], [ -80.306423990630805, 35.844757000091008 ], [ -80.302272991117761, 35.841386999908522 ], [ -80.301851991099412, 35.83249599976444 ], [ -80.303720991638301, 35.831895000491052 ], [ -80.304784990651967, 35.828787000246926 ], [ -80.311559990983042, 35.823653000378187 ], [ -80.311627991454699, 35.821836999754652 ], [ -80.313708991223621, 35.820348999999517 ], [ -80.316782991323535, 35.819735000515678 ], [ -80.321018991514407, 35.822580999675836 ], [ -80.329182991082291, 35.823058999805312 ], [ -80.330688990631131, 35.82222099969119 ] ] ] } },
{ "type": "Feature", "properties": { "county": "DAVIDSON", "precinct": "28", "enr_desc": "Lexington 4 28", "winner": "Richie Simmons", "winner_votes": 337, "winner_share": 89.153439153439152, "runner_up": "Elizabeth Clodfelter", "runner_up_votes": 41, "runner_up_share": 10.846560846560847, "contest_votes": 378, "margin_of_victory": 78.306878306878303, "is_tie": false, "results": [ { "candidate": "Richie Simmons", "votes": 337, "share": 89.15343915343915 }, { "candidate": "Elizabeth Clodfelter", "votes": 41, "share": 10.846560846560847 } ], "participated": true, "map_key": "DAVIDSON_28" }, "geometry": { "type": "Polygon", "coordinates": [ [ [ -80.330688990631131, 35.82222099969119 ], [ -80.329182991082291, 35.823058999805312 ], [ -80.321018991514407, 35.822580999675836 ], [ -80.316782991323535, 35.819735000515678 ], [ -80.313708991223621, 35.820348999999517 ], [ -80.311627991454699, 35.821836999754652 ], [ -80.311559990983042, 35.823653000378187 ], [ -80.304784990651967, 35.828787000246926 ], [ -80.303720991638301, 35.831895000491052 ], [ -80.301851991099412, 35.83249599976444 ], [ -80.294755991450771, 35.827215000079327 ], [ -80.286062990848009, 35.827945000068006 ], [ -80.278146991102787, 35.827021999754884 ], [ -80.274817991598795, 35.826070999834833 ], [ -80.276280990947967, 35.822840999671769 ], [ -80.277632990638793, 35.822770000438034 ], [ -80.278950991139411, 35.821297000021261 ], [ -80.288541991112567, 35.80811700006889 ], [ -80.291541991628563, 35.801411000164009 ], [ -80.291914990744004, 35.79645500008025 ], [ -80.293559991490952, 35.794531999643418 ], [ -80.295263991276258, 35.794025999676734 ], [ -80.294171991257102, 35.790133999816781 ], [ -80.298653991374906, 35.776943000269192 ], [ -80.301291991096704, 35.769978000308996 ], [ -80.306710991138146, 35.760201999836767 ], [ -80.312722991546963, 35.76033600026949 ], [ -80.313187991383927, 35.761689999745144 ], [ -80.317542991047517, 35.761784000483132 ], [ -80.318754991449879, 35.764413000539676 ], [ -80.320508991206339, 35.764056999712018 ], [ -80.320847991189652, 35.765021999818792 ], [ -80.323566991402842, 35.76405200034101 ], [ -80.322960991209428, 35.766756999646823 ], [ -80.324600991384997, 35.767207000346943 ], [ -80.325705990798468, 35.769703000047983 ], [ -80.333276991483714, 35.788828999791718 ], [ -80.332595991412191, 35.79133600014368 ], [ -80.330631990944823, 35.792111000005121 ], [ -80.327530991658421, 35.796790000432196 ], [ -80.335141990844363, 35.799244000114243 ], [ -80.330989991691879, 35.808218999671546 ], [ -80.329599991467859, 35.82056800004527 ], [ -80.330688990631131, 35.82222099969119 ] ] ] } },
{ "type": "Feature", "properties": { "county": "DAVIDSON", "precinct": "32", "enr_desc": "Robbins 32", "winner": "Richie Simmons", "winner_votes": 63, "winner_share": 84.0, "runner_up": "Elizabeth Clodfelter", "runner_up_votes": 12, "runner_up_share": 16.0, "contest_votes": 75, "margin_of_victory": 68.0, "is_tie": false, "results": [ { "candidate": "Richie Simmons", "votes": 63, "share": 84.0 }, { "candidate": "Elizabeth Clodfelter", "votes": 12, "share": 16.0 } ], "participated": true, "map_key": "DAVIDSON_32" }, "geometry": { "type": "Polygon", "coordinates": [ [ [ -80.262368991446266, 35.807221999913629 ], [ -80.265093990709389, 35.807047000246442 ], [ -80.268242990742365, 35.805182000291488 ], [ -80.269451990756366, 35.806726000353414 ], [ -80.270400991276574, 35.806198000225791 ], [ -80.268924990917569, 35.804334000418137 ], [ -80.271927990679387, 35.804472999857445 ], [ -80.271353990758257, 35.807396000293217 ], [ -80.269174991204494, 35.808684000048849 ], [ -80.285975991314885, 35.801665999739875 ], [ -80.291541991628563, 35.801411000164009 ], [ -80.288541991112567, 35.80811700006889 ], [ -80.278950991139411, 35.821297000021261 ], [ -80.277632990638793, 35.822770000438034 ], [ -80.276280990947967, 35.822840999671769 ], [ -80.274817991598795, 35.826070999834833 ], [ -80.26650999087208, 35.823756000280753 ], [ -80.261982990875396, 35.823445000159744 ], [ -80.259759991093532, 35.825159000217468 ], [ -80.25776499152586, 35.823701000230315 ], [ -80.258899991516344, 35.822760000111067 ], [ -80.256598991260475, 35.821129000371599 ], [ -80.259769991533588, 35.818289000487766 ], [ -80.257515991368038, 35.816625000084947 ], [ -80.255794990726343, 35.813838999933523 ], [ -80.25838399102129, 35.812482999928513 ], [ -80.262006991446682, 35.812349000323408 ], [ -80.262368991446266, 35.807221999913629 ] ] ] } },
{ "type": "Feature", "properties": { "county": "DAVIDSON", "precinct": "34", "enr_desc": "Wesley Heights 34", "winner": "Richie Simmons", "winner_votes": 134, "winner_share": 89.932885906040269, "runner_up": "Elizabeth Clodfelter", "runner_up_votes": 15, "runner_up_share": 10.067114093959731, "contest_votes": 149, "margin_of_victory": 79.865771812080538, "is_tie": false, "results": [ { "candidate": "Richie Simmons", "votes": 134, "share": 89.93288590604027 }, { "candidate": "Elizabeth Clodfelter", "votes": 15, "share": 10.06711409395973 } ], "participated": true, "map_key": "DAVIDSON_34" }, "geometry": { "type": "Polygon", "coordinates": [ [ [ -80.278146991102787, 35.827021999754884 ], [ -80.280273991362876, 35.828443999717514 ], [ -80.280424990971227, 35.830892999751292 ], [ -80.278169990740253, 35.83112700021244 ], [ -80.278671991476102, 35.83200200012719 ], [ -80.279872991158726, 35.832031000294769 ], [ -80.278664991340889, 35.834041000328597 ], [ -80.280814991593374, 35.835441000087812 ], [ -80.280422990782085, 35.837099000473074 ], [ -80.277267991226367, 35.836937000495929 ], [ -80.278498991140097, 35.836006000427055 ], [ -80.272375991709623, 35.834756000304424 ], [ -80.272322990781007, 35.835682999729841 ], [ -80.267166991697792, 35.835895999983727 ], [ -80.266773990793595, 35.842930000469678 ], [ -80.269689991173607, 35.842938000167464 ], [ -80.270888991457966, 35.841082000263334 ], [ -80.272568990674571, 35.84139099982044 ], [ -80.273311991451962, 35.844467999723314 ], [ -80.270983990707677, 35.843378999993185 ], [ -80.27103099156362, 35.844065000294385 ], [ -80.269176991564024, 35.843711000173556 ], [ -80.269055991127061, 35.844528999950114 ], [ -80.266841991435285, 35.843843999740329 ], [ -80.267395991529028, 35.846171999684699 ], [ -80.266490991508718, 35.846183000478305 ], [ -80.266558991036263, 35.84898799997432 ], [ -80.264520991117848, 35.848728000468157 ], [ -80.264725991342729, 35.849622999809959 ], [ -80.263902990710804, 35.849493000351274 ], [ -80.26385599082468, 35.850111999749458 ], [ -80.269906991676606, 35.851617000289544 ], [ -80.270259991313395, 35.859336999835428 ], [ -80.26749199152961, 35.858258000105202 ], [ -80.263467991190367, 35.858512000440996 ], [ -80.262938991406031, 35.85090800034645 ], [ -80.260991990740948, 35.850513000396724 ], [ -80.260376991665638, 35.847572000127649 ], [ -80.257120991177743, 35.847498000020138 ], [ -80.257409991545003, 35.845079000109855 ], [ -80.254092991126456, 35.845003999753025 ], [ -80.249802991249652, 35.84507299977156 ], [ -80.249772545114752, 35.840322403151035 ], [ -80.253731990889349, 35.839762999678499 ], [ -80.253491990931067, 35.835442000074046 ], [ -80.262174991034513, 35.834070000037848 ], [ -80.26650999087208, 35.823756000280753 ], [ -80.274817991598795, 35.826070999834833 ], [ -80.278146991102787, 35.827021999754884 ] ] ] } },
{ "type": "Feature", "properties": { "county": "DAVIDSON", "precinct": "54", "enr_desc": "Silver Valley 54", "winner": "Richie Simmons", "winner_votes": 287, "winner_share": 91.401273885350321, "runner_up": "Elizabeth Clodfelter", "runner_up_votes": 27, "runner_up_share": 8.598726114649681, "contest_votes": 314, "margin_of_victory": 82.802547770700642, "is_tie": false, "results": [ { "candidate": "Richie Simmons", "votes": 287, "share": 91.40127388535032 }, { "candidate": "Elizabeth Clodfelter", "votes": 27, "share": 8.598726114649681 } ], "participated": true, "map_key": "DAVIDSON_54" }, "geometry": { "type": "Polygon", "coordinates": [ [ [ -80.058680990716837, 35.704184000305467 ], [ -80.065823991172451, 35.699334999941499 ], [ -80.080138991681736, 35.699822000490066 ], [ -80.082312990808319, 35.700616000126963 ], [ -80.084596991528471, 35.704346000245245 ], [ -80.093846991076362, 35.710275000139475 ], [ -80.099596991590289, 35.711591000187973 ], [ -80.106109991004914, 35.711810999764921 ], [ -80.108490990808633, 35.711668000157623 ], [ -80.11213199160558, 35.708339999878433 ], [ -80.12244899161422, 35.704057000373403 ], [ -80.131920990852819, 35.704565999750599 ], [ -80.134043991272534, 35.705625000053267 ], [ -80.135575990700048, 35.70852700053446 ], [ -80.138439990657247, 35.710815000396607 ], [ -80.153898991391969, 35.718089999951957 ], [ -80.159696991403891, 35.719967000104162 ], [ -80.165680990642898, 35.726777999656399 ], [ -80.167606990894257, 35.731296000309456 ], [ -80.167395990908602, 35.734443000400134 ], [ -80.165043990803042, 35.735220000397135 ], [ -80.162764990907874, 35.737886999885653 ], [ -80.165088990629471, 35.73947999980826 ], [ -80.15865199076265, 35.740631999920083 ], [ -80.148692990909382, 35.750713000150846 ], [ -80.148075990841619, 35.7501830003417 ], [ -80.124748991671183, 35.754587999793635 ], [ -80.124444991234711, 35.754128000439984 ], [ -80.124828990872132, 35.759166999975939 ], [ -80.120890991449158, 35.758777000102015 ], [ -80.108533990999163, 35.759639000258957 ], [ -80.081551991263751, 35.755971999981845 ], [ -80.063086991215883, 35.750854999679262 ], [ -80.056351991603805, 35.750131999632835 ], [ -80.058680990716837, 35.704184000305467 ] ] ] } },
{ "type": "Feature", "properties": { "county": "DAVIDSON", "precinct": "36", "enr_desc": "Grimes 36", "winner": "Richie Simmons", "winner_votes": 90, "winner_share": 79.646017699115049, "runner_up": "Elizabeth Clodfelter", "runner_up_votes": 23, "runner_up_share": 20.353982300884958, "contest_votes": 113, "margin_of_victory": 59.292035398230091, "is_tie": false, "results": [ { "candidate": "Richie Simmons", "votes": 90, "share": 79.64601769911505 }, { "candidate": "Elizabeth Clodfelter", "votes": 23, "share": 20.353982300884958 } ], "participated": true, "map_key": "DAVIDSON_36" }, "geometry": { "type": "Polygon", "coordinates": [ [ [ -80.256598991260475, 35.821129000371599 ], [ -80.258899991516344, 35.822760000111067 ], [ -80.25776499152586, 35.823701000230315 ], [ -80.259759991093532, 35.825159000217468 ], [ -80.261982990875396, 35.823445000159744 ], [ -80.26650999087208, 35.823756000280753 ], [ -80.262174991034513, 35.834070000037848 ], [ -80.253491990931067, 35.835442000074046 ], [ -80.253731990889349, 35.839762999678499 ], [ -80.24910299143859, 35.840416999888255 ], [ -80.248163991468061, 35.840396000461794 ], [ -80.249671990981128, 35.839511000457904 ], [ -80.249506990646893, 35.837403000504125 ], [ -80.247598991432724, 35.83956599998173 ], [ -80.247937991531543, 35.840288000320747 ], [ -80.245815990872629, 35.841864000514505 ], [ -80.243987990898987, 35.840696000260323 ], [ -80.243946991718047, 35.844691999823141 ], [ -80.239122991359451, 35.844603999919705 ], [ -80.239412991531296, 35.83939600036377 ], [ -80.236986991548576, 35.837867000357996 ], [ -80.237427990868767, 35.837300000427021 ], [ -80.240503990729835, 35.838705000510473 ], [ -80.24154499079296, 35.8376880004421 ], [ -80.238925991294025, 35.835919999960247 ], [ -80.237865991165862, 35.836936000201945 ], [ -80.236169991677272, 35.835755000194531 ], [ -80.234354990876625, 35.837544000328172 ], [ -80.233283990736624, 35.837384000229314 ], [ -80.232813990781068, 35.836460000133265 ], [ -80.235404990645733, 35.835096000427797 ], [ -80.24439299073893, 35.831187000381625 ], [ -80.256598991260475, 35.821129000371599 ] ] ] } },
{ "type": "Feature", "properties": { "county": "DAVIDSON", "precinct": "38", "enr_desc": "Eastside 38", "winner": "Richie Simmons", "winner_votes": 34, "winner_share": 87.179487179487182, "runner_up": "Elizabeth Clodfelter", "runner_up_votes": 5, "runner_up_share": 12.820512820512819, "contest_votes": 39, "margin_of_victory": 74.358974358974365, "is_tie": false, "results": [ { "candidate": "Richie Simmons", "votes": 34, "share": 87.17948717948718 }, { "candidate": "Elizabeth Clodfelter", "votes": 5, "share": 12.82051282051282 } ], "participated": true, "map_key": "DAVIDSON_38" }, "geometry": { "type": "MultiPolygon", "coordinates": [ [ [ [ -80.257407991271933, 35.80929799975285 ], [ -80.25855299162852, 35.809332999972817 ], [ -80.258734990855189, 35.806265999812183 ], [ -80.259199991693606, 35.805403000007018 ], [ -80.260628991664674, 35.805466000449158 ], [ -80.261120991400219, 35.803695000036939 ], [ -80.263326990912901, 35.803764999761029 ], [ -80.262368991446266, 35.807221999913629 ], [ -80.262006991446682, 35.812349000323408 ], [ -80.25838399102129, 35.812482999928513 ], [ -80.255794990726343, 35.813838999933523 ], [ -80.257515991368038, 35.816625000084947 ], [ -80.259769991533588, 35.818289000487766 ], [ -80.256598991260475, 35.821129000371599 ], [ -80.24439299073893, 35.831187000381625 ], [ -80.235404990645733, 35.835096000427797 ], [ -80.233182991531677, 35.833333000507629 ], [ -80.232937991368743, 35.834154000199597 ], [ -80.23092499143695, 35.833345999766237 ], [ -80.231297991643615, 35.832268999863501 ], [ -80.229144991285068, 35.83106499971916 ], [ -80.230619991009405, 35.829436000317386 ], [ -80.232237991134383, 35.830408000345081 ], [ -80.233466990908482, 35.828807999969122 ], [ -80.238395990680004, 35.832227999710277 ], [ -80.240715990848628, 35.829212999819347 ], [ -80.239020991187559, 35.827724000335017 ], [ -80.237606991283798, 35.827616000450099 ], [ -80.23751699086074, 35.826155000357808 ], [ -80.236900990725843, 35.826424999731586 ], [ -80.23624199151277, 35.825467999959194 ], [ -80.236813991696494, 35.824874000386679 ], [ -80.235947990936566, 35.825539999858286 ], [ -80.233852991160958, 35.82221300052796 ], [ -80.230462991691667, 35.819734999810521 ], [ -80.227716991285348, 35.821394000004041 ], [ -80.228504991580508, 35.823401000244466 ], [ -80.22403299095933, 35.824028000509912 ], [ -80.224087990660522, 35.82476000042098 ], [ -80.226701991346744, 35.825108999806801 ], [ -80.227067990827678, 35.827145999810938 ], [ -80.221535991542055, 35.823925999724359 ], [ -80.22453099075129, 35.822168000143527 ], [ -80.225448991356529, 35.819448999781649 ], [ -80.230838991623912, 35.818451000129784 ], [ -80.231971991059979, 35.816036000141274 ], [ -80.234030990898574, 35.816186000143311 ], [ -80.232634991598232, 35.814655000222785 ], [ -80.235953990973982, 35.813958000057681 ], [ -80.243989990898626, 35.814836000038788 ], [ -80.238574991437588, 35.821200000231578 ], [ -80.239711991329997, 35.822746000461237 ], [ -80.247481990862667, 35.821707999815132 ], [ -80.249408991533869, 35.820761000392743 ], [ -80.248427991038369, 35.819625000392243 ], [ -80.249544991371494, 35.819138000401523 ], [ -80.249102991380141, 35.814933000104638 ], [ -80.250327990627071, 35.814821999718802 ], [ -80.251405991469298, 35.811130000159466 ], [ -80.254801990897164, 35.811814000205501 ], [ -80.25551699124145, 35.81082099978353 ], [ -80.25732799158115, 35.81073900013358 ], [ -80.257407991271933, 35.80929799975285 ] ] ], [ [ [ -80.234304990638108, 35.835086999733093 ], [ -80.234153991119598, 35.835139000450106 ], [ -80.233891990740133, 35.834447000454446 ], [ -80.23488399093165, 35.834812000403957 ], [ -80.234304990638108, 35.835086999733093 ] ] ] ] } },
{ "type": "Feature", "properties": { "county": "DAVIDSON", "precinct": "40", "enr_desc": "Municipal 40", "winner": "Richie Simmons", "winner_votes": 207, "winner_share": 89.224137931034491, "runner_up": "Elizabeth Clodfelter", "runner_up_votes": 25, "runner_up_share": 10.775862068965516, "contest_votes": 232, "margin_of_victory": 78.448275862068982, "is_tie": false, "results": [ { "candidate": "Richie Simmons", "votes": 207, "share": 89.22413793103449 }, { "candidate": "Elizabeth Clodfelter", "votes": 25, "share": 10.775862068965516 } ], "participated": true, "map_key": "DAVIDSON_40" }, "geometry": { "type": "Polygon", "coordinates": [ [ [ -80.239257991598436, 35.759529999645352 ], [ -80.240426991698598, 35.759119000371562 ], [ -80.241242991468511, 35.760074000493958 ], [ -80.243521990637333, 35.760038000248557 ], [ -80.242321991389844, 35.764043999875035 ], [ -80.244512991076675, 35.764063000153072 ], [ -80.244572990995906, 35.76875000026088 ], [ -80.243715991306658, 35.768729999890297 ], [ -80.250066991167103, 35.773548999895134 ], [ -80.250079991192592, 35.772535000407132 ], [ -80.252361990764243, 35.773675000334492 ], [ -80.253279991141866, 35.771649999796217 ], [ -80.252945990904465, 35.770305000359564 ], [ -80.253884991447791, 35.770279999879548 ], [ -80.253919991004835, 35.769607000298251 ], [ -80.258700991070285, 35.769960999867024 ], [ -80.258740990804412, 35.768131000354543 ], [ -80.250125991460777, 35.765833000048659 ], [ -80.249970991412013, 35.764115000073787 ], [ -80.261460990768768, 35.764289999828677 ], [ -80.260501991492859, 35.780431000329003 ], [ -80.270946991415698, 35.777610000533691 ], [ -80.278599991186553, 35.777025000254049 ], [ -80.273380991464677, 35.785475999928778 ], [ -80.273358991668587, 35.788836999922431 ], [ -80.272430991097522, 35.791180000121983 ], [ -80.270185991223244, 35.793475999757447 ], [ -80.267769991288588, 35.797798999786082 ], [ -80.266331990913827, 35.791155000034216 ], [ -80.264242991560451, 35.79119400024549 ], [ -80.260376991345225, 35.78413200023747 ], [ -80.259200991189388, 35.788716999938345 ], [ -80.253423990781727, 35.794245999758218 ], [ -80.251658990990592, 35.808535000006721 ], [ -80.257407991271933, 35.80929799975285 ], [ -80.25732799158115, 35.81073900013358 ], [ -80.25551699124145, 35.81082099978353 ], [ -80.254801990897164, 35.811814000205501 ], [ -80.251405991469298, 35.811130000159466 ], [ -80.250327990627071, 35.814821999718802 ], [ -80.249102991380141, 35.814933000104638 ], [ -80.249544991371494, 35.819138000401523 ], [ -80.248427991038369, 35.819625000392243 ], [ -80.249408991533869, 35.820761000392743 ], [ -80.247481990862667, 35.821707999815132 ], [ -80.239711991329997, 35.822746000461237 ], [ -80.238574991437588, 35.821200000231578 ], [ -80.243989990898626, 35.814836000038788 ], [ -80.235953990973982, 35.813958000057681 ], [ -80.232634991598232, 35.814655000222785 ], [ -80.234030990898574, 35.816186000143311 ], [ -80.231971991059979, 35.816036000141274 ], [ -80.229795991434628, 35.816296000336202 ], [ -80.229032990954593, 35.818229000397629 ], [ -80.224399990884223, 35.815249000153088 ], [ -80.22400599072985, 35.813510000338475 ], [ -80.22281199077328, 35.812895000188817 ], [ -80.224927991321465, 35.81076400029314 ], [ -80.229072991202713, 35.810266000244411 ], [ -80.226458990955649, 35.80696400001095 ], [ -80.227842990965385, 35.806103000376673 ], [ -80.227027990948244, 35.804994000485145 ], [ -80.226434991732333, 35.804002000451334 ], [ -80.227825991025796, 35.802817000090641 ], [ -80.232735990830875, 35.804333000124899 ], [ -80.235178991695264, 35.806817999883506 ], [ -80.234412991500804, 35.809428000137878 ], [ -80.240336991235722, 35.808023999683655 ], [ -80.241137991524539, 35.804671000326209 ], [ -80.236437991194535, 35.804689999648197 ], [ -80.237251990627485, 35.802293000371179 ], [ -80.23504099142869, 35.798861000152769 ], [ -80.234950990819883, 35.796917000395084 ], [ -80.233056990701883, 35.794601999904714 ], [ -80.231982991330668, 35.794806000141982 ], [ -80.233110990807759, 35.793086999876067 ], [ -80.232554991690193, 35.792146000118983 ], [ -80.234090991693947, 35.791310000162937 ], [ -80.23578999146298, 35.788452000139586 ], [ -80.234757990725242, 35.784299999658863 ], [ -80.238449990998561, 35.781785000158017 ], [ -80.239254990986851, 35.779584999672565 ], [ -80.242243991263294, 35.779309000444108 ], [ -80.242624991433729, 35.777453000516452 ], [ -80.241521991407893, 35.775284000094288 ], [ -80.237705991393227, 35.774281999749782 ], [ -80.235254991294909, 35.771170000205373 ], [ -80.239813990743244, 35.763351000488662 ], [ -80.239257991598436, 35.759529999645352 ] ] ] } },
{ "type": "Feature", "properties": { "county": "DAVIDSON", "precinct": "42", "enr_desc": "Liberty 42", "winner": "Richie Simmons", "winner_votes": 390, "winner_share": 91.121495327102807, "runner_up": "Elizabeth Clodfelter", "runner_up_votes": 38, "runner_up_share": 8.8785046728971952, "contest_votes": 428, "margin_of_victory": 82.242990654205613, "is_tie": false, "results": [ { "candidate": "Richie Simmons", "votes": 390, "share": 91.1214953271028 }, { "candidate": "Elizabeth Clodfelter", "votes": 38, "share": 8.878504672897195 } ], "participated": true, "map_key": "DAVIDSON_42" }, "geometry": { "type": "Polygon", "coordinates": [ [ [ -80.124828990872132, 35.759166999975939 ], [ -80.124952990692378, 35.76590800010338 ], [ -80.126484990698373, 35.768938999993843 ], [ -80.126328991380248, 35.773254999976736 ], [ -80.124215991418879, 35.777471999720142 ], [ -80.123846991088328, 35.781105000375085 ], [ -80.12173799098808, 35.77982499978355 ], [ -80.120505991206613, 35.783128999938057 ], [ -80.120186991517315, 35.79042699973094 ], [ -80.12211399063726, 35.794154999737174 ], [ -80.120107991721667, 35.797871999650894 ], [ -80.12150099083307, 35.801993000178193 ], [ -80.124517991445501, 35.806799999642266 ], [ -80.125460991311158, 35.810320000182706 ], [ -80.124793991066994, 35.817096000437253 ], [ -80.120614991142062, 35.821024000087867 ], [ -80.120179991458286, 35.824006999876666 ], [ -80.107388991497459, 35.821127000166719 ], [ -80.097519990923743, 35.819822000284546 ], [ -80.097487991111478, 35.817819999833326 ], [ -80.094270990710086, 35.817076000150287 ], [ -80.086277991333247, 35.811634000448812 ], [ -80.079334991489901, 35.809431999658493 ], [ -80.076983991654018, 35.809798000238231 ], [ -80.074894990857601, 35.811292999923957 ], [ -80.07720699139837, 35.814594000039655 ], [ -80.076763991341508, 35.816486999626846 ], [ -80.074818990909051, 35.818523000198461 ], [ -80.052409991402556, 35.819372999911209 ], [ -80.056351991603805, 35.750131999632835 ], [ -80.063086991215883, 35.750854999679262 ], [ -80.081551991263751, 35.755971999981845 ], [ -80.108533990999163, 35.759639000258957 ], [ -80.120890991449158, 35.758777000102015 ], [ -80.124828990872132, 35.759166999975939 ] ] ] } },
{ "type": "Feature", "properties": { "county": "DAVIDSON", "precinct": "50", "enr_desc": "Reedy Creek 50", "winner": "Richie Simmons", "winner_votes": 510, "winner_share": 89.947089947089935, "runner_up": "Elizabeth Clodfelter", "runner_up_votes": 57, "runner_up_share": 10.052910052910052, "contest_votes": 567, "margin_of_victory": 79.894179894179885, "is_tie": false, "results": [ { "candidate": "Richie Simmons", "votes": 510, "share": 89.94708994708994 }, { "candidate": "Elizabeth Clodfelter", "votes": 57, "share": 10.052910052910052 } ], "participated": true, "map_key": "DAVIDSON_50" }, "geometry": { "type": "Polygon", "coordinates": [ [ [ -80.31064699142398, 35.861457999814938 ], [ -80.321414990676843, 35.861802999781801 ], [ -80.322655990639106, 35.864641999700083 ], [ -80.324056990787312, 35.865141000353631 ], [ -80.333663991423819, 35.865888000189948 ], [ -80.339172990700163, 35.86463099985783 ], [ -80.337192991324798, 35.867722999737786 ], [ -80.337576991295919, 35.872614999994873 ], [ -80.360171991396129, 35.874756999960603 ], [ -80.358637991579172, 35.881127000083005 ], [ -80.359611991190562, 35.884428000243147 ], [ -80.367559990756845, 35.889160000202033 ], [ -80.365224991683959, 35.893394999854763 ], [ -80.365229991363293, 35.894814000096723 ], [ -80.371192991634942, 35.903425999763876 ], [ -80.375073991302372, 35.91236599976564 ], [ -80.373739991129668, 35.917530999931046 ], [ -80.368861991269, 35.924668999725789 ], [ -80.368343991295063, 35.927580000545909 ], [ -80.369064991690749, 35.930402000537995 ], [ -80.360166990736374, 35.934572000082611 ], [ -80.357930991717822, 35.940195000365222 ], [ -80.353117990707219, 35.938413000373004 ], [ -80.348573990898899, 35.939674000529159 ], [ -80.344695991531424, 35.942225999787489 ], [ -80.342019991156292, 35.945765000027279 ], [ -80.337334991223756, 35.947813000151321 ], [ -80.332226991358908, 35.947353999970829 ], [ -80.325456990606654, 35.943855000037438 ], [ -80.312459991619036, 35.945367999679384 ], [ -80.30993899083424, 35.946494999813154 ], [ -80.308841990714427, 35.942966000508406 ], [ -80.301790991697771, 35.936587999754558 ], [ -80.29933099133477, 35.93217799985748 ], [ -80.295168990903562, 35.93188599984726 ], [ -80.292714991585839, 35.929975000398528 ], [ -80.284908991533982, 35.92712199964982 ], [ -80.282645991449755, 35.922274000161259 ], [ -80.279328991026588, 35.920732000172798 ], [ -80.296825991336419, 35.899370999921494 ], [ -80.295035991335027, 35.890982000401841 ], [ -80.294019991420171, 35.880238000454455 ], [ -80.297711990642327, 35.872959999756993 ], [ -80.299818991484884, 35.872080000160487 ], [ -80.304679991618073, 35.871182000363802 ], [ -80.310767990937009, 35.868566999966404 ], [ -80.31064699142398, 35.861457999814938 ] ] ] } },
{ "type": "Feature", "properties": { "county": "DAVIDSON", "precinct": "52", "enr_desc": "Silver Hill 52", "winner": "Richie Simmons", "winner_votes": 736, "winner_share": 91.089108910891099, "runner_up": "Elizabeth Clodfelter", "runner_up_votes": 72, "runner_up_share": 8.9108910891089099, "contest_votes": 808, "margin_of_victory": 82.178217821782184, "is_tie": false, "results": [ { "candidate": "Richie Simmons", "votes": 736, "share": 91.0891089108911 }, { "candidate": "Elizabeth Clodfelter", "votes": 72, "share": 8.91089108910891 } ], "participated": true, "map_key": "DAVIDSON_52" }, "geometry": { "type": "Polygon", "coordinates": [ [ [ -80.175755991281548, 35.67762899972989 ], [ -80.232344991031042, 35.67719499998487 ], [ -80.239792991707347, 35.668273000029416 ], [ -80.252348991546071, 35.678211000210425 ], [ -80.251617990639403, 35.680745999715143 ], [ -80.245985991352285, 35.686849999754251 ], [ -80.250898990865991, 35.693868999758045 ], [ -80.250731990867735, 35.696785999941412 ], [ -80.252792991310102, 35.697737000093461 ], [ -80.256989991344284, 35.697315999804893 ], [ -80.258556991157405, 35.697982000085496 ], [ -80.258784991175631, 35.69895199985411 ], [ -80.256940990655963, 35.700760000091364 ], [ -80.249918991677063, 35.703038999773689 ], [ -80.249138991123573, 35.70409500051116 ], [ -80.249582990794266, 35.718643000028983 ], [ -80.248395990652526, 35.723713999728105 ], [ -80.243617990858255, 35.731351000329447 ], [ -80.245204991249835, 35.736090000175857 ], [ -80.241499991402222, 35.748051000367731 ], [ -80.238949991568347, 35.750600999932431 ], [ -80.236571990647292, 35.751366000336319 ], [ -80.234985991027187, 35.753694999848413 ], [ -80.236155990653359, 35.756147999692708 ], [ -80.239257991598436, 35.759529999645352 ], [ -80.239813990743244, 35.763351000488662 ], [ -80.235254991294909, 35.771170000205373 ], [ -80.237705991393227, 35.774281999749782 ], [ -80.241521991407893, 35.775284000094288 ], [ -80.242624991433729, 35.777453000516452 ], [ -80.242243991263294, 35.779309000444108 ], [ -80.239254990986851, 35.779584999672565 ], [ -80.238449990998561, 35.781785000158017 ], [ -80.234757990725242, 35.784299999658863 ], [ -80.23578999146298, 35.788452000139586 ], [ -80.20232199155096, 35.790795999721475 ], [ -80.193856990992472, 35.783776000368036 ], [ -80.186415991611383, 35.777697000502329 ], [ -80.17995299103373, 35.773834000500827 ], [ -80.148692990909382, 35.750713000150846 ], [ -80.15865199076265, 35.740631999920083 ], [ -80.165088990629471, 35.73947999980826 ], [ -80.162764990907874, 35.737886999885653 ], [ -80.165043990803042, 35.735220000397135 ], [ -80.167395990908602, 35.734443000400134 ], [ -80.167606990894257, 35.731296000309456 ], [ -80.16862199094939, 35.728394000022305 ], [ -80.168605991315928, 35.723659999827703 ], [ -80.170362991584355, 35.720587000446969 ], [ -80.169856990811027, 35.717948000158721 ], [ -80.175755991281548, 35.67762899972989 ] ] ] } },
{ "type": "Feature", "properties": { "county": "DAVIDSON", "precinct": "56", "enr_desc": "South Davidson 56", "winner": "Richie Simmons", "winner_votes": 179, "winner_share": 82.110091743119256, "runner_up": "Elizabeth Clodfelter", "runner_up_votes": 39, "runner_up_share": 17.889908256880734, "contest_votes": 218, "margin_of_victory": 64.220183486238525, "is_tie": false, "results": [ { "candidate": "Richie Simmons", "votes": 179, "share": 82.11009174311926 }, { "candidate": "Elizabeth Clodfelter", "votes": 39, "share": 17.889908256880734 } ], "participated": true, "map_key": "DAVIDSON_56" }, "geometry": { "type": "Polygon", "coordinates": [ [ [ -80.207100990958395, 35.575997999832445 ], [ -80.188403991364368, 35.575764999649742 ], [ -80.188421990922834, 35.581450000351396 ], [ -80.185382991282552, 35.579387000150561 ], [ -80.179107991492458, 35.579519000473567 ], [ -80.175140990827828, 35.580699999873751 ], [ -80.170187990795938, 35.580826999895358 ], [ -80.159958990947487, 35.582699000439554 ], [ -80.153953990829905, 35.586336999942972 ], [ -80.147793991519123, 35.585767999652113 ], [ -80.141588991693055, 35.586538000493725 ], [ -80.138848991207723, 35.591285999711559 ], [ -80.13740199118439, 35.598370000379667 ], [ -80.134731991541358, 35.60200200022966 ], [ -80.130740991438941, 35.611059999798357 ], [ -80.127423991621427, 35.61344899981772 ], [ -80.125118990921166, 35.616507999798714 ], [ -80.11983699093669, 35.619805000532743 ], [ -80.062926991486606, 35.612617000135756 ], [ -80.066841990676053, 35.505661000403769 ], [ -80.183263991424909, 35.504141000309708 ], [ -80.184740991089811, 35.508793000215903 ], [ -80.183995990961421, 35.51647200012701 ], [ -80.190626991330049, 35.525779000127798 ], [ -80.194983991317642, 35.52762499994234 ], [ -80.197354990912871, 35.529968000032383 ], [ -80.195527991328433, 35.536620000022637 ], [ -80.199216991045958, 35.545647000393181 ], [ -80.201261990814984, 35.547163000031588 ], [ -80.207045991505581, 35.54929000033421 ], [ -80.209793991051001, 35.552263000011365 ], [ -80.210275991600298, 35.556972999918862 ], [ -80.207512991199735, 35.567263000224365 ], [ -80.207100990958395, 35.575997999832445 ] ] ] } },
{ "type": "Feature", "properties": { "county": "DAVIDSON", "precinct": "58", "enr_desc": "Southmont 58", "winner": "Richie Simmons", "winner_votes": 601, "winner_share": 86.724386724386733, "runner_up": "Elizabeth Clodfelter", "runner_up_votes": 92, "runner_up_share": 13.275613275613276, "contest_votes": 693, "margin_of_victory": 73.448773448773451, "is_tie": false, "results": [ { "candidate": "Richie Simmons", "votes": 601, "share": 86.72438672438673 }, { "candidate": "Elizabeth Clodfelter", "votes": 92, "share": 13.275613275613276 } ], "participated": true, "map_key": "DAVIDSON_58" }, "geometry": { "type": "Polygon", "coordinates": [ [ [ -80.250210991409233, 35.619453000326978 ], [ -80.256293990998302, 35.622253000173821 ], [ -80.262125990847977, 35.627781999967702 ], [ -80.266375991439361, 35.6302219999599 ], [ -80.282890991649225, 35.633145000222804 ], [ -80.2887499906616, 35.635690000038039 ], [ -80.291378990873909, 35.638479000486285 ], [ -80.293804991302736, 35.643200999961628 ], [ -80.300034990929873, 35.649850000092968 ], [ -80.304620991267427, 35.653539999898435 ], [ -80.306307991198992, 35.657000999957468 ], [ -80.307257991375536, 35.665678000313939 ], [ -80.314110991518689, 35.671205000435464 ], [ -80.31776599094141, 35.672680999965621 ], [ -80.303459990909019, 35.687704999874676 ], [ -80.303459991032938, 35.689713000064614 ], [ -80.300793991332228, 35.692269999738492 ], [ -80.302057990887036, 35.693960000312195 ], [ -80.302046991625829, 35.695632000407947 ], [ -80.299965991322622, 35.698526000214841 ], [ -80.299489991558417, 35.702632000251199 ], [ -80.294814990763257, 35.70539600023983 ], [ -80.294778991685178, 35.70798299982571 ], [ -80.292967990871674, 35.710842000062698 ], [ -80.286240990641829, 35.717722000271074 ], [ -80.285815990938204, 35.71901000039496 ], [ -80.282612990787499, 35.720407000462821 ], [ -80.280818991546198, 35.72632800053271 ], [ -80.272639991084745, 35.724746999883216 ], [ -80.267500991534362, 35.720975999993733 ], [ -80.259875991303574, 35.718465999988155 ], [ -80.256214991681986, 35.718765999797903 ], [ -80.254222991332767, 35.720008000102261 ], [ -80.25099399140656, 35.718222000284776 ], [ -80.249582990794266, 35.718643000028983 ], [ -80.249138991123573, 35.70409500051116 ], [ -80.249918991677063, 35.703038999773689 ], [ -80.256940990655963, 35.700760000091364 ], [ -80.258784991175631, 35.69895199985411 ], [ -80.258556991157405, 35.697982000085496 ], [ -80.256989991344284, 35.697315999804893 ], [ -80.252792991310102, 35.697737000093461 ], [ -80.250731990867735, 35.696785999941412 ], [ -80.250898990865991, 35.693868999758045 ], [ -80.245985991352285, 35.686849999754251 ], [ -80.251617990639403, 35.680745999715143 ], [ -80.252348991546071, 35.678211000210425 ], [ -80.239792991707347, 35.668273000029416 ], [ -80.242636991173029, 35.664925000092964 ], [ -80.242901991090662, 35.661461000457898 ], [ -80.248853991534929, 35.649935999988529 ], [ -80.254388991631998, 35.643044999710455 ], [ -80.259456990884445, 35.639885999915748 ], [ -80.250210991409233, 35.619453000326978 ] ] ] } },
{ "type": "Feature", "properties": { "county": "DAVIDSON", "precinct": "60", "enr_desc": "Thomasville 1 60", "winner": "Richie Simmons", "winner_votes": 271, "winner_share": 91.245791245791239, "runner_up": "Elizabeth Clodfelter", "runner_up_votes": 26, "runner_up_share": 8.7542087542087543, "contest_votes": 297, "margin_of_victory": 82.491582491582477, "is_tie": false, "results": [ { "candidate": "Richie Simmons", "votes": 271, "share": 91.24579124579124 }, { "candidate": "Elizabeth Clodfelter", "votes": 26, "share": 8.754208754208754 } ], "participated": true, "map_key": "DAVIDSON_60" }, "geometry": { "type": "Polygon", "coordinates": [ [ [ -80.090654991103705, 35.898095000160062 ], [ -80.09491899081813, 35.900591999637584 ], [ -80.086391991601829, 35.904534000174571 ], [ -80.087868990710817, 35.905756000494023 ], [ -80.085155991209689, 35.907690999774076 ], [ -80.084986991470501, 35.910635999887383 ], [ -80.083815991135765, 35.910627000324595 ], [ -80.083686991195577, 35.9082629996511 ], [ -80.080715991409306, 35.908993000423706 ], [ -80.082973991402227, 35.910880000215037 ], [ -80.081552990750083, 35.911725999980924 ], [ -80.081503991084034, 35.915301000447329 ], [ -80.083326991642693, 35.914828000099995 ], [ -80.084642991145827, 35.917503000001176 ], [ -80.08280599092862, 35.917462000244271 ], [ -80.08415999166823, 35.919792000036381 ], [ -80.083466991302402, 35.921170999973398 ], [ -80.081900990864227, 35.921424000253836 ], [ -80.081119991133349, 35.919022999764309 ], [ -80.079275991422193, 35.918841999633891 ], [ -80.07923299067339, 35.919840000074856 ], [ -80.080154991330929, 35.91984699996712 ], [ -80.078679991182042, 35.922551999914567 ], [ -80.079743990699939, 35.922565999883091 ], [ -80.080015991129201, 35.923529000325452 ], [ -80.077419990931318, 35.922640000184728 ], [ -80.077819991117721, 35.926756999760407 ], [ -80.070875991344394, 35.926607000246172 ], [ -80.070927990630793, 35.925034999752292 ], [ -80.072147991308469, 35.925141000486896 ], [ -80.072237991677341, 35.9243500003723 ], [ -80.069807991211988, 35.923067999652943 ], [ -80.064337991630339, 35.922773000106922 ], [ -80.064980990643477, 35.924265999810778 ], [ -80.063762991178251, 35.925309000236744 ], [ -80.063035990850366, 35.924308000020858 ], [ -80.061296991062108, 35.924498999906831 ], [ -80.061314991220911, 35.92072199986481 ], [ -80.057700990771238, 35.921035000178328 ], [ -80.057579990691636, 35.919918999797936 ], [ -80.051154990899519, 35.919437000192801 ], [ -80.051546990741031, 35.916783000442557 ], [ -80.047003991310817, 35.91680700049772 ], [ -80.048806990950112, 35.881131000527645 ], [ -80.053015990774085, 35.885067000082358 ], [ -80.054794991221343, 35.888988999987447 ], [ -80.058936991681762, 35.893864000187961 ], [ -80.061166990845805, 35.894506000184727 ], [ -80.066662991717948, 35.889889000064443 ], [ -80.069543991539462, 35.888381999824738 ], [ -80.0688599915905, 35.891710999691128 ], [ -80.071614991059562, 35.891708999976437 ], [ -80.070615990924523, 35.896266999884446 ], [ -80.076640991590509, 35.898835000273714 ], [ -80.083581991377045, 35.898991000163441 ], [ -80.087468990998545, 35.897831999665534 ], [ -80.090654991103705, 35.898095000160062 ] ] ] } },
{ "type": "Feature", "properties": { "county": "DAVIDSON", "precinct": "62", "enr_desc": "Thomasville 2 62", "winner": "Richie Simmons", "winner_votes": 45, "winner_share": 84.905660377358487, "runner_up": "Elizabeth Clodfelter", "runner_up_votes": 8, "runner_up_share": 15.09433962264151, "contest_votes": 53, "margin_of_victory": 69.811320754716974, "is_tie": false, "results": [ { "candidate": "Richie Simmons", "votes": 45, "share": 84.90566037735849 }, { "candidate": "Elizabeth Clodfelter", "votes": 8, "share": 15.09433962264151 } ], "participated": true, "map_key": "DAVIDSON_62" }, "geometry": { "type": "Polygon", "coordinates": [ [ [ -80.08739699109708, 35.881342999982046 ], [ -80.087343990855217, 35.888712000060721 ], [ -80.087901991617414, 35.88959799964212 ], [ -80.086753990771001, 35.889744999648364 ], [ -80.088989991445274, 35.891989999792855 ], [ -80.090654991103705, 35.898095000160062 ], [ -80.087468990998545, 35.897831999665534 ], [ -80.083581991377045, 35.898991000163441 ], [ -80.076640991590509, 35.898835000273714 ], [ -80.070615990924523, 35.896266999884446 ], [ -80.071614991059562, 35.891708999976437 ], [ -80.0688599915905, 35.891710999691128 ], [ -80.069530744028256, 35.8884464749217 ], [ -80.073791990670315, 35.886302999908708 ], [ -80.072369991064591, 35.883620999864448 ], [ -80.077679991560487, 35.879454999919318 ], [ -80.079536991458696, 35.879175999703129 ], [ -80.081660991238863, 35.882888999887079 ], [ -80.08739699109708, 35.881342999982046 ] ] ] } },
{ "type": "Feature", "properties": { "county": "DAVIDSON", "precinct": "64", "enr_desc": "Thomasville 3 64", "winner": "Richie Simmons", "winner_votes": 40, "winner_share": 83.333333333333343, "runner_up": "Elizabeth Clodfelter", "runner_up_votes": 8, "runner_up_share": 16.666666666666664, "contest_votes": 48, "margin_of_victory": 66.666666666666686, "is_tie": false, "results": [ { "candidate": "Richie Simmons", "votes": 40, "share": 83.33333333333334 }, { "candidate": "Elizabeth Clodfelter", "votes": 8, "share": 16.666666666666664 } ], "participated": true, "map_key": "DAVIDSON_64" }, "geometry": { "type": "Polygon", "coordinates": [ [ [ -80.101957990796407, 35.896170999991277 ], [ -80.09491899081813, 35.900591999637584 ], [ -80.090654991103705, 35.898095000160062 ], [ -80.088989991445274, 35.891989999792855 ], [ -80.086753990771001, 35.889744999648364 ], [ -80.087901991617414, 35.88959799964212 ], [ -80.087343990855217, 35.888712000060721 ], [ -80.08739699109708, 35.881342999982046 ], [ -80.106306991680412, 35.877069000156304 ], [ -80.115637991510923, 35.876960000339579 ], [ -80.115789990743792, 35.877561000279002 ], [ -80.113191991120175, 35.877761000412619 ], [ -80.11335699170813, 35.882796000219436 ], [ -80.109993991011422, 35.881666000218715 ], [ -80.109149991639143, 35.882777999749891 ], [ -80.106432991567743, 35.882606000418271 ], [ -80.106352991013267, 35.884266999857417 ], [ -80.107184990761027, 35.884294999867421 ], [ -80.107043991115134, 35.887181000348015 ], [ -80.106001991545298, 35.887180999680076 ], [ -80.105986990658181, 35.888434000187488 ], [ -80.107388991049433, 35.890265000073654 ], [ -80.105786990901876, 35.890660000091479 ], [ -80.10563299159972, 35.893128000100972 ], [ -80.101957990796407, 35.896170999991277 ] ] ] } },
{ "type": "Feature", "properties": { "county": "DAVIDSON", "precinct": "66", "enr_desc": "Thomasville 4 66", "winner": "Richie Simmons", "winner_votes": 139, "winner_share": 91.44736842105263, "runner_up": "Elizabeth Clodfelter", "runner_up_votes": 13, "runner_up_share": 8.5526315789473681, "contest_votes": 152, "margin_of_victory": 82.89473684210526, "is_tie": false, "results": [ { "candidate": "Richie Simmons", "votes": 139, "share": 91.44736842105263 }, { "candidate": "Elizabeth Clodfelter", "votes": 13, "share": 8.552631578947368 } ], "participated": true, "map_key": "DAVIDSON_66" }, "geometry": { "type": "Polygon", "coordinates": [ [ [ -80.089742990885384, 35.858620000238638 ], [ -80.093235991461086, 35.859260999888726 ], [ -80.092344991174571, 35.863257999884219 ], [ -80.091305991370902, 35.864559000208267 ], [ -80.092682991533678, 35.865430999699043 ], [ -80.092752991475294, 35.866653999864958 ], [ -80.094482990865615, 35.866016000509106 ], [ -80.095015991132072, 35.867235000110377 ], [ -80.096597991313544, 35.867000000492297 ], [ -80.095945990899949, 35.867558999892815 ], [ -80.099055991392802, 35.874496999842428 ], [ -80.100861991599047, 35.874259000461173 ], [ -80.100042991700519, 35.875563999888072 ], [ -80.10272599165576, 35.87405899963575 ], [ -80.1034919906417, 35.874978999952809 ], [ -80.105004991312299, 35.874262000345233 ], [ -80.105308991715901, 35.874779000127788 ], [ -80.103648990685798, 35.875736999665769 ], [ -80.103972991669195, 35.877175999903415 ], [ -80.106306991680412, 35.877069000156304 ], [ -80.08739699109708, 35.881342999982046 ], [ -80.081660991238863, 35.882888999887079 ], [ -80.079536991458696, 35.879175999703129 ], [ -80.072033991501684, 35.866430999921995 ], [ -80.072774990864275, 35.858259999818202 ], [ -80.073074990913099, 35.85599400014663 ], [ -80.07416199110537, 35.856027999989202 ], [ -80.073557990746323, 35.856601999885086 ], [ -80.075653990966416, 35.857044999753754 ], [ -80.075518991447098, 35.858185999704624 ], [ -80.076685990970219, 35.858791000516831 ], [ -80.077324991463996, 35.860909999911627 ], [ -80.079816991337907, 35.860986000052513 ], [ -80.080477991296149, 35.860357000388923 ], [ -80.080486990640708, 35.858104000149545 ], [ -80.082933991468551, 35.858371000313724 ], [ -80.084777991250689, 35.859596999722683 ], [ -80.084925991655268, 35.863109000098262 ], [ -80.08428999152305, 35.864219000066051 ], [ -80.084840991190603, 35.867482999913541 ], [ -80.086962990895429, 35.866407000126436 ], [ -80.088622991384227, 35.866653000502261 ], [ -80.088851991364237, 35.865028000013901 ], [ -80.087977991313736, 35.864737000331125 ], [ -80.088888990655818, 35.864746999644289 ], [ -80.089228991193494, 35.860726000361481 ], [ -80.087775991481209, 35.86135799967176 ], [ -80.088204990903137, 35.860640999649974 ], [ -80.087454991258809, 35.860522000064506 ], [ -80.089351991422006, 35.859699999745757 ], [ -80.089742990885384, 35.858620000238638 ] ] ] } },
{ "type": "Feature", "properties": { "county": "DAVIDSON", "precinct": "68", "enr_desc": "Thomasville 5 68", "winner": "Richie Simmons", "winner_votes": 169, "winner_share": 91.847826086956516, "runner_up": "Elizabeth Clodfelter", "runner_up_votes": 15, "runner_up_share": 8.1521739130434785, "contest_votes": 184, "margin_of_victory": 83.695652173913032, "is_tie": false, "results": [ { "candidate": "Richie Simmons", "votes": 169, "share": 91.84782608695652 }, { "candidate": "Elizabeth Clodfelter", "votes": 15, "share": 8.152173913043478 } ], "participated": true, "map_key": "DAVIDSON_68" }, "geometry": { "type": "Polygon", "coordinates": [ [ [ -80.049176991097298, 35.874984999704346 ], [ -80.054571991144456, 35.875232000248033 ], [ -80.057623991009393, 35.877232999994881 ], [ -80.058071991247076, 35.871794000020934 ], [ -80.060390991014131, 35.870960000168871 ], [ -80.057709990715992, 35.86700800049362 ], [ -80.055647990777047, 35.867073000251366 ], [ -80.057773991147215, 35.865073000080329 ], [ -80.062532990997127, 35.865223999845973 ], [ -80.062740991492618, 35.862983999893856 ], [ -80.063874991221255, 35.862941999921816 ], [ -80.061993991454528, 35.861278000245953 ], [ -80.060109991683149, 35.862645000097622 ], [ -80.055855991238872, 35.862916000373367 ], [ -80.055951990742955, 35.862158999720663 ], [ -80.054589991116828, 35.862131000326748 ], [ -80.054690991669744, 35.859399999923703 ], [ -80.058754991074693, 35.859116999992374 ], [ -80.063192991145741, 35.860558000043518 ], [ -80.072018990857941, 35.860720000146451 ], [ -80.072182990797415, 35.858329000236452 ], [ -80.072774990864275, 35.858259999818202 ], [ -80.072033991501684, 35.866430999921995 ], [ -80.079536991458696, 35.879175999703129 ], [ -80.077679991560487, 35.879454999919318 ], [ -80.072369991064591, 35.883620999864448 ], [ -80.073791990670315, 35.886302999908708 ], [ -80.066662991717948, 35.889889000064443 ], [ -80.061166990845805, 35.894506000184727 ], [ -80.058936991681762, 35.893864000187961 ], [ -80.054794991221343, 35.888988999987447 ], [ -80.053015990774085, 35.885067000082358 ], [ -80.048806990950112, 35.881131000527645 ], [ -80.049176991097298, 35.874984999704346 ] ] ] } },
{ "type": "Feature", "properties": { "county": "DAVIDSON", "precinct": "70", "enr_desc": "Thomasville 7 70", "winner": "Richie Simmons", "winner_votes": 357, "winner_share": 89.698492462311563, "runner_up": "Elizabeth Clodfelter", "runner_up_votes": 41, "runner_up_share": 10.301507537688442, "contest_votes": 398, "margin_of_victory": 79.396984924623126, "is_tie": false, "results": [ { "candidate": "Richie Simmons", "votes": 357, "share": 89.69849246231156 }, { "candidate": "Elizabeth Clodfelter", "votes": 41, "share": 10.301507537688442 } ], "participated": true, "map_key": "DAVIDSON_70" }, "geometry": { "type": "Polygon", "coordinates": [ [ [ -80.199458991265928, 35.842188000312845 ], [ -80.198006990936364, 35.843113000332067 ], [ -80.199623991160053, 35.844590000094811 ], [ -80.199094990858995, 35.848411000113735 ], [ -80.197985991057905, 35.849357999738643 ], [ -80.196917990664005, 35.853332999916681 ], [ -80.197386991209399, 35.854514000525043 ], [ -80.191955990998579, 35.859799000334867 ], [ -80.191862991126598, 35.863415000533067 ], [ -80.193404990756321, 35.864514999915016 ], [ -80.193851990965754, 35.866495000094126 ], [ -80.192735991641925, 35.869092999688426 ], [ -80.19163999125368, 35.869775999657229 ], [ -80.193617991707725, 35.870930999929364 ], [ -80.194863991357607, 35.87228900014879 ], [ -80.194980991520538, 35.874494000381695 ], [ -80.191554991111005, 35.876672999674014 ], [ -80.19158199160654, 35.8777759996497 ], [ -80.193600990868816, 35.879557999721953 ], [ -80.190852990950887, 35.884638999679531 ], [ -80.190618991535615, 35.886679999912886 ], [ -80.181725991295977, 35.891695000298355 ], [ -80.17487499117837, 35.899719000375775 ], [ -80.170550991269408, 35.901840000367187 ], [ -80.168638991039757, 35.90423000041315 ], [ -80.165495990811095, 35.912560999768012 ], [ -80.165628990974341, 35.913850999793446 ], [ -80.163321990930001, 35.914703000370842 ], [ -80.161670990832647, 35.917784000004438 ], [ -80.159032990918988, 35.920424999687768 ], [ -80.159317991576401, 35.922538000035644 ], [ -80.158369991479347, 35.923138999760482 ], [ -80.162438991174881, 35.92699799990195 ], [ -80.15780099123765, 35.930931000166872 ], [ -80.15639499091688, 35.931280000228043 ], [ -80.154980990914922, 35.933120999931198 ], [ -80.149721991150727, 35.934546999800752 ], [ -80.147542991246681, 35.935900000334499 ], [ -80.146735991044238, 35.938379000407195 ], [ -80.142886990711588, 35.935545000472132 ], [ -80.136971991654292, 35.933933000235342 ], [ -80.142391991387498, 35.928128999801537 ], [ -80.144601990822082, 35.924576999641339 ], [ -80.143370990865762, 35.921087000472738 ], [ -80.143667990919596, 35.919999000081958 ], [ -80.148935991290458, 35.915527000091501 ], [ -80.150357991585096, 35.913276000394248 ], [ -80.148511990985924, 35.912979999921845 ], [ -80.140436991014099, 35.908668000161249 ], [ -80.134921990723655, 35.908365000241055 ], [ -80.130879991246502, 35.909878000308751 ], [ -80.122424990721044, 35.909885000417063 ], [ -80.121993990988699, 35.907862000500856 ], [ -80.124854991597346, 35.902750999884695 ], [ -80.123354991142747, 35.898830000252801 ], [ -80.109370990626758, 35.897167000093035 ], [ -80.104493991465375, 35.894485000277008 ], [ -80.101957990796407, 35.896170999991277 ], [ -80.10563299159972, 35.893128000100972 ], [ -80.105786990901876, 35.890660000091479 ], [ -80.107388991049433, 35.890265000073654 ], [ -80.105986990658181, 35.888434000187488 ], [ -80.106001991545298, 35.887180999680076 ], [ -80.107043991115134, 35.887181000348015 ], [ -80.107184990761027, 35.884294999867421 ], [ -80.106352991013267, 35.884266999857417 ], [ -80.106432991567743, 35.882606000418271 ], [ -80.109149991639143, 35.882777999749891 ], [ -80.109993991011422, 35.881666000218715 ], [ -80.11335699170813, 35.882796000219436 ], [ -80.113191991120175, 35.877761000412619 ], [ -80.115789990743792, 35.877561000279002 ], [ -80.115637991510923, 35.876960000339579 ], [ -80.106306991680412, 35.877069000156304 ], [ -80.120816991523782, 35.876827999695578 ], [ -80.127869991147691, 35.874914999821506 ], [ -80.139574991442544, 35.866688000127191 ], [ -80.151535991493503, 35.861752999802853 ], [ -80.170446991254792, 35.847095000092132 ], [ -80.199458991265928, 35.842188000312845 ] ] ] } },
{ "type": "Feature", "properties": { "county": "DAVIDSON", "precinct": "72", "enr_desc": "Thomasville 8 72", "winner": "Richie Simmons", "winner_votes": 367, "winner_share": 88.647342995169083, "runner_up": "Elizabeth Clodfelter", "runner_up_votes": 47, "runner_up_share": 11.352657004830919, "contest_votes": 414, "margin_of_victory": 77.294685990338166, "is_tie": false, "results": [ { "candidate": "Richie Simmons", "votes": 367, "share": 88.64734299516908 }, { "candidate": "Elizabeth Clodfelter", "votes": 47, "share": 11.352657004830919 } ], "participated": true, "map_key": "DAVIDSON_72" }, "geometry": { "type": "Polygon", "coordinates": [ [ [ -80.146735991044238, 35.938379000407195 ], [ -80.145311991044437, 35.939782000298962 ], [ -80.144838990612982, 35.941988000476549 ], [ -80.145867990949071, 35.943847000183688 ], [ -80.145638990713849, 35.945610999891876 ], [ -80.14210599084727, 35.947169000081743 ], [ -80.135429991622246, 35.948152000499093 ], [ -80.134393991295013, 35.949025999793022 ], [ -80.132257991275935, 35.948723000412194 ], [ -80.132060991124931, 35.950900000008637 ], [ -80.127352991032765, 35.948479999818026 ], [ -80.12112099133563, 35.947277999633833 ], [ -80.121826990652295, 35.948627999700882 ], [ -80.116555990855161, 35.950206999894341 ], [ -80.112254990962043, 35.953272000098785 ], [ -80.10844299075093, 35.953581999962154 ], [ -80.101197991549284, 35.948610000093488 ], [ -80.098388991358377, 35.947939999964518 ], [ -80.088506991310965, 35.950024999785384 ], [ -80.07978999155543, 35.953706000044683 ], [ -80.077531991318835, 35.955993000070414 ], [ -80.073315991545144, 35.957695999849868 ], [ -80.070251991125375, 35.951200999989332 ], [ -80.067993990653136, 35.950773999697155 ], [ -80.068959990604867, 35.948754999970518 ], [ -80.065100991550054, 35.94707500035107 ], [ -80.062858991196094, 35.947603000170218 ], [ -80.059948990628129, 35.94578499999011 ], [ -80.059945991327893, 35.939586999932388 ], [ -80.055650990618474, 35.939252000262549 ], [ -80.049401990812356, 35.940451999981143 ], [ -80.046292991614536, 35.939651000212265 ], [ -80.047003991310817, 35.91680700049772 ], [ -80.051546990741031, 35.916783000442557 ], [ -80.051154990899519, 35.919437000192801 ], [ -80.057579990691636, 35.919918999797936 ], [ -80.057700990771238, 35.921035000178328 ], [ -80.061314991220911, 35.92072199986481 ], [ -80.061296991062108, 35.924498999906831 ], [ -80.063035990850366, 35.924308000020858 ], [ -80.063762991178251, 35.925309000236744 ], [ -80.064980990643477, 35.924265999810778 ], [ -80.064337991630339, 35.922773000106922 ], [ -80.069807991211988, 35.923067999652943 ], [ -80.072237991677341, 35.9243500003723 ], [ -80.072147991308469, 35.925141000486896 ], [ -80.070927990630793, 35.925034999752292 ], [ -80.070875991344394, 35.926607000246172 ], [ -80.077819991117721, 35.926756999760407 ], [ -80.077419990931318, 35.922640000184728 ], [ -80.080015991129201, 35.923529000325452 ], [ -80.079743990699939, 35.922565999883091 ], [ -80.078679991182042, 35.922551999914567 ], [ -80.080154991330929, 35.91984699996712 ], [ -80.07923299067339, 35.919840000074856 ], [ -80.079275991422193, 35.918841999633891 ], [ -80.081119991133349, 35.919022999764309 ], [ -80.081900990864227, 35.921424000253836 ], [ -80.083466991302402, 35.921170999973398 ], [ -80.08415999166823, 35.919792000036381 ], [ -80.08280599092862, 35.917462000244271 ], [ -80.084642991145827, 35.917503000001176 ], [ -80.083326991642693, 35.914828000099995 ], [ -80.081503991084034, 35.915301000447329 ], [ -80.081552990750083, 35.911725999980924 ], [ -80.082973991402227, 35.910880000215037 ], [ -80.080715991409306, 35.908993000423706 ], [ -80.083686991195577, 35.9082629996511 ], [ -80.083815991135765, 35.910627000324595 ], [ -80.084986991470501, 35.910635999887383 ], [ -80.085155991209689, 35.907690999774076 ], [ -80.087868990710817, 35.905756000494023 ], [ -80.086391991601829, 35.904534000174571 ], [ -80.09491899081813, 35.900591999637584 ], [ -80.101957990796407, 35.896170999991277 ], [ -80.104493991465375, 35.894485000277008 ], [ -80.109370990626758, 35.897167000093035 ], [ -80.123354991142747, 35.898830000252801 ], [ -80.124854991597346, 35.902750999884695 ], [ -80.121993990988699, 35.907862000500856 ], [ -80.122424990721044, 35.909885000417063 ], [ -80.130879991246502, 35.909878000308751 ], [ -80.134921990723655, 35.908365000241055 ], [ -80.140436991014099, 35.908668000161249 ], [ -80.148511990985924, 35.912979999921845 ], [ -80.150357991585096, 35.913276000394248 ], [ -80.148935991290458, 35.915527000091501 ], [ -80.143667990919596, 35.919999000081958 ], [ -80.143370990865762, 35.921087000472738 ], [ -80.144601990822082, 35.924576999641339 ], [ -80.142391991387498, 35.928128999801537 ], [ -80.136971991654292, 35.933933000235342 ], [ -80.142886990711588, 35.935545000472132 ], [ -80.146735991044238, 35.938379000407195 ] ] ] } },
{ "type": "Feature", "properties": { "county": "DAVIDSON", "precinct": "74", "enr_desc": "Thomasville 9 74", "winner": "Richie Simmons", "winner_votes": 534, "winner_share": 92.869565217391298, "runner_up": "Elizabeth Clodfelter", "runner_up_votes": 41, "runner_up_share": 7.1304347826086953, "contest_votes": 575, "margin_of_victory": 85.739130434782595, "is_tie": false, "results": [ { "candidate": "Richie Simmons", "votes": 534, "share": 92.8695652173913 }, { "candidate": "Elizabeth Clodfelter", "votes": 41, "share": 7.130434782608695 } ], "participated": true, "map_key": "DAVIDSON_74" }, "geometry": { "type": "Polygon", "coordinates": [ [ [ -80.200298991286417, 35.836715999862264 ], [ -80.200105991165017, 35.838870999718772 ], [ -80.199139991588851, 35.840080999902518 ], [ -80.199458991265928, 35.842188000312845 ], [ -80.170446991254792, 35.847095000092132 ], [ -80.151535991493503, 35.861752999802853 ], [ -80.139574991442544, 35.866688000127191 ], [ -80.127869991147691, 35.874914999821506 ], [ -80.120816991523782, 35.876827999695578 ], [ -80.106306991680412, 35.877069000156304 ], [ -80.103972991669195, 35.877175999903415 ], [ -80.103648990685798, 35.875736999665769 ], [ -80.105308991715901, 35.874779000127788 ], [ -80.105004991312299, 35.874262000345233 ], [ -80.1034919906417, 35.874978999952809 ], [ -80.10272599165576, 35.87405899963575 ], [ -80.100042991700519, 35.875563999888072 ], [ -80.100861991599047, 35.874259000461173 ], [ -80.099055991392802, 35.874496999842428 ], [ -80.095945990899949, 35.867558999892815 ], [ -80.096597991313544, 35.867000000492297 ], [ -80.095015991132072, 35.867235000110377 ], [ -80.094482990865615, 35.866016000509106 ], [ -80.092752991475294, 35.866653999864958 ], [ -80.092682991533678, 35.865430999699043 ], [ -80.091305991370902, 35.864559000208267 ], [ -80.092344991174571, 35.863257999884219 ], [ -80.093235991461086, 35.859260999888726 ], [ -80.089742990885384, 35.858620000238638 ], [ -80.09013799130048, 35.856259000318204 ], [ -80.088840990875596, 35.853159000342643 ], [ -80.090987990972906, 35.850327999754519 ], [ -80.09135199095472, 35.842864999900875 ], [ -80.092634991584248, 35.839813999817643 ], [ -80.093557991569952, 35.832049999928543 ], [ -80.097519990923743, 35.819822000284546 ], [ -80.107388991497459, 35.821127000166719 ], [ -80.120179991458286, 35.824006999876666 ], [ -80.133284991048626, 35.825731000420689 ], [ -80.13684399096995, 35.827463000416323 ], [ -80.153908991450677, 35.824236000095809 ], [ -80.153019991388177, 35.825137000007146 ], [ -80.154685991337985, 35.825622000099607 ], [ -80.153640991609194, 35.827375000198316 ], [ -80.156917990622844, 35.829634000040294 ], [ -80.158875991677107, 35.832214000382301 ], [ -80.162547990662262, 35.830148000014617 ], [ -80.163606991523281, 35.832043999966196 ], [ -80.16616499148131, 35.831390999759911 ], [ -80.167441991052328, 35.833796999977181 ], [ -80.168964991386687, 35.833875999691408 ], [ -80.170372991697363, 35.831996000050403 ], [ -80.170587991328972, 35.829931999738626 ], [ -80.172216991680131, 35.829461999818314 ], [ -80.177301990720082, 35.835359999856401 ], [ -80.184606991404564, 35.838306000116944 ], [ -80.186977991459017, 35.837849999808952 ], [ -80.188141991071973, 35.84185299972777 ], [ -80.192000991102688, 35.843205000126233 ], [ -80.193422990669646, 35.841412000409647 ], [ -80.193535990928979, 35.83933800021957 ], [ -80.200298991286417, 35.836715999862264 ] ] ] } },
{ "type": "Feature", "properties": { "county": "DAVIDSON", "precinct": "76", "enr_desc": "Thomasville 10 76", "winner": "Richie Simmons", "winner_votes": 489, "winner_share": 94.401544401544399, "runner_up": "Elizabeth Clodfelter", "runner_up_votes": 29, "runner_up_share": 5.5984555984555984, "contest_votes": 518, "margin_of_victory": 88.803088803088798, "is_tie": false, "results": [ { "candidate": "Richie Simmons", "votes": 489, "share": 94.4015444015444 }, { "candidate": "Elizabeth Clodfelter", "votes": 29, "share": 5.598455598455598 } ], "participated": true, "map_key": "DAVIDSON_76" }, "geometry": { "type": "Polygon", "coordinates": [ [ [ -80.097519990923743, 35.819822000284546 ], [ -80.093557991569952, 35.832049999928543 ], [ -80.092634991584248, 35.839813999817643 ], [ -80.09135199095472, 35.842864999900875 ], [ -80.090987990972906, 35.850327999754519 ], [ -80.088840990875596, 35.853159000342643 ], [ -80.09013799130048, 35.856259000318204 ], [ -80.089742990885384, 35.858620000238638 ], [ -80.089351991422006, 35.859699999745757 ], [ -80.087454991258809, 35.860522000064506 ], [ -80.088204990903137, 35.860640999649974 ], [ -80.087775991481209, 35.86135799967176 ], [ -80.089228991193494, 35.860726000361481 ], [ -80.088888990655818, 35.864746999644289 ], [ -80.087977991313736, 35.864737000331125 ], [ -80.088851991364237, 35.865028000013901 ], [ -80.088622991384227, 35.866653000502261 ], [ -80.086962990895429, 35.866407000126436 ], [ -80.084840991190603, 35.867482999913541 ], [ -80.08428999152305, 35.864219000066051 ], [ -80.084925991655268, 35.863109000098262 ], [ -80.084777991250689, 35.859596999722683 ], [ -80.082933991468551, 35.858371000313724 ], [ -80.080486990640708, 35.858104000149545 ], [ -80.080477991296149, 35.860357000388923 ], [ -80.079816991337907, 35.860986000052513 ], [ -80.077324991463996, 35.860909999911627 ], [ -80.076685990970219, 35.858791000516831 ], [ -80.075518991447098, 35.858185999704624 ], [ -80.075653990966416, 35.857044999753754 ], [ -80.073557990746323, 35.856601999885086 ], [ -80.07416199110537, 35.856027999989202 ], [ -80.073074990913099, 35.85599400014663 ], [ -80.072774990864275, 35.858259999818202 ], [ -80.072182990797415, 35.858329000236452 ], [ -80.072018990857941, 35.860720000146451 ], [ -80.063192991145741, 35.860558000043518 ], [ -80.058754991074693, 35.859116999992374 ], [ -80.054690991669744, 35.859399999923703 ], [ -80.054589991116828, 35.862131000326748 ], [ -80.055951990742955, 35.862158999720663 ], [ -80.055855991238872, 35.862916000373367 ], [ -80.060109991683149, 35.862645000097622 ], [ -80.061993991454528, 35.861278000245953 ], [ -80.063874991221255, 35.862941999921816 ], [ -80.062740991492618, 35.862983999893856 ], [ -80.062532990997127, 35.865223999845973 ], [ -80.057773991147215, 35.865073000080329 ], [ -80.055647990777047, 35.867073000251366 ], [ -80.057709990715992, 35.86700800049362 ], [ -80.060390991014131, 35.870960000168871 ], [ -80.058071991247076, 35.871794000020934 ], [ -80.057623991009393, 35.877232999994881 ], [ -80.054571991144456, 35.875232000248033 ], [ -80.049176991097298, 35.874984999704346 ], [ -80.052409991402556, 35.819372999911209 ], [ -80.074818990909051, 35.818523000198461 ], [ -80.076763991341508, 35.816486999626846 ], [ -80.07720699139837, 35.814594000039655 ], [ -80.074894990857601, 35.811292999923957 ], [ -80.076983991654018, 35.809798000238231 ], [ -80.079334991489901, 35.809431999658493 ], [ -80.086277991333247, 35.811634000448812 ], [ -80.094270990710086, 35.817076000150287 ], [ -80.097487991111478, 35.817819999833326 ], [ -80.097519990923743, 35.819822000284546 ] ] ] } },
{ "type": "Feature", "properties": { "county": "DAVIDSON", "precinct": "78", "enr_desc": "Tyro 78", "winner": "Richie Simmons", "winner_votes": 488, "winner_share": 85.16579406631763, "runner_up": "Elizabeth Clodfelter", "runner_up_votes": 85, "runner_up_share": 14.834205933682373, "contest_votes": 573, "margin_of_victory": 70.331588132635261, "is_tie": false, "results": [ { "candidate": "Richie Simmons", "votes": 488, "share": 85.16579406631763 }, { "candidate": "Elizabeth Clodfelter", "votes": 85, "share": 14.834205933682373 } ], "participated": true, "map_key": "DAVIDSON_78" }, "geometry": { "type": "Polygon", "coordinates": [ [ [ -80.466942991228763, 35.813939000089093 ], [ -80.471804990738647, 35.82479799980554 ], [ -80.476526991547203, 35.829957000205262 ], [ -80.480015991521441, 35.83136400047799 ], [ -80.485769991707272, 35.830615999860953 ], [ -80.487514991464863, 35.832212000235486 ], [ -80.487418990872754, 35.833601000483569 ], [ -80.483089990815643, 35.839797999745258 ], [ -80.477539991306088, 35.84369400015909 ], [ -80.475218990745134, 35.843512999853139 ], [ -80.472586990830621, 35.841375000444934 ], [ -80.465851991645764, 35.831525000009101 ], [ -80.464567990992279, 35.828170999938763 ], [ -80.462555991344246, 35.826964000443247 ], [ -80.458403991672853, 35.826430000019009 ], [ -80.455167990947288, 35.827282000018158 ], [ -80.451299990947419, 35.83039500025702 ], [ -80.447963991399831, 35.835734000293058 ], [ -80.44644399138366, 35.836660000362961 ], [ -80.43835399109291, 35.832123999746187 ], [ -80.4358479911442, 35.828324999769301 ], [ -80.432943990678908, 35.828087999734329 ], [ -80.430384991365671, 35.828941999975513 ], [ -80.427534990834033, 35.833684000078378 ], [ -80.4257639914603, 35.847481000305983 ], [ -80.423956991609529, 35.851382999651719 ], [ -80.422264990922883, 35.85241600015911 ], [ -80.417482990769571, 35.852502000290087 ], [ -80.414574991470957, 35.851691000089822 ], [ -80.40759599119643, 35.845460000469842 ], [ -80.39882299122452, 35.841346999786218 ], [ -80.394106991120665, 35.841516000491417 ], [ -80.389500991672904, 35.843969000303545 ], [ -80.387717991188211, 35.842558999838467 ], [ -80.383856990912548, 35.843290000052484 ], [ -80.378910991668931, 35.841158999671592 ], [ -80.37835199112294, 35.840367999757007 ], [ -80.379010991485373, 35.839695999829885 ], [ -80.384071990876109, 35.836687000364265 ], [ -80.3863509916021, 35.834639000124341 ], [ -80.386659990940529, 35.833262000244659 ], [ -80.385878991320425, 35.831952000400001 ], [ -80.382933990985777, 35.83165500035124 ], [ -80.379409990720717, 35.830070000210306 ], [ -80.377222991704627, 35.82662700005136 ], [ -80.373244991242331, 35.823635999832625 ], [ -80.366579991336081, 35.823126000443686 ], [ -80.360475991063652, 35.824990000112827 ], [ -80.35616799100589, 35.823693999838774 ], [ -80.351116990977062, 35.823461999850025 ], [ -80.345653991303834, 35.828273999689983 ], [ -80.339447990988589, 35.830540000088654 ], [ -80.337517991163068, 35.827967999884365 ], [ -80.330688990631131, 35.82222099969119 ], [ -80.329599991467859, 35.82056800004527 ], [ -80.330989991691879, 35.808218999671546 ], [ -80.335141990844363, 35.799244000114243 ], [ -80.327530991658421, 35.796790000432196 ], [ -80.330631990944823, 35.792111000005121 ], [ -80.332595991412191, 35.79133600014368 ], [ -80.333276991483714, 35.788828999791718 ], [ -80.325705990798468, 35.769703000047983 ], [ -80.344474991512612, 35.768577000009365 ], [ -80.374744991487304, 35.773793000278765 ], [ -80.399595990694365, 35.786878000283686 ], [ -80.419655990991004, 35.809039000056487 ], [ -80.422478990994904, 35.810052000387792 ], [ -80.428671991492863, 35.809657000340152 ], [ -80.437330990619103, 35.814764999738763 ], [ -80.439625990889894, 35.815472999848758 ], [ -80.442884991000852, 35.815118000332433 ], [ -80.445226991289061, 35.8168990003849 ], [ -80.446178990750965, 35.820211000335441 ], [ -80.45124199101636, 35.822373999732108 ], [ -80.454031991455494, 35.821786000450878 ], [ -80.456717991082058, 35.818951999681552 ], [ -80.462745991220856, 35.816118000146766 ], [ -80.463860991114842, 35.814697000087293 ], [ -80.466942991228763, 35.813939000089093 ] ] ] } },
{ "type": "Feature", "properties": { "county": "DAVIDSON", "precinct": "80A", "enr_desc": "Wallburg 80A", "winner": "Richie Simmons", "winner_votes": 707, "winner_share": 89.834815756035582, "runner_up": "Elizabeth Clodfelter", "runner_up_votes": 80, "runner_up_share": 10.165184243964422, "contest_votes": 787, "margin_of_victory": 79.669631512071163, "is_tie": false, "results": [ { "candidate": "Richie Simmons", "votes": 707, "share": 89.83481575603558 }, { "candidate": "Elizabeth Clodfelter", "votes": 80, "share": 10.165184243964422 } ], "participated": true, "map_key": "DAVIDSON_80A" }, "geometry": { "type": "Polygon", "coordinates": [ [ [ -80.132060991124931, 35.950900000008637 ], [ -80.141362990876516, 35.955781999991345 ], [ -80.145441991442766, 35.961332000287562 ], [ -80.149614991050797, 35.964993000006707 ], [ -80.150125990682938, 35.968432000033282 ], [ -80.149237990960202, 35.970955000109328 ], [ -80.149589990927495, 35.972000000316761 ], [ -80.161893990625842, 35.983309999869107 ], [ -80.169316990865283, 35.995482999832014 ], [ -80.17052399069911, 35.999523999746827 ], [ -80.174238991398596, 36.0054690005175 ], [ -80.185459991244215, 36.019935000146255 ], [ -80.189807991319867, 36.022856000208307 ], [ -80.199236991268222, 36.026387999827669 ], [ -80.203154990976216, 36.026166000109939 ], [ -80.208912991439888, 36.023310000124852 ], [ -80.213783991198781, 36.024072000491742 ], [ -80.213729991002793, 36.026807999765943 ], [ -80.149406991520721, 36.026768000497555 ], [ -80.110482991063023, 36.020931999884404 ], [ -80.110883991153472, 36.019694000353788 ], [ -80.113244990940927, 36.019653999747661 ], [ -80.117277991626025, 36.021222999778963 ], [ -80.119291991081496, 36.016797999653086 ], [ -80.115669991156494, 36.01621499988191 ], [ -80.115602991222147, 36.013436000349969 ], [ -80.120021990645412, 36.013262999684684 ], [ -80.118921990666138, 36.010086000515741 ], [ -80.121149990820143, 36.009235000187076 ], [ -80.118678991634852, 36.002755000205042 ], [ -80.118909991354528, 35.996757999929585 ], [ -80.11558499112428, 35.995747000398723 ], [ -80.111225990903151, 35.996999000173645 ], [ -80.104289991569914, 35.996982000190137 ], [ -80.100113991277198, 35.999282999730347 ], [ -80.095730990996628, 35.999095999755419 ], [ -80.091954990844201, 35.997019999800365 ], [ -80.087040991541315, 35.992476999972432 ], [ -80.088907990887407, 35.98798400039658 ], [ -80.094308991412575, 35.981875999985114 ], [ -80.09434199130574, 35.976829000450735 ], [ -80.092524991145964, 35.967599999873627 ], [ -80.087194991487621, 35.96832999974545 ], [ -80.085369991661864, 35.969675000426399 ], [ -80.084556991301184, 35.969339000343545 ], [ -80.082317991251628, 35.966693999788546 ], [ -80.079175990825306, 35.965306000071003 ], [ -80.073638990853908, 35.959173999810837 ], [ -80.073315991545144, 35.957695999849868 ], [ -80.077531991318835, 35.955993000070414 ], [ -80.07978999155543, 35.953706000044683 ], [ -80.088506991310965, 35.950024999785384 ], [ -80.098388991358377, 35.947939999964518 ], [ -80.101197991549284, 35.948610000093488 ], [ -80.10844299075093, 35.953581999962154 ], [ -80.112254990962043, 35.953272000098785 ], [ -80.116555990855161, 35.950206999894341 ], [ -80.121826990652295, 35.948627999700882 ], [ -80.12112099133563, 35.947277999633833 ], [ -80.127352991032765, 35.948479999818026 ], [ -80.132060991124931, 35.950900000008637 ] ] ] } },
{ "type": "Feature", "properties": { "county": "DAVIDSON", "precinct": "82", "enr_desc": "Welcome 82", "winner": "Richie Simmons", "winner_votes": 455, "winner_share": 90.277777777777786, "runner_up": "Elizabeth Clodfelter", "runner_up_votes": 49, "runner_up_share": 9.7222222222222232, "contest_votes": 504, "margin_of_victory": 80.555555555555557, "is_tie": false, "results": [ { "candidate": "Richie Simmons", "votes": 455, "share": 90.27777777777779 }, { "candidate": "Elizabeth Clodfelter", "votes": 49, "share": 9.722222222222223 } ], "participated": true, "map_key": "DAVIDSON_82" }, "geometry": { "type": "Polygon", "coordinates": [ [ [ -80.250115991581197, 35.866908000279217 ], [ -80.256746990699796, 35.867986999799889 ], [ -80.264240990686346, 35.867181999734875 ], [ -80.275980991351403, 35.87472399986568 ], [ -80.278764991477445, 35.883541000149194 ], [ -80.278940991284458, 35.886626000013862 ], [ -80.282192991113874, 35.894043999654244 ], [ -80.284180991083559, 35.894940000400666 ], [ -80.287760990743678, 35.894977999991845 ], [ -80.295035991335027, 35.890982000401841 ], [ -80.296825991336419, 35.899370999921494 ], [ -80.279328991026588, 35.920732000172798 ], [ -80.277097991085952, 35.919852000140978 ], [ -80.274388991310943, 35.916733999996765 ], [ -80.276508991681382, 35.91681199984734 ], [ -80.277044991081169, 35.91615100002852 ], [ -80.27678899133771, 35.913320000391963 ], [ -80.274134991611419, 35.907051000518457 ], [ -80.268902991422124, 35.905840000248567 ], [ -80.266467991526866, 35.903934000097891 ], [ -80.256687990794831, 35.905447000352069 ], [ -80.257414991718548, 35.90155600033782 ], [ -80.256987990898082, 35.899918999833282 ], [ -80.251291991615886, 35.899992999991326 ], [ -80.242801991499562, 35.903307000212976 ], [ -80.238456991658467, 35.903868000474638 ], [ -80.233865991163285, 35.902291000353408 ], [ -80.219119991062612, 35.903404999799747 ], [ -80.214773991039337, 35.908135999659812 ], [ -80.209193991183625, 35.910298000000786 ], [ -80.203048991442131, 35.910754000251906 ], [ -80.204672991477565, 35.912535999964419 ], [ -80.200609990757471, 35.912815000393373 ], [ -80.200431991285981, 35.915170999698461 ], [ -80.199682991076571, 35.91578499987444 ], [ -80.189203990919779, 35.915758999886194 ], [ -80.183744990647597, 35.920319999725777 ], [ -80.184262991004118, 35.924719999640111 ], [ -80.181764991459659, 35.924888000001324 ], [ -80.172167990909173, 35.921270000375934 ], [ -80.170874991361671, 35.917599000057727 ], [ -80.167629990871362, 35.915496000016155 ], [ -80.165495990811095, 35.912560999768012 ], [ -80.168638991039757, 35.90423000041315 ], [ -80.170550991269408, 35.901840000367187 ], [ -80.17487499117837, 35.899719000375775 ], [ -80.181725991295977, 35.891695000298355 ], [ -80.190618991535615, 35.886679999912886 ], [ -80.190852990950887, 35.884638999679531 ], [ -80.193600990868816, 35.879557999721953 ], [ -80.19158199160654, 35.8777759996497 ], [ -80.191554991111005, 35.876672999674014 ], [ -80.194980991520538, 35.874494000381695 ], [ -80.194863991357607, 35.87228900014879 ], [ -80.193617991707725, 35.870930999929364 ], [ -80.194092990688532, 35.87035400038657 ], [ -80.197229991436856, 35.870654000207367 ], [ -80.198794990896275, 35.869201999679518 ], [ -80.201614990889269, 35.87058500002648 ], [ -80.204157990731474, 35.870661999654146 ], [ -80.204094990778444, 35.866413000295019 ], [ -80.207476990789019, 35.859809000291818 ], [ -80.209031990762426, 35.854733000264368 ], [ -80.212593991058213, 35.854226000477638 ], [ -80.216503991219341, 35.854200000326081 ], [ -80.217475991158366, 35.854879000338691 ], [ -80.216556991560324, 35.860251000029848 ], [ -80.218422991111069, 35.863083999977334 ], [ -80.219273991587244, 35.866521000527136 ], [ -80.227625991213813, 35.867079000498748 ], [ -80.240088990844384, 35.865597999694245 ], [ -80.250115991581197, 35.866908000279217 ] ] ] } },
{ "type": "Feature", "properties": { "county": "DAVIDSON", "precinct": "84", "enr_desc": "West Arcadia 84", "winner": "Richie Simmons", "winner_votes": 703, "winner_share": 86.151960784313729, "runner_up": "Elizabeth Clodfelter", "runner_up_votes": 113, "runner_up_share": 13.848039215686276, "contest_votes": 816, "margin_of_victory": 72.303921568627459, "is_tie": false, "results": [ { "candidate": "Richie Simmons", "votes": 703, "share": 86.15196078431373 }, { "candidate": "Elizabeth Clodfelter", "votes": 113, "share": 13.848039215686276 } ], "participated": true, "map_key": "DAVIDSON_84" }, "geometry": { "type": "Polygon", "coordinates": [ [ [ -80.308503991473486, 35.947369000214429 ], [ -80.30993899083424, 35.946494999813154 ], [ -80.312459991619036, 35.945367999679384 ], [ -80.325456990606654, 35.943855000037438 ], [ -80.332226991358908, 35.947353999970829 ], [ -80.337334991223756, 35.947813000151321 ], [ -80.342019991156292, 35.945765000027279 ], [ -80.344695991531424, 35.942225999787489 ], [ -80.348573990898899, 35.939674000529159 ], [ -80.353117990707219, 35.938413000373004 ], [ -80.357930991717822, 35.940195000365222 ], [ -80.360166990736374, 35.934572000082611 ], [ -80.369064991690749, 35.930402000537995 ], [ -80.373896990608628, 35.936582000071247 ], [ -80.375295990814848, 35.939644000171867 ], [ -80.374165990858174, 35.953123000311741 ], [ -80.377750991310592, 35.961845000305701 ], [ -80.381552991431448, 35.964774999787572 ], [ -80.390053991131879, 35.966952000358752 ], [ -80.392194991033506, 35.970995999789878 ], [ -80.394306990781558, 35.972761999709469 ], [ -80.330297991271635, 35.996556000341918 ], [ -80.26685099115906, 35.996639000063723 ], [ -80.270306991187084, 35.991345000330185 ], [ -80.274399990850938, 35.98836100006676 ], [ -80.278604990741655, 35.982245000192513 ], [ -80.287797990642105, 35.979237000456123 ], [ -80.29338699090269, 35.971450000505591 ], [ -80.300706990937172, 35.965193000428727 ], [ -80.301893991309839, 35.96251599967286 ], [ -80.300741990774625, 35.957295000019705 ], [ -80.301992990696675, 35.953150000296993 ], [ -80.308503991473486, 35.947369000214429 ] ] ] } },
{ "type": "Feature", "properties": { "county": "DAVIDSON", "precinct": "86A", "enr_desc": "Abbotts Creek 1 86A", "winner": "Richie Simmons", "winner_votes": 228, "winner_share": 81.138790035587192, "runner_up": "Elizabeth Clodfelter", "runner_up_votes": 53, "runner_up_share": 18.861209964412812, "contest_votes": 281, "margin_of_victory": 62.277580071174384, "is_tie": false, "results": [ { "candidate": "Richie Simmons", "votes": 228, "share": 81.13879003558719 }, { "candidate": "Elizabeth Clodfelter", "votes": 53, "share": 18.86120996441281 } ], "participated": true, "map_key": "DAVIDSON_86A" }, "geometry": { "type": "Polygon", "coordinates": [ [ [ -80.087040991541315, 35.992476999972432 ], [ -80.091954990844201, 35.997019999800365 ], [ -80.095730990996628, 35.999095999755419 ], [ -80.100113991277198, 35.999282999730347 ], [ -80.104289991569914, 35.996982000190137 ], [ -80.111225990903151, 35.996999000173645 ], [ -80.11558499112428, 35.995747000398723 ], [ -80.118909991354528, 35.996757999929585 ], [ -80.118678991634852, 36.002755000205042 ], [ -80.121149990820143, 36.009235000187076 ], [ -80.118921990666138, 36.010086000515741 ], [ -80.120021990645412, 36.013262999684684 ], [ -80.115602991222147, 36.013436000349969 ], [ -80.115669991156494, 36.01621499988191 ], [ -80.119291991081496, 36.016797999653086 ], [ -80.117277991626025, 36.021222999778963 ], [ -80.113244990940927, 36.019653999747661 ], [ -80.110883991153472, 36.019694000353788 ], [ -80.110482991063023, 36.020931999884404 ], [ -80.043237990901815, 36.010757999930433 ], [ -80.043990991691828, 35.993490000034818 ], [ -80.047704991422989, 35.991673000391906 ], [ -80.051958991562699, 35.993175000426348 ], [ -80.062498991646919, 35.994519999889114 ], [ -80.062474990981173, 35.991849000423876 ], [ -80.066583990866889, 35.988109999905483 ], [ -80.06842199064566, 35.989549000439787 ], [ -80.072906991558469, 35.990975000186559 ], [ -80.07825099083469, 35.991684999986397 ], [ -80.084854991559993, 35.991384000146667 ], [ -80.087040991541315, 35.992476999972432 ] ] ] } },
{ "type": "Feature", "properties": { "county": "DAVIDSON", "precinct": "88", "enr_desc": "Abbotts Creek 2 88", "winner": "Richie Simmons", "winner_votes": 262, "winner_share": 88.215488215488207, "runner_up": "Elizabeth Clodfelter", "runner_up_votes": 35, "runner_up_share": 11.784511784511785, "contest_votes": 297, "margin_of_victory": 76.430976430976415, "is_tie": false, "results": [ { "candidate": "Richie Simmons", "votes": 262, "share": 88.21548821548821 }, { "candidate": "Elizabeth Clodfelter", "votes": 35, "share": 11.784511784511785 } ], "participated": true, "map_key": "DAVIDSON_88" }, "geometry": { "type": "Polygon", "coordinates": [ [ [ -80.046292991614536, 35.939651000212265 ], [ -80.049401990812356, 35.940451999981143 ], [ -80.055650990618474, 35.939252000262549 ], [ -80.059945991327893, 35.939586999932388 ], [ -80.059948990628129, 35.94578499999011 ], [ -80.062858991196094, 35.947603000170218 ], [ -80.065100991550054, 35.94707500035107 ], [ -80.068959990604867, 35.948754999970518 ], [ -80.067993990653136, 35.950773999697155 ], [ -80.070251991125375, 35.951200999989332 ], [ -80.073315991545144, 35.957695999849868 ], [ -80.073638990853908, 35.959173999810837 ], [ -80.079175990825306, 35.965306000071003 ], [ -80.082317991251628, 35.966693999788546 ], [ -80.084556991301184, 35.969339000343545 ], [ -80.085369991661864, 35.969675000426399 ], [ -80.087194991487621, 35.96832999974545 ], [ -80.092524991145964, 35.967599999873627 ], [ -80.09434199130574, 35.976829000450735 ], [ -80.094308991412575, 35.981875999985114 ], [ -80.088907990887407, 35.98798400039658 ], [ -80.087040991541315, 35.992476999972432 ], [ -80.084854991559993, 35.991384000146667 ], [ -80.07825099083469, 35.991684999986397 ], [ -80.072906991558469, 35.990975000186559 ], [ -80.06842199064566, 35.989549000439787 ], [ -80.066583990866889, 35.988109999905483 ], [ -80.062474990981173, 35.991849000423876 ], [ -80.062498991646919, 35.994519999889114 ], [ -80.051958991562699, 35.993175000426348 ], [ -80.047704991422989, 35.991673000391906 ], [ -80.043990991691828, 35.993490000034818 ], [ -80.046292991614536, 35.939651000212265 ] ] ] } }
]
}
