{
"type": "FeatureCollection",
"name": "macon_county_board_of_commissioners_district_01_rep_focus_mask",
"crs": { "type": "name", "properties": { "name": "urn:ogc:def:crs:OGC:1.3:CRS84" } },
"features": [
{ "type": "Feature", "properties": { }, "geometry": { "type": "Polygon", "coordinates": [ [ [ -83.738128744246708, 35.155950086162846 ], [ -83.738128046444629, 35.155954724696215 ], [ -83.738127456567739, 35.15595767274668 ], [ -83.738126415119368, 35.155962303448369 ], [ -83.738122666624946, 35.155977298780712 ], [ -83.738121391516671, 35.15598271932727 ], [ -83.738096798240647, 35.156094207426065 ], [ -83.738093225246033, 35.156116131271737 ], [ -83.738092105512919, 35.156138316120106 ], [ -83.738092954357512, 35.156303742045672 ], [ -83.738091978940844, 35.156318187722945 ], [ -83.738052464922077, 35.156598639705273 ], [ -83.738051291118978, 35.156605321102397 ], [ -83.738022339376414, 35.156742606054813 ], [ -83.738018820967923, 35.15675516414651 ], [ -83.737954408874515, 35.156938132068113 ], [ -83.737948602606266, 35.156951444819398 ], [ -83.737858408477081, 35.157122991307816 ], [ -83.7378507451009, 35.157139313503464 ], [ -83.737844582957607, 35.157156259576617 ], [ -83.737784040514512, 35.157349460332227 ], [ -83.737779067920968, 35.157362198438051 ], [ -83.737675927917479, 35.157580893216227 ], [ -83.737673812937473, 35.157584896022286 ], [ -83.73767134367877, 35.157588690539065 ], [ -83.737546868446529, 35.157762201523013 ], [ -83.737537698222894, 35.157776183357988 ], [ -83.737453157170947, 35.157917644075958 ], [ -83.737442270429966, 35.157938572774256 ], [ -83.737433923763376, 35.157960637784996 ], [ -83.737372075342449, 35.15815873128161 ], [ -83.737308128280787, 35.158361535659253 ], [ -83.737303007898205, 35.158381210846045 ], [ -83.737299911422681, 35.15840130420645 ], [ -83.737268872616809, 35.158704390627243 ], [ -83.737267856246731, 35.158721653782877 ], [ -83.737264086435246, 35.158963892629437 ], [ -83.737263152851057, 35.158976051720522 ], [ -83.737227983926374, 35.159229838500941 ], [ -83.737224977893504, 35.15924394407444 ], [ -83.737092210470593, 35.159701796975639 ], [ -83.737090818449786, 35.15970591473868 ], [ -83.737088405474481, 35.159709530156235 ], [ -83.736891404603895, 35.159978435735759 ], [ -83.736555004826656, 35.160430946816788 ], [ -83.736549185693448, 35.160439201929059 ], [ -83.736350667382339, 35.160736489442776 ], [ -83.736347390586744, 35.160741560660611 ], [ -83.736336179794534, 35.160759498983083 ], [ -83.7363338549807, 35.160762898214983 ], [ -83.736331257752965, 35.160766094141508 ], [ -83.73611625512244, 35.161009410373794 ], [ -83.736104457068208, 35.161024102629312 ], [ -83.736094094066019, 35.161039839993819 ], [ -83.736085258102136, 35.16105648277599 ], [ -83.736078027608229, 35.161073883247646 ], [ -83.736036671393407, 35.161188350002263 ], [ -83.736034794612749, 35.161192837249814 ], [ -83.736030729924195, 35.161195508580093 ], [ -83.735735967722334, 35.161369002321059 ], [ -83.735719701006815, 35.161379674738384 ], [ -83.735704548198228, 35.161391877152795 ], [ -83.735690652682493, 35.161405494096947 ], [ -83.735678145948214, 35.161420396718299 ], [ -83.735553393491969, 35.161584653518958 ], [ -83.735541946195823, 35.161601430843838 ], [ -83.735532259514812, 35.161619282662535 ], [ -83.735524433347521, 35.161638024869582 ], [ -83.735518548405039, 35.161657464176962 ], [ -83.735514665378673, 35.161677400107479 ], [ -83.735461134600698, 35.162052996944979 ], [ -83.735460828281148, 35.162055000626808 ], [ -83.735397113878221, 35.162445247483028 ], [ -83.73533381752658, 35.162815168708562 ], [ -83.735332761264573, 35.16281992547998 ], [ -83.735330797754145, 35.162824386661825 ], [ -83.735186991796638, 35.163112000504171 ], [ -83.7350430666433, 35.163399848372748 ], [ -83.735040807645376, 35.163403886337569 ], [ -83.735038184100247, 35.163407697537565 ], [ -83.734876593430968, 35.163620571533507 ], [ -83.734873863600299, 35.163623863401767 ], [ -83.734870383634302, 35.163626349002008 ], [ -83.734704681192625, 35.163734248645397 ], [ -83.734699357951598, 35.163737837925304 ], [ -83.734481470245342, 35.163889895714362 ], [ -83.734467491023068, 35.163900596245583 ], [ -83.734454506933588, 35.163912484619907 ], [ -83.734230496982519, 35.164136494887956 ], [ -83.734163705363997, 35.164202338755366 ], [ -83.73415982054928, 35.164205787458087 ], [ -83.734155593262855, 35.164208815564265 ], [ -83.733830823034992, 35.164416706773665 ], [ -83.733811959234657, 35.16443039418661 ], [ -83.733617513689083, 35.164589572131604 ], [ -83.733616462103257, 35.164590421181977 ], [ -83.733359815395175, 35.164794788182306 ], [ -83.733347450618155, 35.164805488737187 ], [ -83.733336001317568, 35.16481716362911 ], [ -83.733267249864312, 35.164893257312016 ], [ -83.733252902160402, 35.164911090916384 ], [ -83.733240686013787, 35.16493044704756 ], [ -83.733230761423641, 35.164951072191506 ], [ -83.733212989570177, 35.164994155826037 ], [ -83.733210755966198, 35.164998856059384 ], [ -83.733207593472912, 35.165002988832711 ], [ -83.73316239019708, 35.165056054330293 ], [ -83.733149748726063, 35.165072561099137 ], [ -83.733138889233601, 35.165090291063343 ], [ -83.733129929078288, 35.165109052615087 ], [ -83.733077379150842, 35.165235614630994 ], [ -83.733071650386847, 35.165251211825797 ], [ -83.733067236089525, 35.165267230727196 ], [ -83.733040928269105, 35.165380949182349 ], [ -83.733039826356347, 35.165384947507107 ], [ -83.73303839616726, 35.165388840497769 ], [ -83.732941922495186, 35.165621126755212 ], [ -83.732933620687703, 35.165645407466094 ], [ -83.732868147706071, 35.165886423068628 ], [ -83.732867826937181, 35.165887576527403 ], [ -83.732798122788296, 35.166132536602959 ], [ -83.732797861311127, 35.166133463988182 ], [ -83.732736084739798, 35.166354606085292 ], [ -83.732732123492383, 35.166371622568292 ], [ -83.732729662455682, 35.166388919836081 ], [ -83.732728720410591, 35.166406365887944 ], [ -83.73272706339327, 35.16656797865938 ], [ -83.73272593760349, 35.166581942995329 ], [ -83.732695171421057, 35.166784636023337 ], [ -83.732692909690186, 35.166813529071383 ], [ -83.732690992262974, 35.167155741290301 ], [ -83.732690990030491, 35.16715625960132 ], [ -83.732689992839127, 35.167487397724365 ], [ -83.732689981957407, 35.167488602202155 ], [ -83.732685164232223, 35.167808546555527 ], [ -83.732686128118246, 35.167831398413924 ], [ -83.73271740725113, 35.168145147424916 ], [ -83.73271788347536, 35.168156881865066 ], [ -83.732713064034868, 35.168421018097462 ], [ -83.732712602018665, 35.168428965047248 ], [ -83.732680904567658, 35.168751702582668 ], [ -83.732679948949922, 35.168770342572451 ], [ -83.732679014313831, 35.168976022093915 ], [ -83.732678746365409, 35.16898095000807 ], [ -83.732677040308701, 35.16898558093731 ], [ -83.732609849469426, 35.169143290710302 ], [ -83.732603188083687, 35.169156223090695 ], [ -83.732543935257581, 35.16925318284644 ], [ -83.732540749935396, 35.169257789343405 ], [ -83.732536614270941, 35.169261565898779 ], [ -83.732355725267709, 35.169408924418363 ], [ -83.732343104547212, 35.169420123752055 ], [ -83.732331472748513, 35.16943234704619 ], [ -83.732320912663141, 35.169445507299145 ], [ -83.732238887097964, 35.169557062537216 ], [ -83.732235828772133, 35.169560822245792 ], [ -83.732231814348523, 35.169563537603729 ], [ -83.732148185971681, 35.169614333693374 ], [ -83.73213040469615, 35.169626491245303 ], [ -83.732114034027603, 35.169640490568113 ], [ -83.732099263857521, 35.169656169276728 ], [ -83.732086265512422, 35.169673345506034 ], [ -83.732075189766576, 35.169691820020425 ], [ -83.732001067702114, 35.169832070122609 ], [ -83.73199882483712, 35.169835892562617 ], [ -83.731995951567725, 35.169839243837025 ], [ -83.731899581685724, 35.169942101518117 ], [ -83.731890740094343, 35.169952196834267 ], [ -83.731764699295709, 35.170106245395587 ], [ -83.731755722845691, 35.170118088352957 ], [ -83.731626930298205, 35.170301808348327 ], [ -83.731621271362215, 35.170310336961876 ], [ -83.731486406816771, 35.170525338170457 ], [ -83.731485581525178, 35.170526665342443 ], [ -83.731353107301132, 35.170741568314064 ], [ -83.731350860368977, 35.170744904409794 ], [ -83.731348352038623, 35.170748048692857 ], [ -83.731115250646127, 35.171017236035645 ], [ -83.731108373936195, 35.171024421312595 ], [ -83.730919885921267, 35.171202695953163 ], [ -83.730909406112829, 35.171213378511972 ], [ -83.730899754389469, 35.171224814756265 ], [ -83.730744801490673, 35.171423010211363 ], [ -83.730730504389044, 35.171443897748475 ], [ -83.730643564511197, 35.171589956496028 ], [ -83.730631884570201, 35.171612794976561 ], [ -83.730608160538608, 35.17166759435252 ], [ -83.730601106496337, 35.171686435076133 ], [ -83.730595980927802, 35.171705889148349 ], [ -83.730592835695091, 35.17172575972684 ], [ -83.730591702622647, 35.171745845754955 ], [ -83.730592593175231, 35.171765943996036 ], [ -83.73059549834197, 35.171785851089865 ], [ -83.730600388727481, 35.171805365610311 ], [ -83.730607214849343, 35.171824290103402 ], [ -83.730615907638736, 35.171842433085274 ], [ -83.730626379139309, 35.171859610979617 ], [ -83.730638523397204, 35.171875649975185 ], [ -83.730652217533063, 35.171890387784444 ], [ -83.730667322985354, 35.171903675285698 ], [ -83.730677414194346, 35.171911688847274 ], [ -83.730695007404336, 35.171924174100248 ], [ -83.730713843038913, 35.171934691773451 ], [ -83.73073370194426, 35.171943119493079 ], [ -83.730932205268346, 35.172014991420184 ], [ -83.730937713622296, 35.172017172510806 ], [ -83.731049793009547, 35.172065440270984 ], [ -83.731072402795164, 35.172073604420881 ], [ -83.731095828767153, 35.172078996969894 ], [ -83.731237091810826, 35.172102682012749 ], [ -83.731240895987938, 35.172103282247107 ], [ -83.731403047690236, 35.172127269297675 ], [ -83.731407866843952, 35.172128230285999 ], [ -83.731411303175179, 35.172131743029674 ], [ -83.731505090285637, 35.172237722924002 ], [ -83.731507826241568, 35.172241101564197 ], [ -83.731509591430665, 35.172245074569659 ], [ -83.731573575437537, 35.172407941133883 ], [ -83.731574419625019, 35.172410054540826 ], [ -83.73163924528221, 35.17256970153646 ], [ -83.731640777951526, 35.172574043625971 ], [ -83.731641058614613, 35.172578639716427 ], [ -83.731642967517672, 35.172709373775596 ], [ -83.731642962090078, 35.172712627147845 ], [ -83.731639714182251, 35.172893681013626 ], [ -83.731640346596777, 35.172913559110278 ], [ -83.731642950132922, 35.172933276114975 ], [ -83.731647499045721, 35.172952637056767 ], [ -83.731653948353383, 35.172971450485619 ], [ -83.73177162995664, 35.173266095485083 ], [ -83.731882749081294, 35.17355237674925 ], [ -83.731944687379809, 35.173715201526264 ], [ -83.731945303903174, 35.173716801582067 ], [ -83.731992924202984, 35.173838828219274 ], [ -83.732100167524223, 35.174115147160464 ], [ -83.732108833233042, 35.174134395931141 ], [ -83.732202592705065, 35.17431634623442 ], [ -83.732204729484039, 35.174321086855024 ], [ -83.732205834201196, 35.174326168086125 ], [ -83.732235163499737, 35.174505928279508 ], [ -83.732237077854975, 35.174516022587348 ], [ -83.732300891260863, 35.174810915055367 ], [ -83.732301722377201, 35.174816029533922 ], [ -83.732302017898846, 35.174821202667431 ], [ -83.732302983770069, 35.175012497682658 ], [ -83.732302953792356, 35.175015502385207 ], [ -83.732301100973515, 35.1750895929477 ], [ -83.732300797556675, 35.175093978168043 ], [ -83.732300109231559, 35.175098319645571 ], [ -83.732271472284665, 35.175238641537817 ], [ -83.732270396383186, 35.175243333890435 ], [ -83.73223151954285, 35.175395926073357 ], [ -83.732230374530374, 35.175400049356831 ], [ -83.732198289247023, 35.175506685140036 ], [ -83.732196802345797, 35.175510924574752 ], [ -83.73219493997135, 35.175515013002702 ], [ -83.732130747910588, 35.175640607221666 ], [ -83.732124604049858, 35.175651020431864 ], [ -83.731989471375471, 35.175851288439858 ], [ -83.731988517223911, 35.17585271567593 ], [ -83.731889263554123, 35.176002569075301 ], [ -83.731886858067739, 35.176005895112965 ], [ -83.731883949210712, 35.176008771499191 ], [ -83.731623749433794, 35.176245842143715 ], [ -83.731610822187037, 35.176258748869586 ], [ -83.731415322563535, 35.176472638326942 ], [ -83.73121830218453, 35.176686079671562 ], [ -83.731204572305771, 35.176702662230582 ], [ -83.731185109210841, 35.176728928160948 ], [ -83.731173903134078, 35.17674576932383 ], [ -83.731164455572397, 35.176763656316353 ], [ -83.731156863174547, 35.176782406154175 ], [ -83.731151203610949, 35.176801827026019 ], [ -83.731147534779055, 35.176821720255923 ], [ -83.731145894211124, 35.176841882335687 ], [ -83.731146298690177, 35.176862107006762 ], [ -83.731148744078411, 35.176882187370303 ], [ -83.731153205359419, 35.176901918003722 ], [ -83.731159636894219, 35.176921097062184 ], [ -83.731167972888045, 35.176939528343482 ], [ -83.731178128063505, 35.176957023295181 ], [ -83.731189998532898, 35.176973402943524 ], [ -83.731196840393181, 35.176981903399465 ], [ -83.731209661402772, 35.176996345444039 ], [ -83.731223815535373, 35.17700948361243 ], [ -83.731338281441595, 35.177105875670733 ], [ -83.731341788979549, 35.17710913272326 ], [ -83.731343373782835, 35.177113649316446 ], [ -83.73136759441843, 35.17719512094299 ], [ -83.731373201100126, 35.17721138411865 ], [ -83.731380184583927, 35.177227105337302 ], [ -83.731388493205003, 35.177242168291123 ], [ -83.731439753563095, 35.17732632561227 ], [ -83.731441825886137, 35.177330082585456 ], [ -83.731443217838532, 35.177334124355312 ], [ -83.73149896330338, 35.177521634717181 ], [ -83.731505971562711, 35.177541362956212 ], [ -83.731515003752335, 35.177560250482898 ], [ -83.731525960897741, 35.177578090328154 ], [ -83.731640288647412, 35.177744076257945 ], [ -83.731642775391691, 35.17774808243577 ], [ -83.731643593759799, 35.177752726101694 ], [ -83.731674160310405, 35.17799248032626 ], [ -83.731674961307888, 35.178005573706834 ], [ -83.73167401161507, 35.178211674510038 ], [ -83.731673805280948, 35.178215982847448 ], [ -83.731673227533975, 35.178220257254644 ], [ -83.731639823419997, 35.178406364569796 ], [ -83.731638782268703, 35.178410920126829 ], [ -83.731636512353532, 35.178415004803448 ], [ -83.731537972467393, 35.178574184036719 ], [ -83.731534749531306, 35.178578786192702 ], [ -83.731530575417523, 35.178582547034743 ], [ -83.731234251183281, 35.178820578425011 ], [ -83.731225383750683, 35.178826937270124 ], [ -83.731059830856452, 35.178932464881292 ], [ -83.731058157545192, 35.178933543240902 ], [ -83.730930719790877, 35.17901657057768 ], [ -83.730926897989846, 35.179018824963322 ], [ -83.730922753350626, 35.179020359522085 ], [ -83.730691144357181, 35.179094667514924 ], [ -83.73068273831862, 35.179096965491496 ], [ -83.730317940634791, 35.179179785285733 ], [ -83.730316044345116, 35.1791802255146 ], [ -83.73010141491487, 35.179231154440259 ], [ -83.730081355258008, 35.179237037176755 ], [ -83.730062019213008, 35.179244981595268 ], [ -83.72993278217163, 35.17930615871402 ], [ -83.729912687447623, 35.179317120209745 ], [ -83.72989397681971, 35.179330305987115 ], [ -83.729827113376203, 35.179383403430926 ], [ -83.72981082953369, 35.179397847234192 ], [ -83.729796211766356, 35.17941397509388 ], [ -83.729758935568114, 35.179459894586508 ], [ -83.729747759485022, 35.17947507117988 ], [ -83.729738061655326, 35.179491232427317 ], [ -83.729729928203923, 35.179508234803265 ], [ -83.729707867646908, 35.179560550126673 ], [ -83.729705795356196, 35.179564869263437 ], [ -83.729702575396828, 35.179568416260942 ], [ -83.729572301020653, 35.179698690253737 ], [ -83.729565386627684, 35.179704985960612 ], [ -83.729439240403096, 35.179809481165492 ], [ -83.729434824209875, 35.17981274621107 ], [ -83.729430075399122, 35.179815505210975 ], [ -83.729121360331675, 35.179972774059273 ], [ -83.729116913914481, 35.179974771103865 ], [ -83.729112163586919, 35.179975863441072 ], [ -83.728753068822243, 35.180040092518304 ], [ -83.728747971797858, 35.180040735181386 ], [ -83.728742835693851, 35.180040849672579 ], [ -83.728509419280556, 35.1800340131919 ], [ -83.728508562575513, 35.180033989937051 ], [ -83.72843631540762, 35.180032183721423 ], [ -83.72841773291978, 35.1800325830906 ], [ -83.72839926775255, 35.18003470581273 ], [ -83.728381079384192, 35.180038533554473 ], [ -83.728363324902375, 35.180044033256749 ], [ -83.728346157647351, 35.18005115742023 ], [ -83.728253193142805, 35.180094905305673 ], [ -83.728236687302442, 35.180103636107653 ], [ -83.728221067650153, 35.180113868220431 ], [ -83.728206470338435, 35.180125512453344 ], [ -83.728193022608266, 35.180138467306598 ], [ -83.728119019870434, 35.180216739918045 ], [ -83.728110492918844, 35.180224760634623 ], [ -83.728065802328516, 35.180262113546306 ], [ -83.728048965066378, 35.180277924532895 ], [ -83.728034062984719, 35.180295571307539 ], [ -83.727948403715587, 35.180409784710577 ], [ -83.727945870593672, 35.180412893655593 ], [ -83.727943095995116, 35.180415789143673 ], [ -83.727920351239604, 35.180437690989521 ], [ -83.727917656489637, 35.180440335344869 ], [ -83.727810276841623, 35.180547715069885 ], [ -83.727807729488731, 35.18055030915837 ], [ -83.727688870431948, 35.180673570226077 ], [ -83.727674895985302, 35.180689702930088 ], [ -83.727662720311571, 35.180707232969091 ], [ -83.727575038444101, 35.180849071182486 ], [ -83.72757172802973, 35.180853791446843 ], [ -83.727567894146631, 35.180858097382291 ], [ -83.727437016102428, 35.180988975066207 ], [ -83.727434981371061, 35.180991039497513 ], [ -83.727301465738478, 35.18112848209357 ], [ -83.72729845295774, 35.181131454920482 ], [ -83.727099740249912, 35.181319399672873 ], [ -83.727094052395785, 35.181324385444306 ], [ -83.726930491408311, 35.181457158715062 ], [ -83.726926896182576, 35.181459817655956 ], [ -83.726922602214628, 35.18146103290433 ], [ -83.726695926968674, 35.181514368256806 ], [ -83.726681895069319, 35.181516630909044 ], [ -83.726447876505006, 35.181537433094448 ], [ -83.726428864007048, 35.181540047544487 ], [ -83.726410189626421, 35.181544472240624 ], [ -83.726392025312364, 35.181550666441318 ], [ -83.726314823150517, 35.181581201582276 ], [ -83.726295553216218, 35.18159003115818 ], [ -83.726277325970599, 35.181600850552627 ], [ -83.726260346147484, 35.181613538238999 ], [ -83.72621963058873, 35.181647467748199 ], [ -83.726205825503399, 35.181660112464279 ], [ -83.726193263196748, 35.181673992582354 ], [ -83.726182053736352, 35.18168898648856 ], [ -83.726172295336454, 35.181704962810336 ], [ -83.726164073497543, 35.181721781567447 ], [ -83.726150647031147, 35.181752854225152 ], [ -83.726144539411962, 35.181764736499147 ], [ -83.726092392181712, 35.18185139316158 ], [ -83.726081305778109, 35.181872590833827 ], [ -83.726072829564799, 35.181894960533462 ], [ -83.726055064242331, 35.181951914857066 ], [ -83.726050041065704, 35.181971427099555 ], [ -83.726047006590761, 35.181991345730836 ], [ -83.72604599161437, 35.18201146859677 ], [ -83.726045991325762, 35.182087272637681 ], [ -83.726045665149499, 35.182092962562372 ], [ -83.726044690937002, 35.182098577946768 ], [ -83.726019162695636, 35.18220808025071 ], [ -83.726015693963689, 35.182227057063635 ], [ -83.726014069668196, 35.182246279789616 ], [ -83.726014304921236, 35.182265569584487 ], [ -83.726016397534096, 35.182284746980073 ], [ -83.726020328037521, 35.18230363355395 ], [ -83.726042800908914, 35.182390402142246 ], [ -83.726044741236734, 35.18239969033371 ], [ -83.726074676898378, 35.182587031271616 ], [ -83.726075227444227, 35.182590980526456 ], [ -83.726107422618341, 35.182861231572474 ], [ -83.726107755981076, 35.182865948666503 ], [ -83.726105465389566, 35.182870085730464 ], [ -83.726042078668797, 35.182972623672192 ], [ -83.726037642871447, 35.182979200611015 ], [ -83.725940625960192, 35.183111409899787 ], [ -83.725937856490631, 35.18311485161982 ], [ -83.725934067359475, 35.183117105749183 ], [ -83.725740183338502, 35.18322114126395 ], [ -83.725726138565506, 35.183229432169327 ], [ -83.725566493989362, 35.183332675220399 ], [ -83.725565485643926, 35.183333318802426 ], [ -83.725261475136193, 35.183524805786959 ], [ -83.72525791298338, 35.183526849719918 ], [ -83.725254194799405, 35.18352859376779 ], [ -83.725177502507634, 35.183560785954768 ], [ -83.725056777747895, 35.183610675031936 ], [ -83.725055197802405, 35.183611312172388 ], [ -83.724788547505682, 35.183716208147018 ], [ -83.724779529149401, 35.183720013214646 ], [ -83.724550644385005, 35.183823254229466 ], [ -83.724547311503926, 35.183824685392707 ], [ -83.724281917416363, 35.18393298956137 ], [ -83.724276912367571, 35.183934727790046 ], [ -83.7242717510332, 35.183935924693635 ], [ -83.72397448519682, 35.183988383931712 ], [ -83.723967461716484, 35.183989367928675 ], [ -83.723712172646955, 35.184015940856334 ], [ -83.723691971265836, 35.184019094356564 ], [ -83.723439747981018, 35.184071797590896 ], [ -83.72343396049196, 35.184072655687345 ], [ -83.723428112298436, 35.184072828866469 ], [ -83.723328573249674, 35.184069922304865 ], [ -83.723307697160081, 35.184070403289361 ], [ -83.723286985006467, 35.184073058314048 ], [ -83.723266662573323, 35.184077858436332 ], [ -83.7231038739654, 35.184125405728864 ], [ -83.723086386632716, 35.18413140358232 ], [ -83.722989169958311, 35.184169855414787 ], [ -83.722970926723093, 35.184178150871922 ], [ -83.722953605266312, 35.184188230424269 ], [ -83.722937379508508, 35.184199992865516 ], [ -83.722831702539338, 35.184284992984658 ], [ -83.722815114690448, 35.184299934278584 ], [ -83.722691179437234, 35.18442478139103 ], [ -83.722682332709496, 35.18443269267339 ], [ -83.722555252259141, 35.184533415524818 ], [ -83.722551895157224, 35.184535856048299 ], [ -83.722548346822094, 35.184538009093842 ], [ -83.722350427013041, 35.184647106745444 ], [ -83.722343418553535, 35.184650618963438 ], [ -83.72211368375649, 35.184754686503709 ], [ -83.722112300934299, 35.184755319255125 ], [ -83.721888107919582, 35.184858938034566 ], [ -83.721862881421558, 35.184872885788728 ], [ -83.721704654916266, 35.184975917457699 ], [ -83.721701350448924, 35.184978116212456 ], [ -83.721503501989716, 35.185112613696809 ], [ -83.72149990307814, 35.185114843037667 ], [ -83.721496128112904, 35.185116759221863 ], [ -83.721268410509666, 35.18522044346372 ], [ -83.721264942491672, 35.185221867803293 ], [ -83.721261377343737, 35.185223027808384 ], [ -83.721065529346276, 35.1852787099034 ], [ -83.721060951067372, 35.185279781082841 ], [ -83.721056292244043, 35.185280416243877 ], [ -83.720794390841803, 35.185303610807161 ], [ -83.72078557342958, 35.185304000488188 ], [ -83.720321239368658, 35.185304000376362 ], [ -83.720314749262499, 35.185303789489417 ], [ -83.719805361895055, 35.185270650959616 ], [ -83.71978851229845, 35.185270266441094 ], [ -83.719771690155312, 35.185271301941022 ], [ -83.719755014926704, 35.185273750105878 ], [ -83.719505665219316, 35.185321167515227 ], [ -83.719485614388688, 35.185326064596438 ], [ -83.719466175043067, 35.1853330021072 ], [ -83.719447554219869, 35.185341906160026 ], [ -83.719273029521887, 35.18543672003058 ], [ -83.719261191898369, 35.185443687860008 ], [ -83.719098267092846, 35.185547281585258 ], [ -83.719093887120039, 35.185549764399312 ], [ -83.719089097071105, 35.185551314869763 ], [ -83.718920791241928, 35.185596517090396 ], [ -83.718917200139103, 35.185597517533239 ], [ -83.718632633173186, 35.185679660303968 ], [ -83.71862341885226, 35.18568256294801 ], [ -83.718415871211562, 35.185753497385996 ], [ -83.718399645379222, 35.185759844982549 ], [ -83.718384033571695, 35.185767580684399 ], [ -83.718369154270761, 35.185776645783442 ], [ -83.718237957984002, 35.18586463338454 ], [ -83.718224431704641, 35.185874551730038 ], [ -83.718211784063627, 35.185885568580197 ], [ -83.718072228697196, 35.186017821582965 ], [ -83.718059428690552, 35.186031125769887 ], [ -83.718047910012288, 35.186045553576754 ], [ -83.718037770813524, 35.186060982063665 ], [ -83.717818474038978, 35.186430812896667 ], [ -83.717815879889088, 35.18643473891867 ], [ -83.717811251253679, 35.186433890981711 ], [ -83.717411573814942, 35.18634037041133 ], [ -83.717408402774836, 35.186339655549126 ], [ -83.717161301664447, 35.186286056747022 ], [ -83.717137856633514, 35.186282411399446 ], [ -83.717114144885144, 35.186281568177051 ], [ -83.716977327241352, 35.18628482577536 ], [ -83.716962688082916, 35.186285712209745 ], [ -83.716747341688404, 35.186306699523477 ], [ -83.716720933753393, 35.18631107294987 ], [ -83.716506755018472, 35.186361467753514 ], [ -83.716485572964487, 35.186367703958382 ], [ -83.716218118608111, 35.186462779370835 ], [ -83.716195662472501, 35.186472342786139 ], [ -83.716174538492396, 35.186484570394406 ], [ -83.715996201911025, 35.186602889709526 ], [ -83.715978509615638, 35.186616089716317 ], [ -83.715885439254521, 35.186693880011973 ], [ -83.715870175347391, 35.186708051410413 ], [ -83.715856468035753, 35.186723733406545 ], [ -83.71584446598068, 35.186740755923076 ], [ -83.715834299349083, 35.186758934344262 ], [ -83.715787404483777, 35.186854102383279 ], [ -83.715784747146856, 35.186858826082805 ], [ -83.715781129574111, 35.186862861915237 ], [ -83.715651005825109, 35.186992986420449 ], [ -83.715645108706241, 35.186999140422941 ], [ -83.715549242533712, 35.187103548029505 ], [ -83.715544581681584, 35.187108296753351 ], [ -83.715389646657769, 35.18725598367994 ], [ -83.715376661190945, 35.187269582795331 ], [ -83.715365010230457, 35.187284341298238 ], [ -83.715251511881974, 35.187442905403664 ], [ -83.715240838067515, 35.187459487796289 ], [ -83.715231849235622, 35.187477040772144 ], [ -83.71513999519324, 35.187680560761905 ], [ -83.715137785501199, 35.187684882354326 ], [ -83.715135166014406, 35.187688968573809 ], [ -83.715002406165837, 35.187875418243088 ], [ -83.715001568331246, 35.187876577277407 ], [ -83.714902657871278, 35.188011366219044 ], [ -83.714899850326844, 35.188014851362311 ], [ -83.714896213841229, 35.188017459906099 ], [ -83.714732625520114, 35.188123982432259 ], [ -83.714723051262894, 35.188129488448027 ], [ -83.714461493646979, 35.188261235657222 ], [ -83.714454360888112, 35.18826448439566 ], [ -83.714193921588361, 35.188370984746719 ], [ -83.714183875596703, 35.188374481170008 ], [ -83.713916825858547, 35.18845175872184 ], [ -83.713915151942089, 35.18845222738328 ], [ -83.713617499644599, 35.188532780569574 ], [ -83.713608544156756, 35.188535430075106 ], [ -83.713458869392355, 35.188583539733244 ], [ -83.713431905744272, 35.188594427052145 ], [ -83.713288624828252, 35.188664795410212 ], [ -83.713264350496132, 35.188678913381317 ], [ -83.71307853418206, 35.188805231857856 ], [ -83.713067712496425, 35.18881313111563 ], [ -83.712937100327011, 35.188915348999032 ], [ -83.712932926023242, 35.188918706947128 ], [ -83.712737384367315, 35.189080368187014 ], [ -83.712728811208564, 35.189087877234321 ], [ -83.712546326752047, 35.189257138588587 ], [ -83.71253344819722, 35.189270234268811 ], [ -83.712521825336609, 35.189284456192944 ], [ -83.712511556195665, 35.189299684415403 ], [ -83.712359251827962, 35.189549572566989 ], [ -83.712358725999735, 35.189550425653429 ], [ -83.712220536436291, 35.189772125189357 ], [ -83.712219454083368, 35.189773881743001 ], [ -83.712088740036862, 35.189988488708657 ], [ -83.712083485625442, 35.189997651614348 ], [ -83.711983415672179, 35.190183356488248 ], [ -83.711980410684092, 35.190188553098878 ], [ -83.711896851357068, 35.190323534009892 ], [ -83.711888200208165, 35.190339000668509 ], [ -83.711880952155965, 35.190355172423068 ], [ -83.71187516410852, 35.190371922301061 ], [ -83.711870881510677, 35.190389118790876 ], [ -83.711848758395249, 35.190498392919451 ], [ -83.711845885281519, 35.190517094961855 ], [ -83.711844792393606, 35.190535984820741 ], [ -83.711843944519188, 35.190616962418432 ], [ -83.711844743913886, 35.190637042118659 ], [ -83.711847554294323, 35.190656940238043 ], [ -83.711852347287362, 35.190676455888457 ], [ -83.711859074503735, 35.190695392043111 ], [ -83.711867668026571, 35.190713557525719 ], [ -83.71187804109708, 35.190730768940576 ], [ -83.711890088990472, 35.190746852524065 ], [ -83.7119036900732, 35.190761645899002 ], [ -83.711918707030975, 35.190774999713902 ], [ -83.711963445555654, 35.190810925909652 ], [ -83.711976353685955, 35.190820465458756 ], [ -83.711989985210806, 35.190828939203804 ], [ -83.712076324891925, 35.190877920343709 ], [ -83.712079890875756, 35.190880147008514 ], [ -83.712083256726714, 35.190882666001897 ], [ -83.712174176302881, 35.190956886705962 ], [ -83.712177753821919, 35.190960113205676 ], [ -83.712177990861747, 35.190964924936836 ], [ -83.712177990786444, 35.190972977873592 ], [ -83.71217800121579, 35.190975022200846 ], [ -83.71217877876289, 35.19105115664081 ], [ -83.712180067873874, 35.191071876594336 ], [ -83.71218349787442, 35.191092351295246 ], [ -83.712204651244292, 35.191187885620288 ], [ -83.712208843788673, 35.191203718217793 ], [ -83.712214317742507, 35.191219154681164 ], [ -83.712221036396272, 35.19123409149018 ], [ -83.712277808858801, 35.191347635999307 ], [ -83.71227817444246, 35.191348363458538 ], [ -83.712374082440334, 35.191538242416371 ], [ -83.712379134352872, 35.191550084342211 ], [ -83.71244341343845, 35.191732523016817 ], [ -83.712444762725795, 35.191737023342363 ], [ -83.712444348006443, 35.19174170324775 ], [ -83.712408933586801, 35.192000793224132 ], [ -83.712407096340328, 35.1920293386898 ], [ -83.71240795417468, 35.192146865005888 ], [ -83.712407730192837, 35.192151947498559 ], [ -83.712405975792564, 35.192156722849909 ], [ -83.712340153344471, 35.192310935440041 ], [ -83.712337727099808, 35.192315851325574 ], [ -83.712334775336558, 35.192320470816043 ], [ -83.712250904559994, 35.192437050622466 ], [ -83.712239052440268, 35.192455599136146 ], [ -83.712229310442069, 35.192475337767625 ], [ -83.712183805758258, 35.19258194939593 ], [ -83.712176923420429, 35.192600587798047 ], [ -83.712171924341519, 35.192619817093856 ], [ -83.712168857857009, 35.192639447511077 ], [ -83.712167754229768, 35.192659285318776 ], [ -83.712167111047989, 35.192768602184657 ], [ -83.712168023839652, 35.192788901178979 ], [ -83.712170991585481, 35.19280900279194 ], [ -83.712199991563068, 35.192954000098787 ], [ -83.712226380387946, 35.193085946261284 ], [ -83.712231951375884, 35.193107489581621 ], [ -83.712239881078659, 35.193128280694424 ], [ -83.712250071336371, 35.193148062231408 ], [ -83.712297685724636, 35.193229077009107 ], [ -83.712299785975191, 35.193233054242448 ], [ -83.712299924909615, 35.19323754981086 ], [ -83.712297999207308, 35.193369433210499 ], [ -83.712297985861184, 35.193370567617066 ], [ -83.712297044808878, 35.193475968459659 ], [ -83.712296629858145, 35.193481952923378 ], [ -83.712295497953662, 35.193487843999925 ], [ -83.71226212052801, 35.193618492708566 ], [ -83.712261855863673, 35.193619506503502 ], [ -83.712227332072501, 35.193748970710445 ], [ -83.712225746420742, 35.193753876174377 ], [ -83.712222730559375, 35.19375805737635 ], [ -83.712094267147776, 35.193917924205422 ], [ -83.712090797327548, 35.193921807766287 ], [ -83.712086941124554, 35.193925307965806 ], [ -83.71192248866673, 35.194059594337041 ], [ -83.711778758205199, 35.194175429562485 ], [ -83.711761930877174, 35.194190643394663 ], [ -83.711746934664063, 35.194207664947207 ], [ -83.711733962499551, 35.194226275229468 ], [ -83.711659252038473, 35.19434758728864 ], [ -83.71165154273352, 35.194361282958482 ], [ -83.711644932632538, 35.194375541686348 ], [ -83.71159035052186, 35.19450653890042 ], [ -83.711582411565857, 35.194529398847379 ], [ -83.711577291626057, 35.19455305028314 ], [ -83.711549247567234, 35.194735335542113 ], [ -83.711547539318687, 35.194750043824797 ], [ -83.711546923944226, 35.19476483818206 ], [ -83.71154599377769, 35.194969497677107 ], [ -83.711545984149055, 35.194970503381818 ], [ -83.711544052129327, 35.195102800921049 ], [ -83.711543815226989, 35.195106982627422 ], [ -83.711543228400572, 35.195111129726129 ], [ -83.711508804749229, 35.195297592424339 ], [ -83.711507801501, 35.195301928457518 ], [ -83.711505682387212, 35.195305842157879 ], [ -83.711413997789194, 35.195458421917479 ], [ -83.711404890575309, 35.195475375676985 ], [ -83.711397455013611, 35.195493126274961 ], [ -83.711391759952093, 35.195511509353601 ], [ -83.711387858122905, 35.195530354698782 ], [ -83.711385785654215, 35.195549487816137 ], [ -83.711385561735582, 35.195568731546715 ], [ -83.711387188440327, 35.195587907707377 ], [ -83.711390650706349, 35.19560683874063 ], [ -83.711395916475539, 35.195625349358693 ], [ -83.711402936990638, 35.195643268166513 ], [ -83.711411647246734, 35.19566042924879 ], [ -83.711421966593093, 35.19567667370621 ], [ -83.711433799479977, 35.195691851126746 ], [ -83.71144703634333, 35.195705820978375 ], [ -83.711461554619305, 35.195718453910295 ], [ -83.711477219879072, 35.195729632950616 ], [ -83.711493887073573, 35.195739254589448 ], [ -83.711502331798101, 35.195743601907544 ], [ -83.711506815209248, 35.195746215619451 ], [ -83.711510270774824, 35.195750087509481 ], [ -83.711552654311859, 35.195802903256443 ], [ -83.711566236061643, 35.195818161243132 ], [ -83.711581303326227, 35.195831954271171 ], [ -83.711597698927662, 35.195844138455108 ], [ -83.711719731584537, 35.195925493864642 ], [ -83.711740655804491, 35.195937681591332 ], [ -83.711762899578815, 35.195947251239545 ], [ -83.711971632619225, 35.19602243077108 ], [ -83.711975900019539, 35.196024195015269 ], [ -83.71197998592406, 35.196026346444249 ], [ -83.712207123955665, 35.196159729201732 ], [ -83.712214638925744, 35.196164607942734 ], [ -83.712430676545623, 35.19631905155267 ], [ -83.712446436201461, 35.196329235987342 ], [ -83.712463080951352, 35.196337898652239 ], [ -83.712679260509844, 35.19643781385394 ], [ -83.712683852310832, 35.196440233930502 ], [ -83.712688167457983, 35.196443118529551 ], [ -83.712981765074559, 35.196662337951473 ], [ -83.712986121341984, 35.196665783148575 ], [ -83.71310780003013, 35.196767633011625 ], [ -83.713131423005635, 35.196784643650126 ], [ -83.713250296022196, 35.196857728521451 ], [ -83.713253865926404, 35.196860142719373 ], [ -83.71325669436871, 35.196863394254926 ], [ -83.71338685439305, 35.197026828353643 ], [ -83.71338712865456, 35.197027171951682 ], [ -83.713406669180642, 35.197051597441813 ], [ -83.713407316349517, 35.197052402129884 ], [ -83.713518653425609, 35.197190108893736 ], [ -83.713523107973245, 35.197196057885705 ], [ -83.71365486372332, 35.197386371435236 ], [ -83.713657150727158, 35.197389605957511 ], [ -83.713854531812515, 35.197662979089806 ], [ -83.713857500965531, 35.197666985182082 ], [ -83.714076979105855, 35.197955523523817 ], [ -83.714088600063718, 35.197969443311599 ], [ -83.714101434001336, 35.197982253354489 ], [ -83.714389333154969, 35.198244665922381 ], [ -83.714392809465735, 35.198248164644554 ], [ -83.714395923000239, 35.198251989784524 ], [ -83.714647918617729, 35.198594931309401 ], [ -83.714659643572773, 35.198609420998821 ], [ -83.714672666534057, 35.198622756220956 ], [ -83.714885174779013, 35.198820978034185 ], [ -83.714897395780739, 35.198831489130278 ], [ -83.714910423565485, 35.198840981909058 ], [ -83.715062150682328, 35.198942437929091 ], [ -83.71506383717616, 35.198943553348563 ], [ -83.715187418651993, 35.199024393137542 ], [ -83.715205090817889, 35.199034702743404 ], [ -83.715460544509668, 35.199166702339497 ], [ -83.715464854922814, 35.199169210466849 ], [ -83.71546889312684, 35.199172136773875 ], [ -83.71566570917912, 35.199330362312878 ], [ -83.715672381241603, 35.199335498733625 ], [ -83.715923967874062, 35.19952087819015 ], [ -83.715947018110938, 35.199535544651489 ], [ -83.716136136093752, 35.199638447272172 ], [ -83.71614173908452, 35.199641736303974 ], [ -83.716223400104624, 35.199693311579807 ], [ -83.716239613390769, 35.199702523345664 ], [ -83.716256614150169, 35.199710185033332 ], [ -83.716274254592108, 35.199716230038369 ], [ -83.716292381365022, 35.199720605810448 ], [ -83.716310836889591, 35.199723274310188 ], [ -83.716329460728574, 35.199724212339824 ], [ -83.716498621430247, 35.199724836393514 ], [ -83.716520413646251, 35.199723726447814 ], [ -83.716541955245091, 35.199720249067063 ], [ -83.716562989810313, 35.199714445643615 ], [ -83.716583266960825, 35.199706385257471 ], [ -83.716780698726566, 35.199615136149184 ], [ -83.716781284398749, 35.199614864314732 ], [ -83.717007928539587, 35.199509224486498 ], [ -83.717025586906814, 35.199499893633686 ], [ -83.717281230666558, 35.199348016662533 ], [ -83.717294415434495, 35.199339465504188 ], [ -83.717513747698405, 35.199184642971126 ], [ -83.71752563504154, 35.1991755674552 ], [ -83.71753681096817, 35.199165629015695 ], [ -83.717692419045662, 35.199016465907363 ], [ -83.717697474725739, 35.199011443761087 ], [ -83.717830991569528, 35.198874000754223 ], [ -83.71796555038425, 35.198735483562238 ], [ -83.717968492080956, 35.198732578017719 ], [ -83.718113428343088, 35.19859522581762 ], [ -83.718125541935763, 35.198582700315541 ], [ -83.718136519310704, 35.198569167962852 ], [ -83.718146277142139, 35.198554731479355 ], [ -83.718154741361445, 35.198539500447829 ], [ -83.718206125962197, 35.198436731765931 ], [ -83.718210161953081, 35.198429437193766 ], [ -83.71825933724466, 35.198348701564839 ], [ -83.718268832843663, 35.198331207641353 ], [ -83.718276542501116, 35.198312856484947 ], [ -83.718282389852149, 35.198293829865563 ], [ -83.718308983327304, 35.198188973212602 ], [ -83.718310149820027, 35.198185055058275 ], [ -83.718311935051631, 35.198181392602152 ], [ -83.718399972250012, 35.198018016568618 ], [ -83.718408394996501, 35.198000371186154 ], [ -83.718415054493676, 35.197981987680549 ], [ -83.71841988709302, 35.197963041753169 ], [ -83.718447058199786, 35.19782958306304 ], [ -83.718449347916518, 35.197820525288016 ], [ -83.718514350671569, 35.197606112411165 ], [ -83.718515723696896, 35.197601919036813 ], [ -83.718582002923441, 35.197413648003874 ], [ -83.718584312767206, 35.197408159398712 ], [ -83.718587261525727, 35.197402985909669 ], [ -83.718686181561452, 35.197251308509152 ], [ -83.718689188759086, 35.197247178181634 ], [ -83.718692976126306, 35.197243749086525 ], [ -83.718881315638427, 35.197090079479814 ], [ -83.718897823171787, 35.197074997514775 ], [ -83.719023084127429, 35.196946993199589 ], [ -83.719031319168607, 35.196939468126466 ], [ -83.719158981634351, 35.196835272264856 ], [ -83.719163126670551, 35.196832232296472 ], [ -83.719167807911091, 35.196830108921731 ], [ -83.719292836688695, 35.196781024388983 ], [ -83.719298071116071, 35.196779297086309 ], [ -83.719303464350858, 35.196778158744493 ], [ -83.719462056170187, 35.196753759208917 ], [ -83.719466991876658, 35.196753250351946 ], [ -83.719471930445621, 35.196753730633255 ], [ -83.719631400892013, 35.19677732133276 ], [ -83.71963593962397, 35.196778209555724 ], [ -83.719640376544049, 35.196779514455805 ], [ -83.719799726641895, 35.196834528007983 ], [ -83.719803907326593, 35.196836185861741 ], [ -83.719807706282836, 35.196838558706574 ], [ -83.719967595186063, 35.196948661891597 ], [ -83.719974182654795, 35.196953610456404 ], [ -83.720203554680793, 35.197141190264446 ], [ -83.720206852888097, 35.197144141169694 ], [ -83.720209876533332, 35.197147372822776 ], [ -83.720349283934794, 35.197310294484126 ], [ -83.720361610191901, 35.197323450102864 ], [ -83.720375071011588, 35.197335442319186 ], [ -83.720389557022344, 35.19734617369425 ], [ -83.720404950522862, 35.197355557033781 ], [ -83.720656227307288, 35.197493593894876 ], [ -83.720677515572532, 35.197503704191817 ], [ -83.720699845324248, 35.197511240140962 ], [ -83.720975691185984, 35.197586553272089 ], [ -83.720986363864924, 35.197589154469618 ], [ -83.721083882670541, 35.197610102818672 ], [ -83.721105304742807, 35.19761350159493 ], [ -83.721126968893358, 35.197614560576419 ], [ -83.72114862032096, 35.197613267308022 ], [ -83.721350652483096, 35.19759015334035 ], [ -83.721353327537585, 35.197589829023244 ], [ -83.721536727267477, 35.197566339381133 ], [ -83.721554806990724, 35.197563174639519 ], [ -83.721572520445378, 35.197558365740818 ], [ -83.721720914858523, 35.197510667901582 ], [ -83.721725095626113, 35.197509424029185 ], [ -83.722022819272141, 35.197427869425013 ], [ -83.722029212700065, 35.197426342153072 ], [ -83.722156885058837, 35.197400248176891 ], [ -83.722169205133412, 35.197398520776765 ], [ -83.722494815330975, 35.197373399644121 ], [ -83.722499984062182, 35.197373269899003 ], [ -83.722505138415343, 35.197373676421691 ], [ -83.722732409922259, 35.197403529982331 ], [ -83.722739588056456, 35.197404341295709 ], [ -83.723036439203867, 35.197432473773809 ], [ -83.723047449658466, 35.197434140534462 ], [ -83.723303399991138, 35.197487622554782 ], [ -83.723316338631633, 35.197491249505845 ], [ -83.723527123991303, 35.197565958841928 ], [ -83.723547250119481, 35.197571923469667 ], [ -83.723567890559551, 35.197575745779631 ], [ -83.723777978455701, 35.197603342153386 ], [ -83.723782906396139, 35.197604244753606 ], [ -83.723787339919824, 35.197606577810035 ], [ -83.723915195201485, 35.197682343817156 ], [ -83.723920839106981, 35.197685565619281 ], [ -83.72410634526139, 35.197787501293007 ], [ -83.724120240951322, 35.197794448497532 ], [ -83.724134633955671, 35.197800296170165 ], [ -83.724353113049759, 35.197879321280752 ], [ -83.724356882034542, 35.197880642140561 ], [ -83.724518089013415, 35.197935336928147 ], [ -83.724522879834453, 35.197937244096366 ], [ -83.724527447924132, 35.197939636127231 ], [ -83.724753557957143, 35.198073378657675 ], [ -83.724762552993042, 35.198078391168529 ], [ -83.725020564815111, 35.198213584644584 ], [ -83.72503779861259, 35.198221595451407 ], [ -83.725295422919643, 35.198326767930283 ], [ -83.725547425890255, 35.198431456255733 ], [ -83.725568337634257, 35.198438813159363 ], [ -83.725589935111287, 35.198443810564079 ], [ -83.725897434173064, 35.198497208544531 ], [ -83.725901935776932, 35.198498206626077 ], [ -83.725906158128709, 35.198500009669303 ], [ -83.726068256055839, 35.19857819885577 ], [ -83.72607190420068, 35.198580148961746 ], [ -83.726075168309535, 35.198582666904933 ], [ -83.726239328017556, 35.19872044347386 ], [ -83.726240659802968, 35.198721551424292 ], [ -83.726495830995177, 35.198931972319592 ], [ -83.726508347545078, 35.198941492460499 ], [ -83.726521573378534, 35.198949999776985 ], [ -83.726742642203007, 35.199080205837625 ], [ -83.726745314978231, 35.199081836956005 ], [ -83.726998037940007, 35.199241550126366 ], [ -83.727013348917851, 35.199250306168032 ], [ -83.7270293717946, 35.199257679208735 ], [ -83.72734225847509, 35.199385255079768 ], [ -83.727355254449961, 35.199391691187643 ], [ -83.727678110096363, 35.199581944917895 ], [ -83.727692174442609, 35.199589493479216 ], [ -83.728081955795219, 35.199779065323142 ], [ -83.728094209489782, 35.199784524678989 ], [ -83.728354611193197, 35.199890222537427 ], [ -83.728358868381989, 35.199892189649432 ], [ -83.728362405220153, 35.199895269253659 ], [ -83.72859366076365, 35.200116683826643 ], [ -83.728594323054878, 35.200117315037218 ], [ -83.728824099482836, 35.200335307521449 ], [ -83.728827750687273, 35.200339163937308 ], [ -83.728829994648507, 35.200343977239143 ], [ -83.728892205658042, 35.200498562726899 ], [ -83.728893764676741, 35.200503044279479 ], [ -83.728893991521446, 35.20050778383554 ], [ -83.728893991479708, 35.200668528494155 ], [ -83.728893793036491, 35.200672964164717 ], [ -83.728892426049697, 35.200677188605908 ], [ -83.728857553309766, 35.200770496529564 ], [ -83.728856453697048, 35.200773512312011 ], [ -83.728826517345439, 35.2008577087379 ], [ -83.728824802936813, 35.200861913461594 ], [ -83.72882236385955, 35.200865721245293 ], [ -83.728690648218333, 35.201052238304996 ], [ -83.728687830414188, 35.201055862202651 ], [ -83.728684409963535, 35.201058894526192 ], [ -83.72842139254945, 35.201271443604959 ], [ -83.728412215822885, 35.201278037914967 ], [ -83.728115099904898, 35.201467023191142 ], [ -83.728108957370125, 35.201471091067397 ], [ -83.727887711594349, 35.201623546050222 ], [ -83.727874430200359, 35.201633536503159 ], [ -83.727862024121137, 35.201644595154718 ], [ -83.727649367093434, 35.201850636175422 ], [ -83.727552155960751, 35.201943842162031 ], [ -83.727551822989938, 35.20194416215292 ], [ -83.727431176969787, 35.202060373352843 ], [ -83.727416839868596, 35.202075713810061 ], [ -83.727404190091775, 35.202092472844782 ], [ -83.727264568398454, 35.202299185399447 ], [ -83.72725959311451, 35.202306929847303 ], [ -83.727171040282215, 35.202452006190526 ], [ -83.727164381042286, 35.202461605089674 ], [ -83.727068952111836, 35.202583298719944 ], [ -83.72705953397913, 35.202596359445685 ], [ -83.727051197056724, 35.202610135493927 ], [ -83.726925881715701, 35.202837385844106 ], [ -83.726924131016787, 35.202840630999482 ], [ -83.726831109595381, 35.203016928764271 ], [ -83.726821311476485, 35.203038507340366 ], [ -83.726814134596452, 35.203061093408486 ], [ -83.726786052318062, 35.203171818220973 ], [ -83.726784815639689, 35.203175939439674 ], [ -83.726783228411946, 35.203179938755461 ], [ -83.726649853323408, 35.203477841527729 ], [ -83.726647818978563, 35.203481881303013 ], [ -83.726644769646825, 35.203485221949578 ], [ -83.726515610982887, 35.203614381165728 ], [ -83.726511836119343, 35.203617788190705 ], [ -83.726507447510201, 35.203620356755302 ], [ -83.726266489023701, 35.203745297635585 ], [ -83.726250666253321, 35.203754442543016 ], [ -83.726235744301448, 35.203764993597282 ], [ -83.726221847762389, 35.203776862699875 ], [ -83.726076161367203, 35.20391328650512 ], [ -83.726062514322024, 35.203927384487542 ], [ -83.725996944303347, 35.204002133843815 ], [ -83.725984015609697, 35.204018524659723 ], [ -83.725972865893524, 35.204036173846525 ], [ -83.725963616633763, 35.204054889111937 ], [ -83.725956368603391, 35.204074466548477 ], [ -83.725937349145894, 35.204135440614266 ], [ -83.725933238003762, 35.204150723169349 ], [ -83.725898485979997, 35.204303818955779 ], [ -83.725897544579013, 35.204308192183269 ], [ -83.725865429892622, 35.204465933983471 ], [ -83.725861552641149, 35.204479785890186 ], [ -83.725795574517065, 35.204663378210228 ], [ -83.725794352755344, 35.204666602166135 ], [ -83.725729650590651, 35.204828839517702 ], [ -83.725727812256167, 35.204832909334698 ], [ -83.725725287004309, 35.204836570812759 ], [ -83.725628696663478, 35.204964107649253 ], [ -83.725620714437383, 35.204973402900606 ], [ -83.725522249541456, 35.205074764091066 ], [ -83.725509839133792, 35.205088798876915 ], [ -83.725498796428781, 35.205103933344141 ], [ -83.72548921832437, 35.205120034690296 ], [ -83.725481188866837, 35.20513696162871 ], [ -83.725474778513359, 35.20515456562827 ], [ -83.725457981755881, 35.205208413901758 ], [ -83.725452976491468, 35.205227838113593 ], [ -83.725424850828219, 35.205365155902193 ], [ -83.725421908738284, 35.205384098519438 ], [ -83.72542079370109, 35.205403235795458 ], [ -83.725419035773584, 35.205574622806822 ], [ -83.725418800035854, 35.205578981753547 ], [ -83.725418184088397, 35.205583303396274 ], [ -83.725382991642007, 35.205770999746534 ], [ -83.725348673301397, 35.205954027702155 ], [ -83.725346132944907, 35.205972088550396 ], [ -83.725320462217823, 35.206244008961598 ], [ -83.725319749694279, 35.206248913998934 ], [ -83.725317178954526, 35.206253151731701 ], [ -83.725154455880912, 35.206493362328288 ], [ -83.725151841663461, 35.206496878315377 ], [ -83.725148928987934, 35.206500151328683 ], [ -83.724910998844862, 35.206744962914691 ], [ -83.724908953088104, 35.206747007812574 ], [ -83.72467124394521, 35.206977841132883 ], [ -83.724667861576378, 35.206980840096776 ], [ -83.724664221550881, 35.20698352047328 ], [ -83.724336722884189, 35.207202504742412 ], [ -83.724332894569898, 35.207204823006641 ], [ -83.724328730068024, 35.207206412438097 ], [ -83.723978437328313, 35.207322526386044 ], [ -83.723973942008172, 35.207323786235918 ], [ -83.723969348564026, 35.207324620140241 ], [ -83.72369921413231, 35.207360694174248 ], [ -83.723680813485728, 35.207364033514949 ], [ -83.723662805188013, 35.207369076946748 ], [ -83.723645346692464, 35.20737578037302 ], [ -83.723628590645248, 35.207384085183214 ], [ -83.723612683550755, 35.207393918765256 ], [ -83.723263453417985, 35.20763307390056 ], [ -83.723247145881317, 35.207645516286625 ], [ -83.72323219853395, 35.207659563547217 ], [ -83.723218768602834, 35.207675067923162 ], [ -83.723206997353614, 35.207691866328297 ], [ -83.723197008604757, 35.207709782064946 ], [ -83.723188907425083, 35.20772862668251 ], [ -83.723082686862327, 35.208015422495073 ], [ -83.723080777066741, 35.208019895759293 ], [ -83.723078440431522, 35.208024161617338 ], [ -83.722871784954378, 35.208361285921661 ], [ -83.722864484801747, 35.208374254351384 ], [ -83.722858169168333, 35.208387729705642 ], [ -83.722745653795741, 35.208653064668262 ], [ -83.722738839046556, 35.208671642917643 ], [ -83.722733893599951, 35.208690803677406 ], [ -83.722730865870858, 35.208710359367451 ], [ -83.722729785500164, 35.208730118541418 ], [ -83.72272909422415, 35.208864853119614 ], [ -83.722729998478883, 35.208884903756378 ], [ -83.722732907828771, 35.208904762794482 ], [ -83.722793969231006, 35.209212843026634 ], [ -83.722794715927762, 35.209218025399068 ], [ -83.722794914684812, 35.209223257514836 ], [ -83.722793058105466, 35.209350454012686 ], [ -83.722792788352706, 35.209354940294304 ], [ -83.722790576020458, 35.20935885246476 ], [ -83.722756732806758, 35.20941281807135 ], [ -83.722755266209091, 35.209415193343233 ], [ -83.722740626893767, 35.209439277275692 ], [ -83.72273114475334, 35.209456784903132 ], [ -83.722723450367766, 35.209475148574782 ], [ -83.722717619993787, 35.209494186293796 ], [ -83.722652246587202, 35.209753028422973 ], [ -83.722650773353379, 35.20975781375774 ], [ -83.722646268854319, 35.209759999927464 ], [ -83.722457791122977, 35.20983981470696 ], [ -83.722452125588958, 35.209842013312063 ], [ -83.722028543564818, 35.20999174471978 ], [ -83.722021353948847, 35.209993985311648 ], [ -83.721700381785951, 35.210080894518015 ], [ -83.721699602119685, 35.210081107318928 ], [ -83.721475135598368, 35.210142860447291 ], [ -83.721470957747059, 35.210143818822118 ], [ -83.721466713045857, 35.210144415005182 ], [ -83.721125573331619, 35.210177459783182 ], [ -83.721114384228471, 35.210177913186399 ], [ -83.720881543739267, 35.210174288695278 ], [ -83.720863057359665, 35.210174856203011 ], [ -83.720844702449511, 35.21017712899188 ], [ -83.720528754406743, 35.210231185304906 ], [ -83.72051927260047, 35.210233044363399 ], [ -83.720315606154415, 35.210278111074743 ], [ -83.720298171340474, 35.210282803696415 ], [ -83.720281230773352, 35.210289049544755 ], [ -83.720264922515923, 35.21029679771712 ], [ -83.720087755802382, 35.210390998307567 ], [ -83.720083919553559, 35.210392832804033 ], [ -83.720079941010866, 35.210394333930886 ], [ -83.719921079992162, 35.210446654162212 ], [ -83.719916949032068, 35.210447820245605 ], [ -83.719912733119926, 35.210448626884158 ], [ -83.719716812135445, 35.210477438404958 ], [ -83.71971298132506, 35.21047785141797 ], [ -83.719709130068537, 35.210477967666044 ], [ -83.719477332245646, 35.210476012084378 ], [ -83.719474650523196, 35.210476007439581 ], [ -83.719276971892356, 35.210476990374929 ], [ -83.719273011615869, 35.21047693162209 ], [ -83.719114561732042, 35.210471440523264 ], [ -83.719094068367028, 35.210471781188978 ], [ -83.719073717482189, 35.21047421748704 ], [ -83.719053722809633, 35.210478723830597 ], [ -83.719034294340474, 35.210485252892433 ], [ -83.718986422974339, 35.210504121897259 ], [ -83.718967170947693, 35.210512913993021 ], [ -83.718948955822171, 35.21052369131553 ], [ -83.718931981580539, 35.210536333174538 ], [ -83.718916438309464, 35.210550697999722 ], [ -83.718902500070854, 35.210566624926059 ], [ -83.718871213895596, 35.210606443537166 ], [ -83.718868707038524, 35.210609507236498 ], [ -83.718806270137435, 35.210682803391933 ], [ -83.71879623391699, 35.210695605310121 ], [ -83.718700264404887, 35.210828844788765 ], [ -83.718695479894606, 35.210834970337544 ], [ -83.718563644441062, 35.210990862859397 ], [ -83.718560871865549, 35.210993880730697 ], [ -83.718557860975025, 35.210996660886089 ], [ -83.718473816620332, 35.211068098895801 ], [ -83.718461492862133, 35.211079498863953 ], [ -83.718450168585335, 35.211091892210753 ], [ -83.718396332266721, 35.211156020587332 ], [ -83.718392812649142, 35.211159796153332 ], [ -83.718388589744549, 35.211162764264166 ], [ -83.718225458479594, 35.211265195409666 ], [ -83.718220881910426, 35.211267743063011 ], [ -83.718215873361345, 35.21126927602122 ], [ -83.717885068394921, 35.211351731867815 ], [ -83.717882916836871, 35.211352280864929 ], [ -83.717478663366052, 35.211457824869221 ], [ -83.717477316222158, 35.211458166604821 ], [ -83.717141496341114, 35.211540875906394 ], [ -83.71714048586945, 35.211541119213429 ], [ -83.7169046082618, 35.211596619874435 ], [ -83.716901362829333, 35.211597326832795 ], [ -83.716530628408705, 35.211671657296307 ], [ -83.716509980144366, 35.211676955846315 ], [ -83.716490013118943, 35.211684421993105 ], [ -83.716470954170546, 35.211693970916514 ], [ -83.716264612727443, 35.211811507236291 ], [ -83.716259415189441, 35.211814572619986 ], [ -83.716129911373841, 35.211893607968747 ], [ -83.716125898089601, 35.211895811050248 ], [ -83.716121699674261, 35.211897636790795 ], [ -83.716004511665432, 35.211942319792669 ], [ -83.715987378354427, 35.211949787218714 ], [ -83.71597101691998, 35.211958821390539 ], [ -83.715863671512452, 35.212024819267569 ], [ -83.715841400120965, 35.212040708714788 ], [ -83.715733448492287, 35.212129468654659 ], [ -83.715717798485258, 35.212143793220868 ], [ -83.715703753938655, 35.212159695001503 ], [ -83.715584371220402, 35.212310260482347 ], [ -83.71558165132069, 35.212313770152655 ], [ -83.715482286122949, 35.212444970260329 ], [ -83.715479882688342, 35.212447904955404 ], [ -83.715477263311286, 35.212450648638644 ], [ -83.71531199289447, 35.212611086333212 ], [ -83.715308880309195, 35.212613864759078 ], [ -83.715305360203445, 35.212616077259774 ], [ -83.715074333043304, 35.21274823293431 ], [ -83.715071626623981, 35.212749726063869 ], [ -83.714872293171197, 35.212855713099792 ], [ -83.714867900316321, 35.212857781031033 ], [ -83.714863327130047, 35.212859411823011 ], [ -83.714601543426767, 35.212938623105387 ], [ -83.714596946705839, 35.212939778619486 ], [ -83.714592261032323, 35.212940492425751 ], [ -83.714472655277092, 35.212952931255373 ], [ -83.71433017785607, 35.212966787484639 ], [ -83.714325794311534, 35.212967116503172 ], [ -83.713858818080197, 35.212991851016326 ], [ -83.713853160785362, 35.212991990289979 ], [ -83.713598539711725, 35.212991050467132 ], [ -83.713571560227976, 35.212992778089614 ], [ -83.713398999366632, 35.213015616612729 ], [ -83.713381172432761, 35.213018803049053 ], [ -83.713363706806362, 35.213023588949433 ], [ -83.713237959138397, 35.213064249959039 ], [ -83.713222297414291, 35.213070047023706 ], [ -83.713207173927657, 35.213077130505397 ], [ -83.71319269412534, 35.213085451015331 ], [ -83.713053558819382, 35.213173326234198 ], [ -83.713033336695048, 35.213187938671645 ], [ -83.712927273893669, 35.213275145741441 ], [ -83.712914934508447, 35.213286178179857 ], [ -83.712903549655024, 35.213298193180371 ], [ -83.712893197312553, 35.213311108447705 ], [ -83.712813266158975, 35.213419752086878 ], [ -83.71279835892814, 35.213443288695323 ], [ -83.712705596001697, 35.213615174460742 ], [ -83.712700655400852, 35.213624961931821 ], [ -83.71260420908213, 35.213829795785763 ], [ -83.712593756992575, 35.213856968274634 ], [ -83.712536022052873, 35.21404740598981 ], [ -83.712531725313866, 35.214064155099258 ], [ -83.712528891362851, 35.214081212747246 ], [ -83.712460597583686, 35.214641027491446 ], [ -83.712459748172961, 35.214645932349384 ], [ -83.712457939708813, 35.214650570084615 ], [ -83.712328542833632, 35.214938859558416 ], [ -83.712320591180969, 35.214959583527197 ], [ -83.712254399146119, 35.215165619710064 ], [ -83.712252805464885, 35.215169894413506 ], [ -83.712249785514331, 35.215173301087361 ], [ -83.712117368768006, 35.21530961160623 ], [ -83.712116610193959, 35.215310384075366 ], [ -83.711984826735133, 35.215443136266046 ], [ -83.711980804553335, 35.215446769464371 ], [ -83.711976411450593, 35.215449944164909 ], [ -83.711816467470882, 35.215552765802435 ], [ -83.711809341527598, 35.215556941155981 ], [ -83.711625821487175, 35.215654519970315 ], [ -83.711608556505055, 35.215664845755533 ], [ -83.711592416177155, 35.215676853722201 ], [ -83.711530976460949, 35.215727556643934 ], [ -83.711514636891309, 35.215742644034165 ], [ -83.711500073454502, 35.215759452281809 ], [ -83.711487466231404, 35.215777773548297 ], [ -83.711480258640179, 35.215789606840943 ], [ -83.711471031476194, 35.21580654359326 ], [ -83.711463478626413, 35.215824290384361 ], [ -83.711457670331242, 35.215842682171697 ], [ -83.711453660606949, 35.215861547914336 ], [ -83.711451486743414, 35.215880712163646 ], [ -83.71145116895724, 35.215899996694915 ], [ -83.711452710203773, 35.215919222164821 ], [ -83.711456096149661, 35.215938209779331 ], [ -83.711468331061752, 35.215991738900499 ], [ -83.711472186047899, 35.216006118274358 ], [ -83.711501556201497, 35.216101347760429 ], [ -83.711502755838751, 35.216106036504939 ], [ -83.71150302562539, 35.216110868757966 ], [ -83.71150385610467, 35.216227913122694 ], [ -83.711504895564062, 35.216246907464381 ], [ -83.711507734901758, 35.216265717133524 ], [ -83.711533458598311, 35.216394336186895 ], [ -83.711537767990649, 35.216411771406214 ], [ -83.711543624101978, 35.216428749736373 ], [ -83.71163418347443, 35.216657434567303 ], [ -83.71163575178511, 35.216662043915129 ], [ -83.71163591431025, 35.216666910049952 ], [ -83.711633006085009, 35.216852031837156 ], [ -83.711632985038307, 35.216853968674101 ], [ -83.711632019048821, 35.217014331327071 ], [ -83.711631774968495, 35.217018958088595 ], [ -83.711630261373159, 35.217023337075474 ], [ -83.711566268676251, 35.217183798343157 ], [ -83.711563825584193, 35.21719024515393 ], [ -83.711497480346722, 35.21737485766824 ], [ -83.711495822145949, 35.217378903002803 ], [ -83.711493165524104, 35.217382375282078 ], [ -83.711366810566247, 35.217533273760381 ], [ -83.711357466286316, 35.217545340073464 ], [ -83.71134906928728, 35.217558083773312 ], [ -83.711293318878418, 35.217650157258781 ], [ -83.711288328973993, 35.217657619875581 ], [ -83.711190621351903, 35.217790424931977 ], [ -83.711187843039582, 35.217793869905812 ], [ -83.711184512178392, 35.217796757519928 ], [ -83.711060649662784, 35.217894930511896 ], [ -83.711045961157438, 35.217907788202638 ], [ -83.710853228173193, 35.218093874596853 ], [ -83.710846486050684, 35.218099822143692 ], [ -83.710591109281864, 35.218305438742583 ], [ -83.710578480169232, 35.218316512584849 ], [ -83.710566824785928, 35.218328607067406 ], [ -83.710231630285776, 35.218707020540748 ], [ -83.710226123318066, 35.218712760261681 ], [ -83.709992449210461, 35.218937671788169 ], [ -83.709988856094796, 35.218940812420975 ], [ -83.709984729797611, 35.218943209862523 ], [ -83.70977675287854, 35.219051049960179 ], [ -83.70977292185745, 35.219052834759673 ], [ -83.709768953515862, 35.219054288890234 ], [ -83.709168525308627, 35.219245872810383 ], [ -83.709164959559502, 35.219246866491787 ], [ -83.70916132997462, 35.219247593186957 ], [ -83.708854465377655, 35.219297276441573 ], [ -83.708849977397648, 35.219297795765918 ], [ -83.708845487929551, 35.219297497151103 ], [ -83.708378013175206, 35.219245226033429 ], [ -83.708373980183268, 35.219244691804299 ], [ -83.708019544167925, 35.219190383299846 ], [ -83.708003946030274, 35.219188616521627 ], [ -83.707988257372932, 35.219188078530827 ], [ -83.707812174713624, 35.219188954814427 ], [ -83.707793851340995, 35.219189887551934 ], [ -83.707607073224963, 35.219208013835342 ], [ -83.707586951621437, 35.219211006020316 ], [ -83.707567238059184, 35.21921602673369 ], [ -83.707548136490828, 35.219223024032168 ], [ -83.707529844537419, 35.219231925523069 ], [ -83.707364104656818, 35.219323284155152 ], [ -83.707357940531949, 35.219326826206384 ], [ -83.707104541521232, 35.219478488866855 ], [ -83.707080667337479, 35.219495257835561 ], [ -83.706960519157164, 35.219593480731909 ], [ -83.70694887591128, 35.219601687148554 ], [ -83.706686244737512, 35.219760038581626 ], [ -83.706679598095775, 35.219763709393959 ], [ -83.706433154342022, 35.219887843677682 ], [ -83.706413685877962, 35.219899063326693 ], [ -83.706395598822638, 35.219912395995102 ], [ -83.706180663891587, 35.22009030455493 ], [ -83.706168690886486, 35.220098812784784 ], [ -83.705909631127625, 35.220255586950067 ], [ -83.705897951658116, 35.220261642351794 ], [ -83.705605545174407, 35.220389570683189 ], [ -83.705594595072341, 35.220394762109677 ], [ -83.705442492007492, 35.220472602729757 ], [ -83.705418507379093, 35.220487081426199 ], [ -83.70516508448334, 35.220665416233217 ], [ -83.705154492456359, 35.220671924106142 ], [ -83.704956323939555, 35.220777291930872 ], [ -83.704953670142402, 35.220778728762696 ], [ -83.704758054594549, 35.220886556217259 ], [ -83.704742371136675, 35.220896167116315 ], [ -83.704515553410914, 35.221049941319265 ], [ -83.70451244839056, 35.221052089468287 ], [ -83.704279576246577, 35.221216469332063 ], [ -83.704272197900266, 35.221221206793366 ], [ -83.703903602073794, 35.221435645143558 ], [ -83.703585196305042, 35.221617882917663 ], [ -83.703266990508482, 35.221799000423601 ], [ -83.702948991732754, 35.221980000480457 ], [ -83.702631659291853, 35.222160620555819 ], [ -83.702216239757192, 35.222392861208291 ], [ -83.701800099483236, 35.222623940557348 ], [ -83.701448628825418, 35.222818540164845 ], [ -83.701443269644983, 35.222821299677157 ], [ -83.701114991264745, 35.222977999998399 ], [ -83.700786571960705, 35.223134768391162 ], [ -83.700781345024168, 35.223137082356253 ], [ -83.700517912546061, 35.223244806252126 ], [ -83.700512109385016, 35.223247286884003 ], [ -83.700213074809312, 35.223380731668257 ], [ -83.700202686422614, 35.223384690297856 ], [ -83.699873142170674, 35.223489677964871 ], [ -83.69986894963904, 35.223490815119625 ], [ -83.699864674068323, 35.223491583193869 ], [ -83.699669686868447, 35.223517906601366 ], [ -83.699668294075991, 35.223518084681857 ], [ -83.69925636964777, 35.223567816034546 ], [ -83.699239001618466, 35.223570693308915 ], [ -83.699221953897506, 35.223575086753968 ], [ -83.699205358573664, 35.223580962328498 ], [ -83.69896237418898, 35.223679228225421 ], [ -83.698953697320604, 35.223682978209723 ], [ -83.698658137453009, 35.223819090731666 ], [ -83.69864993593535, 35.223823097044964 ], [ -83.698459546177205, 35.22392154281507 ], [ -83.69843915687251, 35.22393366952285 ], [ -83.698042608608688, 35.224202581885038 ], [ -83.698041377266691, 35.224203423618398 ], [ -83.697817151701642, 35.224357931985686 ], [ -83.697804393376757, 35.224367495299077 ], [ -83.697792437408907, 35.224378044547862 ], [ -83.697600709975944, 35.22456131327511 ], [ -83.697599258448349, 35.224562673393997 ], [ -83.697336760956958, 35.224803782152101 ], [ -83.697323820433155, 35.224816813117542 ], [ -83.697159666690339, 35.224998046437712 ], [ -83.697154088486258, 35.225003732302596 ], [ -83.696959621611882, 35.225186759463696 ], [ -83.696946954477966, 35.225199817714071 ], [ -83.696798292516689, 35.22536771860716 ], [ -83.696784079096588, 35.225385760958105 ], [ -83.696772028006322, 35.225405313936434 ], [ -83.69664908489672, 35.225633120038566 ], [ -83.696646828440691, 35.225636893159148 ], [ -83.696643955127357, 35.225640198040566 ], [ -83.696455907347641, 35.225838287569708 ], [ -83.696441921596303, 35.225854709692847 ], [ -83.696429785778932, 35.225872542508263 ], [ -83.696273474388065, 35.226131200000999 ], [ -83.696272492494558, 35.226132791005227 ], [ -83.696135429403697, 35.226350303984525 ], [ -83.696134557823925, 35.226351699841665 ], [ -83.695965082745701, 35.226625620532538 ], [ -83.695960638637942, 35.226632203719262 ], [ -83.695761880048934, 35.226902790350081 ], [ -83.695760066979531, 35.226905182532306 ], [ -83.695605843758756, 35.227102444413447 ], [ -83.69559533988695, 35.227117212664183 ], [ -83.695586215967126, 35.227132871100878 ], [ -83.695578546914106, 35.227149291155037 ], [ -83.695488854377146, 35.227366488900394 ], [ -83.695486785945292, 35.227370877709298 ], [ -83.695483905535667, 35.227374781975342 ], [ -83.695287142610667, 35.227615913235496 ], [ -83.695278210105229, 35.227625500528085 ], [ -83.6950864268061, 35.227806002097452 ], [ -83.695072307489596, 35.227820718798874 ], [ -83.694843147957883, 35.228085355255772 ], [ -83.694839838615337, 35.228088823974538 ], [ -83.694835925813592, 35.228091594126361 ], [ -83.69460840571567, 35.228236735935148 ], [ -83.694607578976587, 35.228237266197127 ], [ -83.694504186903004, 35.228303939692033 ], [ -83.694500922122245, 35.228305873390241 ], [ -83.694497519870097, 35.228307553468561 ], [ -83.694198506403055, 35.228441322766798 ], [ -83.694195453595825, 35.228442628111367 ], [ -83.693971327772459, 35.22853409086197 ], [ -83.6939535584428, 35.228542380404768 ], [ -83.693936686230586, 35.228552370102015 ], [ -83.693920873305444, 35.228563963936345 ], [ -83.693906271655507, 35.228577050471998 ], [ -83.693893021626579, 35.228591503925898 ], [ -83.693817786496467, 35.228682115652553 ], [ -83.693806739875299, 35.228696733840238 ], [ -83.693797077424605, 35.228712301637039 ], [ -83.693788880241158, 35.228728688382724 ], [ -83.693782217123768, 35.228745756543645 ], [ -83.69377714399586, 35.228763362867049 ], [ -83.693756308621431, 35.228850493460826 ], [ -83.693753061028772, 35.228861323769969 ], [ -83.693685313879257, 35.229048112158992 ], [ -83.693684678056172, 35.229049891387845 ], [ -83.693619824576572, 35.229234112807013 ], [ -83.693613436728384, 35.229256256976846 ], [ -83.693549455464321, 35.229538145087695 ], [ -83.693545747511763, 35.229560062458503 ], [ -83.693513424959178, 35.229847471841232 ], [ -83.693512182846746, 35.229867746852108 ], [ -83.693513003717669, 35.229888043282337 ], [ -83.693515879104268, 35.229908151764654 ], [ -83.693539140940175, 35.230027283397661 ], [ -83.693543954453276, 35.23004670974327 ], [ -83.693550685407203, 35.230065557742407 ], [ -83.693575238282577, 35.230124773661331 ], [ -83.693576790756651, 35.230129062465089 ], [ -83.693577532034695, 35.23013354363168 ], [ -83.693608267708456, 35.230391537502136 ], [ -83.693613790820919, 35.230420060442896 ], [ -83.693638827058336, 35.230512693566546 ], [ -83.693639794913253, 35.230517034669113 ], [ -83.693639974705121, 35.230521461021254 ], [ -83.693639016495368, 35.230784029444123 ], [ -83.693637997440703, 35.230797900694327 ], [ -83.69360391757283, 35.231034565171129 ], [ -83.693601237809148, 35.231047261533469 ], [ -83.693534276794352, 35.231286409352343 ], [ -83.693531926185784, 35.231295646855862 ], [ -83.693465376951352, 35.231585954800984 ], [ -83.693461868287912, 35.231597827533506 ], [ -83.693364333722897, 35.231865568823657 ], [ -83.69335879279906, 35.231878051379759 ], [ -83.693262460072731, 35.232060328822946 ], [ -83.69325976687081, 35.232064831867454 ], [ -83.693256189107927, 35.232068669882246 ], [ -83.69309193826129, 35.232227191846604 ], [ -83.693087820245282, 35.23223075162548 ], [ -83.693083026354131, 35.232233330130875 ], [ -83.692688736410673, 35.232418305239996 ], [ -83.692677428269121, 35.232424054680791 ], [ -83.692485195014683, 35.232529594882557 ], [ -83.692473044403314, 35.232536836451743 ], [ -83.692312557106376, 35.232640345897529 ], [ -83.692307478076899, 35.23264373258008 ], [ -83.692083217280796, 35.232798264755694 ], [ -83.692061918234657, 35.232815188205656 ], [ -83.691841473607383, 35.233016263645972 ], [ -83.691825450805766, 35.233032656660527 ], [ -83.691665978324195, 35.233215718662429 ], [ -83.691662073207482, 35.233220340786062 ], [ -83.691533116425319, 35.23337774455586 ], [ -83.691523387401361, 35.233390650154405 ], [ -83.69151009669342, 35.233409847561418 ], [ -83.691357571233382, 35.233629288980538 ], [ -83.691352087703223, 35.233636463488097 ], [ -83.691230066995416, 35.23378198459848 ], [ -83.691220491242376, 35.233794356961596 ], [ -83.691211911883812, 35.233807439966675 ], [ -83.691121372740824, 35.233958040043632 ], [ -83.691118833462241, 35.233961853148493 ], [ -83.691115095047493, 35.233964484326009 ], [ -83.690958112086065, 35.234064548495027 ], [ -83.690938713824096, 35.234078615602201 ], [ -83.690887026149156, 35.23412104663894 ], [ -83.690875361325723, 35.234131409917943 ], [ -83.690698458500464, 35.234301374927838 ], [ -83.690684946046019, 35.23431570209911 ], [ -83.690672908189072, 35.234331288768466 ], [ -83.690662461652977, 35.23434798380201 ], [ -83.690551770041907, 35.234545935750113 ], [ -83.690541333292458, 35.234567551233503 ], [ -83.690533561239434, 35.23459026136458 ], [ -83.690478615349022, 35.234789034588779 ], [ -83.690474881408079, 35.234805093081889 ], [ -83.690472482802065, 35.234821404556534 ], [ -83.690471435830574, 35.234837858169108 ], [ -83.690467040615829, 35.23503476898636 ], [ -83.690466990812439, 35.235039232431262 ], [ -83.690466991233066, 35.235255683293822 ], [ -83.690466427125074, 35.235266286489988 ], [ -83.690434050015099, 35.235569706102318 ], [ -83.690432930193694, 35.235589009579975 ], [ -83.690433679677625, 35.235608330980639 ], [ -83.690460728853822, 35.235917992641539 ], [ -83.690461344861419, 35.235923997818361 ], [ -83.690493326709145, 35.236195363097714 ], [ -83.690493667518751, 35.236200983559215 ], [ -83.690492734646355, 35.236206536530474 ], [ -83.690425828940363, 35.236501309753599 ], [ -83.690424293717115, 35.236508720566285 ], [ -83.69039002220407, 35.236691500932096 ], [ -83.690387352150722, 35.236702351040151 ], [ -83.690322524912219, 35.236913992415069 ], [ -83.690320743267733, 35.236918879367373 ], [ -83.690317984430948, 35.23692328905927 ], [ -83.690220844044717, 35.237061857320057 ], [ -83.690210112860797, 35.237078937106105 ], [ -83.690201156662766, 35.237097010952311 ], [ -83.690194066552479, 35.237115895012678 ], [ -83.690188914650065, 35.237135397199772 ], [ -83.690185753360367, 35.237155319138623 ], [ -83.690184614839808, 35.237175458184545 ], [ -83.690184022160153, 35.237273851881966 ], [ -83.690183728283714, 35.237278957564222 ], [ -83.690182396830565, 35.237283895335601 ], [ -83.690128498855884, 35.237449384852631 ], [ -83.690123345430109, 35.237468315535629 ], [ -83.690120071627163, 35.237487660063806 ], [ -83.690118708951573, 35.237507232280628 ], [ -83.690119270516632, 35.237526843838459 ], [ -83.69012175091828, 35.237546306011097 ], [ -83.690146648679459, 35.23768644294104 ], [ -83.690149909398954, 35.237701432708889 ], [ -83.690207841719214, 35.237925921610888 ], [ -83.690212640787777, 35.237941773584211 ], [ -83.69021873501562, 35.237957174120055 ], [ -83.690306073837192, 35.238153685954508 ], [ -83.690319776555, 35.238179317248388 ], [ -83.690349894118498, 35.238226965577304 ], [ -83.690362191269386, 35.23824430609799 ], [ -83.690376259496276, 35.238260243430574 ], [ -83.6903919398586, 35.238274597517631 ], [ -83.690409055202139, 35.238287206188993 ], [ -83.690427412160489, 35.238297926993909 ], [ -83.690546303030871, 35.23835913163682 ], [ -83.690549695029972, 35.238360837294969 ], [ -83.69071034493922, 35.238439718269298 ], [ -83.690719377914107, 35.238444749462403 ], [ -83.690845026245327, 35.238523514599535 ], [ -83.690848841469858, 35.238526162639118 ], [ -83.690851773572206, 35.238529764142442 ], [ -83.690948002352869, 35.238659956656427 ], [ -83.690950752419482, 35.238664097662053 ], [ -83.690951661942279, 35.238668984743228 ], [ -83.690973343346798, 35.238830152242265 ], [ -83.69097668076931, 35.238848464195392 ], [ -83.690981706148463, 35.238866386571928 ], [ -83.690988375956167, 35.238883764134513 ], [ -83.690996632420891, 35.238900446364781 ], [ -83.691006404028002, 35.238916288767079 ], [ -83.691017606139283, 35.23893115412006 ], [ -83.691027699129933, 35.238943325090901 ], [ -83.691042669050731, 35.238959477592765 ], [ -83.69105932413143, 35.238973886275296 ], [ -83.69107746242841, 35.23898637643255 ], [ -83.691183654474642, 35.239051184745854 ], [ -83.691186302090131, 35.239052858033482 ], [ -83.69131377156495, 35.239136240466294 ], [ -83.691321911154574, 35.239142171253732 ], [ -83.691517773607075, 35.239300588562934 ], [ -83.691521782674329, 35.239304207744375 ], [ -83.69152537636532, 35.239308239676809 ], [ -83.691716966082581, 35.239548211312425 ], [ -83.691719794180159, 35.239552128857703 ], [ -83.691722229757104, 35.239556301777924 ], [ -83.691819698031495, 35.239743593287244 ], [ -83.691823836470817, 35.239752612846885 ], [ -83.691885975481313, 35.23990796199098 ], [ -83.691887707080966, 35.239913079971473 ], [ -83.691888874221405, 35.239918355381391 ], [ -83.691919277548337, 35.240102673549437 ], [ -83.691919799410101, 35.240107014930572 ], [ -83.691919939051772, 35.24011138533475 ], [ -83.691917150860135, 35.240345577636489 ], [ -83.691918626524824, 35.240372324855606 ], [ -83.691950456087653, 35.240631637849695 ], [ -83.691950797073204, 35.240635990068697 ], [ -83.691949991923863, 35.240640280734354 ], [ -83.69188053260622, 35.240937682283807 ], [ -83.691879505195317, 35.240942330403811 ], [ -83.691847169601715, 35.241097352065083 ], [ -83.691845675155008, 35.2411028955677 ], [ -83.691843552494205, 35.241108230181069 ], [ -83.691754035267834, 35.241300174658619 ], [ -83.691746877537597, 35.241317627001408 ], [ -83.691741395839983, 35.241335676055741 ], [ -83.69173763893707, 35.241354161267438 ], [ -83.691708929426738, 35.241539929096646 ], [ -83.691706316095818, 35.241551910865802 ], [ -83.691640386844554, 35.24178454683198 ], [ -83.691636345806558, 35.241801632078236 ], [ -83.691572300770616, 35.242137636932995 ], [ -83.691569766883759, 35.242155077979568 ], [ -83.691568778260688, 35.242172674380129 ], [ -83.691566552318648, 35.242357396943284 ], [ -83.691567169965396, 35.242375696007571 ], [ -83.691569458500197, 35.242393861905555 ], [ -83.691573398743031, 35.242411742390097 ], [ -83.69157895767097, 35.242429187606099 ], [ -83.691586088695018, 35.242446051346406 ], [ -83.691628846825921, 35.24253551401187 ], [ -83.691630753547614, 35.242540072886314 ], [ -83.691631722113243, 35.24254491858585 ], [ -83.691652737304466, 35.242686293170983 ], [ -83.691656277898019, 35.24270435292113 ], [ -83.6916614635591, 35.242722010760673 ], [ -83.691668250379365, 35.2427391171761 ], [ -83.691676580893045, 35.242755527322956 ], [ -83.691686384563539, 35.24277110225227 ], [ -83.691697578380612, 35.24278571008707 ], [ -83.691710067563307, 35.242799227139031 ], [ -83.69172374636247, 35.24281153895577 ], [ -83.691766342068931, 35.242846468047453 ], [ -83.691767631325149, 35.242847543482711 ], [ -83.691795067904039, 35.24287082310174 ], [ -83.691810526591354, 35.242882694086205 ], [ -83.691827067371634, 35.242893003978246 ], [ -83.691844533152391, 35.242901654861903 ], [ -83.691862758056203, 35.242908564577299 ], [ -83.69188156899601, 35.242913667500908 ], [ -83.692169930938036, 35.242976986971648 ], [ -83.692507654493085, 35.243050927060423 ], [ -83.692839971170912, 35.243124882876977 ], [ -83.692850062991212, 35.243126857941576 ], [ -83.693181990889528, 35.243183000716655 ], [ -83.693514795371087, 35.243239290752115 ], [ -83.69352311095966, 35.243241064005062 ], [ -83.693855722187905, 35.243326930429085 ], [ -83.693856260859434, 35.243327068693169 ], [ -83.694192990837195, 35.243413000384969 ], [ -83.694520003514796, 35.243496451185521 ], [ -83.694540188957646, 35.243500508585264 ], [ -83.69469404727478, 35.243523269206484 ], [ -83.694698918342766, 35.243524240602738 ], [ -83.694703499540694, 35.243526159857858 ], [ -83.694932878019529, 35.243636030277067 ], [ -83.694940907322746, 35.243640336722571 ], [ -83.695166001460422, 35.243774620616641 ], [ -83.695169820744567, 35.243777146658267 ], [ -83.695171725704398, 35.243781310664353 ], [ -83.695225281982601, 35.243914389117187 ], [ -83.695233198828987, 35.243931647070838 ], [ -83.695242716552201, 35.24394807650679 ], [ -83.695253749370551, 35.243963529349251 ], [ -83.695357070855337, 35.244094609351016 ], [ -83.695370769407177, 35.244110243269311 ], [ -83.695386016635069, 35.244124370964293 ], [ -83.695529669707525, 35.244244222455094 ], [ -83.695549186100052, 35.244258592753788 ], [ -83.695702327085442, 35.244357630832397 ], [ -83.695709755168224, 35.244362208012454 ], [ -83.69593142489569, 35.244492216541083 ], [ -83.695955360229775, 35.244504179356838 ], [ -83.696141541843758, 35.244582137356389 ], [ -83.696145860979897, 35.244584195955525 ], [ -83.696149413053064, 35.244587401503907 ], [ -83.696309748439987, 35.244746777058097 ], [ -83.696312830756639, 35.244750134597581 ], [ -83.696315593656692, 35.244753759529125 ], [ -83.696446037661616, 35.244942178142985 ], [ -83.696449746827653, 35.244947949356209 ], [ -83.696545592081733, 35.245108970229147 ], [ -83.696547782528043, 35.24511307677713 ], [ -83.696548746519298, 35.245117630074006 ], [ -83.696578872368576, 35.245302269285759 ], [ -83.696579100169444, 35.245303733656179 ], [ -83.696611815617857, 35.245524811569418 ], [ -83.696612138799097, 35.24552719273629 ], [ -83.696639282188698, 35.245746966277807 ], [ -83.696642726249962, 35.245766682048441 ], [ -83.69664812358404, 35.245785954877874 ], [ -83.69665542014026, 35.245804591761654 ], [ -83.696737897332682, 35.245987693233104 ], [ -83.696749442166364, 35.246009592492555 ], [ -83.6967869604958, 35.246071188884301 ], [ -83.696799283233361, 35.246089141313171 ], [ -83.696813484586926, 35.246105647709527 ], [ -83.696829396220892, 35.246120512414961 ], [ -83.696846829526905, 35.246133559230863 ], [ -83.696973731046285, 35.246218160242442 ], [ -83.696977823904433, 35.246221202398097 ], [ -83.69698158444443, 35.246224646891989 ], [ -83.697112616156573, 35.246357619021062 ], [ -83.697113363106155, 35.24635838518823 ], [ -83.697240866972237, 35.246490577110364 ], [ -83.697258043398278, 35.24650641889756 ], [ -83.69737675549662, 35.246603709576981 ], [ -83.697386599573932, 35.246612958070735 ], [ -83.697510917740175, 35.246746694219134 ], [ -83.69751381797974, 35.246750111180127 ], [ -83.697515698457124, 35.246754179449781 ], [ -83.697580735616341, 35.246913374952385 ], [ -83.69758123810449, 35.24691462905561 ], [ -83.697646222722383, 35.247080044691906 ], [ -83.697647800549234, 35.247083940209706 ], [ -83.697699642325304, 35.24720816552707 ], [ -83.697715611735148, 35.247247427933615 ], [ -83.697723645729369, 35.24726475897014 ], [ -83.697733296529364, 35.247281244477392 ], [ -83.697744476093334, 35.247296734062253 ], [ -83.697757082432958, 35.247311086417163 ], [ -83.697771000543753, 35.247324170609218 ], [ -83.697786103454348, 35.247335867274629 ], [ -83.69780225338468, 35.247346069707682 ], [ -83.69781930300303, 35.247354684834157 ], [ -83.69783709677003, 35.247361634060425 ], [ -83.697855472357645, 35.247366853990471 ], [ -83.697874262130043, 35.247370297004174 ], [ -83.697893294672866, 35.247371931691795 ], [ -83.69791239635704, 35.247371743140498 ], [ -83.69793139292274, 35.247369733070386 ], [ -83.697950111069076, 35.247365919818812 ], [ -83.697968380035149, 35.247360338173117 ], [ -83.69798603315779, 35.247353039053237 ], [ -83.69807668726898, 35.247310378250944 ], [ -83.698094796894154, 35.247300690614125 ], [ -83.698220597258924, 35.247224840607551 ], [ -83.698223410862923, 35.247223205998864 ], [ -83.698419393742853, 35.247113572312287 ], [ -83.69842407451705, 35.247111268586167 ], [ -83.698429239476084, 35.247110533741044 ], [ -83.698689575834265, 35.247087393219971 ], [ -83.698698425062091, 35.247087000693483 ], [ -83.699028034246709, 35.247086999982756 ], [ -83.699032903406518, 35.247087241458303 ], [ -83.699036801460835, 35.247090169290011 ], [ -83.699122704313908, 35.247161612672471 ], [ -83.699146528950749, 35.247178638791326 ], [ -83.699283056932089, 35.247261822144708 ], [ -83.699286870092237, 35.247264265517309 ], [ -83.699416449902387, 35.247351498413593 ], [ -83.699431126932524, 35.247360486309411 ], [ -83.699446522331087, 35.247368179110431 ], [ -83.699462522096141, 35.247374519851945 ], [ -83.699600802446895, 35.247422545829231 ], [ -83.699604893771507, 35.247424173346637 ], [ -83.699608413414339, 35.247426819072423 ], [ -83.699736145982953, 35.247532009824468 ], [ -83.699751961030699, 35.247543775525926 ], [ -83.6997688574628, 35.247553927276904 ], [ -83.699786671152637, 35.247562366466468 ], [ -83.6998052290636, 35.247569011118976 ], [ -83.699824350929944, 35.247573796690347 ], [ -83.699903250466335, 35.247589456450882 ], [ -83.699908745606592, 35.24759046754145 ], [ -83.700060573911713, 35.247616216328545 ], [ -83.700077050416951, 35.247618311097838 ], [ -83.700093643917867, 35.247619031521545 ], [ -83.70061512085492, 35.24761999833877 ], [ -83.701084146557434, 35.247624949267482 ], [ -83.701088930875713, 35.247625231976194 ], [ -83.701093254866365, 35.247627302745592 ], [ -83.702503274037696, 35.248388612795296 ], [ -83.70250471122759, 35.248389381229551 ], [ -83.702518170000999, 35.24839650698469 ], [ -83.702523858773645, 35.24839940362827 ], [ -83.702706093008459, 35.248488561407711 ], [ -83.702707892850697, 35.248489430857568 ], [ -83.70276750936435, 35.2485178632597 ], [ -83.702771630033098, 35.248520085874297 ], [ -83.702768941778089, 35.24852391904664 ], [ -83.70250920275592, 35.248857729113297 ], [ -83.702508781146804, 35.248858272882117 ], [ -83.702247852618328, 35.249196002620216 ], [ -83.702240453779311, 35.249206230856103 ], [ -83.702081099028362, 35.249441840584652 ], [ -83.701920384729689, 35.249678475845194 ], [ -83.701915305781739, 35.249685308693287 ], [ -83.701741043507994, 35.249900007705222 ], [ -83.701732332867707, 35.249909431639239 ], [ -83.701355403041291, 35.250267997816195 ], [ -83.701339561156118, 35.250284922190176 ], [ -83.701124693576304, 35.250542947907313 ], [ -83.701113678341784, 35.250557474047234 ], [ -83.701104031572029, 35.250572942853452 ], [ -83.700984519283807, 35.250785592956944 ], [ -83.700974706921812, 35.250805582476644 ], [ -83.700967177560287, 35.250826538909095 ], [ -83.700962024537603, 35.250848202466123 ], [ -83.700891710867779, 35.251239429736458 ], [ -83.700889207222403, 35.251258693083187 ], [ -83.700863020182382, 35.251582638649964 ], [ -83.700857366245046, 35.251649556981619 ], [ -83.700856794774964, 35.251653965581113 ], [ -83.700855453344403, 35.2516581872366 ], [ -83.700764537175345, 35.251905789679888 ], [ -83.70076280894915, 35.251909914601356 ], [ -83.70076071815258, 35.2519138681198 ], [ -83.700641135292003, 35.252117353022221 ], [ -83.700638845607543, 35.252120897039518 ], [ -83.700636264642299, 35.252124234902681 ], [ -83.700596544578403, 35.252171343507982 ], [ -83.700459914463679, 35.252330592829544 ], [ -83.700456850207189, 35.252333855445428 ], [ -83.700453502988253, 35.252336832260703 ], [ -83.700243280893147, 35.252507517297332 ], [ -83.700238825744322, 35.252510743333687 ], [ -83.700234042046986, 35.252513458458246 ], [ -83.69993711084679, 35.252660940786804 ], [ -83.699635991123586, 35.252810000606971 ], [ -83.699337567928211, 35.252957724607292 ], [ -83.699332453080103, 35.252960348722091 ], [ -83.698952861411314, 35.253162037147781 ], [ -83.698936493376138, 35.253171760056922 ], [ -83.698921123975381, 35.253182995227519 ], [ -83.698738649224751, 35.253330208402787 ], [ -83.698720369552035, 35.253346926836947 ], [ -83.698519566240137, 35.253554838420172 ], [ -83.698504120580481, 35.253572857852099 ], [ -83.698490918204925, 35.253592580063142 ], [ -83.69823217200782, 35.254033646899941 ], [ -83.698222909089409, 35.254051421679954 ], [ -83.698215471799486, 35.254070034341787 ], [ -83.698099848627578, 35.254407577765164 ], [ -83.698097694157653, 35.254412859244184 ], [ -83.698094949817133, 35.254417859680082 ], [ -83.697924128962626, 35.254690781463019 ], [ -83.697923855186914, 35.254691220136529 ], [ -83.697751093924708, 35.254968835581714 ], [ -83.697666192673424, 35.255104678033909 ], [ -83.697665790547248, 35.255105324169982 ], [ -83.697580459210073, 35.255243017812191 ], [ -83.697577816028357, 35.25524686779189 ], [ -83.697574824257501, 35.255250453606372 ], [ -83.697216881858381, 35.255640757958737 ], [ -83.697212773894904, 35.255644749864587 ], [ -83.69720823465272, 35.255648243566583 ], [ -83.696998035783892, 35.255791560836471 ], [ -83.696992819811641, 35.25579466888621 ], [ -83.69698726417009, 35.25579711861829 ], [ -83.696628217107289, 35.255929916357964 ], [ -83.696627765294764, 35.255930084085193 ], [ -83.696263152651198, 35.256065940013137 ], [ -83.696262830986569, 35.256066060181062 ], [ -83.695980697229416, 35.256171736187838 ], [ -83.695935041930326, 35.256188445532764 ], [ -83.695917101863174, 35.256196020989059 ], [ -83.695899983583928, 35.256205305280261 ], [ -83.695883849388238, 35.256216210383499 ], [ -83.695868852241787, 35.256228632909249 ], [ -83.695805439546348, 35.256286590202542 ], [ -83.695804537483468, 35.256287404655559 ], [ -83.695773765604173, 35.256314850335727 ], [ -83.695762631641756, 35.256325581870314 ], [ -83.695484396770297, 35.25661532942857 ], [ -83.695472227998451, 35.25662923403258 ], [ -83.695288456641578, 35.25685990647581 ], [ -83.695285877439474, 35.256862893488503 ], [ -83.695283070263045, 35.256865667346617 ], [ -83.695044991489993, 35.257083000479895 ], [ -83.694826492927362, 35.257282458927143 ], [ -83.694812315505857, 35.257296775060937 ], [ -83.69479965041873, 35.257312444985487 ], [ -83.694788626201102, 35.257329309670276 ], [ -83.694666551275134, 35.257538342626582 ], [ -83.694658640502695, 35.257553309179038 ], [ -83.694652023748446, 35.257568891110125 ], [ -83.694574439860602, 35.257775490367173 ], [ -83.694569566857425, 35.257790167510819 ], [ -83.694565842480358, 35.257805177298323 ], [ -83.694530059966482, 35.257977667201828 ], [ -83.694488140783079, 35.25817633369693 ], [ -83.694484992566601, 35.258196109722824 ], [ -83.694483837726935, 35.258216101441427 ], [ -83.694480012857895, 35.258718159841891 ], [ -83.694479808350493, 35.258723834820955 ], [ -83.694466002179297, 35.258937840089104 ], [ -83.694465981707125, 35.258938161448498 ], [ -83.694456300292401, 35.259092087229817 ], [ -83.694455200844359, 35.259101859659218 ], [ -83.694395930136068, 35.259466229234299 ], [ -83.694394662368893, 35.259471906358549 ], [ -83.694392741079824, 35.259477396861378 ], [ -83.694288786603835, 35.259726695481774 ], [ -83.694284802906296, 35.259735120139048 ], [ -83.694238117562207, 35.259822997209085 ], [ -83.694235818743437, 35.259826887922635 ], [ -83.694232866992124, 35.259830285281026 ], [ -83.694045797438918, 35.260026997893952 ], [ -83.694037766983428, 35.260034558930649 ], [ -83.693553923914607, 35.260442160918195 ], [ -83.693540616352635, 35.260454443598192 ], [ -83.693359900029677, 35.260637071494493 ], [ -83.693356135883604, 35.260640980116619 ], [ -83.693167874500091, 35.260841851468548 ], [ -83.693155991899459, 35.260855752640758 ], [ -83.693145428744813, 35.260870681088434 ], [ -83.693136273354341, 35.260886511995281 ], [ -83.693028949121199, 35.26109337239054 ], [ -83.693021702804927, 35.261108939804458 ], [ -83.69283359628993, 35.261563054264151 ], [ -83.692827699837977, 35.261579224310879 ], [ -83.692823215492098, 35.261595841446578 ], [ -83.6927510526167, 35.261917726648655 ], [ -83.692750930512275, 35.261918274905511 ], [ -83.692676690033949, 35.262253839526565 ], [ -83.692675088332962, 35.262260109568174 ], [ -83.692566059143289, 35.262635766222331 ], [ -83.69256592402985, 35.262636233876719 ], [ -83.692458260669483, 35.263010585957907 ], [ -83.692456794469962, 35.263014923528843 ], [ -83.692454568481949, 35.263018902584776 ], [ -83.69229238625563, 35.263280142664364 ], [ -83.69228982700065, 35.263283875672997 ], [ -83.692286939845033, 35.263287361282629 ], [ -83.692083153360983, 35.263511822651701 ], [ -83.69208283055994, 35.26351217906209 ], [ -83.691878105212623, 35.263738766830464 ], [ -83.691875836139303, 35.263741195807519 ], [ -83.691513985428898, 35.264115864279333 ], [ -83.691509780996242, 35.264119744498331 ], [ -83.691505159212085, 35.264123116806466 ], [ -83.691280030583997, 35.264268330556206 ], [ -83.691277936680535, 35.264269644812245 ], [ -83.690976195864792, 35.264453875232441 ], [ -83.69097578607682, 35.264454126108213 ], [ -83.690687931553782, 35.264630828874573 ], [ -83.690673447901204, 35.264640616198967 ], [ -83.690659874189791, 35.264651630837818 ], [ -83.69033807729204, 35.264936963444562 ], [ -83.690321080506592, 35.264953965325368 ], [ -83.690306246503383, 35.264972883755924 ], [ -83.690071178307221, 35.265312942538536 ], [ -83.690063260670499, 35.265325348815679 ], [ -83.689871711082915, 35.265651351331385 ], [ -83.689863882099502, 35.265666043357321 ], [ -83.689857302126981, 35.26568133559617 ], [ -83.689852016756106, 35.265697122092369 ], [ -83.689779214195568, 35.265948933325525 ], [ -83.689774857553985, 35.265967164958745 ], [ -83.689772226924518, 35.265985724392046 ], [ -83.689735143733571, 35.266379386579935 ], [ -83.68973478740503, 35.266382608872803 ], [ -83.689680581864963, 35.266809347215904 ], [ -83.689679777856071, 35.266813941724784 ], [ -83.689678131192608, 35.266818305718232 ], [ -83.689570836073059, 35.26706672884918 ], [ -83.689568810064571, 35.26707087814917 ], [ -83.689565719272153, 35.267074308660142 ], [ -83.689299121997792, 35.267343868553056 ], [ -83.689298861651636, 35.267344132280613 ], [ -83.689052471672497, 35.267594185339178 ], [ -83.689038435927102, 35.26761002513954 ], [ -83.689026152559336, 35.267627259416443 ], [ -83.689015759112635, 35.267645695188456 ], [ -83.688913245121441, 35.267852390314843 ], [ -83.688902564685378, 35.267878361982319 ], [ -83.688804809109556, 35.268173457242725 ], [ -83.68880056019789, 35.26818814115056 ], [ -83.688797445188683, 35.26820310668154 ], [ -83.688711900577999, 35.268710608620658 ], [ -83.688710707499865, 35.26871590275821 ], [ -83.688708394415201, 35.26872081203188 ], [ -83.688496371155196, 35.269113590858481 ], [ -83.688493789342942, 35.269117848766307 ], [ -83.688490411618716, 35.269121507524304 ], [ -83.688247814601425, 35.26935921416635 ], [ -83.688244079600224, 35.26936269154514 ], [ -83.687968991109059, 35.269606000352269 ], [ -83.687697800242546, 35.269845862479485 ], [ -83.687686597670989, 35.269856572596566 ], [ -83.687541067923291, 35.270006921541359 ], [ -83.68754091475509, 35.27000707995623 ], [ -83.687447112370279, 35.270104202492497 ], [ -83.687435059730774, 35.270117877463548 ], [ -83.687424302213145, 35.270132592991636 ], [ -83.687414929177677, 35.270148226838202 ], [ -83.687310997230497, 35.270340989495146 ], [ -83.687272826906266, 35.270411762963363 ], [ -83.687263980355993, 35.270430409005961 ], [ -83.687257102449948, 35.270449867442807 ], [ -83.687149441744452, 35.270813107951405 ], [ -83.68714775067096, 35.270817901365689 ], [ -83.68714558014166, 35.270822497598111 ], [ -83.686964956790817, 35.271159334589669 ], [ -83.686962845989413, 35.271162905967905 ], [ -83.68696018129431, 35.271166066797484 ], [ -83.686768755354834, 35.271374983899584 ], [ -83.686765877312439, 35.271377877823653 ], [ -83.686762576678575, 35.271380255316231 ], [ -83.686456855866865, 35.271582128012525 ], [ -83.686444642263595, 35.271589013543903 ], [ -83.68639332966616, 35.271613364942375 ], [ -83.68639066163631, 35.271614655414801 ], [ -83.686112276728636, 35.271751859018465 ], [ -83.685977005466526, 35.271817993130661 ], [ -83.68575624647616, 35.271925875521049 ], [ -83.685755736343665, 35.271926125715247 ], [ -83.685447761437771, 35.272077714913891 ], [ -83.685423240712154, 35.272092030779731 ], [ -83.685142395394337, 35.272283956036723 ], [ -83.685125603019401, 35.27229678379318 ], [ -83.685110257822643, 35.272311311701763 ], [ -83.685096531108314, 35.272327377581924 ], [ -83.684972218986374, 35.272489487524929 ], [ -83.684964156539891, 35.272500793620885 ], [ -83.684921381995565, 35.272565410509245 ], [ -83.684807650045911, 35.272734607079826 ], [ -83.684793959058311, 35.272758338711945 ], [ -83.684652968369534, 35.273046728433592 ], [ -83.684646576916379, 35.273061231649621 ], [ -83.684641353943903, 35.273076195422789 ], [ -83.684581019023341, 35.273273908824564 ], [ -83.684523332527064, 35.273463591841633 ], [ -83.684521795040453, 35.27346792028203 ], [ -83.684519865796247, 35.27347208888817 ], [ -83.684366053633468, 35.273767879241838 ], [ -83.684210054692429, 35.274066879494768 ], [ -83.684209928844425, 35.274067121106391 ], [ -83.684070039029976, 35.274336138175613 ], [ -83.684062761489528, 35.274351739252225 ], [ -83.684056852526766, 35.274367908369243 ], [ -83.684052355920585, 35.274384525731229 ], [ -83.684049304985948, 35.274401468221718 ], [ -83.683995001769162, 35.274800921151908 ], [ -83.683994093540761, 35.274807642043655 ], [ -83.683992401075471, 35.274827827878916 ], [ -83.683992759156069, 35.27484808137644 ], [ -83.683995164109248, 35.274868194769596 ], [ -83.684073699075498, 35.275326618734923 ], [ -83.684080071231534, 35.275352948790477 ], [ -83.684166336249945, 35.275626746979682 ], [ -83.68416768934236, 35.27563204256986 ], [ -83.684167852813644, 35.275637505848465 ], [ -83.684164012513833, 35.275790175334208 ], [ -83.684163977803607, 35.275791826338633 ], [ -83.684159082367415, 35.276081603916623 ], [ -83.684158703051935, 35.276086948493507 ], [ -83.684157187878483, 35.27609208781557 ], [ -83.684065722443989, 35.27635011633518 ], [ -83.684063759342195, 35.276354858831077 ], [ -83.684060439806743, 35.276358773639174 ], [ -83.683857969331498, 35.276573898428943 ], [ -83.683853895328994, 35.27657798413717 ], [ -83.683654154034457, 35.27676705968738 ], [ -83.683649793451593, 35.276770737494964 ], [ -83.683645040844198, 35.276773892439209 ], [ -83.683460459401203, 35.276881726624104 ], [ -83.683356164909242, 35.27694190006649 ], [ -83.683355814082461, 35.276942102952518 ], [ -83.683061210389312, 35.277112873248107 ], [ -83.682776037897099, 35.277277210922193 ], [ -83.682756681625648, 35.277289911977213 ], [ -83.682343448201493, 35.27759669229988 ], [ -83.682334725582351, 35.277603551262878 ], [ -83.682029137337722, 35.277857878742566 ], [ -83.682028844942835, 35.277858122561234 ], [ -83.681719178749418, 35.278116843285716 ], [ -83.681556924183667, 35.278251731252666 ], [ -83.681548745410964, 35.27825785155467 ], [ -83.68149205007613, 35.278295918171061 ], [ -83.681474647570539, 35.278309032466211 ], [ -83.681254065937097, 35.278494937517287 ], [ -83.680839502009135, 35.278843635801117 ], [ -83.680826542112186, 35.278855548951086 ], [ -83.680814679963561, 35.278868555545621 ], [ -83.680577745859679, 35.279152500989177 ], [ -83.680573754829808, 35.279156751061663 ], [ -83.6805692943054, 35.279160505413827 ], [ -83.680180184730276, 35.279450855621569 ], [ -83.680118082935792, 35.279496962481943 ], [ -83.680113953995402, 35.279499713191647 ], [ -83.680109258988139, 35.279498107420892 ], [ -83.680085254272512, 35.279488505653624 ], [ -83.680082721177882, 35.27948751236201 ], [ -83.67985979812785, 35.279401843410255 ], [ -83.679841747674629, 35.279395874690849 ], [ -83.679823212038286, 35.279391646847664 ], [ -83.679231007014735, 35.279285895857697 ], [ -83.679226062300287, 35.279284750319732 ], [ -83.679221259744423, 35.279283107785538 ], [ -83.679217201638068, 35.279281484641302 ], [ -83.679204628063658, 35.279276936883569 ], [ -83.679026788957984, 35.279219259601049 ], [ -83.679025190546596, 35.279218748600847 ], [ -83.678881064739784, 35.279173338210697 ], [ -83.678878926397019, 35.279172637930934 ], [ -83.678831907205279, 35.279156651808812 ], [ -83.678828062658226, 35.279155387942303 ], [ -83.678763256926231, 35.279134807688919 ], [ -83.678743777948071, 35.27912968585099 ], [ -83.678723882600977, 35.279126549136521 ], [ -83.67870377265551, 35.279125429356803 ], [ -83.678683652058581, 35.279126337868178 ], [ -83.678663724865146, 35.279129265456902 ], [ -83.678644193168751, 35.279134182432557 ], [ -83.678625255051955, 35.279141038929154 ], [ -83.678607102577459, 35.279149765410885 ], [ -83.678355149325228, 35.27928691420793 ], [ -83.678354833995868, 35.279287086222268 ], [ -83.678280951309617, 35.279327475866928 ], [ -83.678279037432333, 35.279328535768386 ], [ -83.678248990157527, 35.279345391288551 ], [ -83.678229697798827, 35.279357715966519 ], [ -83.677964991458353, 35.279549000262676 ], [ -83.677693911890159, 35.279744889388368 ], [ -83.677687925552306, 35.279748895114622 ], [ -83.677419997517347, 35.279914523642347 ], [ -83.67741589247882, 35.279916801474634 ], [ -83.677411591405686, 35.279918683130994 ], [ -83.676914191817744, 35.28010892348653 ], [ -83.676866671266566, 35.28012698189734 ], [ -83.67686133888219, 35.280129096272653 ], [ -83.676339103744155, 35.28034488799404 ], [ -83.676328676590416, 35.280348535870814 ], [ -83.67625527291959, 35.280369741292574 ], [ -83.676233168404806, 35.280377557467709 ], [ -83.676206114820701, 35.280388948596404 ], [ -83.67620586723389, 35.280389053040679 ], [ -83.675676171698328, 35.280612923932424 ], [ -83.675675811448414, 35.280613076604205 ], [ -83.675208991058213, 35.280811451176362 ], [ -83.675197170850964, 35.280816935375945 ], [ -83.674606145739673, 35.281114922055451 ], [ -83.674373234834761, 35.281231846360889 ], [ -83.674357426214073, 35.281240700903801 ], [ -83.674342483846004, 35.281250949857622 ], [ -83.674145239888148, 35.281399813334311 ], [ -83.674144743931635, 35.281400188853468 ], [ -83.673941817731063, 35.281554333860122 ], [ -83.673932395366521, 35.28156195212793 ], [ -83.673736609495705, 35.281730309799123 ], [ -83.673723894565939, 35.281742246298606 ], [ -83.673607221115191, 35.28186176518436 ], [ -83.67360676294895, 35.281862236069195 ], [ -83.673318046351199, 35.282159944157854 ], [ -83.673257158829443, 35.282222826718218 ], [ -83.673188661844279, 35.282293226882572 ], [ -83.673181522513417, 35.282300961791279 ], [ -83.67293327297223, 35.282584543712559 ], [ -83.672919095242534, 35.282602761962913 ], [ -83.672907111284147, 35.282622492583968 ], [ -83.672817310339752, 35.282791632090159 ], [ -83.672814840834931, 35.282795775016517 ], [ -83.672810067112806, 35.282796463400352 ], [ -83.672178503276754, 35.282855858208201 ], [ -83.672175476436337, 35.282856096565531 ], [ -83.672117011887437, 35.282859808380771 ], [ -83.672110978485335, 35.282860283184064 ], [ -83.67178431934208, 35.282890969386393 ], [ -83.671475142025542, 35.282918986281103 ], [ -83.67147483867474, 35.282919014002935 ], [ -83.668187295819862, 35.28322197211196 ], [ -83.668186686251929, 35.283222029226749 ], [ -83.668124257610771, 35.283227975019436 ], [ -83.667796525767031, 35.283258302893763 ], [ -83.667781531259621, 35.283260264617482 ], [ -83.667734526051262, 35.283268232057914 ], [ -83.667725405877604, 35.283269349559006 ], [ -83.667455730252584, 35.283289868322115 ], [ -83.667452254486903, 35.283290163289912 ], [ -83.667123208716873, 35.28332097987861 ], [ -83.666784098802225, 35.283351990921695 ], [ -83.666783884016652, 35.283352010680275 ], [ -83.66644899144417, 35.283383000279883 ], [ -83.666113991396728, 35.283414000684481 ], [ -83.665779284926131, 35.283444972972042 ], [ -83.66544428505324, 35.283474974281695 ], [ -83.665443696508177, 35.283475027866182 ], [ -83.665109018202955, 35.283505997516023 ], [ -83.664773212970559, 35.283536979561241 ], [ -83.664772768616302, 35.283537021058279 ], [ -83.664445346663214, 35.283567966640113 ], [ -83.664104045618771, 35.283598995822715 ], [ -83.662136363808116, 35.283778966304808 ], [ -83.662135618478743, 35.283779035881771 ], [ -83.661822093172617, 35.283808895621561 ], [ -83.661819887661977, 35.283809081066593 ], [ -83.661503581843633, 35.283832154695148 ], [ -83.661480577189621, 35.28383518234893 ], [ -83.661428737446542, 35.283845092962565 ], [ -83.661419179644852, 35.283846445582491 ], [ -83.661088991242508, 35.283877000227669 ], [ -83.660753991036316, 35.283908000097355 ], [ -83.660418991724669, 35.28393899989802 ], [ -83.660084285937415, 35.283969973336589 ], [ -83.659749285707292, 35.28399997409317 ], [ -83.65974869663431, 35.284000027725483 ], [ -83.659413991473357, 35.284031000170287 ], [ -83.659078991403135, 35.284062000764784 ], [ -83.658744122111756, 35.284092988306632 ], [ -83.658743860063794, 35.284093012729464 ], [ -83.658467738141809, 35.284118930521281 ], [ -83.658409598955103, 35.284123947683135 ], [ -83.6584083651951, 35.28412405800141 ], [ -83.658074097137145, 35.28415499071982 ], [ -83.656762074583924, 35.284274992767841 ], [ -83.653718013764646, 35.284555997904597 ], [ -83.652378037023695, 35.284679996459111 ], [ -83.648023105746532, 35.285080989466294 ], [ -83.647935152764248, 35.285088985886276 ], [ -83.647880181935449, 35.285093893823088 ], [ -83.647877797962167, 35.285094077952643 ], [ -83.647835951867322, 35.285096807037561 ], [ -83.647830037663084, 35.285097280938309 ], [ -83.647244341932094, 35.285152967013943 ], [ -83.646348018065396, 35.285234997975088 ], [ -83.643995295360909, 35.28545097228438 ], [ -83.643994686832812, 35.285451029083561 ], [ -83.643331784650627, 35.28551392530921 ], [ -83.642997656336021, 35.285542942371833 ], [ -83.642996322148988, 35.285543062741311 ], [ -83.642591166756986, 35.285580983931254 ], [ -83.640206635859499, 35.285799940832852 ], [ -83.640205346304796, 35.285800063457401 ], [ -83.640145778271716, 35.285805922530336 ], [ -83.639647251696928, 35.285850976849446 ], [ -83.639646728608199, 35.285851024816182 ], [ -83.638271498178966, 35.28597895351416 ], [ -83.638270483346631, 35.285979042705733 ], [ -83.638127305361564, 35.285990891703953 ], [ -83.638124679626102, 35.285991126435626 ], [ -83.637772710469292, 35.286024930887287 ], [ -83.637771271587539, 35.286025058601346 ], [ -83.637638059833606, 35.286035913232475 ], [ -83.637635923978095, 35.286036098799464 ], [ -83.636976010970145, 35.286096998617445 ], [ -83.636111039382072, 35.2861769958526 ], [ -83.635111000501595, 35.28626899950055 ], [ -83.632646611004034, 35.286495943585258 ], [ -83.632611349057029, 35.286498969767159 ], [ -83.632610611289053, 35.286499034458693 ], [ -83.63227612580306, 35.286528988141569 ], [ -83.632275857692022, 35.286529012333219 ], [ -83.632166523214295, 35.286538951764115 ], [ -83.6321654594135, 35.286539051338359 ], [ -83.632032104561048, 35.286551893084827 ], [ -83.632029879644932, 35.286552119900897 ], [ -83.63171634405299, 35.286585855134689 ], [ -83.631713635685159, 35.286586109330095 ], [ -83.631453887418601, 35.286606928152565 ], [ -83.631452096206957, 35.286607079822687 ], [ -83.630601271813177, 35.286682975603675 ], [ -83.630600711328029, 35.28668302639538 ], [ -83.628591323341354, 35.286867969780516 ], [ -83.628590658632703, 35.286868032079084 ], [ -83.628308388620923, 35.28689496264068 ], [ -83.628111177222337, 35.286912983536915 ], [ -83.627921164737671, 35.286929985029367 ], [ -83.627920816663092, 35.286930016480149 ], [ -83.626814049300208, 35.287030995045974 ], [ -83.625529101978486, 35.28714899005012 ], [ -83.625528880766197, 35.287149010487653 ], [ -83.624905317491042, 35.287206970039712 ], [ -83.624904666119818, 35.287207031658802 ], [ -83.61426603663395, 35.288230995781007 ], [ -83.613483239823495, 35.288305976171934 ], [ -83.613482742632698, 35.288306024422155 ], [ -83.613188197302449, 35.288334980116332 ], [ -83.602150047058132, 35.289396995441457 ], [ -83.601345015969656, 35.289473998316225 ], [ -83.588808030416146, 35.290669996700196 ], [ -83.587808504461208, 35.290764951728356 ], [ -83.587563503111824, 35.290786954038431 ], [ -83.587562478516517, 35.29078704870961 ], [ -83.58133099486794, 35.291378999728678 ], [ -83.580477999887364, 35.291459999212776 ], [ -83.578479012212128, 35.291649998715016 ], [ -83.576813163023573, 35.291807984437334 ], [ -83.576480235847328, 35.291838977802399 ], [ -83.576479745642672, 35.291839024045998 ], [ -83.575779097974348, 35.291905990088431 ], [ -83.573038402014902, 35.292164961450233 ], [ -83.573037581108579, 35.292165040726573 ], [ -83.572815397434724, 35.29218695985432 ], [ -83.569483011433334, 35.292501997950225 ], [ -83.56481799252991, 35.292944000190857 ], [ -83.559763011796065, 35.293422998469858 ], [ -83.553670996043195, 35.293999000051336 ], [ -83.549501991730594, 35.2943930003986 ], [ -83.546824993012137, 35.294645999770431 ], [ -83.533829586074916, 35.295873944209475 ], [ -83.533828396323756, 35.295874060218161 ], [ -83.532685887016939, 35.295988910361885 ], [ -83.53268409474677, 35.295989074251473 ], [ -83.53216415347589, 35.296031904614914 ], [ -83.532161830624617, 35.296032109600873 ], [ -83.527840067430944, 35.296438898938391 ], [ -83.527837916236265, 35.296439113156737 ], [ -83.527363539534022, 35.296488942778559 ], [ -83.527362442980959, 35.296489051857932 ], [ -83.515502475277188, 35.297602861150331 ], [ -83.515499508805419, 35.297603162065691 ], [ -83.515346137137087, 35.29761987584402 ], [ -83.515343843737085, 35.297620099063181 ], [ -83.514960893158531, 35.297652922770126 ], [ -83.514959090766993, 35.297653085475616 ], [ -83.513779016138358, 35.297764997947063 ], [ -83.513169214667897, 35.297822979405865 ], [ -83.512835699448502, 35.297853935030069 ], [ -83.512834282701107, 35.29785407161355 ], [ -83.512755539002839, 35.29786194590428 ], [ -83.51275444192089, 35.297862049509426 ], [ -83.51266590812584, 35.297869918466503 ], [ -83.512664075915254, 35.297870089814161 ], [ -83.512502490949956, 35.29788595138649 ], [ -83.512169286815805, 35.297916972693088 ], [ -83.512168695288167, 35.297917028650723 ], [ -83.511836349063302, 35.297948966271044 ], [ -83.511544339548195, 35.297975967915825 ], [ -83.511543642482607, 35.297976033603113 ], [ -83.511169976762773, 35.298011905599758 ], [ -83.511041859898995, 35.298022925736468 ], [ -83.511040107668975, 35.298023084223928 ], [ -83.509692025649215, 35.298150997330133 ], [ -83.50950309098215, 35.298168990607699 ], [ -83.502839808696137, 35.29879682889424 ], [ -83.502836176581397, 35.298797204606267 ], [ -83.502555004186391, 35.29882888632325 ], [ -83.502552976667658, 35.298829093876854 ], [ -83.499847212770831, 35.299078242917119 ], [ -83.499830860007307, 35.299080432085731 ], [ -83.499329410731704, 35.299168750631104 ], [ -83.499326565233943, 35.299169209619727 ], [ -83.499214627151858, 35.299185614044717 ], [ -83.499209338778812, 35.299186245681398 ], [ -83.498813125529324, 35.299222895567695 ], [ -83.49881085917319, 35.29922311822677 ], [ -83.498687811381629, 35.299235914807731 ], [ -83.498686169412451, 35.299236071890043 ], [ -83.498024047011711, 35.299293908515708 ], [ -83.498021933873034, 35.2992940705549 ], [ -83.497917378954725, 35.299300974367824 ], [ -83.497916604389133, 35.299301027022864 ], [ -83.497490128849634, 35.299330850545537 ], [ -83.497485856257057, 35.299331195375885 ], [ -83.497182954507295, 35.299358911943749 ], [ -83.497181028858776, 35.299359097542826 ], [ -83.496788685333726, 35.299398828730169 ], [ -83.496785300864005, 35.299399200593506 ], [ -83.496441241558557, 35.299439970475916 ], [ -83.496096241571777, 35.299479970869449 ], [ -83.496095740795255, 35.299480029570887 ], [ -83.495772031927416, 35.299518388697329 ], [ -83.495750269843001, 35.29952219623047 ], [ -83.495729060481267, 35.29952838077584 ], [ -83.495582688681495, 35.299579991258305 ], [ -83.495571094312481, 35.299583307693837 ], [ -83.495376243340203, 35.299626514240792 ], [ -83.495357130348566, 35.29963175825231 ], [ -83.495338630229043, 35.29963886822302 ], [ -83.495320924655616, 35.299647774331923 ], [ -83.495031651694944, 35.299811723812191 ], [ -83.49501763780475, 35.299820449516019 ], [ -83.495004391277178, 35.299830301243432 ], [ -83.494992002363148, 35.299841211872874 ], [ -83.494848467954952, 35.299978543938948 ], [ -83.494847508127464, 35.299979450231675 ], [ -83.494843411538127, 35.299983267500735 ], [ -83.494828792233335, 35.299998403153793 ], [ -83.494815844148704, 35.300014991076225 ], [ -83.494804710623427, 35.300032847634718 ], [ -83.494795514909001, 35.300051775151786 ], [ -83.494788358804755, 35.300071564094104 ], [ -83.494738472612596, 35.300236115264809 ], [ -83.494736751087572, 35.300240899706139 ], [ -83.494734551014986, 35.300245483832114 ], [ -83.494618078415812, 35.300459447111415 ], [ -83.494608558253915, 35.300479515776068 ], [ -83.494601322219296, 35.300500516361453 ], [ -83.49459645956567, 35.30052218983333 ], [ -83.49457050725195, 35.300677906607788 ], [ -83.494569283330733, 35.300684054760907 ], [ -83.494507192226578, 35.300951819916158 ], [ -83.494504246523732, 35.300962024407454 ], [ -83.494433364732629, 35.301166165296678 ], [ -83.494427658152802, 35.301179421219103 ], [ -83.494243057663226, 35.30153501918339 ], [ -83.494240832964877, 35.301538871786505 ], [ -83.494233939241454, 35.301544540430754 ], [ -83.494234035395337, 35.301544657321848 ], [ -83.494222558595865, 35.301554272185271 ], [ -83.494207642907483, 35.301569784379517 ], [ -83.494194480250144, 35.301586809372381 ], [ -83.494194114645296, 35.301587338853132 ], [ -83.494184680102634, 35.301602390717058 ], [ -83.494176618383236, 35.301618220369072 ], [ -83.494172715428135, 35.301626807076474 ], [ -83.494165042777894, 35.301646350577371 ], [ -83.494159461221543, 35.301666590740851 ], [ -83.494153637391364, 35.301693060809846 ], [ -83.494152432809372, 35.301698957175894 ], [ -83.49414394661224, 35.301743937362559 ], [ -83.494141520393782, 35.301753938861935 ], [ -83.494132236892867, 35.301785104972524 ], [ -83.494127001631483, 35.301807193122599 ], [ -83.49412184465649, 35.301836200782553 ], [ -83.494120762470615, 35.301840936044613 ], [ -83.494119224582107, 35.301845543509664 ], [ -83.494101602389293, 35.301890857654065 ], [ -83.494099814086823, 35.301894912851196 ], [ -83.494097345324406, 35.3018985725055 ], [ -83.494067767518999, 35.301938501739457 ], [ -83.494053646107687, 35.301960420658382 ], [ -83.49403660178821, 35.301991100618856 ], [ -83.494033190986528, 35.301996787258609 ], [ -83.494005936254183, 35.30203898843169 ], [ -83.494002154899079, 35.302045080379052 ], [ -83.493973134765312, 35.302093759512005 ], [ -83.493946837591551, 35.302137590756374 ], [ -83.493945167592273, 35.302140426894134 ], [ -83.493924637542008, 35.30217595826732 ], [ -83.493916109386376, 35.302192438600287 ], [ -83.493899094513637, 35.302229429044743 ], [ -83.493894440187987, 35.302238337981827 ], [ -83.493867267876638, 35.302284528893189 ], [ -83.493842369198532, 35.302326330268407 ], [ -83.49383598954428, 35.302337892761344 ], [ -83.493823257293627, 35.302362885547126 ], [ -83.493816396608253, 35.302377844355895 ], [ -83.493810788997465, 35.302393316578254 ], [ -83.493806472429682, 35.302409197453741 ], [ -83.493800270040623, 35.302436391504088 ], [ -83.493798678370894, 35.302441890288172 ], [ -83.493796466090885, 35.302447170047316 ], [ -83.493778574227449, 35.302483805751926 ], [ -83.493777376336382, 35.30248617809783 ], [ -83.493756233576732, 35.302526702393571 ], [ -83.493753794412982, 35.302530871635952 ], [ -83.493750963209209, 35.302534785251893 ], [ -83.493732488371791, 35.302557878887896 ], [ -83.493722576294843, 35.302571393117773 ], [ -83.493713830489583, 35.302585689780635 ], [ -83.493698694057983, 35.302612935637882 ], [ -83.493695078696746, 35.302618937722912 ], [ -83.49367299129824, 35.302652857192655 ], [ -83.493664136549739, 35.302664493592211 ], [ -83.493634011149027, 35.302698582755305 ], [ -83.49363084828812, 35.302701848803594 ], [ -83.493627159856757, 35.302704474596702 ], [ -83.493586744121231, 35.302730576964251 ], [ -83.493582898350809, 35.30273282398192 ], [ -83.493578867446431, 35.30273471893539 ], [ -83.4935427294335, 35.302749775994982 ], [ -83.493523538503439, 35.302758999854547 ], [ -83.493505436934896, 35.302770211660729 ], [ -83.49348026401654, 35.302787723423876 ], [ -83.49347354741343, 35.302792009088854 ], [ -83.493468967297488, 35.302794680854525 ], [ -83.493452328055341, 35.302805529124548 ], [ -83.49343684695684, 35.302817974402032 ], [ -83.49342267670346, 35.302831893930069 ], [ -83.493409957066774, 35.302847150410152 ], [ -83.493398813509899, 35.302863593356427 ], [ -83.493389355949901, 35.302881060580042 ], [ -83.493381677673639, 35.302899379788968 ], [ -83.493380790090569, 35.302901832507956 ], [ -83.493376589333479, 35.302904288905559 ], [ -83.493332866020936, 35.302927025523537 ], [ -83.493329137209727, 35.302929014878188 ], [ -83.493286343035876, 35.302952430132962 ], [ -83.493270110744049, 35.302962342681887 ], [ -83.493230766410136, 35.30298901735204 ], [ -83.493208465587571, 35.303006569513613 ], [ -83.493164647970204, 35.303046403439126 ], [ -83.493163324582483, 35.303047585238289 ], [ -83.493115865841787, 35.303089215526199 ], [ -83.493099093844734, 35.303105775137119 ], [ -83.49304653825763, 35.303164170583031 ], [ -83.493041553844307, 35.303169925468765 ], [ -83.492989435194403, 35.30323246723723 ], [ -83.492988539172444, 35.303233527404103 ], [ -83.492943777578915, 35.303285749469275 ], [ -83.492940862848684, 35.303288869256299 ], [ -83.492937692026885, 35.303291728384458 ], [ -83.492901794177982, 35.303321413368813 ], [ -83.492889472537769, 35.303332493266943 ], [ -83.492878110407943, 35.303344555147646 ], [ -83.492852970900501, 35.30337356200242 ], [ -83.492849847798993, 35.303376850669096 ], [ -83.49284800314328, 35.303378469345525 ], [ -83.492833846089667, 35.303392184331059 ], [ -83.492821107827695, 35.303407226261683 ], [ -83.492809912085022, 35.303423449033993 ], [ -83.492800367606776, 35.303440695074983 ], [ -83.492792567099158, 35.303458796872576 ], [ -83.492786586329089, 35.303477578602653 ], [ -83.49278248338824, 35.303496857836855 ], [ -83.492780298128793, 35.30351644731455 ], [ -83.492779775155967, 35.303524899432126 ], [ -83.492776415727249, 35.303528065145855 ], [ -83.492769840212901, 35.303533701450199 ], [ -83.492762314959734, 35.303540490049237 ], [ -83.492750378777231, 35.303551819346609 ], [ -83.492736993459033, 35.303565817008163 ], [ -83.492725024812373, 35.303581043720527 ], [ -83.492714585073614, 35.303597356694709 ], [ -83.492705772141733, 35.303614602955285 ], [ -83.492698668660282, 35.303632620774891 ], [ -83.492693341242386, 35.303651241190856 ], [ -83.492678089349241, 35.303716314565726 ], [ -83.492676784191076, 35.303720881917179 ], [ -83.492673513416477, 35.303724326647853 ], [ -83.49248327787322, 35.303906291233105 ], [ -83.492470627106741, 35.303919554199055 ], [ -83.492459243665678, 35.303933919623802 ], [ -83.492235891654857, 35.304243973683739 ], [ -83.492232806033101, 35.304247837498387 ], [ -83.492229352776121, 35.304251376585704 ], [ -83.491997525053293, 35.304466504565845 ], [ -83.491963664794667, 35.304497469464941 ], [ -83.491960240384387, 35.30450045995704 ], [ -83.491665162797773, 35.304746521834254 ], [ -83.49165646641697, 35.304753006925822 ], [ -83.491512206102911, 35.304848857380847 ], [ -83.491292151442323, 35.304994251499735 ], [ -83.491283971818021, 35.304999953837424 ], [ -83.49102457321213, 35.305190572666866 ], [ -83.491023412977924, 35.305191431729774 ], [ -83.490963963821613, 35.305235782270842 ], [ -83.490957861355469, 35.305239991891654 ], [ -83.490952888228847, 35.305243156920675 ], [ -83.490946975576534, 35.305246640681474 ], [ -83.490836263280755, 35.305306852186838 ], [ -83.490835719917854, 35.305307148788373 ], [ -83.490651244414636, 35.305408217959616 ], [ -83.490647934623169, 35.305409874823276 ], [ -83.490644511152567, 35.305411281864835 ], [ -83.490280477107191, 35.305545348301493 ], [ -83.490275943261608, 35.305546776002124 ], [ -83.490271220725361, 35.305547316128802 ], [ -83.489874734663942, 35.305573553960677 ], [ -83.489861249847095, 35.305573534097348 ], [ -83.489467310418675, 35.305546298922508 ], [ -83.489463020387532, 35.30554581506059 ], [ -83.489458788261146, 35.305544962067181 ], [ -83.489135531931836, 35.305465110376772 ], [ -83.489118299055619, 35.305461649061442 ], [ -83.488769264219414, 35.305407375374479 ], [ -83.48875394509308, 35.305405595062851 ], [ -83.488738534331716, 35.30540500044124 ], [ -83.488430599311414, 35.305405000266148 ], [ -83.488405482892603, 35.30540658360551 ], [ -83.488190200142782, 35.305433834881732 ], [ -83.48817193097014, 35.305437013993931 ], [ -83.487950938783257, 35.305486122639678 ], [ -83.487946968243776, 35.3054868378889 ], [ -83.487942952899218, 35.305487230027374 ], [ -83.487444009196821, 35.305515657155752 ], [ -83.487431975425096, 35.305515616875262 ], [ -83.486972968287844, 35.305486381075035 ], [ -83.486961103167843, 35.305484908504475 ], [ -83.486670384550237, 35.30543100041205 ], [ -83.486665094329808, 35.305429715968209 ], [ -83.486660210370943, 35.305427311145607 ], [ -83.486634275116245, 35.305412722829118 ], [ -83.486631728473753, 35.305411240556836 ], [ -83.486531619366914, 35.305350980096101 ], [ -83.486528401190185, 35.305348958625025 ], [ -83.486363037190102, 35.305240650392044 ], [ -83.486359156157064, 35.30523783125517 ], [ -83.486356243869366, 35.305234019624493 ], [ -83.486262451689271, 35.305098116302347 ], [ -83.486259641565368, 35.305093811824541 ], [ -83.48616511010141, 35.304940542619143 ], [ -83.486149379000295, 35.304918524251022 ], [ -83.486035552388472, 35.304780063578065 ], [ -83.486023402889415, 35.304766581398283 ], [ -83.486010081244785, 35.304754256087598 ], [ -83.485876138759409, 35.304641166972026 ], [ -83.485863009263142, 35.304630984835271 ], [ -83.485849079920371, 35.304621927628681 ], [ -83.485834446864303, 35.304614057860476 ], [ -83.485688031565758, 35.304542990560165 ], [ -83.485683998803154, 35.304540918874217 ], [ -83.485490622908827, 35.304435971083265 ], [ -83.485483534515438, 35.304431736075898 ], [ -83.485320554246442, 35.304324988593841 ], [ -83.48531178084454, 35.304318532543306 ], [ -83.485169072715507, 35.304201007919239 ], [ -83.485153201605669, 35.304189204554561 ], [ -83.485136242238013, 35.304179026568839 ], [ -83.48511836048003, 35.304170573505694 ], [ -83.485017999521375, 35.304129070883249 ], [ -83.485013161540778, 35.304126755915227 ], [ -83.485009316328899, 35.304123017000926 ], [ -83.484811347622113, 35.303908470367887 ], [ -83.484808695154101, 35.30390547786984 ], [ -83.484646371386475, 35.303714796148938 ], [ -83.484641822323539, 35.303709036739193 ], [ -83.484578942298597, 35.303623121060063 ], [ -83.484566546177234, 35.303607824600832 ], [ -83.48455270610927, 35.303593821100954 ], [ -83.484537556220729, 35.303581246270262 ], [ -83.48452124333123, 35.303570221973175 ], [ -83.484503925531243, 35.303560855047664 ], [ -83.48448577064994, 35.303553236269892 ], [ -83.48432780163094, 35.303495914300626 ], [ -83.484305681777727, 35.303489305137134 ], [ -83.484282947661413, 35.303485289056439 ], [ -83.484256361031214, 35.303482161371868 ], [ -83.484253627347414, 35.303481801501242 ], [ -83.484126387364313, 35.303463263160424 ], [ -83.484103950565569, 35.303461275999858 ], [ -83.48408143261554, 35.303461824334676 ], [ -83.483737111225324, 35.303489667238935 ], [ -83.483728857420871, 35.303489992252928 ], [ -83.483229669152493, 35.303489007214623 ], [ -83.483222323010637, 35.303488722392046 ], [ -83.482862314800016, 35.303461478658285 ], [ -83.482849779082244, 35.303459725831786 ], [ -83.482587511560595, 35.303405927716206 ], [ -83.482583053535905, 35.303404796743898 ], [ -83.482578897221899, 35.303402873573518 ], [ -83.482433341728864, 35.303327260384336 ], [ -83.482429122358695, 35.303324798792502 ], [ -83.482425164176419, 35.303321936046942 ], [ -83.482151657034819, 35.30310293569152 ], [ -83.482148184615909, 35.303099877033063 ], [ -83.482146882687715, 35.303095436529794 ], [ -83.482130004569399, 35.303025938632516 ], [ -83.482124751935118, 35.303008008225717 ], [ -83.482117848996339, 35.302990646224366 ], [ -83.48210935599667, 35.302974004150833 ], [ -83.482099347056575, 35.30295822724451 ], [ -83.482087909526484, 35.302943453194274 ], [ -83.482075143224506, 35.302929810936817 ], [ -83.48206115956522, 35.302917419531418 ], [ -83.481983868029914, 35.302855124334656 ], [ -83.481980174868951, 35.302851831524229 ], [ -83.481977205992351, 35.302847873265627 ], [ -83.481847854538742, 35.302656242639891 ], [ -83.481845221852197, 35.302651876193714 ], [ -83.481843049088624, 35.30264726360393 ], [ -83.481801450828144, 35.302545789044196 ], [ -83.481793332085758, 35.302528409482299 ], [ -83.481783585698153, 35.302511887645892 ], [ -83.481772301323119, 35.302496375520647 ], [ -83.4817595827665, 35.302482015803825 ], [ -83.481745547027302, 35.302468940591602 ], [ -83.481730323221399, 35.30245727016387 ], [ -83.481590251984983, 35.302360190836168 ], [ -83.481576665444706, 35.302351562344526 ], [ -83.481562429088427, 35.302344054275238 ], [ -83.481340772004984, 35.302238326712711 ], [ -83.48133529809796, 35.302235505602958 ], [ -83.481141806706262, 35.302128117896835 ], [ -83.481138097720589, 35.302125842338619 ], [ -83.481134601169202, 35.302123252190384 ], [ -83.481001356396689, 35.30201523737577 ], [ -83.480984766432215, 35.302003145067403 ], [ -83.480967024270555, 35.301992817117835 ], [ -83.480948316847915, 35.301984362345138 ], [ -83.480928841270796, 35.301977869831092 ], [ -83.480671747100956, 35.301906596485047 ], [ -83.480660466001368, 35.301902730543972 ], [ -83.480473681395182, 35.301825981547026 ], [ -83.480453938846566, 35.301819052651517 ], [ -83.479900004283749, 35.301656642827339 ], [ -83.479881770774426, 35.301652214124346 ], [ -83.479324433904026, 35.301544248084731 ], [ -83.479311766425653, 35.301540919561873 ], [ -83.478946991377924, 35.301419000604525 ], [ -83.478576462459287, 35.301295157827091 ], [ -83.478575518491354, 35.301294844929302 ], [ -83.478072440275085, 35.301129476229534 ], [ -83.47806955753218, 35.301128479664193 ], [ -83.477838033409284, 35.301044467159159 ], [ -83.477834068981551, 35.301042832525759 ], [ -83.477830456902225, 35.301040550867022 ], [ -83.477636544610434, 35.300906156119396 ], [ -83.477632206761626, 35.300902779451533 ], [ -83.477628716866064, 35.300898532164446 ], [ -83.477435386276355, 35.300634726370632 ], [ -83.477421692898375, 35.300618015415367 ], [ -83.477227156988292, 35.3004051819658 ], [ -83.47722682492234, 35.300404819561862 ], [ -83.477028839943983, 35.30018927876803 ], [ -83.477019946211101, 35.300178083447747 ], [ -83.476901206336834, 35.300004403717921 ], [ -83.476889237518549, 35.299988633273749 ], [ -83.476875768141028, 35.299974123436051 ], [ -83.476530995507886, 35.299637760112425 ], [ -83.476509727218101, 35.29961972633577 ], [ -83.476185118801297, 35.299381296977316 ], [ -83.476182089989209, 35.299378885972558 ], [ -83.476179257173825, 35.299376247450112 ], [ -83.475886848578099, 35.299081903034384 ], [ -83.475872495706795, 35.299068795354252 ], [ -83.475582972607782, 35.298829124330219 ], [ -83.475572754073426, 35.298821207586656 ], [ -83.475310207458008, 35.298631053539303 ], [ -83.475306172559755, 35.298627798196982 ], [ -83.475302497726034, 35.298624141250954 ], [ -83.475115689617326, 35.298417816272831 ], [ -83.475104556890685, 35.298406462269426 ], [ -83.475092557347679, 35.298396028575773 ], [ -83.475007414028212, 35.298327745339705 ], [ -83.475004137513082, 35.298324872705415 ], [ -83.475001721165128, 35.298321246572478 ], [ -83.474910307612745, 35.298170096941469 ], [ -83.474894046530522, 35.298147052519887 ], [ -83.474853802780586, 35.298097799504816 ], [ -83.474841350516925, 35.298083932073503 ], [ -83.474827661438908, 35.298071284003917 ], [ -83.47481285442403, 35.298059965133319 ], [ -83.474640147895741, 35.297940267630153 ], [ -83.474627532422389, 35.297932206013385 ], [ -83.474554005138302, 35.297889008005278 ], [ -83.474428802849616, 35.297815477002857 ], [ -83.474427189246555, 35.297814508803924 ], [ -83.474413852528087, 35.297806334823619 ], [ -83.474396565567673, 35.297796878237584 ], [ -83.474378431952687, 35.297789168631397 ], [ -83.474061012792347, 35.297672321749694 ], [ -83.474042692174976, 35.297666560240472 ], [ -83.473855500437367, 35.297617432426321 ], [ -83.473839087551056, 35.297613854277927 ], [ -83.473822432287747, 35.297611666085153 ], [ -83.47380565214452, 35.297610883284932 ], [ -83.47362272868655, 35.297610040320521 ], [ -83.473605283378717, 35.297610721944011 ], [ -83.473467886026299, 35.297622112420399 ], [ -83.47344955986091, 35.297624488353158 ], [ -83.473431531220143, 35.297628545631376 ], [ -83.473413954020558, 35.297634249616706 ], [ -83.473396978324573, 35.29764155161233 ], [ -83.473380749059388, 35.297650389278651 ], [ -83.473294978772387, 35.297702371464972 ], [ -83.473282555639955, 35.297708758430467 ], [ -83.473153155155657, 35.297764215792853 ], [ -83.473148928212339, 35.297765804907634 ], [ -83.473144574853194, 35.297767005158803 ], [ -83.472987753696742, 35.297802688746174 ], [ -83.472981953978447, 35.297803652388225 ], [ -83.472976081098707, 35.297803925554923 ], [ -83.47275135492653, 35.297801092747314 ], [ -83.472736721398363, 35.29779982803452 ], [ -83.472413493059193, 35.297747725975007 ], [ -83.472409042638802, 35.297746798725846 ], [ -83.472404695146267, 35.297745470064413 ], [ -83.472105318490975, 35.297638829588337 ], [ -83.472100707281385, 35.297637057489084 ], [ -83.471912928142672, 35.297559516859522 ], [ -83.471890598355003, 35.297551805583247 ], [ -83.471397776594571, 35.297413596983418 ], [ -83.471378896977825, 35.297409276270365 ], [ -83.471359687963897, 35.297406801947574 ], [ -83.471340329689369, 35.297406197218521 ], [ -83.471321003690591, 35.297407467754184 ], [ -83.471264255806361, 35.297413970132482 ], [ -83.471140339709123, 35.297427835180073 ], [ -83.471121186419637, 35.297430925115847 ], [ -83.471102422630892, 35.297435856285361 ], [ -83.470991721029023, 35.297470770103821 ], [ -83.47099026430368, 35.297471235666592 ], [ -83.47088820011372, 35.29750428552282 ], [ -83.470883751647236, 35.297505612725146 ], [ -83.470534618023692, 35.297601008961202 ], [ -83.470527299126601, 35.297602715899927 ], [ -83.470198105496038, 35.297666548493645 ], [ -83.470179688175733, 35.297671034764043 ], [ -83.470161778305467, 35.297677244502879 ], [ -83.470144536771542, 35.297685121927387 ], [ -83.469916874785184, 35.297802482484869 ], [ -83.469911898266886, 35.297804711096596 ], [ -83.469906555654859, 35.29780580148158 ], [ -83.469543709240781, 35.297859304223365 ], [ -83.469538990179743, 35.297859771578942 ], [ -83.469534268097149, 35.297859335809818 ], [ -83.469283397787351, 35.297824057723219 ], [ -83.469142474254028, 35.297803649660381 ], [ -83.46913348157203, 35.297802554679507 ], [ -83.46880518532825, 35.297770106747237 ], [ -83.468782742593405, 35.297769156163049 ], [ -83.468361705691891, 35.297774990430796 ], [ -83.468360275857208, 35.29777501535699 ], [ -83.468126822980977, 35.297779920057643 ], [ -83.468122999625891, 35.297779853858344 ], [ -83.468119192561431, 35.297779495125695 ], [ -83.46790594188748, 35.297751122856873 ], [ -83.467889958140304, 35.297749646102901 ], [ -83.46787390744548, 35.297749455913149 ], [ -83.467785405128865, 35.297751960450988 ], [ -83.46778257658768, 35.297752000466964 ], [ -83.467596809504215, 35.297752000647293 ], [ -83.467571278133519, 35.29775363699337 ], [ -83.467408287944082, 35.297774615607693 ], [ -83.467390979293796, 35.297777621344018 ], [ -83.467374001181298, 35.297782134383041 ], [ -83.467357484602815, 35.29778811990397 ], [ -83.467200065571291, 35.297853123737937 ], [ -83.467181494667187, 35.297861935127159 ], [ -83.467163926250919, 35.297872606106921 ], [ -83.466816178062203, 35.298109112460388 ], [ -83.466802256044076, 35.298119492709247 ], [ -83.4666448149178, 35.298247882294305 ], [ -83.466640866234002, 35.298250790327401 ], [ -83.466636424072547, 35.298252867816892 ], [ -83.466442465880831, 35.298332170441327 ], [ -83.466433360597122, 35.29833538916948 ], [ -83.466178345831764, 35.298411893419527 ], [ -83.4661580307571, 35.298419204630427 ], [ -83.465839835268142, 35.298553533734513 ], [ -83.465827882488441, 35.298557708836015 ], [ -83.46553532775971, 35.298639507727408 ], [ -83.465524744963403, 35.29864278531241 ], [ -83.465295383115077, 35.298720845575787 ], [ -83.465288525914389, 35.298722908421936 ], [ -83.464922235761193, 35.298818936674664 ], [ -83.46492174777454, 35.29881906526559 ], [ -83.464554585074907, 35.298916313034866 ], [ -83.464549363522835, 35.298917547102505 ], [ -83.464287997529823, 35.298971958017944 ], [ -83.464282990799234, 35.298972735822915 ], [ -83.464277982927527, 35.298971965400085 ], [ -83.464043688007763, 35.298923550387634 ], [ -83.46402254742803, 35.298920348950439 ], [ -83.464001185889558, 35.298919422675461 ], [ -83.463979847540472, 35.298920782149423 ], [ -83.463962525329208, 35.298922819971359 ], [ -83.463959459928091, 35.298923204617836 ], [ -83.463797584659332, 35.298944787938936 ], [ -83.463794401089771, 35.298945238487924 ], [ -83.463658956888736, 35.298965518825185 ], [ -83.463639557150785, 35.298969413290649 ], [ -83.463620637177328, 35.298975205638897 ], [ -83.463602382155514, 35.298982839174904 ], [ -83.463584970763961, 35.298992239182247 ], [ -83.463568573423956, 35.299003313654438 ], [ -83.463557571317708, 35.299011565204097 ], [ -83.463548615536212, 35.299018691352792 ], [ -83.463422156756693, 35.299125364488184 ], [ -83.463406796274, 35.29913977232016 ], [ -83.463393036003197, 35.299155715500468 ], [ -83.463202372455129, 35.299401704970045 ], [ -83.463189888970362, 35.299419780065136 ], [ -83.463179463060555, 35.299439115184974 ], [ -83.463171220500328, 35.299459477077207 ], [ -83.463066105682927, 35.299766664715335 ], [ -83.462949077549112, 35.300104751707188 ], [ -83.462948905572418, 35.300105250665936 ], [ -83.462834537928231, 35.300438493919096 ], [ -83.462832796588813, 35.300442876074762 ], [ -83.462829550279366, 35.300446296166342 ], [ -83.462765384974816, 35.300507750822646 ], [ -83.46276185458288, 35.300510827575465 ], [ -83.462758051116396, 35.300513559555689 ], [ -83.462609781194843, 35.300609838482998 ], [ -83.462606153768249, 35.300612085393624 ], [ -83.462364014118862, 35.300755014964757 ], [ -83.462347311889786, 35.300766036398869 ], [ -83.462331794626749, 35.300778671707064 ], [ -83.462317617671673, 35.300792794398404 ], [ -83.462304922948817, 35.300808263091866 ], [ -83.462293837543939, 35.300824922931731 ], [ -83.462191714753658, 35.300996425189545 ], [ -83.462188772171871, 35.301000817109433 ], [ -83.462184967943571, 35.301004488021412 ], [ -83.461874897297946, 35.301273348164095 ], [ -83.461871127828218, 35.301276700856221 ], [ -83.461534826982003, 35.301583501547427 ], [ -83.461526814583138, 35.301590082956047 ], [ -83.461348238908627, 35.30172186535566 ], [ -83.461343862417294, 35.301724751329083 ], [ -83.461338978326395, 35.301726656105949 ], [ -83.461121809093342, 35.301798400248281 ], [ -83.461118152186557, 35.301799531184734 ], [ -83.460753914560925, 35.301904580465177 ], [ -83.460748944131041, 35.301905741925552 ], [ -83.460743880968465, 35.301906388875707 ], [ -83.460253927905171, 35.301943624907601 ], [ -83.460248997141264, 35.301943754896541 ], [ -83.46024407767041, 35.301943396933488 ], [ -83.459983932135756, 35.301911465611326 ], [ -83.459959960428435, 35.301909976202289 ], [ -83.459466691387362, 35.301909003860551 ], [ -83.459463291967708, 35.301908939354185 ], [ -83.459076247883573, 35.301895009189053 ], [ -83.458687247695096, 35.301880010067983 ], [ -83.458686735231581, 35.301879990966292 ], [ -83.458297991544669, 35.301865999897657 ], [ -83.457937100128078, 35.301853011749046 ], [ -83.457918478981284, 35.30185320911761 ], [ -83.457899956911163, 35.301855137583544 ], [ -83.457881694497615, 35.301858780427736 ], [ -83.457289668876939, 35.302005832130703 ], [ -83.457061653945658, 35.30206078020646 ], [ -83.457040411175242, 35.302067164639034 ], [ -83.457020006042171, 35.30207586215699 ], [ -83.456734915021727, 35.302216543883503 ], [ -83.456733057564321, 35.302217436786385 ], [ -83.456514718297427, 35.302319638796284 ], [ -83.456499367854633, 35.302327651825763 ], [ -83.456484768064954, 35.302336962619307 ], [ -83.456268901156733, 35.302488160230268 ], [ -83.456255513791575, 35.302498404351397 ], [ -83.456093711837667, 35.302633398565639 ], [ -83.45609225897833, 35.30263458775763 ], [ -83.455912876343675, 35.302778624844819 ], [ -83.45589834194277, 35.302791504556993 ], [ -83.455885125204162, 35.302805733176605 ], [ -83.455873350740475, 35.302821176550609 ], [ -83.45583733899376, 35.302873495452737 ], [ -83.455836646684972, 35.302874507891893 ], [ -83.455649364253929, 35.303150202074889 ], [ -83.455640595888767, 35.303164341280763 ], [ -83.455633033038936, 35.303179160345266 ], [ -83.455501365783334, 35.303466038570804 ], [ -83.455494064141106, 35.303484256058312 ], [ -83.455488583209714, 35.303503101488033 ], [ -83.455484975769266, 35.303522393382799 ], [ -83.455414858324076, 35.304035650333283 ], [ -83.455413531610205, 35.304048393743905 ], [ -83.455388504770795, 35.304396845328988 ], [ -83.45538799090366, 35.304411173060309 ], [ -83.455387990949561, 35.304652103382701 ], [ -83.455387998993345, 35.304653897068505 ], [ -83.455389942338272, 35.304870571078645 ], [ -83.455389698964268, 35.304875938531133 ], [ -83.455387751042835, 35.304880945963355 ], [ -83.455289246397371, 35.305098437527732 ], [ -83.455288729515914, 35.305099560252572 ], [ -83.455189001486659, 35.305312703231223 ], [ -83.45518458212041, 35.305321088006473 ], [ -83.455102996522115, 35.305459536385712 ], [ -83.455093904199273, 35.305476848769032 ], [ -83.455086546010747, 35.305494966329917 ], [ -83.45508099229879, 35.305513715869495 ], [ -83.455021015414545, 35.305759798825655 ], [ -83.455019814091514, 35.305763940588875 ], [ -83.455017923742332, 35.305767798726762 ], [ -83.454899270350793, 35.305985768363904 ], [ -83.454890692964739, 35.30600356631863 ], [ -83.454883913454069, 35.306022123715522 ], [ -83.454878997976465, 35.306041259462802 ], [ -83.454855110869886, 35.306157884681191 ], [ -83.454852036843221, 35.306178105008726 ], [ -83.454851043982856, 35.306198533555275 ], [ -83.454851990076989, 35.306563742064306 ], [ -83.454851990927182, 35.306754115951819 ], [ -83.454851757605255, 35.306758890190281 ], [ -83.454848229559488, 35.30676211570804 ], [ -83.454722092973327, 35.306866602967318 ], [ -83.454717859257826, 35.306869745645777 ], [ -83.454712852749438, 35.306871399625827 ], [ -83.454528002940037, 35.306921729711654 ], [ -83.454504477667271, 35.306929735080956 ], [ -83.454178273606701, 35.307063884571939 ], [ -83.454177709906958, 35.307064117395598 ], [ -83.454044582774145, 35.307119340360316 ], [ -83.454041378759797, 35.307120605195387 ], [ -83.454011856894112, 35.307131675557159 ], [ -83.453999958360839, 35.307136012346646 ], [ -83.453978545232516, 35.307145264895397 ], [ -83.453958355066121, 35.307156947741952 ], [ -83.453889114164653, 35.307202601277197 ], [ -83.453884800827424, 35.307205290486237 ], [ -83.453829321285482, 35.307237951499488 ], [ -83.453811821932689, 35.307249530785818 ], [ -83.453795632090475, 35.307262879801861 ], [ -83.453780929971444, 35.307277851605903 ], [ -83.453767877411835, 35.307294281393119 ], [ -83.453756618090054, 35.307311988309664 ], [ -83.453747275945119, 35.30733077744344 ], [ -83.453739953812374, 35.307350441969682 ], [ -83.453618245392022, 35.307738436929725 ], [ -83.453611697212878, 35.30776602924967 ], [ -83.453554542364756, 35.308115630666094 ], [ -83.453553556009908, 35.308122386150785 ], [ -83.453516696708974, 35.308408967641711 ], [ -83.453515112353088, 35.308430025323325 ], [ -83.453515757124535, 35.308451132677689 ], [ -83.453543480473385, 35.308782954543879 ], [ -83.453546129520518, 35.308802719859926 ], [ -83.453550733752422, 35.308822123112684 ], [ -83.453557247393235, 35.308840971392506 ], [ -83.453676181809115, 35.309136502990469 ], [ -83.453677746727067, 35.309141010756427 ], [ -83.453676577929073, 35.309145637076348 ], [ -83.453653140267789, 35.309222511546807 ], [ -83.45357810130254, 35.309464205687703 ], [ -83.453574370008795, 35.309477929188112 ], [ -83.45354405770145, 35.309607441242562 ], [ -83.453542788464375, 35.309611910259008 ], [ -83.453540330228037, 35.309615852357894 ], [ -83.453418419273788, 35.309792380535654 ], [ -83.453417568140296, 35.309793622962786 ], [ -83.453244600196811, 35.310048160026483 ], [ -83.453239562435797, 35.310055956800035 ], [ -83.453075745578431, 35.310322882928929 ], [ -83.453067401244425, 35.310334517330809 ], [ -83.452779040155662, 35.310681123233927 ], [ -83.452762563436139, 35.31070404257396 ], [ -83.452604348459573, 35.310960557338731 ], [ -83.452596967876403, 35.310970970353587 ], [ -83.452498044327115, 35.311093169582932 ], [ -83.452485957487653, 35.311109776605733 ], [ -83.452475637666538, 35.311127535721326 ], [ -83.452467193708173, 35.311146259622134 ], [ -83.452460714672043, 35.311165750824898 ], [ -83.4524562688933, 35.31118580375351 ], [ -83.452432905565118, 35.311324569257813 ], [ -83.452431377067228, 35.311335473166253 ], [ -83.452400950404297, 35.311606633712586 ], [ -83.452399759790069, 35.311624173285693 ], [ -83.452400114008654, 35.311641749653816 ], [ -83.452402010323212, 35.311659227015689 ], [ -83.452433250419588, 35.311863110932848 ], [ -83.452436784824897, 35.311880804192526 ], [ -83.452441899404775, 35.311898106924431 ], [ -83.452496223297615, 35.312055405058089 ], [ -83.452503962158062, 35.312074548218781 ], [ -83.452513633504836, 35.312092791453523 ], [ -83.452634466220971, 35.312294780094824 ], [ -83.452636766241611, 35.312299092798398 ], [ -83.452638179252304, 35.31230377178435 ], [ -83.45270377331984, 35.312567111767187 ], [ -83.452706453178834, 35.312576821190703 ], [ -83.452804565118754, 35.312900298630794 ], [ -83.452806949194226, 35.312909819423581 ], [ -83.452838047458513, 35.313066251510783 ], [ -83.452838751284006, 35.313070977887584 ], [ -83.452837174491052, 35.31307548873346 ], [ -83.452741030643068, 35.31331296243539 ], [ -83.452738737277201, 35.313317846104475 ], [ -83.452735444656042, 35.3133221202594 ], [ -83.452574426712431, 35.313509171134427 ], [ -83.452569351521234, 35.313514640086169 ], [ -83.452414897930751, 35.313669093625215 ], [ -83.452403531733182, 35.31368145699247 ], [ -83.452393242853077, 35.313694730358414 ], [ -83.452332272905807, 35.313780603230462 ], [ -83.452331711105671, 35.313781398590308 ], [ -83.452243799380597, 35.313906503439476 ], [ -83.452234018689254, 35.313921863992974 ], [ -83.452225675677582, 35.313938050489917 ], [ -83.45221883951092, 35.313954928740785 ], [ -83.452169786852565, 35.314093911362285 ], [ -83.452167740235893, 35.31409884473404 ], [ -83.452164230694549, 35.314102870888107 ], [ -83.452069815810304, 35.314200063753127 ], [ -83.452065824385969, 35.31420374524231 ], [ -83.452060857094764, 35.314205938607081 ], [ -83.451765647501631, 35.314317375175456 ], [ -83.45176231408297, 35.314318566508575 ], [ -83.451573896919371, 35.314382166975641 ], [ -83.451555834164793, 35.314389257616298 ], [ -83.451538543574017, 35.314398065326486 ], [ -83.451522187912161, 35.314408507194756 ], [ -83.451506921143348, 35.314420484926508 ], [ -83.451492886981413, 35.314433885769276 ], [ -83.451411674924756, 35.314519340480508 ], [ -83.451399896015317, 35.314532906085837 ], [ -83.451389381981087, 35.314547473976539 ], [ -83.451380217662006, 35.314562926601269 ], [ -83.451261294809385, 35.314785685117684 ], [ -83.451258810383294, 35.314789836597804 ], [ -83.451254930619257, 35.314792727028276 ], [ -83.451057212076037, 35.314925509289395 ], [ -83.4510526937447, 35.314928371348834 ], [ -83.45082527402694, 35.3150640419544 ], [ -83.450821925679605, 35.315065869701982 ], [ -83.450818447513072, 35.315067436369553 ], [ -83.450557313238221, 35.315173248982717 ], [ -83.450552938426839, 35.315174788452865 ], [ -83.450548354033259, 35.315175490079604 ], [ -83.450273914097394, 35.315204480669557 ], [ -83.450264099630658, 35.315205763712946 ], [ -83.449912675484029, 35.315260581343757 ], [ -83.449907288228403, 35.315261272374613 ], [ -83.44965228449054, 35.315286963555039 ], [ -83.44963185926423, 35.315290094242421 ], [ -83.44942450045653, 35.315332943366791 ], [ -83.449403876173861, 35.315338366157668 ], [ -83.449383946522346, 35.315345954088038 ], [ -83.449364938086049, 35.31535562088925 ], [ -83.449347066975506, 35.315367256657588 ], [ -83.449330536370837, 35.315380729103758 ], [ -83.449079493680244, 35.315608649194559 ], [ -83.449067511790304, 35.315620485291362 ], [ -83.449056568229139, 35.315633287531135 ], [ -83.448766338928351, 35.316003281986305 ], [ -83.448763569839599, 35.316006657664609 ], [ -83.448431313836323, 35.316394125579748 ], [ -83.448424290829493, 35.316401516646891 ], [ -83.448230164632491, 35.316585984999747 ], [ -83.448223567298214, 35.316591726296721 ], [ -83.44812814573848, 35.316667692761399 ], [ -83.448123864919054, 35.316670744235402 ], [ -83.448118843830571, 35.316672301662798 ], [ -83.447780381786316, 35.316757889885729 ], [ -83.447775959274693, 35.316758797444514 ], [ -83.447771472810928, 35.316759301344341 ], [ -83.447418223666475, 35.316782851433196 ], [ -83.447413763743171, 35.316783198903437 ], [ -83.446944991004145, 35.316825000054209 ], [ -83.446481131757068, 35.316866364001847 ], [ -83.446466833784598, 35.316866611158758 ], [ -83.446033912077141, 35.316843050251642 ], [ -83.445563278777726, 35.316813082154539 ], [ -83.445560698856013, 35.316812934603391 ], [ -83.444931410351188, 35.316781021567564 ], [ -83.444930572964537, 35.316780980860713 ], [ -83.444420675494541, 35.316757264972132 ], [ -83.444409300186763, 35.316757059843226 ], [ -83.444063153686642, 35.316760665387513 ], [ -83.444041946127115, 35.316762015308917 ], [ -83.444021001509554, 35.316765607782145 ], [ -83.444000556289723, 35.316771402249721 ], [ -83.443878281004046, 35.31681319212985 ], [ -83.443872940864111, 35.316814689842204 ], [ -83.443867401576071, 35.316814966470197 ], [ -83.4437070872211, 35.31681400661504 ], [ -83.443704894139884, 35.316814005508569 ], [ -83.443510104768009, 35.316814975217547 ], [ -83.443505057555825, 35.31681474214696 ], [ -83.443500519306738, 35.316812521118642 ], [ -83.443424506025053, 35.316770375201678 ], [ -83.443403470737877, 35.31676026891958 ], [ -83.443381401405873, 35.316752681770581 ], [ -83.443261084032201, 35.316719026048865 ], [ -83.44320377471395, 35.316703054724883 ], [ -83.443200044097779, 35.316701855339446 ], [ -83.443196419092473, 35.316700366931045 ], [ -83.442975264028377, 35.316599240491556 ], [ -83.442956335709638, 35.316591725392499 ], [ -83.442826652452453, 35.316547738910224 ], [ -83.442805389792653, 35.316541813153165 ], [ -83.442783603628186, 35.316538266558048 ], [ -83.442761559322889, 35.316537142323767 ], [ -83.442565188217259, 35.316537978029565 ], [ -83.442554819309876, 35.316537482991507 ], [ -83.442346555836906, 35.316516656704053 ], [ -83.442328126806302, 35.316515669562264 ], [ -83.44230968524441, 35.316516385392454 ], [ -83.442291388182795, 35.316518798099274 ], [ -83.442273391422589, 35.316522887138305 ], [ -83.44225584820785, 35.316528617691006 ], [ -83.442238907920611, 35.316535940961202 ], [ -83.442127063015974, 35.316590547607454 ], [ -83.44211321335041, 35.316597997548861 ], [ -83.441890002084676, 35.316729634771086 ], [ -83.441881778585781, 35.316733981997061 ], [ -83.441423365308594, 35.31694964887523 ], [ -83.441401375690958, 35.316961733645641 ], [ -83.441282712439545, 35.317037005375362 ], [ -83.441277869444605, 35.31703971043742 ], [ -83.441272547214865, 35.317041274353215 ], [ -83.441063306075193, 35.317090245918912 ], [ -83.441043347002093, 35.317096025812724 ], [ -83.441024095345753, 35.317103845371477 ], [ -83.44084293861448, 35.317188641906647 ], [ -83.440826087585449, 35.317197531551436 ], [ -83.440810158885768, 35.3172079842779 ], [ -83.440795297061626, 35.317219905232015 ], [ -83.440781636977732, 35.317233186236187 ], [ -83.44062302835647, 35.317402820934838 ], [ -83.440619019215504, 35.317407239069531 ], [ -83.440503678212011, 35.3175382202405 ], [ -83.440502288696251, 35.317539765499809 ], [ -83.440210918651474, 35.317857098781118 ], [ -83.440200504776726, 35.317869400904428 ], [ -83.440191115344859, 35.317882501652292 ], [ -83.439967540596371, 35.318222600717796 ], [ -83.439959774888578, 35.318232898140828 ], [ -83.439800676587993, 35.318417718749537 ], [ -83.439792846920994, 35.318425838392656 ], [ -83.439526939572175, 35.31867212200828 ], [ -83.439525055073602, 35.31867389018754 ], [ -83.439327429913476, 35.318861732481359 ], [ -83.439320712357883, 35.318868427761458 ], [ -83.439194986743615, 35.318999824423457 ], [ -83.439187242923836, 35.319008400343904 ], [ -83.43912462290308, 35.319081911437927 ], [ -83.439121875140984, 35.319084883893275 ], [ -83.439118895477549, 35.319087623836914 ], [ -83.439031609203539, 35.319161583351573 ], [ -83.439016458214638, 35.319175839234788 ], [ -83.439002870038749, 35.319191591826552 ], [ -83.43899099169407, 35.319208670690635 ], [ -83.438980951699122, 35.31922689104114 ], [ -83.438972858682305, 35.319246055741765 ], [ -83.438920028430829, 35.319391898139841 ], [ -83.438919954391693, 35.3193921028791 ], [ -83.438820060309396, 35.319668809256427 ], [ -83.438720484117184, 35.319942892287621 ], [ -83.43871714646022, 35.319950961950539 ], [ -83.438619189226912, 35.320161280922783 ], [ -83.438614314761182, 35.3201704654129 ], [ -83.438421632862642, 35.32049192590771 ], [ -83.438413529880634, 35.320503500561934 ], [ -83.43822079946672, 35.320741073684601 ], [ -83.438211649088373, 35.320753276218156 ], [ -83.438085250782052, 35.320935954289922 ], [ -83.438073762131495, 35.320954678728903 ], [ -83.437954978593069, 35.321174515313835 ], [ -83.437946008470476, 35.321193419111928 ], [ -83.437939062452941, 35.321213156627529 ], [ -83.437880166793875, 35.321413403083625 ], [ -83.437879808076914, 35.321414595262752 ], [ -83.437813106080583, 35.321631376101429 ], [ -83.437810604304801, 35.321638529970009 ], [ -83.437786423602063, 35.321700081103415 ], [ -83.437779983248717, 35.321719278013177 ], [ -83.437775516948179, 35.321739027738623 ], [ -83.437745853852704, 35.321910025701854 ], [ -83.437744763137886, 35.321914852478031 ], [ -83.437740799506813, 35.321917815087893 ], [ -83.437544544518531, 35.322049613661306 ], [ -83.437540902290905, 35.322051839675545 ], [ -83.437537083095876, 35.322053746167448 ], [ -83.437317379712326, 35.322151912314268 ], [ -83.437295324287234, 35.322163464334125 ], [ -83.437087502543051, 35.32228938974928 ], [ -83.437070621534687, 35.322300834324281 ], [ -83.437054993825896, 35.322313938577715 ], [ -83.436803212495477, 35.322547935576239 ], [ -83.436798647802121, 35.32255192682446 ], [ -83.436536737005014, 35.322767276117041 ], [ -83.43652561177251, 35.322777138979617 ], [ -83.436332730372328, 35.322961383847151 ], [ -83.436329900412019, 35.322963889182439 ], [ -83.436326888978485, 35.322966173180959 ], [ -83.436098925874347, 35.32312584362063 ], [ -83.436087373923414, 35.323134574865954 ], [ -83.435861384064935, 35.323318608688226 ], [ -83.435850041559178, 35.323326602305009 ], [ -83.435491625733079, 35.323543589236387 ], [ -83.435479957159856, 35.323549642381778 ], [ -83.435120877908957, 35.323706861247004 ], [ -83.435111225836962, 35.323711397716302 ], [ -83.434791540009172, 35.323872192242312 ], [ -83.434769287392811, 35.323885247469107 ], [ -83.434556583760312, 35.324029245108932 ], [ -83.434551293880787, 35.32403258972645 ], [ -83.43444760683299, 35.324093690821584 ], [ -83.434435993258603, 35.324099551381444 ], [ -83.434200375919389, 35.324199776786024 ], [ -83.434183283728316, 35.324208025913379 ], [ -83.43416705039995, 35.32421785801121 ], [ -83.434151822111787, 35.324229184543668 ], [ -83.433870934480751, 35.324459586099799 ], [ -83.433867908011507, 35.324461881638001 ], [ -83.433864715723217, 35.324463940353006 ], [ -83.433641068985096, 35.324596400658237 ], [ -83.433629183013096, 35.32460401957244 ], [ -83.433399776609392, 35.324762765041349 ], [ -83.433396233994614, 35.3247652737614 ], [ -83.433166424336164, 35.324931788490119 ], [ -83.433157234272741, 35.324937708927457 ], [ -83.433028659555873, 35.325010912297074 ], [ -83.433024916821722, 35.325012838845431 ], [ -83.433021024998382, 35.325014443014801 ], [ -83.432776040167226, 35.3251035278874 ], [ -83.432767830161779, 35.325106118817075 ], [ -83.432588113540774, 35.32515443014843 ], [ -83.432583846729401, 35.325155477202159 ], [ -83.43250621385738, 35.325172728901258 ], [ -83.432503761436408, 35.3251732417284 ], [ -83.432458698823581, 35.325182077068384 ], [ -83.432454001773849, 35.325182766053928 ], [ -83.432449388372461, 35.325181646454098 ], [ -83.432357143381594, 35.325154515976735 ], [ -83.432352116815736, 35.325152739391363 ], [ -83.432347584312566, 35.325149932428943 ], [ -83.432120746755203, 35.324992006722766 ], [ -83.432109852964544, 35.324983228444083 ], [ -83.432087026650024, 35.32496203306021 ], [ -83.431857296794348, 35.324748508812938 ], [ -83.431845621034313, 35.324738466197701 ], [ -83.431833207153105, 35.324729351756055 ], [ -83.431444514818367, 35.324466383989609 ], [ -83.431437369127124, 35.324461768044301 ], [ -83.431188612465235, 35.32430847522815 ], [ -83.431169479666025, 35.324298077367317 ], [ -83.431149329848807, 35.324289821194995 ], [ -83.430965877211378, 35.32422607920752 ], [ -83.430944454455002, 35.324219949764675 ], [ -83.430922482822254, 35.324216241407171 ], [ -83.430900235038564, 35.324215000165417 ], [ -83.430606677507413, 35.324215000424623 ], [ -83.430490582178109, 35.324214204417494 ], [ -83.430471018845395, 35.324215028813157 ], [ -83.430451629885283, 35.324217762279929 ], [ -83.430432601142698, 35.324222378617279 ], [ -83.430009799307925, 35.324347154849328 ], [ -83.429990395786959, 35.324353984111376 ], [ -83.42997179636393, 35.324362770288509 ], [ -83.429788179776807, 35.324461362259754 ], [ -83.429785811224008, 35.324462654700802 ], [ -83.42959071552508, 35.324570826214902 ], [ -83.429578902208604, 35.324576399662696 ], [ -83.429387097703113, 35.324651988067586 ], [ -83.429381911967724, 35.32465370960189 ], [ -83.429376568874332, 35.324654852792165 ], [ -83.429016841582182, 35.324711394656525 ], [ -83.429012979011816, 35.324711848373049 ], [ -83.429009092839252, 35.324711999928006 ], [ -83.428812142619364, 35.324712000636495 ], [ -83.428807018894162, 35.324711736555557 ], [ -83.428801949474106, 35.324710947074884 ], [ -83.428543396006546, 35.324656920861734 ], [ -83.428539067606607, 35.324655811079928 ], [ -83.428535191993916, 35.324653587054378 ], [ -83.428372983035032, 35.324550536662031 ], [ -83.42836916381961, 35.324547848808599 ], [ -83.428366987781956, 35.324543716518626 ], [ -83.428306196158587, 35.324413714644479 ], [ -83.428304253186838, 35.324408925079034 ], [ -83.428303341724217, 35.324403837416014 ], [ -83.428269604842754, 35.324135876018865 ], [ -83.42826813835967, 35.324126160388168 ], [ -83.428235926485939, 35.323943310414663 ], [ -83.428235285129389, 35.323938012433771 ], [ -83.428236360859572, 35.323932785317211 ], [ -83.428291583961439, 35.323722550105792 ], [ -83.428292373229581, 35.323719444298732 ], [ -83.428318566424537, 35.32361280097512 ], [ -83.428322475979414, 35.323592332035624 ], [ -83.428324234451722, 35.323571567405153 ], [ -83.428323822750528, 35.323550732516019 ], [ -83.428321245345472, 35.323530053563275 ], [ -83.428316530218282, 35.323509755049066 ], [ -83.428309728559, 35.323490057345282 ], [ -83.428284630613803, 35.32342805062158 ], [ -83.428283173733462, 35.323423944001163 ], [ -83.42828245729126, 35.323419662771286 ], [ -83.428280415441961, 35.323403071510029 ], [ -83.428276569019673, 35.323381576456292 ], [ -83.428270402140669, 35.323360628857323 ], [ -83.428261988319136, 35.323340478425401 ], [ -83.428251427854619, 35.323321365369949 ], [ -83.428077167411246, 35.32304304415247 ], [ -83.42806786384412, 35.323029461749279 ], [ -83.428057474693304, 35.323016690547966 ], [ -83.428046070355165, 35.323004817085575 ], [ -83.427899656566453, 35.322864432443822 ], [ -83.427887917430269, 35.322854028877273 ], [ -83.427626867796405, 35.322640355274189 ], [ -83.427624086211082, 35.32263790032242 ], [ -83.427621494655654, 35.322635245544816 ], [ -83.427448219825536, 35.32244401419193 ], [ -83.427436274366116, 35.32243190779996 ], [ -83.427423343525476, 35.32242086008128 ], [ -83.427409520812589, 35.322410950927129 ], [ -83.427052813011315, 35.322177537760695 ], [ -83.427051181042543, 35.322176446849532 ], [ -83.426777530840525, 35.32198960973259 ], [ -83.426761564056207, 35.321979772912471 ], [ -83.426744746096617, 35.321971474872562 ], [ -83.426451685436248, 35.321843594275023 ], [ -83.426431645833034, 35.321836098396453 ], [ -83.426410920151852, 35.321830786143416 ], [ -83.42597709619416, 35.321744020983317 ], [ -83.425967020029802, 35.321741454071571 ], [ -83.425648348510691, 35.321642355615893 ], [ -83.425644070497611, 35.321640807957621 ], [ -83.425639951322552, 35.32163887688457 ], [ -83.425474292911147, 35.321551787953517 ], [ -83.425469194839195, 35.321548705008482 ], [ -83.425464501629179, 35.321545035040472 ], [ -83.425290009304604, 35.321390898895942 ], [ -83.425287962120237, 35.321389115128319 ], [ -83.425106773763687, 35.32123339183012 ], [ -83.425101392212127, 35.321228412078774 ], [ -83.42486565570448, 35.320993653576316 ], [ -83.424863098089347, 35.32099090747662 ], [ -83.424860754026227, 35.320987976977719 ], [ -83.424641214139243, 35.320691300685034 ], [ -83.424420405759918, 35.320390565358892 ], [ -83.424419584354141, 35.320389430021912 ], [ -83.424279290878616, 35.32019262832447 ], [ -83.424273238165426, 35.320183027177954 ], [ -83.424190787196437, 35.320034110863233 ], [ -83.424181646403099, 35.320019182880415 ], [ -83.424171235354706, 35.320005111318835 ], [ -83.42415963379959, 35.31999200396622 ], [ -83.423948142413622, 35.31977315668582 ], [ -83.423720994544681, 35.319537082758444 ], [ -83.423716928092418, 35.319532976917479 ], [ -83.423362326589711, 35.319185138457236 ], [ -83.423340304466095, 35.319166456906665 ], [ -83.423065868869941, 35.318965835250872 ], [ -83.423062144561783, 35.31896282799547 ], [ -83.423058725826877, 35.318959477426965 ], [ -83.422845362910138, 35.31872927026285 ], [ -83.422833519912331, 35.318717516236092 ], [ -83.422820738360869, 35.318706790300944 ], [ -83.422582745414275, 35.318523433469451 ], [ -83.422571939537519, 35.318513781530861 ], [ -83.422459366891488, 35.318397487717547 ], [ -83.422456175257977, 35.318393853202551 ], [ -83.422453350871578, 35.318389926490731 ], [ -83.42231034631709, 35.318169262660234 ], [ -83.422298851256372, 35.318153303389451 ], [ -83.422094804997712, 35.31789754017651 ], [ -83.42208028869905, 35.317881252773496 ], [ -83.421933461780469, 35.317733582865827 ], [ -83.421919987664211, 35.3177212172818 ], [ -83.421905440338776, 35.317710134195579 ], [ -83.421889941441435, 35.317700426278243 ], [ -83.421773680133995, 35.317634806885799 ], [ -83.421758290959787, 35.31762697689809 ], [ -83.421742283780176, 35.317620503445333 ], [ -83.421725777902793, 35.317615434776656 ], [ -83.421592951659349, 35.317580844084517 ], [ -83.421575973679893, 35.317577201608806 ], [ -83.421558743742978, 35.317575045526844 ], [ -83.421541391727601, 35.317574392091153 ], [ -83.421524048433014, 35.317575246227314 ], [ -83.421397066510053, 35.31758704276298 ], [ -83.421376210867194, 35.317590095716668 ], [ -83.421355792348152, 35.317595326629132 ], [ -83.42119511019844, 35.317645650122216 ], [ -83.421192864282787, 35.317646324698963 ], [ -83.420670910129971, 35.317796447954962 ], [ -83.420667050767847, 35.317797474987223 ], [ -83.420340087832344, 35.317877528170087 ], [ -83.420320205502733, 35.317883505552892 ], [ -83.419877584839838, 35.318042056090107 ], [ -83.419861315208834, 35.318048704311657 ], [ -83.419845692065209, 35.318056755220049 ], [ -83.419524789104898, 35.318240398643539 ], [ -83.419519095259488, 35.318243417728048 ], [ -83.419189133454779, 35.318404972117122 ], [ -83.419184915785408, 35.318406801210017 ], [ -83.419180547595374, 35.318408234119275 ], [ -83.418587896710648, 35.318572804831781 ], [ -83.418572291121095, 35.318577835827128 ], [ -83.418222174959411, 35.318706776898459 ], [ -83.418208228195937, 35.31871251928402 ], [ -83.418194753836161, 35.318719296365408 ], [ -83.417905090609949, 35.318878945677412 ], [ -83.417606113572575, 35.319043284726476 ], [ -83.417599755770993, 35.31904649008122 ], [ -83.417068578190026, 35.319290968515716 ], [ -83.41705503581386, 35.319296048494799 ], [ -83.416594803072201, 35.319431583250065 ], [ -83.416589944437234, 35.319432752907382 ], [ -83.416584993096336, 35.319433430149928 ], [ -83.416188628050648, 35.319467515127513 ], [ -83.416177334869388, 35.319467845179311 ], [ -83.415859963233999, 35.319459163541218 ], [ -83.415854043409155, 35.319458646775537 ], [ -83.415848227348874, 35.31945742824508 ], [ -83.415711897301719, 35.319420247699192 ], [ -83.415658311537484, 35.31940509129452 ], [ -83.415657639599743, 35.319404902506683 ], [ -83.415572208284274, 35.319381060454319 ], [ -83.415571775009781, 35.319380940061549 ], [ -83.415228840464806, 35.319286064973603 ], [ -83.415221238404357, 35.319283631140685 ], [ -83.41475389430849, 35.319113153570164 ], [ -83.414742404311085, 35.319108124152741 ], [ -83.414582659934709, 35.319025888804532 ], [ -83.414579081108457, 35.319023855486193 ], [ -83.414575896582846, 35.319021269743395 ], [ -83.414463230442919, 35.318921859088007 ], [ -83.414460137737422, 35.31891888306815 ], [ -83.414457911053049, 35.318915213817917 ], [ -83.414357427053588, 35.318732256097029 ], [ -83.414351480276224, 35.318719320430027 ], [ -83.414251058158754, 35.318452178044097 ], [ -83.414219149999553, 35.318366803462574 ], [ -83.414206864259953, 35.318340100895128 ], [ -83.414103578301763, 35.318153160992892 ], [ -83.414092015184906, 35.318134687926161 ], [ -83.414078510737482, 35.318117582670652 ], [ -83.413935706595652, 35.317955683073862 ], [ -83.413920162607397, 35.31793991355125 ], [ -83.41390297067133, 35.317925958955293 ], [ -83.413624371216315, 35.31772434046249 ], [ -83.413609157177873, 35.317714352438564 ], [ -83.413383594724962, 35.317580545109927 ], [ -83.413378485655286, 35.317577301358277 ], [ -83.413195919350613, 35.317453481397216 ], [ -83.413178496298826, 35.317442918757102 ], [ -83.413160088996833, 35.317434183579181 ], [ -83.413047392452256, 35.317387579348498 ], [ -83.413044608314308, 35.317386378254646 ], [ -83.412747207906364, 35.317252693799404 ], [ -83.412730476740975, 35.317246060847417 ], [ -83.412580593848986, 35.317194315618465 ], [ -83.412561102127611, 35.31718867530887 ], [ -83.412237150688171, 35.317112507911204 ], [ -83.412232820051415, 35.317111540262019 ], [ -83.411830181786073, 35.317026252072417 ], [ -83.41182780740732, 35.31702571885544 ], [ -83.411496105388821, 35.316946976505811 ], [ -83.411492047209279, 35.316945829953696 ], [ -83.411488100359406, 35.316944344767556 ], [ -83.41122786932867, 35.316833650178353 ], [ -83.411220266074537, 35.316830030506203 ], [ -83.411124445910417, 35.316779356584483 ], [ -83.411120241124408, 35.316776854143448 ], [ -83.41112011250857, 35.316771962733142 ], [ -83.411120535788925, 35.316754399195609 ], [ -83.4111200510103, 35.316734855151779 ], [ -83.411117660395206, 35.316715451811369 ], [ -83.411113386786269, 35.316696374575557 ], [ -83.411107271018309, 35.316677805729555 ], [ -83.411099371528209, 35.316659922700843 ], [ -83.411089763796525, 35.316642896363852 ], [ -83.411086087208844, 35.316637066372884 ], [ -83.411074207746466, 35.316620220448293 ], [ -83.411060657439108, 35.316604686743894 ], [ -83.411045580227238, 35.316590630269097 ], [ -83.411029136271083, 35.316578200341205 ], [ -83.411011500249359, 35.316567528999236 ], [ -83.410992859503708, 35.316558729601333 ], [ -83.410971138196388, 35.316549814047029 ], [ -83.410953582280598, 35.316543547223347 ], [ -83.410935519157988, 35.316538942132681 ], [ -83.410917105744389, 35.316536038779823 ], [ -83.410898501998616, 35.316534862386447 ], [ -83.41087986953292, 35.31653542317197 ], [ -83.410861370209048, 35.316537716264811 ], [ -83.410793497961492, 35.316549363195911 ], [ -83.410776145151928, 35.316553140955222 ], [ -83.410759195874306, 35.316558443167352 ], [ -83.410742783770075, 35.316565228025475 ], [ -83.410727038245156, 35.316573442032443 ], [ -83.410712083449681, 35.31658302042257 ], [ -83.410555047668822, 35.316693730500681 ], [ -83.410543267079788, 35.316702706775402 ], [ -83.410283586215783, 35.3169162214799 ], [ -83.41027462795293, 35.316924044974456 ], [ -83.410128420401335, 35.317059602918064 ], [ -83.410127558493016, 35.317060392727164 ], [ -83.410097619271539, 35.317087507267097 ], [ -83.410083358799724, 35.317101796938552 ], [ -83.410070611539084, 35.317117451430327 ], [ -83.410059507370093, 35.317134311240466 ], [ -83.409945186773527, 35.317328570027001 ], [ -83.409938138645543, 35.317338985757196 ], [ -83.409777123207121, 35.317547358364841 ], [ -83.409767433496938, 35.317561048107621 ], [ -83.409513588366707, 35.317953612400174 ], [ -83.409503835337517, 35.317970436273015 ], [ -83.409495762299812, 35.317988127805968 ], [ -83.409372671182865, 35.318296788565853 ], [ -83.409370808018437, 35.318300907462977 ], [ -83.409368241703859, 35.318304606536834 ], [ -83.409100517679008, 35.318655687468038 ], [ -83.409097862185575, 35.318658884310267 ], [ -83.409094949843109, 35.318661849054479 ], [ -83.408834355286274, 35.318905912495659 ], [ -83.408825878754044, 35.318914340729151 ], [ -83.408758641414337, 35.318985314998919 ], [ -83.408757348700462, 35.31898669253215 ], [ -83.408500042673907, 35.319263489521575 ], [ -83.40848854019778, 35.319277021503083 ], [ -83.408324435542283, 35.319488427956074 ], [ -83.408323551361534, 35.319489575551238 ], [ -83.40826219483543, 35.319569810753755 ], [ -83.408255364394549, 35.31957782898774 ], [ -83.407920956312907, 35.319930869046495 ], [ -83.407914766398861, 35.319936863728181 ], [ -83.40775714476807, 35.32007686362342 ], [ -83.407756836989734, 35.320077137560503 ], [ -83.407683273548088, 35.320142748387738 ], [ -83.40745125312452, 35.320348113183464 ], [ -83.407444491009414, 35.320353592330676 ], [ -83.407086591200368, 35.320618631593774 ], [ -83.407070120730069, 35.320632249444941 ], [ -83.406775077462612, 35.320903999953941 ], [ -83.40677292048764, 35.32090601627376 ], [ -83.406546680780963, 35.321120654166094 ], [ -83.406533913913236, 35.321133935925822 ], [ -83.406376937914047, 35.321313072672318 ], [ -83.406363915771735, 35.321329614402728 ], [ -83.406254637704677, 35.32148456072499 ], [ -83.40624327000036, 35.321502660685127 ], [ -83.406233898758771, 35.321521870398534 ], [ -83.406226631007243, 35.321541970474307 ], [ -83.406168086124268, 35.32173568640323 ], [ -83.406167897372356, 35.321736314672911 ], [ -83.406104398535049, 35.321948938402763 ], [ -83.406100268721204, 35.321965236652318 ], [ -83.406034451309992, 35.322280016127721 ], [ -83.40603055239778, 35.322293706548379 ], [ -83.405901841130188, 35.322647662323796 ], [ -83.405900025633272, 35.322652292934464 ], [ -83.405798955690344, 35.322892334406589 ], [ -83.405796766143396, 35.322896877148359 ], [ -83.405794128750202, 35.322901175377432 ], [ -83.405664562447299, 35.323090167450445 ], [ -83.405663403251694, 35.32309182221649 ], [ -83.405445043570381, 35.323396927176162 ], [ -83.405223773601108, 35.323705514295654 ], [ -83.405220060407743, 35.323710371929444 ], [ -83.404990922881666, 35.323991856195903 ], [ -83.404989077317808, 35.323994157847963 ], [ -83.404602993881966, 35.324482997029762 ], [ -83.404435059640406, 35.324695647729229 ], [ -83.404432876591997, 35.324698316165147 ], [ -83.404264569240581, 35.324896957160156 ], [ -83.404261878176484, 35.324899887852176 ], [ -83.404258962175874, 35.32490259482794 ], [ -83.403951969009853, 35.325165592269322 ], [ -83.403947846842883, 35.325168765147836 ], [ -83.403943155015327, 35.325171011516673 ], [ -83.403616862439833, 35.32530672665883 ], [ -83.403601426590996, 35.325313932634458 ], [ -83.403408323903463, 35.325414308131073 ], [ -83.403405638843239, 35.325415653013309 ], [ -83.403210098056363, 35.32550994882331 ], [ -83.403007381189667, 35.32560740938353 ], [ -83.402996766175335, 35.325612909251817 ], [ -83.402802891282647, 35.325720829105208 ], [ -83.402798910291253, 35.325722817895709 ], [ -83.402794767873573, 35.32572444392067 ], [ -83.402566146924642, 35.325802605015575 ], [ -83.402563825964677, 35.32580336697314 ], [ -83.402299984227071, 35.325886428602566 ], [ -83.402294936418059, 35.325887731816621 ], [ -83.402289780074696, 35.32588850049374 ], [ -83.402037875107197, 35.325912668409735 ], [ -83.402010426714526, 35.325917246650981 ], [ -83.401790839942919, 35.325969797310478 ], [ -83.401789138122879, 35.32597018890494 ], [ -83.401618598311273, 35.326007865835024 ], [ -83.40161738246475, 35.3260081265312 ], [ -83.401521133840291, 35.326028138601956 ], [ -83.40151288776849, 35.326030035952272 ], [ -83.401358192218382, 35.326069093355834 ], [ -83.401337275155157, 35.326075612183196 ], [ -83.401317196642779, 35.326084379850244 ], [ -83.401298197632784, 35.326095291140881 ], [ -83.401280506122134, 35.326108215114544 ], [ -83.401280297942762, 35.32610838543863 ], [ -83.401262662947232, 35.326124675387177 ], [ -83.401250482436083, 35.326137363986 ], [ -83.401246855342407, 35.326140779943955 ], [ -83.401242178854361, 35.32614249896659 ], [ -83.401147936347371, 35.326171843816873 ], [ -83.401129598729668, 35.326178552019044 ], [ -83.401112002650379, 35.326187016426445 ], [ -83.401095315830119, 35.326197156358838 ], [ -83.401079697322743, 35.326208875165378 ], [ -83.401065295999274, 35.326222061145856 ], [ -83.401052249128838, 35.326236588615402 ], [ -83.401040681070398, 35.326252319102458 ], [ -83.400915554679713, 35.326441132314351 ], [ -83.400912823399395, 35.326444865397264 ], [ -83.400909757957947, 35.326448329335811 ], [ -83.400277426758493, 35.327099345642019 ], [ -83.400263413020994, 35.327115403341338 ], [ -83.400036326337613, 35.327405462676133 ], [ -83.400028055045254, 35.327416829052325 ], [ -83.399903918140666, 35.327600666465862 ], [ -83.399900799391233, 35.327604801430994 ], [ -83.39989655685855, 35.327607772196956 ], [ -83.399769228460357, 35.327687352365267 ], [ -83.399764880708858, 35.327689776577451 ], [ -83.399760312835184, 35.327691755030088 ], [ -83.399719447726113, 35.327707079650551 ], [ -83.399714560462542, 35.327708985874835 ], [ -83.39956882233713, 35.327768043039249 ], [ -83.399563971029195, 35.327769720419511 ], [ -83.399558928606169, 35.327768759813736 ], [ -83.399381740353789, 35.32772533068762 ], [ -83.399359831088489, 35.327721239338068 ], [ -83.399337602635711, 35.327719611169137 ], [ -83.398959243429559, 35.327713039311995 ], [ -83.398954742832899, 35.327712859673134 ], [ -83.398626451724368, 35.327692341435331 ], [ -83.398615600265117, 35.327691064683705 ], [ -83.398328880830064, 35.327641310426884 ], [ -83.398309962297191, 35.327638949793815 ], [ -83.398290904947046, 35.327638401268821 ], [ -83.398271881955409, 35.327639669836394 ], [ -83.398253066185873, 35.327642743968944 ], [ -83.398234628618951, 35.32764759573157 ], [ -83.398017261292921, 35.327716026410798 ], [ -83.398004515549374, 35.327719135747493 ], [ -83.397857070440693, 35.327744986646323 ], [ -83.397713169863209, 35.327770096713358 ], [ -83.397707987020496, 35.327770722702155 ], [ -83.397702787611507, 35.327770253326555 ], [ -83.397509013774112, 35.327742434690386 ], [ -83.397503000192614, 35.327741383066446 ], [ -83.397235067643962, 35.327686048685877 ], [ -83.397230114200227, 35.327684754914202 ], [ -83.397226101425545, 35.327681575592088 ], [ -83.397113232607623, 35.327582212556685 ], [ -83.396806082245504, 35.327310055765487 ], [ -83.396786992054956, 35.327295104480321 ], [ -83.396618928435345, 35.327179198350905 ], [ -83.396601886734416, 35.327168664391039 ], [ -83.396583876644584, 35.327159888256077 ], [ -83.396565078889822, 35.327152958011006 ], [ -83.396337197949222, 35.327081689955463 ], [ -83.39633281956506, 35.327080208709859 ], [ -83.39621229857967, 35.327036305558487 ], [ -83.396194775291903, 35.327030819305548 ], [ -83.396176822694002, 35.327026963295452 ], [ -83.395872844873438, 35.326976142852615 ], [ -83.395871139416471, 35.326975842523993 ], [ -83.395621240532151, 35.326929601294054 ], [ -83.395614788660566, 35.32692818552205 ], [ -83.395457701899133, 35.326888232927494 ], [ -83.395431967780425, 35.326883455059011 ], [ -83.395213589463353, 35.326857545989128 ], [ -83.395204462774629, 35.326856031995284 ], [ -83.394716259842852, 35.326751624113456 ], [ -83.394691491496147, 35.326747930353214 ], [ -83.394447907390699, 35.326727078876672 ], [ -83.394446076540405, 35.326726905177672 ], [ -83.394403719014107, 35.326722493208209 ], [ -83.394399046192589, 35.326721780697042 ], [ -83.394394592205572, 35.326720197998391 ], [ -83.394277242320939, 35.32667210386758 ], [ -83.393526121011604, 35.326361880217647 ], [ -83.393521841950374, 35.326360170339839 ], [ -83.39320322480846, 35.326237090900769 ], [ -83.392245882531881, 35.325864514949146 ], [ -83.392242068041753, 35.325862843926707 ], [ -83.392238406149445, 35.325860860570302 ], [ -83.392115073536957, 35.325787243598327 ], [ -83.392110970637347, 35.325784657602789 ], [ -83.391963528738003, 35.325686651681778 ], [ -83.391942313285057, 35.325674354670987 ], [ -83.391919752416001, 35.325664746387794 ], [ -83.391667714392938, 35.325575229402666 ], [ -83.391652832459229, 35.325570588455491 ], [ -83.391637634272399, 35.325567120681193 ], [ -83.391415261135265, 35.325525425696362 ], [ -83.391396911741566, 35.325522858367584 ], [ -83.391378403504078, 35.325522000130292 ], [ -83.391136563108248, 35.325522000016285 ], [ -83.391117021526568, 35.325522956980059 ], [ -83.391097666951651, 35.325525818731911 ], [ -83.391078684601538, 35.325530557885664 ], [ -83.390907301385482, 35.325582371916511 ], [ -83.390892224681039, 35.325587594953255 ], [ -83.390877612312451, 35.325594003214611 ], [ -83.390469854193185, 35.325792580534319 ], [ -83.39014707780079, 35.32594595907478 ], [ -83.389918722236615, 35.326054746353378 ], [ -83.38991389957188, 35.326056741105702 ], [ -83.389908894719753, 35.32605822049279 ], [ -83.389559189030635, 35.326141953317531 ], [ -83.389208909815437, 35.326225070324789 ], [ -83.389204966588125, 35.326225839765478 ], [ -83.38920097412641, 35.326226289483273 ], [ -83.388844195030032, 35.326251985937567 ], [ -83.388843788580729, 35.326252015627723 ], [ -83.388655629174806, 35.326265952964704 ], [ -83.388654353269217, 35.326266039274131 ], [ -83.388607205816953, 35.3262689258693 ], [ -83.388604777821584, 35.326269089355364 ], [ -83.388432858395703, 35.326281716441521 ], [ -83.38842511344113, 35.326281984088745 ], [ -83.387959231802981, 35.326280014190758 ], [ -83.387952759178305, 35.326279777009844 ], [ -83.387568965429736, 35.326253242982609 ], [ -83.387551008375013, 35.326252810034312 ], [ -83.38753308489737, 35.326253989952832 ], [ -83.387305009333829, 35.326279331591849 ], [ -83.38728132368999, 35.326283416447751 ], [ -83.387258299101575, 35.326290313120836 ], [ -83.38699648697542, 35.32638622475676 ], [ -83.386978411837546, 35.32639387191778 ], [ -83.386961173250754, 35.326403253858189 ], [ -83.386713327180473, 35.326554357012064 ], [ -83.386704795917083, 35.32655986000087 ], [ -83.386515969186618, 35.326688562122676 ], [ -83.386500573145625, 35.326700181510496 ], [ -83.386409696331128, 35.326775912799469 ], [ -83.386405906110738, 35.326778773371466 ], [ -83.386401168487993, 35.32677909519871 ], [ -83.386309968694675, 35.326780883087771 ], [ -83.386304026598651, 35.326780644264957 ], [ -83.386298155391742, 35.326779698499571 ], [ -83.386044323338297, 35.326723073974321 ], [ -83.386043658885924, 35.326722926935396 ], [ -83.385810433247443, 35.326671731708188 ], [ -83.38578530414226, 35.326667870067133 ], [ -83.385503396463918, 35.326642749019115 ], [ -83.385486553510546, 35.326641961707075 ], [ -83.385059118980678, 35.326640019242262 ], [ -83.385050878503364, 35.326639641403965 ], [ -83.384451367692577, 35.326587294953192 ], [ -83.384444606526742, 35.326586819884739 ], [ -83.384110285338167, 35.32656901599595 ], [ -83.383772007908348, 35.326550001634281 ], [ -83.383439449415476, 35.326531251374966 ], [ -83.383435020300681, 35.326530802658326 ], [ -83.383430648840189, 35.326529960787674 ], [ -83.383223941915745, 35.326480492519437 ], [ -83.383200828677019, 35.326476377938931 ], [ -83.383177392524928, 35.326475000131794 ], [ -83.383005747146996, 35.326475000657709 ], [ -83.38300002960176, 35.326474671322664 ], [ -83.382994387691525, 35.326473687639243 ], [ -83.382774791221337, 35.326422233985845 ], [ -83.38274687277017, 35.326417745518263 ], [ -83.38249473384974, 35.326395333347243 ], [ -83.38249101410274, 35.326394861308344 ], [ -83.382487340288478, 35.326394111355619 ], [ -83.382258619596826, 35.326338396739217 ], [ -83.382255376653205, 35.326337548959074 ], [ -83.382058440112431, 35.326282522791871 ], [ -83.382047748711045, 35.326278872368995 ], [ -83.381786865481359, 35.326172978385259 ], [ -83.381782121848104, 35.326170755720781 ], [ -83.381777637787408, 35.326168047309714 ], [ -83.381583838992313, 35.326036610548286 ], [ -83.381576401526743, 35.326031044741569 ], [ -83.381486754198491, 35.325957216435491 ], [ -83.381468468203053, 35.32594382120908 ], [ -83.381324542852255, 35.325850441851088 ], [ -83.38130963807788, 35.325841663261777 ], [ -83.381294030506609, 35.325834205403631 ], [ -83.381124828650513, 35.325762168557645 ], [ -83.381107734915162, 35.325755795289346 ], [ -83.381090131553705, 35.325751006134624 ], [ -83.380877726203394, 35.32570350678894 ], [ -83.380864168035515, 35.325700962326998 ], [ -83.380687289138095, 35.32567404545258 ], [ -83.380686694170734, 35.325673955827781 ], [ -83.380301556033231, 35.325616531659861 ], [ -83.380294472948563, 35.32561521307246 ], [ -83.379941280891799, 35.325536196654269 ], [ -83.379912389296948, 35.325531918291546 ], [ -83.379900745374897, 35.325531055846817 ], [ -83.379899237522764, 35.325530949890634 ], [ -83.379559763112056, 35.325508384005673 ], [ -83.379548207384502, 35.325507950905525 ], [ -83.379356383589084, 35.325506311137048 ], [ -83.379338401938739, 35.325506966878336 ], [ -83.379320551998347, 35.325509236101482 ], [ -83.379302978249669, 35.32551310043884 ], [ -83.379285822938911, 35.325518528611518 ], [ -83.378787470944772, 35.325701258042237 ], [ -83.37877275360367, 35.325707329315442 ], [ -83.378545950778474, 35.325811639364915 ], [ -83.378540077603049, 35.325814457296538 ], [ -83.378504069702842, 35.32583246095701 ], [ -83.378501919812877, 35.325833552131606 ], [ -83.378272847494046, 35.32595155931201 ], [ -83.378271126843828, 35.325952424843287 ], [ -83.378107996395542, 35.326032524473163 ], [ -83.378101893995776, 35.326035271318595 ], [ -83.377840519093539, 35.326142552528957 ], [ -83.377833520662179, 35.326145582194812 ], [ -83.377535744885819, 35.326281289674078 ], [ -83.377531933802459, 35.326282840097136 ], [ -83.377528007932952, 35.326284071241936 ], [ -83.37723116746001, 35.326363877416121 ], [ -83.377222868250257, 35.326366302203546 ], [ -83.377208231066732, 35.326370924423721 ], [ -83.377207752441805, 35.326371076227851 ], [ -83.376963062017637, 35.326449022200933 ], [ -83.37695695263487, 35.326451077354058 ], [ -83.376723697796677, 35.326533750108787 ], [ -83.37672228684616, 35.326534256152982 ], [ -83.376125287289895, 35.326750901297437 ], [ -83.376103268039515, 35.326760422414694 ], [ -83.375866600820444, 35.326880085484184 ], [ -83.375847647943331, 35.326891008950213 ], [ -83.375830001424674, 35.326903936983328 ], [ -83.375387960450183, 35.327266541529845 ], [ -83.375374562402953, 35.327278581030782 ], [ -83.375362301913839, 35.327291777153647 ], [ -83.37520911915135, 35.327472314022913 ], [ -83.375205828233533, 35.327475832780728 ], [ -83.375202213028501, 35.327479017445199 ], [ -83.37507568159468, 35.327580053257066 ], [ -83.375071894563547, 35.327582794797493 ], [ -83.375067363335177, 35.327583946152934 ], [ -83.374939428614624, 35.327610093692584 ], [ -83.374934968130617, 35.327610796683174 ], [ -83.374930462344722, 35.32761109334011 ], [ -83.374566532499216, 35.327618539359186 ], [ -83.374544158631508, 35.327620256236926 ], [ -83.374522117917124, 35.327624468663181 ], [ -83.374516102474843, 35.327625972477925 ], [ -83.374515880708415, 35.327626028052535 ], [ -83.374330716911984, 35.327672542547994 ], [ -83.374309429113424, 35.327679171598092 ], [ -83.374289011455673, 35.327688128937247 ], [ -83.374165335511549, 35.327750826266964 ], [ -83.374164648404786, 35.327751176261316 ], [ -83.374052686911256, 35.32780847864624 ], [ -83.374038349426343, 35.327816578178208 ], [ -83.374024726853676, 35.327825829740554 ], [ -83.373730503502017, 35.328043871118894 ], [ -83.373716871318138, 35.328054932570709 ], [ -83.373704261656542, 35.328067146848731 ], [ -83.373692771672182, 35.328080419844355 ], [ -83.373682489893142, 35.328094649291756 ], [ -83.373579079366593, 35.328251865417414 ], [ -83.373578902585621, 35.328252134651336 ], [ -83.373503380268374, 35.328367355759113 ], [ -83.373500842188719, 35.328370882744942 ], [ -83.373498006786292, 35.32837417545975 ], [ -83.373270371846104, 35.328616339895987 ], [ -83.373261052421739, 35.328625063367518 ], [ -83.372830037394422, 35.328979670624541 ], [ -83.372825850937204, 35.328982762032183 ], [ -83.372821112964573, 35.328984914900126 ], [ -83.372695098429375, 35.329034387388532 ], [ -83.372686958439942, 35.329037792187599 ], [ -83.372629605378904, 35.329063282531173 ], [ -83.37262635271226, 35.329064659891969 ], [ -83.372560199713448, 35.329091304822576 ], [ -83.372555949717011, 35.329092796432128 ], [ -83.372551455185274, 35.329093090629868 ], [ -83.372461055323626, 35.329094899000012 ], [ -83.37245607968859, 35.329094746518102 ], [ -83.372452081793199, 35.329091780539954 ], [ -83.372357649926911, 35.329014013061958 ], [ -83.372354150129212, 35.329010841039455 ], [ -83.372350966196166, 35.329007352074136 ], [ -83.372220761957166, 35.328850340711206 ], [ -83.372215521262049, 35.328843431733624 ], [ -83.372101936646587, 35.328679366207965 ], [ -83.372088453291525, 35.328662011655524 ], [ -83.37207314722869, 35.328646241246702 ], [ -83.372056203271626, 35.328632245401842 ], [ -83.371766026398518, 35.328418250356783 ], [ -83.371750959040781, 35.328408160185404 ], [ -83.37173503968873, 35.328399476231347 ], [ -83.371718399214103, 35.328392269884723 ], [ -83.371179784709568, 35.328187484408659 ], [ -83.371155728647139, 35.328180034330053 ], [ -83.370829197282319, 35.328101050483902 ], [ -83.370828785236995, 35.328100951277307 ], [ -83.370495135925154, 35.328020993711228 ], [ -83.370491048473966, 35.328019827971524 ], [ -83.370487075092498, 35.328018318519213 ], [ -83.370179090606882, 35.327886042875065 ], [ -83.37005427498022, 35.327832276385024 ], [ -83.370049156495753, 35.327829713218854 ], [ -83.370044365956645, 35.327826579470333 ], [ -83.369953064598548, 35.327759054078044 ], [ -83.369681138249746, 35.327558323185713 ], [ -83.369678091823602, 35.327555884750844 ], [ -83.36967524523169, 35.327553215745532 ], [ -83.369394603181391, 35.327268662440339 ], [ -83.369387196240424, 35.327261528774329 ], [ -83.369136883291119, 35.327032559639029 ], [ -83.369129496444856, 35.327025050261305 ], [ -83.369071325794465, 35.326959317796458 ], [ -83.369058246272658, 35.326945865978495 ], [ -83.36904396375617, 35.326933699014226 ], [ -83.369028603940151, 35.326922923980625 ], [ -83.369012302000726, 35.326913635704813 ], [ -83.368995201405241, 35.326905915929473 ], [ -83.368977452649773, 35.326899832593526 ], [ -83.368680962549689, 35.326813523004027 ], [ -83.368661812011723, 35.326808957388309 ], [ -83.368642305377747, 35.326806296715134 ], [ -83.36814210627503, 35.326763010057526 ], [ -83.368089547707953, 35.326758400394645 ], [ -83.368085028086, 35.326757794694082 ], [ -83.368080582462511, 35.32675677861117 ], [ -83.367785748181134, 35.326675042207548 ], [ -83.367782042670299, 35.326673857586549 ], [ -83.367778440692931, 35.326672387926955 ], [ -83.367479973497879, 35.326536809056236 ], [ -83.367476085712028, 35.326534833655174 ], [ -83.367472615194771, 35.32653222070163 ], [ -83.367279330623276, 35.326373103209221 ], [ -83.367276632024485, 35.326370920650874 ], [ -83.367249278468179, 35.32634918765801 ], [ -83.367234387313829, 35.326338433625999 ], [ -83.367218572335787, 35.326329091134262 ], [ -83.367201966931674, 35.326321238985713 ], [ -83.367184711166303, 35.32631494341237 ], [ -83.367166950590175, 35.326310257516717 ], [ -83.367148835011847, 35.326307220823779 ], [ -83.36676718244712, 35.326261144224709 ], [ -83.366764802817215, 35.326260827910211 ], [ -83.366411821485883, 35.326209588557838 ], [ -83.366393947438596, 35.326207809006782 ], [ -83.366375985815253, 35.326207640318749 ], [ -83.365972140139959, 35.326221994931949 ], [ -83.365971842630898, 35.32622200572856 ], [ -83.365783149852206, 35.326228994019182 ], [ -83.365782831980567, 35.326229006044791 ], [ -83.365555703713767, 35.326237779568174 ], [ -83.365544290468733, 35.326237567885691 ], [ -83.365194291124055, 35.326211022635988 ], [ -83.364844066922174, 35.326183400958982 ], [ -83.364839050548241, 35.326182747077723 ], [ -83.364834269828322, 35.326181092128344 ], [ -83.364698169959837, 35.326126072847714 ], [ -83.364697811634073, 35.326125928394632 ], [ -83.364516589530652, 35.326053075115283 ], [ -83.3644987367704, 35.326046860937367 ], [ -83.364480377065306, 35.326042360016942 ], [ -83.364273841887965, 35.326001967414619 ], [ -83.364255688190525, 35.325999275016684 ], [ -83.364237364123596, 35.325998258007317 ], [ -83.364219023978436, 35.325998924949879 ], [ -83.364200822181687, 35.326001270228623 ], [ -83.364182911995101, 35.326005274095962 ], [ -83.364071127290003, 35.326035710519783 ], [ -83.364053638392988, 35.326041347158977 ], [ -83.36403674062025, 35.326048565087795 ], [ -83.364020576603011, 35.326057303380928 ], [ -83.364005282779004, 35.326067488279918 ], [ -83.363990988240815, 35.326079033815766 ], [ -83.363929100348315, 35.326133903894998 ], [ -83.363928882263082, 35.326134097534514 ], [ -83.363590126944871, 35.326435322928333 ], [ -83.363581474608992, 35.326442198838159 ], [ -83.363171072698847, 35.326732818505995 ], [ -83.363164754700634, 35.326736943560817 ], [ -83.362573189796862, 35.327092080431967 ], [ -83.362569928554962, 35.32709387631801 ], [ -83.362566542522998, 35.327095424120387 ], [ -83.361695871314424, 35.327454794781175 ], [ -83.361676542955422, 35.32746401279249 ], [ -83.361658310940669, 35.327475244481235 ], [ -83.360623104047662, 35.328192152148183 ], [ -83.360618891295303, 35.328194768009567 ], [ -83.360614093519033, 35.328196021547328 ], [ -83.360088752997058, 35.328305548443403 ], [ -83.360065608533318, 35.328311842914623 ], [ -83.359840248014336, 35.328387913351577 ], [ -83.359284103781064, 35.328573962427313 ], [ -83.359283877924994, 35.328574038133397 ], [ -83.358906438253271, 35.328700804535039 ], [ -83.358888376825675, 35.328707862294635 ], [ -83.358871083788202, 35.328716636004934 ], [ -83.358228883057649, 35.329082642238014 ], [ -83.358217341269466, 35.329089748838655 ], [ -83.357809791364545, 35.329360151649958 ], [ -83.357798471805296, 35.329368242837319 ], [ -83.357501368263613, 35.329596634812006 ], [ -83.35749684662666, 35.329599729425844 ], [ -83.357491757011815, 35.329601758626595 ], [ -83.357255005957228, 35.329681315346235 ], [ -83.357249959340862, 35.329682719045415 ], [ -83.357244726698895, 35.329682477871167 ], [ -83.356843518444563, 35.329642648680895 ], [ -83.35683060493723, 35.329640504803947 ], [ -83.356284917977263, 35.329512686096727 ], [ -83.356279111113452, 35.329511140456994 ], [ -83.355917355191181, 35.329403109259388 ], [ -83.35591662729253, 35.329402893390935 ], [ -83.355619478612226, 35.329315383097693 ], [ -83.355596181723044, 35.329310011832085 ], [ -83.355136808132187, 35.329232673614996 ], [ -83.355114922035071, 35.329230218598362 ], [ -83.35509289870167, 35.329230184837357 ], [ -83.35459610889194, 35.329256815028899 ], [ -83.354574190589602, 35.329259207028464 ], [ -83.354552668775938, 35.329263997140743 ], [ -83.354543783694652, 35.329266495897535 ], [ -83.354540180675755, 35.3292674371422 ], [ -83.353962933818238, 35.329406806793436 ], [ -83.353958008924891, 35.32940773386531 ], [ -83.353953255630941, 35.329406146340979 ], [ -83.353159724132965, 35.329095461581332 ], [ -83.353152203644967, 35.32909268962193 ], [ -83.352929816657038, 35.329015745924465 ], [ -83.352907808378447, 35.329009515315015 ], [ -83.352183686085411, 35.328848598839826 ], [ -83.352178281794892, 35.328847475909683 ], [ -83.351635777197913, 35.328742539439027 ], [ -83.351630240946236, 35.328741304675326 ], [ -83.351385692568186, 35.32867943091582 ], [ -83.351382307013509, 35.328678510841925 ], [ -83.351147796853553, 35.328610339552355 ], [ -83.351125773741671, 35.328605267231296 ], [ -83.351103318983633, 35.328602711895719 ], [ -83.350666364889392, 35.32857787384593 ], [ -83.350651003417241, 35.32857759173303 ], [ -83.350635665615869, 35.328578489654809 ], [ -83.35004733638155, 35.328635675438441 ], [ -83.350040658535278, 35.32863643799724 ], [ -83.349408042682924, 35.328719468628897 ], [ -83.34939990977395, 35.328720199677669 ], [ -83.348892208532831, 35.328744990043809 ], [ -83.348891772915891, 35.328745011790545 ], [ -83.348798855459464, 35.328749751963734 ], [ -83.348789144380348, 35.328750484786859 ], [ -83.348528951284948, 35.328776504177085 ], [ -83.348519006594444, 35.328777000152833 ], [ -83.348459684929225, 35.328776999874343 ], [ -83.348458297347591, 35.328776990240335 ], [ -83.348392237640525, 35.328776073198206 ], [ -83.348387023623303, 35.328775726787427 ], [ -83.348381874556523, 35.328774836232668 ], [ -83.348031310833647, 35.328695072885324 ], [ -83.347680706968774, 35.328614089196741 ], [ -83.347671403318088, 35.328611460230249 ], [ -83.347381318166612, 35.3285141099295 ], [ -83.347315520934444, 35.328491776427271 ], [ -83.347298166445768, 35.328486747707444 ], [ -83.347280428937438, 35.328483305745969 ], [ -83.347262453176938, 35.328481478634963 ], [ -83.347244385876252, 35.328481281286685 ], [ -83.347226374494511, 35.328482715311807 ], [ -83.346867413591951, 35.328527688036736 ], [ -83.346844904099314, 35.328531827935514 ], [ -83.346823014965821, 35.32853851238437 ], [ -83.346802032838482, 35.328547653847771 ], [ -83.3466558337891, 35.328621574269377 ], [ -83.346495431132212, 35.328700783055957 ], [ -83.346494542498633, 35.328701224619444 ], [ -83.346285268141983, 35.328805861531691 ], [ -83.346179410166002, 35.328858381222268 ], [ -83.346164237920888, 35.328866746397658 ], [ -83.346149846578982, 35.328876393286215 ], [ -83.346136344137634, 35.328887249494514 ], [ -83.345822882453689, 35.329162461627988 ], [ -83.345817200036294, 35.329167647553334 ], [ -83.345318698135173, 35.329640483885946 ], [ -83.34531485182238, 35.329643775853313 ], [ -83.34531019147154, 35.329645753806965 ], [ -83.344476364126152, 35.329950403172198 ], [ -83.344467489418278, 35.329953184952835 ], [ -83.343631194264105, 35.330173157461907 ], [ -83.343624738414348, 35.330174628824743 ], [ -83.341533367088232, 35.330578927396708 ], [ -83.341195230286331, 35.330642955055097 ], [ -83.341104392601366, 35.330659925437814 ], [ -83.341103589092171, 35.330660077250776 ], [ -83.340860195247316, 35.330706578992974 ], [ -83.340855797066808, 35.33070747054753 ], [ -83.340319057092231, 35.330822556891576 ], [ -83.340314934919348, 35.33082348641225 ], [ -83.339962635140751, 35.330906848066093 ], [ -83.339961347334295, 35.330907157294874 ], [ -83.339613822801169, 35.330991823057033 ], [ -83.339609061316779, 35.330992735093481 ], [ -83.339605371084701, 35.330989590935367 ], [ -83.3393861453021, 35.330783145016973 ], [ -83.339183426829464, 35.330591434171275 ], [ -83.33917073034894, 35.330580400669788 ], [ -83.33915715163262, 35.330570473070075 ], [ -83.339142786729155, 35.330561721594712 ], [ -83.338528919059812, 35.330222278474082 ], [ -83.338516854789958, 35.330216131182375 ], [ -83.337816578734817, 35.32988867828206 ], [ -83.337809547648547, 35.329885044624191 ], [ -83.337486399728533, 35.329701480768371 ], [ -83.337462833800316, 35.329690065571704 ], [ -83.336868475838273, 35.3294488203071 ], [ -83.336864141790372, 35.329446811763326 ], [ -83.336861239924772, 35.329443017372945 ], [ -83.336695371922204, 35.329202893874289 ], [ -83.336692304738719, 35.329197835033312 ], [ -83.336689859380229, 35.329192448039315 ], [ -83.336492049480071, 35.328677360477855 ], [ -83.336490310619808, 35.328671918333377 ], [ -83.336489206591963, 35.328666312827423 ], [ -83.336419685141095, 35.328162278616681 ], [ -83.336414795095379, 35.328138025465805 ], [ -83.336360536627723, 35.32793475862222 ], [ -83.336355015925861, 35.327917319929028 ], [ -83.336347925065439, 35.327900458556961 ], [ -83.336339323359056, 35.327884315545582 ], [ -83.336329282756992, 35.327869025925587 ], [ -83.336117667971436, 35.32757683839273 ], [ -83.336105584879277, 35.327561747534851 ], [ -83.335677814002565, 35.327077459437398 ], [ -83.335667784883057, 35.327066905712961 ], [ -83.335165803110158, 35.326575772720581 ], [ -83.3351621352123, 35.326572273961467 ], [ -83.334453274292102, 35.325913054078896 ], [ -83.334450140587748, 35.325909866261178 ], [ -83.334447637136634, 35.325906184573633 ], [ -83.334386743459021, 35.325807461874568 ], [ -83.334384246354503, 35.325802894050646 ], [ -83.334382754462112, 35.325797906585933 ], [ -83.334353353618525, 35.325676847035098 ], [ -83.334344698689634, 35.325649769946963 ], [ -83.334257633911221, 35.325432106061946 ], [ -83.334256178935362, 35.32542794383545 ], [ -83.33425548319056, 35.325423607316857 ], [ -83.334219295773778, 35.325110915350258 ], [ -83.334216011786367, 35.325091213995094 ], [ -83.334210779135518, 35.325071938431975 ], [ -83.334043715882189, 35.324559291640369 ], [ -83.334039975291603, 35.324548812296108 ], [ -83.333873006335267, 35.324119185762527 ], [ -83.333871290339772, 35.324113920433021 ], [ -83.333870169490226, 35.324108497147009 ], [ -83.333768627139406, 35.323428261874589 ], [ -83.333768176384766, 35.323423988904317 ], [ -83.333768465290234, 35.323419717923116 ], [ -83.333801323923026, 35.323123023066323 ], [ -83.333802348613546, 35.323117084808246 ], [ -83.333804083457792, 35.323111313914787 ], [ -83.333930849346117, 35.32276682108165 ], [ -83.333935836281583, 35.32275548998637 ], [ -83.334231814033188, 35.322182217640147 ], [ -83.334235966108182, 35.322173684869654 ], [ -83.334419641398497, 35.321772287319931 ], [ -83.334426476912824, 35.321755343592699 ], [ -83.334431737661532, 35.321737846773793 ], [ -83.334435379741805, 35.321719942880364 ], [ -83.334437372759197, 35.32170178132673 ], [ -83.334437700081295, 35.321683513677485 ], [ -83.33443626316614, 35.321631794986423 ], [ -83.334434762689369, 35.32161227839358 ], [ -83.33440453862643, 35.321373073538624 ], [ -83.334401322573896, 35.321354618894517 ], [ -83.334396393991469, 35.321336546098436 ], [ -83.33438979611725, 35.321319013701604 ], [ -83.334237963180811, 35.320966576937835 ], [ -83.334236236998294, 35.320961948227655 ], [ -83.334235950654488, 35.320957016425631 ], [ -83.334231391282643, 35.320398907261087 ], [ -83.334230315190212, 35.32037975804932 ], [ -83.334227409803759, 35.320360799963566 ], [ -83.334222701841938, 35.320342207347245 ], [ -83.334216234600405, 35.320324151182845 ], [ -83.334208067553547, 35.320306797519493 ], [ -83.33414205077402, 35.32018238194366 ], [ -83.334131119413925, 35.320164184274816 ], [ -83.334118320806297, 35.320147247763138 ], [ -83.334103799143392, 35.320131763219507 ], [ -83.333969177251831, 35.320002684562944 ], [ -83.333956543995114, 35.319991553408222 ], [ -83.333943019233658, 35.319981524320106 ], [ -83.333758290279548, 35.31985623826737 ], [ -83.333755090170087, 35.319853876379931 ], [ -83.333752088330613, 35.319851267132236 ], [ -83.333553355607776, 35.31966411076106 ], [ -83.333549266926809, 35.319659769525522 ], [ -83.333545726777118, 35.319654970465301 ], [ -83.33294143935251, 35.318723771812216 ], [ -83.33293689255818, 35.318716023573934 ], [ -83.332446856853878, 35.31778773830365 ], [ -83.332436686522016, 35.317770599380616 ], [ -83.332424860967578, 35.317754557728726 ], [ -83.332411497611929, 35.317739772632898 ], [ -83.332396729145955, 35.317726390901107 ], [ -83.332160876511153, 35.31753318321843 ], [ -83.332157251099673, 35.317529895767592 ], [ -83.332157591673663, 35.317525013662483 ], [ -83.3321885567442, 35.317267915288866 ], [ -83.332189991743647, 35.317243999587156 ], [ -83.332189991562032, 35.317158139392269 ], [ -83.332189058570165, 35.317138844057503 ], [ -83.332186268380582, 35.317119728742703 ], [ -83.332181647024356, 35.317100971784413 ], [ -83.332175237616511, 35.317082748175864 ], [ -83.332160904893357, 35.3170475310028 ], [ -83.332154442059903, 35.317033275780183 ], [ -83.332146884270443, 35.317019569598848 ], [ -83.332090690800854, 35.316926473636052 ], [ -83.332088238187197, 35.31692188467516 ], [ -83.332086277478169, 35.316917064976387 ], [ -83.332022791836962, 35.316734186170798 ], [ -83.332021290084356, 35.316728948780828 ], [ -83.332020964984437, 35.316723510046977 ], [ -83.332019165999483, 35.316350176000178 ], [ -83.332018279877886, 35.316332309219689 ], [ -83.332015800828728, 35.316314593086602 ], [ -83.332011748684806, 35.316297169333104 ], [ -83.332006155864008, 35.31628017735229 ], [ -83.33189894311937, 35.315997669232381 ], [ -83.331891474904907, 35.315980468063223 ], [ -83.331882428471175, 35.31596404197164 ], [ -83.331871883348668, 35.315948535365337 ], [ -83.331859932243347, 35.315934084568497 ], [ -83.331846680221702, 35.315920816623283 ], [ -83.331621508345293, 35.315715585733415 ], [ -83.331599223332233, 35.315698000207853 ], [ -83.331004215124679, 35.315293512318327 ], [ -83.33099972697083, 35.315290548705349 ], [ -83.330842172916164, 35.315189528413029 ], [ -83.330821096616333, 35.315177746198565 ], [ -83.330516486481656, 35.315030848626932 ], [ -83.330501286315027, 35.315024279426247 ], [ -83.330485594817148, 35.31501899015808 ], [ -83.330469519553034, 35.315015017080299 ], [ -83.330223016434005, 35.314964820049333 ], [ -83.330214936309957, 35.314963346749941 ], [ -83.329884091619775, 35.31491001627068 ], [ -83.329569769269398, 35.314859020410594 ], [ -83.32955324458419, 35.314857040948048 ], [ -83.329536612535719, 35.314856442235119 ], [ -83.329519988294066, 35.314857228417658 ], [ -83.329266778534631, 35.314879791922912 ], [ -83.32925041751524, 35.314881933219674 ], [ -83.329234288690643, 35.314885415908854 ], [ -83.32921850184492, 35.314890216284837 ], [ -83.328840523552444, 35.315022414865794 ], [ -83.328835968673246, 35.315023766404614 ], [ -83.328831239200596, 35.315023312895043 ], [ -83.328265856410511, 35.314941559186018 ], [ -83.328262025321209, 35.314940851563613 ], [ -83.328258261105532, 35.31493984724495 ], [ -83.327850125169093, 35.314813695920449 ], [ -83.327831252377976, 35.314808855823863 ], [ -83.32781199818865, 35.314805875056742 ], [ -83.327792545327583, 35.31480478190722 ], [ -83.327720943557793, 35.314804251500647 ], [ -83.327698559970258, 35.31480534125491 ], [ -83.327676438814919, 35.314808928320851 ], [ -83.327654857829828, 35.314814967661732 ], [ -83.327520497704484, 35.314860827272049 ], [ -83.327519482945178, 35.314861167576069 ], [ -83.327185030106122, 35.31497134022365 ], [ -83.327179946804137, 35.314972720731276 ], [ -83.327174686786648, 35.314972999972944 ], [ -83.326949102656997, 35.31497300042296 ], [ -83.326944030886835, 35.314972741001782 ], [ -83.32693911739149, 35.314971457367562 ], [ -83.326511195849946, 35.314835964612818 ], [ -83.326499093985447, 35.314831247034171 ], [ -83.326101623479602, 35.31464569599536 ], [ -83.326094292904656, 35.314642451175409 ], [ -83.325775824932606, 35.314509051424103 ], [ -83.325758741607331, 35.314502792760578 ], [ -83.325741160214505, 35.314498112429611 ], [ -83.325020728975531, 35.314341033075856 ], [ -83.325011375786858, 35.314338513289719 ], [ -83.324513586694223, 35.314178158776897 ], [ -83.324506494045679, 35.314175574553239 ], [ -83.323973632652027, 35.313958300285741 ], [ -83.323962671752355, 35.313953031623797 ], [ -83.32343024014601, 35.313655929562913 ], [ -83.323420131606156, 35.313649463700663 ], [ -83.323100854325304, 35.313417090029887 ], [ -83.323086612148927, 35.313407628403993 ], [ -83.323071613857763, 35.31339941784892 ], [ -83.32258523982172, 35.313159587950672 ], [ -83.322574600316273, 35.313154723135796 ], [ -83.322376459274295, 35.313071042127845 ], [ -83.32237158289837, 35.313068826960766 ], [ -83.322109245946493, 35.312941072400527 ], [ -83.322105127163638, 35.312938819664424 ], [ -83.322101804112592, 35.312935503563644 ], [ -83.32200652588034, 35.3128309750863 ], [ -83.321997133195595, 35.31282134226317 ], [ -83.321837089420129, 35.312667889298417 ], [ -83.321826559840517, 35.312658483742666 ], [ -83.321731484962967, 35.312579410579119 ], [ -83.321730495691938, 35.312578593163657 ], [ -83.321597213439361, 35.312469182263392 ], [ -83.32135972993234, 35.312273087707752 ], [ -83.321356174716669, 35.312269849871086 ], [ -83.321353697330579, 35.312265728190937 ], [ -83.321238934725741, 35.312051972256015 ], [ -83.321228881911111, 35.312035258482034 ], [ -83.321217248903238, 35.312019603372619 ], [ -83.32120414633475, 35.312005155811512 ], [ -83.321090465069986, 35.311891474195534 ], [ -83.321087236915716, 35.311887912226013 ], [ -83.321087475524564, 35.311883111010054 ], [ -83.321119424407001, 35.311560720792585 ], [ -83.321121210357887, 35.311549383348414 ], [ -83.321220730458919, 35.311090812147988 ], [ -83.321223933636972, 35.311079379003608 ], [ -83.321346833327212, 35.310723613714792 ], [ -83.321351589012778, 35.310707746230875 ], [ -83.32135501530324, 35.310691539623441 ], [ -83.321357088694825, 35.310675105067219 ], [ -83.321384837283375, 35.310345831691308 ], [ -83.321385112283096, 35.31034216621358 ], [ -83.32141963871392, 35.309817361144617 ], [ -83.321420272174365, 35.309812081253149 ], [ -83.321422545251778, 35.309807273795897 ], [ -83.321550066964406, 35.309571262735282 ], [ -83.321557303610874, 35.3095564383311 ], [ -83.321651734698207, 35.309340869305601 ], [ -83.321654425449935, 35.309335215480203 ], [ -83.32170879953938, 35.309229619393996 ], [ -83.321716712426635, 35.309212265874699 ], [ -83.321722936345594, 35.30919423752897 ], [ -83.321727414696156, 35.309175698305872 ], [ -83.321753152998426, 35.30904137593803 ], [ -83.321754178160944, 35.309037072539546 ], [ -83.321756303372794, 35.309033192634089 ], [ -83.32185351208615, 35.30887308398173 ], [ -83.321856168280817, 35.308869146067337 ], [ -83.321859523937519, 35.308865784206439 ], [ -83.322182060209244, 35.308572131609679 ], [ -83.322198878868036, 35.30855485340193 ], [ -83.322426326353948, 35.308291091529789 ], [ -83.322429108531352, 35.308288119467107 ], [ -83.322432123741265, 35.308285384110086 ], [ -83.322792286521235, 35.307984499547857 ], [ -83.322806458064065, 35.307971451627544 ], [ -83.322819308589857, 35.307957100849251 ], [ -83.322830718883992, 35.307941580345449 ], [ -83.322840583092955, 35.307925034100187 ], [ -83.322848809706258, 35.307907615613331 ], [ -83.322896966361114, 35.307791473517455 ], [ -83.322899147953677, 35.307786586074428 ], [ -83.322946581609713, 35.307687531880724 ], [ -83.322953504020703, 35.3076712674387 ], [ -83.322958963323046, 35.30765445530421 ], [ -83.322962916872527, 35.307637226801809 ], [ -83.322965333786783, 35.307619716508448 ], [ -83.322966195186595, 35.307602061202203 ], [ -83.322966866188111, 35.307454460599004 ], [ -83.322966121895703, 35.307436289108551 ], [ -83.322963729989695, 35.307418260358673 ], [ -83.322959710248583, 35.307400523427766 ], [ -83.32295611339751, 35.307387443086292 ], [ -83.322941851818896, 35.307334631308876 ], [ -83.322935912060501, 35.307316223528204 ], [ -83.322928221912349, 35.307298475606054 ], [ -83.322918853301772, 35.307281553541905 ], [ -83.322907893855074, 35.307265615610831 ], [ -83.322895446077879, 35.307250810883133 ], [ -83.322735344576088, 35.307078090662024 ], [ -83.322715345507007, 35.307059286538582 ], [ -83.3224560223981, 35.306847025689009 ], [ -83.322190440241044, 35.306629821072377 ], [ -83.322187147250318, 35.30662687370549 ], [ -83.322185094754772, 35.30662296971834 ], [ -83.322085975391133, 35.306412341034651 ], [ -83.322079571518515, 35.30639988459837 ], [ -83.321915329568853, 35.306106181687056 ], [ -83.321913206366588, 35.30610191759299 ], [ -83.321911934042205, 35.306097327203261 ], [ -83.321844849196225, 35.305800790775486 ], [ -83.321844141183348, 35.305796978448441 ], [ -83.3218437312904, 35.305793122659537 ], [ -83.321807325222224, 35.305250966079484 ], [ -83.321807239707596, 35.305246020698455 ], [ -83.321808133717909, 35.305241156045327 ], [ -83.321963974218676, 35.304580072931699 ], [ -83.322042337543039, 35.304248762066585 ], [ -83.322043565367807, 35.304243221130143 ], [ -83.322139663850422, 35.30377841966552 ], [ -83.322143145907305, 35.303765809078257 ], [ -83.322272194060972, 35.303395036577925 ], [ -83.32227709522752, 35.303378756395617 ], [ -83.322402200582601, 35.302888606132157 ], [ -83.322405892391302, 35.302870798671776 ], [ -83.322407951368405, 35.302852729479483 ], [ -83.322408360489518, 35.302834547958184 ], [ -83.322407814677973, 35.302810803397186 ], [ -83.322406623890174, 35.302793130822998 ], [ -83.32240387416725, 35.302775632912329 ], [ -83.322399587076518, 35.302758446909102 ], [ -83.322393796243546, 35.302741707610807 ], [ -83.322344332991307, 35.302616909140127 ], [ -83.322340416960344, 35.302604842691892 ], [ -83.322309205572665, 35.30248275053939 ], [ -83.322308233720491, 35.302477986978026 ], [ -83.322308684602405, 35.302473146242747 ], [ -83.322339345644679, 35.302258519153611 ], [ -83.322340193949742, 35.302254048811029 ], [ -83.32234183443417, 35.302249825020318 ], [ -83.322434837808373, 35.302039143124695 ], [ -83.32244057773049, 35.302024633070637 ], [ -83.32260993808022, 35.301542289679944 ], [ -83.322615673834136, 35.301522855789464 ], [ -83.322619413768336, 35.301502941275558 ], [ -83.322621119494741, 35.301482750548246 ], [ -83.322620773505136, 35.301462490852714 ], [ -83.322618379350899, 35.301442370142048 ], [ -83.322613961606521, 35.301422594942771 ], [ -83.322607565617361, 35.301403368234922 ], [ -83.322599257034284, 35.30138488736862 ], [ -83.322589121139671, 35.301367342038411 ], [ -83.322577261972143, 35.301350912336112 ], [ -83.322563801258624, 35.301335766902348 ], [ -83.322548877164948, 35.301322061195521 ], [ -83.322532642877562, 35.301309935896136 ], [ -83.322170053551645, 35.301066724854699 ], [ -83.322162214605044, 35.301060891621091 ], [ -83.321797281472257, 35.300760531710246 ], [ -83.321789118308629, 35.300753014945805 ], [ -83.321693417766213, 35.300654526799008 ], [ -83.321690204361374, 35.300650876890636 ], [ -83.321688634989698, 35.300646274187471 ], [ -83.32167453189453, 35.300597126627608 ], [ -83.32166786958544, 35.300577723835552 ], [ -83.321659254727322, 35.300559105593912 ], [ -83.321648777960291, 35.300541467792051 ], [ -83.321636549514253, 35.300524996003766 ], [ -83.321622698049168, 35.300509863534792 ], [ -83.321607369301418, 35.300496229599396 ], [ -83.321537972665425, 35.300440610083349 ], [ -83.321520357417057, 35.300427995882664 ], [ -83.321501481039888, 35.300417361155638 ], [ -83.321368959572922, 35.300351889568688 ], [ -83.321352704912442, 35.300344738382812 ], [ -83.321335879991821, 35.30033905723036 ], [ -83.321087401136523, 35.300267274488107 ], [ -83.321083068056154, 35.300265804199142 ], [ -83.321079093853783, 35.300263575488955 ], [ -83.320952154100723, 35.300184590980756 ], [ -83.320948137219503, 35.300181809594889 ], [ -83.320944411912237, 35.300178648340669 ], [ -83.320727167000655, 35.299975165503298 ], [ -83.320726813996401, 35.299974835660741 ], [ -83.320515033208665, 35.299777429038606 ], [ -83.320495979750106, 35.299761749719764 ], [ -83.32025111968963, 35.299584405250549 ], [ -83.320233436081836, 35.299572966730992 ], [ -83.320214647677687, 35.299563451186664 ], [ -83.319936083668125, 35.29944034461154 ], [ -83.31991130101872, 35.299431294897992 ], [ -83.319565296413273, 35.299330257215161 ], [ -83.319556634151652, 35.29932793716597 ], [ -83.318987613102692, 35.299189127669486 ], [ -83.318978496689169, 35.299186438560817 ], [ -83.318513408929789, 35.299024840114321 ], [ -83.318508619766106, 35.299023037451988 ], [ -83.318139291870409, 35.298873122049102 ], [ -83.317772879901966, 35.298723003062804 ], [ -83.317763341284504, 35.298718493096494 ], [ -83.317436418753303, 35.29854223105481 ], [ -83.317264144475587, 35.298448266033574 ], [ -83.317260134786594, 35.298445826066455 ], [ -83.317256968172188, 35.298442359851684 ], [ -83.316989472161495, 35.298120192689822 ], [ -83.316986258667797, 35.298115862811692 ], [ -83.316984605529328, 35.298110730412702 ], [ -83.316920475109399, 35.297866841012912 ], [ -83.316919472342732, 35.297863169847851 ], [ -83.316851209151793, 35.297622295735621 ], [ -83.316850187743853, 35.297617963012875 ], [ -83.316849954662814, 35.297613535383348 ], [ -83.316847126982211, 35.297273304105822 ], [ -83.316846330668355, 35.297257059746983 ], [ -83.316844217099515, 35.297240933800907 ], [ -83.316784620685112, 35.296895808786786 ], [ -83.316780757474419, 35.296878207615073 ], [ -83.316775325676517, 35.296861025612451 ], [ -83.316768369387503, 35.296844402264838 ], [ -83.316677781837342, 35.29665267338531 ], [ -83.316676263286666, 35.29664929910129 ], [ -83.316477450883667, 35.296184747447519 ], [ -83.316473267615763, 35.296172992313046 ], [ -83.316373230485297, 35.29582432061644 ], [ -83.316372189531648, 35.295819962672574 ], [ -83.31637154389135, 35.295815528892007 ], [ -83.316335991231966, 35.295460000315792 ], [ -83.316300281679332, 35.29510289960556 ], [ -83.316299617373261, 35.29509710978013 ], [ -83.316232517719598, 35.294579063432629 ], [ -83.316232159174632, 35.294574992084783 ], [ -83.316232469720106, 35.294570930546769 ], [ -83.316296512228078, 35.294026075716076 ], [ -83.3162971562938, 35.294022034057136 ], [ -83.31629812943396, 35.294018058780743 ], [ -83.316431835934765, 35.293555001089587 ], [ -83.316433153169385, 35.293551062320219 ], [ -83.316434793436073, 35.293547246755438 ], [ -83.316550133494474, 35.293307027639635 ], [ -83.316557225537039, 35.293290362383026 ], [ -83.316562780880346, 35.29327312387943 ], [ -83.31656675396674, 35.293255453496585 ], [ -83.316569112214125, 35.293237496143917 ], [ -83.31659879507265, 35.292890290389479 ], [ -83.316599291558916, 35.29288572238854 ], [ -83.316631329831623, 35.292643010450455 ], [ -83.316633154495335, 35.29263308273071 ], [ -83.31669675477427, 35.292364228244551 ], [ -83.316698263809414, 35.29235909653891 ], [ -83.316700314328756, 35.292354156199174 ], [ -83.316894327781256, 35.291949554666999 ], [ -83.316900316946331, 35.291938814948679 ], [ -83.317082991122462, 35.291653999921891 ], [ -83.317266787988586, 35.291367434739776 ], [ -83.317269123202379, 35.291364101284813 ], [ -83.317271722332578, 35.291360969245346 ], [ -83.317559720740121, 35.291041396607142 ], [ -83.317569525793218, 35.291029641553735 ], [ -83.317578403082408, 35.291017171025132 ], [ -83.317986633170932, 35.290394574076856 ], [ -83.317996391177033, 35.29037800641121 ], [ -83.318004513135094, 35.290360578272313 ], [ -83.318010923976658, 35.290342450742465 ], [ -83.31801556444853, 35.290323791368174 ], [ -83.318072913004627, 35.290034439747075 ], [ -83.31807566449541, 35.290023713302318 ], [ -83.318141406446216, 35.289816008975919 ], [ -83.318143244769345, 35.28981111110123 ], [ -83.3181455864908, 35.289806432965996 ], [ -83.318394263071681, 35.289368687324014 ], [ -83.31840367987941, 35.289349869916094 ], [ -83.31841106751834, 35.289330167279225 ], [ -83.318416344212636, 35.289309797507357 ], [ -83.318440145990706, 35.289192886519523 ], [ -83.318443069568119, 35.289173903309013 ], [ -83.318444158712296, 35.289154727194934 ], [ -83.318444464710666, 35.289119555625632 ], [ -83.318443675287782, 35.28909997857685 ], [ -83.318440974093576, 35.289080572712344 ], [ -83.318436387051662, 35.289061524272142 ], [ -83.318429958184367, 35.289043016066053 ], [ -83.318421749190165, 35.289025225719186 ], [ -83.318411838851603, 35.289008323967295 ], [ -83.318384917392521, 35.288967172421884 ], [ -83.31837434856655, 35.28895250910233 ], [ -83.318362499043928, 35.28893885985925 ], [ -83.318254319084986, 35.288825071696877 ], [ -83.318239290513304, 35.288810820421617 ], [ -83.318222868693624, 35.288798199777744 ], [ -83.317770660756224, 35.288486529792394 ], [ -83.317767118024406, 35.288483847679636 ], [ -83.317763828068053, 35.288480860898147 ], [ -83.317496075044033, 35.288215083790945 ], [ -83.317300385767666, 35.288020377179556 ], [ -83.317293935523622, 35.288013313562935 ], [ -83.317019247651331, 35.287681959424191 ], [ -83.317001520827063, 35.287663187060922 ], [ -83.316583661856157, 35.287274346075371 ], [ -83.316574912236547, 35.287265095621528 ], [ -83.316143538171673, 35.286746467299992 ], [ -83.316135264300485, 35.286734944439374 ], [ -83.315955196489128, 35.286442332847109 ], [ -83.315778346988537, 35.286152418768609 ], [ -83.315764415880864, 35.286132430776199 ], [ -83.315537977690823, 35.285846403832068 ], [ -83.315524210758369, 35.285830762747267 ], [ -83.315508891203294, 35.285816638895263 ], [ -83.315315236820481, 35.285655929682484 ], [ -83.315299209522422, 35.285643931223319 ], [ -83.315282062932994, 35.285633595277467 ], [ -83.315263968877034, 35.285625025420735 ], [ -83.315245108673849, 35.285618307531088 ], [ -83.314726867966527, 35.285462466902437 ], [ -83.314722103299275, 35.285460765241417 ], [ -83.314717781262743, 35.28545813508844 ], [ -83.314464343776152, 35.285285643331932 ], [ -83.314454154383952, 35.285277697474321 ], [ -83.31366598534288, 35.284576553088066 ], [ -83.313662214175309, 35.284572818883085 ], [ -83.313659321025668, 35.284568369649875 ], [ -83.313461171219672, 35.284224780361981 ], [ -83.313459163832476, 35.284220919663426 ], [ -83.313457863671317, 35.284216784404904 ], [ -83.313353152817172, 35.283825255842146 ], [ -83.313347881975346, 35.283808524905616 ], [ -83.313341165385751, 35.283792320170662 ], [ -83.31333305471675, 35.283776766294643 ], [ -83.313323612360904, 35.283761982928091 ], [ -83.312918905999581, 35.283185725600404 ], [ -83.312915263102937, 35.28318015277236 ], [ -83.312818296526203, 35.2830204447203 ], [ -83.312811346255202, 35.283009778103754 ], [ -83.312700896204475, 35.282851521241305 ], [ -83.312690446918879, 35.282837843311782 ], [ -83.3126788602586, 35.282825114500781 ], [ -83.312666222044143, 35.282813429088478 ], [ -83.31265262588461, 35.282802873626771 ], [ -83.312413177715982, 35.282632971255993 ], [ -83.312409186054566, 35.282629818968616 ], [ -83.312406337725292, 35.282625605027796 ], [ -83.312345154647502, 35.282524240949606 ], [ -83.312339491293315, 35.282513411945978 ], [ -83.312207519631372, 35.282218417166632 ], [ -83.312206122841843, 35.282214952636608 ], [ -83.312204989072313, 35.282211393345534 ], [ -83.312076137535868, 35.281747527835911 ], [ -83.312075841650199, 35.281746473842027 ], [ -83.312037395063683, 35.281610947204982 ], [ -83.312036268095966, 35.281606023545066 ], [ -83.312038197240355, 35.281601355474422 ], [ -83.312100068278184, 35.281471049594423 ], [ -83.312102164249026, 35.28146710217721 ], [ -83.312104920711178, 35.281463606890647 ], [ -83.312433227717378, 35.281083359097273 ], [ -83.312441229921461, 35.281075103138114 ], [ -83.312708856520644, 35.280829044059459 ], [ -83.312711110621308, 35.280826939312782 ], [ -83.312923146704136, 35.280625870089978 ], [ -83.312935114916769, 35.280613500211665 ], [ -83.312945975245285, 35.280600147112111 ], [ -83.312955647254824, 35.280585909688384 ], [ -83.313034573818726, 35.280458233978841 ], [ -83.31304327533698, 35.280442642118743 ], [ -83.313050551554596, 35.280426336316744 ], [ -83.313134452710088, 35.28021322759745 ], [ -83.313140075593097, 35.280196913385637 ], [ -83.313144271265386, 35.280180175206091 ], [ -83.313147008493289, 35.280163137662136 ], [ -83.313178591767453, 35.279892429239645 ], [ -83.313179627317297, 35.279885607845372 ], [ -83.313243982033498, 35.279542052129329 ], [ -83.313307305298494, 35.279203023906938 ], [ -83.313309842485594, 35.279184859879393 ], [ -83.313375077520817, 35.278484802950125 ], [ -83.313375937277399, 35.27846515461659 ], [ -83.313371019381378, 35.277564175666555 ], [ -83.313371257222997, 35.2775590405477 ], [ -83.313372545221242, 35.277554063894762 ], [ -83.313402034009556, 35.27746039392737 ], [ -83.313407011519772, 35.277441360869091 ], [ -83.313429072979645, 35.277336094670829 ], [ -83.313432274990532, 35.277315544012552 ], [ -83.313433325451967, 35.277294771940909 ], [ -83.313432213003665, 35.277274003096736 ], [ -83.313428949676251, 35.277253462085966 ], [ -83.313423570761202, 35.277233371050592 ], [ -83.313405611908152, 35.277177996321534 ], [ -83.313404273063313, 35.277172985662247 ], [ -83.313405094241617, 35.277167864639203 ], [ -83.313437817894723, 35.277015466671145 ], [ -83.313439288157497, 35.277010100075039 ], [ -83.313441347884492, 35.277004930979508 ], [ -83.313486767179413, 35.27690720897732 ], [ -83.313494697234432, 35.276887460830821 ], [ -83.313500484085978, 35.27686698188036 ], [ -83.313504062216026, 35.276846003986087 ], [ -83.313505391113438, 35.276824764657135 ], [ -83.313505792380482, 35.27678142798559 ], [ -83.313504851536308, 35.276760111739826 ], [ -83.3135016451605, 35.27673901703254 ], [ -83.313471990095849, 35.276595824453771 ], [ -83.313471246269359, 35.276591062833042 ], [ -83.313474097507907, 35.27658717737971 ], [ -83.313512814494928, 35.276539525994643 ], [ -83.313523618925828, 35.276524919712486 ], [ -83.313533053306429, 35.276509393229688 ], [ -83.313541039784411, 35.276493074670476 ], [ -83.313547512455514, 35.276476098695269 ], [ -83.313636329508213, 35.276207033230619 ], [ -83.313638236208789, 35.276202143811645 ], [ -83.313641575893598, 35.276198095548807 ], [ -83.313735648455776, 35.276095640942067 ], [ -83.3137391369726, 35.276092199503118 ], [ -83.313743478791494, 35.276089927529505 ], [ -83.313951671961647, 35.275993770374967 ], [ -83.313966811174026, 35.275985979815196 ], [ -83.313981232914102, 35.275976929843608 ], [ -83.313994832664463, 35.275966686047283 ], [ -83.314055791248848, 35.275916564449048 ], [ -83.314070071738783, 35.275903620367664 ], [ -83.314083039953928, 35.275889361790178 ], [ -83.314094575457915, 35.275873921136586 ], [ -83.314104571120069, 35.275857441804867 ], [ -83.31411293411027, 35.275840076839252 ], [ -83.314119586761052, 35.275821987508884 ], [ -83.31412446728902, 35.275803341810111 ], [ -83.314144196851757, 35.275709769281178 ], [ -83.314146073808843, 35.275702303910585 ], [ -83.314208600808854, 35.275488747873545 ], [ -83.314210210000638, 35.275484114786543 ], [ -83.314213103722182, 35.275480154815625 ], [ -83.314344032934244, 35.275318419753134 ], [ -83.314348096144556, 35.275313708199548 ], [ -83.314444378575288, 35.27520884520991 ], [ -83.314449814566103, 35.275203365390624 ], [ -83.314713636618421, 35.274957197271746 ], [ -83.314718483016463, 35.274952958727496 ], [ -83.314878654517941, 35.274821734203229 ], [ -83.314882096288372, 35.274819154192528 ], [ -83.314885916224227, 35.274817211767726 ], [ -83.315173763620336, 35.274686028347077 ], [ -83.315199207944929, 35.274672122393746 ], [ -83.315588057627352, 35.274421384013607 ], [ -83.315604467607301, 35.274409587525199 ], [ -83.315619603291779, 35.274396195152889 ], [ -83.315633310128561, 35.274381343647718 ], [ -83.315645448155593, 35.27436518466012 ], [ -83.31565589343009, 35.274347883191354 ], [ -83.315664539294133, 35.274329615908698 ], [ -83.315671297463837, 35.27431056934148 ], [ -83.315676098930751, 35.274290937976367 ], [ -83.315686514549412, 35.274236582606598 ], [ -83.315689224116525, 35.274217515246875 ], [ -83.315690087166942, 35.274198275675552 ], [ -83.315689095697877, 35.274179042294413 ], [ -83.315656487145276, 35.273852960285318 ], [ -83.315655991161947, 35.273843016013338 ], [ -83.315655991065839, 35.273463936144232 ], [ -83.315656233658345, 35.273459024260063 ], [ -83.315656959077145, 35.273454160184642 ], [ -83.315755490138926, 35.272961505792779 ], [ -83.315756619459606, 35.272956524451907 ], [ -83.315783669929033, 35.27284991373282 ], [ -83.315787152777915, 35.272833236744241 ], [ -83.315789203667933, 35.272816323848723 ], [ -83.315789807717195, 35.2727992977714 ], [ -83.315789397229622, 35.272741822356025 ], [ -83.315788414778083, 35.272723400131646 ], [ -83.315785739011417, 35.272705146807709 ], [ -83.315781392696607, 35.272687217694248 ], [ -83.315775412814659, 35.272669765342719 ], [ -83.315767850245948, 35.272652938248001 ], [ -83.315758769337251, 35.272636879584944 ], [ -83.315686378540846, 35.272521616987589 ], [ -83.315685612629849, 35.272520377525645 ], [ -83.315517495420934, 35.272243830829495 ], [ -83.315453646667152, 35.272136465859091 ], [ -83.315448811096502, 35.272127276960539 ], [ -83.315351193888048, 35.27191577197636 ], [ -83.315349264099794, 35.271910938471471 ], [ -83.315348928141489, 35.271905744823002 ], [ -83.31534753224183, 35.271789928897334 ], [ -83.315346538632866, 35.271772283415004 ], [ -83.315343991144672, 35.271754794543995 ], [ -83.31533990966993, 35.271737598850663 ], [ -83.315334326079906, 35.271720830612004 ], [ -83.315327283975492, 35.271704620767132 ], [ -83.31514520739465, 35.271331541714098 ], [ -83.315141244221834, 35.271322258936131 ], [ -83.31508605352083, 35.271172455648262 ], [ -83.315078790440879, 35.271155261100454 ], [ -83.315069956007022, 35.271138818546412 ], [ -83.315059627168239, 35.271123271202768 ], [ -83.315047893889982, 35.271108754488743 ], [ -83.314803781392101, 35.270834014996403 ], [ -83.314800312768142, 35.27082989265768 ], [ -83.314688762593505, 35.270689826085786 ], [ -83.314674854464144, 35.270674127721222 ], [ -83.314659378848233, 35.270659972156075 ], [ -83.314642505929086, 35.270647515057213 ], [ -83.314466601068432, 35.270531383976746 ], [ -83.314463107074914, 35.270528853746121 ], [ -83.314460113081978, 35.270525770380573 ], [ -83.314367631303242, 35.270421963281592 ], [ -83.314365117230523, 35.270418905273601 ], [ -83.314362853475373, 35.270415657598868 ], [ -83.314296986503777, 35.270312682911566 ], [ -83.314294277184217, 35.270307878705701 ], [ -83.314292693651552, 35.270302595408339 ], [ -83.314089367323447, 35.269455729859395 ], [ -83.314088336775612, 35.269449959313846 ], [ -83.314087991665247, 35.269444107637575 ], [ -83.314087991694493, 35.269206872246883 ], [ -83.314088227508492, 35.269202034948371 ], [ -83.314089395415905, 35.269197334835482 ], [ -83.314120591134497, 35.269093652764404 ], [ -83.314122197697742, 35.269089123118704 ], [ -83.31412540067241, 35.269085539867653 ], [ -83.314252639188766, 35.268956402880185 ], [ -83.314256130243834, 35.268953182784671 ], [ -83.314260169194355, 35.268950684113143 ], [ -83.314436525397312, 35.268852902343198 ], [ -83.314457108774604, 35.268839786949734 ], [ -83.314475941347936, 35.268824262029511 ], [ -83.314669712064102, 35.268643573175325 ], [ -83.314685477371299, 35.268627094389245 ], [ -83.31469926419885, 35.268608927972764 ], [ -83.314710893285152, 35.268589310132583 ], [ -83.314790639583535, 35.268435399700031 ], [ -83.31479853122471, 35.268418228027294 ], [ -83.314856167959661, 35.268275387385096 ], [ -83.3148629432863, 35.268255699872064 ], [ -83.314867635134306, 35.268235414661127 ], [ -83.314900921242753, 35.268047397086058 ], [ -83.314927497242309, 35.267900727954803 ], [ -83.314928636381893, 35.267895303452754 ], [ -83.314959815261517, 35.267764917257317 ], [ -83.314961221332211, 35.267760122640802 ], [ -83.314964400285504, 35.267756267820836 ], [ -83.3152138590562, 35.267483145030177 ], [ -83.315442993807807, 35.267233261525462 ], [ -83.315454720066015, 35.267219237246429 ], [ -83.315465116808141, 35.267204200847686 ], [ -83.31547409717318, 35.267188277952918 ], [ -83.31548158613343, 35.267171601592146 ], [ -83.315532418536606, 35.26704297942856 ], [ -83.315534155175541, 35.267039081713698 ], [ -83.315536522627795, 35.267035550384122 ], [ -83.315628018344285, 35.266910864689109 ], [ -83.315642434020802, 35.266888163971338 ], [ -83.315759589173638, 35.266672947274344 ], [ -83.315769675676123, 35.266651475417682 ], [ -83.315777148827436, 35.266628960307855 ], [ -83.315796809526077, 35.266555389589563 ], [ -83.315800999506564, 35.266535839617106 ], [ -83.315803216588705, 35.266515968987868 ], [ -83.315833618276272, 35.266019102013871 ], [ -83.315833991610461, 35.266006886765787 ], [ -83.315833990948519, 35.265827078096635 ], [ -83.315834247569981, 35.265822026818924 ], [ -83.315835014828664, 35.265817027561567 ], [ -83.315868067274025, 35.265656490671837 ], [ -83.31586919288695, 35.265652061781793 ], [ -83.315871100623639, 35.265647930482196 ], [ -83.315966625892955, 35.265463566619971 ], [ -83.315969212949568, 35.26545914579134 ], [ -83.315972240127877, 35.265455013868944 ], [ -83.315984351649988, 35.265438489811871 ], [ -83.315994705302685, 35.265420820870006 ], [ -83.316003197838683, 35.265402185783124 ], [ -83.316009740215947, 35.26538277993528 ], [ -83.316014263839349, 35.26536280679175 ], [ -83.316016721279851, 35.265342475765785 ], [ -83.316017086771851, 35.265322000022898 ], [ -83.316015356483248, 35.265301594245969 ], [ -83.316011548555664, 35.265281472384267 ], [ -83.316001440906646, 35.265239853861615 ], [ -83.316000505529686, 35.265236156501444 ], [ -83.315986256374259, 35.26518200909689 ], [ -83.315985746412281, 35.265179985667203 ], [ -83.315967376236898, 35.265103748373349 ], [ -83.315966338580338, 35.265097958618156 ], [ -83.315965991071721, 35.265092086886867 ], [ -83.3159659909076, 35.26498390741952 ], [ -83.315965000254891, 35.264964026081003 ], [ -83.315962038170753, 35.264944341694509 ], [ -83.315957133998253, 35.264925049258011 ], [ -83.315950336319219, 35.264906339886728 ], [ -83.315941712472991, 35.264888398919915 ], [ -83.315931347889332, 35.264871404084829 ], [ -83.315919345242165, 35.264855523736131 ], [ -83.315905823432388, 35.264840915188131 ], [ -83.315890916410112, 35.264827723156415 ], [ -83.31587477184766, 35.264816078324209 ], [ -83.315857549676707, 35.264806096047842 ], [ -83.315839420503934, 35.264797875214001 ], [ -83.315820563921051, 35.26479149726012 ], [ -83.315801166725592, 35.264787025367639 ], [ -83.315781421070554, 35.26478450383614 ], [ -83.315599709003962, 35.264770442691969 ], [ -83.315588257771552, 35.264769886162405 ], [ -83.315398421019935, 35.264766108678522 ], [ -83.315387606113561, 35.264765304885373 ], [ -83.31518842530545, 35.264739573065945 ], [ -83.315184034127626, 35.264738804898471 ], [ -83.315179866869684, 35.264737272564773 ], [ -83.314888025382331, 35.264615014866628 ], [ -83.314696132770749, 35.264534543295703 ], [ -83.314679182077228, 35.264528318849791 ], [ -83.31466173905892, 35.264523648641031 ], [ -83.314643945906823, 35.264520570739776 ], [ -83.314329865897477, 35.264480744901867 ], [ -83.31431808177085, 35.264479603880936 ], [ -83.313951099833972, 35.264455007392336 ], [ -83.313584315184542, 35.264430021927183 ], [ -83.313583667982542, 35.264429978893858 ], [ -83.313214278539462, 35.264406019274901 ], [ -83.312854195224801, 35.26438162365411 ], [ -83.312835769546552, 35.264381226420774 ], [ -83.312522992651537, 35.264388902215515 ], [ -83.312514995489892, 35.26438877839815 ], [ -83.311762991436595, 35.264347000227637 ], [ -83.311006991201737, 35.264304999870497 ], [ -83.31063221868547, 35.264284179508046 ], [ -83.310625781535776, 35.264283612727063 ], [ -83.310194582533327, 35.264231555035188 ], [ -83.310190060833563, 35.264230795660986 ], [ -83.310186128860181, 35.264228456250173 ], [ -83.310024445374296, 35.264121934543752 ], [ -83.310020209649679, 35.26411880788477 ], [ -83.310017647328436, 35.264114208768504 ], [ -83.309953975371599, 35.263984055744771 ], [ -83.309952191272558, 35.263979949080557 ], [ -83.309951975242953, 35.263975485899891 ], [ -83.30995101587142, 35.26370877086395 ], [ -83.30995188105878, 35.263695288371459 ], [ -83.309983306256584, 35.26345817337647 ], [ -83.309984251442401, 35.263453092651375 ], [ -83.309986715154125, 35.263448549825306 ], [ -83.310094846735296, 35.263271827208747 ], [ -83.310105198157316, 35.263252631290612 ], [ -83.310113397924269, 35.263232422405615 ], [ -83.310119348533732, 35.263211440855194 ], [ -83.310122979227685, 35.263189936128448 ], [ -83.310212634268666, 35.262397825849078 ], [ -83.310213896299544, 35.262376990850264 ], [ -83.310212979955821, 35.262356137787854 ], [ -83.310182137921743, 35.262036260863255 ], [ -83.310178771812559, 35.26201425683292 ], [ -83.310172981298081, 35.261992763159796 ], [ -83.31004567701973, 35.261607107837406 ], [ -83.310044282265522, 35.261601969606573 ], [ -83.310044588781835, 35.26159665426983 ], [ -83.310077398409177, 35.261303298588189 ], [ -83.310079143907103, 35.261292795229792 ], [ -83.310144930986482, 35.260995787070271 ], [ -83.310146210511206, 35.260991109307191 ], [ -83.310149180747658, 35.260987275725753 ], [ -83.310310524706495, 35.260798880103259 ], [ -83.310315345994383, 35.260793029563771 ], [ -83.310673792639108, 35.260340865552884 ], [ -83.310683431725224, 35.260327627080379 ], [ -83.310691955451219, 35.260313644404299 ], [ -83.310905873119623, 35.259928041355231 ], [ -83.310915781803374, 35.259907499659668 ], [ -83.310923287437248, 35.259885963440631 ], [ -83.310971294413818, 35.259717939977008 ], [ -83.310974318721478, 35.259705967267607 ], [ -83.310975099056265, 35.259702420243549 ], [ -83.310978459971849, 35.259682302576053 ], [ -83.310979754431187, 35.259661947216216 ], [ -83.310978968971398, 35.25964156586808 ], [ -83.310976111761562, 35.259621370505961 ], [ -83.31096014563569, 35.259539044172065 ], [ -83.310955045628987, 35.259518584876787 ], [ -83.310947820004913, 35.259498776212311 ], [ -83.31093854907499, 35.259479838348398 ], [ -83.310927335883932, 35.259461981775992 ], [ -83.310824761389469, 35.259316296861527 ], [ -83.310813327299911, 35.259301567119692 ], [ -83.310800571085494, 35.259287966285456 ], [ -83.310676832747774, 35.259167789264808 ], [ -83.31067324326915, 35.259164119387435 ], [ -83.310567542589354, 35.25905034974685 ], [ -83.310551074562966, 35.259034538861002 ], [ -83.310532912000852, 35.259020707688165 ], [ -83.310513291552127, 35.259009036441604 ], [ -83.310072298772482, 35.258779719500268 ], [ -83.310069064883976, 35.258777881656641 ], [ -83.310065976840306, 35.258775808087137 ], [ -83.309772833391804, 35.258562701053528 ], [ -83.309756634475335, 35.258552084318445 ], [ -83.309529841409102, 35.258418677411335 ], [ -83.309524086492502, 35.258415419040219 ], [ -83.309127205360852, 35.258199295326264 ], [ -83.309123139523493, 35.258196821373723 ], [ -83.309119943261052, 35.258193294990299 ], [ -83.308923249132206, 35.257954176619201 ], [ -83.308915463104142, 35.257943301719074 ], [ -83.308536602821036, 35.257331368409339 ], [ -83.3085257944565, 35.257315640420849 ], [ -83.308513536257948, 35.257301014179561 ], [ -83.308499939833339, 35.257287622853887 ], [ -83.308485128974823, 35.257275588368607 ], [ -83.308469238531714, 35.257265020294817 ], [ -83.308301281626314, 35.257164533434775 ], [ -83.308284767489639, 35.257155676245262 ], [ -83.30826749686058, 35.257148403564287 ], [ -83.308249621360815, 35.257142779239921 ], [ -83.307974821172905, 35.257070274535771 ], [ -83.307965103858038, 35.257067968561891 ], [ -83.306932845137297, 35.256850080531272 ], [ -83.306912978806068, 35.256846921091672 ], [ -83.306552054305371, 35.256808007013817 ], [ -83.306176194023763, 35.256767239741386 ], [ -83.306171782902453, 35.256766810687161 ], [ -83.305591077456327, 35.256716815919198 ], [ -83.305570013263633, 35.25671611701577 ], [ -83.305548992479501, 35.256717638631493 ], [ -83.305372199294979, 35.2567398489496 ], [ -83.305369780955843, 35.256740122911673 ], [ -83.305068215747141, 35.256770573642001 ], [ -83.30506398796328, 35.256770819877786 ], [ -83.305059754528813, 35.256770706651594 ], [ -83.304664202059215, 35.256743291726778 ], [ -83.304660018611699, 35.256742823756689 ], [ -83.304655889508027, 35.256742004772548 ], [ -83.303983990882884, 35.25657900001773 ], [ -83.303331955818649, 35.256420813962137 ], [ -83.303307816863807, 35.256416504518555 ], [ -83.303283331974129, 35.256415181407526 ], [ -83.303036428427603, 35.256416997326433 ], [ -83.302699991273144, 35.256418000019863 ], [ -83.302369863223674, 35.256418980338438 ], [ -83.302356137832561, 35.256419492720447 ], [ -83.301962697885955, 35.256447734101329 ], [ -83.301955297241506, 35.256448403724519 ], [ -83.301726468271923, 35.256473402328822 ], [ -83.301721025961641, 35.25647369506509 ], [ -83.301715783134654, 35.256472206037834 ], [ -83.301487549813956, 35.256393570509317 ], [ -83.301483087812727, 35.25639178828304 ], [ -83.301478818097124, 35.256389584805525 ], [ -83.301271614754739, 35.256269671321348 ], [ -83.301255574594208, 35.256261332516971 ], [ -83.301238846978308, 35.256254476185958 ], [ -83.301221568581042, 35.256249158348382 ], [ -83.30091353504406, 35.256169400267602 ], [ -83.300910461376972, 35.256168551897808 ], [ -83.300444654816303, 35.256031954604587 ], [ -83.300431661986892, 35.256027143019587 ], [ -83.300226549816855, 35.255934539508551 ], [ -83.300209290738053, 35.255927693066177 ], [ -83.300191471115824, 35.255922476684475 ], [ -83.300173244532843, 35.255918935322079 ], [ -83.299471831499588, 35.25581617470943 ], [ -83.299456951578904, 35.255814560745307 ], [ -83.299441992627152, 35.255814064074158 ], [ -83.298988550042424, 35.255815985161846 ], [ -83.298981441350662, 35.255815762280818 ], [ -83.298615738296235, 35.25579125183004 ], [ -83.298612011507771, 35.255790861070111 ], [ -83.29860832453879, 35.25579019181356 ], [ -83.298480400756574, 35.255761973307933 ], [ -83.298476071169063, 35.25576081107846 ], [ -83.298472210418097, 35.255758532765874 ], [ -83.298313607212179, 35.255655012891985 ], [ -83.298309211693237, 35.255651785256077 ], [ -83.29830610217067, 35.255647305402263 ], [ -83.29817544645951, 35.255434989689057 ], [ -83.298173203567231, 35.255430930744666 ], [ -83.298172601658635, 35.255426332560099 ], [ -83.298136892942281, 35.254998796385081 ], [ -83.298133928500874, 35.254977364255829 ], [ -83.298110941683078, 35.254858839151687 ], [ -83.298106709401907, 35.254841293892589 ], [ -83.298100912638603, 35.254824201617851 ], [ -83.298093598600303, 35.254807701521962 ], [ -83.298084826850385, 35.254791927976889 ], [ -83.298001357021505, 35.254656592888963 ], [ -83.29792094643193, 35.254524162345987 ], [ -83.297909218632611, 35.25450693892185 ], [ -83.297895762483506, 35.254491029186859 ], [ -83.297880724046948, 35.254476605836274 ], [ -83.297864266560524, 35.254463825431095 ], [ -83.297428838606479, 35.254160678439533 ], [ -83.297425158314738, 35.254157851271792 ], [ -83.297422769064468, 35.254153872715676 ], [ -83.297196523435801, 35.253733703543098 ], [ -83.297186155406649, 35.253716564499619 ], [ -83.297174124967512, 35.253700548527149 ], [ -83.297003524979928, 35.253495661394282 ], [ -83.296989113032339, 35.253480109404535 ], [ -83.29697313564543, 35.253466170547853 ], [ -83.296955772392494, 35.253454001486041 ], [ -83.296717930479417, 35.253305460917119 ], [ -83.296714164438782, 35.2533028583534 ], [ -83.296712344484874, 35.253298657857094 ], [ -83.296446586466658, 35.252597758094026 ], [ -83.296440428408161, 35.252583265523654 ], [ -83.296433149275231, 35.252569302339772 ], [ -83.29620670647482, 35.25217374374968 ], [ -83.296204265075815, 35.252168880824257 ], [ -83.296202368653923, 35.252163780622631 ], [ -83.296135827324477, 35.251949691752053 ], [ -83.296134307054416, 35.251944265381816 ], [ -83.296102086795656, 35.251815381950486 ], [ -83.296101197708779, 35.251810991849055 ], [ -83.29610191783182, 35.251806580079332 ], [ -83.296128638151501, 35.2516790831789 ], [ -83.296131502014717, 35.251661587445469 ], [ -83.296132805278262, 35.251643906837309 ], [ -83.296132537701666, 35.251626180280859 ], [ -83.29613070138744, 35.251608547063597 ], [ -83.296102778674893, 35.251421389767039 ], [ -83.296099554208823, 35.25140468246255 ], [ -83.296094921273792, 35.25138830970721 ], [ -83.296088913404262, 35.251372390011596 ], [ -83.296066100586955, 35.251318941902767 ], [ -83.296062424177748, 35.251308860803228 ], [ -83.295997547375976, 35.251096104611001 ], [ -83.295996274533323, 35.251090961983344 ], [ -83.295996119605064, 35.251085666443352 ], [ -83.295997846050994, 35.251014037591929 ], [ -83.295998352735836, 35.251008053268222 ], [ -83.295999576515811, 35.251002173538552 ], [ -83.296052098501178, 35.250809077950628 ], [ -83.296056488851761, 35.250788859699782 ], [ -83.296058766989461, 35.250768296068436 ], [ -83.296058908535187, 35.250747607114612 ], [ -83.296056911974219, 35.250727014237448 ], [ -83.296052798672392, 35.250706737807938 ], [ -83.296032449501368, 35.250627668352166 ], [ -83.296031330524499, 35.250621954317459 ], [ -83.296030886327145, 35.250616148717285 ], [ -83.296029462940339, 35.250536431208815 ], [ -83.296028383624119, 35.250518948420243 ], [ -83.29602577876696, 35.250501627117195 ], [ -83.296021668348999, 35.250484600159631 ], [ -83.295998574342548, 35.250404493081632 ], [ -83.295997317567483, 35.250398964675732 ], [ -83.295997346237982, 35.25039329529023 ], [ -83.296011721804817, 35.250162490458528 ], [ -83.296011943389317, 35.250141929714616 ], [ -83.296010052753786, 35.250121454881601 ], [ -83.296006069881912, 35.250101282375027 ], [ -83.296000036872002, 35.2500816254149 ], [ -83.295992017491955, 35.250062691772001 ], [ -83.295882209057851, 35.249836567879328 ], [ -83.295880238512538, 35.249831924041509 ], [ -83.295879244930177, 35.249826978227539 ], [ -83.295854101135447, 35.24965773982116 ], [ -83.295853892538602, 35.249656259782356 ], [ -83.29584861055578, 35.249616642741231 ], [ -83.295848213574189, 35.249612022686989 ], [ -83.295849534748527, 35.249607577802649 ], [ -83.295914051428554, 35.249422694546496 ], [ -83.295916083722787, 35.249417364569823 ], [ -83.296012482322212, 35.249184710329494 ], [ -83.296018303924811, 35.249168781702615 ], [ -83.296022755133819, 35.249152417138781 ], [ -83.296036578177507, 35.249091508541206 ], [ -83.29604014152828, 35.249070837019353 ], [ -83.296041520193057, 35.249049905976193 ], [ -83.296040699006184, 35.249028945658054 ], [ -83.296037687000918, 35.249008186633304 ], [ -83.296032517310024, 35.248987857256026 ], [ -83.296025246801292, 35.248968181154098 ], [ -83.296021983016232, 35.248960597550528 ], [ -83.296010581543953, 35.248938122158478 ], [ -83.295918740294709, 35.248782271266222 ], [ -83.29591727987939, 35.24877970724517 ], [ -83.295784302697115, 35.248538018217666 ], [ -83.295777275067707, 35.248526223007907 ], [ -83.295480786289986, 35.248065345243411 ], [ -83.295478243393362, 35.248060904082436 ], [ -83.295477176034353, 35.248055898987303 ], [ -83.295447768028026, 35.247871864775618 ], [ -83.295447235726343, 35.247867009886946 ], [ -83.295448140344234, 35.247862210412428 ], [ -83.295512460015203, 35.247594214940051 ], [ -83.295513623476893, 35.247589811693537 ], [ -83.295647927984021, 35.2471246828392 ], [ -83.295649129011508, 35.247121051659057 ], [ -83.295650604579038, 35.247117523112856 ], [ -83.295743994863841, 35.246916235675741 ], [ -83.295751142333359, 35.246898700577525 ], [ -83.295756599419775, 35.246880568114975 ], [ -83.295817345503366, 35.246637582051925 ], [ -83.29582043507196, 35.246622904750794 ], [ -83.295822416005691, 35.24660803718529 ], [ -83.295852438414329, 35.246292803824588 ], [ -83.295854214997263, 35.246281300670759 ], [ -83.295922212181779, 35.24596462856222 ], [ -83.295924037376253, 35.245957439181055 ], [ -83.296020395747789, 35.245629430841888 ], [ -83.296023276554038, 35.245618488895708 ], [ -83.296108933523101, 35.245251248287531 ], [ -83.296109048531221, 35.245250752356071 ], [ -83.296193944232229, 35.244882541069295 ], [ -83.296196455990014, 35.244873576836305 ], [ -83.296295110068968, 35.24457566058198 ], [ -83.296296797077417, 35.244570316376183 ], [ -83.29638696511411, 35.24427008691957 ], [ -83.29647796579539, 35.243966086895512 ], [ -83.296567559271196, 35.243667769203533 ], [ -83.296570184804139, 35.243658165469341 ], [ -83.29662662780504, 35.24342947406312 ], [ -83.296627332707629, 35.243426521879009 ], [ -83.296710791885829, 35.243064861912039 ], [ -83.296789559339018, 35.242736799946925 ], [ -83.296790391170646, 35.242733188329552 ], [ -83.296800490674059, 35.24268740313839 ], [ -83.296803909839184, 35.242666877227819 ], [ -83.296805177797864, 35.242646107153774 ], [ -83.296805309913978, 35.242631306894971 ], [ -83.296804411964132, 35.242610507269923 ], [ -83.296801356677008, 35.24258991368022 ], [ -83.29679617715901, 35.24256974927323 ], [ -83.296788929534173, 35.242550232545781 ], [ -83.296779692336088, 35.242531574976596 ], [ -83.296768565656905, 35.242513978734777 ], [ -83.296755670062709, 35.242497634489105 ], [ -83.296719551626566, 35.242456459246327 ], [ -83.296705273942493, 35.242441773104808 ], [ -83.296689569058032, 35.242428624279043 ], [ -83.296643309717695, 35.242393762365317 ], [ -83.29663031594221, 35.242384752660215 ], [ -83.29651675032045, 35.242312482930032 ], [ -83.296492308355099, 35.242299220326579 ], [ -83.296273812725261, 35.242199653057689 ], [ -83.296262554924553, 35.242193626043544 ], [ -83.295862569203791, 35.241945359158358 ], [ -83.295861417708636, 35.24194463353593 ], [ -83.29575538301809, 35.241876802545349 ], [ -83.295740449720469, 35.24186813443913 ], [ -83.295724824424354, 35.24186078667995 ], [ -83.295708623592702, 35.241854814034227 ], [ -83.295691967978158, 35.241850261018996 ], [ -83.2955047391562, 35.241807672367862 ], [ -83.295481008488935, 35.241803757508464 ], [ -83.295225423807594, 35.241777252762759 ], [ -83.295220574864729, 35.24177662975498 ], [ -83.294685919419067, 35.241694602785493 ], [ -83.294682027306749, 35.241693846294346 ], [ -83.294678207540912, 35.241692783184114 ], [ -83.294515735581143, 35.241640526245952 ], [ -83.294511090644306, 35.241638772509887 ], [ -83.294506643222149, 35.241636565370868 ], [ -83.294415435679895, 35.241585489269511 ], [ -83.294411186299584, 35.241582816728858 ], [ -83.294408779237415, 35.241578411531897 ], [ -83.29434628083726, 35.241448750935845 ], [ -83.294344252862544, 35.241443906145754 ], [ -83.294342746128734, 35.241438874801553 ], [ -83.294310985970156, 35.24130809557446 ], [ -83.294310166949288, 35.241303972720154 ], [ -83.294310052872802, 35.241299785776071 ], [ -83.294311881232773, 35.241174566783855 ], [ -83.294311530120751, 35.241159447135942 ], [ -83.294267991882563, 35.240447017056702 ], [ -83.294246075397851, 35.240087380275192 ], [ -83.294245945406033, 35.240084619046627 ], [ -83.294234991683581, 35.239755010243954 ], [ -83.294224000843016, 35.239423281571092 ], [ -83.294220016180191, 35.239291822228381 ], [ -83.294219979872963, 35.239290176962889 ], [ -83.29421300338079, 35.238785855246782 ], [ -83.294212994347603, 35.23878414543892 ], [ -83.294213942713171, 35.238493798066678 ], [ -83.294213445747801, 35.238479039316942 ], [ -83.294211861159198, 35.238464357465986 ], [ -83.29418249496193, 35.238262460364481 ], [ -83.294181731442919, 35.238255514256593 ], [ -83.294149305400822, 35.237821207605307 ], [ -83.29414849994069, 35.237812809446112 ], [ -83.294115030526825, 35.237527338455081 ], [ -83.294082499190111, 35.237241461378183 ], [ -83.294082194468288, 35.237237014088663 ], [ -83.294083084263022, 35.237232645674659 ], [ -83.294147405648218, 35.236976289290894 ], [ -83.294152443649736, 35.236947340354632 ], [ -83.294180062931275, 35.236668642366283 ], [ -83.29418103783658, 35.236649013751403 ], [ -83.294180081577295, 35.236629384219299 ], [ -83.29417720338688, 35.236609943309283 ], [ -83.294172431056637, 35.236590878739356 ], [ -83.294100020189958, 35.236352096133089 ], [ -83.294025783378174, 35.236106407198541 ], [ -83.294018135185112, 35.236085411122438 ], [ -83.294008192533028, 35.236065399282481 ], [ -83.293996079538573, 35.236046621491496 ], [ -83.293817191177709, 35.235800649431646 ], [ -83.293814860075059, 35.235797302735406 ], [ -83.293659818215929, 35.235564740051089 ], [ -83.293647120814271, 35.23554772534343 ], [ -83.293632691362191, 35.235532152443966 ], [ -83.293303465348103, 35.235212662526614 ], [ -83.293289290287689, 35.235200151885635 ], [ -83.293273997234579, 35.235189035636168 ], [ -83.293257722850754, 35.235179413115368 ], [ -83.293240612567544, 35.235171370312116 ], [ -83.293148415329213, 35.235133243075119 ], [ -83.2931431597152, 35.235130699139312 ], [ -83.293138238097356, 35.235127557361636 ], [ -83.292873554672965, 35.234935856326665 ], [ -83.292868551083586, 35.234931985262229 ], [ -83.292640898714723, 35.234744051493621 ], [ -83.29263083704727, 35.23473626978943 ], [ -83.292076497159584, 35.234335051737922 ], [ -83.292063680556538, 35.234326507617887 ], [ -83.292050244407534, 35.234318975207856 ], [ -83.291799097388179, 35.234190631530481 ], [ -83.291784617768613, 35.234183946115301 ], [ -83.291528490600484, 35.234077863762849 ], [ -83.291524112910722, 35.234075795524063 ], [ -83.291520218327804, 35.234072919067394 ], [ -83.291188426710576, 35.233801941176445 ], [ -83.291173999513191, 35.233791202413158 ], [ -83.291158665935612, 35.233781803133397 ], [ -83.291142549974765, 35.233773819345615 ], [ -83.291125781954406, 35.233767315611729 ], [ -83.291108497471242, 35.233762344525005 ], [ -83.290926379838993, 35.233718728173635 ], [ -83.290903361782867, 35.233714620856091 ], [ -83.290448677413039, 35.23366067479293 ], [ -83.290443067159799, 35.233659680913703 ], [ -83.290437607166837, 35.233658052659102 ], [ -83.290212551693429, 35.233576649823135 ], [ -83.290208092465591, 35.233574787860569 ], [ -83.290203834458751, 35.233572502911031 ], [ -83.289706528214907, 35.233273725758984 ], [ -83.289702160399372, 35.233270776437429 ], [ -83.28969812855307, 35.233267382247597 ], [ -83.289455499170302, 35.233040143882043 ], [ -83.28944063590302, 35.233027525522324 ], [ -83.289424614612713, 35.233016414357962 ], [ -83.289407587557633, 35.233006915983808 ], [ -83.289111980495605, 35.232860428264409 ], [ -83.289096734904859, 35.232853650025056 ], [ -83.289080977397958, 35.23284816609015 ], [ -83.288727160708433, 35.23274135351415 ], [ -83.288724831413489, 35.232740619175928 ], [ -83.28822277561585, 35.23257557302081 ], [ -83.288213133701561, 35.232572670159982 ], [ -83.287717797305689, 35.232437042347961 ], [ -83.287714044530318, 35.232435853826175 ], [ -83.287710397112448, 35.232434373201507 ], [ -83.287376316195676, 35.232283147041862 ], [ -83.287375666498846, 35.23228285434142 ], [ -83.287047438895911, 35.232135684578118 ], [ -83.28702607651384, 35.23212753830407 ], [ -83.286798499070827, 35.2320553593432 ], [ -83.286778699636258, 35.232050178269688 ], [ -83.286758474379525, 35.232047047755053 ], [ -83.286738035089968, 35.232046000580553 ], [ -83.286365961819087, 35.232046000186109 ], [ -83.286362021862175, 35.232045922527938 ], [ -83.286009283895339, 35.232032012277379 ], [ -83.285674432880555, 35.232017824072436 ], [ -83.285655042051289, 35.232017943339834 ], [ -83.285635753913482, 35.232019939893036 ], [ -83.285286953096985, 35.23207324180725 ], [ -83.285281990523259, 35.232073747010183 ], [ -83.285277026873544, 35.232073252487922 ], [ -83.284714866911514, 35.23198858376854 ], [ -83.284711026343544, 35.231987850429057 ], [ -83.284707254976595, 35.231986818664694 ], [ -83.284443445399944, 35.231903408832437 ], [ -83.284439105458063, 35.231901810185903 ], [ -83.284435648463926, 35.231898737734355 ], [ -83.284275984256723, 35.231742897877126 ], [ -83.284268456732676, 35.231734682516546 ], [ -83.284072253896198, 35.231494986466025 ], [ -83.284069220571112, 35.231490864768951 ], [ -83.284067094582795, 35.231486209704819 ], [ -83.283947888453199, 35.231185056741609 ], [ -83.283938979799927, 35.231165648377427 ], [ -83.283928052530044, 35.231147300530793 ], [ -83.283915231227738, 35.231130222389496 ], [ -83.283566746724617, 35.230714288917035 ], [ -83.283564142423998, 35.230710894924584 ], [ -83.283562164312514, 35.230707119438421 ], [ -83.283337536368805, 35.230230026359379 ], [ -83.283329314790024, 35.23021439504064 ], [ -83.283319746243379, 35.230199549994381 ], [ -83.282775624112077, 35.229432051468294 ], [ -83.282764624735066, 35.229417922452001 ], [ -83.282752405756, 35.229404833833044 ], [ -83.282739065114683, 35.229392890521723 ], [ -83.282450208591328, 35.229156707626991 ], [ -83.282434723145514, 35.229145244698209 ], [ -83.282418206581198, 35.229135324976866 ], [ -83.282400812171176, 35.229127040517426 ], [ -83.282382701334598, 35.229120468199213 ], [ -83.281886647052829, 35.228967058393792 ], [ -83.281873208263491, 35.228963409749902 ], [ -83.281671137037222, 35.228916034295899 ], [ -83.281670846221829, 35.228915966343465 ], [ -83.281525336860426, 35.22888208092224 ], [ -83.281170928129399, 35.228798221817925 ], [ -83.281169058861337, 35.228797760459919 ], [ -83.280851083295559, 35.228716024134634 ], [ -83.280638282752506, 35.228661108128243 ], [ -83.280629654980871, 35.228659084384397 ], [ -83.28023300310609, 35.228575270669673 ], [ -83.280220912206119, 35.228573101395469 ], [ -83.279691123078607, 35.228494759216417 ], [ -83.279680827943196, 35.228493508639126 ], [ -83.279623406478891, 35.228488039999817 ], [ -83.279082373574553, 35.228434236992705 ], [ -83.279077621969307, 35.228433649248586 ], [ -83.27793528249245, 35.2282644876299 ], [ -83.277928740597147, 35.228263295320403 ], [ -83.277291978637138, 35.228125214407406 ], [ -83.27729000904273, 35.228124766429104 ], [ -83.276976570074865, 35.228050138426461 ], [ -83.276954840208234, 35.228046217642969 ], [ -83.276932810564958, 35.228044716155701 ], [ -83.276730786680901, 35.228042125586654 ], [ -83.276711229654666, 35.228042832325883 ], [ -83.276080270764083, 35.228096635096129 ], [ -83.276071731284901, 35.228097548330695 ], [ -83.275893797860164, 35.228120450789966 ], [ -83.275874215452845, 35.228123969099862 ], [ -83.275855079509043, 35.228129415643323 ], [ -83.27554031713882, 35.228236193677049 ], [ -83.275529495588941, 35.228239198218901 ], [ -83.275302259639858, 35.228288724354108 ], [ -83.2752997168175, 35.228289244090448 ], [ -83.274864889604473, 35.228372256280288 ], [ -83.274857045292691, 35.228373433423478 ], [ -83.274628487961735, 35.228398506619484 ], [ -83.274623987212379, 35.228398795215099 ], [ -83.274619478794847, 35.228398676038388 ], [ -83.274222306867671, 35.228370166209352 ], [ -83.274217685743281, 35.228369726462788 ], [ -83.274016458591277, 35.228345852549175 ], [ -83.273994908177741, 35.228344469780659 ], [ -83.273973334300067, 35.228345418555946 ], [ -83.2739519884732, 35.228348687813906 ], [ -83.27373305479307, 35.228394434593774 ], [ -83.273716209823732, 35.228398726136362 ], [ -83.273699801128075, 35.228404464170559 ], [ -83.273447343753929, 35.228505262014743 ], [ -83.273442948387114, 35.228506782343402 ], [ -83.273438303758368, 35.228507023325321 ], [ -83.273245870555144, 35.228507980716465 ], [ -83.273238122548761, 35.228507718646021 ], [ -83.272806509865291, 35.228476329329176 ], [ -83.27280206226645, 35.228475802530966 ], [ -83.272798293782841, 35.228473382369081 ], [ -83.272614169997993, 35.228342994075568 ], [ -83.272599030023059, 35.228333264777774 ], [ -83.272583076756447, 35.228324935830607 ], [ -83.272566439371005, 35.22831807467314 ], [ -83.272549252578813, 35.228312736859841 ], [ -83.272531655540519, 35.228308965610729 ], [ -83.2725137907385, 35.228306791461421 ], [ -83.272247369489563, 35.228286478140674 ], [ -83.272228011220264, 35.228285942462172 ], [ -83.272208691891947, 35.228287281526995 ], [ -83.2717938342049, 35.22833630951795 ], [ -83.271782108157964, 35.228337000017817 ], [ -83.271583712321871, 35.228337000314326 ], [ -83.271564074053501, 35.228337966833031 ], [ -83.271544625589797, 35.228340856989156 ], [ -83.271525554898091, 35.228345642849639 ], [ -83.271478332432793, 35.22835999479063 ], [ -83.27146114730192, 35.22836608635339 ], [ -83.271444588337701, 35.228373717641887 ], [ -83.27142879315997, 35.228382825233275 ], [ -83.271303210681154, 35.228463078568872 ], [ -83.271283901685493, 35.228477108088647 ], [ -83.271266401460707, 35.228493337902897 ], [ -83.271154662660976, 35.228610118268264 ], [ -83.27114470533418, 35.228619208640026 ], [ -83.271050756629577, 35.228694003408677 ], [ -83.271046874637562, 35.228696799837252 ], [ -83.271042529450725, 35.228698802141878 ], [ -83.270782141828903, 35.228803921161592 ], [ -83.270771642909509, 35.228807495830878 ], [ -83.270477603922473, 35.228889710863264 ], [ -83.270472961110357, 35.228890772272926 ], [ -83.270468201138911, 35.228890930281381 ], [ -83.270273832510611, 35.228888071114753 ], [ -83.270269028472285, 35.228887767480231 ], [ -83.270264372654609, 35.228886545048837 ], [ -83.270001723197524, 35.228803806221912 ], [ -83.26999051652902, 35.228799520609442 ], [ -83.26976963199931, 35.228699462059836 ], [ -83.269754086638329, 35.228693191324048 ], [ -83.269645361078588, 35.22865454737066 ], [ -83.269625729539129, 35.228648683570405 ], [ -83.269605601095762, 35.228644859009989 ], [ -83.269585186987186, 35.228643113826401 ], [ -83.269564701450008, 35.228643466334525 ], [ -83.269544359470501, 35.228645912834956 ], [ -83.269428837200351, 35.228665854532892 ], [ -83.269270934750637, 35.228691717453756 ], [ -83.269243497823666, 35.228698225705386 ], [ -83.269192484726801, 35.228714199358471 ], [ -83.269175683684196, 35.228720297125712 ], [ -83.269159494126214, 35.228727870500833 ], [ -83.269144045349904, 35.228736858999511 ], [ -83.269129460736039, 35.228747190835584 ], [ -83.268988568032754, 35.228856774244662 ], [ -83.268985440217435, 35.228859257509868 ], [ -83.268929737649387, 35.228904395426476 ], [ -83.268928249822039, 35.22890561296272 ], [ -83.268815177752799, 35.228999054398606 ], [ -83.268800891357756, 35.22901207203131 ], [ -83.268787928207857, 35.229026407881086 ], [ -83.268776409365884, 35.229041928065492 ], [ -83.268766442406275, 35.229058487641588 ], [ -83.268673235008833, 35.22923178427812 ], [ -83.268664946734361, 35.22924914816749 ], [ -83.268658365337288, 35.229267228138745 ], [ -83.268653551728477, 35.229285856861679 ], [ -83.268650550457892, 35.229304861927396 ], [ -83.268649389302311, 35.22932406744394 ], [ -83.268648049023852, 35.229433330239502 ], [ -83.268647777833564, 35.229437924567016 ], [ -83.268645106445319, 35.229441672242828 ], [ -83.268585347320808, 35.229517729847771 ], [ -83.268578192867196, 35.229525882696038 ], [ -83.268448366840246, 35.229658551650878 ], [ -83.26844486684314, 35.229661799066101 ], [ -83.268440401810693, 35.229663489973618 ], [ -83.268111084368002, 35.229770347840137 ], [ -83.2681059467822, 35.229771715793539 ], [ -83.268100635838792, 35.229771960668849 ], [ -83.267844507218413, 35.229770049208092 ], [ -83.267831537110055, 35.229769105924007 ], [ -83.267637986025377, 35.229742276963158 ], [ -83.267633991514728, 35.229741764201883 ], [ -83.267410683558126, 35.229715381471614 ], [ -83.267387217621746, 35.229714000090816 ], [ -83.267162586356832, 35.229714000235901 ], [ -83.267161395838158, 35.22971399314968 ], [ -83.266843645679089, 35.229710210178084 ], [ -83.266826050760585, 35.229710775508735 ], [ -83.266808573712751, 35.229712885853459 ], [ -83.26666351912047, 35.229736919006243 ], [ -83.266650548897871, 35.229739511287065 ], [ -83.26629178108459, 35.229823642189494 ], [ -83.266285952083223, 35.229824648108249 ], [ -83.266280044914396, 35.229824955495104 ], [ -83.26615256977648, 35.229824004500834 ], [ -83.266151411759111, 35.229823989155314 ], [ -83.266066069476963, 35.229822363918935 ], [ -83.266047059864661, 35.229822906217336 ], [ -83.266028187697003, 35.229825251581985 ], [ -83.265622806569297, 35.229895340472808 ], [ -83.265618977633693, 35.229895850771911 ], [ -83.265615120699067, 35.229896063401505 ], [ -83.265069902137569, 35.229904985779463 ], [ -83.265068080346822, 35.229904998994606 ], [ -83.264539016261409, 35.229904017206785 ], [ -83.264521001979162, 35.22990479658344 ], [ -83.264264290238131, 35.229927531224732 ], [ -83.264253723771617, 35.229928750953171 ], [ -83.263936364902207, 35.229973965824009 ], [ -83.263917175627128, 35.229977664172097 ], [ -83.263898438900057, 35.229983217649881 ], [ -83.263880333612732, 35.229990573234694 ], [ -83.263863032628151, 35.229999660697978 ], [ -83.263846701130049, 35.230010393275805 ], [ -83.263608575667561, 35.230184114355588 ], [ -83.26360329051171, 35.230187716800764 ], [ -83.26331985428827, 35.23036790900067 ], [ -83.263309804908204, 35.230373512751079 ], [ -83.263187049559988, 35.230432971709057 ], [ -83.262979060807808, 35.230533548277876 ], [ -83.262968677466887, 35.230537866413776 ], [ -83.262621312197098, 35.230659887739336 ], [ -83.262271051127328, 35.230781589677619 ], [ -83.262262825612183, 35.230784057136212 ], [ -83.261729225626709, 35.230919433832128 ], [ -83.261724733603771, 35.23092046390282 ], [ -83.261191725530821, 35.231029823442668 ], [ -83.261180159344221, 35.231031498785576 ], [ -83.260545347799152, 35.231085799065404 ], [ -83.260540627319244, 35.23108609058044 ], [ -83.260174991511448, 35.231100000285593 ], [ -83.259807001159402, 35.231114000241128 ], [ -83.259459699145481, 35.231127248879567 ], [ -83.259440122822312, 35.23112896178209 ], [ -83.259420809094664, 35.231132587576937 ], [ -83.259348414742703, 35.231149899004627 ], [ -83.25934756819467, 35.231150103386419 ], [ -83.258915009179134, 35.231255533134053 ], [ -83.25890283810952, 35.231257712101339 ], [ -83.2584771924938, 35.231306977428737 ], [ -83.258050626840372, 35.231355473233947 ], [ -83.258041386099208, 35.231356742712521 ], [ -83.257587167062098, 35.231429972006616 ], [ -83.257132148493284, 35.231502496767298 ], [ -83.257125808322499, 35.2315033004623 ], [ -83.256508762901902, 35.231561549730117 ], [ -83.256504013415537, 35.231561769300676 ], [ -83.25649939665692, 35.231560632915262 ], [ -83.256422936619074, 35.231537877062472 ], [ -83.256417020975618, 35.231536214948356 ], [ -83.256178514249527, 35.231473138484994 ], [ -83.256177469935864, 35.231472856249084 ], [ -83.255864374557461, 35.231386419283474 ], [ -83.255839271664044, 35.231381194197361 ], [ -83.255514114723752, 35.231335017486472 ], [ -83.255513867491686, 35.231334982533582 ], [ -83.254852608262837, 35.231241916775282 ], [ -83.254825239420555, 35.231239965579825 ], [ -83.254046243291867, 35.231238000566826 ], [ -83.25404573851047, 35.231237999930535 ], [ -83.253601782141601, 35.231238000561447 ], [ -83.253582246602036, 35.231238956969264 ], [ -83.253056861127448, 35.231290522749099 ], [ -83.253047099058676, 35.231291000666822 ], [ -83.252479746210739, 35.231291000651829 ], [ -83.252470241742159, 35.231291226616534 ], [ -83.251376499036326, 35.231343262595026 ], [ -83.251361066732031, 35.231344597325688 ], [ -83.251345784009388, 35.231347122382232 ], [ -83.250420539892588, 35.231537066947695 ], [ -83.250411491156413, 35.231539144558724 ], [ -83.249879819569642, 35.231674281633445 ], [ -83.249874124772532, 35.231675553411428 ], [ -83.249430897079193, 35.231761039308871 ], [ -83.249410702906886, 35.231766036054914 ], [ -83.249391137015522, 35.231773103442073 ], [ -83.24937241109437, 35.231782165006138 ], [ -83.249090431012817, 35.23193720887113 ], [ -83.249087565651749, 35.231938815145497 ], [ -83.248785580367155, 35.232111377621031 ], [ -83.248780905084715, 35.232113730760595 ], [ -83.248775729162531, 35.232114508810291 ], [ -83.248517467681481, 35.23213947093366 ], [ -83.248511995223026, 35.232139697337026 ], [ -83.248506530990923, 35.232139321534937 ], [ -83.248153033405288, 35.232095378773153 ], [ -83.248146977600172, 35.232094436693593 ], [ -83.247660468834425, 35.232003399298662 ], [ -83.24764542783106, 35.232001172773046 ], [ -83.247271762259388, 35.231960303199124 ], [ -83.24726624052613, 35.231959542966798 ], [ -83.246912503451313, 35.231900750635475 ], [ -83.246908044404137, 35.231899798219594 ], [ -83.246903851280237, 35.231898056245093 ], [ -83.246397717140638, 35.231660341282023 ], [ -83.246396262661392, 35.231659665265077 ], [ -83.245932454358453, 35.231446352463941 ], [ -83.245913127469692, 35.231438654629137 ], [ -83.245756437726911, 35.231385508322489 ], [ -83.245752081307558, 35.231383798801559 ], [ -83.245747904346828, 35.231381688386854 ], [ -83.245698814593979, 35.23135392040269 ], [ -83.245680402122503, 35.231344722019237 ], [ -83.245661141788304, 35.231337464685694 ], [ -83.245641237572443, 35.231332225262548 ], [ -83.245620900275185, 35.23132905923913 ], [ -83.245600345283449, 35.231328000145965 ], [ -83.245483447266295, 35.231328000033592 ], [ -83.245462038200827, 35.231329149184596 ], [ -83.245440875160043, 35.231332583473041 ], [ -83.245420201343592, 35.231338263433059 ], [ -83.245350959587768, 35.231361344090203 ], [ -83.245332842532676, 35.231368378481854 ], [ -83.245315493766739, 35.231377138086387 ], [ -83.245299077110175, 35.231387540188976 ], [ -83.24528374758151, 35.231399486565074 ], [ -83.245269649933775, 35.231412864407936 ], [ -83.245256917287676, 35.231427547393807 ], [ -83.245245669874507, 35.231443396874809 ], [ -83.245236013900865, 35.231460263188104 ], [ -83.245228040545797, 35.231477987069169 ], [ -83.245221825099776, 35.231496401155674 ], [ -83.245217426253745, 35.231515331567842 ], [ -83.245214885544954, 35.231534599550344 ], [ -83.245214226964706, 35.231554023160285 ], [ -83.24521497205933, 35.231604661847946 ], [ -83.24521497561841, 35.231607338263771 ], [ -83.245213222002548, 35.231752819691607 ], [ -83.245213905363855, 35.231771923665065 ], [ -83.245216409493352, 35.231790875132546 ], [ -83.245283532297279, 35.232161465444584 ], [ -83.24528431949912, 35.232166556217855 ], [ -83.245350313553885, 35.232680719262071 ], [ -83.245350707770683, 35.232686006721636 ], [ -83.24535053786046, 35.232691306133354 ], [ -83.245318405841957, 35.233067146987402 ], [ -83.24531775737286, 35.233071957619593 ], [ -83.245316644113387, 35.233076682378559 ], [ -83.245233991200664, 35.233364000746974 ], [ -83.245152326967514, 35.233647880158316 ], [ -83.245148348151631, 35.233664289265697 ], [ -83.2450850662199, 35.233983578107505 ], [ -83.245083700059027, 35.23398890793667 ], [ -83.245081754373572, 35.233994054565009 ], [ -83.244950691834575, 35.234290158287713 ], [ -83.244948836346566, 35.234293915509454 ], [ -83.244946386270172, 35.234297296783794 ], [ -83.244512436068646, 35.23484643778427 ], [ -83.244511538306, 35.234847557249196 ], [ -83.244243694458575, 35.235176678553877 ], [ -83.24424085912483, 35.235179872877367 ], [ -83.244237532193807, 35.235182526339827 ], [ -83.243945052264195, 35.235396114287333 ], [ -83.243929557296241, 35.235408660229254 ], [ -83.243547203017997, 35.2357511653858 ], [ -83.243534564234665, 35.235763536786067 ], [ -83.243523067793149, 35.235776976362743 ], [ -83.243312335730437, 35.236046603140018 ], [ -83.243298816032038, 35.236066202887763 ], [ -83.243100344598147, 35.236394113139561 ], [ -83.243095817802171, 35.236401990769764 ], [ -83.242946123390539, 35.236676756991514 ], [ -83.242945858729954, 35.236677244387174 ], [ -83.24279987827083, 35.236946971336998 ], [ -83.242791055266352, 35.236965482122251 ], [ -83.242664092274509, 35.237271305539032 ], [ -83.242658592675653, 35.237286195583025 ], [ -83.242654291231304, 35.237301474868808 ], [ -83.242602573996891, 35.237517744294287 ], [ -83.242599195434011, 35.237535313306957 ], [ -83.242597400444808, 35.237553113950405 ], [ -83.242597203393032, 35.237571003781703 ], [ -83.24259860585552, 35.237588839644232 ], [ -83.242601596609575, 35.237606478813248 ], [ -83.242728219284871, 35.238192794290335 ], [ -83.242732445325188, 35.238209029515836 ], [ -83.242862695029928, 35.238635214715394 ], [ -83.242870479578656, 35.238656347784769 ], [ -83.243067059163735, 35.239109545123874 ], [ -83.243068635842562, 35.23911372488363 ], [ -83.243064194523242, 35.239113244268381 ], [ -83.242866015973448, 35.239082004091365 ], [ -83.242565020877109, 35.239034634509743 ], [ -83.242556938118227, 35.239033530892996 ], [ -83.242207236652192, 35.238993029028506 ], [ -83.242206745509108, 35.238992972760151 ], [ -83.241859709751381, 35.238953648689019 ], [ -83.24184824423898, 35.238952682580397 ], [ -83.241326905900053, 35.238923826160381 ], [ -83.241312002420045, 35.238923557557854 ], [ -83.241297120326905, 35.238924399678766 ], [ -83.240738803815873, 35.238976923500459 ], [ -83.240737177106695, 35.238977063146208 ], [ -83.240304246706401, 35.239010670355405 ], [ -83.240295754162602, 35.239011512236416 ], [ -83.239860991734673, 35.239064000002685 ], [ -83.239430043280692, 35.239116028354779 ], [ -83.23941404503806, 35.239118621256225 ], [ -83.239069311172841, 35.239188935055708 ], [ -83.238718212772099, 35.239259354035525 ], [ -83.238711734493378, 35.239260433319814 ], [ -83.238314835020546, 35.239313223442508 ], [ -83.238303203599969, 35.239315120776908 ], [ -83.238280538436783, 35.239319507112654 ], [ -83.238275456687475, 35.239320559148254 ], [ -83.237804774602964, 35.239424386772164 ], [ -83.237799227046352, 35.239425693666782 ], [ -83.237431145082837, 35.239517961405888 ], [ -83.237430836635042, 35.23951803898575 ], [ -83.236695092354438, 35.2397037133222 ], [ -83.23668995245815, 35.239704726403495 ], [ -83.236684734603486, 35.239705194225884 ], [ -83.235930127914187, 35.239732995081489 ], [ -83.235929855141748, 35.239733005317241 ], [ -83.235176201088194, 35.239761801128637 ], [ -83.235171037807959, 35.239761729171519 ], [ -83.235166147133555, 35.239760072082589 ], [ -83.234798898051466, 35.239613894156882 ], [ -83.23478135178776, 35.239607837254738 ], [ -83.234763319551945, 35.239603433176455 ], [ -83.234744956672557, 35.239600719858494 ], [ -83.234726421326258, 35.239599720673198 ], [ -83.234506813908652, 35.239598088394182 ], [ -83.23448324160502, 35.239599306067042 ], [ -83.234252428914445, 35.239624951330022 ], [ -83.234234369673516, 35.239627798616134 ], [ -83.234216645887813, 35.23963228310506 ], [ -83.234199405658686, 35.239638367324055 ], [ -83.233962620158337, 35.239734313904862 ], [ -83.233949571043695, 35.239740152746663 ], [ -83.233627307250131, 35.239898407402308 ], [ -83.233612990885177, 35.239906176729768 ], [ -83.233385509341673, 35.24004190137417 ], [ -83.233381917667572, 35.240043849491919 ], [ -83.233378068933376, 35.240045180189512 ], [ -83.233017889332913, 35.2401535267336 ], [ -83.233012954741881, 35.240154739870249 ], [ -83.233007876603082, 35.240154925332412 ], [ -83.232812575596071, 35.240152067118615 ], [ -83.232808032950075, 35.240151792069327 ], [ -83.232803735746643, 35.240150293627096 ], [ -83.23240461877387, 35.239990252279128 ], [ -83.231817685561907, 35.239750278945536 ], [ -83.231794596931991, 35.239742444513034 ], [ -83.231770726564136, 35.239737477753302 ], [ -83.231427168334434, 35.239687606796217 ], [ -83.231418793342783, 35.239686570980773 ], [ -83.231137288153207, 35.239657769943186 ], [ -83.23111997947386, 35.239656754554041 ], [ -83.231102647892925, 35.239657242097401 ], [ -83.230719718915239, 35.239684661577115 ], [ -83.230714996006355, 35.239684775369014 ], [ -83.230710283528552, 35.239684441648265 ], [ -83.230484287238582, 35.239657628525286 ], [ -83.230479069584248, 35.239656725292875 ], [ -83.230474161336019, 35.239654738122347 ], [ -83.230245889581354, 35.239547826092817 ], [ -83.23024208435173, 35.239545839974362 ], [ -83.230238463950059, 35.239543534084206 ], [ -83.230033639060522, 35.239400329741144 ], [ -83.23001470666533, 35.23938860573309 ], [ -83.229994588266123, 35.239379059112458 ], [ -83.229973533274674, 35.239371808230601 ], [ -83.229667253902136, 35.239285075167132 ], [ -83.229329716667166, 35.239188493797073 ], [ -83.229326284231021, 35.239187444641487 ], [ -83.228826083102987, 35.239024681191893 ], [ -83.228821885489367, 35.23902336617477 ], [ -83.228502263488423, 35.238927082654691 ], [ -83.228501717851699, 35.238926919133227 ], [ -83.228188392082643, 35.238833504821748 ], [ -83.228171403188981, 35.238829240174987 ], [ -83.22777503917483, 35.23874800987489 ], [ -83.227379823956014, 35.238666814481043 ], [ -83.227362031265756, 35.23866398742134 ], [ -83.227017022807829, 35.238625003562106 ], [ -83.226672498612814, 35.238586184651098 ], [ -83.226651417343533, 35.238584931373055 ], [ -83.226358455671061, 35.238583009761506 ], [ -83.226355526484298, 35.238583011999019 ], [ -83.225998656045718, 35.238585898038842 ], [ -83.2259734397975, 35.238587699780524 ], [ -83.225565222118718, 35.238642969267161 ], [ -83.225147713911994, 35.238698505183805 ], [ -83.225140242124652, 35.238699214811128 ], [ -83.224676834376382, 35.238725723002567 ], [ -83.224672011916283, 35.238725764658291 ], [ -83.224667271900415, 35.238724875779226 ], [ -83.224336766942528, 35.238646137571088 ], [ -83.224332141662032, 35.23864479273869 ], [ -83.224329418959627, 35.23864081924075 ], [ -83.224212922614058, 35.238451512850055 ], [ -83.224211034114077, 35.238448504230576 ], [ -83.223859787553579, 35.237899806565004 ], [ -83.223856385443469, 35.237894080443915 ], [ -83.223524002284691, 35.237289657600748 ], [ -83.223522150155006, 35.237285929120688 ], [ -83.223520948676253, 35.237281958236188 ], [ -83.223351034474362, 35.236623045542281 ], [ -83.223350163379621, 35.236618970604567 ], [ -83.223349983996314, 35.236614822011184 ], [ -83.223349010649642, 35.236052975847052 ], [ -83.223347771666909, 35.236031092228622 ], [ -83.223281493789187, 35.235438497556366 ], [ -83.223281195638634, 35.235433995784788 ], [ -83.223281305541192, 35.235429485489519 ], [ -83.223313638019761, 35.234965754541101 ], [ -83.223313945008599, 35.234943422650765 ], [ -83.223311760171413, 35.234921195773921 ], [ -83.223307110753552, 35.234899351083911 ], [ -83.223185001754686, 35.234450420004457 ], [ -83.22317914110225, 35.234432320843347 ], [ -83.223171587285989, 35.2344148604098 ], [ -83.22297954094158, 35.234023201096981 ], [ -83.222974144011616, 35.234012956012428 ], [ -83.22280805257779, 35.233718652179434 ], [ -83.222806151471488, 35.233714926845288 ], [ -83.222804569072991, 35.233711055367763 ], [ -83.222612028493657, 35.233177104796276 ], [ -83.222437189639791, 35.232690551555692 ], [ -83.222436799907896, 35.232689446687438 ], [ -83.222419399532853, 35.232639180853816 ], [ -83.222418567758965, 35.232636825720299 ], [ -83.222285039351505, 35.232266133425007 ], [ -83.222129399603844, 35.231832138004094 ], [ -83.222128569773901, 35.231829867339279 ], [ -83.22190301030669, 35.231224051015197 ], [ -83.221791044150919, 35.230923822396818 ], [ -83.221789111118554, 35.230918120288756 ], [ -83.221621695142275, 35.230370572413477 ], [ -83.221620325652637, 35.230364938957507 ], [ -83.22161962032358, 35.23035918449493 ], [ -83.221583549750392, 35.229793755281435 ], [ -83.221581668418068, 35.229776328635609 ], [ -83.221493041781002, 35.229195328201179 ], [ -83.221492940710476, 35.229194672911866 ], [ -83.221457043797727, 35.228964469303023 ], [ -83.221452719792083, 35.228943905036047 ], [ -83.221446261955492, 35.228923907975066 ], [ -83.221437741580246, 35.22890469888069 ], [ -83.221427252728304, 35.228886489814649 ], [ -83.221414911192966, 35.228869481798696 ], [ -83.221400853220487, 35.228853862595422 ], [ -83.220868591932614, 35.22832160173224 ], [ -83.220852750215144, 35.228307364002866 ], [ -83.220835484196186, 35.228294891732055 ], [ -83.220816989703891, 35.228284326378088 ], [ -83.220797476499513, 35.228275787771352 ], [ -83.220332177673313, 35.228101070587115 ], [ -83.220246423347049, 35.228068674761118 ], [ -83.220242099788848, 35.228066802898681 ], [ -83.220238205889018, 35.228064149885526 ], [ -83.219755199283995, 35.227700415973672 ], [ -83.219752098128382, 35.227697879258763 ], [ -83.219749210482931, 35.227695101923302 ], [ -83.219538997938571, 35.227476007019973 ], [ -83.219328355162332, 35.227256505716255 ], [ -83.219325199377437, 35.227252880112459 ], [ -83.219323652737629, 35.227248329081029 ], [ -83.219120290827661, 35.226538497943956 ], [ -83.219114131904462, 35.226520338139117 ], [ -83.219106262149097, 35.226502851635836 ], [ -83.218947138183538, 35.226190253718329 ], [ -83.218944959055293, 35.226185690995443 ], [ -83.218864333187014, 35.226005279994553 ], [ -83.218855957075888, 35.225988659780342 ], [ -83.218846072265578, 35.225972890148675 ], [ -83.218834764356245, 35.225958107660922 ], [ -83.218822131271764, 35.225944440330004 ], [ -83.218808282411743, 35.225932006511847 ], [ -83.218282423824178, 35.225502341606514 ], [ -83.218270678569468, 35.225493445720637 ], [ -83.218258310275957, 35.225485438654424 ], [ -83.218005080631286, 35.22533443843114 ], [ -83.218001125598732, 35.225331817190991 ], [ -83.21799743764565, 35.225328831862669 ], [ -83.217664902533215, 35.225032378442435 ], [ -83.217655696649203, 35.225023015263062 ], [ -83.21749498110313, 35.224836470572995 ], [ -83.217492174378535, 35.224832893899027 ], [ -83.217490443371318, 35.224828689863422 ], [ -83.217233023281437, 35.224111933093631 ], [ -83.217225487327354, 35.224093801653531 ], [ -83.217216209767713, 35.22407649654992 ], [ -83.217205280024174, 35.224060184577922 ], [ -83.217017623738343, 35.223807850347939 ], [ -83.217016377489898, 35.223806136953428 ], [ -83.216647924710969, 35.223288123991416 ], [ -83.216645228527653, 35.22328389587782 ], [ -83.216643919429259, 35.223279055153689 ], [ -83.216578914860278, 35.222979260875874 ], [ -83.216578182518447, 35.222974992979594 ], [ -83.216578578548337, 35.222970680854665 ], [ -83.216611295244334, 35.222730117682566 ], [ -83.216612242704471, 35.222725104837451 ], [ -83.216615122679684, 35.222720893894618 ], [ -83.216775486040973, 35.222510596642579 ], [ -83.216779232057988, 35.222506232059686 ], [ -83.21678345642384, 35.222502328604371 ], [ -83.217045330946121, 35.222287009558237 ], [ -83.217049116537325, 35.222284186480991 ], [ -83.217053152230292, 35.222281734207172 ], [ -83.217147476150259, 35.222230370185684 ], [ -83.217152466637842, 35.222227559231357 ], [ -83.21738315104902, 35.222093236311188 ], [ -83.217391015392565, 35.222089113477004 ], [ -83.217689648974485, 35.221949098590571 ], [ -83.217694387042272, 35.22194702488224 ], [ -83.217997968364998, 35.221823410891488 ], [ -83.218016101021604, 35.221814946630204 ], [ -83.218033297088013, 35.221804712752395 ], [ -83.218049384415693, 35.221792811708632 ], [ -83.218288521744498, 35.221596656255429 ], [ -83.218302098443147, 35.221584441339367 ], [ -83.21831450430723, 35.221571038897181 ], [ -83.218325635893294, 35.221556560682082 ], [ -83.218335400383097, 35.221541127417389 ], [ -83.21834371635768, 35.221524867789867 ], [ -83.218350514476185, 35.221507917376734 ], [ -83.218460411305315, 35.221192988780309 ], [ -83.218465297550125, 35.221176822038267 ], [ -83.218468802388529, 35.221160300687096 ], [ -83.218496258580956, 35.220997230358265 ], [ -83.21849831760295, 35.220980943079226 ], [ -83.218499033880519, 35.220964541799511 ], [ -83.218499931810427, 35.220617919365935 ], [ -83.218498690424909, 35.220595146379459 ], [ -83.218494864441013, 35.22057266278992 ], [ -83.218430139065163, 35.220290645034538 ], [ -83.218429851699184, 35.220289353827653 ], [ -83.21836104068079, 35.219970229511027 ], [ -83.218294086267974, 35.219656136446879 ], [ -83.218293265879709, 35.219650971333245 ], [ -83.218292991398656, 35.219645748511589 ], [ -83.218292991255751, 35.21930200018646 ], [ -83.218292991260057, 35.219129198864906 ], [ -83.218292721180234, 35.219118808528648 ], [ -83.218275005888231, 35.218778273298078 ], [ -83.218258217816626, 35.218437608278457 ], [ -83.218258203521358, 35.218433009444105 ], [ -83.218258612991534, 35.218428428635612 ], [ -83.218306954439925, 35.218073270437472 ], [ -83.218356301643794, 35.217717968363878 ], [ -83.218357431829688, 35.217708003062803 ], [ -83.218390250681637, 35.217335403369745 ], [ -83.218391020759512, 35.217318564621202 ], [ -83.218391872783982, 35.217078375564391 ], [ -83.218390736858836, 35.217056368684922 ], [ -83.218387186773555, 35.217034620352472 ], [ -83.218381265625553, 35.217013394588029 ], [ -83.218223022800458, 35.216547093814242 ], [ -83.218017140060908, 35.215938439342615 ], [ -83.218016840886719, 35.215937561598537 ], [ -83.217848774607134, 35.215448191847749 ], [ -83.217845787901155, 35.215437643868633 ], [ -83.217750690421923, 35.215014464034304 ], [ -83.217746312981561, 35.214998214029499 ], [ -83.2177405848701, 35.214982389574395 ], [ -83.21752869064909, 35.214466007438403 ], [ -83.217520040941992, 35.21444764213814 ], [ -83.217509574089647, 35.214430248268862 ], [ -83.217497397927247, 35.214414005031628 ], [ -83.217483637900202, 35.214399079773088 ], [ -83.217468435771792, 35.21438562626134 ], [ -83.21694294464838, 35.213966147362868 ], [ -83.216924280951687, 35.213952922594594 ], [ -83.216383629018353, 35.213614528617271 ], [ -83.216372871571636, 35.213606755362576 ], [ -83.21614779035184, 35.213420149501637 ], [ -83.216144191940401, 35.213416853624025 ], [ -83.216142137427525, 35.213412427525107 ], [ -83.216042891233457, 35.213167685953195 ], [ -83.216041249732612, 35.213162966108662 ], [ -83.216041597700126, 35.213157981093488 ], [ -83.216087378301978, 35.212779069835697 ], [ -83.216088240799309, 35.212774084023458 ], [ -83.216090566712424, 35.212769590433133 ], [ -83.216303302118362, 35.212405416487691 ], [ -83.216312605208884, 35.212387464625699 ], [ -83.216320048215508, 35.212368665197666 ], [ -83.216325555067584, 35.212349210341657 ], [ -83.216329069482768, 35.212329298894495 ], [ -83.216391845150824, 35.21182618734742 ], [ -83.216393284136103, 35.211807746415452 ], [ -83.216413986302186, 35.211153151015083 ], [ -83.216424563738087, 35.210833908772109 ], [ -83.216423755213881, 35.210808143139026 ], [ -83.216390991733235, 35.210467406478017 ], [ -83.216387911003793, 35.210446754866751 ], [ -83.216323092855944, 35.21012750238922 ], [ -83.21632289406169, 35.210126496855253 ], [ -83.216222891008343, 35.20960667686861 ], [ -83.216221540410089, 35.209597259520777 ], [ -83.216185474297845, 35.209218081171954 ], [ -83.216185027884507, 35.20920789687414 ], [ -83.216186956947908, 35.208940728894319 ], [ -83.216187213117522, 35.208936033337402 ], [ -83.2161883474853, 35.208931469666943 ], [ -83.216285716665581, 35.208606258384087 ], [ -83.216287167805405, 35.208602094584244 ], [ -83.216289973236741, 35.20859870395374 ], [ -83.21648255676773, 35.208385796501879 ], [ -83.21648616645021, 35.208382194770778 ], [ -83.216490125284622, 35.208378980753395 ], [ -83.216786312066446, 35.208162687018962 ], [ -83.216790098224436, 35.208160178238991 ], [ -83.216794096929476, 35.208158024329002 ], [ -83.217109653005622, 35.20800616280362 ], [ -83.217423289540534, 35.207856671010809 ], [ -83.217438352145265, 35.207848686674289 ], [ -83.217901452328206, 35.207577316536884 ], [ -83.217902534169752, 35.207576691638806 ], [ -83.218240687058753, 35.207384173380973 ], [ -83.218241294345518, 35.207383826230945 ], [ -83.218564699846524, 35.207198203255061 ], [ -83.218578606415406, 35.207189442705548 ], [ -83.218591746694301, 35.207179569866227 ], [ -83.218781530293583, 35.207024377543526 ], [ -83.218782449831764, 35.207023621027837 ], [ -83.219024785435892, 35.206823035807282 ], [ -83.219040075584985, 35.206808980024007 ], [ -83.219053825632898, 35.206793414360348 ], [ -83.219065887301269, 35.206776506673975 ], [ -83.219217977332036, 35.206538022658044 ], [ -83.219275969319582, 35.206447034846967 ], [ -83.219355603608733, 35.206322202536377 ], [ -83.219365013653444, 35.20630578747928 ], [ -83.219372830382326, 35.206288556640914 ], [ -83.219378983835043, 35.206270664238595 ], [ -83.219383418937738, 35.206252270410687 ], [ -83.219386095995915, 35.206233539783348 ], [ -83.21938699104966, 35.206214639997107 ], [ -83.219386991686179, 35.205954000656277 ], [ -83.21938699137101, 35.205638151601079 ], [ -83.219387189796919, 35.20563185579195 ], [ -83.219419819341795, 35.205114730583936 ], [ -83.21942031298488, 35.205109283111923 ], [ -83.219449687736443, 35.204860926202407 ], [ -83.219451011622837, 35.204842355069594 ], [ -83.219450602835565, 35.204823741296671 ], [ -83.219448464917207, 35.204805246190446 ], [ -83.219385112562264, 35.204416744011951 ], [ -83.219384881219696, 35.204415254759581 ], [ -83.219331997056159, 35.204057040334213 ], [ -83.21928101419654, 35.203710740174188 ], [ -83.219275088845947, 35.203683671467573 ], [ -83.219216032287861, 35.203481970039135 ], [ -83.219212980748594, 35.203467808806309 ], [ -83.219180005676279, 35.203233218076093 ], [ -83.219179035291717, 35.203218711530035 ], [ -83.219179977339536, 35.203063326070065 ], [ -83.219180113691053, 35.203058677247427 ], [ -83.219195972674271, 35.202757346319601 ], [ -83.219212644277803, 35.20246019412059 ], [ -83.219212954743384, 35.20244779654039 ], [ -83.219211024559598, 35.202124564230346 ], [ -83.219211298564034, 35.202119050346091 ], [ -83.219212782537056, 35.202113732844659 ], [ -83.219379796254458, 35.201622572200627 ], [ -83.21938019208433, 35.201621430795804 ], [ -83.219467551928389, 35.201374353644511 ], [ -83.219473879840479, 35.201352610864973 ], [ -83.219477709325517, 35.201330292128944 ], [ -83.219478991290401, 35.201307683557573 ], [ -83.219478991225529, 35.201189941886668 ], [ -83.219478067423537, 35.201170741283775 ], [ -83.219475304572754, 35.201151718055421 ], [ -83.219470728196143, 35.201133047936551 ], [ -83.219464380569875, 35.201114903400118 ], [ -83.219432383871705, 35.201035852789474 ], [ -83.21942465338654, 35.201019036447583 ], [ -83.219415401476411, 35.201003006727866 ], [ -83.219404707372306, 35.200987900904728 ], [ -83.219392662655778, 35.200973848340574 ], [ -83.219379370474712, 35.200960969377967 ], [ -83.219364944659944, 35.20094937430904 ], [ -83.219117227804688, 35.200768475567983 ], [ -83.219095893314091, 35.200754877204034 ], [ -83.218917362926888, 35.200656377449448 ], [ -83.218903750116581, 35.200649529900019 ], [ -83.218889655479941, 35.200643738634554 ], [ -83.218231100060848, 35.200402040436991 ], [ -83.218230882269111, 35.20040196064793 ], [ -83.217927067011757, 35.200290856228335 ], [ -83.217922120384358, 35.200288737805785 ], [ -83.217917431108503, 35.20028609819812 ], [ -83.217760859607253, 35.200186461449135 ], [ -83.21775714019499, 35.200183847619613 ], [ -83.21775461206623, 35.20018008085075 ], [ -83.217657344707476, 35.2000198769923 ], [ -83.217655194072549, 35.20001594320177 ], [ -83.217654984101188, 35.200011464826062 ], [ -83.217653997170089, 35.199355782635372 ], [ -83.217654134194731, 35.199352010916293 ], [ -83.217654555838863, 35.199348260335192 ], [ -83.21772020201314, 35.198913228348118 ], [ -83.217721261551063, 35.19890807113547 ], [ -83.217722859364841, 35.198903054517665 ], [ -83.217855346175682, 35.19855235448852 ], [ -83.217857177684749, 35.19854811434265 ], [ -83.217860106816133, 35.198544543145339 ], [ -83.218155098368598, 35.198217210936335 ], [ -83.218158107580564, 35.198214148832214 ], [ -83.218161801232583, 35.198211960505354 ], [ -83.218495882621184, 35.198033058997538 ], [ -83.218496100422172, 35.19803294219129 ], [ -83.218808112697999, 35.197865362298131 ], [ -83.218824151816193, 35.197855755881186 ], [ -83.218839223834678, 35.197844693746781 ], [ -83.218853197047935, 35.197832272560426 ], [ -83.219129635494554, 35.197562377839617 ], [ -83.219142421714807, 35.19754866617987 ], [ -83.219153867820282, 35.197533817485962 ], [ -83.219163873229192, 35.197517962239708 ], [ -83.219172350019733, 35.197501239767902 ], [ -83.219179223702753, 35.19748379701803 ], [ -83.219184433876251, 35.197465787266964 ], [ -83.219233800105343, 35.197259345526973 ], [ -83.219238330169645, 35.197232343414171 ], [ -83.21924195491917, 35.197195367144573 ], [ -83.219267201493508, 35.196947240104436 ], [ -83.219268220902322, 35.19692877240157 ], [ -83.219267529902467, 35.196910289496962 ], [ -83.219265134403656, 35.196891949463456 ], [ -83.219261054893082, 35.196873909152011 ], [ -83.219204140135446, 35.196667174810848 ], [ -83.219202207061258, 35.196658742853167 ], [ -83.219151991673144, 35.196386000711115 ], [ -83.219111116002921, 35.196163990008564 ], [ -83.219107018234396, 35.196146290573488 ], [ -83.219101331250172, 35.1961290360112 ], [ -83.21909410197668, 35.196112368698472 ], [ -83.219085390066539, 35.196096426166335 ], [ -83.219075267406467, 35.196081339965282 ], [ -83.219063817524031, 35.196067234579743 ], [ -83.218955437060018, 35.19594546602255 ], [ -83.218942748683716, 35.195932452458251 ], [ -83.218928931285333, 35.195920644526559 ], [ -83.218914098978516, 35.195910139745578 ], [ -83.218898374258757, 35.195901024871063 ], [ -83.218665394846738, 35.195779771914722 ], [ -83.218658733415168, 35.19577597343293 ], [ -83.218530693948466, 35.195696304359053 ], [ -83.218527105012953, 35.195693847940134 ], [ -83.218524009675107, 35.19569081646722 ], [ -83.218427242308451, 35.195587472850598 ], [ -83.218424198667833, 35.195583895663439 ], [ -83.21842313076084, 35.195579321869694 ], [ -83.218358857605153, 35.19522971437987 ], [ -83.218358221426698, 35.19522499128675 ], [ -83.218358496766157, 35.195220233501637 ], [ -83.218454905680275, 35.194311801464586 ], [ -83.218455069282541, 35.194310198377778 ], [ -83.218488991696333, 35.193964000683671 ], [ -83.218522442429986, 35.193622601488173 ], [ -83.218523301275368, 35.193617066372774 ], [ -83.218524776252281, 35.193611662710573 ], [ -83.218623482388011, 35.193316511659667 ], [ -83.218625159718982, 35.193312190864539 ], [ -83.218629651347044, 35.193311047191813 ], [ -83.218751619838713, 35.193286098598556 ], [ -83.218762450180236, 35.19328449545916 ], [ -83.219055402843239, 35.193257424522386 ], [ -83.219064599515249, 35.193257000508055 ], [ -83.219567694050795, 35.193257000703667 ], [ -83.219568287802531, 35.193256999822545 ], [ -83.219903091124408, 35.193256005998073 ], [ -83.219906889404712, 35.193256066883343 ], [ -83.220275990920882, 35.193268999959081 ], [ -83.220644831696703, 35.193281924550483 ], [ -83.220649145439197, 35.193282169117964 ], [ -83.221308439982352, 35.193333859090913 ], [ -83.221337554803313, 35.19333401600251 ], [ -83.221663313625342, 35.193312005874127 ], [ -83.221682857706597, 35.193309715110374 ], [ -83.221702082076035, 35.193305514832915 ], [ -83.221720800632752, 35.193299445702401 ], [ -83.222099598076014, 35.193155674544919 ], [ -83.22211582223251, 35.193148682121198 ], [ -83.222131366023604, 35.193140285228807 ], [ -83.222146108162178, 35.193130549388108 ], [ -83.222159933616311, 35.193119550567204 ], [ -83.222402693451727, 35.192908259440657 ], [ -83.222403287055428, 35.19290774072558 ], [ -83.222650811989098, 35.192690581567831 ], [ -83.222664245210751, 35.19267763907699 ], [ -83.222676414193046, 35.192663501347923 ], [ -83.22268721307816, 35.19264829136457 ], [ -83.222836908726663, 35.192415128351854 ], [ -83.222939915573278, 35.19225522288243 ], [ -83.222944308046436, 35.192248946215813 ], [ -83.223186755402821, 35.191929311154894 ], [ -83.223277564135557, 35.191810557858041 ], [ -83.223278425818137, 35.19180944730897 ], [ -83.223462862855598, 35.19157516317037 ], [ -83.223634296437027, 35.191358322552873 ], [ -83.223646961145249, 35.191340355554985 ], [ -83.22365757758979, 35.191321107205646 ], [ -83.223775330621763, 35.191076747761301 ], [ -83.2237850790587, 35.191052617398235 ], [ -83.22386847459704, 35.190799976125746 ], [ -83.223873386581857, 35.19078245465721 ], [ -83.223876685698315, 35.190764559258774 ], [ -83.223878344635565, 35.190746438072779 ], [ -83.223878349660509, 35.190728241110691 ], [ -83.223876700731566, 35.190710119011257 ], [ -83.223851841490088, 35.190528793857375 ], [ -83.223847924205558, 35.190508262234438 ], [ -83.223841885487943, 35.190488251573584 ], [ -83.223782747440438, 35.190323880010155 ], [ -83.223781265409869, 35.190318976594092 ], [ -83.223781885109915, 35.190313891726724 ], [ -83.22388309063389, 35.189735152573228 ], [ -83.223884251575569, 35.189730089756289 ], [ -83.223886438424543, 35.189725378324106 ], [ -83.223892671464782, 35.189713603510071 ], [ -83.224141925448365, 35.18925041351968 ], [ -83.224151024798147, 35.189231099281095 ], [ -83.224267884648526, 35.188944263055582 ], [ -83.224268097690768, 35.188943738009272 ], [ -83.224379763265432, 35.188667413380863 ], [ -83.224385333087824, 35.18865179601768 ], [ -83.224389590135374, 35.188635770959173 ], [ -83.224479249386448, 35.188231386800048 ], [ -83.224482802162058, 35.188209870225812 ], [ -83.224483991148389, 35.18818809474665 ], [ -83.224483991451791, 35.187905329783121 ], [ -83.224483990368114, 35.187904671187923 ], [ -83.224483041059372, 35.187616295863478 ], [ -83.224482408498829, 35.187601046504462 ], [ -83.224480614912949, 35.187585889785396 ], [ -83.224432998836193, 35.187283047225868 ], [ -83.22438350820353, 35.1869672986181 ], [ -83.224382364421345, 35.186960720955383 ], [ -83.224313990741919, 35.186603000006677 ], [ -83.224245785742411, 35.186246158995878 ], [ -83.224244550589219, 35.186237789905213 ], [ -83.224213484571962, 35.185940722860593 ], [ -83.224212946797621, 35.185931252818463 ], [ -83.224211212111385, 35.185743824009371 ], [ -83.224209589054396, 35.18572018012793 ], [ -83.22420518057092, 35.185696894236983 ], [ -83.224127059684577, 35.185386273229376 ], [ -83.224126921764366, 35.185385728077918 ], [ -83.224046042235543, 35.185067918641188 ], [ -83.224041354287323, 35.185052218984993 ], [ -83.224035396984689, 35.185036955741275 ], [ -83.223908678350654, 35.184747850534308 ], [ -83.223907158176942, 35.184743943516246 ], [ -83.223905971397116, 35.184739922662054 ], [ -83.223804676911115, 35.18433474422914 ], [ -83.223803461151547, 35.184329221883843 ], [ -83.223759043477557, 35.184096272604549 ], [ -83.223758938787213, 35.184095727664165 ], [ -83.223735886437439, 35.183976626223355 ], [ -83.223735215200904, 35.183971999708611 ], [ -83.223735860953468, 35.183967369568357 ], [ -83.223802514717292, 35.183612537456767 ], [ -83.223803598373905, 35.183607490403276 ], [ -83.223869910623705, 35.183333331385363 ], [ -83.22387006974202, 35.183332668591575 ], [ -83.223935397450987, 35.183058494118036 ], [ -83.223936713081912, 35.183053539517111 ], [ -83.224137214657105, 35.182369648681018 ], [ -83.224138912484264, 35.182364398735949 ], [ -83.224198166666767, 35.182197091906808 ], [ -83.224204656375193, 35.182174696729021 ], [ -83.224208495532139, 35.182151698442624 ], [ -83.224235241605655, 35.181902883719701 ], [ -83.224236346156758, 35.181885558803231 ], [ -83.224235944153122, 35.18186820336728 ], [ -83.224234038623607, 35.181850948173242 ], [ -83.22423064392504, 35.181833923227266 ], [ -83.224154039868637, 35.181521200688188 ], [ -83.224075159150516, 35.18119628740596 ], [ -83.22406886660157, 35.181175407544728 ], [ -83.22406033816263, 35.181155336906812 ], [ -83.223936956024033, 35.180904003600595 ], [ -83.223935183782558, 35.180899945623892 ], [ -83.223934547232389, 35.180895563521595 ], [ -83.223899523259178, 35.180545318267683 ], [ -83.223899278730656, 35.180540033214591 ], [ -83.223900712135517, 35.180534940383168 ], [ -83.224016963177462, 35.180193083206085 ], [ -83.224133518382573, 35.179851317376126 ], [ -83.224136850172783, 35.179842834994837 ], [ -83.224334513548811, 35.179400070229477 ], [ -83.224335494013161, 35.179397941375321 ], [ -83.224485881525183, 35.17908123134545 ], [ -83.224636242558645, 35.178766659741484 ], [ -83.224639590962582, 35.178759273231734 ], [ -83.224755939413015, 35.178488121390679 ], [ -83.224873135260594, 35.178215986662785 ], [ -83.224874931509461, 35.178212052190872 ], [ -83.225142613460733, 35.1776577816198 ], [ -83.225143381793288, 35.177656225321655 ], [ -83.225298182240451, 35.177349405887625 ], [ -83.225305326734357, 35.177333570203295 ], [ -83.225311070025015, 35.17731717424941 ], [ -83.225315368777473, 35.177300341738643 ], [ -83.225340615935934, 35.177179878620834 ], [ -83.225343862957217, 35.177158887038296 ], [ -83.225344865376627, 35.17713766947859 ], [ -83.225344457630555, 35.177068775138025 ], [ -83.225343467474815, 35.177050047097048 ], [ -83.225340727456668, 35.177031494139662 ], [ -83.225336261669085, 35.177013279401983 ], [ -83.225330109379755, 35.176995563046177 ], [ -83.225322324685735, 35.176978500852115 ], [ -83.225312976037813, 35.176962242847651 ], [ -83.225302145638636, 35.176946931989377 ], [ -83.225289928719903, 35.176932702905646 ], [ -83.225110363167545, 35.176742394378735 ], [ -83.225109617291281, 35.176741608156917 ], [ -83.224761696964762, 35.176376852637325 ], [ -83.224745150432042, 35.176361365853779 ], [ -83.224726958039625, 35.176347850489613 ], [ -83.224707353390698, 35.176336480091642 ], [ -83.224360979269548, 35.176161020032637 ], [ -83.224357117360412, 35.176158841675694 ], [ -83.22435426889831, 35.176155455244448 ], [ -83.224307214569677, 35.176094195876104 ], [ -83.224304265068554, 35.176089903960936 ], [ -83.224303884533853, 35.176084710187062 ], [ -83.224299061906592, 35.175846477377057 ], [ -83.224298800268016, 35.175839527464191 ], [ -83.224280004438981, 35.175498232408252 ], [ -83.224279978356634, 35.175497768614839 ], [ -83.224261211441728, 35.175170830608074 ], [ -83.224261138788052, 35.175167003596265 ], [ -83.224261359645411, 35.175163182272037 ], [ -83.224292114951055, 35.174844096198868 ], [ -83.224293035269639, 35.174825862279192 ], [ -83.224294908987645, 35.174433167905399 ], [ -83.224294257848726, 35.174416060013449 ], [ -83.22429214597804, 35.174399070488711 ], [ -83.224193555045858, 35.173812356174452 ], [ -83.22419231353355, 35.17380566635029 ], [ -83.224080026015258, 35.173253169416988 ], [ -83.224079956869943, 35.173252830696129 ], [ -83.22402504740738, 35.172985028018978 ], [ -83.224019922080927, 35.17296523434046 ], [ -83.223835991319973, 35.172380000568189 ], [ -83.223649397156919, 35.171786293146809 ], [ -83.223648619520176, 35.171783696305432 ], [ -83.22356506572342, 35.171490260726941 ], [ -83.223472176277852, 35.171160657925839 ], [ -83.223471801059574, 35.17115934374096 ], [ -83.223416558253305, 35.170968332933839 ], [ -83.223407876929727, 35.170944224196433 ], [ -83.223213514099058, 35.170496715485868 ], [ -83.22320076727415, 35.170472167904222 ], [ -83.223022991446172, 35.17018100026386 ], [ -83.222841243094663, 35.169883325580422 ], [ -83.22283542819514, 35.169872311956134 ], [ -83.222702868064616, 35.169578164579121 ], [ -83.222701188711213, 35.169573932191447 ], [ -83.222699902397281, 35.169569564270752 ], [ -83.22263442680223, 35.169302846723042 ], [ -83.222633351701901, 35.169296956820183 ], [ -83.222632991591681, 35.169290980440643 ], [ -83.222632991056088, 35.168966335955496 ], [ -83.222633178386644, 35.168962016853385 ], [ -83.222633738985536, 35.168957730191778 ], [ -83.222662217106716, 35.168795132989302 ], [ -83.222664507276392, 35.168777449879791 ], [ -83.222665213392105, 35.168759633072 ], [ -83.222664329841336, 35.168741824181602 ], [ -83.22263299129591, 35.168410000354228 ], [ -83.222600933853869, 35.168070572168695 ], [ -83.222597946860574, 35.168050208386546 ], [ -83.222592882854826, 35.16803025941168 ], [ -83.222531487068167, 35.167831835454663 ], [ -83.222530251956982, 35.167826987591653 ], [ -83.222531026191902, 35.167822045139097 ], [ -83.222571971024294, 35.167626097390148 ], [ -83.222613921333974, 35.167426331594797 ], [ -83.222614059263847, 35.167425669209209 ], [ -83.222695907759672, 35.167029246635252 ], [ -83.222697256486896, 35.167024118149399 ], [ -83.222700155970372, 35.167019678168984 ], [ -83.22288295089615, 35.166770055423591 ], [ -83.22306987990774, 35.166515151351099 ], [ -83.223254015200695, 35.166265042519854 ], [ -83.22325976011237, 35.166256814638373 ], [ -83.223413743939886, 35.166024048129586 ], [ -83.223423132293632, 35.166008338825094 ], [ -83.223431045374809, 35.165991837110646 ], [ -83.223437416926515, 35.165974681156513 ], [ -83.223517923208831, 35.165723212412665 ], [ -83.223518058619987, 35.165722787814993 ], [ -83.223605843085977, 35.165446466067166 ], [ -83.223606136591698, 35.165445534310876 ], [ -83.223704728499044, 35.165129858551275 ], [ -83.223710257904955, 35.165107827686782 ], [ -83.223713253624595, 35.165085311937091 ], [ -83.223713677018182, 35.16506260171785 ], [ -83.223704058215702, 35.164810756992154 ], [ -83.223703985820308, 35.164807242717501 ], [ -83.223703017056181, 35.164486471629196 ], [ -83.223702249559381, 35.164469560708945 ], [ -83.223671918992025, 35.16412455197176 ], [ -83.223668954286182, 35.164103605115322 ], [ -83.223603001315411, 35.163767053381385 ], [ -83.223536924652933, 35.163430838564608 ], [ -83.223532083545635, 35.16341140542368 ], [ -83.223436178913403, 35.16309492079106 ], [ -83.223434127721035, 35.163086996106372 ], [ -83.223364023186946, 35.162761788382021 ], [ -83.223363239425694, 35.162757033110701 ], [ -83.223365223380526, 35.162752640979953 ], [ -83.223530540533915, 35.162429787305783 ], [ -83.223535181735315, 35.16242008929671 ], [ -83.223627237415343, 35.162213661448568 ], [ -83.223635473285483, 35.162191858992585 ], [ -83.223650228739871, 35.162144640855132 ], [ -83.223654872957013, 35.162126985798601 ], [ -83.223657887981062, 35.162108980815844 ], [ -83.223659248691575, 35.162090775919779 ], [ -83.223658943751488, 35.162072522788939 ], [ -83.223656975701459, 35.162054373503743 ], [ -83.223653360938798, 35.162036479279401 ], [ -83.223640110362908, 35.16198347725296 ], [ -83.223634490276439, 35.161964885494555 ], [ -83.223627093316182, 35.161946926546044 ], [ -83.223617989242669, 35.161929769777764 ], [ -83.223570656384268, 35.161850164263271 ], [ -83.223564244167463, 35.161837375002172 ], [ -83.22353471005971, 35.161766146096745 ], [ -83.22353318333144, 35.161761939923345 ], [ -83.22353203974464, 35.161757613839541 ], [ -83.223497931073751, 35.161600335002596 ], [ -83.223497190041655, 35.161595997610185 ], [ -83.22349800180659, 35.161591681644296 ], [ -83.223529481900258, 35.16145717806365 ], [ -83.223530598409553, 35.161452846642455 ], [ -83.223631096297936, 35.161096177951009 ], [ -83.223633094804526, 35.161089888377468 ], [ -83.223695676956439, 35.160913348613136 ], [ -83.223701363670273, 35.160894369705794 ], [ -83.223717397935815, 35.160829290294146 ], [ -83.223721343491633, 35.160808670074708 ], [ -83.223723105756861, 35.160787749862429 ], [ -83.223722665313105, 35.160766760177587 ], [ -83.223720027013584, 35.160745932305971 ], [ -83.223715219929801, 35.160725495750349 ], [ -83.223708297031123, 35.16070567570155 ], [ -83.223682699793613, 35.160643145944377 ], [ -83.223674042329151, 35.160624729868729 ], [ -83.223663558311884, 35.160607288856284 ], [ -83.223651356278538, 35.160591003466664 ], [ -83.223637562551716, 35.160576042295801 ], [ -83.223622319932204, 35.160562560230538 ], [ -83.223499142182476, 35.160464311141844 ], [ -83.223491215295226, 35.16045726893023 ], [ -83.223332089298694, 35.160300026315753 ], [ -83.223319399698113, 35.160288518322218 ], [ -83.223228964894091, 35.160213304922259 ], [ -83.223225202915515, 35.160209832196522 ], [ -83.223222679800614, 35.160205377289273 ], [ -83.223159226499021, 35.160078471433295 ], [ -83.223157239911231, 35.160073946204534 ], [ -83.223157171516078, 35.160069004590454 ], [ -83.223159833355183, 35.159995381368738 ], [ -83.223159958024695, 35.159986616286602 ], [ -83.22315704462676, 35.159607975617888 ], [ -83.223157907438264, 35.159594084892895 ], [ -83.223189581950464, 35.159355088095637 ], [ -83.223190591901542, 35.159348943613438 ], [ -83.223257947676387, 35.15900622012731 ], [ -83.223258033596608, 35.159005780340046 ], [ -83.22332406946785, 35.158665748441322 ], [ -83.223325215863767, 35.158661067340248 ], [ -83.223326808902598, 35.158656518807028 ], [ -83.223442880040039, 35.158370274078315 ], [ -83.223443101139637, 35.158369726501356 ], [ -83.223557957159059, 35.158084059148059 ], [ -83.223561746206613, 35.15807383887784 ], [ -83.223632008980331, 35.157867208988506 ], [ -83.223637348920661, 35.157848592455004 ], [ -83.223640863183249, 35.157829546714261 ], [ -83.223642518813989, 35.157810250363077 ], [ -83.223642300287594, 35.157790884348294 ], [ -83.223640209653226, 35.15777163027002 ], [ -83.223636266515314, 35.157752668678697 ], [ -83.223630507849691, 35.157734177382032 ], [ -83.22362298765681, 35.157716329777671 ], [ -83.223613776455494, 35.157699293227189 ], [ -83.223602960621506, 35.1576832274867 ], [ -83.223590641577729, 35.157668283208785 ], [ -83.223576934842981, 35.157654600529767 ], [ -83.223561968948857, 35.157642307755658 ], [ -83.223545884234397, 35.157631520158958 ], [ -83.223528831530075, 35.157622338897731 ], [ -83.223510970743504, 35.15761485006702 ], [ -83.223492469359869, 35.157609123891525 ], [ -83.223473500871407, 35.157605214067061 ], [ -83.223454243150485, 35.15760315725705 ], [ -83.223434876781738, 35.157602972748741 ], [ -83.223415583368549, 35.157604662272313 ], [ -83.223396543830233, 35.157608209984659 ], [ -83.223377936705432, 35.157613582617977 ], [ -83.223359936477934, 35.157620729791709 ], [ -83.223342711940504, 35.157629584484958 ], [ -83.223238218237526, 35.157689869639462 ], [ -83.223237765494844, 35.157690131628279 ], [ -83.222959572185445, 35.15785159986585 ], [ -83.222944824693485, 35.157861046173039 ], [ -83.222521128189726, 35.158159382935295 ], [ -83.222510440740564, 35.158165945480654 ], [ -83.222044060659741, 35.158413432607936 ], [ -83.222041907388316, 35.158414542040113 ], [ -83.22188936968891, 35.158490810566029 ], [ -83.221888613258187, 35.158491190783167 ], [ -83.2216099223984, 35.158632013401238 ], [ -83.221605918747187, 35.15863381976974 ], [ -83.221601771705323, 35.158635266917237 ], [ -83.221238224225957, 35.158744428791181 ], [ -83.221227618946472, 35.15874699131394 ], [ -83.220630582602993, 35.158857153372203 ], [ -83.220625972340486, 35.158857783264644 ], [ -83.220621323435765, 35.158857980670909 ], [ -83.220161121786546, 35.158856030518244 ], [ -83.220146937661085, 35.158854957409964 ], [ -83.219796834045141, 35.158803194845547 ], [ -83.219781950813115, 35.158801560913808 ], [ -83.219766987051955, 35.158801044987236 ], [ -83.219445991766406, 35.158802000152861 ], [ -83.219120219306461, 35.158802969535394 ], [ -83.2190998197255, 35.158804073646799 ], [ -83.218572265679725, 35.158859760528848 ], [ -83.218567707929935, 35.158860136463247 ], [ -83.218137708106795, 35.158885719341583 ], [ -83.218133009862115, 35.158885776586558 ], [ -83.218128384497149, 35.158884950281703 ], [ -83.217900673590748, 35.1588330669789 ], [ -83.217896084946474, 35.158831786941995 ], [ -83.217892049153662, 35.158829255830042 ], [ -83.217662444598773, 35.158669404042378 ], [ -83.217659104747142, 35.158666863802253 ], [ -83.217655990176112, 35.158664051885737 ], [ -83.217495572681671, 35.158506482701448 ], [ -83.217483997955526, 35.158495970241027 ], [ -83.217349771416707, 35.158383315823009 ], [ -83.217335532395225, 35.158372414800503 ], [ -83.217320374169873, 35.158362833035071 ], [ -83.217304418605977, 35.158354647559797 ], [ -83.217287793979111, 35.158347924182223 ], [ -83.217032230794459, 35.1582576754396 ], [ -83.217005228277912, 35.158250220374313 ], [ -83.216632590596674, 35.158174959153236 ], [ -83.216612892227943, 35.158171992789647 ], [ -83.21659299647915, 35.158171000709224 ], [ -83.216186556547413, 35.15817100034527 ], [ -83.216161525560508, 35.158172572880787 ], [ -83.215743501401164, 35.158225304907667 ], [ -83.215732528859562, 35.158226999663043 ], [ -83.215436245108307, 35.158281221492594 ], [ -83.215431973554175, 35.158281813713742 ], [ -83.215427679965714, 35.158281661162349 ], [ -83.215064656217947, 35.158253131194009 ], [ -83.215061332580959, 35.158252814078615 ], [ -83.214611182297858, 35.15820226751547 ], [ -83.21459098071719, 35.158201029642868 ], [ -83.214570757468778, 35.1582018398366 ], [ -83.214481646361492, 35.15820994097983 ], [ -83.213949682698711, 35.158254773232095 ], [ -83.213944305125807, 35.158255299684662 ], [ -83.213450269145383, 35.158310411755835 ], [ -83.213439680174901, 35.158311026595698 ], [ -83.213246377359894, 35.158311974301405 ], [ -83.21324103729701, 35.158311712748038 ], [ -83.213235876502623, 35.158310316007849 ], [ -83.213078208611989, 35.158258389120569 ], [ -83.213074089811172, 35.158256826777226 ], [ -83.213070778919501, 35.158253934111642 ], [ -83.213052048923714, 35.158236056142101 ], [ -83.21287211221113, 35.158064027841334 ], [ -83.212867993713971, 35.158059852366321 ], [ -83.212566901344005, 35.157736128876053 ], [ -83.212564135512125, 35.157732887998556 ], [ -83.212561656311962, 35.157729422933116 ], [ -83.212332449600638, 35.15737829800613 ], [ -83.212325204971179, 35.157367931400891 ], [ -83.212142991080185, 35.157124000736317 ], [ -83.211959970986925, 35.156878989675484 ], [ -83.21195442215928, 35.156870734240606 ], [ -83.211789073735048, 35.156596136815558 ], [ -83.211788909472475, 35.156595864511544 ], [ -83.211626561768412, 35.156327217985925 ], [ -83.211614463649596, 35.156309434599891 ], [ -83.211399990971671, 35.156028000654402 ], [ -83.211185047848389, 35.155745948410264 ], [ -83.211172171859246, 35.155730695680809 ], [ -83.210851386362876, 35.155387063845204 ], [ -83.21083130684697, 35.155368318698478 ], [ -83.210541514217965, 35.15513286293443 ], [ -83.210534742000448, 35.155126830335846 ], [ -83.21017490896574, 35.154775749529016 ], [ -83.210160455121809, 35.154762949227468 ], [ -83.210034461513473, 35.154661787270093 ], [ -83.210031144905102, 35.154658872402251 ], [ -83.210029057746524, 35.154654991232171 ], [ -83.209977013400078, 35.154547045524112 ], [ -83.209966037331895, 35.154524250882147 ], [ -83.20996419961692, 35.154519923466253 ], [ -83.209962777638964, 35.154515442117663 ], [ -83.209899106525683, 35.154276189876221 ], [ -83.209898176850388, 35.154271968156344 ], [ -83.20989799151144, 35.154267665507497 ], [ -83.209897991420434, 35.154264855685518 ], [ -83.209898154168499, 35.154259150122819 ], [ -83.20989991149672, 35.154228388804576 ], [ -83.209900050786771, 35.154225611681326 ], [ -83.209912978292962, 35.153926290916502 ], [ -83.209928699254561, 35.153585322559607 ], [ -83.209930077972118, 35.153572764604966 ], [ -83.209961651471829, 35.153391681978647 ], [ -83.209963728029194, 35.153376238196195 ], [ -83.209996580113994, 35.153030334836352 ], [ -83.209997214410976, 35.153021652303593 ], [ -83.210013991373458, 35.1526940003384 ], [ -83.210030682974406, 35.152368012801332 ], [ -83.210030936485794, 35.152355979938321 ], [ -83.210027077203549, 35.151928523713174 ], [ -83.210026000637555, 35.151909527650872 ], [ -83.209995815063579, 35.151620879314393 ], [ -83.209993546709953, 35.151605212039257 ], [ -83.209944108949557, 35.151338635105255 ], [ -83.209943869393797, 35.151337366239879 ], [ -83.20990015745484, 35.151109866461034 ], [ -83.209899840044926, 35.151108132116043 ], [ -83.209897103579138, 35.151092397831754 ], [ -83.209892765897635, 35.151073141520634 ], [ -83.209886551172914, 35.151054406574808 ], [ -83.209878519939636, 35.151036375482477 ], [ -83.209729441703686, 35.150741726343647 ], [ -83.209721411781331, 35.150727356033201 ], [ -83.209712227266806, 35.150713694767951 ], [ -83.209649395088832, 35.150628070498193 ], [ -83.209637120509839, 35.150612946599118 ], [ -83.209623432963539, 35.150599088435854 ], [ -83.209608462275511, 35.150586627452242 ], [ -83.209592350441824, 35.150575681839968 ], [ -83.209575250282256, 35.150566355417524 ], [ -83.20925008581699, 35.150409046442313 ], [ -83.209249895809222, 35.150408954643488 ], [ -83.208920882741168, 35.150250211953384 ], [ -83.208904079056182, 35.150243031386623 ], [ -83.208886690121744, 35.150237414507863 ], [ -83.208868861102559, 35.15023340820742 ], [ -83.208850740837249, 35.150231045930326 ], [ -83.20883248059576, 35.150230347397127 ], [ -83.208614025356454, 35.150231978025246 ], [ -83.208607962366486, 35.150231839338716 ], [ -83.208110753087425, 35.150205360427144 ], [ -83.208097338898583, 35.150203730728627 ], [ -83.207732040532761, 35.150134010012941 ], [ -83.207367801184517, 35.150064303475801 ], [ -83.207354427718968, 35.150060768869778 ], [ -83.206963570480838, 35.149927896995621 ], [ -83.206958141508025, 35.149925686942829 ], [ -83.206953009934097, 35.149922854095465 ], [ -83.206658434285529, 35.149736806607081 ], [ -83.20665419887338, 35.149733809358061 ], [ -83.206651554995787, 35.149729344816826 ], [ -83.206556141938151, 35.149547020390955 ], [ -83.206550685452243, 35.149534609149555 ], [ -83.206484720512165, 35.149351792624387 ], [ -83.206483243231318, 35.149346937046253 ], [ -83.206482267448266, 35.149341956399113 ], [ -83.206451612805864, 35.149128330420346 ], [ -83.20645118261011, 35.149123989779973 ], [ -83.206451514699893, 35.149119657260286 ], [ -83.206480675546345, 35.148877618054975 ], [ -83.206481443759671, 35.148872403343724 ], [ -83.206502080498652, 35.148754048024777 ], [ -83.206504564509189, 35.148733665391894 ], [ -83.206504945559757, 35.148713135490972 ], [ -83.206503219633902, 35.148692674718468 ], [ -83.206499404923804, 35.148672498742194 ], [ -83.20649354163865, 35.148652820228065 ], [ -83.206485691580653, 35.148633846598443 ], [ -83.206475937493764, 35.148615777845841 ], [ -83.206383264442962, 35.14846338187143 ], [ -83.20637638663662, 35.148452834555791 ], [ -83.206261842091493, 35.148288711564 ], [ -83.206250667094508, 35.148274169001454 ], [ -83.20623820691128, 35.148260711270702 ], [ -83.206224566321595, 35.148248451540027 ], [ -83.205942144161682, 35.148017125149636 ], [ -83.205941838496102, 35.148016875288704 ], [ -83.205638258506511, 35.147769218618819 ], [ -83.205369302454173, 35.147548256326495 ], [ -83.205368677446103, 35.147547744957727 ], [ -83.205099365112545, 35.147328305315114 ], [ -83.204828160976049, 35.14710513963184 ], [ -83.204827820759903, 35.14710486030561 ], [ -83.20456049578145, 35.146885871651655 ], [ -83.204557135079071, 35.146882854236964 ], [ -83.204554061144918, 35.146879545152501 ], [ -83.204338357926858, 35.146625150264079 ], [ -83.204330357138318, 35.146614309181388 ], [ -83.204229918837143, 35.146457018059458 ], [ -83.204226285172354, 35.14645085146195 ], [ -83.204088540332677, 35.146196703603707 ], [ -83.204083959140362, 35.146187052579585 ], [ -83.204052902376915, 35.146111436741542 ], [ -83.204044569665029, 35.146093680201567 ], [ -83.204034537692323, 35.146076825281725 ], [ -83.204022902948509, 35.146061034096341 ], [ -83.204009777339124, 35.146046458528524 ], [ -83.203995287109151, 35.146033238769277 ], [ -83.203979571628807, 35.146021501969159 ], [ -83.203962782053054, 35.14601136101529 ], [ -83.203945079867722, 35.146002913445606 ], [ -83.203926635336316, 35.145996240510677 ], [ -83.20386456164195, 35.145977169511312 ], [ -83.203836966969646, 35.145970789496246 ], [ -83.203656298435675, 35.1459423102052 ], [ -83.203639603631203, 35.145940393251351 ], [ -83.203289012060608, 35.145915001542228 ], [ -83.202928991795062, 35.145889000679595 ], [ -83.202569823280555, 35.145863060365606 ], [ -83.202568159764596, 35.145862926258218 ], [ -83.20223201733711, 35.145833002279915 ], [ -83.201899202140538, 35.145803462662151 ], [ -83.201888856539014, 35.145801995985309 ], [ -83.2016280855497, 35.145750996405305 ], [ -83.201618027977489, 35.145748481474705 ], [ -83.201359715394346, 35.145669445978889 ], [ -83.201355119902445, 35.145667787645948 ], [ -83.20135151692196, 35.145664488078843 ], [ -83.201082413754065, 35.145392427099431 ], [ -83.201081574390912, 35.145391568256755 ], [ -83.200829129057482, 35.145130142267142 ], [ -83.200580601868808, 35.144871753963585 ], [ -83.200577224055522, 35.144867854757834 ], [ -83.200575208327663, 35.144863105928437 ], [ -83.200493789209304, 35.144639602958748 ], [ -83.200485386195666, 35.144619889961696 ], [ -83.200474922275873, 35.144601189178985 ], [ -83.200462517579126, 35.144583715301636 ], [ -83.200448314515327, 35.144567668935387 ], [ -83.200432476140222, 35.144553234297696 ], [ -83.20027201270679, 35.144422017332872 ], [ -83.199867966392318, 35.144091796484801 ], [ -83.199866037469789, 35.144090179085268 ], [ -83.199631176247848, 35.143888159471977 ], [ -83.199630806070218, 35.143887841842378 ], [ -83.199395224167901, 35.143686199884165 ], [ -83.199394757068035, 35.143685801319428 ], [ -83.199171850921772, 35.143496191567756 ], [ -83.199153231830522, 35.143482139579319 ], [ -83.199133103244733, 35.143470351069134 ], [ -83.198848004549944, 35.143325006901165 ], [ -83.198541063563312, 35.143168585211505 ], [ -83.198536170528783, 35.143165729967571 ], [ -83.198531633458245, 35.143162337447585 ], [ -83.19830745764321, 35.142973914169801 ], [ -83.198304150766035, 35.142970868912791 ], [ -83.198301782219175, 35.142967048047204 ], [ -83.198106818633576, 35.142618212200368 ], [ -83.198095802836249, 35.142600696330604 ], [ -83.198083036240348, 35.142584412365679 ], [ -83.198068655497451, 35.142569534606508 ], [ -83.19805281453668, 35.14255622230219 ], [ -83.198035682917094, 35.142544617945475 ], [ -83.197760108884495, 35.142378071829377 ], [ -83.197759873348872, 35.142377929701958 ], [ -83.197441994670825, 35.14218641275987 ], [ -83.197438129497456, 35.14218383054407 ], [ -83.197434811524815, 35.142180575016255 ], [ -83.19710276974908, 35.141822839762533 ], [ -83.197101202524166, 35.14182117053096 ], [ -83.196780344810705, 35.141483325454097 ], [ -83.196767631538378, 35.141471071026757 ], [ -83.196753886938666, 35.141459985709368 ], [ -83.196739218150157, 35.1414501559115 ], [ -83.196535609205611, 35.141326376396343 ], [ -83.196534378548975, 35.141325616000522 ], [ -83.196505671294034, 35.141307590201087 ], [ -83.196491691035575, 35.141299578200936 ], [ -83.196477111173493, 35.141292717632844 ], [ -83.196239791985406, 35.141192515550827 ], [ -83.19622171373706, 35.141185888544264 ], [ -83.196203082005127, 35.141181030680087 ], [ -83.195721312820325, 35.141079906933641 ], [ -83.195712767332694, 35.141077715414269 ], [ -83.195398074007471, 35.140982025722664 ], [ -83.19508240752198, 35.140886339228217 ], [ -83.195073717622421, 35.140883260816238 ], [ -83.194743511559182, 35.140748840983449 ], [ -83.194739101711008, 35.140746789670331 ], [ -83.194734912744138, 35.140744318395235 ], [ -83.194407288596807, 35.140528827071556 ], [ -83.194403158336186, 35.140525795184359 ], [ -83.194399361208241, 35.140522355240194 ], [ -83.194167139149954, 35.140289149178074 ], [ -83.193935221795314, 35.14005526725802 ], [ -83.193927302128273, 35.140046257756524 ], [ -83.193728104540199, 35.139790146074851 ], [ -83.193526685766045, 35.139530187222469 ], [ -83.193523236612023, 35.13952586058079 ], [ -83.193288015245486, 35.139239029127914 ], [ -83.193057564870983, 35.138958228516998 ], [ -83.193041373397122, 35.138940738082276 ], [ -83.192832328782501, 35.138740324049458 ], [ -83.192831651609126, 35.138739677868024 ], [ -83.19261606554538, 35.138534920137289 ], [ -83.192613125527174, 35.138531880606152 ], [ -83.192610453488143, 35.138528603005312 ], [ -83.192427030157631, 35.138283052395678 ], [ -83.192243204719318, 35.138037296489692 ], [ -83.192240256269926, 35.138032879353283 ], [ -83.192238856376022, 35.138027756390933 ], [ -83.192177839804245, 35.13774578569879 ], [ -83.192173202961968, 35.137728247730244 ], [ -83.192166996085476, 35.137711202046596 ], [ -83.192043625323251, 35.137414932360748 ], [ -83.192036332089543, 35.137399344155881 ], [ -83.192027725736196, 35.137384440663965 ], [ -83.191868991127876, 35.137135000173984 ], [ -83.191701503591901, 35.1368718056966 ], [ -83.191700494277995, 35.136870185703842 ], [ -83.191567828436504, 35.136652652758308 ], [ -83.191565267857513, 35.136647888511568 ], [ -83.191563797854457, 35.13664268335048 ], [ -83.191498287873088, 35.13635077906418 ], [ -83.191496385972769, 35.13633910970696 ], [ -83.191464069825301, 35.136024498674814 ], [ -83.1914608140236, 35.13600367291486 ], [ -83.191442750894822, 35.135918002685301 ], [ -83.191437765703029, 35.135899024445905 ], [ -83.19143094478386, 35.135880626055503 ], [ -83.19142235379303, 35.135862984610426 ], [ -83.191412075424353, 35.135846269920926 ], [ -83.191400208613729, 35.135830642876627 ], [ -83.191386867586843, 35.135816253897872 ], [ -83.191372180759657, 35.135803241487835 ], [ -83.191335482871395, 35.135773810531838 ], [ -83.191317811390817, 35.135761152581523 ], [ -83.191086413891924, 35.13561374413343 ], [ -83.191071466639386, 35.13560510565511 ], [ -83.191055830097426, 35.135597788400013 ], [ -83.191039620775385, 35.135591846889675 ], [ -83.191022959450393, 35.13558732539483 ], [ -83.190825705063787, 35.135542838114297 ], [ -83.190818352681106, 35.135540883139221 ], [ -83.190695174366581, 35.135503056696891 ], [ -83.190298585753538, 35.135380439890575 ], [ -83.190280816692749, 35.13537582794703 ], [ -83.190262699606166, 35.135372864719322 ], [ -83.189827016046721, 35.135322003175169 ], [ -83.189373170102797, 35.135269137243711 ], [ -83.189370811701195, 35.135268876696983 ], [ -83.189108146814391, 35.135241434643042 ], [ -83.189104023874108, 35.135240828914093 ], [ -83.189099965866234, 35.135239881224649 ], [ -83.18890383612343, 35.13518534745036 ], [ -83.188899095636486, 35.135183768758274 ], [ -83.188894765995244, 35.135181275027868 ], [ -83.188736176064396, 35.135078988842373 ], [ -83.188724458695646, 35.135070147776517 ], [ -83.188478138794466, 35.134854130018333 ], [ -83.188477843635397, 35.134853871681187 ], [ -83.18822615648601, 35.134634018706976 ], [ -83.188223857023132, 35.134631946471053 ], [ -83.187981508985203, 35.134406652193789 ], [ -83.187967863838509, 35.134395061364785 ], [ -83.187953236818586, 35.134384737236097 ], [ -83.187937745138072, 35.134375762539442 ], [ -83.18792151293853, 35.134368209192957 ], [ -83.187620375442449, 35.134244158941002 ], [ -83.187619605351387, 35.134243843582894 ], [ -83.18728634168825, 35.13410817849681 ], [ -83.187275928391813, 35.13410322077516 ], [ -83.187080890113833, 35.133996141470902 ], [ -83.187077116262842, 35.133993845505906 ], [ -83.187074081436577, 35.133990635640707 ], [ -83.186913393224529, 35.133804779246205 ], [ -83.186908798909585, 35.133799053168637 ], [ -83.186707236953993, 35.133528020189978 ], [ -83.18670511075122, 35.13352492438402 ], [ -83.186703223349326, 35.133521677467549 ], [ -83.186574200545223, 35.133279152494126 ], [ -83.186572195896929, 35.133274915201909 ], [ -83.186570598020396, 35.133270508382878 ], [ -83.186469072940099, 35.132943262084957 ], [ -83.186368630976773, 35.132616338365665 ], [ -83.186367297575444, 35.132610942056438 ], [ -83.18636657380496, 35.132605430551713 ], [ -83.186336652487299, 35.132205825825736 ], [ -83.186334553771786, 35.132188267139128 ], [ -83.186268792126995, 35.131788862271797 ], [ -83.186267673248707, 35.131779083291079 ], [ -83.186250013432513, 35.131506335512142 ], [ -83.186233982476807, 35.131245152249946 ], [ -83.18623234400151, 35.131229092285231 ], [ -83.186229415613354, 35.131213216781745 ], [ -83.186164208342646, 35.130925375030387 ], [ -83.186163292798938, 35.13091996643201 ], [ -83.186162977547667, 35.130914489957661 ], [ -83.1861619993158, 35.130508377410287 ], [ -83.186162210951238, 35.130501630598268 ], [ -83.186179955822567, 35.130229540321466 ], [ -83.186180023370369, 35.130228459531708 ], [ -83.186190958686964, 35.130045537167582 ], [ -83.186195228240294, 35.129980032341244 ], [ -83.186195590815757, 35.129962088537276 ], [ -83.186194343323905, 35.129944184478354 ], [ -83.186191495810505, 35.129926464342091 ], [ -83.186162754967739, 35.129787688265495 ], [ -83.186162131869366, 35.12978398182856 ], [ -83.186161789443744, 35.129780239012646 ], [ -83.186145008545211, 35.129467313991348 ], [ -83.186129107747206, 35.12915231773885 ], [ -83.186128981429022, 35.129147678928952 ], [ -83.186127093630958, 35.128677447341559 ], [ -83.186126314554514, 35.128660596199325 ], [ -83.186124118192268, 35.128643870651572 ], [ -83.186120520169581, 35.128627389687175 ], [ -83.186075912436721, 35.12845774456985 ], [ -83.186070207512998, 35.128439603688335 ], [ -83.186062805423347, 35.128422086645045 ], [ -83.18605377308964, 35.128405351810571 ], [ -83.186043192172704, 35.128389550483618 ], [ -83.186031158334004, 35.128374825523075 ], [ -83.18601778037079, 35.128361310056484 ], [ -83.18579587133182, 35.128157483099372 ], [ -83.18578674563949, 35.128147912456278 ], [ -83.185661495547947, 35.127997802969837 ], [ -83.185658445973047, 35.127994234112684 ], [ -83.18557877186079, 35.127903178835787 ], [ -83.185566423692336, 35.127890277544623 ], [ -83.185552973919911, 35.127878529174545 ], [ -83.185538529778739, 35.127868027395486 ], [ -83.185523206432151, 35.127858855938278 ], [ -83.185173137986339, 35.127670025685823 ], [ -83.185156770184435, 35.127662134601742 ], [ -83.185139753743059, 35.127655761622073 ], [ -83.18512222912193, 35.127650959351648 ], [ -83.184650167443763, 35.127544394631286 ], [ -83.184637740376047, 35.12754199979905 ], [ -83.184143155424522, 35.127462826991156 ], [ -83.184138076963379, 35.127461739162563 ], [ -83.184133334999416, 35.127459620692505 ], [ -83.183870766243047, 35.127325440878018 ], [ -83.183866189396724, 35.127322783489099 ], [ -83.183863132281942, 35.127318463386636 ], [ -83.183432524446303, 35.126635019884361 ], [ -83.183430209401465, 35.126630926629069 ], [ -83.183429577934888, 35.126626266648309 ], [ -83.183396350865195, 35.126246117002346 ], [ -83.183395972250466, 35.126237867619615 ], [ -83.183395167606022, 35.126060798880481 ], [ -83.183394163487165, 35.126041671225963 ], [ -83.18339133421982, 35.126022727343887 ], [ -83.183386705753662, 35.126004140985366 ], [ -83.183380320540493, 35.125986082622354 ], [ -83.183195832719775, 35.125534406114539 ], [ -83.183187215806015, 35.125516032476519 ], [ -83.183151076930599, 35.125448162004368 ], [ -83.183150904219275, 35.125447838360373 ], [ -83.18293812355067, 35.125049987253618 ], [ -83.182936189582747, 35.125045941472173 ], [ -83.182935814658947, 35.125041482047571 ], [ -83.182926084051644, 35.124792370632974 ], [ -83.182926011388858, 35.124787628045304 ], [ -83.182927948452914, 35.124557062044076 ], [ -83.182928245854541, 35.124552028166057 ], [ -83.182929050396368, 35.1245470501051 ], [ -83.18298594642043, 35.12428120959391 ], [ -83.183102957057599, 35.123740156392003 ], [ -83.183103024371377, 35.123739843927083 ], [ -83.183202811088933, 35.123274837729149 ], [ -83.18321690494875, 35.123211797959641 ], [ -83.183221104555585, 35.123183882756713 ], [ -83.183241978365601, 35.122919163199299 ], [ -83.183286199434008, 35.122369838613878 ], [ -83.183286810878698, 35.122350132083319 ], [ -83.183281264796918, 35.122046976238352 ], [ -83.183280433107328, 35.122032051964453 ], [ -83.183278489121847, 35.122017231486069 ], [ -83.183251584308366, 35.121858402118995 ], [ -83.183247511605828, 35.121839791932715 ], [ -83.183053505287418, 35.121119472361407 ], [ -83.183046946134326, 35.121099404130533 ], [ -83.183038307984518, 35.121080139168875 ], [ -83.182919494644366, 35.120848719347286 ], [ -83.182907241270172, 35.120828019861015 ], [ -83.182776752705962, 35.120635083648388 ], [ -83.182774223940584, 35.12063091603995 ], [ -83.182773490073856, 35.120626096801928 ], [ -83.182760398413109, 35.120497983724889 ], [ -83.182760151704073, 35.120493996368488 ], [ -83.182760224758226, 35.120490002055355 ], [ -83.18277567747208, 35.120225375967586 ], [ -83.18277627406664, 35.120220079427654 ], [ -83.182778521120184, 35.120215246208275 ], [ -83.182914394189453, 35.11995991315829 ], [ -83.182923811708235, 35.119939533436124 ], [ -83.182930885830316, 35.119918226640678 ], [ -83.182985443940169, 35.119716715268382 ], [ -83.182988197792639, 35.119705203616036 ], [ -83.1830310551818, 35.119499301855541 ], [ -83.183034036849762, 35.119480557213365 ], [ -83.183062242386654, 35.119225826268959 ], [ -83.183063381930211, 35.11920930448867 ], [ -83.183063150651421, 35.119192745071608 ], [ -83.183061550136102, 35.119176261560632 ], [ -83.183033962462218, 35.118977925685762 ], [ -83.1830299016233, 35.118956986549229 ], [ -83.183023633971516, 35.118936598945325 ], [ -83.183015230791696, 35.11891699475138 ], [ -83.183004787656927, 35.118898396934632 ], [ -83.182895280917421, 35.118725654938011 ], [ -83.182885393674653, 35.118711456077115 ], [ -83.182874316224471, 35.118698164902675 ], [ -83.182535567307426, 35.11832573380169 ], [ -83.182532497100496, 35.118322195205458 ], [ -83.1822559914701, 35.117988000137061 ], [ -83.181983533330126, 35.117658698498545 ], [ -83.181971888823071, 35.117645807993355 ], [ -83.181718196900519, 35.117388385297147 ], [ -83.181705501556124, 35.117376574147798 ], [ -83.181691830863357, 35.117365907040508 ], [ -83.181432257744262, 35.117180891884189 ], [ -83.181415171373942, 35.117169975422655 ], [ -83.181201685081248, 35.117048358510488 ], [ -83.181186974260811, 35.117040766665703 ], [ -83.181171685983657, 35.117034417419539 ], [ -83.181155924991444, 35.117029354271367 ], [ -83.180713174372841, 35.116907088789915 ], [ -83.180690525462367, 35.116902226059388 ], [ -83.180118089903743, 35.11681363426711 ], [ -83.180114031840219, 35.11681283271561 ], [ -83.180110054121116, 35.116811697763538 ], [ -83.179476764230856, 35.116602248480078 ], [ -83.179473052414252, 35.116600854966798 ], [ -83.179469462944027, 35.116599171171721 ], [ -83.179288761026896, 35.116505473439766 ], [ -83.179284150797628, 35.116502759380467 ], [ -83.179279858174354, 35.116499566619943 ], [ -83.17909364894895, 35.116344869115409 ], [ -83.179089258587084, 35.116340748180441 ], [ -83.179085398005839, 35.116336127217721 ], [ -83.178973871224201, 35.116184905869865 ], [ -83.178971193211197, 35.116180879586317 ], [ -83.178968917873888, 35.116176612789459 ], [ -83.178869896618735, 35.115967033529522 ], [ -83.178865907265958, 35.115959055639173 ], [ -83.178496201583684, 35.115259183986311 ], [ -83.178494198554276, 35.115254914687583 ], [ -83.178492607828517, 35.115250475247514 ], [ -83.178347006830506, 35.114774321584605 ], [ -83.178344861200443, 35.114767717085023 ], [ -83.178146500881326, 35.114191387798371 ], [ -83.178145200161353, 35.11418694957586 ], [ -83.178144316227815, 35.114182409933285 ], [ -83.178099907466333, 35.113880231641723 ], [ -83.178098865785131, 35.113867703665782 ], [ -83.178092233722978, 35.113536104172958 ], [ -83.178090291300009, 35.113512013653917 ], [ -83.177991819436059, 35.112817840438737 ], [ -83.177991339135701, 35.112811992537182 ], [ -83.177991550235248, 35.112806128742996 ], [ -83.178043351493542, 35.112262214454354 ], [ -83.17804424481858, 35.112244993565135 ], [ -83.178043651414669, 35.112227759734253 ], [ -83.177991266836059, 35.111553553649365 ], [ -83.17799096840919, 35.111546436930055 ], [ -83.177987995220022, 35.111072623147301 ], [ -83.17798799144262, 35.110983343719703 ], [ -83.177987990201999, 35.110982647681965 ], [ -83.177987029767351, 35.110709992162597 ], [ -83.177985747974063, 35.110688078805211 ], [ -83.17794506878117, 35.110330677759343 ], [ -83.177931483537407, 35.110203610569634 ], [ -83.177930283388747, 35.110194409826654 ], [ -83.17788613597142, 35.109907942525894 ], [ -83.177846152452062, 35.109630973103528 ], [ -83.177843432653987, 35.109616121579158 ], [ -83.177839600225525, 35.109601517553358 ], [ -83.177691976196854, 35.109114633225019 ], [ -83.177685041310241, 35.109095371909369 ], [ -83.177676173776362, 35.109076920411439 ], [ -83.177665466502773, 35.109059472052628 ], [ -83.177575539868059, 35.108928477227053 ], [ -83.177561591946613, 35.108910453765056 ], [ -83.177545684131886, 35.108894134110479 ], [ -83.177528022982742, 35.108879730169832 ], [ -83.177347688111865, 35.108749028680251 ], [ -83.177327525145529, 35.108736180097409 ], [ -83.176961676364485, 35.108532718040458 ], [ -83.176948042241449, 35.108525804099514 ], [ -83.176617990849138, 35.108374000272029 ], [ -83.176280991508946, 35.108219000152971 ], [ -83.175951932881361, 35.108067652721665 ], [ -83.175935761327423, 35.108061054216009 ], [ -83.175496990891432, 35.107903999995017 ], [ -83.175050604531933, 35.107744219631591 ], [ -83.175049376508525, 35.107743784577536 ], [ -83.174722081552403, 35.107629031629919 ], [ -83.174397344588499, 35.107515522393946 ], [ -83.174388571437362, 35.10751268102856 ], [ -83.173975987786491, 35.107389491822943 ], [ -83.173971109324285, 35.1073877535745 ], [ -83.173966696400498, 35.107385043038086 ], [ -83.17365493586091, 35.107170404633038 ], [ -83.173645489435017, 35.107163028257922 ], [ -83.173450369575733, 35.106990863599869 ], [ -83.173446245412222, 35.106986772681225 ], [ -83.173442625825373, 35.106982229231662 ], [ -83.173199456547465, 35.106637495520211 ], [ -83.173194833567564, 35.106630307842366 ], [ -83.173048138986829, 35.10637925246246 ], [ -83.172901239408318, 35.106126151429848 ], [ -83.172898850764895, 35.106121789480476 ], [ -83.172710418106234, 35.105756400697828 ], [ -83.172702435533168, 35.105742346631793 ], [ -83.172693344184651, 35.105728983038453 ], [ -83.172502148656889, 35.105471007206482 ], [ -83.172484408015364, 35.105450207953353 ], [ -83.172274722152707, 35.105235943612819 ], [ -83.172253977653995, 35.105217500170681 ], [ -83.172046973565187, 35.105057738052871 ], [ -83.172031217546746, 35.105046743542104 ], [ -83.17201447927161, 35.105037311600135 ], [ -83.171996913205334, 35.105029529267604 ], [ -83.171709692245003, 35.104918459145679 ], [ -83.171692770119847, 35.104912769583038 ], [ -83.171675408041864, 35.104908611736086 ], [ -83.171349537953475, 35.104845803704436 ], [ -83.171334927323528, 35.104843544156537 ], [ -83.171320189697511, 35.104842370085208 ], [ -83.171109871551806, 35.104833420325157 ], [ -83.171090118384555, 35.104833556157985 ], [ -83.170819663677861, 35.104848793597675 ], [ -83.170812327868447, 35.10484934240052 ], [ -83.170441729959165, 35.104883931715129 ], [ -83.170012979439363, 35.104920744126005 ], [ -83.170007009371048, 35.104921347058841 ], [ -83.169574762115644, 35.104971561835868 ], [ -83.169567197064367, 35.104972150753895 ], [ -83.169097232062541, 35.104990831360382 ], [ -83.169088760414965, 35.104991348331708 ], [ -83.168589351453988, 35.105032476486883 ], [ -83.168576616089894, 35.105032710493568 ], [ -83.16823649612185, 35.1050172505036 ], [ -83.16822554834043, 35.10501614642758 ], [ -83.167826908604439, 35.104953614356923 ], [ -83.167823027804033, 35.104952846878433 ], [ -83.16781921999204, 35.10495177440243 ], [ -83.167311328825448, 35.104786734744891 ], [ -83.167300880632737, 35.10478267866425 ], [ -83.166959999678681, 35.104627820813683 ], [ -83.16695608694063, 35.104625831159652 ], [ -83.16695236428292, 35.104623505205176 ], [ -83.16673923303054, 35.104476917220957 ], [ -83.166735163546548, 35.104473798170069 ], [ -83.166731436086366, 35.104470277485468 ], [ -83.166590448685554, 35.104322666793131 ], [ -83.166582171345638, 35.104312798390467 ], [ -83.166492136127303, 35.104190197403902 ], [ -83.16631639815995, 35.103949663576131 ], [ -83.166313281315269, 35.103944835304723 ], [ -83.16631074151384, 35.103939679860538 ], [ -83.166206087722259, 35.103692151741164 ], [ -83.166197046688396, 35.10367352092112 ], [ -83.166186127612221, 35.103655924855538 ], [ -83.166066084784802, 35.103483134500891 ], [ -83.165988254739105, 35.103370714025182 ], [ -83.165981463536738, 35.103361481508522 ], [ -83.165807262202136, 35.103138346812969 ], [ -83.16577363113295, 35.103094875829278 ], [ -83.165757177710404, 35.103076147476251 ], [ -83.165545074826028, 35.102863105527483 ], [ -83.16553455445171, 35.102853273296532 ], [ -83.165220022456822, 35.102579850402329 ], [ -83.165201089227196, 35.102565282205759 ], [ -83.164821410034662, 35.102307711445931 ], [ -83.164804036548489, 35.102297172804505 ], [ -83.164330471847677, 35.102041876834257 ], [ -83.164327075679353, 35.102039868792609 ], [ -83.164323848762564, 35.102037598726881 ], [ -83.164030030961513, 35.101813030200418 ], [ -83.163732488520864, 35.101585381263362 ], [ -83.163731498647024, 35.101584614038714 ], [ -83.163358789126278, 35.101291982586929 ], [ -83.163355152125433, 35.101288831749237 ], [ -83.163351835837105, 35.101285344947712 ], [ -83.163128376857841, 35.101026447059091 ], [ -83.162788804841924, 35.100628299370932 ], [ -83.162786144566979, 35.100624891397679 ], [ -83.162783789066353, 35.100621265288197 ], [ -83.162587622619199, 35.100288552055552 ], [ -83.162575338405475, 35.100270130320261 ], [ -83.162201429028286, 35.099771583797967 ], [ -83.162200550101545, 35.099770420749017 ], [ -83.161813830227771, 35.099262548371897 ], [ -83.161801293050772, 35.099247648321963 ], [ -83.161787366285935, 35.099234038122994 ], [ -83.161375504175098, 35.098868999614652 ], [ -83.16136624598893, 35.098861279411956 ], [ -83.160913985967525, 35.098506700075781 ], [ -83.16090165724259, 35.098497770325686 ], [ -83.160621244832484, 35.098310511418298 ], [ -83.160604233670441, 35.098300332782401 ], [ -83.160150510407263, 35.098058540214602 ], [ -83.160133074036594, 35.098050301768119 ], [ -83.159763888174723, 35.097897178419558 ], [ -83.159748792017112, 35.097891617631781 ], [ -83.159733297757214, 35.097887288169296 ], [ -83.159528272384648, 35.097838797307567 ], [ -83.159507852516597, 35.097835074562859 ], [ -83.159487156783015, 35.097833488230322 ], [ -83.159281627570408, 35.097828434026361 ], [ -83.159264040517556, 35.097828775326285 ], [ -83.15924655147613, 35.097830660623067 ], [ -83.15899247231539, 35.097869418130578 ], [ -83.158969365216691, 35.097874354830296 ], [ -83.158947001596403, 35.097881982248083 ], [ -83.15852099071337, 35.098056000248363 ], [ -83.158074051563077, 35.098238567251826 ], [ -83.158071920458625, 35.098239409410539 ], [ -83.157751244328338, 35.098361903398391 ], [ -83.157431221010214, 35.098483155126374 ], [ -83.157426723343079, 35.09848473763526 ], [ -83.157057223052988, 35.098604925140194 ], [ -83.156685643249119, 35.098724789763331 ], [ -83.156684336941737, 35.098725201295125 ], [ -83.156233125029644, 35.098863958843815 ], [ -83.156232857910737, 35.098864041193096 ], [ -83.155784834151035, 35.099002503994768 ], [ -83.15577502189997, 35.09900499968635 ], [ -83.155392039866626, 35.099081990596453 ], [ -83.155008379974717, 35.099158920236626 ], [ -83.154997517389475, 35.099160483697283 ], [ -83.154634476509301, 35.0991925167042 ], [ -83.154623487152833, 35.09919287905786 ], [ -83.15413295968392, 35.099182044030442 ], [ -83.154129026195235, 35.099181879622257 ], [ -83.15367777670572, 35.099154110619047 ], [ -83.15367420344586, 35.099153922796894 ], [ -83.153308991252587, 35.099138000673555 ], [ -83.152945708423445, 35.099122162444083 ], [ -83.152942008072827, 35.099121862924875 ], [ -83.152938340219862, 35.099121289200767 ], [ -83.152598334661548, 35.099055067001764 ], [ -83.152472532336233, 35.099030108025879 ], [ -83.152471448176684, 35.099029896040712 ], [ -83.152258550606277, 35.098988878402231 ], [ -83.152254060948891, 35.098987795118454 ], [ -83.152249848510721, 35.098985901473597 ], [ -83.151950105618852, 35.09883405844726 ], [ -83.151649338823873, 35.098681209682184 ], [ -83.151645139496054, 35.098678811195889 ], [ -83.151641810286577, 35.098675303500883 ], [ -83.151423136174984, 35.098421168928724 ], [ -83.151422845961804, 35.098420832411094 ], [ -83.151203137541401, 35.098166640337169 ], [ -83.151200180447148, 35.098162866600354 ], [ -83.151197599506574, 35.09815882627322 ], [ -83.151047071069527, 35.097896140377479 ], [ -83.150896678981482, 35.09763270711116 ], [ -83.150894275782107, 35.097627911563777 ], [ -83.150893530341776, 35.097622599514196 ], [ -83.150850376524403, 35.097117509451238 ], [ -83.150850196931799, 35.097113019742892 ], [ -83.150851227986124, 35.097108646338775 ], [ -83.150997611812173, 35.096593337918748 ], [ -83.150998408725386, 35.096590674051811 ], [ -83.151089745551459, 35.096300133677587 ], [ -83.151095125331778, 35.096279086770934 ], [ -83.151098190679249, 35.096257580540197 ], [ -83.151098905429336, 35.096235868712817 ], [ -83.151097261149516, 35.096214207441854 ], [ -83.151084434007501, 35.096116169211463 ], [ -83.151080865699456, 35.096096555319079 ], [ -83.151075362451579, 35.09607739411193 ], [ -83.151067978943814, 35.096058875974613 ], [ -83.151058788538236, 35.096041184902226 ], [ -83.151047882550174, 35.096024496672214 ], [ -83.15103536934086, 35.096008977097817 ], [ -83.151021373240809, 35.095994780380593 ], [ -83.150842051969178, 35.095830169277043 ], [ -83.150826105153115, 35.09581698363683 ], [ -83.150808881319932, 35.095805516221219 ], [ -83.150790564834423, 35.095795889778017 ], [ -83.150605260916649, 35.095710426437471 ], [ -83.15058666234917, 35.095702954666116 ], [ -83.150567409323344, 35.095697381957969 ], [ -83.149953575700394, 35.095552609561651 ], [ -83.149948390494416, 35.095551459092825 ], [ -83.149479597669355, 35.095453958147075 ], [ -83.149475097356898, 35.095452798929983 ], [ -83.149471611424289, 35.095449725679273 ], [ -83.149091951314276, 35.095081868322595 ], [ -83.14908911955925, 35.09507888883649 ], [ -83.149086542670474, 35.095075686366094 ], [ -83.148803869461432, 35.094693135353083 ], [ -83.14879345950969, 35.094680206302215 ], [ -83.14878201328726, 35.094668185010946 ], [ -83.148769609637867, 35.094657154284171 ], [ -83.148335126709966, 35.094301929126132 ], [ -83.148332883176323, 35.094300039277393 ], [ -83.148023991720692, 35.094032000021365 ], [ -83.147717941530615, 35.093766428344288 ], [ -83.147714201575269, 35.093762823584839 ], [ -83.147711291620496, 35.093758520827485 ], [ -83.1474869582689, 35.093386264356155 ], [ -83.147485120875217, 35.093382934691981 ], [ -83.147483542345256, 35.093379474789664 ], [ -83.147308655864521, 35.092953918979568 ], [ -83.147300484671902, 35.092936476029465 ], [ -83.147076130454195, 35.092512046342023 ], [ -83.147074185225264, 35.092507919890075 ], [ -83.147073030060412, 35.092503526335392 ], [ -83.147028480738157, 35.092296277511103 ], [ -83.147027608242325, 35.09229170236118 ], [ -83.146978744921469, 35.091998519959773 ], [ -83.146978205816822, 35.09199402384214 ], [ -83.146979710790376, 35.091989752921592 ], [ -83.147096837797321, 35.091700379104559 ], [ -83.147097142784432, 35.091699621156096 ], [ -83.147114539841965, 35.091656130005056 ], [ -83.147119033925776, 35.09164372307638 ], [ -83.147264426037978, 35.091196811932512 ], [ -83.147266225702879, 35.091192103878697 ], [ -83.147268491679753, 35.091187601666959 ], [ -83.147371864962338, 35.091005739987949 ], [ -83.147375953791979, 35.090998172316262 ], [ -83.147413323750186, 35.090925302713266 ], [ -83.14741469714015, 35.090922718514186 ], [ -83.147683969870258, 35.090433462751783 ], [ -83.147692843001693, 35.090415203900591 ], [ -83.147699819475207, 35.090396139616551 ], [ -83.147704827412511, 35.090376466318091 ], [ -83.147707815217061, 35.090356386698261 ], [ -83.147708752105657, 35.090336107636446 ], [ -83.147708049420942, 35.090183569089831 ], [ -83.147706360499356, 35.090158537408371 ], [ -83.147671788739856, 35.089894371742787 ], [ -83.14766786620801, 35.089873272445672 ], [ -83.147661705478811, 35.089852714916375 ], [ -83.147545736212052, 35.089529856547337 ], [ -83.14754425444319, 35.089524949299133 ], [ -83.147543809674801, 35.089519842548128 ], [ -83.147529198419974, 35.08910587895322 ], [ -83.147529474741489, 35.089094137131738 ], [ -83.147558818782016, 35.088738561489741 ], [ -83.147559467364246, 35.088718706343123 ], [ -83.147558142995095, 35.088698884800486 ], [ -83.147554858741046, 35.088679292424892 ], [ -83.147549647005164, 35.088660122518391 ], [ -83.147542559207409, 35.088641564214882 ], [ -83.147481695369052, 35.088503238087874 ], [ -83.147474382966237, 35.088488330525159 ], [ -83.147465859174275, 35.088474080906522 ], [ -83.147299144941982, 35.088219954025099 ], [ -83.147289443319409, 35.088206428357452 ], [ -83.147278650579409, 35.088193756264914 ], [ -83.147039115989543, 35.08793513470691 ], [ -83.146791025399892, 35.087666288227261 ], [ -83.146788161523517, 35.087662891780155 ], [ -83.146786300897489, 35.087658857363003 ], [ -83.146686928734226, 35.087415297993942 ], [ -83.146684997043423, 35.087410726454685 ], [ -83.146580032447744, 35.087170669027721 ], [ -83.146578247768375, 35.087165945535453 ], [ -83.146577967386065, 35.08716090392393 ], [ -83.146577011207967, 35.08695337832318 ], [ -83.146577353670693, 35.08694463807398 ], [ -83.146608579051914, 35.086568983534377 ], [ -83.146609265999189, 35.08655200171939 ], [ -83.14660850867989, 35.086535022897166 ], [ -83.146599068577558, 35.086426885154701 ], [ -83.146598906177928, 35.086425115615377 ], [ -83.146584080172389, 35.086271090108454 ], [ -83.146580913526634, 35.08625002833557 ], [ -83.146575525098172, 35.086229422735336 ], [ -83.146567975995254, 35.08620950698861 ], [ -83.146486969155589, 35.086025940037466 ], [ -83.146478806181207, 35.08600952361315 ], [ -83.146469174198288, 35.085993923675879 ], [ -83.146458154147552, 35.085979271317036 ], [ -83.146445838634094, 35.085965689665208 ], [ -83.146332868729274, 35.085852039625628 ], [ -83.146318980391044, 35.085839324969726 ], [ -83.146303957880676, 35.085827972763084 ], [ -83.146287934353339, 35.085818083628375 ], [ -83.146271051836948, 35.085809745220018 ], [ -83.146104374789061, 35.085736970797292 ], [ -83.146081080128411, 35.085728476977607 ], [ -83.145786899614208, 35.085641452641994 ], [ -83.145782103331186, 35.085639762517175 ], [ -83.145777750778109, 35.085637132662754 ], [ -83.145507855769822, 35.085454584873936 ], [ -83.145506139376209, 35.085453397672282 ], [ -83.145244052639597, 35.085268043533354 ], [ -83.144985872281737, 35.085085741027363 ], [ -83.144982191494009, 35.085082870690975 ], [ -83.144981066201936, 35.085078340707653 ], [ -83.14492804664205, 35.084811279288679 ], [ -83.144875051995115, 35.084540312948732 ], [ -83.144874928437048, 35.084539686495795 ], [ -83.144767114210211, 35.083997615825233 ], [ -83.144752147188882, 35.083919814061204 ], [ -83.144751825514533, 35.083918178691754 ], [ -83.144715815442069, 35.083739050694668 ], [ -83.144708192067441, 35.083711496777838 ], [ -83.144584006734675, 35.083362045495335 ], [ -83.144529155942706, 35.083207464816574 ], [ -83.144457005985174, 35.083000905416561 ], [ -83.144455157140996, 35.082995038066883 ], [ -83.144378016454098, 35.082721090680096 ], [ -83.144300016115125, 35.082443090221318 ], [ -83.144222517184573, 35.082167867166739 ], [ -83.144221538696911, 35.082164114830029 ], [ -83.144161006273436, 35.081912062750582 ], [ -83.144087046400372, 35.081603230683456 ], [ -83.144086935351481, 35.081602769396341 ], [ -83.144020697772561, 35.08132905169348 ], [ -83.144018321981903, 35.081314775712421 ], [ -83.143992061921978, 35.081031344900516 ], [ -83.143988762698612, 35.081009254429638 ], [ -83.143983020891355, 35.080987669587095 ], [ -83.143841264606266, 35.080553897235831 ], [ -83.143839040836539, 35.080546011550148 ], [ -83.143754079830359, 35.080189373172729 ], [ -83.143680213013809, 35.079873945443971 ], [ -83.143679761059033, 35.079872056844053 ], [ -83.14367185526136, 35.07983971510437 ], [ -83.14366474114388, 35.079816714617813 ], [ -83.143553091314786, 35.07952026664767 ], [ -83.143438667730919, 35.079213812175936 ], [ -83.143437385015233, 35.079210162798134 ], [ -83.143343420626991, 35.078925333754754 ], [ -83.143342200482664, 35.078920976468105 ], [ -83.143342616880972, 35.078916480163635 ], [ -83.143359809674038, 35.078792310796409 ], [ -83.143360155146482, 35.078789688186781 ], [ -83.143365687110119, 35.078745434705503 ], [ -83.143367101528042, 35.078727840905998 ], [ -83.143366959247928, 35.078710190916894 ], [ -83.143365261377937, 35.078692622206169 ], [ -83.143257686146242, 35.077931915015327 ], [ -83.143257254958129, 35.077927182304443 ], [ -83.143261832394984, 35.077925904983481 ], [ -83.143473431109669, 35.077878031876352 ], [ -83.143478009702633, 35.077877218803664 ], [ -83.143482659634088, 35.077877271116378 ], [ -83.144095378260005, 35.077912848375412 ], [ -83.144100592823207, 35.077913288337214 ], [ -83.144449696971265, 35.077951967459164 ], [ -83.1451504682489, 35.078031713139602 ], [ -83.145155495764541, 35.078032414960177 ], [ -83.146065385724071, 35.078183071884609 ], [ -83.146076456205407, 35.07818555787194 ], [ -83.146729039934513, 35.07837158918575 ], [ -83.146739008344625, 35.078374155429529 ], [ -83.147358967914897, 35.078516851631051 ], [ -83.147377104973032, 35.078520154372285 ], [ -83.147395469092118, 35.078521773046894 ], [ -83.148115169931614, 35.07855188235915 ], [ -83.148120800374841, 35.078552277374413 ], [ -83.148740475038679, 35.078613371504922 ], [ -83.148757002178584, 35.078614312525303 ], [ -83.148773550527537, 35.078613883550481 ], [ -83.149192221660016, 35.078585658771004 ], [ -83.149211648762758, 35.078583390525857 ], [ -83.149627306402166, 35.078514114682335 ], [ -83.149628677340246, 35.07851389596366 ], [ -83.150219565666788, 35.07842382745249 ], [ -83.15023036351991, 35.078421877075975 ], [ -83.150927826621341, 35.078276034346402 ], [ -83.151607928435993, 35.078135012872842 ], [ -83.152262509291958, 35.077999720406751 ], [ -83.152269516179899, 35.077998530169786 ], [ -83.152688099083861, 35.07794265350033 ], [ -83.152697924499563, 35.077941832578695 ], [ -83.153515085379667, 35.077914031115903 ], [ -83.153516898442945, 35.077913985887903 ], [ -83.15426501294688, 35.077902110814676 ], [ -83.154278944676435, 35.07790140312558 ], [ -83.155362232498575, 35.077808408765719 ], [ -83.155366989423783, 35.077808228502192 ], [ -83.15537174185792, 35.077808502730008 ], [ -83.15586206368026, 35.077860373120394 ], [ -83.155873802104892, 35.077862327546157 ], [ -83.156453122010973, 35.077994659258749 ], [ -83.156458868837248, 35.077996341451858 ], [ -83.156464372066367, 35.07799870159112 ], [ -83.156932899987069, 35.078233950572624 ], [ -83.156937030466338, 35.078236146956542 ], [ -83.157217014706163, 35.078393538839755 ], [ -83.157234521707167, 35.078402282077043 ], [ -83.157252799357153, 35.078409272555788 ], [ -83.157271672675378, 35.078414443352784 ], [ -83.157290960978457, 35.078417744965485 ], [ -83.157310479610175, 35.078419145785965 ], [ -83.157330041709258, 35.078418632403498 ], [ -83.157349459998315, 35.078416209732936 ], [ -83.157368548576684, 35.078411900967673 ], [ -83.157531977476879, 35.078366504232577 ], [ -83.157549415718165, 35.078360786453544 ], [ -83.157566256445023, 35.078353494322506 ], [ -83.15758235786474, 35.078344689236516 ], [ -83.157597584409302, 35.078334445331166 ], [ -83.157611807876819, 35.078322848856352 ], [ -83.15772886803515, 35.07821811081714 ], [ -83.157904631734795, 35.078061372905616 ], [ -83.157921858726525, 35.078044006356343 ], [ -83.157936836781602, 35.078024666652517 ], [ -83.15821053879786, 35.0776226923876 ], [ -83.158220925626395, 35.077605671614286 ], [ -83.158229565994731, 35.077587701167253 ], [ -83.158236374019097, 35.07756895966957 ], [ -83.158241282028953, 35.077549633408402 ], [ -83.158244241239544, 35.077529914483385 ], [ -83.158245222236843, 35.077509998897135 ], [ -83.158244215269903, 35.077490084607064 ], [ -83.158241230347812, 35.077470369557702 ], [ -83.158144737165813, 35.076994676276634 ], [ -83.158144131121489, 35.076990982583915 ], [ -83.158143803589709, 35.076987253860466 ], [ -83.158111600930312, 35.07634514913677 ], [ -83.158108914608391, 35.076321015477461 ], [ -83.158037051129753, 35.075906344322249 ], [ -83.158036930606016, 35.075905656017511 ], [ -83.157965841400468, 35.075503802656705 ], [ -83.157965233536956, 35.075499016476293 ], [ -83.157966491501512, 35.075494358736108 ], [ -83.158111468539289, 35.075045711617875 ], [ -83.158113193459911, 35.075041157332102 ], [ -83.158117171869804, 35.075038348573216 ], [ -83.158675680800272, 35.07468410011861 ], [ -83.158682455592924, 35.074680166547502 ], [ -83.159646313328452, 35.074169947498575 ], [ -83.159653818311341, 35.074166366108173 ], [ -83.160321942090448, 35.073881021060302 ], [ -83.161663353198094, 35.073308978041737 ], [ -83.161672805039373, 35.073305499064482 ], [ -83.162039757106299, 35.073191073130275 ], [ -83.162040224261744, 35.07319092683057 ], [ -83.162411757556242, 35.073074073771714 ], [ -83.162758994350781, 35.072965794784793 ], [ -83.162775320095506, 35.072959915430744 ], [ -83.162791074778198, 35.072952643105268 ], [ -83.16280613980679, 35.072944032550204 ], [ -83.163075118271522, 35.072774406321329 ], [ -83.163091009420896, 35.072763272080756 ], [ -83.163105746832159, 35.072750650327663 ], [ -83.163119191789434, 35.07273665986429 ], [ -83.163131217742091, 35.072721432375836 ], [ -83.163141711495854, 35.072705111191027 ], [ -83.163282916141114, 35.072460129502161 ], [ -83.163283065328116, 35.072459870223589 ], [ -83.163446529888844, 35.072175285938258 ], [ -83.163449177146845, 35.072171163043024 ], [ -83.163452913388198, 35.072167993383722 ], [ -83.163911442074095, 35.071816422201145 ], [ -83.163912547284568, 35.071815586887162 ], [ -83.164204861584537, 35.071597821805376 ], [ -83.164215565937326, 35.0715908646389 ], [ -83.164593326568479, 35.071378374057829 ], [ -83.164594652673358, 35.071377621454175 ], [ -83.164713512068076, 35.071309564915133 ], [ -83.164722710796823, 35.071304910650483 ], [ -83.164848727301447, 35.071249116955862 ], [ -83.165191570890357, 35.07109850335835 ], [ -83.165198354292457, 35.07109537092159 ], [ -83.165487862251538, 35.070955062824467 ], [ -83.165779991427073, 35.070814000247879 ], [ -83.166071862915729, 35.070673062548337 ], [ -83.166072120463042, 35.07067293795771 ], [ -83.166357569967118, 35.070534597383656 ], [ -83.166372091675086, 35.070526805025239 ], [ -83.166650768341668, 35.070362131725638 ], [ -83.166651212959422, 35.070361868220139 ], [ -83.166932503616195, 35.070194668055507 ], [ -83.166937067418047, 35.070192268285354 ], [ -83.166942212296803, 35.070191925639115 ], [ -83.167775756932372, 35.070180003432263 ], [ -83.168026393095801, 35.070177007126702 ], [ -83.168027589591873, 35.07017699998562 ], [ -83.168071531040454, 35.070177000667421 ], [ -83.168076451260561, 35.070176940213209 ], [ -83.168170058347869, 35.070174638132414 ], [ -83.168187211497312, 35.070173477115027 ], [ -83.168204201559348, 35.070170847231175 ], [ -83.168220902986548, 35.07016676791428 ], [ -83.168225486511986, 35.07016543722068 ], [ -83.168228508900341, 35.070164610876347 ], [ -83.168338771829951, 35.07013631313287 ], [ -83.168341205650876, 35.07013567217107 ], [ -83.168650564070873, 35.070052115730476 ], [ -83.169104739662302, 35.06993159741409 ], [ -83.169109268604558, 35.069930507922557 ], [ -83.169754990822426, 35.069791000504658 ], [ -83.170078642110511, 35.069721075802676 ], [ -83.170403641727887, 35.069652074696741 ], [ -83.170404340693139, 35.069651924992606 ], [ -83.170727345580161, 35.069582139983176 ], [ -83.170728639597655, 35.069581869351815 ], [ -83.170903125114407, 35.069546579563941 ], [ -83.170908838941799, 35.06954533672738 ], [ -83.171051036533441, 35.069512222527393 ], [ -83.171052949272109, 35.069511796812435 ], [ -83.171370765999413, 35.069444322139653 ], [ -83.171383119364293, 35.06944128585674 ], [ -83.1717397013294, 35.069341516820508 ], [ -83.171762433207746, 35.069333654680186 ], [ -83.171784056858442, 35.069323120484725 ], [ -83.171908586679535, 35.069252891499076 ], [ -83.171925533899795, 35.069242180446594 ], [ -83.171941323630776, 35.069229826527547 ], [ -83.171955797211353, 35.069215953878725 ], [ -83.172120819665366, 35.069041090594133 ], [ -83.1721328260722, 35.069027133580754 ], [ -83.172143498182237, 35.069012131644392 ], [ -83.172152745562173, 35.068996211908477 ], [ -83.172160489851549, 35.068979509273667 ], [ -83.172166665426786, 35.068962165274769 ], [ -83.172248383792564, 35.068694223125 ], [ -83.172253160633744, 35.068675294516105 ], [ -83.172256069294122, 35.068655990367823 ], [ -83.172257082060696, 35.068636494605457 ], [ -83.17225799031057, 35.068341308398715 ], [ -83.172257991257283, 35.06834069286036 ], [ -83.172257990993899, 35.068025393310208 ], [ -83.172257287720626, 35.068008635950193 ], [ -83.172230096794948, 35.067685255151936 ], [ -83.172229870037356, 35.067682747493194 ], [ -83.172212161162307, 35.067499759109893 ], [ -83.172211883040177, 35.067496237388966 ], [ -83.172203073406791, 35.067352337040099 ], [ -83.172202891818145, 35.067349664466121 ], [ -83.172180015360397, 35.067043322416751 ], [ -83.172159003602459, 35.066749176591621 ], [ -83.172154983568674, 35.066721108620619 ], [ -83.172094991497843, 35.066444000317077 ], [ -83.172032999383902, 35.066157656582909 ], [ -83.172030762807566, 35.0661483977279 ], [ -83.171963216668274, 35.065895336557183 ], [ -83.171958057095779, 35.065878887332858 ], [ -83.171927427050264, 35.065794203651343 ], [ -83.17192654096641, 35.065791802036443 ], [ -83.171889144201543, 35.065692406402292 ], [ -83.17182292225246, 35.065514054908213 ], [ -83.171816329305187, 35.065498376258574 ], [ -83.171808428057716, 35.065483314475927 ], [ -83.171799275653228, 35.065468978489726 ], [ -83.171683457449305, 35.06530352414417 ], [ -83.171673467704409, 35.065290435040637 ], [ -83.171662435121121, 35.065278212040162 ], [ -83.171545100642646, 35.065158514775746 ], [ -83.171530613883419, 35.065145125983108 ], [ -83.171514878640579, 35.065133229425037 ], [ -83.171498047988919, 35.065122940833021 ], [ -83.171357413549202, 35.065046230202569 ], [ -83.171139170306134, 35.064925822998582 ], [ -83.17112472192639, 35.064918596810543 ], [ -83.171109737472364, 35.064912560287659 ], [ -83.170724857249098, 35.064775302100365 ], [ -83.170709829219248, 35.064770600815805 ], [ -83.170694477915092, 35.064767096358878 ], [ -83.170295020528812, 35.064692316236979 ], [ -83.170281222027654, 35.064688696595745 ], [ -83.169910349373836, 35.064562483367624 ], [ -83.169906095952939, 35.064560813779138 ], [ -83.169902458964884, 35.064558047657187 ], [ -83.169714032028281, 35.064400542091555 ], [ -83.169711100983804, 35.064397887845772 ], [ -83.169708389300041, 35.064395009857826 ], [ -83.169557776867208, 35.064221903703498 ], [ -83.169556194621364, 35.064220106982219 ], [ -83.169519436415612, 35.064178866464438 ], [ -83.169516235095045, 35.064174876945224 ], [ -83.169514909988663, 35.064169936417898 ], [ -83.169427809089299, 35.063761829461654 ], [ -83.169427143812456, 35.063757979662306 ], [ -83.169426781733677, 35.063754089617568 ], [ -83.169406005333684, 35.063367255493972 ], [ -83.169405977317084, 35.063366745992461 ], [ -83.169384021889599, 35.062976551322294 ], [ -83.169383965943652, 35.062975448524661 ], [ -83.169367997071831, 35.062622131940756 ], [ -83.169367984996143, 35.062621868609831 ], [ -83.169365995211592, 35.062579093985448 ], [ -83.169348997076213, 35.062206120261543 ], [ -83.169336195327858, 35.061917596745715 ], [ -83.169336202962953, 35.061913010108029 ], [ -83.169337047931975, 35.061908521657145 ], [ -83.169422789574881, 35.061545095550905 ], [ -83.169424242497001, 35.06154011848421 ], [ -83.169427161831678, 35.0615358336672 ], [ -83.169665762038377, 35.061222244332427 ], [ -83.16966916772131, 35.061218231450631 ], [ -83.169673928370003, 35.061215986874338 ], [ -83.170072082611043, 35.06105359474703 ], [ -83.170076044934405, 35.061052170554191 ], [ -83.170080113238228, 35.061051085548485 ], [ -83.170915168989353, 35.060865736273904 ], [ -83.170930648724138, 35.060861643863142 ], [ -83.171078749295049, 35.060816074513532 ], [ -83.171096943043068, 35.06080949747885 ], [ -83.171114416220092, 35.060801193387285 ], [ -83.171131005334047, 35.060791239938098 ], [ -83.171146555164782, 35.060779730263206 ], [ -83.171160920216494, 35.0607667720557 ], [ -83.171173966079024, 35.060752486562258 ], [ -83.171185570685566, 35.060737007448608 ], [ -83.171195625454743, 35.060720479548884 ], [ -83.171204036306634, 35.060703057510466 ], [ -83.17121072454303, 35.060684904346935 ], [ -83.171215627583805, 35.060666189912844 ], [ -83.171218699552441, 35.060647089314401 ], [ -83.171219911705322, 35.060627781271059 ], [ -83.171219252700638, 35.060608446443283 ], [ -83.171216728704508, 35.060589265742152 ], [ -83.171212363333353, 35.060570418636622 ], [ -83.171206197432824, 35.060552081474277 ], [ -83.171198288695692, 35.060534425831293 ], [ -83.171188711122014, 35.060517616907035 ], [ -83.171177554326704, 35.060501811978355 ], [ -83.171164922701067, 35.060487158927955 ], [ -83.171150934436014, 35.060473794860712 ], [ -83.171135720416217, 35.060461844820807 ], [ -83.170943083285437, 35.060325065634871 ], [ -83.170942898451869, 35.060324934553918 ], [ -83.170727265330726, 35.060172194580794 ], [ -83.170408361365702, 35.059944691780458 ], [ -83.170403571616419, 35.059941378978394 ], [ -83.170133342257003, 35.059760235526774 ], [ -83.170132640095986, 35.059759766990197 ], [ -83.169862703811845, 35.059580466598746 ], [ -83.169855513280822, 35.059575214234187 ], [ -83.169516970697671, 35.059303994817547 ], [ -83.169496075269834, 35.059289341180239 ], [ -83.169009932841803, 35.058992794122076 ], [ -83.169003990033858, 35.058989308018695 ], [ -83.168278895559851, 35.058580582951528 ], [ -83.168258517960055, 35.05857057549337 ], [ -83.167895100966618, 35.058417046598386 ], [ -83.167894880561178, 35.058416953641341 ], [ -83.167825680469051, 35.058387816905181 ], [ -83.16781211511352, 35.058382676057114 ], [ -83.167397023422581, 35.058242362988878 ], [ -83.16738890584179, 35.058239810104183 ], [ -83.167290054847612, 35.058211018704121 ], [ -83.166994008168686, 35.058125005245088 ], [ -83.166601712397167, 35.058010954249077 ], [ -83.166588608814138, 35.058006128091336 ], [ -83.166097774640349, 35.057785252567989 ], [ -83.166092289709852, 35.057782580192303 ], [ -83.165742990738238, 35.057599000344702 ], [ -83.165391356054158, 35.057414191933795 ], [ -83.164939954413853, 35.057174572891377 ], [ -83.164933976791744, 35.057171527162005 ], [ -83.164587198274148, 35.057002101004457 ], [ -83.16423699114749, 35.056830000007821 ], [ -83.163918095957271, 35.056673285719803 ], [ -83.163897031887103, 35.056664390575499 ], [ -83.163875090190899, 35.056657957799139 ], [ -83.163852557656853, 35.056654071470106 ], [ -83.163738673966193, 35.056641078145887 ], [ -83.163709147029934, 35.056637503655459 ], [ -83.163705027346225, 35.056636827790847 ], [ -83.163700965111261, 35.056635805240411 ], [ -83.163641685509802, 35.056618206282081 ], [ -83.163640295876831, 35.056617799195266 ], [ -83.163468438665021, 35.056568129203463 ], [ -83.163411121438145, 35.056551274044331 ], [ -83.163388550509552, 35.056546035706837 ], [ -83.163059282183355, 35.056489485164633 ], [ -83.163038919667272, 35.056487054723178 ], [ -83.163018415313417, 35.056486722187955 ], [ -83.162697081476054, 35.056497997193127 ], [ -83.162346154085299, 35.056509994963037 ], [ -83.16234582860308, 35.056510006356199 ], [ -83.162011330785987, 35.056521987785914 ], [ -83.162010652336789, 35.056522013240482 ], [ -83.161909577307327, 35.056525977258886 ], [ -83.161669153247175, 35.056533994473988 ], [ -83.161668825930306, 35.056534005657049 ], [ -83.161329468684528, 35.056545878271997 ], [ -83.161322519299404, 35.056546242541053 ], [ -83.160911008030652, 35.05657499941519 ], [ -83.160505336776751, 35.056603415916989 ], [ -83.160488723982581, 35.05660527997285 ], [ -83.15974328178612, 35.056720645780082 ], [ -83.159738708733755, 35.056721407886592 ], [ -83.159718947561302, 35.05672493698804 ], [ -83.159707111206686, 35.056727422290706 ], [ -83.159349327471276, 35.056813919196962 ], [ -83.159181260354643, 35.056853935870244 ], [ -83.159180721845047, 35.056854064877051 ], [ -83.158991116276013, 35.05689976493796 ], [ -83.158985954941016, 35.056900724476904 ], [ -83.158980721295848, 35.05690113563832 ], [ -83.158558160328681, 35.056911995711658 ], [ -83.158557821558986, 35.056912004705453 ], [ -83.158489472507028, 35.05691387721297 ], [ -83.158480517640271, 35.056913721120566 ], [ -83.158122594391841, 35.0568914123307 ], [ -83.158109499425407, 35.056889721813832 ], [ -83.157786177218668, 35.05682602195386 ], [ -83.157775941037812, 35.056823436834222 ], [ -83.157380003650474, 35.056700861862403 ], [ -83.157367873527818, 35.056697520884271 ], [ -83.156963822193106, 35.056599796332563 ], [ -83.156943850839326, 35.056596028430384 ], [ -83.156923600206966, 35.056594306818404 ], [ -83.156591163744835, 35.056583006213195 ], [ -83.156590817791511, 35.056582994752816 ], [ -83.156498212783475, 35.056580007253864 ], [ -83.156239481375508, 35.056571086576369 ], [ -83.156234507555396, 35.056570790847573 ], [ -83.156095574457098, 35.056559049905481 ], [ -83.155732150008362, 35.056526195055156 ], [ -83.155727842753208, 35.056525711276556 ], [ -83.155265533431859, 35.056463610048404 ], [ -83.155261038179972, 35.056462795064753 ], [ -83.155256636374901, 35.056461572117549 ], [ -83.155201255225464, 35.056443414904344 ], [ -83.155198721141105, 35.056442602712039 ], [ -83.154840944447088, 35.05633055184105 ], [ -83.154831225177915, 35.056326944388189 ], [ -83.154435127047606, 35.056156058593352 ], [ -83.154434854766876, 35.056155941364494 ], [ -83.154044948891567, 35.055988412107233 ], [ -83.154043041894141, 35.055987569076628 ], [ -83.154039804895334, 35.055986097558133 ], [ -83.154025964173186, 35.055980420248069 ], [ -83.152731885035777, 35.055505328835132 ], [ -83.152730103922138, 35.055504655628837 ], [ -83.152068104886681, 35.055247210873425 ], [ -83.152061965123224, 35.055244583856414 ], [ -83.151458082656262, 35.05496197905584 ], [ -83.151453948055632, 35.054959926501816 ], [ -83.151044991340981, 35.054745000554043 ], [ -83.150650116028288, 35.054537474617412 ], [ -83.150633673977111, 35.054529764905418 ], [ -83.150616600389469, 35.054523578362669 ], [ -83.15029399159107, 35.054423000125773 ], [ -83.149963864121332, 35.054320078226617 ], [ -83.149943852784475, 35.054314956755881 ], [ -83.149567040532816, 35.05423900973075 ], [ -83.149187389136259, 35.054162292895128 ], [ -83.149174816448138, 35.054158885834639 ], [ -83.14881744181811, 35.054036524080374 ], [ -83.148808702514586, 35.054033064676972 ], [ -83.148479276365393, 35.053884385504496 ], [ -83.148474164025529, 35.053881711421852 ], [ -83.14846939535181, 35.053878463886385 ], [ -83.148143626049546, 35.05362779683395 ], [ -83.148140149269096, 35.0536248582967 ], [ -83.148137601540299, 35.053621085754237 ], [ -83.148026429752406, 35.053438994991922 ], [ -83.148024192883426, 35.053434913381871 ], [ -83.148022754571784, 35.053430486827459 ], [ -83.147925693435468, 35.05307616391049 ], [ -83.147920250977776, 35.053059275358194 ], [ -83.147913333075948, 35.053042935646495 ], [ -83.147800576960549, 35.052806423478735 ], [ -83.14779508498421, 35.052795741809334 ], [ -83.147646126472665, 35.052526244517765 ], [ -83.147354341814776, 35.051994851569944 ], [ -83.147343045416264, 35.05197666043491 ], [ -83.147329868902759, 35.051959781290826 ], [ -83.14714201192659, 35.051744024075717 ], [ -83.146944376505999, 35.05151718142357 ], [ -83.146933118566594, 35.051505281061083 ], [ -83.146671124195692, 35.051250130106574 ], [ -83.146670857667672, 35.05124987102252 ], [ -83.146401992305769, 35.050989000405146 ], [ -83.146135524598648, 35.050730458860556 ], [ -83.146130637050106, 35.050725369732127 ], [ -83.145844106209225, 35.05040512792381 ], [ -83.145558244322146, 35.050084527524589 ], [ -83.14555391391221, 35.050079326658782 ], [ -83.145182503150764, 35.049601232976784 ], [ -83.145177752649786, 35.049594572215277 ], [ -83.144809014885496, 35.049030035833759 ], [ -83.144442991122418, 35.048470177413513 ], [ -83.144430024525789, 35.04845253436276 ], [ -83.144200056968003, 35.048173080170891 ], [ -83.143729935421277, 35.047600584555603 ], [ -83.143723884980346, 35.047593555414217 ], [ -83.143360512267421, 35.047190687111254 ], [ -83.143357547437873, 35.047187245990052 ], [ -83.142854369323658, 35.046575674711903 ], [ -83.1428515774289, 35.046572355418498 ], [ -83.14234405510517, 35.045982074054336 ], [ -83.142089982222089, 35.04568715078036 ], [ -83.1420880355154, 35.045684820442844 ], [ -83.141909997675725, 35.045464997994451 ], [ -83.141898120692687, 35.045451606226173 ], [ -83.141885093929304, 35.04543933000447 ], [ -83.141871021730665, 35.045428267662537 ], [ -83.141675674469425, 35.045288378997121 ], [ -83.141656352421805, 35.045276150246437 ], [ -83.141635760797428, 35.045266206963618 ], [ -83.141290080384579, 35.045123037195459 ], [ -83.140923490924948, 35.044971620032868 ], [ -83.140920513074036, 35.044970333119316 ], [ -83.140409136331215, 35.044739420396979 ], [ -83.140402951692465, 35.044736366635831 ], [ -83.139956217192662, 35.04449627193469 ], [ -83.139952147979756, 35.044493826530463 ], [ -83.139949290257434, 35.044490035499031 ], [ -83.139813529719817, 35.044290727147249 ], [ -83.139808798976205, 35.044283060883224 ], [ -83.139680611648373, 35.04405270871262 ], [ -83.139678266071215, 35.04404790143942 ], [ -83.139677002585302, 35.044042703823678 ], [ -83.139633821102763, 35.04381144197005 ], [ -83.139632566484551, 35.04380250120024 ], [ -83.139602379481474, 35.04348311226186 ], [ -83.139602161494423, 35.043478998361017 ], [ -83.139602622529694, 35.043474918700426 ], [ -83.139653946470247, 35.043143287971397 ], [ -83.139654034586925, 35.043142713074189 ], [ -83.139704590565529, 35.042809638891036 ], [ -83.139705531923028, 35.042804386045098 ], [ -83.139754842992218, 35.042566048358061 ], [ -83.139757951188685, 35.042545893902407 ], [ -83.139758990879557, 35.042525527704655 ], [ -83.139758991246751, 35.042301896408532 ], [ -83.139757693462911, 35.04227914900801 ], [ -83.139753816879619, 35.042256696823806 ], [ -83.139737136827392, 35.042184799584895 ], [ -83.139731357504417, 35.042164718731605 ], [ -83.139723514546048, 35.04214535047803 ], [ -83.139713693566264, 35.042126906248612 ], [ -83.1395826937284, 35.041909130535132 ], [ -83.139572279404277, 35.041893524822598 ], [ -83.139560448575764, 35.041878963644493 ], [ -83.139341464030579, 35.041633887306965 ], [ -83.139334320175365, 35.041626299764665 ], [ -83.139227403847499, 35.041518513256648 ], [ -83.13921449154212, 35.041506592221623 ], [ -83.139200582606051, 35.041495850703861 ], [ -83.138953482294667, 35.041321799326518 ], [ -83.138940692515931, 35.041313501292407 ], [ -83.13892730780411, 35.04130620161434 ], [ -83.138620497804553, 35.041153749063007 ], [ -83.138617471629416, 35.041152276984207 ], [ -83.138162421585264, 35.040935633658115 ], [ -83.1381590627809, 35.040933875087546 ], [ -83.138155847158714, 35.040931866628284 ], [ -83.137913384425133, 35.04076730317604 ], [ -83.137910097079555, 35.040764869379565 ], [ -83.137907261572664, 35.040761940613876 ], [ -83.137763485310316, 35.04060079549361 ], [ -83.137761103067291, 35.040597915242934 ], [ -83.137758943045668, 35.040594864795381 ], [ -83.137535946422901, 35.040253524348991 ], [ -83.137530540495561, 35.040244183997437 ], [ -83.137388023864489, 35.039964063666659 ], [ -83.137259049499193, 35.039710114717685 ], [ -83.13725893303733, 35.039709885769987 ], [ -83.137115553240648, 35.039428468508483 ], [ -83.137106080255037, 35.039411884310361 ], [ -83.137095068558608, 35.039396279323171 ], [ -83.137082618570602, 35.039381795853892 ], [ -83.13706884382654, 35.039368565982024 ], [ -83.136839886669307, 35.039168782377061 ], [ -83.136838085931785, 35.039167229844544 ], [ -83.136734379423402, 35.039078886928095 ], [ -83.136727873021385, 35.039072824720968 ], [ -83.136461118688914, 35.038801130361243 ], [ -83.13646086321522, 35.038800870630055 ], [ -83.136202500889198, 35.038538680765207 ], [ -83.136190552801082, 35.038527508712264 ], [ -83.136177731698709, 35.038517350419561 ], [ -83.136014392511711, 35.038398475149847 ], [ -83.136007489326602, 35.038393669879802 ], [ -83.135797821491309, 35.038254173258359 ], [ -83.135780096153468, 35.038243655789167 ], [ -83.135761382511163, 35.038235018408116 ], [ -83.135741879305513, 35.038228352845209 ], [ -83.135721793662867, 35.038223729889516 ], [ -83.135562319906441, 35.038195587392075 ], [ -83.135541915259083, 35.038193059739676 ], [ -83.135521358927789, 35.038192640330948 ], [ -83.135272534998435, 35.038200362351439 ], [ -83.135252131582419, 35.0382020438743 ], [ -83.135232006961701, 35.038205802403965 ], [ -83.135005223404477, 35.038260301100962 ], [ -83.134983143624552, 35.038266975143564 ], [ -83.13457930761794, 35.038414952510536 ], [ -83.134562975832651, 35.038421770915328 ], [ -83.134030662772872, 35.038672213777282 ], [ -83.134027291847616, 35.038673724326969 ], [ -83.133627790977314, 35.038843955450062 ], [ -83.133618005597654, 35.038847534644759 ], [ -83.133315168347991, 35.0389407149056 ], [ -83.133310951714762, 35.038941813202925 ], [ -83.133306624798706, 35.038942158812105 ], [ -83.132938008502776, 35.038955563609875 ], [ -83.132914112871489, 35.038957874383364 ], [ -83.132591450438881, 35.039008773121324 ], [ -83.132571265752134, 35.039013034280636 ], [ -83.132551627387073, 35.03901935200772 ], [ -83.132168116780065, 35.039164953102443 ], [ -83.13216786646467, 35.039165048327327 ], [ -83.131768389554253, 35.039317323430176 ], [ -83.131763932194701, 35.039318786331478 ], [ -83.131759357077314, 35.039319823845489 ], [ -83.131545380967822, 35.039357864351146 ], [ -83.131532507845748, 35.039359299981363 ], [ -83.131305929923585, 35.039369771748483 ], [ -83.131301053689455, 35.039369755924902 ], [ -83.131296768624651, 35.039367428666949 ], [ -83.131126550435326, 35.039263776126383 ], [ -83.131122190213773, 35.039260791017192 ], [ -83.13111899114449, 35.039256585263367 ], [ -83.130984951998968, 35.039059356632549 ], [ -83.130982243757742, 35.039054881871039 ], [ -83.130980530961963, 35.039049939767217 ], [ -83.130897507011412, 35.038762254434381 ], [ -83.130896293035349, 35.038756981592044 ], [ -83.130896842548538, 35.038751598782568 ], [ -83.130936221680813, 35.03850187802594 ], [ -83.130937224496876, 35.038497073653858 ], [ -83.130939150447816, 35.038492559415829 ], [ -83.131072017689476, 35.038219339583542 ], [ -83.131078399833626, 35.038204769335373 ], [ -83.131083603884335, 35.038189737976417 ], [ -83.131164549081149, 35.037921929238799 ], [ -83.131169236628253, 35.03790319919559 ], [ -83.131172096268699, 35.037884104429992 ], [ -83.131173101351507, 35.037864822899323 ], [ -83.131173888491588, 35.03765721966024 ], [ -83.131173144117724, 35.037639205388324 ], [ -83.131170780464416, 35.0376213313505 ], [ -83.131166816740389, 35.037603742803746 ], [ -83.131086381660978, 35.037309385629975 ], [ -83.131078636086357, 35.037286553471084 ], [ -83.131068199358907, 35.037264819255526 ], [ -83.130871351120305, 35.036911237762524 ], [ -83.130869228311965, 35.036906947742416 ], [ -83.130869350075798, 35.036902162790604 ], [ -83.130876649767998, 35.036803612636668 ], [ -83.130877197571081, 35.036799076193013 ], [ -83.130879711479693, 35.036795260479259 ], [ -83.130945692053217, 35.036704537194552 ], [ -83.13094922390647, 35.036700212985316 ], [ -83.130953217575282, 35.036696311270056 ], [ -83.131192663333636, 35.036487286323023 ], [ -83.131193318315809, 35.036486712036087 ], [ -83.131419083096176, 35.036287890673108 ], [ -83.131435054579853, 35.03627215014432 ], [ -83.131449163590261, 35.036254720618722 ], [ -83.131576136621106, 35.036078512978456 ], [ -83.131588687162292, 35.036058752509369 ], [ -83.131816365082429, 35.035649123620416 ], [ -83.131826412272204, 35.035628295216995 ], [ -83.131985886302786, 35.035242098478804 ], [ -83.131988258563894, 35.035237146537753 ], [ -83.131991161465038, 35.035232485796818 ], [ -83.132243265993338, 35.034873457597307 ], [ -83.132246861921246, 35.034868650209503 ], [ -83.132439815976369, 35.034626221542368 ], [ -83.132723100100691, 35.034272356359608 ], [ -83.132732474303111, 35.034259649069369 ], [ -83.132740816774842, 35.034246241830211 ], [ -83.132795198604541, 35.034150624886891 ], [ -83.132803749027701, 35.0341337878464 ], [ -83.132810673378799, 35.034116219436378 ], [ -83.132815909927984, 35.034098076277303 ], [ -83.132819411991989, 35.034079520113458 ], [ -83.132821148350288, 35.034060716371052 ], [ -83.13282110352344, 35.0340418326834 ], [ -83.132817902542058, 35.033977350664962 ], [ -83.132816157816421, 35.033959118628083 ], [ -83.132812752529148, 35.033941122649232 ], [ -83.13278040287139, 35.033804694076679 ], [ -83.132774784336974, 35.033785382169611 ], [ -83.132767254603351, 35.033766732215319 ], [ -83.132757889818279, 35.033748932819719 ], [ -83.132746784687271, 35.033732163987054 ], [ -83.1326690025668, 35.033626649724809 ], [ -83.132655110230459, 35.033609811903972 ], [ -83.13263946560896, 35.033594588401158 ], [ -83.13235913509925, 35.033350126234751 ], [ -83.132358846613528, 35.03334987514603 ], [ -83.132067188682697, 35.033096515131056 ], [ -83.132057462502189, 35.033086814887668 ], [ -83.131726194323676, 35.03270752269642 ], [ -83.131721962478636, 35.032702336721854 ], [ -83.131545115578987, 35.032470163404007 ], [ -83.131544866098153, 35.032469836570797 ], [ -83.131369538149656, 35.03224063647184 ], [ -83.131363009290354, 35.032230982863076 ], [ -83.131112774728606, 35.031810001817348 ], [ -83.131109420600069, 35.031803882327857 ], [ -83.130971911333503, 35.031530798908982 ], [ -83.130966846839016, 35.031518872815511 ], [ -83.130934231992782, 35.031425689526969 ], [ -83.13084171551516, 35.031155044317345 ], [ -83.130840277149886, 35.031149966892634 ], [ -83.130840508400041, 35.031144692898323 ], [ -83.130858932444283, 35.030955607966106 ], [ -83.130878609620325, 35.030765687422715 ], [ -83.13087912707681, 35.030762024555074 ], [ -83.130879914937765, 35.03075840822148 ], [ -83.130951908878174, 35.030478320090822 ], [ -83.131025187259993, 35.030197085711073 ], [ -83.131026696673203, 35.030190889487791 ], [ -83.13110899104251, 35.029828000606088 ], [ -83.131174926584151, 35.029537248601038 ], [ -83.13117816665148, 35.029519132500113 ], [ -83.13117972776277, 35.029500795268028 ], [ -83.131179596699667, 35.029482392171239 ], [ -83.13117777457191, 35.029464079033893 ], [ -83.131174276807968, 35.029446010918434 ], [ -83.131169133024386, 35.029428340812622 ], [ -83.131162386774989, 35.029411218334175 ], [ -83.131154095182183, 35.02939478846389 ], [ -83.131035695803945, 35.02918479679176 ], [ -83.131033277989658, 35.029179896437768 ], [ -83.131031988873872, 35.029174586307875 ], [ -83.130998070204839, 35.028991424722342 ], [ -83.130997911112189, 35.028990575859027 ], [ -83.130966859348973, 35.028826847636438 ], [ -83.130962148875852, 35.028807388554 ], [ -83.130881095078038, 35.028533349317748 ], [ -83.130880887086462, 35.028532650789799 ], [ -83.130771117052731, 35.028166435370125 ], [ -83.130763945568731, 35.028146439165212 ], [ -83.130754693607983, 35.028127316413944 ], [ -83.130625137062992, 35.027892265705638 ], [ -83.130488391590859, 35.027642386226248 ], [ -83.130486227202198, 35.027637913967354 ], [ -83.130484994197275, 35.027633100598514 ], [ -83.130382351269319, 35.027128767083148 ], [ -83.130381695935725, 35.027125221077036 ], [ -83.130323477145978, 35.026774970210568 ], [ -83.130318906063778, 35.026754301766516 ], [ -83.130312176113151, 35.026734232209058 ], [ -83.130174187254696, 35.026385203352085 ], [ -83.130166140598689, 35.026367436774734 ], [ -83.130156401682555, 35.026350538447701 ], [ -83.130057784166553, 35.026197224580685 ], [ -83.130047346690247, 35.026182503106853 ], [ -83.130035624727242, 35.026168782382143 ], [ -83.129747639681653, 35.025860969168569 ], [ -83.12973905899986, 35.025850447001133 ], [ -83.12955009190398, 35.025583555591218 ], [ -83.129547949841921, 35.025580404581994 ], [ -83.129322101694044, 35.025234168850815 ], [ -83.129110160220208, 35.024907817749664 ], [ -83.129100155447816, 35.024893776629469 ], [ -83.129088978566571, 35.024880649335294 ], [ -83.129076712634259, 35.024868533418854 ], [ -83.128862801887877, 35.024674726494226 ], [ -83.128845893159465, 35.024661006412124 ], [ -83.128827593094783, 35.024649205845115 ], [ -83.128808118616277, 35.024639464672902 ], [ -83.128787700567472, 35.024631898363879 ], [ -83.128408666250834, 35.024514476217433 ], [ -83.128390814528373, 35.024509836291152 ], [ -83.128372611264453, 35.024506860708343 ], [ -83.12791019444451, 35.024453024069103 ], [ -83.127434462422016, 35.024396648682597 ], [ -83.127429093359382, 35.024395710267591 ], [ -83.127424319284728, 35.02439308032163 ], [ -83.127128473307849, 35.024208176289513 ], [ -83.127121422613527, 35.024203968357767 ], [ -83.126927527802195, 35.024093583375667 ], [ -83.126923186369496, 35.024090802262883 ], [ -83.126920345763565, 35.024086499521673 ], [ -83.126806509142682, 35.023892792600108 ], [ -83.126798539499404, 35.023880313128167 ], [ -83.126789668402822, 35.023868457493265 ], [ -83.126528834596584, 35.023545519823756 ], [ -83.126526161977011, 35.023541886222546 ], [ -83.126523828591843, 35.023538026006683 ], [ -83.126400438346892, 35.023311333801907 ], [ -83.126394489268705, 35.023298237393547 ], [ -83.126216823097707, 35.022817951540375 ], [ -83.126215270781316, 35.022812960422669 ], [ -83.126215349807239, 35.02280773407594 ], [ -83.126248584252323, 35.02231898736401 ], [ -83.126250112240726, 35.022307104659781 ], [ -83.126324966800453, 35.021913387098735 ], [ -83.126326274561151, 35.02190810485547 ], [ -83.126328699968923, 35.021903233538353 ], [ -83.126557050110065, 35.021501415985966 ], [ -83.126560796213397, 35.021494511945022 ], [ -83.126736440264921, 35.021155064031156 ], [ -83.126737528400284, 35.021152929894143 ], [ -83.126826587342052, 35.020975644706795 ], [ -83.126834351003936, 35.020958149664516 ], [ -83.126840406729443, 35.020939992595949 ], [ -83.126844699055539, 35.020921339797589 ], [ -83.126847188669814, 35.020902362106185 ], [ -83.126855819217838, 35.020798078848088 ], [ -83.1268561198778, 35.020793918615077 ], [ -83.12686191817113, 35.020700087710736 ], [ -83.126862170658086, 35.020680589935637 ], [ -83.126860523229595, 35.020661160242824 ], [ -83.126856991545537, 35.020641983324637 ], [ -83.126851609176981, 35.020623241470609 ], [ -83.126844427286969, 35.020605112834723 ], [ -83.12683551414419, 35.02058776974188 ], [ -83.126824954474102, 35.020571377049876 ], [ -83.126812848653486, 35.020556090582311 ], [ -83.126630008393036, 35.02034702019769 ], [ -83.126394111409112, 35.020077137899001 ], [ -83.126161461212632, 35.019809985112154 ], [ -83.126154315858031, 35.01980220487107 ], [ -83.125886338348067, 35.01952545694477 ], [ -83.12588317939209, 35.019521863827919 ], [ -83.125880765993927, 35.019517732847191 ], [ -83.125751329190095, 35.019269485306694 ], [ -83.125749234025875, 35.019264917580472 ], [ -83.125748099182573, 35.019260022075322 ], [ -83.125689701752393, 35.018933966076759 ], [ -83.12568915310996, 35.018929984744112 ], [ -83.125688926653879, 35.018925972172738 ], [ -83.125681074585231, 35.018438146050414 ], [ -83.125681255790482, 35.018433023302805 ], [ -83.125681962264395, 35.018427946268517 ], [ -83.125733978256932, 35.01815706488712 ], [ -83.125786979040726, 35.017880065709889 ], [ -83.125839329871354, 35.017607442219749 ], [ -83.125840530814173, 35.01760053690537 ], [ -83.125897338924574, 35.017236184783172 ], [ -83.125898165637608, 35.017232042974655 ], [ -83.125899674450608, 35.017228114374689 ], [ -83.125964511985416, 35.017078414759581 ], [ -83.125967341846533, 35.017071532767261 ], [ -83.125995798456628, 35.016998494281495 ], [ -83.126088943791146, 35.016763120084825 ], [ -83.126089039181139, 35.01676287858038 ], [ -83.126210967477178, 35.016453598121423 ], [ -83.126212942656593, 35.016448375403819 ], [ -83.126305956134885, 35.016191656411429 ], [ -83.126311233997285, 35.016174799585102 ], [ -83.126315003953081, 35.016157542822405 ], [ -83.12634597016914, 35.015978125601109 ], [ -83.126353372988277, 35.015935556024871 ], [ -83.126355778346337, 35.015916137268349 ], [ -83.126356274617208, 35.015896576400081 ], [ -83.126354857050671, 35.015877060653686 ], [ -83.12635153921542, 35.015857776830892 ], [ -83.126346352869291, 35.015838909513484 ], [ -83.126339347655176, 35.015820639296528 ], [ -83.126330590625926, 35.015803141059735 ], [ -83.126320165602465, 35.015786582293529 ], [ -83.126308172371523, 35.015771121495888 ], [ -83.12629472573046, 35.015756906655184 ], [ -83.126279954388451, 35.01574407383368 ], [ -83.126232246991094, 35.015706560048571 ], [ -83.126229108089746, 35.015703874264219 ], [ -83.126226202140231, 35.015700938008059 ], [ -83.126137344117168, 35.015603387166927 ], [ -83.126034550464908, 35.015489342984907 ], [ -83.126020286845517, 35.015475041650063 ], [ -83.126004653482568, 35.015462251928426 ], [ -83.12598780982816, 35.015451104268465 ], [ -83.125969927678725, 35.01544171237046 ], [ -83.125951189422821, 35.015434172026836 ], [ -83.125681165466887, 35.015341060426579 ], [ -83.125680817068584, 35.015340940648301 ], [ -83.12537619107475, 35.015236524790943 ], [ -83.125349290816757, 35.01522935258771 ], [ -83.124918032356987, 35.01514600844969 ], [ -83.124478841055733, 35.01506132080717 ], [ -83.124465392074526, 35.015057739960191 ], [ -83.123964161790283, 35.014886086308501 ], [ -83.123957786907027, 35.014884021789996 ], [ -83.123485501822984, 35.014739766944892 ], [ -83.123480524865386, 35.014738102779503 ], [ -83.122993787311714, 35.014561017751618 ], [ -83.122988261475967, 35.014558819113709 ], [ -83.122586082204251, 35.014384770996806 ], [ -83.122577825697959, 35.01438141428288 ], [ -83.122240544026539, 35.014252972110789 ], [ -83.122235412616973, 35.014251097826936 ], [ -83.121898075058084, 35.014133079285443 ], [ -83.121891985445387, 35.014130722906891 ], [ -83.121856711288544, 35.014115731457657 ], [ -83.121853257542526, 35.014114301578402 ], [ -83.12160269097518, 35.014013297425144 ], [ -83.121591162349958, 35.014009056923669 ], [ -83.121268821030796, 35.013901609995465 ], [ -83.12126518742204, 35.013900320436186 ], [ -83.120983792005461, 35.013794301966932 ], [ -83.120982188127513, 35.013793705513038 ], [ -83.120812417243584, 35.013731396131959 ], [ -83.120794771504649, 35.013725831452184 ], [ -83.120776687027899, 35.0137219212777 ], [ -83.120582334525949, 35.0136892258651 ], [ -83.120579644937138, 35.013688792218183 ], [ -83.120393172951125, 35.013660028667914 ], [ -83.120128910220984, 35.013618768693135 ], [ -83.120124053465176, 35.013617760584808 ], [ -83.120119320839734, 35.013616274702265 ], [ -83.119668094768926, 35.013449516673987 ], [ -83.119664088402573, 35.013447833463452 ], [ -83.119660655956395, 35.013445168415537 ], [ -83.119399299840524, 35.01322326277382 ], [ -83.119398681201403, 35.013222739667924 ], [ -83.119136094858888, 35.013001613715112 ], [ -83.119133107222765, 35.012998883197334 ], [ -83.119130350721022, 35.012995919518247 ], [ -83.11893171837994, 35.012764181842321 ], [ -83.118917782590358, 35.012749497770365 ], [ -83.118902433759089, 35.012736297710546 ], [ -83.118885829145725, 35.012724716906781 ], [ -83.118868138876252, 35.01271487401258 ], [ -83.118598745266269, 35.012582370680278 ], [ -83.118597234956852, 35.012581635683041 ], [ -83.11852201673787, 35.012545420342533 ], [ -83.118517171751122, 35.012542745267559 ], [ -83.118513038560906, 35.012539064688752 ], [ -83.118298405671894, 35.012325329429714 ], [ -83.118284268308244, 35.012312533984939 ], [ -83.118268976666329, 35.012301143017233 ], [ -83.118252669742745, 35.012291260067201 ], [ -83.118023464115353, 35.012166884119345 ], [ -83.118016678994849, 35.012162847520194 ], [ -83.117844213239323, 35.012050793573451 ], [ -83.117841793753698, 35.012049170986359 ], [ -83.117622066571769, 35.011897128166751 ], [ -83.117616083636193, 35.011892648415959 ], [ -83.117502501615292, 35.011800780912942 ], [ -83.117489141971262, 35.011790865367054 ], [ -83.117475004427931, 35.01178209450579 ], [ -83.11746018681643, 35.011774529023114 ], [ -83.117313964884232, 35.011707386150967 ], [ -83.117295739513068, 35.011700078037109 ], [ -83.117276885336238, 35.011694592355902 ], [ -83.117257584095128, 35.011690981985566 ], [ -83.117151553082635, 35.011676493034301 ], [ -83.117134526987741, 35.011674904272176 ], [ -83.117117427410335, 35.011674775722646 ], [ -83.117100379353488, 35.011676108325453 ], [ -83.116974413156683, 35.011691395913807 ], [ -83.116953344443004, 35.011695105390558 ], [ -83.116932792467964, 35.011701044012923 ], [ -83.116912992372306, 35.011709143835496 ], [ -83.116894170694323, 35.011719312186003 ], [ -83.116876542777987, 35.011731432725576 ], [ -83.116602237395426, 35.011942502838025 ], [ -83.116598900117168, 35.01194485971515 ], [ -83.116595234988509, 35.011946633804762 ], [ -83.116496016208671, 35.011989772183057 ], [ -83.11647275127045, 35.012001754206466 ], [ -83.116258264751025, 35.012130634457208 ], [ -83.116253649610442, 35.012133243609988 ], [ -83.11593210408688, 35.012303940668758 ], [ -83.115931877929754, 35.012304060913202 ], [ -83.115617223486339, 35.012471616631217 ], [ -83.115601202530058, 35.012481131299744 ], [ -83.115417234338295, 35.012602323584581 ], [ -83.115398840530446, 35.012616014876812 ], [ -83.115382134735668, 35.012631721565555 ], [ -83.115126145960929, 35.01290167280456 ], [ -83.115122852119896, 35.012904841874303 ], [ -83.115119281951436, 35.012907696044564 ], [ -83.114887200393298, 35.013076399011446 ], [ -83.11487442561095, 35.013086505220009 ], [ -83.114862515613694, 35.013097617487134 ], [ -83.114714367496816, 35.013247583276829 ], [ -83.114707303799477, 35.013254078157289 ], [ -83.114575858133364, 35.013363773728535 ], [ -83.114571880611393, 35.013366766792778 ], [ -83.114567048161007, 35.013367961169827 ], [ -83.114292053464041, 35.01342140508973 ], [ -83.114285898415844, 35.013422403204522 ], [ -83.113964201544363, 35.013464321176414 ], [ -83.113953738011219, 35.013465128874607 ], [ -83.113351582766455, 35.013479887792052 ], [ -83.113347005747286, 35.013479789770997 ], [ -83.113342542866818, 35.013478859638496 ], [ -83.113153643258045, 35.013430423960855 ], [ -83.113150353966731, 35.013429520489993 ], [ -83.112983422144566, 35.013380592263488 ], [ -83.112972774243431, 35.013376805339426 ], [ -83.112797675345917, 35.013303129261544 ], [ -83.112792377351283, 35.013300716144514 ], [ -83.112630141230056, 35.013221038767206 ], [ -83.112626120450059, 35.013218827862588 ], [ -83.11262285868581, 35.013215600531602 ], [ -83.1125478141022, 35.013134148772124 ], [ -83.11254426022451, 35.013129825944539 ], [ -83.112541763308414, 35.013124817722343 ], [ -83.112459327370104, 35.012933107917689 ], [ -83.112456868053499, 35.012926809849255 ], [ -83.112414140250493, 35.012805424624503 ], [ -83.112381320876736, 35.012710831250608 ], [ -83.11238015106909, 35.012706958837903 ], [ -83.112379298534847, 35.012703002448006 ], [ -83.112325593046108, 35.012393242187265 ], [ -83.112321530515985, 35.0123749492152 ], [ -83.112245878598458, 35.012096623303641 ], [ -83.112238955462971, 35.012075758889729 ], [ -83.112138239458758, 35.011820168877257 ], [ -83.11213596074208, 35.011813753862398 ], [ -83.112071413643889, 35.011610332900922 ], [ -83.112070605274312, 35.011607656045655 ], [ -83.112003647430669, 35.011374182984646 ], [ -83.111996898613469, 35.01135455687303 ], [ -83.111988152269006, 35.011335735814363 ], [ -83.111977502580302, 35.011317922478881 ], [ -83.111839094392309, 35.011111538743648 ], [ -83.111824943515373, 35.011092896708917 ], [ -83.111808711727477, 35.011076035456327 ], [ -83.111647770655708, 35.010927339487196 ], [ -83.111635810487726, 35.010917130901234 ], [ -83.111397147152189, 35.010729122874892 ], [ -83.111154655536282, 35.010537317145186 ], [ -83.111151298786965, 35.010534719453261 ], [ -83.110891518562354, 35.010338054793344 ], [ -83.110876092503887, 35.010327473820468 ], [ -83.110859745355185, 35.010318380361497 ], [ -83.110842620121204, 35.010310853966061 ], [ -83.110335566077595, 35.010115760698802 ], [ -83.110326611250613, 35.010111801364147 ], [ -83.11011248077547, 35.010004291540071 ], [ -83.110097271548995, 35.009997433998002 ], [ -83.110081543691749, 35.009991867943768 ], [ -83.110065406648573, 35.009987632109649 ], [ -83.109777045534784, 35.009924667585068 ], [ -83.109770917291229, 35.009923429487564 ], [ -83.10949189937314, 35.009871584472236 ], [ -83.109463857351074, 35.009868399249342 ], [ -83.10894129311842, 35.009846183064546 ], [ -83.108937031328466, 35.00984581763494 ], [ -83.108933004249067, 35.00984437575282 ], [ -83.108807294369811, 35.009793160960456 ], [ -83.108802148872854, 35.009790712597535 ], [ -83.108797316787431, 35.009787692403521 ], [ -83.10867630778111, 35.00970205539749 ], [ -83.108672187825533, 35.009698799804852 ], [ -83.108668842997844, 35.00969475196024 ], [ -83.108571754161105, 35.009563728596483 ], [ -83.108569198651878, 35.00955992280737 ], [ -83.108568616157029, 35.009555375790924 ], [ -83.108550408714947, 35.009331137970733 ], [ -83.108549310312398, 35.00932089109039 ], [ -83.108504033563321, 35.008981319004221 ], [ -83.108459729447077, 35.008640676722493 ], [ -83.10845932046044, 35.008635014036962 ], [ -83.108460207242089, 35.008629405983058 ], [ -83.108518974972185, 35.008359073329501 ], [ -83.108575089054114, 35.008100015219718 ], [ -83.108578149907245, 35.008081897193286 ], [ -83.108579535027886, 35.0080635747168 ], [ -83.108587981839776, 35.007777327323851 ], [ -83.108596765474005, 35.007509397927933 ], [ -83.108596516499404, 35.00749091085833 ], [ -83.108594561401574, 35.00747252577407 ], [ -83.108590916888474, 35.007454399791193 ], [ -83.108585614105536, 35.00743668781152 ], [ -83.108497637370036, 35.007185696249365 ], [ -83.10849623226747, 35.0071809423996 ], [ -83.108495306304007, 35.007176072493174 ], [ -83.108470573417222, 35.006998184877766 ], [ -83.108469233679017, 35.006989844430777 ], [ -83.108410969635415, 35.006670367746764 ], [ -83.108410292037405, 35.00666501188595 ], [ -83.108411372070051, 35.006659722470843 ], [ -83.108526381419566, 35.006220258129879 ], [ -83.108530033787417, 35.006203345951739 ], [ -83.108532210779103, 35.006186181387442 ], [ -83.108532896101934, 35.00616889289725 ], [ -83.108531033150769, 35.005658358281416 ], [ -83.108529664519239, 35.005635719117777 ], [ -83.108519053993888, 35.005545532443385 ], [ -83.108485513429443, 35.005246652105789 ], [ -83.108484251877854, 35.005237375301419 ], [ -83.108414830602754, 35.004803250578021 ], [ -83.108413713353627, 35.004792691215947 ], [ -83.108397253737138, 35.004478022921631 ], [ -83.108397243906452, 35.004473051490329 ], [ -83.108399181180474, 35.00446847304147 ], [ -83.10853081344267, 35.004196367925118 ], [ -83.108531167637267, 35.00419563191771 ], [ -83.108573997735775, 35.004106164967709 ], [ -83.108576165081473, 35.004102127382858 ], [ -83.108579353902471, 35.004098836349321 ], [ -83.108896517394541, 35.003800387428505 ], [ -83.108899520718381, 35.003797673814461 ], [ -83.109161827202257, 35.003570142443287 ], [ -83.109400326339482, 35.003364165391766 ], [ -83.10941642128904, 35.003348610187601 ], [ -83.109430677285957, 35.003331353932801 ], [ -83.109442915769677, 35.003312612767047 ], [ -83.109632249929675, 35.00298385224162 ], [ -83.109641809555072, 35.00296501811362 ], [ -83.109649329637449, 35.002945280860104 ], [ -83.109654726307028, 35.002924860606115 ], [ -83.109657939376007, 35.002903985094072 ], [ -83.109658933009769, 35.002882887143763 ], [ -83.109657696126533, 35.002861802055783 ], [ -83.109649678860038, 35.002790146175968 ], [ -83.109647925274757, 35.002777909128035 ], [ -83.109628296132342, 35.002665740437372 ], [ -83.109623631201458, 35.002645399494668 ], [ -83.109616872080252, 35.00262565538641 ], [ -83.109608092361299, 35.002606723084249 ], [ -83.10959738763718, 35.002588808720965 ], [ -83.109462826224771, 35.002388190133651 ], [ -83.109447962178919, 35.002368721840291 ], [ -83.109231039396192, 35.002118055789254 ], [ -83.109010118771408, 35.001863147539616 ], [ -83.109009863903708, 35.001862854038563 ], [ -83.108789119058983, 35.001609146692999 ], [ -83.108571206358192, 35.001357710507328 ], [ -83.108568458724051, 35.001354206602848 ], [ -83.108572898663027, 35.001353867814871 ], [ -83.108736803219387, 35.001349429155567 ], [ -83.108756152989088, 35.001347963398963 ], [ -83.108775269629845, 35.001344629320933 ], [ -83.108793973176617, 35.001339458308657 ], [ -83.108812087553275, 35.001332499042313 ], [ -83.10882944223016, 35.00132381703677 ], [ -83.108845873829466, 35.001313494024885 ], [ -83.108861227663269, 35.001301627188013 ], [ -83.10887535918981, 35.001288328241152 ], [ -83.108888135374173, 35.001273722381264 ], [ -83.108899435940728, 35.001257947108662 ], [ -83.108909154505341, 35.001241150932557 ], [ -83.108917199576979, 35.001223491973008 ], [ -83.108923495418892, 35.001205136472343 ], [ -83.108927982761756, 35.001186257230195 ], [ -83.108930619361445, 35.001167031976699 ], [ -83.108931380396911, 35.001147641699369 ], [ -83.108930258703722, 35.001128268939262 ], [ -83.10892726484154, 35.001109096072511 ], [ -83.108922426994752, 35.001090303593472 ], [ -83.108915790707087, 35.001072068415496 ], [ -83.108907418452901, 35.001054562205461 ], [ -83.108897389048991, 35.001037949767735 ], [ -83.108843137407362, 35.000957218655365 ], [ -83.108842843928144, 35.000956783169109 ], [ -83.108726190972902, 35.000784174269576 ], [ -83.108712816435528, 35.00076656703861 ], [ -83.108663019685252, 35.000708033807918 ], [ -83.108655421638488, 35.000699094708807 ], [ -83.108635054302511, 35.000678388839837 ], [ -83.10861661378803, 35.000662183716933 ], [ -83.108613533372619, 35.000659201618674 ], [ -83.108617813566624, 35.000658953004539 ], [ -83.108709358374199, 35.000658055551327 ], [ -83.108714940247125, 35.00065831534598 ], [ -83.108720323089599, 35.000659815281061 ], [ -83.110576230622485, 35.001291509355333 ], [ -83.110593164359173, 35.001296451316684 ], [ -83.110610467689327, 35.001299881941321 ], [ -83.11062800600412, 35.00130177454119 ], [ -83.110645642866672, 35.001302114393056 ], [ -83.119944986519201, 35.001071000205997 ], [ -83.120948974496443, 35.001046000475178 ], [ -83.132994872926986, 35.000744003106547 ], [ -83.133329863632866, 35.00073600322289 ], [ -83.133330117939963, 35.000735996987984 ], [ -83.145375820387812, 35.000433004271478 ], [ -83.145376162382362, 35.000432995376393 ], [ -83.145710807941427, 35.000424005021905 ], [ -83.148387775399371, 35.000357005267283 ], [ -83.148388208010658, 35.000356993971444 ], [ -83.149196587826182, 35.000335011295576 ], [ -83.150060766134303, 35.000315005304344 ], [ -83.15006121783783, 35.00031499433674 ], [ -83.150729991609637, 35.000298000245856 ], [ -83.151398838428648, 35.00028100418934 ], [ -83.151733790897481, 35.000273005312323 ], [ -83.151734191985454, 35.000272995331542 ], [ -83.153085916607068, 35.000238001969628 ], [ -83.157421819227295, 35.000129004847359 ], [ -83.157422164370402, 35.000128995872949 ], [ -83.157756738115737, 35.000120007300382 ], [ -83.162112258542834, 35.000014018254319 ], [ -83.162113724846122, 35.000013977191763 ], [ -83.162775214225761, 34.99999302477498 ], [ -83.163110842471411, 34.999985003845012 ], [ -83.163111143795589, 34.999984996416693 ], [ -83.168463831701715, 34.999849004680463 ], [ -83.168631830235228, 34.999845004245294 ], [ -83.168632153178919, 34.999844996294293 ], [ -83.17394096991913, 34.99971000099837 ], [ -83.174486815605476, 34.999696005000722 ], [ -83.174821432942394, 34.999688013844015 ], [ -83.174822549431411, 34.999687984061133 ], [ -83.175839521927642, 34.999658013978419 ], [ -83.180844904969916, 34.999534002143236 ], [ -83.181000576933954, 34.999530011351567 ], [ -83.181791541107472, 34.999513010339712 ], [ -83.181792442506705, 34.999512988932089 ], [ -83.186867904867455, 34.999381002261458 ], [ -83.187202432923556, 34.999372015103333 ], [ -83.190256930940052, 34.999307022756071 ], [ -83.190259051285878, 34.999306966390073 ], [ -83.191134866484205, 34.999279036025499 ], [ -83.19113711660053, 34.999278951585872 ], [ -83.191552119624617, 34.999261037880615 ], [ -83.191553862736924, 34.999260977863415 ], [ -83.193225959348865, 34.999218001441278 ], [ -83.193422981500362, 34.999213000766609 ], [ -83.194925337175391, 34.999175016699027 ], [ -83.194926645188673, 34.999174992188841 ], [ -83.195416187812043, 34.999169021939643 ], [ -83.195419794423543, 34.999168945418802 ], [ -83.196905146920088, 34.999124026078491 ], [ -83.197915349338274, 34.999102014446692 ], [ -83.19791663547322, 34.999101982283747 ], [ -83.199403961676879, 34.999060000911257 ], [ -83.199582738858055, 34.999055007611595 ], [ -83.202259844881866, 34.998987004037964 ], [ -83.202260137551534, 34.998986996389242 ], [ -83.202594883409574, 34.998978002857285 ], [ -83.205270800699225, 34.998909005237223 ], [ -83.205605801817327, 34.998901004876899 ], [ -83.205606180206843, 34.998900995482082 ], [ -83.208282874001583, 34.998832002920494 ], [ -83.208283107545753, 34.998831996764331 ], [ -83.208616869351388, 34.998823003809704 ], [ -83.210599868581497, 34.998772003339937 ], [ -83.211293754296491, 34.998755006309047 ], [ -83.211294228021316, 34.998754994143376 ], [ -83.211628717217408, 34.998746007622124 ], [ -83.211629264381287, 34.998745992172459 ], [ -83.211932434768997, 34.998737016662595 ], [ -83.213555594966564, 34.998698009577872 ], [ -83.213556387799002, 34.998697988951889 ], [ -83.214305886549695, 34.998677003164325 ], [ -83.214639874361268, 34.998668003542392 ], [ -83.217316802546051, 34.998599005009922 ], [ -83.217651801049783, 34.998591004572944 ], [ -83.217652181229681, 34.998590995131821 ], [ -83.220327882914958, 34.998522003054468 ], [ -83.22032809897388, 34.99852199736663 ], [ -83.220662845708631, 34.998513004032354 ], [ -83.222000918870307, 34.998479002071484 ], [ -83.223339911011067, 34.998444002407659 ], [ -83.22367383635742, 34.998435004825865 ], [ -83.225012567875083, 34.998401010665994 ], [ -83.225013414341646, 34.998400987378623 ], [ -83.225147569181928, 34.998397012375833 ], [ -83.226564930190847, 34.998361001539294 ], [ -83.226685854387057, 34.998358004007009 ], [ -83.226686128216926, 34.99835799703154 ], [ -83.228023925914826, 34.998323001573446 ], [ -83.228219860528995, 34.998318003741758 ], [ -83.228715667048661, 34.998306008358576 ], [ -83.228716315419149, 34.998305991620143 ], [ -83.229371928440329, 34.998288002401317 ], [ -83.229763820204226, 34.998277004815989 ], [ -83.231091714869976, 34.998242007441142 ], [ -83.231092268025805, 34.998241992096609 ], [ -83.231297728598776, 34.998236008158045 ], [ -83.232467733941562, 34.998205006956631 ], [ -83.23246824772896, 34.998204992682311 ], [ -83.232811700997033, 34.998195008995054 ], [ -83.234187783166604, 34.998159005913756 ], [ -83.234188199697812, 34.998158994581637 ], [ -83.234364835401749, 34.998154004899 ], [ -83.235563752999056, 34.998122006587778 ], [ -83.235564228711738, 34.998121993324922 ], [ -83.235907631646285, 34.998112010370804 ], [ -83.237281574125092, 34.998077010804444 ], [ -83.237375844729058, 34.998075003446914 ], [ -83.237376141522034, 34.998074996906759 ], [ -83.237814864442782, 34.998065003406495 ], [ -83.238651652425347, 34.998047007861565 ], [ -83.238652330574482, 34.99804699212703 ], [ -83.238892675285285, 34.998041007786448 ], [ -83.240363393301507, 34.998009035434613 ], [ -83.240366589484324, 34.99800894038431 ], [ -83.240417206787967, 34.998007029990504 ], [ -83.240418775166034, 34.998006983115907 ], [ -83.241733311471393, 34.997978015498227 ], [ -83.241734671915935, 34.997977980887811 ], [ -83.241941972251013, 34.997972001259043 ], [ -83.243181615979807, 34.997936011506042 ], [ -83.243182366025565, 34.997935988322098 ], [ -83.243424354106949, 34.997928054029003 ], [ -83.243427630320667, 34.997928000323427 ], [ -83.24344698313314, 34.997928000207317 ], [ -83.243452998767552, 34.997927909681088 ], [ -83.244778586267898, 34.997888012420177 ], [ -83.244970595884553, 34.997883010919594 ], [ -83.244971389323794, 34.997882988676309 ], [ -83.246469847240903, 34.997838004880855 ], [ -83.246504890048683, 34.997837003483369 ], [ -83.246505093651294, 34.997836997561372 ], [ -83.247146534338384, 34.997818013668237 ], [ -83.247266443807561, 34.99781501364297 ], [ -83.247267542672859, 34.997814983128329 ], [ -83.247823454236027, 34.997798016824568 ], [ -83.248022363186976, 34.997793015957207 ], [ -83.248023622513159, 34.997792980326686 ], [ -83.248499704507552, 34.997778009588309 ], [ -83.248779991035875, 34.99777000034922 ], [ -83.249514402140449, 34.997749016960356 ], [ -83.249515579892915, 34.997748979837326 ], [ -83.249543478137639, 34.997748018204732 ], [ -83.250191116177874, 34.997729026276737 ], [ -83.250192867696157, 34.997728967232064 ], [ -83.250296488726264, 34.997725019527863 ], [ -83.250297494655655, 34.997724986273155 ], [ -83.250867635677338, 34.997709010045348 ], [ -83.250868346131497, 34.997708988873853 ], [ -83.251057822543657, 34.997703005484183 ], [ -83.251793278069059, 34.997681021932209 ], [ -83.25179470491338, 34.997680974184618 ], [ -83.251820131477913, 34.997680032452728 ], [ -83.252558077719286, 34.997659054813568 ], [ -83.252561904615789, 34.99765890934561 ], [ -83.252580140011034, 34.99765804126956 ], [ -83.252581842912278, 34.997657974743007 ], [ -83.253235823254172, 34.997638005477768 ], [ -83.253339910503129, 34.997635002340729 ], [ -83.253912685011016, 34.997618009735071 ], [ -83.25410081157392, 34.997613005160574 ], [ -83.254101172529374, 34.997612995232288 ], [ -83.254451666517596, 34.997603038050364 ], [ -83.254454315678046, 34.99760294521662 ], [ -83.254476475883962, 34.997602021590424 ], [ -83.254477507893583, 34.997601983913768 ], [ -83.254826424936425, 34.997591049360295 ], [ -83.254829557810851, 34.997591000294221 ], [ -83.254849830124485, 34.997591000446171 ], [ -83.254856150144704, 34.997590900611989 ], [ -83.255199412288789, 34.997580050650477 ], [ -83.255202570617456, 34.997580000736491 ], [ -83.255226007257832, 34.997580000564149 ], [ -83.255231973605305, 34.997579911507195 ], [ -83.25556394713756, 34.99757000130591 ], [ -83.255596832146693, 34.997569005118777 ], [ -83.255597149616548, 34.997568995249132 ], [ -83.25594039790505, 34.997558051364408 ], [ -83.255943584534535, 34.99755800057914 ], [ -83.255962817764939, 34.997558000602638 ], [ -83.255969164234116, 34.997557899890857 ], [ -83.256280313246137, 34.997548021808726 ], [ -83.256281669040163, 34.997547987967543 ], [ -83.256334629874402, 34.997547025349917 ], [ -83.256337352862175, 34.997546957305524 ], [ -83.256618348138474, 34.997538020521034 ], [ -83.256697345106332, 34.997536016746793 ], [ -83.256698647377348, 34.997535979469809 ], [ -83.257042551231763, 34.99752501423346 ], [ -83.257224726832916, 34.997520007548246 ], [ -83.257225256947763, 34.997519992275834 ], [ -83.258319671863774, 34.997487010309293 ], [ -83.258320310701293, 34.997486990035114 ], [ -83.258439271229676, 34.997483024409917 ], [ -83.258822795720093, 34.997473005843858 ], [ -83.258823189242761, 34.997472995176544 ], [ -83.259175929170937, 34.997463085954749 ], [ -83.259182050222975, 34.997462820119374 ], [ -83.259194594066372, 34.997462082696288 ], [ -83.25919739134541, 34.997461957522617 ], [ -83.259552455181634, 34.99745104759576 ], [ -83.259555527099977, 34.997451000425571 ], [ -83.259569133984925, 34.997451000545766 ], [ -83.259574847905185, 34.997450918957384 ], [ -83.259920850830184, 34.99744103281521 ], [ -83.259923130202239, 34.997440954678616 ], [ -83.2599461389769, 34.997440034567731 ], [ -83.260295423243448, 34.997429049488453 ], [ -83.260298561134064, 34.997429000170136 ], [ -83.260313886417777, 34.997428999980933 ], [ -83.26032009523351, 34.997428903507526 ], [ -83.260669439338415, 34.997418048892726 ], [ -83.260672544163896, 34.997418000658925 ], [ -83.260686934265564, 34.997418000568345 ], [ -83.260693046421991, 34.997417907111888 ], [ -83.261016442715714, 34.997408017211129 ], [ -83.261056488241678, 34.997407012566342 ], [ -83.261057509514075, 34.997406984334795 ], [ -83.261354870524656, 34.99739800409197 ], [ -83.261423777687455, 34.997396006305223 ], [ -83.261572107778974, 34.99739202403137 ], [ -83.261573876071949, 34.997391968729723 ], [ -83.261600683701033, 34.99739101164635 ], [ -83.261692765643815, 34.997388007764698 ], [ -83.261693217904224, 34.997387992498929 ], [ -83.261778410479891, 34.997385020385451 ], [ -83.261779572113156, 34.997384986616375 ], [ -83.261906473022762, 34.99738203545364 ], [ -83.261909508746129, 34.997381941788724 ], [ -83.261959477625879, 34.997380020166368 ], [ -83.261960504492876, 34.997379985958844 ], [ -83.262030173631132, 34.997378023350251 ], [ -83.262031809084903, 34.997377970582448 ], [ -83.262140650211123, 34.997374013061872 ], [ -83.262141332061347, 34.997373987104687 ], [ -83.262315810952828, 34.997367046823669 ], [ -83.262318172818198, 34.997366980812167 ], [ -83.262377973907562, 34.997366016317415 ], [ -83.26238000826217, 34.997365973154068 ], [ -83.262414364209391, 34.997365069346834 ], [ -83.262419615093933, 34.99736486215032 ], [ -83.262472779159481, 34.997362064380802 ], [ -83.262475204759639, 34.99736196624081 ], [ -83.262579817266527, 34.99735900498316 ], [ -83.2625801657247, 34.997358994815443 ], [ -83.267637878883278, 34.997207003277033 ], [ -83.274654834495024, 34.997004004568659 ], [ -83.274655147101782, 34.997003995280402 ], [ -83.278917382916489, 34.996874019057813 ], [ -83.284284838457324, 34.996743003677139 ], [ -83.284285143502927, 34.99674299599836 ], [ -83.284978573109598, 34.996725011281448 ], [ -83.284979408390683, 34.996724987871495 ], [ -83.288564161580538, 34.996617025033622 ], [ -83.288565820778686, 34.996616988840884 ], [ -83.288933333900559, 34.996612022801159 ], [ -83.288936647962757, 34.996611950546644 ], [ -83.292290914118141, 34.996511003074602 ], [ -83.293927882099169, 34.996463003065777 ], [ -83.293928099574387, 34.996462996570465 ], [ -83.294482808357913, 34.9964461271326 ], [ -83.294491164238494, 34.996445697925758 ], [ -83.296844179692158, 34.996275420951584 ], [ -83.296855811697469, 34.996275258192377 ], [ -83.298242585670323, 34.99633667220931 ], [ -83.298257400559436, 34.996336779025789 ], [ -83.301231866967314, 34.996248004396584 ], [ -83.301232115495566, 34.996247996824493 ], [ -83.301617823667698, 34.996236005181807 ], [ -83.301957991785642, 34.996226000370022 ], [ -83.302297252092472, 34.996216022487268 ], [ -83.302298729788433, 34.996215989955282 ], [ -83.302639698940411, 34.996211004169929 ], [ -83.302981274169596, 34.996207008968021 ], [ -83.302982708582306, 34.996206987045149 ], [ -83.303034492598641, 34.996206009827581 ], [ -83.304691864833927, 34.996183001932181 ], [ -83.304692118611399, 34.996182998248145 ], [ -83.304955873804431, 34.996179001976621 ], [ -83.306815721770093, 34.996153004488981 ], [ -83.306816259836054, 34.996152996243715 ], [ -83.306875718603891, 34.996152005091837 ], [ -83.308453923045022, 34.996130001310355 ], [ -83.308795933121232, 34.996125000913835 ], [ -83.310505982570291, 34.996101000287034 ], [ -83.310720952792607, 34.996098000988788 ], [ -83.311531986922503, 34.996087000432524 ], [ -83.311679797085759, 34.996085002658724 ], [ -83.311680186225161, 34.996084997020503 ], [ -83.31187384886934, 34.996082002585716 ], [ -83.312158841049765, 34.996078002633347 ], [ -83.31255664793666, 34.996073016822336 ], [ -83.312559334686256, 34.99607296509398 ], [ -83.312634259067124, 34.996071018950694 ], [ -83.312635723932019, 34.996070991637815 ], [ -83.312899227386652, 34.996068009336987 ], [ -83.312900755244826, 34.996067986207287 ], [ -83.313110935615853, 34.99606400121808 ], [ -83.313571017114199, 34.996055019568281 ], [ -83.313572965239601, 34.99605500051895 ], [ -83.313588107968542, 34.996054999966297 ], [ -83.313591873315445, 34.996054964381116 ], [ -83.313907809123819, 34.996049003750457 ], [ -83.313908174032164, 34.996048996532799 ], [ -83.31405249423841, 34.996046010230081 ], [ -83.31424359609305, 34.99604300626779 ], [ -83.31424438843932, 34.99604299224255 ], [ -83.314497023209654, 34.996038019690495 ], [ -83.314597854988719, 34.996037011400503 ], [ -83.314600146196995, 34.996036975361065 ], [ -83.314831639688776, 34.996032007463128 ], [ -83.315054744579072, 34.996028004956969 ], [ -83.315055239418129, 34.99602799546706 ], [ -83.315097436998428, 34.996027133978892 ], [ -83.315110506994785, 34.99602772411172 ], [ -83.315135740936199, 34.996030527823606 ], [ -83.315162319915004, 34.996031700548286 ], [ -83.315326855055844, 34.996028003221582 ], [ -83.315327127571393, 34.996027996911984 ], [ -83.316249343529648, 34.996006015872752 ], [ -83.316594949926596, 34.996000018194536 ], [ -83.316597034346785, 34.995999971152173 ], [ -83.316631040324523, 34.995999026320632 ], [ -83.317179547097552, 34.995989008111671 ], [ -83.317180438834683, 34.995988989835375 ], [ -83.317267504773653, 34.995987011173185 ], [ -83.31760383019801, 34.995981003272 ], [ -83.317604153664817, 34.995980997232088 ], [ -83.317911888426394, 34.995975002085757 ], [ -83.318453856014813, 34.995965002443896 ], [ -83.318454126120812, 34.995964997277781 ], [ -83.318554776568732, 34.99596300420783 ], [ -83.319177316711148, 34.995952012675311 ], [ -83.319178665483335, 34.995951984310778 ], [ -83.31921843579083, 34.99595101374365 ], [ -83.319802445346241, 34.99594001027112 ], [ -83.319877521098647, 34.995939006249991 ], [ -83.319878468726287, 34.995938991331194 ], [ -83.320153823752889, 34.995934003728145 ], [ -83.320515375694015, 34.995928059784042 ], [ -83.320522603572471, 34.995927810178117 ], [ -83.320536259289781, 34.995927091203548 ], [ -83.320539725515445, 34.995926968942683 ], [ -83.321151655460469, 34.995916006057008 ], [ -83.321152326284292, 34.995915992913403 ], [ -83.321198856625458, 34.995915003151715 ], [ -83.321199126998607, 34.995914997217632 ], [ -83.321640607334899, 34.995905009095381 ], [ -83.321853743172866, 34.995901005050271 ], [ -83.321854240932254, 34.995900995079417 ], [ -83.322511521518294, 34.995887010350344 ], [ -83.322512460485953, 34.995886988166376 ], [ -83.322588924736678, 34.995885001974365 ], [ -83.322667518645559, 34.995883012528076 ], [ -83.322910566744454, 34.995878009348708 ], [ -83.322911418044754, 34.995877990011472 ], [ -83.323071690559885, 34.995874008049348 ], [ -83.324720785023658, 34.995838005232848 ], [ -83.324973756919704, 34.995833005272608 ], [ -83.325375433311038, 34.995826009924549 ], [ -83.325376549868267, 34.995825987360782 ], [ -83.327114623940574, 34.995786008857543 ], [ -83.327321623657781, 34.995782007443871 ], [ -83.327322359477137, 34.995781991865663 ], [ -83.327799041607278, 34.995771022406878 ], [ -83.329424943723083, 34.995749054544085 ], [ -83.329433034818763, 34.995748781357698 ], [ -83.329500883475689, 34.995745114532511 ], [ -83.329505102437878, 34.995744975756615 ], [ -83.329587676595978, 34.995744003700111 ], [ -83.329588305373434, 34.995743995309546 ], [ -83.329654869429831, 34.995743002396658 ], [ -83.329727492639748, 34.99574200722892 ], [ -83.329842395190795, 34.995741005628496 ], [ -83.32984359273145, 34.995740991603697 ], [ -83.330182842849084, 34.995736002619431 ], [ -83.330863934130463, 34.995727000981773 ], [ -83.331806718037839, 34.99571400389604 ], [ -83.331987771898355, 34.995712002479884 ], [ -83.331988210546683, 34.995711997149819 ], [ -83.334176070038325, 34.995683012415448 ], [ -83.33417791288764, 34.99568297950772 ], [ -83.334265096566483, 34.99568102077474 ], [ -83.335967873049142, 34.99565800223025 ], [ -83.335968110600405, 34.99565799887786 ], [ -83.336307707197733, 34.995653004650322 ], [ -83.336560934535669, 34.995650000685842 ], [ -83.337123692886436, 34.995643003654308 ], [ -83.337124289628051, 34.99564299534422 ], [ -83.33757755060951, 34.995636006923846 ], [ -83.337668958303908, 34.995635000270518 ], [ -83.337756817283932, 34.995634002159015 ], [ -83.338691790665749, 34.995625002376912 ], [ -83.338692191382137, 34.995624998118231 ], [ -83.338949771599772, 34.995622002555137 ], [ -83.339373765004382, 34.995618002692325 ], [ -83.339374217132843, 34.995617997915915 ], [ -83.339544800582757, 34.995616002975282 ], [ -83.340055764716325, 34.995611002634291 ], [ -83.340056217421733, 34.995610997691635 ], [ -83.340138689369113, 34.995610003902755 ], [ -83.340692118617397, 34.995605008218405 ], [ -83.34071949872434, 34.995605000146384 ], [ -83.340722540132845, 34.995604976122877 ], [ -83.340849209106011, 34.995603012282743 ], [ -83.340980989107777, 34.995602000045125 ], [ -83.34110925285907, 34.995601006212958 ], [ -83.341126020659061, 34.995601000065058 ], [ -83.341138104991103, 34.995601000232789 ], [ -83.341139877887485, 34.995600992399339 ], [ -83.341251783948394, 34.995600001924529 ], [ -83.341252199128519, 34.9955999978188 ], [ -83.341434950026198, 34.995598000871411 ], [ -83.342100819749461, 34.995591001832395 ], [ -83.3424418816588, 34.995588001250638 ], [ -83.342442101579564, 34.995587999194903 ], [ -83.345169657063622, 34.995561003184854 ], [ -83.345170325273358, 34.995560995454774 ], [ -83.345320765401738, 34.995559003742571 ], [ -83.348235691110787, 34.995527014135135 ], [ -83.348238292188981, 34.995527019422155 ], [ -83.348367486428018, 34.995528962527487 ], [ -83.348372497094715, 34.995528975114397 ], [ -83.350965841897462, 34.99550300185593 ], [ -83.35131751630324, 34.995500003950546 ], [ -83.351318466933137, 34.99549999358716 ], [ -83.352295854483827, 34.995487015178348 ], [ -83.352298127119084, 34.995486972082809 ], [ -83.352864819194721, 34.99547300416485 ], [ -83.352865163053565, 34.995472995393484 ], [ -83.353357258466318, 34.995460019263099 ], [ -83.353830849574734, 34.995451002986371 ], [ -83.353831135182247, 34.995450997344903 ], [ -83.354172711788507, 34.995444006304133 ], [ -83.354173269863992, 34.995443994102857 ], [ -83.354344817611661, 34.995440004012259 ], [ -83.354345165151585, 34.995439995626491 ], [ -83.354704474705017, 34.995431013399035 ], [ -83.354705508806973, 34.995430992898598 ], [ -83.35497629309242, 34.995427025568979 ], [ -83.354979689395293, 34.995426946953145 ], [ -83.355135304426355, 34.995422022199108 ], [ -83.35553971774489, 34.995412006779986 ], [ -83.356039884261406, 34.995401002512438 ], [ -83.356040097742095, 34.99540099770158 ], [ -83.35703677440101, 34.995378004944392 ], [ -83.357371807783878, 34.99537100433497 ], [ -83.357372174000744, 34.995370996347255 ], [ -83.358383858562476, 34.995348003133337 ], [ -83.35838412380825, 34.995347996928892 ], [ -83.358965022239289, 34.99533402343507 ], [ -83.35972909299899, 34.995323056296307 ], [ -83.359736886732094, 34.995322792382979 ], [ -83.359937507412042, 34.995312079898397 ], [ -83.359940477485509, 34.995311965543671 ], [ -83.360065867874269, 34.995309003199495 ], [ -83.360199767787677, 34.995306005169297 ], [ -83.360200215129069, 34.995305994652597 ], [ -83.360402808633026, 34.995301005048894 ], [ -83.361411762480998, 34.995278005414924 ], [ -83.362728339103114, 34.99525101396884 ], [ -83.362729643294216, 34.995250982975726 ], [ -83.363431581950621, 34.995232011153526 ], [ -83.365786677673739, 34.995178007409592 ], [ -83.367757238278415, 34.995139015537909 ], [ -83.367758744021984, 34.995138980071047 ], [ -83.368306846068393, 34.995124004698106 ], [ -83.36830713686571, 34.995123996541224 ], [ -83.368862419525854, 34.995108016651024 ], [ -83.371508770034268, 34.995047005624798 ], [ -83.371844718537233, 34.995040006007748 ], [ -83.371845264393357, 34.995039993889201 ], [ -83.374687251463698, 34.994973017666084 ], [ -83.374873934031243, 34.994970000815243 ], [ -83.375517816597068, 34.994960002697361 ], [ -83.379074435711928, 34.994911007587973 ], [ -83.379801103292351, 34.99490503190637 ], [ -83.379808875348076, 34.99490481686076 ], [ -83.380100425108949, 34.994891074464363 ], [ -83.38010355850686, 34.994890975966513 ], [ -83.380228953698563, 34.994889001060109 ], [ -83.381399455387211, 34.994871008594892 ], [ -83.38140052825554, 34.994870997859749 ], [ -83.381828982128866, 34.994869009390932 ], [ -83.381833000654524, 34.994868950360299 ], [ -83.382315465976873, 34.994857013598534 ], [ -83.382316516605485, 34.994856993127677 ], [ -83.382807797314314, 34.994850002848999 ], [ -83.382808184502437, 34.994849996964909 ], [ -83.383240869593294, 34.99484300248163 ], [ -83.383909953525759, 34.994833001133529 ], [ -83.386323971757051, 34.994796000814951 ], [ -83.390353963459376, 34.994735001121754 ], [ -83.390937890637545, 34.994726002256058 ], [ -83.390938092083189, 34.994725999050104 ], [ -83.391607834190168, 34.994715002847649 ], [ -83.392011944352134, 34.994709000998938 ], [ -83.397296785412848, 34.994628003228634 ], [ -83.397673774241028, 34.994623003156363 ], [ -83.397674208228167, 34.994622996929309 ], [ -83.402986945365598, 34.994541001253175 ], [ -83.403320938772879, 34.994536001339526 ], [ -83.408675566037758, 34.994453006524864 ], [ -83.408853557993567, 34.994451005246141 ], [ -83.408854426838829, 34.99445099358946 ], [ -83.411034983991883, 34.994417000760684 ], [ -83.414515944151518, 34.994363000978197 ], [ -83.417840647003629, 34.994313005199864 ], [ -83.417841336040965, 34.994312993650951 ], [ -83.418381682627398, 34.994303005716155 ], [ -83.420199969043892, 34.99427500055296 ], [ -83.421991827286817, 34.994247002499485 ], [ -83.422277805406623, 34.994243003190441 ], [ -83.422278176529801, 34.994242997655967 ], [ -83.424739961892215, 34.994204000751147 ], [ -83.425235903382443, 34.994196001545369 ], [ -83.425825981758493, 34.994187000685884 ], [ -83.427063964295868, 34.994168001098551 ], [ -83.431098922331188, 34.994105000980532 ], [ -83.4314339205538, 34.994100001756784 ], [ -83.435784811748789, 34.994032003539481 ], [ -83.435785170333219, 34.994031997613725 ], [ -83.436071226246838, 34.99402701387865 ], [ -83.436173137355553, 34.994026018503511 ], [ -83.436176855905828, 34.994025947600832 ], [ -83.436314830734986, 34.994022033146187 ], [ -83.436317151387897, 34.994021994253899 ], [ -83.436509601138198, 34.994021002727642 ], [ -83.43651038082352, 34.994020997190731 ], [ -83.437171507407399, 34.994015013426868 ], [ -83.437174475081363, 34.994014964542266 ], [ -83.437716204959912, 34.994002019539508 ], [ -83.439963772807943, 34.993966003944756 ], [ -83.440469806309025, 34.993959002995695 ], [ -83.44047017589925, 34.993958997540837 ], [ -83.441808894351951, 34.993938001739956 ], [ -83.446155662648863, 34.993874034244762 ], [ -83.446160318690033, 34.993873911485629 ], [ -83.446419797305651, 34.993864045545301 ], [ -83.446422185077012, 34.99386398330531 ], [ -83.447270813327179, 34.993852002746415 ], [ -83.447271168110206, 34.993851997422965 ], [ -83.45060594437291, 34.993799000913818 ], [ -83.451513928660916, 34.99378500140412 ], [ -83.452323959308089, 34.99377200053766 ], [ -83.457536914737375, 34.993690001357223 ], [ -83.457870971596122, 34.993685000765957 ], [ -83.462552908365538, 34.993614001973448 ], [ -83.463365913397141, 34.993601001195813 ], [ -83.467901965292484, 34.993532000977162 ], [ -83.468570931041839, 34.993522001394219 ], [ -83.472813641048432, 34.993456005466435 ], [ -83.473145309305949, 34.993452008698171 ], [ -83.473146672990254, 34.993451987614556 ], [ -83.473251642489615, 34.993450006692527 ], [ -83.477932948143078, 34.993378000713427 ], [ -83.479270898829782, 34.993358001600164 ], [ -83.482797071479055, 34.993302015355695 ], [ -83.482944125189078, 34.993301032920364 ], [ -83.482948768840529, 34.993301228451756 ], [ -83.482949082710149, 34.993305871223484 ], [ -83.482953983109027, 34.993566581435829 ], [ -83.482954000606185, 34.993567418963636 ], [ -83.482955089853291, 34.993614804864308 ], [ -83.482956469803852, 34.993634105480808 ], [ -83.482959708433356, 34.993653182412942 ], [ -83.482964775426765, 34.993671857092011 ], [ -83.482971623354743, 34.993689954714597 ], [ -83.482985680176753, 34.993722285038494 ], [ -83.482993181574528, 34.993737696129784 ], [ -83.483001974927987, 34.993752408357295 ], [ -83.483011995655929, 34.993766313669767 ], [ -83.483177825901905, 34.993976790054703 ], [ -83.483358826670056, 34.994207790353251 ], [ -83.48335915722086, 34.994208211054882 ], [ -83.483540956349515, 34.994438956122686 ], [ -83.48372195616254, 34.994668955421503 ], [ -83.483882760868013, 34.994873054242717 ], [ -83.483897754362118, 34.994890014387629 ], [ -83.48391456840362, 34.994905171544005 ], [ -83.483932987583046, 34.994918331529206 ], [ -83.484073306448977, 34.99500703893699 ], [ -83.48407779938735, 34.995010240800056 ], [ -83.484081910644079, 34.995013919928958 ], [ -83.484161911593674, 34.995093920814341 ], [ -83.484164845683495, 34.995097122227051 ], [ -83.484167490210282, 34.995100566701304 ], [ -83.484443154664802, 34.995493952753158 ], [ -83.484448414633732, 34.995502308921751 ], [ -83.484517690630824, 34.995625466466279 ], [ -83.484518294675709, 34.995626532668311 ], [ -83.484614960636236, 34.995795945890613 ], [ -83.484766839735144, 34.996061735162506 ], [ -83.484924548295652, 34.996339694357651 ], [ -83.484926767097804, 34.996344099540728 ], [ -83.484928539747969, 34.996348702721519 ], [ -83.484949268332528, 34.996411655592482 ], [ -83.484954517533524, 34.996425782042593 ], [ -83.484960815518548, 34.996439473137819 ], [ -83.485180994256908, 34.996874185947092 ], [ -83.485188502621028, 34.996887689377139 ], [ -83.485197030976053, 34.996900572905979 ], [ -83.485361277568174, 34.997129006882439 ], [ -83.485362681068636, 34.997131010113073 ], [ -83.48543847294377, 34.997242054237198 ], [ -83.485448543367738, 34.997255551043111 ], [ -83.485459713501641, 34.997268152841286 ], [ -83.485818016547185, 34.997639622790523 ], [ -83.485829404326608, 34.99765053337773 ], [ -83.485841616382999, 34.997660512762103 ], [ -83.485970502861193, 34.9977576188369 ], [ -83.485974773994812, 34.997761230048191 ], [ -83.485978613269054, 34.997765297406154 ], [ -83.486135739715948, 34.997951702183229 ], [ -83.486136243658081, 34.997952297667403 ], [ -83.486245621246354, 34.998081033912079 ], [ -83.486248750469287, 34.998085131151463 ], [ -83.486250469748811, 34.99808999155124 ], [ -83.486334529112071, 34.998373795869547 ], [ -83.486341639070403, 34.998393824469765 ], [ -83.486350834232169, 34.998412985506647 ], [ -83.486362010761823, 34.998431062605938 ], [ -83.486375042449453, 34.998447851633657 ], [ -83.486389782135902, 34.998463163001247 ], [ -83.486428075279036, 34.998498927104187 ], [ -83.486442454245676, 34.998511139018674 ], [ -83.486457919849201, 34.998521941825942 ], [ -83.486474334489984, 34.998531239411911 ], [ -83.486491552124718, 34.998538949054669 ], [ -83.486797025111713, 34.998658776298193 ], [ -83.486818318005703, 34.998665779551665 ], [ -83.486840260828401, 34.998670356168979 ], [ -83.486959739413578, 34.998688359262964 ], [ -83.48696817303302, 34.998690003532644 ], [ -83.487247935887908, 34.998757146852554 ], [ -83.487264095483951, 34.998760327785192 ], [ -83.487280462011512, 34.998762168342772 ], [ -83.487402165906389, 34.998770799679527 ], [ -83.487407800711551, 34.998771360064623 ], [ -83.487802960072955, 34.998821996474824 ], [ -83.488201960146156, 34.998872996352837 ], [ -83.488593463608495, 34.998923163504678 ], [ -83.488606560723568, 34.998924405535043 ], [ -83.488757140840107, 34.998933701180327 ], [ -83.488766849733508, 34.998934064096872 ], [ -83.48920269366721, 34.998939761266065 ], [ -83.489220926036197, 34.998939167591558 ], [ -83.48923902847217, 34.998936915139488 ], [ -83.489586342320422, 34.998877506287613 ], [ -83.489600858440411, 34.998874465371912 ], [ -83.489615109300146, 34.998870357099186 ], [ -83.489901408499946, 34.998776192131984 ], [ -83.489902572882798, 34.998775805199635 ], [ -83.490041594805476, 34.998729133244893 ], [ -83.490479396971978, 34.998584190609392 ], [ -83.490483025542702, 34.998583139924783 ], [ -83.490486723561958, 34.998582366643767 ], [ -83.490737770199047, 34.998539717255277 ], [ -83.490742006047768, 34.998539182957842 ], [ -83.490746255312885, 34.998539378826784 ], [ -83.491164528276954, 34.998576514848665 ], [ -83.491169932474023, 34.99857729510056 ], [ -83.491175218802553, 34.998578662166885 ], [ -83.491421944904218, 34.998657123374066 ], [ -83.491440270095495, 34.99866200741841 ], [ -83.491942528381088, 34.998770655258667 ], [ -83.491958074762977, 34.998773381026709 ], [ -83.491973787677139, 34.998774872378341 ], [ -83.492446868814994, 34.998800994001982 ], [ -83.492447112883568, 34.998801007328865 ], [ -83.49286777571875, 34.998823718975693 ], [ -83.492878148116759, 34.998824824187736 ], [ -83.493276215941194, 34.998888397578646 ], [ -83.493279957347497, 34.998889142747764 ], [ -83.493283630906603, 34.998890171514951 ], [ -83.493736104385476, 34.999035749998704 ], [ -83.493743762250318, 34.999038563576569 ], [ -83.494043991826203, 34.999163000558461 ], [ -83.494340899447323, 34.999286060517157 ], [ -83.494355288275798, 34.999291387208117 ], [ -83.494671991279006, 34.99939500011083 ], [ -83.494995725492814, 34.999500913488909 ], [ -83.494996256205411, 34.999501086298231 ], [ -83.49531972585595, 34.999605914704503 ], [ -83.495629677627619, 34.999707317216497 ], [ -83.495644126309458, 34.999711450125233 ], [ -83.495658844532358, 34.999714486448092 ], [ -83.495865989955078, 34.9997491629085 ], [ -83.495870923402663, 34.999750248331033 ], [ -83.495875721638669, 34.999751827564282 ], [ -83.496407063996131, 34.999957096995118 ], [ -83.49641186337908, 34.999959248707746 ], [ -83.496416409200691, 34.999961894355096 ], [ -83.496591708043198, 35.000076714774799 ], [ -83.496612640385308, 35.000088687551596 ], [ -83.49663486153618, 35.000098054022857 ], [ -83.496959382978901, 35.000212334388024 ], [ -83.496975924517301, 35.000217367133168 ], [ -83.496992838921017, 35.000220952375564 ], [ -83.497009999775599, 35.000223063319915 ], [ -83.497336688236913, 35.00024897663549 ], [ -83.49768738961707, 35.0002778682233 ], [ -83.497690588709204, 35.000278183631309 ], [ -83.498192058078232, 35.000335778628461 ], [ -83.49819591508134, 35.00033629785019 ], [ -83.49867266291119, 35.000409949296348 ], [ -83.498725214017455, 35.00041824649859 ], [ -83.498729898385633, 35.000419220401 ], [ -83.498733870454984, 35.000421891121661 ], [ -83.499027962696175, 35.000640999329086 ], [ -83.499035698479062, 35.000647390983154 ], [ -83.499297575536602, 35.00088687673459 ], [ -83.499300832170078, 35.000890144071846 ], [ -83.499303772928002, 35.000893698379556 ], [ -83.4996247027251, 35.001320322941162 ], [ -83.499635536096179, 35.001333512618984 ], [ -83.49964745462303, 35.00134573056674 ], [ -83.49966804873263, 35.001365113823105 ], [ -83.499669944667005, 35.001366875290856 ], [ -83.499829423045767, 35.001513131903756 ], [ -83.49984621649439, 35.001526930545182 ], [ -83.499864408144205, 35.001538825346529 ], [ -83.499883783141613, 35.001548675823528 ], [ -83.499904112657063, 35.00155636563651 ], [ -83.50000971468728, 35.00158987404528 ], [ -83.5000294557438, 35.001595045751657 ], [ -83.50004962104866, 35.001598178855467 ], [ -83.500070000652869, 35.001599240736724 ], [ -83.500090382376285, 35.001598220339758 ], [ -83.500110554016715, 35.001595128288336 ], [ -83.500130305559196, 35.001589996775017 ], [ -83.50024073410637, 35.001555204118205 ], [ -83.500259314259281, 35.001548321019065 ], [ -83.500277122154841, 35.001539633212019 ], [ -83.500293983008959, 35.001529225967701 ], [ -83.500309731332706, 35.001517201432989 ], [ -83.50032421255662, 35.001503677628435 ], [ -83.500509793206703, 35.001312298323782 ], [ -83.500513099974853, 35.001309187676632 ], [ -83.500517443089876, 35.001307865483994 ], [ -83.500793184207737, 35.001237578464185 ], [ -83.500810073915375, 35.001232469952313 ], [ -83.500826447619275, 35.001225892647525 ], [ -83.500842177866886, 35.001217897747416 ], [ -83.501155921744569, 35.001040604682395 ], [ -83.501158074634333, 35.001039422752129 ], [ -83.501473317724972, 35.00087135996452 ], [ -83.50166273392702, 35.000772228729801 ], [ -83.501667058156301, 35.000770224278313 ], [ -83.501671776567449, 35.00076953222765 ], [ -83.501897545301887, 35.000747435810254 ], [ -83.501901993067548, 35.000747200326231 ], [ -83.501906394062814, 35.000747758379944 ], [ -83.502234595824419, 35.000804243852933 ], [ -83.502243302460741, 35.000806145463827 ], [ -83.502558915963391, 35.000889980074184 ], [ -83.502873288981306, 35.000973747151541 ], [ -83.502877908355472, 35.000975222088428 ], [ -83.502882362594022, 35.000977138854431 ], [ -83.503090006281127, 35.001078732528725 ], [ -83.503111443587088, 35.001087717423324 ], [ -83.503133778577151, 35.001094154397492 ], [ -83.503174869259396, 35.00110344903495 ], [ -83.503194535740306, 35.001106876099094 ], [ -83.503214445897314, 35.001108325542987 ], [ -83.503234401367905, 35.001107782925985 ], [ -83.503254203338102, 35.001105253654124 ], [ -83.503273654523227, 35.001100762926242 ], [ -83.503292561133449, 35.001094355482913 ], [ -83.503310734804444, 35.001086095160744 ], [ -83.503612481974415, 35.000930328705955 ], [ -83.503621714314434, 35.000926141475389 ], [ -83.504086972451901, 35.000742975839181 ], [ -83.504092068490635, 35.000741280709704 ], [ -83.504097317392706, 35.000740144004133 ], [ -83.504147879674591, 35.000732018562083 ], [ -83.504148103379336, 35.00073198248235 ], [ -83.504594141314058, 35.000659784954465 ], [ -83.504598970579224, 35.000659244986828 ], [ -83.504603638487993, 35.000660595540275 ], [ -83.504759930012085, 35.000714262030961 ], [ -83.504764869957327, 35.000716259564626 ], [ -83.50476956831038, 35.0007187732623 ], [ -83.504999273634994, 35.000857958920761 ], [ -83.50500266636719, 35.000860109014013 ], [ -83.505293401247116, 35.001052649872925 ], [ -83.505313245076664, 35.001064210094 ], [ -83.505786225172699, 35.001304498673534 ], [ -83.505801249875262, 35.001311366422854 ], [ -83.505816790112618, 35.001316970768535 ], [ -83.50597833311673, 35.001367793748237 ], [ -83.506310323112658, 35.001474763087735 ], [ -83.506329566736667, 35.00147992096948 ], [ -83.506349228044613, 35.001483138698312 ], [ -83.506369111936948, 35.001484384344643 ], [ -83.506495816068281, 35.001485998192223 ], [ -83.506496165757625, 35.001486002340485 ], [ -83.506673463762937, 35.001487950547379 ], [ -83.506677946610111, 35.001488202991119 ], [ -83.506682040262817, 35.001490024993956 ], [ -83.507004573379717, 35.00165129154076 ], [ -83.507009788258046, 35.001654306530043 ], [ -83.507014600707578, 35.00165792943568 ], [ -83.507304281832006, 35.001904838235347 ], [ -83.507307812133206, 35.001908157461308 ], [ -83.50731063257841, 35.001912097686962 ], [ -83.507470741540772, 35.002160509861298 ], [ -83.507472839177396, 35.002164081798234 ], [ -83.507474633278179, 35.002167815431086 ], [ -83.507497200283098, 35.002220250136396 ], [ -83.507504306946345, 35.002235056739067 ], [ -83.507512604523342, 35.002249230318746 ], [ -83.507522037059346, 35.00226267529586 ], [ -83.507633657506446, 35.002408640377467 ], [ -83.507639827929466, 35.002417698951284 ], [ -83.507732227729491, 35.002570765490084 ], [ -83.507740199205728, 35.002582945706109 ], [ -83.507934499292816, 35.002857479751533 ], [ -83.507939170068255, 35.002864722396595 ], [ -83.508095081550081, 35.003131030022224 ], [ -83.508100310733383, 35.003141271538759 ], [ -83.50819458569886, 35.003355533729057 ], [ -83.508196649400148, 35.003361104110404 ], [ -83.508198034821547, 35.00336688066767 ], [ -83.508222648522974, 35.003505538662857 ], [ -83.508226193316645, 35.003521626170176 ], [ -83.508231050042639, 35.003537367379366 ], [ -83.50823718575127, 35.003552655496762 ], [ -83.508396178692848, 35.003905972288479 ], [ -83.508399441419854, 35.003914172195685 ], [ -83.508456430496906, 35.004078124426208 ], [ -83.508463895071515, 35.004096581184427 ], [ -83.508473157670736, 35.004114204352526 ], [ -83.508543570848772, 35.004233366145534 ], [ -83.508554832405011, 35.00425037876802 ], [ -83.508567768585976, 35.004266155560948 ], [ -83.508651094481536, 35.004357813962592 ], [ -83.508656603239928, 35.004364424200539 ], [ -83.508727561630366, 35.004457436476855 ], [ -83.508728425573338, 35.004458560648175 ], [ -83.508741108270598, 35.004474942989646 ], [ -83.508752569452525, 35.004488464384565 ], [ -83.508765182800332, 35.004500917908906 ], [ -83.508912144266816, 35.004633684013072 ], [ -83.508928660079732, 35.004647080852251 ], [ -83.508946505005795, 35.004658648306169 ], [ -83.50911945504356, 35.004758117335655 ], [ -83.509122494548237, 35.004759937861166 ], [ -83.509266383856513, 35.004849622461641 ], [ -83.50936745713247, 35.004913628565745 ], [ -83.509387574824103, 35.004924801371182 ], [ -83.509408842763406, 35.004933589309246 ], [ -83.509712285458747, 35.005038976787517 ], [ -83.509729939006476, 35.005044210702486 ], [ -83.510043037606465, 35.005121553274982 ], [ -83.510071294533134, 35.005126416350919 ], [ -83.510351003485397, 35.00515411082408 ], [ -83.510369022088724, 35.005155076888919 ], [ -83.510581636593386, 35.005156870771053 ], [ -83.510596951067015, 35.00515641310583 ], [ -83.510612185569244, 35.005154784455428 ], [ -83.510740638301982, 35.005136051628078 ], [ -83.510741344593114, 35.005135947338744 ], [ -83.510931780711672, 35.005107480570011 ], [ -83.510938183925589, 35.005106416903253 ], [ -83.511197142165486, 35.005059069764293 ], [ -83.511208766097738, 35.005056585404759 ], [ -83.511548546166566, 35.004973334510119 ], [ -83.511559352274034, 35.004970363578323 ], [ -83.511768580329118, 35.004906483701099 ], [ -83.511790906430051, 35.004898184300181 ], [ -83.511972299342915, 35.004818158974423 ], [ -83.511994931978123, 35.00480639636968 ], [ -83.512144289360094, 35.004716234935998 ], [ -83.512151871724058, 35.004712093882283 ], [ -83.512487653222991, 35.004547131700754 ], [ -83.51249207376037, 35.00454521921521 ], [ -83.512496658221451, 35.004543742235455 ], [ -83.512693369235933, 35.004490707486958 ], [ -83.512698648745499, 35.004489436823768 ], [ -83.512822234916214, 35.004463221113596 ], [ -83.512833850748649, 35.004461463161839 ], [ -83.513074053326321, 35.004439453154696 ], [ -83.51308395027867, 35.004439039250144 ], [ -83.513315832576296, 35.004440843733065 ], [ -83.513335897747695, 35.004439991504029 ], [ -83.513355776286417, 35.004437131242462 ], [ -83.513584682848986, 35.004392363268828 ], [ -83.51360660330856, 35.004386772571443 ], [ -83.513627752185968, 35.004378742164867 ], [ -83.513680928219983, 35.004355028506716 ], [ -83.513835069305017, 35.004286416475843 ], [ -83.513854375689547, 35.004276535566504 ], [ -83.514044948149788, 35.004165569712306 ], [ -83.514062599766092, 35.004154003185356 ], [ -83.514078934334975, 35.00414064107612 ], [ -83.514093769985678, 35.004125632159699 ], [ -83.514106941536539, 35.004109143546906 ], [ -83.51420239495188, 35.00397578872429 ], [ -83.514212076604963, 35.00396090924572 ], [ -83.514220400719609, 35.00394522988335 ], [ -83.51422730171565, 35.003928874164394 ], [ -83.514288895105423, 35.003762658097479 ], [ -83.514293753892133, 35.003751635940105 ], [ -83.514353254139237, 35.003636083716621 ], [ -83.514364740245782, 35.003609072283183 ], [ -83.514462797387097, 35.003321501082908 ], [ -83.514465440095861, 35.003314597654708 ], [ -83.514552286814649, 35.003110655571582 ], [ -83.514553666658259, 35.003107332681722 ], [ -83.514568246366494, 35.003071310888004 ], [ -83.514570178982098, 35.003067108963997 ], [ -83.514572855232586, 35.003063336848918 ], [ -83.514738364124227, 35.002851639512549 ], [ -83.514742237560853, 35.002847244722069 ], [ -83.514746600432389, 35.002843335368198 ], [ -83.514946078253985, 35.002684726533317 ], [ -83.514947896696768, 35.002683263252401 ], [ -83.515180113304453, 35.002494158085248 ], [ -83.515188164003504, 35.00248824574772 ], [ -83.515383285646621, 35.002359446700318 ], [ -83.515387069586666, 35.002357183389108 ], [ -83.515391315831124, 35.002355995876144 ], [ -83.51572427817166, 35.002278630704566 ], [ -83.51572973436906, 35.002277522090061 ], [ -83.516017464968698, 35.002227358240646 ], [ -83.516044069208505, 35.002220815176393 ], [ -83.516280528557857, 35.002145148766083 ], [ -83.516344157494416, 35.002125128139213 ], [ -83.516361013353134, 35.002118980830303 ], [ -83.516377250471209, 35.002111347654228 ], [ -83.516392738176606, 35.002102290040767 ], [ -83.516519177964923, 35.002020520491492 ], [ -83.51653628564101, 35.002008128268876 ], [ -83.516551990826457, 35.001994000745661 ], [ -83.516650040027173, 35.001895951324244 ], [ -83.516661833921589, 35.001883079877047 ], [ -83.51667246042912, 35.001869228976858 ], [ -83.516681838583708, 35.001854504157173 ], [ -83.516689896930856, 35.001839017610116 ], [ -83.516770796916518, 35.001665436613337 ], [ -83.516777311574501, 35.0016497514574 ], [ -83.516782471939791, 35.00163357012508 ], [ -83.516786686714227, 35.001618115167588 ], [ -83.516787282018811, 35.001615881498232 ], [ -83.516846506913808, 35.001388385711543 ], [ -83.516851600511544, 35.001361262498037 ], [ -83.516888918614313, 35.001042619109093 ], [ -83.51688905968021, 35.001041381246978 ], [ -83.516927991618374, 35.000690026679102 ], [ -83.516929169779786, 35.000671920853577 ], [ -83.516935624711437, 35.000342686510628 ], [ -83.516935122053482, 35.00032406433106 ], [ -83.516932888898779, 35.000305569703272 ], [ -83.516919017617226, 35.000223157892833 ], [ -83.516898906864, 35.000102495771124 ], [ -83.516898301163152, 35.00009698404358 ], [ -83.516898311909912, 35.0000914389448 ], [ -83.516903974967619, 34.999993288871693 ], [ -83.516917729535933, 34.99976632587228 ], [ -83.516918627406483, 34.999757712611029 ], [ -83.516960934621025, 34.999472384343541 ], [ -83.517004281936224, 34.99918766249484 ], [ -83.517005205569077, 34.999183064655156 ], [ -83.517006975145023, 34.999178721077769 ], [ -83.517131865145188, 34.998909272870733 ], [ -83.517132117287417, 34.99890872672669 ], [ -83.517257866115884, 34.998635272933576 ], [ -83.517384990724466, 34.998361000825284 ], [ -83.517510102125044, 34.998091076961394 ], [ -83.517512166515672, 34.998087101476848 ], [ -83.517514579286583, 34.998083327258797 ], [ -83.517747991002338, 34.997752000714307 ], [ -83.517980988185897, 34.997421263897252 ], [ -83.517984196710046, 34.997417179456001 ], [ -83.517987812962943, 34.997413451185437 ], [ -83.518278734275555, 34.997143239405908 ], [ -83.518279248038212, 34.997142760532924 ], [ -83.518568961770058, 34.996871769097076 ], [ -83.518573173330708, 34.996868244277202 ], [ -83.518577747343144, 34.996865204538956 ], [ -83.518962693728668, 34.996638938429939 ], [ -83.518966055280885, 34.996637131801016 ], [ -83.518969545049046, 34.996635587308013 ], [ -83.519044326908244, 34.996605855200812 ], [ -83.519049048482898, 34.996604247237144 ], [ -83.519053995863956, 34.996603613016894 ], [ -83.519328646314165, 34.99658233660174 ], [ -83.519332989756734, 34.996582190013903 ], [ -83.519337329473274, 34.996582422046707 ], [ -83.519687770013277, 34.996616519256797 ], [ -83.519703003639904, 34.996617416539777 ], [ -83.519718261336621, 34.996617149729104 ], [ -83.520079991835402, 34.996597000613235 ], [ -83.520452687500352, 34.996576240413305 ], [ -83.520456985187465, 34.996576186467394 ], [ -83.520461271565608, 34.996576502669448 ], [ -83.520759352181301, 34.996611456322647 ], [ -83.520763914787722, 34.99661220868115 ], [ -83.520767888138295, 34.996614574247623 ], [ -83.520977960289869, 34.996753319302755 ], [ -83.52098003003033, 34.99675466800705 ], [ -83.521002934161956, 34.996769392302404 ], [ -83.521006809326124, 34.996772156248511 ], [ -83.521008961043336, 34.996776402000293 ], [ -83.521164987079487, 34.997124991159296 ], [ -83.521292712228444, 34.99741027593064 ], [ -83.521303096777686, 34.997430346420458 ], [ -83.52131567916841, 34.997449117325289 ], [ -83.521505970551885, 34.997700973233187 ], [ -83.521693727379045, 34.99794965079051 ], [ -83.521694257340499, 34.997950349515648 ], [ -83.521699692397419, 34.997957482804878 ], [ -83.521710525877296, 34.997970516428694 ], [ -83.521722423946528, 34.997982586042802 ], [ -83.521941176774504, 34.9981864458289 ], [ -83.521944785862502, 34.998190179013314 ], [ -83.52194798686935, 34.998194267501503 ], [ -83.522247229601092, 34.998620490637016 ], [ -83.522250596590553, 34.998625613455495 ], [ -83.522447929055772, 34.998946898049567 ], [ -83.522448054539581, 34.998947102080521 ], [ -83.522546666435701, 34.9991072255755 ], [ -83.522548815167255, 34.999111088103575 ], [ -83.522550241912398, 34.99911525313113 ], [ -83.522642618915128, 34.999429333215197 ], [ -83.522643747849628, 34.999433998581146 ], [ -83.522642565287114, 34.99943865064305 ], [ -83.522576570664526, 34.999653848652621 ], [ -83.522574723734323, 34.999658885856448 ], [ -83.522572345826518, 34.999663695235967 ], [ -83.522417522501954, 34.999938508116237 ], [ -83.522414774623087, 34.999942846538758 ], [ -83.52241159484818, 34.999946879128338 ], [ -83.522288162092224, 35.000087825701769 ], [ -83.52227504195686, 35.000104517964736 ], [ -83.522263765245739, 35.000122506999759 ], [ -83.52225445903882, 35.000141590084091 ], [ -83.522231264174962, 35.000196354875378 ], [ -83.522230722052669, 35.000197647460332 ], [ -83.522164665598225, 35.000356706629091 ], [ -83.522158903339275, 35.000372404403528 ], [ -83.52215447256107, 35.000388528669561 ], [ -83.522151404237363, 35.000404966708984 ], [ -83.522106038160175, 35.000720674954913 ], [ -83.522055990709106, 35.001061001353875 ], [ -83.522006428850091, 35.001398022809546 ], [ -83.52200564282704, 35.001403990292367 ], [ -83.521972030269097, 35.00169266469878 ], [ -83.521971953214106, 35.001693336348978 ], [ -83.521939029339563, 35.001984664979418 ], [ -83.521904991071139, 35.002277001205357 ], [ -83.521870991768367, 35.002569000163064 ], [ -83.521839433802825, 35.002840021347424 ], [ -83.521838103051337, 35.002861011822965 ], [ -83.521838984027866, 35.002882025981123 ], [ -83.521874434240914, 35.003256026180082 ], [ -83.521876927959866, 35.003273800384939 ], [ -83.521881005113272, 35.003291279452789 ], [ -83.521886632865645, 35.003308322615517 ], [ -83.521975965716308, 35.00354293415576 ], [ -83.521998684905299, 35.003602473465229 ], [ -83.522005693176084, 35.00361865839244 ], [ -83.522014100085045, 35.00363416295982 ], [ -83.52216517997833, 35.003885655331644 ], [ -83.522173261898814, 35.003898046273058 ], [ -83.522659458307785, 35.004586413914403 ], [ -83.52266420010578, 35.004593794794943 ], [ -83.522778782410555, 35.00479064155909 ], [ -83.522779201862278, 35.004791358726237 ], [ -83.522958779335298, 35.005096937204208 ], [ -83.522961103847379, 35.005101118618498 ], [ -83.523064867870772, 35.005298764305451 ], [ -83.523065116203412, 35.005299235792563 ], [ -83.523157873650149, 35.005474778529596 ], [ -83.523353814035829, 35.00584785521319 ], [ -83.523357771381924, 35.005856331727003 ], [ -83.523541289798246, 35.006302828764525 ], [ -83.523551135129821, 35.006323370058581 ], [ -83.523563252342257, 35.006342658616795 ], [ -83.523746729261802, 35.006600817299613 ], [ -83.523751375853863, 35.006607092132292 ], [ -83.523930828996981, 35.006839789882171 ], [ -83.524111651631401, 35.00707555756771 ], [ -83.524112325958484, 35.007076447039523 ], [ -83.524383964800151, 35.007438938017039 ], [ -83.524396583117721, 35.007454148365838 ], [ -83.524410641005957, 35.007468039097539 ], [ -83.524426001197781, 35.007480474577264 ], [ -83.524442513709886, 35.007491333379811 ], [ -83.524639696725046, 35.0076074707532 ], [ -83.524648012715588, 35.007612944227169 ], [ -83.524964871999188, 35.007844913110702 ], [ -83.524965111399879, 35.00784508810063 ], [ -83.525286990883799, 35.008079999979785 ], [ -83.525602371127576, 35.008310168972187 ], [ -83.525615983942288, 35.008319273708011 ], [ -83.526040298453779, 35.008578576699087 ], [ -83.526041688453404, 35.008579418405745 ], [ -83.526110371700582, 35.00862062876638 ], [ -83.526111613089398, 35.008621367523062 ], [ -83.526632687619838, 35.008928918744786 ], [ -83.526653946783355, 35.008939810073436 ], [ -83.526683134177134, 35.008952624306566 ], [ -83.526684840222671, 35.008953392433142 ], [ -83.526939779536164, 35.009071056539398 ], [ -83.526943865601979, 35.009073177495246 ], [ -83.526947211840351, 35.009076339310454 ], [ -83.527076545426468, 35.009210428195978 ], [ -83.527079718110897, 35.009214062231656 ], [ -83.527078409146711, 35.009218705372326 ], [ -83.5270434863357, 35.009322553262869 ], [ -83.527041813157325, 35.009326850351933 ], [ -83.527037864623779, 35.009329232280294 ], [ -83.526740686805098, 35.009490000954017 ], [ -83.526733140988853, 35.009493682223123 ], [ -83.52646097905459, 35.009612579373432 ], [ -83.526444405317221, 35.009620751389015 ], [ -83.526428656567006, 35.009630418212488 ], [ -83.526076381785359, 35.009869734858597 ], [ -83.526075601199423, 35.009870267847042 ], [ -83.52572365600615, 35.010111799344507 ], [ -83.525713994696844, 35.01011765507323 ], [ -83.525559135927494, 35.01019992324786 ], [ -83.5255588464547, 35.010200077333685 ], [ -83.525523447718342, 35.010218957274176 ], [ -83.525505128353004, 35.010230025919519 ], [ -83.525311410862741, 35.010361715093964 ], [ -83.525310567768386, 35.010362281989103 ], [ -83.525120328830127, 35.010488799763806 ], [ -83.5251055224672, 35.010499658939487 ], [ -83.525091774414662, 35.010511830263603 ], [ -83.524937153872031, 35.010661929376461 ], [ -83.524930966119641, 35.010668206894543 ], [ -83.524851138714212, 35.010752844493894 ], [ -83.524846284801967, 35.010757968821238 ], [ -83.524833723491739, 35.010772579596832 ], [ -83.524822626454011, 35.010788331327916 ], [ -83.524697124651937, 35.010986063588035 ], [ -83.524691152150595, 35.010996110815185 ], [ -83.524556408149223, 35.011238650174079 ], [ -83.52455115456786, 35.011247088697196 ], [ -83.524386581665453, 35.011484268124129 ], [ -83.524383847918045, 35.011487849112335 ], [ -83.524380026823891, 35.011490218290767 ], [ -83.524153606423837, 35.011616859446498 ], [ -83.524142019743863, 35.011622394479716 ], [ -83.523944241418235, 35.011701696940271 ], [ -83.523937657101087, 35.011704072994185 ], [ -83.523627948443419, 35.011803726757726 ], [ -83.523619942894371, 35.011805940159363 ], [ -83.523417084423656, 35.011853050003303 ], [ -83.523408832637628, 35.011854604237023 ], [ -83.52312725326297, 35.011895478779849 ], [ -83.523103384827039, 35.011900445051921 ], [ -83.523080297977245, 35.011908278535081 ], [ -83.522945474090406, 35.011963399692931 ], [ -83.522928649727007, 35.011971207281405 ], [ -83.522912620997772, 35.011980539884526 ], [ -83.522897525756861, 35.011991317237808 ], [ -83.522883493830008, 35.012003446651242 ], [ -83.522870645897953, 35.01201682380654 ], [ -83.52280368590003, 35.012093348753943 ], [ -83.522790871501186, 35.012109622478889 ], [ -83.522779808982136, 35.01212713429242 ], [ -83.52265355654923, 35.012351993718219 ], [ -83.522652438253004, 35.012354012637765 ], [ -83.522549967968331, 35.012541552502114 ], [ -83.52254435822492, 35.012552622389777 ], [ -83.52251008189981, 35.012625807723666 ], [ -83.522509901913921, 35.012626193088074 ], [ -83.522443786956217, 35.012768144054888 ], [ -83.522441833846443, 35.012771910187993 ], [ -83.522439279498286, 35.012775278239062 ], [ -83.522311476564127, 35.012929786647597 ], [ -83.522307782879423, 35.012933785473685 ], [ -83.522303674900911, 35.012937357368244 ], [ -83.522255136223819, 35.012975109334846 ], [ -83.52225285833309, 35.012976907688184 ], [ -83.522103206878967, 35.013096827556325 ], [ -83.522102775638174, 35.013097174102072 ], [ -83.521963315483347, 35.013209562286427 ], [ -83.521948943470804, 35.013222331097914 ], [ -83.521935863834486, 35.013236420824846 ], [ -83.521924197429357, 35.013251701279117 ], [ -83.521914052052196, 35.01326803127035 ], [ -83.521869666905829, 35.013347786360512 ], [ -83.521868332564878, 35.01335022371493 ], [ -83.521843216530954, 35.013396867921408 ], [ -83.52183364915858, 35.013417325519576 ], [ -83.521826449195572, 35.01343873132415 ], [ -83.521821708450062, 35.013460812385468 ], [ -83.521796666789811, 35.013621079551392 ], [ -83.521794569567263, 35.013640998014544 ], [ -83.521794475050157, 35.013661026359046 ], [ -83.521796384186374, 35.013680963728881 ], [ -83.521819420544347, 35.013838106875227 ], [ -83.521819836762134, 35.013842010967295 ], [ -83.521819944768524, 35.013845935697141 ], [ -83.521818004979863, 35.01400981709444 ], [ -83.521817990970959, 35.01401218396316 ], [ -83.521817990760439, 35.014166188678587 ], [ -83.521819156299344, 35.014187749496422 ], [ -83.521844375899747, 35.014420328301085 ], [ -83.521844956359899, 35.014431705370171 ], [ -83.521844017525609, 35.014586609749664 ], [ -83.521843798916819, 35.014590981994878 ], [ -83.521843197786453, 35.014595318233503 ], [ -83.521811001538325, 35.014770609316265 ], [ -83.521808680708787, 35.014787068529522 ], [ -83.521807734640831, 35.014803663616334 ], [ -83.521804995864116, 35.014981720831855 ], [ -83.521800998571223, 35.015201611362542 ], [ -83.521800985942434, 35.015202389343152 ], [ -83.521799077363852, 35.015335976786886 ], [ -83.521798631351103, 35.015341951621217 ], [ -83.521797470649034, 35.015347829575802 ], [ -83.521765135672609, 35.015471779997441 ], [ -83.521761551714093, 35.015488372312312 ], [ -83.521725906086701, 35.015695677206502 ], [ -83.521724717185776, 35.015700888965007 ], [ -83.521721930965754, 35.015705451079548 ], [ -83.521716440447435, 35.015713437579691 ], [ -83.521711698128243, 35.015720665543498 ], [ -83.521596010015301, 35.015905584008834 ], [ -83.521587633086796, 35.015920329540407 ], [ -83.521580535488013, 35.015935731739084 ], [ -83.521489094548471, 35.01615856419135 ], [ -83.521480598207333, 35.01618400726349 ], [ -83.52141375802772, 35.016440228987946 ], [ -83.521409298414795, 35.01645345865213 ], [ -83.521310594604913, 35.016690156830613 ], [ -83.521307074819674, 35.01669769747987 ], [ -83.521244813769712, 35.016817771776459 ], [ -83.521234630537819, 35.016840872078305 ], [ -83.521167588817363, 35.017023374562697 ], [ -83.521166338214115, 35.017026604971413 ], [ -83.521099403261772, 35.017190987702563 ], [ -83.52109855619446, 35.017193004535166 ], [ -83.521044203393458, 35.017318552033089 ], [ -83.521037149156285, 35.017337393314534 ], [ -83.521032023507431, 35.017356847976508 ], [ -83.521028878312819, 35.017376719159145 ], [ -83.521027745398371, 35.017396805787868 ], [ -83.52102709050871, 35.017505515742563 ], [ -83.521027667467592, 35.017521948758777 ], [ -83.52102959238654, 35.017538278841158 ], [ -83.521055255303992, 35.017698879626472 ], [ -83.521058718694263, 35.017715818056779 ], [ -83.521063632008605, 35.017732394088746 ], [ -83.521152887623202, 35.017991793390749 ], [ -83.521155202427508, 35.017998167445363 ], [ -83.521234665526734, 35.018205929644665 ], [ -83.521243241725244, 35.018225230919256 ], [ -83.521253805555133, 35.018243520147784 ], [ -83.521266239205815, 35.018260593364019 ], [ -83.521280404014007, 35.01827626016302 ], [ -83.52144256384048, 35.018437604691151 ], [ -83.521455971848752, 35.018449787826242 ], [ -83.521643929222407, 35.018605632901938 ], [ -83.521647791481797, 35.0186091951742 ], [ -83.521651257142366, 35.018613144355037 ], [ -83.521777185804254, 35.018772903197174 ], [ -83.521787255665487, 35.018784706175559 ], [ -83.521889957495674, 35.018896032398828 ], [ -83.521906060121339, 35.018911633808202 ], [ -83.521923807804001, 35.018925334840567 ], [ -83.521942977500302, 35.018936963308718 ], [ -83.522096801049855, 35.019018849321128 ], [ -83.522114353083126, 35.019027126377345 ], [ -83.522132624660983, 35.019033663423649 ], [ -83.522211129734472, 35.019057522557226 ], [ -83.522215798893001, 35.019059204967867 ], [ -83.522217787376377, 35.019063752217633 ], [ -83.522229088949558, 35.019093646562432 ], [ -83.522237010087551, 35.019111820515036 ], [ -83.522246691602874, 35.019129120955533 ], [ -83.522258038365678, 35.019145377891107 ], [ -83.522270938883523, 35.019160431582335 ], [ -83.522285266396906, 35.019174134112788 ], [ -83.522371908607823, 35.019249137750172 ], [ -83.522390948678648, 35.019263718481092 ], [ -83.522527211355552, 35.019355654462466 ], [ -83.522547639729396, 35.019367738487645 ], [ -83.522569355785748, 35.019377317371628 ], [ -83.522788913390869, 35.019458971694327 ], [ -83.522846390944835, 35.019480293376617 ], [ -83.522855403135139, 35.019484149232603 ], [ -83.523080422723652, 35.019593775214354 ], [ -83.523084843217291, 35.019596213993808 ], [ -83.523088680556526, 35.01959949473099 ], [ -83.523348474083107, 35.019845510158511 ], [ -83.523349501596826, 35.019846497156898 ], [ -83.523426517199525, 35.019921538184413 ], [ -83.523427468537975, 35.019922459013095 ], [ -83.523566585141978, 35.020056225051107 ], [ -83.523583775509294, 35.020070974841907 ], [ -83.523602523432004, 35.020083686271853 ], [ -83.523813455647556, 35.020209885273566 ], [ -83.523816892424804, 35.020212138701659 ], [ -83.523820132090421, 35.020214667326726 ], [ -83.524081850308036, 35.020436880636865 ], [ -83.52408213340702, 35.020437120552025 ], [ -83.524347501057719, 35.020661586447687 ], [ -83.524375453676598, 35.020685539945255 ], [ -83.52437654926652, 35.02068647197958 ], [ -83.524610264122217, 35.020883852344319 ], [ -83.524617394276603, 35.020890495957651 ], [ -83.524895537616104, 35.021176233701738 ], [ -83.524907434032329, 35.021187493303792 ], [ -83.524920211936546, 35.021197741646148 ], [ -83.524922334628243, 35.021199305712543 ], [ -83.524929766204963, 35.021204525422881 ], [ -83.525191555191839, 35.02137965932981 ], [ -83.525206156441399, 35.021388548468835 ], [ -83.525221463429048, 35.021396158292106 ], [ -83.52523736433217, 35.021402433207342 ], [ -83.525469158239446, 35.02148263644289 ], [ -83.525482412339045, 35.021488324581902 ], [ -83.525641277475543, 35.02157056004377 ], [ -83.525650420049899, 35.02157592578849 ], [ -83.526136804384834, 35.021897234413785 ], [ -83.526144880706909, 35.02190317221649 ], [ -83.526343490819016, 35.022065145890672 ], [ -83.526346834601298, 35.022068134107919 ], [ -83.526349256547888, 35.022071908296525 ], [ -83.526541736542342, 35.022403936396159 ], [ -83.526553163143092, 35.022421464891657 ], [ -83.526817573284276, 35.022784083917848 ], [ -83.526827475185769, 35.022796584535321 ], [ -83.526838341566545, 35.02280825650427 ], [ -83.526945424651799, 35.022914454303717 ], [ -83.526950648690303, 35.022919451152077 ], [ -83.527076822982465, 35.023035845142573 ], [ -83.527308834219113, 35.023250854577057 ], [ -83.527309148367763, 35.023251145080842 ], [ -83.527538952533135, 35.023463197112932 ], [ -83.527545142431649, 35.023468676384141 ], [ -83.527835629659904, 35.023715297114592 ], [ -83.527843901810797, 35.023723176852208 ], [ -83.528073062956537, 35.02396794047587 ], [ -83.528076800805479, 35.023972165678529 ], [ -83.528323684298385, 35.024267632822031 ], [ -83.52832430081915, 35.024268367082463 ], [ -83.528390325384919, 35.024346619009386 ], [ -83.528405875664475, 35.024363063327932 ], [ -83.528423184271347, 35.02437764547232 ], [ -83.528707112963914, 35.024590591684884 ], [ -83.52871080055229, 35.024593495065631 ], [ -83.528935069945078, 35.024778760579423 ], [ -83.528938797517043, 35.024782173089505 ], [ -83.528941758822555, 35.02478626829248 ], [ -83.529041144922331, 35.024939558530932 ], [ -83.529052398833343, 35.024955208670953 ], [ -83.529065107107925, 35.024969702709491 ], [ -83.529079151693381, 35.024982906005114 ], [ -83.529180055144408, 35.025068992317138 ], [ -83.529193743113325, 35.025079679252542 ], [ -83.52920830654466, 35.025089138509863 ], [ -83.529223635640676, 35.025097298773133 ], [ -83.529400556816938, 35.025181836857882 ], [ -83.529405456130547, 35.025184097229115 ], [ -83.529737792146378, 35.02533202143379 ], [ -83.529742140438799, 35.025334083651138 ], [ -83.53010517794408, 35.025517086247341 ], [ -83.530108765692816, 35.025518987101599 ], [ -83.530505149509537, 35.025739419560693 ], [ -83.5305107249077, 35.025742761905953 ], [ -83.530673341022549, 35.025847580764271 ], [ -83.530674645803543, 35.025848414666072 ], [ -83.530770991564026, 35.025909466408891 ], [ -83.530774853351474, 35.025912177853783 ], [ -83.530778441528128, 35.025915242217444 ], [ -83.531100138432208, 35.026217442121506 ], [ -83.531109195594922, 35.026227162661634 ], [ -83.531303673895749, 35.02646592727131 ], [ -83.531310518961391, 35.026473894335666 ], [ -83.531536932247221, 35.026723830677803 ], [ -83.531539013821956, 35.026726202693219 ], [ -83.531602584432093, 35.026800991576266 ], [ -83.53160575406369, 35.026805144640093 ], [ -83.53160798648554, 35.026809868070366 ], [ -83.531738073942194, 35.027127320419645 ], [ -83.531741427185764, 35.027136849930137 ], [ -83.531813795150171, 35.027381335966453 ], [ -83.531814193071256, 35.027382663377757 ], [ -83.531830801105073, 35.027437375703883 ], [ -83.531918972529795, 35.027734816691442 ], [ -83.531926073058486, 35.027754810166826 ], [ -83.531976641343931, 35.027876336756421 ], [ -83.531984797194738, 35.027893571285553 ], [ -83.531994557160644, 35.027909950844844 ], [ -83.532069634445207, 35.02802328868551 ], [ -83.532082741293607, 35.028040894160462 ], [ -83.532097698384661, 35.028056957399578 ], [ -83.532114325581787, 35.028071284944332 ], [ -83.532160640381761, 35.028106959568817 ], [ -83.532163306122328, 35.028109086293291 ], [ -83.532252727315083, 35.028182956520773 ], [ -83.532255220216257, 35.028185085596071 ], [ -83.532632010475126, 35.028517720402519 ], [ -83.532644373290196, 35.028527786822799 ], [ -83.532885836142526, 35.028708884368385 ], [ -83.533127559018467, 35.028890909246336 ], [ -83.533137819477446, 35.028899789594149 ], [ -83.533383343245902, 35.029143357780796 ], [ -83.533384627655821, 35.029144655439566 ], [ -83.533677937061228, 35.029446451919348 ], [ -83.53369592701975, 35.029462838343349 ], [ -83.533715773878185, 35.029476918673929 ], [ -83.534100889964037, 35.029716315173488 ], [ -83.534103102387562, 35.029717670646839 ], [ -83.534151273897535, 35.029746755556801 ], [ -83.534154880354151, 35.029749152629769 ], [ -83.53415800551457, 35.029752126651381 ], [ -83.53428566125713, 35.029884546403068 ], [ -83.53429197493486, 35.029891757924581 ], [ -83.534315353216869, 35.029921197332882 ], [ -83.53431661239479, 35.029922816804685 ], [ -83.534519946261625, 35.030189941347359 ], [ -83.534749069726956, 35.03049048044474 ], [ -83.534752748667799, 35.03049563707355 ], [ -83.534954723127228, 35.030798598421846 ], [ -83.534967924850335, 35.030816216545659 ], [ -83.534982983012625, 35.03083227691701 ], [ -83.535266830199873, 35.031103428180792 ], [ -83.535280505500964, 35.031115353548955 ], [ -83.535295205317723, 35.031125990449468 ], [ -83.535607274626969, 35.031330902673005 ], [ -83.535611787803276, 35.031334244953086 ], [ -83.535615895975369, 35.031338074119887 ], [ -83.535703970008058, 35.031429978325569 ], [ -83.535841419636526, 35.031573317918394 ], [ -83.53584388514966, 35.031576088132091 ], [ -83.535846138178485, 35.031579033755584 ], [ -83.536034550984553, 35.031845311701382 ], [ -83.536046129893464, 35.031860143410483 ], [ -83.536256933119844, 35.032105442180608 ], [ -83.536259811020003, 35.032109127385169 ], [ -83.536262331070645, 35.032113065962143 ], [ -83.536372911866295, 35.032305175966862 ], [ -83.536383940420649, 35.032322263007885 ], [ -83.536466308335051, 35.03243666286847 ], [ -83.536469536405193, 35.032441429992687 ], [ -83.536603455845295, 35.032652013563599 ], [ -83.536608139531381, 35.03266020919807 ], [ -83.536695202528591, 35.032830781138635 ], [ -83.536704777377523, 35.032847498925484 ], [ -83.536715916323075, 35.032863217895596 ], [ -83.536835320720613, 35.033015591869386 ], [ -83.536837834684576, 35.033019103028131 ], [ -83.536839697681614, 35.033022980914318 ], [ -83.536891963733154, 35.033144937125613 ], [ -83.536967331641833, 35.033320464686611 ], [ -83.536968675798704, 35.033323524381274 ], [ -83.537131371043998, 35.033685620476128 ], [ -83.5371326321944, 35.033688371440107 ], [ -83.537259705039091, 35.03396011101718 ], [ -83.53726170955261, 35.03396507973919 ], [ -83.537262603433746, 35.033970362470569 ], [ -83.537286930948824, 35.034183474988552 ], [ -83.537287045374356, 35.034184526713979 ], [ -83.537289129563135, 35.034204673808247 ], [ -83.537291890160319, 35.034223007773214 ], [ -83.537296336685429, 35.034241007317171 ], [ -83.537302430925578, 35.034258517754211 ], [ -83.537310120507598, 35.034275388601749 ], [ -83.537351753928803, 35.034356538551513 ], [ -83.537352222722319, 35.034357464092658 ], [ -83.537389641061068, 35.034432299854124 ], [ -83.537392175775793, 35.034437776478057 ], [ -83.537481495478573, 35.034647119171417 ], [ -83.537494229294097, 35.034671990430574 ], [ -83.537585948155211, 35.034823929293346 ], [ -83.537678937192823, 35.034977682533487 ], [ -83.537687483049496, 35.034990647851224 ], [ -83.537697009041963, 35.035002911072567 ], [ -83.537847409767508, 35.03518174135499 ], [ -83.53785407819322, 35.035190630241431 ], [ -83.53791064570909, 35.03527548285448 ], [ -83.537911339405198, 35.035276516431509 ], [ -83.537935780483551, 35.035312688793731 ], [ -83.537936202256148, 35.035313310489428 ], [ -83.537979550118109, 35.035376947945785 ], [ -83.537986735040519, 35.035386832731611 ], [ -83.538092568820105, 35.035523455702815 ], [ -83.538093416983727, 35.035524542852791 ], [ -83.538112749414438, 35.035549147209011 ], [ -83.538117334735404, 35.035554769935843 ], [ -83.538276893207353, 35.03574333825236 ], [ -83.538279795738873, 35.035747122458702 ], [ -83.538281923526128, 35.035751390646539 ], [ -83.538377118330587, 35.035967742988035 ], [ -83.538378786132895, 35.035972068553903 ], [ -83.538380045011536, 35.035976530314549 ], [ -83.538393702801244, 35.036035258518496 ], [ -83.538398751363232, 35.036053152135629 ], [ -83.538405439720819, 35.036070499624927 ], [ -83.538413710075005, 35.036087151073929 ], [ -83.538423490955552, 35.036102962585183 ], [ -83.538434697838639, 35.036117797519758 ], [ -83.538447233877335, 35.036131527678023 ], [ -83.538460990738471, 35.03614403440757 ], [ -83.538503583769455, 35.036179283847787 ], [ -83.538518284295819, 35.03619035106113 ], [ -83.538533939753108, 35.036200020360162 ], [ -83.538550417622304, 35.036208209897005 ], [ -83.538699154799318, 35.03627378236974 ], [ -83.538723401091673, 35.036282650557943 ], [ -83.538809360090013, 35.036307932717776 ], [ -83.538812940078373, 35.036309134574481 ], [ -83.538816418949324, 35.036310603667609 ], [ -83.538916992588312, 35.036357634364961 ], [ -83.538934637858944, 35.036364881486122 ], [ -83.538952893298273, 35.036370414593293 ], [ -83.538971592838266, 35.036374183352322 ], [ -83.538990566370913, 35.036376153479146 ], [ -83.539165120306265, 35.036385896320482 ], [ -83.539168863753915, 35.036386070099802 ], [ -83.539352927664538, 35.036392887283519 ], [ -83.53935905619187, 35.036393020260334 ], [ -83.539507270414219, 35.036393964260881 ], [ -83.539512933447611, 35.036394324733131 ], [ -83.539518367148133, 35.036395960210186 ], [ -83.539894022862526, 35.036532898573633 ], [ -83.539910815600223, 35.036538195040514 ], [ -83.53992800911, 35.036541993964363 ], [ -83.539945470121253, 35.036544265898911 ], [ -83.540292241182968, 35.036573935966416 ], [ -83.540293740116525, 35.036574075589662 ], [ -83.540555991265265, 35.036600496464501 ], [ -83.540560928373324, 35.036601245926661 ], [ -83.540565616496323, 35.036602965878252 ], [ -83.540756326492769, 35.036684017881534 ], [ -83.54076575130199, 35.036687744423745 ], [ -83.540989064234168, 35.036769561887965 ], [ -83.540992917447042, 35.036771159336617 ], [ -83.540996623751056, 35.036773073077171 ], [ -83.541147847710533, 35.036859348322331 ], [ -83.541150142861142, 35.036860637788259 ], [ -83.54119212909356, 35.036883864354394 ], [ -83.541199649116606, 35.036888468891995 ], [ -83.541357445607687, 35.036994933763381 ], [ -83.541361769621204, 35.036998209702858 ], [ -83.541364803755613, 35.037002706690764 ], [ -83.541413718449249, 35.037084544154581 ], [ -83.541414266278551, 35.037085455201719 ], [ -83.541441896409665, 35.0371311291618 ], [ -83.541453147646948, 35.037147777821517 ], [ -83.541466012675727, 35.037163213470031 ], [ -83.541480361633774, 35.037177280296739 ], [ -83.541496049679751, 35.037189836308208 ], [ -83.541693238163973, 35.037332015240302 ], [ -83.541698810390315, 35.03733589099059 ], [ -83.541861582151284, 35.037445055463408 ], [ -83.541864367998699, 35.037446993152045 ], [ -83.542094389943372, 35.037612845732582 ], [ -83.54209761426722, 35.037615122545439 ], [ -83.542361582096461, 35.037797643048549 ], [ -83.54236819363021, 35.037802631780337 ], [ -83.542719946082912, 35.038091675912071 ], [ -83.542727667223915, 35.038098728780732 ], [ -83.542862328540238, 35.038235328295336 ], [ -83.542863640387679, 35.038236684379044 ], [ -83.542972818177546, 35.038351695402511 ], [ -83.542987549791874, 35.038365712594732 ], [ -83.543003628599607, 35.038378161453323 ], [ -83.543020888385215, 35.038388913287541 ], [ -83.543090509766046, 35.038427515360205 ], [ -83.543099594015501, 35.038432252150159 ], [ -83.543306268762493, 35.038533372201691 ], [ -83.543328469601732, 35.038542624414603 ], [ -83.543351620547099, 35.038549144724044 ], [ -83.543590190414335, 35.038601084164938 ], [ -83.543607929084899, 35.038604117461006 ], [ -83.543801225716336, 35.038628279627169 ], [ -83.543812635012372, 35.038630384620085 ], [ -83.543859478892784, 35.038641874781831 ], [ -83.543860501437834, 35.038642131319939 ], [ -83.544151762916798, 35.038716837688156 ], [ -83.544168107563323, 35.038720309371875 ], [ -83.544184684960527, 35.038722404594935 ], [ -83.544583207704818, 35.038755934725124 ], [ -83.544584773523738, 35.038756078873654 ], [ -83.544628865573387, 35.038760487834423 ], [ -83.544639137604165, 35.038761248425104 ], [ -83.544716184371367, 35.038764961615506 ], [ -83.544717796517119, 35.03876505236282 ], [ -83.544980892810557, 35.038781993899775 ], [ -83.545327972967385, 35.038803999630822 ], [ -83.545673972991551, 35.038825998915257 ], [ -83.546016850762044, 35.038847737892802 ], [ -83.546020965806662, 35.03884817071593 ], [ -83.546025030835153, 35.038848943031518 ], [ -83.546290682914176, 35.038910928271939 ], [ -83.546291298746425, 35.038911070939719 ], [ -83.546370406610492, 35.038929265911761 ], [ -83.546391125696644, 35.038932896312325 ], [ -83.546412111484983, 35.038934330546063 ], [ -83.546518564517072, 35.038935994102395 ], [ -83.546519417918958, 35.03893600561733 ], [ -83.546690516287825, 35.038937949115919 ], [ -83.546694953250437, 35.038938198316465 ], [ -83.546699165150301, 35.038939615580631 ], [ -83.546756951279363, 35.038961984596298 ], [ -83.546943372375878, 35.039034055247278 ], [ -83.546958824356167, 35.039039314890609 ], [ -83.546989414659819, 35.039048352452042 ], [ -83.547000339574922, 35.039052283526665 ], [ -83.547257873046831, 35.039162242305679 ], [ -83.547261896507706, 35.039164177483769 ], [ -83.547265730788908, 35.039166464717795 ], [ -83.547544579387178, 35.039350208366457 ], [ -83.547564597873787, 35.039361797388509 ], [ -83.547585820563455, 35.039370997534228 ], [ -83.547774340283837, 35.039440067501417 ], [ -83.547796301559018, 35.039446712014872 ], [ -83.547818879334073, 35.039450797506362 ], [ -83.547973811424612, 35.039469734154395 ], [ -83.54797817642897, 35.039470219089203 ], [ -83.548057899301156, 35.039478190880239 ], [ -83.548074123062122, 35.039479149538749 ], [ -83.548283846342613, 35.039483004648453 ], [ -83.548304978373807, 35.039482275169036 ], [ -83.548325915289723, 35.039479318746451 ], [ -83.548346423070669, 35.039474168425734 ], [ -83.548366272493539, 35.039466881773933 ], [ -83.54838524169395, 35.039457540236661 ], [ -83.548433631925349, 35.039430442100105 ], [ -83.548438080286971, 35.039428235265596 ], [ -83.548442878197648, 35.039426955386681 ], [ -83.548807474218847, 35.039348966871472 ], [ -83.548816577928463, 35.039347455230271 ], [ -83.548995904889864, 35.039326129944179 ], [ -83.54899808080684, 35.039325895305304 ], [ -83.549172546995578, 35.039309011054939 ], [ -83.549193273380098, 35.039305901971318 ], [ -83.549228242808894, 35.039298765408546 ], [ -83.549232009279123, 35.039298145725994 ], [ -83.549235812093698, 35.039297815712629 ], [ -83.549667843431735, 35.03927692625021 ], [ -83.549686859991212, 35.039275093226891 ], [ -83.54970561489317, 35.039271454111415 ], [ -83.550022768796424, 35.039194031554665 ], [ -83.550027004159546, 35.039193190751668 ], [ -83.550031313111745, 35.039193470364495 ], [ -83.550072655931999, 35.039197963802572 ], [ -83.550287428582422, 35.039222040358553 ], [ -83.550304604824234, 35.039223220178684 ], [ -83.550526596979253, 35.03922888803956 ], [ -83.550530969176023, 35.039229192284296 ], [ -83.550535297787306, 35.039229879158441 ], [ -83.55077149045789, 35.039278082015358 ], [ -83.550775930334325, 35.03927920269016 ], [ -83.55078007248548, 35.039281109145641 ], [ -83.550997665288634, 35.039393531497517 ], [ -83.551016379441606, 35.039402012518735 ], [ -83.551035864957569, 35.039408528799136 ], [ -83.551281913357016, 35.039476978997776 ], [ -83.551446019625246, 35.039522775597298 ], [ -83.551462119017216, 35.039526558523967 ], [ -83.551701054904399, 35.039572369462775 ], [ -83.551720078177453, 35.039575076925388 ], [ -83.551739273473302, 35.039575946343909 ], [ -83.55207717143476, 35.039575002404881 ], [ -83.552078811201184, 35.03957501126893 ], [ -83.552206990539062, 35.039576755231799 ], [ -83.552224929707492, 35.039576193909141 ], [ -83.552242746319664, 35.039574026611767 ], [ -83.552636947974264, 35.039508007732906 ], [ -83.553109396724707, 35.039429099905036 ], [ -83.553451755902998, 35.039374038253477 ], [ -83.553792872684582, 35.039320019393706 ], [ -83.553793109945474, 35.039319981675256 ], [ -83.554474818215382, 35.039211187576086 ], [ -83.554477169345034, 35.039210840956493 ], [ -83.554948963988224, 35.039147004403631 ], [ -83.555406529150176, 35.039085222972261 ], [ -83.55542284311295, 35.039082327677782 ], [ -83.555438861439498, 35.039078091957514 ], [ -83.555810991359962, 35.038963000376071 ], [ -83.556194904056497, 35.038844264257754 ], [ -83.556203171581217, 35.038842089936395 ], [ -83.556570740553411, 35.038762054607311 ], [ -83.556938018626482, 35.038683069652286 ], [ -83.55694804593098, 35.038681441387148 ], [ -83.557353761082851, 35.038636578796385 ], [ -83.557358978437264, 35.038636278382441 ], [ -83.557364143436388, 35.038637074510746 ], [ -83.557613913900838, 35.038689149906403 ], [ -83.557617941664617, 35.038690166320578 ], [ -83.557621731490897, 35.038691831787006 ], [ -83.557955760618299, 35.038855418524072 ], [ -83.557962099541868, 35.038858810805493 ], [ -83.558127517448042, 35.03895514149297 ], [ -83.558130435385593, 35.038956908072684 ], [ -83.558407657959904, 35.03913127428455 ], [ -83.558411784711623, 35.039134174765223 ], [ -83.558413962083407, 35.039138724701708 ], [ -83.558571279907596, 35.039515896890471 ], [ -83.558572803010676, 35.039520060390274 ], [ -83.558573561035814, 35.039524410676997 ], [ -83.558619975375692, 35.039883874118395 ], [ -83.558620008154321, 35.039884126711236 ], [ -83.558625971922638, 35.039929855460372 ], [ -83.558660276922225, 35.040195924868563 ], [ -83.5586639437727, 35.04021612476847 ], [ -83.558669662093195, 35.040235842338276 ], [ -83.558677371629543, 35.040254869813097 ], [ -83.55868699114599, 35.040273006699593 ], [ -83.558698419281299, 35.040290061888598 ], [ -83.558783567573172, 35.040404019677901 ], [ -83.558795095205681, 35.040418068275429 ], [ -83.558807850442022, 35.040431012515441 ], [ -83.558821727971974, 35.040442745527244 ], [ -83.559069807898453, 35.040633858378079 ], [ -83.559336089314044, 35.040839979550299 ], [ -83.559339823946104, 35.040843177050583 ], [ -83.559343225527698, 35.04084672701967 ], [ -83.559549836553401, 35.041084821851747 ], [ -83.559758452805056, 35.04132637667486 ], [ -83.559759520285127, 35.041327633507677 ], [ -83.559973867963393, 35.041584261953375 ], [ -83.559976787623157, 35.041588125297984 ], [ -83.559978904146732, 35.041592480774042 ], [ -83.56009730203202, 35.041869703566306 ], [ -83.560101796241952, 35.041882605543641 ], [ -83.560142912601918, 35.042033072969488 ], [ -83.560147554493909, 35.042047799096828 ], [ -83.560153318591958, 35.042062123242921 ], [ -83.560314804734134, 35.042422584880107 ], [ -83.560391647278948, 35.042596224423328 ], [ -83.560392341724167, 35.042597775799763 ], [ -83.560480524337848, 35.042792550265069 ], [ -83.560485780424855, 35.04280329275614 ], [ -83.560715711580912, 35.043239674761637 ], [ -83.560717754297826, 35.043244058588357 ], [ -83.560717971696093, 35.043248890085806 ], [ -83.560716992771461, 35.04349860877057 ], [ -83.560716991234742, 35.043499392449498 ], [ -83.560716991044956, 35.043612030551905 ], [ -83.560717793443459, 35.043629928250496 ], [ -83.560720194260554, 35.043647682335532 ], [ -83.560766939748234, 35.043905718475081 ], [ -83.560767042671984, 35.043906282013964 ], [ -83.560817800116979, 35.044181960097717 ], [ -83.560818194119065, 35.044184038264603 ], [ -83.560917879254418, 35.044695048112011 ], [ -83.560921625801697, 35.04471082179149 ], [ -83.560926637643661, 35.044726240190279 ], [ -83.561023900847616, 35.044988754741958 ], [ -83.56102408320595, 35.044989244960746 ], [ -83.561041167671988, 35.045034988580724 ], [ -83.561048870707367, 35.045052897683327 ], [ -83.56105828080203, 35.045069971722938 ], [ -83.561069308542969, 35.045086048465137 ], [ -83.561081849146618, 35.045100975151655 ], [ -83.561253061397011, 35.04528568120508 ], [ -83.561263294407652, 35.045295947992066 ], [ -83.56152267653124, 35.045537974836186 ], [ -83.56153153560696, 35.0455457652725 ], [ -83.561962411974903, 35.045902692089342 ], [ -83.561965515525387, 35.045905372175554 ], [ -83.562003604025492, 35.045939651991468 ], [ -83.562231937645834, 35.04614731394787 ], [ -83.562235765493185, 35.046151198971387 ], [ -83.562239146121442, 35.046155479929567 ], [ -83.562316947225511, 35.046265937576244 ], [ -83.562467948928443, 35.046480673442034 ], [ -83.562473560678526, 35.046489624672397 ], [ -83.562485532883912, 35.046511174751593 ], [ -83.562486434127464, 35.046512833696312 ], [ -83.562705971423853, 35.046926197855896 ], [ -83.56270781348131, 35.046930058766172 ], [ -83.562708608153329, 35.046934262134307 ], [ -83.562770996695775, 35.047365128483456 ], [ -83.562773460873629, 35.047378786359374 ], [ -83.562792917780413, 35.04746865880572 ], [ -83.562793066891146, 35.047469341781877 ], [ -83.562871468036803, 35.047825457110179 ], [ -83.562877037468297, 35.047845651965247 ], [ -83.56288468873133, 35.047865153475755 ], [ -83.562972271394855, 35.048058011561437 ], [ -83.562978098249744, 35.04806979726682 ], [ -83.563103623015039, 35.0483039846496 ], [ -83.563115459638126, 35.04832334324059 ], [ -83.563232709047711, 35.048492703057271 ], [ -83.563244738328905, 35.048508365652907 ], [ -83.563258253676182, 35.04852276551042 ], [ -83.563430127193172, 35.048688654130288 ], [ -83.563445647275003, 35.048702162814045 ], [ -83.563462473135132, 35.048714005444999 ], [ -83.563749615736228, 35.048894763577614 ], [ -83.563750368884186, 35.048895235355971 ], [ -83.563970504050616, 35.049032449858068 ], [ -83.563975522950983, 35.049035477034849 ], [ -83.564017185918559, 35.049059780909545 ], [ -83.564020879028689, 35.049062159192964 ], [ -83.564024348573327, 35.049064853177704 ], [ -83.564150020323936, 35.049171626333859 ], [ -83.564153795030961, 35.049175188030098 ], [ -83.56415717881859, 35.049179123010752 ], [ -83.564245959581569, 35.049293958620666 ], [ -83.564323393632051, 35.049394226521095 ], [ -83.564637506709403, 35.049809288561335 ], [ -83.564649282696166, 35.049823444423218 ], [ -83.564662310696363, 35.049836457243856 ], [ -83.564676480277399, 35.049848216719333 ], [ -83.56469167133001, 35.049858623169769 ], [ -83.564785649235176, 35.049916833229382 ], [ -83.564802797996691, 35.049926325425652 ], [ -83.564956484989793, 35.050001804730279 ], [ -83.564969712601112, 35.050007716451319 ], [ -83.565295531672874, 35.050139390102096 ], [ -83.565308025435343, 35.05014548244781 ], [ -83.565736014098462, 35.050392436667565 ], [ -83.565737954691087, 35.050393585773747 ], [ -83.566057872257517, 35.050587928048131 ], [ -83.566373338122588, 35.050780165099653 ], [ -83.566377810042937, 35.050783236094645 ], [ -83.566381921541094, 35.050786775194034 ], [ -83.566575565956981, 35.050972750205858 ], [ -83.566579699245651, 35.050977238397856 ], [ -83.566583252219161, 35.050982198671932 ], [ -83.566645959309028, 35.051082166787168 ], [ -83.566648697352861, 35.051087140990518 ], [ -83.566650851340583, 35.051092394553272 ], [ -83.56666875529605, 35.051144316166855 ], [ -83.566669232012146, 35.051145682585798 ], [ -83.566715326827747, 35.051276283742794 ], [ -83.566716744683603, 35.051281047413724 ], [ -83.56671718778351, 35.051285997821417 ], [ -83.566727788853797, 35.051555847345114 ], [ -83.566727726204874, 35.051560941811836 ], [ -83.566725626462159, 35.051565583858903 ], [ -83.566616694288058, 35.051776699411022 ], [ -83.566613047422678, 35.051783165998657 ], [ -83.566417335778993, 35.052101924862193 ], [ -83.566409248636887, 35.052116411787019 ], [ -83.56626228623206, 35.052407415192505 ], [ -83.566251098800038, 35.052429211513349 ], [ -83.566243715779237, 35.052445313698335 ], [ -83.566237786496785, 35.052462006000972 ], [ -83.566151005789678, 35.052745545112103 ], [ -83.566146044543387, 35.052765298419693 ], [ -83.566143117972103, 35.052785453873199 ], [ -83.566142256424925, 35.05280580245698 ], [ -83.566142985280962, 35.052890306222018 ], [ -83.566142987616217, 35.052891694831878 ], [ -83.566141994351213, 35.05308047401968 ], [ -83.56614199158291, 35.053081526138818 ], [ -83.566141991323008, 35.053387637525418 ], [ -83.566141992636872, 35.053388362638628 ], [ -83.566142989784495, 35.053663457511341 ], [ -83.566141999571457, 35.05421227813838 ], [ -83.56614177052731, 35.054216946461601 ], [ -83.566139835735115, 35.054221201724879 ], [ -83.566044825005946, 35.054406425199865 ], [ -83.566040876209328, 35.054413416767169 ], [ -83.565942166485542, 35.054572871574564 ], [ -83.565938707389478, 35.054577772572927 ], [ -83.565934683804102, 35.054582221829705 ], [ -83.565742741511897, 35.054770325118113 ], [ -83.565738830311162, 35.054773774889952 ], [ -83.565734285867222, 35.054776333493194 ], [ -83.565503504670005, 35.054890754223905 ], [ -83.565498514697552, 35.054893316033123 ], [ -83.565486352914832, 35.054899776866378 ], [ -83.565469524253018, 35.054909803232491 ], [ -83.56545375717026, 35.054921427817519 ], [ -83.565178155854625, 35.055146260929313 ], [ -83.565165492237924, 35.055157518054678 ], [ -83.565153826898808, 35.055169806664132 ], [ -83.565010579862545, 35.055334119215097 ], [ -83.564996148748065, 35.055352791193229 ], [ -83.564984017429012, 35.055373033004663 ], [ -83.564983402021696, 35.05537421253289 ], [ -83.564982586830965, 35.055375792054029 ], [ -83.564910274458214, 35.055517446190123 ], [ -83.564898172496498, 35.055540793362397 ], [ -83.564894000211609, 35.055549333318439 ], [ -83.564803490119957, 35.055746327043892 ], [ -83.564795216923486, 35.055767403327089 ], [ -83.56478937895281, 35.055789279651989 ], [ -83.564741277875484, 35.056021613358595 ], [ -83.564740723275165, 35.056024391080101 ], [ -83.564726898103871, 35.056096282335126 ], [ -83.564725771757963, 35.056100924658303 ], [ -83.564723779578159, 35.056105266436681 ], [ -83.564615040699451, 35.056315045514872 ], [ -83.564612823547264, 35.05631889325123 ], [ -83.564609969838898, 35.056322272771446 ], [ -83.564460058712243, 35.056484676624947 ], [ -83.564453635538186, 35.056491032810108 ], [ -83.564303823583074, 35.056626439566465 ], [ -83.564297970839633, 35.056631336886767 ], [ -83.564217186544468, 35.056693849696487 ], [ -83.564216797300205, 35.056694151670165 ], [ -83.564177414150109, 35.056724782684554 ], [ -83.564161825637996, 35.056738251087886 ], [ -83.564147705292001, 35.056753251602096 ], [ -83.564135202928824, 35.056769625071894 ], [ -83.564124451198438, 35.056787197774923 ], [ -83.564115564176575, 35.05680578326497 ], [ -83.564108636154458, 35.056825184350188 ], [ -83.564098749332217, 35.056858140529805 ], [ -83.564094201292363, 35.056876372775626 ], [ -83.564091384440417, 35.056894951386965 ], [ -83.564090323642091, 35.056913712361386 ], [ -83.564091028261558, 35.056932490086638 ], [ -83.564093492078825, 35.056951118802608 ], [ -83.564119198615728, 35.057093607910858 ], [ -83.564119792507512, 35.057098017782501 ], [ -83.564119990996858, 35.05710246303569 ], [ -83.564119990875696, 35.057399373922664 ], [ -83.5641195634349, 35.057408607499852 ], [ -83.564084339659814, 35.057788245943193 ], [ -83.564083851077285, 35.057791976700038 ], [ -83.564083082835069, 35.057795660049443 ], [ -83.563979040424854, 35.058214772532878 ], [ -83.56397781597542, 35.058218922924183 ], [ -83.563975560756091, 35.058222616027194 ], [ -83.563775839026491, 35.058519763835399 ], [ -83.563772790885736, 35.058523833860342 ], [ -83.563769343884118, 35.058527572101767 ], [ -83.563489999680172, 35.058801096263906 ], [ -83.563479347923376, 35.058810156064396 ], [ -83.56312139708659, 35.059073756183189 ], [ -83.563116841379909, 35.059076741274886 ], [ -83.563111987001392, 35.059079211142091 ], [ -83.562750606712726, 35.059238844977997 ], [ -83.56274531332194, 35.05924100455767 ], [ -83.562487210813657, 35.059337792565273 ], [ -83.562472507341383, 35.059343985992847 ], [ -83.56245834433031, 35.059351331723512 ], [ -83.562448475784905, 35.059356960579386 ], [ -83.562444378003079, 35.059358766749384 ], [ -83.562405967179359, 35.059373477804499 ], [ -83.562397901056158, 35.05937617945888 ], [ -83.562380456195967, 35.059381207696894 ], [ -83.562361350932704, 35.059387776464249 ], [ -83.562343005840432, 35.059396239169409 ], [ -83.562325608112374, 35.059406509458974 ], [ -83.562309335274861, 35.059418482534952 ], [ -83.562294353375847, 35.059432036224152 ], [ -83.562280815290535, 35.059447032224803 ], [ -83.562268859161492, 35.059463317517782 ], [ -83.562258606988991, 35.059480725928047 ], [ -83.562250163386139, 35.059499079820277 ], [ -83.562243614511431, 35.059518191911458 ], [ -83.562239027189534, 35.059537867181895 ], [ -83.562236448229456, 35.059557904865244 ], [ -83.562235903946899, 35.059578100497092 ], [ -83.562237399895722, 35.059598248001308 ], [ -83.562240920811263, 35.059618141792875 ], [ -83.562246430766123, 35.059637578875645 ], [ -83.562253873536747, 35.059656360913728 ], [ -83.562396001284299, 35.059968057864388 ], [ -83.562407256147097, 35.059989266826257 ], [ -83.562600449878644, 35.06030583568181 ], [ -83.562602771432182, 35.060310093751816 ], [ -83.562604223371125, 35.06031472113154 ], [ -83.562727747140755, 35.060788072229165 ], [ -83.562732534720723, 35.060803756118645 ], [ -83.562738591075231, 35.060818995077973 ], [ -83.562745875489611, 35.060833686661219 ], [ -83.563007481165812, 35.06131106840585 ], [ -83.563008482419178, 35.061312942480214 ], [ -83.563158930615472, 35.061601885227191 ], [ -83.563159051013059, 35.061602116089375 ], [ -83.563310241193321, 35.061891563326505 ], [ -83.563311695221387, 35.061894460487586 ], [ -83.563440994640445, 35.062162855877908 ], [ -83.563445176404215, 35.062171048859113 ], [ -83.563571476103775, 35.062405046694529 ], [ -83.56357248475004, 35.06240696487626 ], [ -83.563670859954328, 35.062599074114992 ], [ -83.563678511917871, 35.06261268044242 ], [ -83.563687201765347, 35.062625648527977 ], [ -83.5638033955195, 35.062785209609231 ], [ -83.563815075373924, 35.062799769156058 ], [ -83.563828061685669, 35.062813176434318 ], [ -83.563842241344162, 35.06282531466681 ], [ -83.564073572172347, 35.063005335718209 ], [ -83.564086331468047, 35.063014484128871 ], [ -83.564099769051538, 35.063022603512721 ], [ -83.564621621231311, 35.063310588198107 ], [ -83.564630100091634, 35.063315835415032 ], [ -83.564834313104853, 35.063456771225937 ], [ -83.564838778867028, 35.063460243626672 ], [ -83.564842821996848, 35.063464200102295 ], [ -83.564950042047116, 35.063581767053627 ], [ -83.564952838784592, 35.063585116971282 ], [ -83.564955332022805, 35.06358869851455 ], [ -83.565176430177061, 35.063937955221277 ], [ -83.565181742076419, 35.063945917911646 ], [ -83.565291253247977, 35.064101861501342 ], [ -83.565304909785326, 35.064119190719843 ], [ -83.565320392037179, 35.064134910220581 ], [ -83.56552566230539, 35.064321519416552 ], [ -83.565545312153034, 35.064337243036839 ], [ -83.565587831241501, 35.064367080802398 ], [ -83.565595833881915, 35.064373326529719 ], [ -83.565792836943345, 35.064543866755187 ], [ -83.566073995221572, 35.064788265655011 ], [ -83.566077891851791, 35.06479183801131 ], [ -83.566362982433859, 35.0650674248648 ], [ -83.566376504080651, 35.065079364354446 ], [ -83.566391046485464, 35.06509003697397 ], [ -83.566743824149796, 35.065325222523263 ], [ -83.566751859571539, 35.065331181229794 ], [ -83.567014606553627, 35.065547217722809 ], [ -83.567021119436234, 35.065553069213586 ], [ -83.567382332600332, 35.065907392544787 ], [ -83.567384886970046, 35.065910092003826 ], [ -83.567387233402769, 35.065912974041119 ], [ -83.567571720120952, 35.066157640936552 ], [ -83.567754977026951, 35.066402965667614 ], [ -83.567757773427218, 35.066407131249363 ], [ -83.567760137121496, 35.066411557468442 ], [ -83.567991648909057, 35.066903148814099 ], [ -83.567994152082093, 35.066908929901146 ], [ -83.568132302040937, 35.067257735826033 ], [ -83.568133788978542, 35.067262059249153 ], [ -83.568134873709255, 35.06726650068267 ], [ -83.568194091391362, 35.067568411396763 ], [ -83.568194770730187, 35.067573001596934 ], [ -83.568194152699334, 35.067577600452452 ], [ -83.568129898790758, 35.067930021266029 ], [ -83.568127585039946, 35.06793986146748 ], [ -83.568012043465799, 35.068339360459326 ], [ -83.568009665630527, 35.068346549802236 ], [ -83.567984569972978, 35.068413771428617 ], [ -83.567982807272188, 35.068417912419982 ], [ -83.567980338352541, 35.068421653376411 ], [ -83.567795284463401, 35.068676465673882 ], [ -83.567788210832646, 35.068685139102854 ], [ -83.56749200524861, 35.069009417082071 ], [ -83.567480587722926, 35.069023093230605 ], [ -83.567454188969307, 35.06905774146253 ], [ -83.567263066430016, 35.069306902117717 ], [ -83.567262915950764, 35.069307098544449 ], [ -83.567153226439132, 35.069450464378008 ], [ -83.567145150859773, 35.069461817925209 ], [ -83.566966677904418, 35.069732204188341 ], [ -83.56695594717678, 35.069750503462579 ], [ -83.566947215036535, 35.069769836379592 ], [ -83.566940579722868, 35.069789985438284 ], [ -83.566817271645746, 35.070244233530921 ], [ -83.566813646655817, 35.070260121831261 ], [ -83.566811327250079, 35.070276252516209 ], [ -83.566783113604927, 35.070551742331439 ], [ -83.566782073447641, 35.070571671485709 ], [ -83.566783024550986, 35.070591605088488 ], [ -83.566785957445433, 35.070611344674283 ], [ -83.56679084293016, 35.070630693709305 ], [ -83.566839938117738, 35.070790973794466 ], [ -83.566848312373139, 35.070813415469047 ], [ -83.566859309497474, 35.070834695040645 ], [ -83.566912461495107, 35.070923990519375 ], [ -83.566922814503059, 35.070939659656638 ], [ -83.566934591613702, 35.070954288610835 ], [ -83.56694768898042, 35.070967748388746 ], [ -83.566961991114994, 35.070979920306534 ], [ -83.566977371905978, 35.070990697036308 ], [ -83.566993695730716, 35.070999983552461 ], [ -83.567010818651156, 35.071007697969591 ], [ -83.567111305972574, 35.071047406590957 ], [ -83.5671282186659, 35.071053229761894 ], [ -83.567145583996691, 35.071057518561425 ], [ -83.567290211533177, 35.071086444246255 ], [ -83.567308078986514, 35.071089184691232 ], [ -83.56732612089489, 35.071090300697435 ], [ -83.567487062157014, 35.071092967938242 ], [ -83.567490919571171, 35.071092994660233 ], [ -83.567854387156714, 35.071092007265335 ], [ -83.567859592584014, 35.071092128703881 ], [ -83.56835856407487, 35.07111678124091 ], [ -83.56836296387047, 35.071117194630958 ], [ -83.568367309805623, 35.071117995842499 ], [ -83.568787474414833, 35.071214880775081 ], [ -83.568788509300873, 35.071215116517109 ], [ -83.568863055103606, 35.071231889743778 ], [ -83.568872789832128, 35.071234603872085 ], [ -83.56925339253462, 35.071361783278441 ], [ -83.569275260048983, 35.071367736502111 ], [ -83.569297660683318, 35.071371177524902 ], [ -83.569576887615071, 35.071397990572805 ], [ -83.569673210576852, 35.071407341857658 ], [ -83.569686619615652, 35.071409572987115 ], [ -83.569779363602777, 35.071431579961995 ], [ -83.569798116602541, 35.071435094474651 ], [ -83.56981711916373, 35.071436806043366 ], [ -83.570152279897613, 35.071450928415985 ], [ -83.570155699854723, 35.071451131262364 ], [ -83.570912158588115, 35.071509018457135 ], [ -83.570937843177376, 35.071509329632867 ], [ -83.571403991255735, 35.071484999947003 ], [ -83.571878655689872, 35.071460226553327 ], [ -83.571887330598457, 35.07146015078655 ], [ -83.572535627245344, 35.071482640452977 ], [ -83.572556337659108, 35.071482285642361 ], [ -83.572965754712314, 35.071454016815515 ], [ -83.573381018521246, 35.071426331829002 ], [ -83.573390971971776, 35.071426165171232 ], [ -83.573808982890114, 35.071439999810025 ], [ -83.574228697975769, 35.07145392408286 ], [ -83.574233277648815, 35.071454181285496 ], [ -83.574628113746215, 35.071485455209988 ], [ -83.574641727878472, 35.071487484971101 ], [ -83.57500452944609, 35.0715674578096 ], [ -83.57500942185942, 35.07156866630072 ], [ -83.57530582540123, 35.071649859638029 ], [ -83.575309926417702, 35.071651175813031 ], [ -83.575313725315212, 35.07165317105607 ], [ -83.575540129008573, 35.071784755659522 ], [ -83.575543860507963, 35.071787153427785 ], [ -83.575546823984823, 35.071790453607171 ], [ -83.57567970266841, 35.071952429198376 ], [ -83.575682214933821, 35.071955621700141 ], [ -83.575843004910993, 35.072168717338307 ], [ -83.575850245513109, 35.0721797629243 ], [ -83.576051371179943, 35.072535901762578 ], [ -83.576052584242788, 35.07253811451681 ], [ -83.576201490874055, 35.072818058629103 ], [ -83.576202472458547, 35.072819952451873 ], [ -83.576250745695859, 35.072915571212107 ], [ -83.576256281086259, 35.072928828422377 ], [ -83.576409565477078, 35.073385944402929 ], [ -83.576416573721957, 35.073403917626266 ], [ -83.576425280977361, 35.073421132037573 ], [ -83.576435606232693, 35.073437427477295 ], [ -83.576447453423754, 35.073452652335824 ], [ -83.576655114601365, 35.073694485691007 ], [ -83.576663128937938, 35.073703275856147 ], [ -83.576926326100676, 35.073975246636671 ], [ -83.576931760002296, 35.073980650546737 ], [ -83.577155422514366, 35.074194713397503 ], [ -83.57716910279558, 35.074206664617535 ], [ -83.577329228429491, 35.07433420716972 ], [ -83.57733825791199, 35.074342344622558 ], [ -83.577495835781875, 35.074502770207623 ], [ -83.577503616322062, 35.074511692154715 ], [ -83.577667685849661, 35.074724016818372 ], [ -83.577669872393756, 35.074727078350001 ], [ -83.577671822119683, 35.074730295883214 ], [ -83.577867641888474, 35.075082770733445 ], [ -83.577869771666158, 35.075087083196777 ], [ -83.577871032501633, 35.075091724703611 ], [ -83.57794784204286, 35.075440324805193 ], [ -83.577948130254768, 35.075441677290939 ], [ -83.577954695619198, 35.075473566560625 ], [ -83.577955306894083, 35.075476429401263 ], [ -83.578023896878918, 35.075786532196531 ], [ -83.578028991211482, 35.075805220761822 ], [ -83.578119388714697, 35.076083047151606 ], [ -83.578126419888122, 35.076101504561791 ], [ -83.578135237339254, 35.076119178439299 ], [ -83.57814575507291, 35.076135896413724 ], [ -83.578157870511404, 35.076151495437436 ], [ -83.578171465494862, 35.076165823375717 ], [ -83.578375215484797, 35.076360349584739 ], [ -83.578377882144878, 35.076363098705286 ], [ -83.578380330138032, 35.076366044222262 ], [ -83.578543617188004, 35.076578608397838 ], [ -83.578546718515042, 35.076583144803891 ], [ -83.578548747693247, 35.076588251627513 ], [ -83.57863795569051, 35.076854895081226 ], [ -83.57863802637938, 35.076855105981025 ], [ -83.578673219930451, 35.076959912258495 ], [ -83.578680188930306, 35.076977777819366 ], [ -83.578688836936323, 35.076994893812355 ], [ -83.578699084441951, 35.077011102879347 ], [ -83.578710837235391, 35.07702625600016 ], [ -83.578723987265818, 35.077040213862603 ], [ -83.5787384136367, 35.077052848143246 ], [ -83.578753983717306, 35.077064042687176 ], [ -83.57877055436208, 35.077073694575894 ], [ -83.578787973226639, 35.077081715073504 ], [ -83.578806080168349, 35.077088030442511 ], [ -83.578824708718713, 35.077092582621738 ], [ -83.578843687613698, 35.077095329760141 ], [ -83.578862842368352, 35.077096246601542 ], [ -83.578881996880952, 35.077095324716836 ], [ -83.578900975051965, 35.077092572581499 ], [ -83.57908230324999, 35.077057328620739 ], [ -83.579085674326677, 35.077056643261116 ], [ -83.579470015324858, 35.07697505633783 ], [ -83.579475005805548, 35.076974259592575 ], [ -83.579480054347471, 35.076974487462586 ], [ -83.579845390007321, 35.077009653342863 ], [ -83.579852601795409, 35.077010216102231 ], [ -83.580128762724883, 35.077026747520293 ], [ -83.580132965952885, 35.077027178381563 ], [ -83.580137117646387, 35.077027963371243 ], [ -83.580488983073835, 35.077110065028428 ], [ -83.580492939293705, 35.077111161578884 ], [ -83.580496649259445, 35.077112886786161 ], [ -83.580808772921642, 35.077273855925455 ], [ -83.580813150369963, 35.07727625363902 ], [ -83.580871584814886, 35.077310183610031 ], [ -83.580874370741085, 35.077311862432772 ], [ -83.581160780042879, 35.077490868681785 ], [ -83.581444674259444, 35.077669287059472 ], [ -83.581448830981273, 35.077672205081541 ], [ -83.581452669269851, 35.077675531127568 ], [ -83.581522639372338, 35.077742703015964 ], [ -83.581525292544924, 35.077745347348781 ], [ -83.581667382454285, 35.077892371059278 ], [ -83.581668604857313, 35.077893624876985 ], [ -83.581845520887569, 35.078073505281601 ], [ -83.581848491935347, 35.078076463441874 ], [ -83.581883241676323, 35.078110344596475 ], [ -83.581886760047453, 35.078114153991635 ], [ -83.581888929339328, 35.078118864044626 ], [ -83.58199687530481, 35.078389710223355 ], [ -83.582098428102341, 35.07864684804251 ], [ -83.582106930360965, 35.078665513181043 ], [ -83.582117299538581, 35.078683209394029 ], [ -83.582352850311977, 35.079041698199333 ], [ -83.582361595025162, 35.079053972857764 ], [ -83.582393380103909, 35.079095207726191 ], [ -83.582394586381824, 35.079096805458612 ], [ -83.582759084598024, 35.079589773741155 ], [ -83.582760917444659, 35.079592213433365 ], [ -83.582945826911896, 35.079834474664381 ], [ -83.582948096266691, 35.07983756925637 ], [ -83.582992505566992, 35.079900630524342 ], [ -83.583001959589126, 35.079913002561348 ], [ -83.583354536830996, 35.080338953785549 ], [ -83.583367662202903, 35.080353325404779 ], [ -83.583382122359851, 35.080366353170803 ], [ -83.583663713470926, 35.080596242643558 ], [ -83.583680941247891, 35.080608837498431 ], [ -83.583878893249931, 35.080737937129939 ], [ -83.584004627630193, 35.080820147062859 ], [ -83.584013497852766, 35.080825622196265 ], [ -83.584118965600254, 35.080886985244668 ], [ -83.584328141882693, 35.081008772282892 ], [ -83.584344345099368, 35.08101723926039 ], [ -83.584361253780614, 35.081024191269947 ], [ -83.584573835040231, 35.081100433672653 ], [ -83.584588322073031, 35.081105016271131 ], [ -83.584613839874649, 35.081112033756369 ], [ -83.584628267969862, 35.081115431848779 ], [ -83.584677209301347, 35.081125059511862 ], [ -83.584681825703584, 35.081126203717488 ], [ -83.584683898030391, 35.081130484586204 ], [ -83.584714336687128, 35.081202055982168 ], [ -83.584724910247019, 35.081223316418274 ], [ -83.584753370019143, 35.08127291773274 ], [ -83.584754625435792, 35.081275074460947 ], [ -83.584812373853453, 35.081372874168153 ], [ -83.584820034517989, 35.081384853702446 ], [ -83.584986170500457, 35.081625364353947 ], [ -83.584989640037875, 35.081630748093048 ], [ -83.585008816130866, 35.081662707925133 ], [ -83.58500916765108, 35.08166329153083 ], [ -83.585084792929948, 35.081788364679397 ], [ -83.5850868291718, 35.081792080027093 ], [ -83.585088201669464, 35.081796072157836 ], [ -83.585118685081881, 35.081898607967958 ], [ -83.585119773784314, 35.081902996738343 ], [ -83.585118409053706, 35.081907301163348 ], [ -83.585088305518667, 35.081989145393038 ], [ -83.58508768470027, 35.081990857262191 ], [ -83.585021059462193, 35.082177215005025 ], [ -83.585016229507659, 35.082188488631857 ], [ -83.584861112439725, 35.0824967593785 ], [ -83.584796147262196, 35.082625004628767 ], [ -83.584788810575361, 35.08264124452586 ], [ -83.584782948569895, 35.082658073017264 ], [ -83.584778607784415, 35.082675356501078 ], [ -83.584717033825569, 35.082976791426283 ], [ -83.584648595316267, 35.083308233328175 ], [ -83.584646007786318, 35.083323870061349 ], [ -83.58463013023281, 35.083450887632331 ], [ -83.584629864586873, 35.083453114085479 ], [ -83.584620380884175, 35.083536574017593 ], [ -83.584619367117213, 35.083543391255837 ], [ -83.584548414629012, 35.083928703869518 ], [ -83.584547462163755, 35.083933274415109 ], [ -83.584447540577955, 35.084362346030694 ], [ -83.584443549548283, 35.084375381797514 ], [ -83.584345036106242, 35.084632881854674 ], [ -83.58425400441665, 35.084869926238603 ], [ -83.584248179501301, 35.084887479413496 ], [ -83.584244000933708, 35.084905495605113 ], [ -83.58424150444516, 35.084923820755385 ], [ -83.584212815032714, 35.085244789790565 ], [ -83.584212021903951, 35.085263246955876 ], [ -83.584212976426457, 35.085556311088688 ], [ -83.584212775892397, 35.085560904501328 ], [ -83.584209497537699, 35.085564128170518 ], [ -83.584070031528995, 35.085688964271974 ], [ -83.583998152857831, 35.085753232523089 ], [ -83.583985558773023, 35.085765532436987 ], [ -83.583974095060398, 35.085778892158054 ], [ -83.583744500776262, 35.086071600982685 ], [ -83.583734596127982, 35.086085396710118 ], [ -83.583725897600573, 35.086099982997304 ], [ -83.583540115541595, 35.086443919005148 ], [ -83.583537769369116, 35.086448026964028 ], [ -83.583406800843605, 35.086665243171417 ], [ -83.583397380944248, 35.086682786114373 ], [ -83.583389752144541, 35.086701178796794 ], [ -83.583383990062956, 35.086720238906111 ], [ -83.583380151814566, 35.086739777514062 ], [ -83.583378275445, 35.086759600949399 ], [ -83.583378379553253, 35.086779512717605 ], [ -83.583384471919061, 35.086890112623053 ], [ -83.583386667949966, 35.086910628477618 ], [ -83.583390966000408, 35.086930808903844 ], [ -83.583397320325972, 35.08695043912001 ], [ -83.583405663297114, 35.086969310200345 ], [ -83.583415906118972, 35.086987221298592 ], [ -83.583427939776499, 35.087003981785664 ], [ -83.58360663009212, 35.087227548755926 ], [ -83.583607347239194, 35.087228456729825 ], [ -83.583635056842184, 35.087263959985052 ], [ -83.583643239190124, 35.087273779854335 ], [ -83.583766888668663, 35.087412884450295 ], [ -83.583767094180047, 35.087413115289372 ], [ -83.583873794511092, 35.087532779319645 ], [ -83.58409418493018, 35.087781424091304 ], [ -83.584108721211805, 35.087796204203627 ], [ -83.584124709344948, 35.087809400218262 ], [ -83.584374613660088, 35.087994753688093 ], [ -83.584383538055476, 35.088001003415371 ], [ -83.584646190472014, 35.088174471321551 ], [ -83.584647781101978, 35.088175543902238 ], [ -83.584935292423353, 35.088373454525509 ], [ -83.584938847518046, 35.088376144589844 ], [ -83.584941558578208, 35.088379683699095 ], [ -83.585083516129643, 35.088583318776742 ], [ -83.5850844545256, 35.08858468900069 ], [ -83.585118065341817, 35.08863465166985 ], [ -83.58512073311195, 35.088639104426534 ], [ -83.585121893031726, 35.088644163935328 ], [ -83.585149900396971, 35.088804477326136 ], [ -83.585150085759054, 35.088805521981499 ], [ -83.585189843896828, 35.089026185073791 ], [ -83.585190124131074, 35.089027817796271 ], [ -83.585251862618293, 35.089406300909516 ], [ -83.585256533298335, 35.089427570391393 ], [ -83.585263488708492, 35.089448206000924 ], [ -83.585272646391331, 35.089467963099807 ], [ -83.585283897781125, 35.089486607464615 ], [ -83.585470622657994, 35.089761048818936 ], [ -83.5854767448742, 35.0897713188144 ], [ -83.585634991523392, 35.090077000181466 ], [ -83.585795701231476, 35.09038743974557 ], [ -83.585796274971131, 35.090388565387123 ], [ -83.585937928140936, 35.090670873966744 ], [ -83.5860717214494, 35.090938459766058 ], [ -83.586079555989542, 35.090952658652284 ], [ -83.586088515138982, 35.090966176123601 ], [ -83.586346744774417, 35.091323440690807 ], [ -83.586358681328349, 35.091338392902749 ], [ -83.586371991988869, 35.091352136129387 ], [ -83.58659144830122, 35.091558035328184 ], [ -83.586604589371618, 35.091569334913707 ], [ -83.586618659356375, 35.091579454394576 ], [ -83.586633552601029, 35.091588317781508 ], [ -83.586649157269093, 35.091595858517472 ], [ -83.587055110360382, 35.091770758597114 ], [ -83.587060789142427, 35.091773419402131 ], [ -83.587441862097208, 35.091966772586247 ], [ -83.587456829347005, 35.091973607851564 ], [ -83.587472307810799, 35.091979189659227 ], [ -83.587488192722844, 35.091983480228869 ], [ -83.587884672146473, 35.092073249282102 ], [ -83.587891251323086, 35.092074976171922 ], [ -83.588236733177723, 35.092178341242565 ], [ -83.588259225114626, 35.092183676245305 ], [ -83.588282182408705, 35.09218638034006 ], [ -83.588690554154752, 35.092210676677048 ], [ -83.588701437309837, 35.092211027238243 ], [ -83.589097900306612, 35.092212999602864 ], [ -83.589263851131179, 35.092213975756835 ], [ -83.589272129433127, 35.09221385308507 ], [ -83.589661956271556, 35.092200001823407 ], [ -83.590079782231825, 35.092185007868416 ], [ -83.590080199269877, 35.092184992467047 ], [ -83.590316201357055, 35.092176030255757 ], [ -83.590416288982397, 35.092173021140816 ], [ -83.590417705669637, 35.092172973522949 ], [ -83.590711947966867, 35.092162039392882 ], [ -83.590714034212866, 35.092161950959238 ], [ -83.590749635485338, 35.092160255633992 ], [ -83.590760343948531, 35.092160320138547 ], [ -83.591151709943816, 35.092183685423848 ], [ -83.591156944803075, 35.092184276962307 ], [ -83.591162087942251, 35.09218541792071 ], [ -83.591357086588246, 35.092239636750186 ], [ -83.591361897192826, 35.092241242142293 ], [ -83.591366519741399, 35.092243328106676 ], [ -83.591468579999429, 35.092295789175566 ], [ -83.591469403650763, 35.092296210144191 ], [ -83.591525249773085, 35.092324590439134 ], [ -83.59152983713814, 35.092327237446078 ], [ -83.591534117601014, 35.092330356452841 ], [ -83.591658737005162, 35.092431726271101 ], [ -83.591668620588592, 35.092440944594642 ], [ -83.591997879131313, 35.092792608724984 ], [ -83.59200554567974, 35.09280185308873 ], [ -83.592298933539155, 35.093202365976595 ], [ -83.592314144353722, 35.093220725868051 ], [ -83.592362707627103, 35.093272697530729 ], [ -83.592623153817982, 35.093553751542046 ], [ -83.592635517759746, 35.093565981399216 ], [ -83.592648897383569, 35.093577090950468 ], [ -83.592663191527265, 35.093586996197473 ], [ -83.592778889840673, 35.093659935795053 ], [ -83.5927790935487, 35.093660064047299 ], [ -83.59294280186073, 35.093762995409925 ], [ -83.592949253621796, 35.093766884359567 ], [ -83.593278751152383, 35.093957130100769 ], [ -83.593285298125537, 35.093960748665467 ], [ -83.593744576258317, 35.094203495355885 ], [ -83.593765980838029, 35.094213244242262 ], [ -83.59429086218131, 35.094415950825734 ], [ -83.594291120359216, 35.094416050327595 ], [ -83.594325030601539, 35.094429092414778 ], [ -83.594329848372908, 35.094431245632236 ], [ -83.594334103540405, 35.094434366660373 ], [ -83.594517935949227, 35.094584848916384 ], [ -83.594533427429155, 35.094596328865727 ], [ -83.594549952382295, 35.094606263708982 ], [ -83.594567357219489, 35.094614561107946 ], [ -83.594585480173563, 35.094621143943428 ], [ -83.594604152802887, 35.094625951032071 ], [ -83.594661723427365, 35.094637845907137 ], [ -83.594677067764422, 35.094640398567591 ], [ -83.594692564077363, 35.094641750987698 ], [ -83.594890525968964, 35.094651291267475 ], [ -83.594908090263047, 35.094651365564836 ], [ -83.594925593341301, 35.094649898527614 ], [ -83.594942900206888, 35.094646901470696 ], [ -83.594959877376297, 35.094642397509631 ], [ -83.595395167981792, 35.09450619626184 ], [ -83.595402897322501, 35.094504113625447 ], [ -83.595914909616312, 35.0943879267097 ], [ -83.595923136726128, 35.094386418644795 ], [ -83.596202871421383, 35.094347157580046 ], [ -83.596205109347565, 35.09434683057124 ], [ -83.596439569723785, 35.094311215764527 ], [ -83.596442408640257, 35.094310763633118 ], [ -83.59646042799848, 35.094307760894061 ], [ -83.596465007235565, 35.09430721400819 ], [ -83.596469589121298, 35.094307519459186 ], [ -83.596584576944139, 35.09432050182189 ], [ -83.596588929956425, 35.09432119021632 ], [ -83.596592763245624, 35.09432334716842 ], [ -83.596719730387662, 35.094402348733702 ], [ -83.596723816336109, 35.094405184882653 ], [ -83.596726877600247, 35.094409105007259 ], [ -83.596855865590101, 35.094592554898213 ], [ -83.596861615983201, 35.094601757675036 ], [ -83.596890866996134, 35.094654774703955 ], [ -83.596891116954694, 35.094655226371074 ], [ -83.597025186775809, 35.094896749994952 ], [ -83.597028548870057, 35.094903375627844 ], [ -83.597187807278416, 35.095248434226392 ], [ -83.59719562902653, 35.09526363740116 ], [ -83.597204720669666, 35.095278116983053 ], [ -83.597492958174215, 35.095696343583334 ], [ -83.597510587267763, 35.095718408924924 ], [ -83.597677043184959, 35.09589897268431 ], [ -83.597678909229074, 35.095901054545457 ], [ -83.597858322464788, 35.096106937458231 ], [ -83.597860858917201, 35.096110098679119 ], [ -83.597863130434618, 35.09611345533235 ], [ -83.598003904354172, 35.096340860201053 ], [ -83.598004077771776, 35.096341139824027 ], [ -83.598171027807112, 35.096609840588485 ], [ -83.598172868531123, 35.096613064808942 ], [ -83.598174464505036, 35.09661641693198 ], [ -83.598309985337622, 35.096930667955355 ], [ -83.598312055837908, 35.0969353062289 ], [ -83.598504877754394, 35.097352930342204 ], [ -83.598512934594766, 35.097368539976841 ], [ -83.598522330050102, 35.09738338244258 ], [ -83.59853299164071, 35.097397343239685 ], [ -83.598793415852114, 35.097708969952642 ], [ -83.598805676262003, 35.097722356266267 ], [ -83.598819099892125, 35.097734575807898 ], [ -83.59883357616161, 35.097745527915677 ], [ -83.599248883205419, 35.098031051321165 ], [ -83.59926987329456, 35.098043662814234 ], [ -83.599501122991356, 35.098163987303089 ], [ -83.599504874977711, 35.09816615240225 ], [ -83.59950793929967, 35.098169214262533 ], [ -83.599667735606261, 35.098343450233216 ], [ -83.599670798879856, 35.09834713141607 ], [ -83.599673100710262, 35.098351330978851 ], [ -83.599757430705864, 35.098524476474111 ], [ -83.599765629983125, 35.098539618289955 ], [ -83.599775101316979, 35.098553998713093 ], [ -83.599814233725041, 35.098608182919669 ], [ -83.599816799618736, 35.09861211306653 ], [ -83.599818984597491, 35.098616267068323 ], [ -83.599916877197174, 35.098825755542592 ], [ -83.599917106582311, 35.098826244699147 ], [ -83.599954323198517, 35.098905329899964 ], [ -83.599958930300687, 35.098916959080299 ], [ -83.600010148025873, 35.099074380104327 ], [ -83.600016809082518, 35.099091989205697 ], [ -83.600025096408601, 35.0991088939492 ], [ -83.600034936568036, 35.099124944537621 ], [ -83.60004624236467, 35.09913999874265 ], [ -83.600058913614987, 35.099153923165147 ], [ -83.600240292201406, 35.099335301775277 ], [ -83.600253507047924, 35.099347383159511 ], [ -83.600267749444086, 35.099358234250005 ], [ -83.600593705995095, 35.099584254868304 ], [ -83.600610813027814, 35.099594883057371 ], [ -83.600958834027708, 35.099787521724551 ], [ -83.600976589103709, 35.099796232041768 ], [ -83.60099511762408, 35.09980314625053 ], [ -83.60101423842049, 35.09980819674503 ], [ -83.601452982773509, 35.099901150914583 ], [ -83.601456942955267, 35.09990216103548 ], [ -83.601460807180175, 35.099903491879772 ], [ -83.60200430505158, 35.100115950627867 ], [ -83.602009612643997, 35.10011820394606 ], [ -83.602372896658792, 35.100284957319126 ], [ -83.602735890044315, 35.100452033140598 ], [ -83.602740046232313, 35.100454063915521 ], [ -83.603018295338742, 35.10059808706616 ], [ -83.603021898997497, 35.100600146757223 ], [ -83.603025318977032, 35.100602498867282 ], [ -83.603302809527506, 35.100810863728398 ], [ -83.603303174252346, 35.100811136947357 ], [ -83.603574473646759, 35.101013887863104 ], [ -83.60359428377518, 35.101026936413348 ], [ -83.60393599083956, 35.101224000784775 ], [ -83.604273741742077, 35.10141878230376 ], [ -83.604288279499954, 35.101426389320281 ], [ -83.604303391879426, 35.101432779084817 ], [ -83.604788354245485, 35.10161476076199 ], [ -83.60478963077459, 35.101615234827058 ], [ -83.605188991475941, 35.101762000457768 ], [ -83.605564139271493, 35.101899867313257 ], [ -83.605580856027856, 35.101905190929664 ], [ -83.605597975005821, 35.101909029083942 ], [ -83.60561536447878, 35.101911352242375 ], [ -83.60572767326876, 35.101921366874649 ], [ -83.605745988787874, 35.101922156540553 ], [ -83.6057642996699, 35.101921265803789 ], [ -83.605899635113687, 35.101908444638951 ], [ -83.605917514077234, 35.10190593228203 ], [ -83.605935093623785, 35.101901817817534 ], [ -83.605952230493529, 35.101896134775203 ], [ -83.60596878503415, 35.101888929467449 ], [ -83.606083572319903, 35.101832676046627 ], [ -83.606087045256402, 35.101831135128286 ], [ -83.606090625349722, 35.101829862866666 ], [ -83.606422448839396, 35.101725987969758 ], [ -83.606441188265094, 35.101719076675415 ], [ -83.606501025137035, 35.101693545878774 ], [ -83.606512780332778, 35.101688073252539 ], [ -83.606770426093334, 35.101557802961999 ], [ -83.606774051597739, 35.101556148172001 ], [ -83.606777797594503, 35.101554787980803 ], [ -83.607039180879383, 35.101471532545695 ], [ -83.607044005287705, 35.101470260044209 ], [ -83.607048941712307, 35.101470985224815 ], [ -83.607219548997747, 35.10150491757571 ], [ -83.607224898060281, 35.101506293698748 ], [ -83.607230061868052, 35.101508253615769 ], [ -83.607330707358855, 35.101552985274118 ], [ -83.60735048456128, 35.101560548633387 ], [ -83.607370950540414, 35.101565978719698 ], [ -83.607391875902223, 35.101569214669645 ], [ -83.607591726820644, 35.101589360955231 ], [ -83.607608003663714, 35.101590333694531 ], [ -83.607624305651257, 35.101589977262428 ], [ -83.607891864958191, 35.101573196236117 ], [ -83.607898123083345, 35.101573000179542 ], [ -83.608240525623685, 35.101573000417737 ], [ -83.608454526791235, 35.101573997892103 ], [ -83.608455458258177, 35.101574000064623 ], [ -83.608581629259717, 35.101574000529482 ], [ -83.608586959968008, 35.101574286560052 ], [ -83.608592229468499, 35.101575141328361 ], [ -83.609059794032689, 35.101676957784349 ], [ -83.609526432073068, 35.101779558622006 ], [ -83.609539632185971, 35.101781999697231 ], [ -83.609891721630632, 35.101834959440914 ], [ -83.609892260229373, 35.101835039704895 ], [ -83.610247990293288, 35.101887556985915 ], [ -83.610254003203863, 35.101888351722728 ], [ -83.610717261535967, 35.101942447753579 ], [ -83.610721943478154, 35.101943221850654 ], [ -83.610726530617612, 35.101944437563461 ], [ -83.610841629435711, 35.101980885774516 ], [ -83.61084235314604, 35.101981113441639 ], [ -83.610905271451742, 35.102000775416286 ], [ -83.610906713326855, 35.102001220039178 ], [ -83.61130321111186, 35.10212184983358 ], [ -83.611306934585258, 35.102123145437027 ], [ -83.611310544161782, 35.102124730933468 ], [ -83.611731436078841, 35.102329806435193 ], [ -83.611744760775792, 35.102335708149191 ], [ -83.612232635845245, 35.102530857835738 ], [ -83.612243065109922, 35.102535744463921 ], [ -83.612455834736906, 35.102650834022967 ], [ -83.612460087353483, 35.102653270894699 ], [ -83.612620388604157, 35.102750423278053 ], [ -83.612625493302758, 35.102753733503562 ], [ -83.612905991126212, 35.102948000513315 ], [ -83.613188483812309, 35.103143649180211 ], [ -83.613189500806982, 35.103144348895782 ], [ -83.613617817105947, 35.103437096840487 ], [ -83.613632563263465, 35.103446262748378 ], [ -83.614061422408625, 35.103687680069271 ], [ -83.614062555722995, 35.103688327822191 ], [ -83.614273397403593, 35.103810668277845 ], [ -83.614289410216571, 35.103819017089833 ], [ -83.614306110825183, 35.103825887498353 ], [ -83.614323363072344, 35.103831223490204 ], [ -83.614341026303578, 35.103834981561988 ], [ -83.614541777537497, 35.10386830104045 ], [ -83.614545946646558, 35.10386917740248 ], [ -83.614550025780417, 35.103870406283086 ], [ -83.614872329144333, 35.103982724402123 ], [ -83.614879544121194, 35.103985556952225 ], [ -83.615201064607035, 35.104126403814277 ], [ -83.615212533330066, 35.104132339104467 ], [ -83.615527626175833, 35.104322178087088 ], [ -83.615530368519813, 35.104323800676489 ], [ -83.615914127657248, 35.104546755154303 ], [ -83.615917876064771, 35.104549163009381 ], [ -83.615921122655365, 35.104552187892644 ], [ -83.616235065132514, 35.104871821282281 ], [ -83.616249622671134, 35.104885243850397 ], [ -83.616265436146989, 35.104897161117137 ], [ -83.616525191801287, 35.105073457304336 ], [ -83.616526796779567, 35.105074535309036 ], [ -83.616691058967987, 35.10518371573221 ], [ -83.616694953013905, 35.10518623935728 ], [ -83.617052561140895, 35.10541214812902 ], [ -83.617078436168313, 35.105425950781608 ], [ -83.617355039278181, 35.105548366090645 ], [ -83.617366551262251, 35.105554384565167 ], [ -83.617585876776502, 35.105687886702626 ], [ -83.617595697969918, 35.105694702038313 ], [ -83.617752188521223, 35.105817795607962 ], [ -83.617757629497433, 35.105822398627289 ], [ -83.617904936599359, 35.105956314272767 ], [ -83.617908754761729, 35.105960187865122 ], [ -83.617911639456267, 35.105964798897581 ], [ -83.618083747824059, 35.106276685765991 ], [ -83.618097639352911, 35.106298417193742 ], [ -83.618317362873157, 35.106597696356573 ], [ -83.618327097706285, 35.10660992396307 ], [ -83.618396838364106, 35.1066908223493 ], [ -83.618540749091238, 35.106858552528351 ], [ -83.618543177440543, 35.106861494582049 ], [ -83.618615772537623, 35.106952945981156 ], [ -83.618618740222914, 35.106957109951693 ], [ -83.618619782010924, 35.106962115996254 ], [ -83.618648294595829, 35.107146496785866 ], [ -83.618648781604563, 35.107150994465542 ], [ -83.618648036175657, 35.107155456599365 ], [ -83.618583953962315, 35.107454507877186 ], [ -83.618582235789162, 35.107463533161003 ], [ -83.618556014209958, 35.107620859639567 ], [ -83.618520497900292, 35.107832094231597 ], [ -83.618518559601185, 35.107847052652822 ], [ -83.618517754137287, 35.107862114611422 ], [ -83.618515499911027, 35.108005609400109 ], [ -83.618516309044097, 35.108026994470208 ], [ -83.618519398510188, 35.108048170662478 ], [ -83.618524732936748, 35.108068895522251 ], [ -83.618574888957426, 35.108227960044431 ], [ -83.618582720972611, 35.108248709356026 ], [ -83.61859280220996, 35.108268463926315 ], [ -83.618605008701863, 35.108286980836127 ], [ -83.61860768042817, 35.108290582044837 ], [ -83.618608303278762, 35.108291417029456 ], [ -83.618748865057924, 35.108478831775429 ], [ -83.618751726001307, 35.108483091699277 ], [ -83.618752087155301, 35.108488210441166 ], [ -83.618753902630203, 35.108587180219239 ], [ -83.61875376023832, 35.108591947944376 ], [ -83.618751835137473, 35.108596312055546 ], [ -83.618687282201762, 35.10872541902561 ], [ -83.618684776560499, 35.108729847908059 ], [ -83.618681422409239, 35.108733674513054 ], [ -83.618552217951915, 35.108866678342913 ], [ -83.618548851652264, 35.10886983699109 ], [ -83.618545207688584, 35.108872670815025 ], [ -83.618522621554078, 35.108888614461293 ], [ -83.618507897063793, 35.10890007385737 ], [ -83.618387383787308, 35.109003240590503 ], [ -83.618382804905153, 35.109006722938076 ], [ -83.618377854919359, 35.109009653901424 ], [ -83.618232268215706, 35.109084857078244 ], [ -83.618117802806424, 35.109143533608133 ], [ -83.61810794030589, 35.109147933363097 ], [ -83.617744105650331, 35.109287190921492 ], [ -83.617739842932906, 35.109288712779836 ], [ -83.617370306738351, 35.109411286124157 ], [ -83.617353139254092, 35.109417870984302 ], [ -83.617336649060448, 35.109426004643524 ], [ -83.61732097553373, 35.109435618355555 ], [ -83.61730625114771, 35.109446630864589 ], [ -83.61721737337399, 35.109519708249259 ], [ -83.61720089697765, 35.109534879068455 ], [ -83.617186220132098, 35.109551796976014 ], [ -83.617141415882685, 35.109609698135273 ], [ -83.617129471668449, 35.109626929560818 ], [ -83.617083170187641, 35.109701828585223 ], [ -83.617073366594965, 35.109719655083481 ], [ -83.617065424722767, 35.109738385303324 ], [ -83.617059426748455, 35.10975782543639 ], [ -83.617033120062757, 35.109861548759895 ], [ -83.617031791977027, 35.109865930293822 ], [ -83.617029693229455, 35.109869977588829 ], [ -83.617008615579266, 35.109906458673059 ], [ -83.617005768692195, 35.109910838678836 ], [ -83.617002478886974, 35.109914896559083 ], [ -83.616778965250148, 35.110162809979926 ], [ -83.616775081574374, 35.110167247444664 ], [ -83.616545314122604, 35.110437722576442 ], [ -83.616531595067059, 35.110455870795811 ], [ -83.616520025802686, 35.110475459631232 ], [ -83.616510756027196, 35.110496235617703 ], [ -83.616419061321139, 35.110737815827342 ], [ -83.616315514324171, 35.111009011058961 ], [ -83.616313826700647, 35.111012921339338 ], [ -83.616311811626701, 35.11101667353433 ], [ -83.616066492693534, 35.111430099069018 ], [ -83.616058714890272, 35.111441367615818 ], [ -83.615922370969272, 35.111612502319559 ], [ -83.615912884018016, 35.111622830044269 ], [ -83.615752402333513, 35.11177461090508 ], [ -83.615751581337065, 35.111775391807356 ], [ -83.615729124613196, 35.111796873326519 ], [ -83.615516310119673, 35.111999697026008 ], [ -83.61528627740384, 35.112217006448311 ], [ -83.615276080570254, 35.112227365961282 ], [ -83.615076069852137, 35.112445914922269 ], [ -83.615075913308971, 35.112446086174181 ], [ -83.614866273248339, 35.112675691240725 ], [ -83.614782706400163, 35.112766450264132 ], [ -83.614764880528597, 35.112788832001705 ], [ -83.614647266264186, 35.112960388325703 ], [ -83.614634135798468, 35.11298245628938 ], [ -83.614624831236071, 35.113000660977789 ], [ -83.614616673363159, 35.113018793879327 ], [ -83.614610356303587, 35.113037647201764 ], [ -83.61460594249408, 35.113057034602157 ], [ -83.614603475559946, 35.113076764458839 ], [ -83.614602979883927, 35.113096641765338 ], [ -83.6146044603652, 35.113116470057847 ], [ -83.614607902370963, 35.113136053356975 ], [ -83.614613271881026, 35.113155198104828 ], [ -83.614620515824072, 35.113173715078055 ], [ -83.614629562602246, 35.113191421258144 ], [ -83.614789041292838, 35.11346861164909 ], [ -83.614790852649222, 35.113472065565574 ], [ -83.614792388754339, 35.113475650385688 ], [ -83.614902301826774, 35.113762644680961 ], [ -83.614910490364181, 35.113781160605036 ], [ -83.614920508890606, 35.113798753805924 ], [ -83.614932254743309, 35.113815244001003 ], [ -83.614945607559122, 35.113830462210458 ], [ -83.615100958612629, 35.113990404601466 ], [ -83.615114139166963, 35.114002800032473 ], [ -83.615128386018299, 35.114013953549815 ], [ -83.615143582565523, 35.114023773869292 ], [ -83.615279052961313, 35.11410286910904 ], [ -83.615282875917174, 35.114105217735883 ], [ -83.615582639266549, 35.114298772866171 ], [ -83.61591589393197, 35.114515937594341 ], [ -83.615916088492824, 35.114516064218734 ], [ -83.616051415879525, 35.114604026432687 ], [ -83.616055802118211, 35.114607230702561 ], [ -83.616059813386585, 35.114610893510651 ], [ -83.616318582998446, 35.114874454921647 ], [ -83.616334153995794, 35.114888722655742 ], [ -83.61645634903914, 35.114989354246248 ], [ -83.616466896775748, 35.114999419302769 ], [ -83.616611866289318, 35.115159548647171 ], [ -83.616614811310697, 35.115163122774263 ], [ -83.616617043667787, 35.115167180374641 ], [ -83.616721826121051, 35.115380590009785 ], [ -83.616723765216207, 35.115385084685883 ], [ -83.616725254122414, 35.115389747878055 ], [ -83.616797684800815, 35.115662088762008 ], [ -83.616798735881474, 35.115667041409132 ], [ -83.616799279062178, 35.115672075139003 ], [ -83.616822597677483, 35.116083066122336 ], [ -83.616822421077686, 35.116096921518867 ], [ -83.616795013094389, 35.116429733920747 ], [ -83.616767185346319, 35.11675695783299 ], [ -83.616766778037018, 35.116785072152652 ], [ -83.616782973304666, 35.117074672682826 ], [ -83.616783010975041, 35.117075327060512 ], [ -83.61680075957176, 35.117375078974788 ], [ -83.61680083742651, 35.117378996954393 ], [ -83.616800607613087, 35.117382908962831 ], [ -83.616767006074411, 35.117724853533169 ], [ -83.616766977382156, 35.117725147752644 ], [ -83.616740060651097, 35.118003288132158 ], [ -83.616739927835198, 35.118004713775647 ], [ -83.616734611657321, 35.118064077495781 ], [ -83.616733853842717, 35.118077948892939 ], [ -83.616724364010011, 35.118556204070138 ], [ -83.616724870306427, 35.11857493546124 ], [ -83.616727127419765, 35.118593537256523 ], [ -83.616797672984717, 35.119010477298943 ], [ -83.616801258040098, 35.119027254912091 ], [ -83.616806267795127, 35.119043663546393 ], [ -83.616812665385424, 35.119059582458526 ], [ -83.616822915498304, 35.119082228346393 ], [ -83.616832523912109, 35.119100804650678 ], [ -83.616844019670722, 35.119118276005253 ], [ -83.616857277067808, 35.119134451360559 ], [ -83.616872151133506, 35.119149153838805 ], [ -83.616888479219639, 35.11916222266813 ], [ -83.616982881878627, 35.119229998716222 ], [ -83.617001597358851, 35.119241920061583 ], [ -83.617021518273376, 35.11925169476568 ], [ -83.61730736594987, 35.119372770719295 ], [ -83.617322858189794, 35.119378589192237 ], [ -83.617673538164937, 35.119493979948402 ], [ -83.617693981949941, 35.119499526011261 ], [ -83.617714897647971, 35.119502878731701 ], [ -83.61773605063344, 35.119504000499994 ], [ -83.618050702944231, 35.119504000505856 ], [ -83.618051279329279, 35.119503999675317 ], [ -83.618379122848239, 35.119503054856992 ], [ -83.618397905548946, 35.11950211654743 ], [ -83.618416517081371, 35.119499418190159 ], [ -83.618759752106413, 35.11943304683804 ], [ -83.618886111824779, 35.11940893164747 ], [ -83.618890776217484, 35.119408279525139 ], [ -83.618891342037628, 35.119412955619801 ], [ -83.618899964993872, 35.119534627880704 ], [ -83.618900019225549, 35.119535373347851 ], [ -83.618924393103811, 35.119861981304631 ], [ -83.618926231796564, 35.119877945121907 ], [ -83.6189920076649, 35.120299294872986 ], [ -83.618997585033185, 35.120324346319109 ], [ -83.619078991768461, 35.120604000444089 ], [ -83.619162705788455, 35.120891585371403 ], [ -83.619163783222248, 35.120896040331026 ], [ -83.61916444707829, 35.120900575397357 ], [ -83.619197988250079, 35.121236971580537 ], [ -83.619231988128391, 35.121576972141526 ], [ -83.61926460564338, 35.121904098677291 ], [ -83.619269297021091, 35.121931573786185 ], [ -83.61934068826254, 35.12222475425272 ], [ -83.619341310950716, 35.122227241939349 ], [ -83.61935882832131, 35.122295367928082 ], [ -83.619359145458034, 35.122296635572916 ], [ -83.619412857599045, 35.122517449192145 ], [ -83.619413128987333, 35.122518551258828 ], [ -83.619497875745751, 35.122858537011588 ], [ -83.619560936632027, 35.12311677537916 ], [ -83.619561047621474, 35.123117227603061 ], [ -83.619633722044441, 35.123411855758832 ], [ -83.619634709895109, 35.123417024071387 ], [ -83.619634588575593, 35.12342228454537 ], [ -83.619627062771301, 35.123521068609477 ], [ -83.619621091942108, 35.123590827907393 ], [ -83.619620903129501, 35.123593199846574 ], [ -83.619609452582864, 35.123748737641058 ], [ -83.6196089242775, 35.123761279024514 ], [ -83.619606241233626, 35.124011701529973 ], [ -83.619607336784668, 35.124034858172223 ], [ -83.619611104613497, 35.124057732476111 ], [ -83.619678896515111, 35.124359132117135 ], [ -83.619681328025649, 35.1243688084433 ], [ -83.619755456576073, 35.124635479051982 ], [ -83.619758839829018, 35.124646424784231 ], [ -83.619862036090979, 35.124949261993514 ], [ -83.619865238560138, 35.124960932106575 ], [ -83.619941211398697, 35.125322292786102 ], [ -83.61994184857906, 35.125326019528607 ], [ -83.619942201824074, 35.125329783811232 ], [ -83.619958298168868, 35.125618561343224 ], [ -83.619961223342642, 35.12564325793376 ], [ -83.620020937834738, 35.125971212743863 ], [ -83.620021645928674, 35.125977021511197 ], [ -83.620021667524867, 35.12598287323835 ], [ -83.620014234756795, 35.126117594985672 ], [ -83.620013800692206, 35.12612195509255 ], [ -83.620012241186927, 35.126126049831214 ], [ -83.619948977787033, 35.126272403926116 ], [ -83.619946777431707, 35.126276866721284 ], [ -83.619943733348208, 35.12628080266564 ], [ -83.619669043940931, 35.126601436642588 ], [ -83.619665837613042, 35.126604842066939 ], [ -83.619662326297643, 35.126607932069845 ], [ -83.619510039192761, 35.126729762118934 ], [ -83.619505846180786, 35.126732774060542 ], [ -83.619501364048574, 35.126735336018911 ], [ -83.61940731231654, 35.126782809365366 ], [ -83.619394911780958, 35.126789629523564 ], [ -83.619298464766743, 35.126847209990615 ], [ -83.619283342702502, 35.126857194184488 ], [ -83.61926918638278, 35.126868506105907 ], [ -83.61925611201714, 35.126881052895037 ], [ -83.619244226933361, 35.126894731554984 ], [ -83.619169088090217, 35.126989566638862 ], [ -83.619159437777782, 35.127002829653037 ], [ -83.619098940747577, 35.127093575695568 ], [ -83.619088848553005, 35.127110457589716 ], [ -83.619080463361826, 35.127128249141371 ], [ -83.618958692423362, 35.127423451470719 ], [ -83.618953759750369, 35.12743672386236 ], [ -83.618882937892863, 35.127650132757417 ], [ -83.618879409665567, 35.127661976670005 ], [ -83.618840830147022, 35.127807808851358 ], [ -83.618836849483557, 35.127826383395721 ], [ -83.618834649023214, 35.12784525181786 ], [ -83.618834248617418, 35.127864243896603 ], [ -83.618835651878399, 35.127883188295208 ], [ -83.618858445306458, 35.128069948004772 ], [ -83.618861719633713, 35.128089036267959 ], [ -83.618866824858969, 35.128107718336508 ], [ -83.618873713110162, 35.128125819027268 ], [ -83.61891286328428, 35.128215389211249 ], [ -83.618921126097845, 35.12823211992589 ], [ -83.618930912214196, 35.128248007745988 ], [ -83.618942136447401, 35.128262914371682 ], [ -83.618954701093074, 35.128276710044176 ], [ -83.619024758029767, 35.128346766906901 ], [ -83.619039222222028, 35.128359883165487 ], [ -83.61905489647117, 35.128371526490206 ], [ -83.619071631382369, 35.128381585905885 ], [ -83.619089267451386, 35.128389965533955 ], [ -83.619107636584829, 35.128396585506259 ], [ -83.619283135358316, 35.128450309492223 ], [ -83.619305228094021, 35.128455719908622 ], [ -83.619327792275342, 35.128458586840395 ], [ -83.619574761665618, 35.128475775167196 ], [ -83.619581199368241, 35.128476433158276 ], [ -83.619851187232669, 35.128512891664741 ], [ -83.61985279328043, 35.128513121823026 ], [ -83.620207667425774, 35.128566919382926 ], [ -83.620228041423388, 35.128568947991006 ], [ -83.620248516061324, 35.12856888294138 ], [ -83.620575973473208, 35.128551056163062 ], [ -83.620578007651517, 35.128550935025658 ], [ -83.621008388667633, 35.128523104365257 ], [ -83.621011595321477, 35.128522948651785 ], [ -83.621594306223599, 35.128504022840389 ], [ -83.621595677654298, 35.128503987713167 ], [ -83.622068020497807, 35.128495130990309 ], [ -83.622081911518407, 35.12849583918193 ], [ -83.622525002050992, 35.128549547349486 ], [ -83.622549068616493, 35.128551000605079 ], [ -83.622771107820924, 35.128551000390836 ], [ -83.622772874498708, 35.128551015996401 ], [ -83.623054850625223, 35.128555998207908 ], [ -83.623055132428988, 35.128556002988454 ], [ -83.623417943969258, 35.128561902044716 ], [ -83.623423941350026, 35.128562363080448 ], [ -83.623429839316202, 35.128563544235483 ], [ -83.623529527629088, 35.128589862286312 ], [ -83.623549149901521, 35.128594002741636 ], [ -83.623569088177206, 35.128596157296826 ], [ -83.623683049702265, 35.128602715790713 ], [ -83.623687890136964, 35.128603235549441 ], [ -83.623691611226207, 35.128606374570197 ], [ -83.623787467189516, 35.128695715664946 ], [ -83.623790793539513, 35.128699129650087 ], [ -83.623792592850933, 35.128703543534868 ], [ -83.623838869699654, 35.128834818085586 ], [ -83.623840896428121, 35.128841251836725 ], [ -83.623889862135073, 35.129017197754557 ], [ -83.62389709396399, 35.129038474599241 ], [ -83.62390666706213, 35.129058805837786 ], [ -83.623918460568319, 35.129077934786551 ], [ -83.623986554919099, 35.129175634569236 ], [ -83.623995908212024, 35.129188003048796 ], [ -83.624072341937861, 35.129281323464411 ], [ -83.624082045219765, 35.129292321780127 ], [ -83.624217429782362, 35.129434878947755 ], [ -83.624228384954506, 35.129445564306742 ], [ -83.624240125067033, 35.129455380744545 ], [ -83.624345291485341, 35.129536685865425 ], [ -83.624348633140187, 35.12953938599334 ], [ -83.624420959994438, 35.129600441937825 ], [ -83.624426809704772, 35.129605791388407 ], [ -83.624522053364359, 35.129700091259018 ], [ -83.624528047939634, 35.129705785923647 ], [ -83.624599874485526, 35.129771248219583 ], [ -83.624603758246877, 35.129775205436339 ], [ -83.624607178087231, 35.129779569821515 ], [ -83.624706519363627, 35.12992202188007 ], [ -83.624712835180745, 35.129932363209214 ], [ -83.624812048521107, 35.130119451030289 ], [ -83.624818276414032, 35.130130353767804 ], [ -83.624964290434406, 35.13036830224538 ], [ -83.624978141962927, 35.130388086932854 ], [ -83.624994277294846, 35.130406057735975 ], [ -83.625199138144112, 35.130608211449754 ], [ -83.625209159090844, 35.130617447655148 ], [ -83.625439470961766, 35.130815644926159 ], [ -83.625455588422383, 35.130828142983432 ], [ -83.625472894936493, 35.130838934579323 ], [ -83.625752466213953, 35.130994051404286 ], [ -83.625778378716547, 35.131006094287258 ], [ -83.62605810612969, 35.131112521982089 ], [ -83.626065739958861, 35.131115795665281 ], [ -83.626355135971735, 35.131254406242668 ], [ -83.626371261657724, 35.131261278165432 ], [ -83.626387927115189, 35.131266711727697 ], [ -83.626462443383005, 35.131287441745137 ], [ -83.626483167768868, 35.131292037814511 ], [ -83.626504262555628, 35.131294411418267 ], [ -83.626525490097833, 35.13129453581633 ], [ -83.626546611254483, 35.131292409607276 ], [ -83.626584317417496, 35.131286578755251 ], [ -83.6266008244923, 35.131283309775142 ], [ -83.62661699833555, 35.131278664719304 ], [ -83.626670200546954, 35.131260930673641 ], [ -83.626687497908705, 35.131254259144413 ], [ -83.626704103189979, 35.131246014591085 ], [ -83.626719873706563, 35.13123626785665 ], [ -83.626734673947141, 35.131225102691872 ], [ -83.626748376737666, 35.131212615035672 ], [ -83.626790717339418, 35.131170274249456 ], [ -83.626804000445532, 35.131155606639147 ], [ -83.626815769070461, 35.131139698177016 ], [ -83.62682590800533, 35.131122704598816 ], [ -83.626834317995119, 35.131104792263073 ], [ -83.626840916710279, 35.131086136522448 ], [ -83.626845639552769, 35.131066920007179 ], [ -83.626849335157601, 35.131047858534437 ], [ -83.626852075150666, 35.131028912722783 ], [ -83.626852991279961, 35.131009791738279 ], [ -83.626852991286114, 35.130883543497752 ], [ -83.62685384491553, 35.130870512215623 ], [ -83.626871701945674, 35.130734796674581 ], [ -83.626873307990252, 35.130715125431152 ], [ -83.626879846990121, 35.13051149975287 ], [ -83.626880191315934, 35.130507043336856 ], [ -83.62688171208984, 35.130502840307926 ], [ -83.626957252353975, 35.13032020351681 ], [ -83.626959166072638, 35.130316113720582 ], [ -83.626962111143584, 35.130312690957162 ], [ -83.627034800871485, 35.130235596413499 ], [ -83.62704917896815, 35.130218532560228 ], [ -83.6270615667475, 35.130199973258669 ], [ -83.627071810011216, 35.130180149527924 ], [ -83.627134344710157, 35.130040536540228 ], [ -83.627142667196082, 35.130018585589248 ], [ -83.627148360222265, 35.129995810658428 ], [ -83.627163699908934, 35.129914393957705 ], [ -83.627166610177127, 35.129892155474067 ], [ -83.62716701223448, 35.129869730974846 ], [ -83.62716490102494, 35.129847402459227 ], [ -83.627153269972183, 35.12977063758953 ], [ -83.627148837672067, 35.129749306044062 ], [ -83.627142111352157, 35.129728583188637 ], [ -83.627094088185189, 35.129604160298825 ], [ -83.627086606097592, 35.129587168309428 ], [ -83.627077580553348, 35.129570943362907 ], [ -83.627067089332186, 35.129555625281533 ], [ -83.626997838492201, 35.129463950537264 ], [ -83.626984544581632, 35.129448123882867 ], [ -83.626969688235164, 35.129433753774407 ], [ -83.626953428122675, 35.129420993688598 ], [ -83.626820312637676, 35.129327226603294 ], [ -83.62681966950008, 35.129326775461813 ], [ -83.626342274300526, 35.128993294259416 ], [ -83.626335901481326, 35.128988451683597 ], [ -83.625958406049946, 35.128676992137649 ], [ -83.625953706228543, 35.128672860571804 ], [ -83.625771390733334, 35.128502182337328 ], [ -83.625768175247444, 35.128498878178583 ], [ -83.62576638257049, 35.128494630458633 ], [ -83.625680083952318, 35.128260253262596 ], [ -83.625593572911995, 35.128023331782813 ], [ -83.625592197130871, 35.128018946447305 ], [ -83.625591652888488, 35.128014402083835 ], [ -83.625581924993085, 35.127882263553808 ], [ -83.625579885778976, 35.127864932806013 ], [ -83.625576343632275, 35.127847845781403 ], [ -83.625571325518706, 35.127831132560601 ], [ -83.625545227741711, 35.127756243208424 ], [ -83.625536625478304, 35.127735415993342 ], [ -83.625525734960448, 35.127715688640642 ], [ -83.625512694435599, 35.127697311575162 ], [ -83.625385350047907, 35.127537728785256 ], [ -83.625375579032195, 35.127526382786094 ], [ -83.625364986551446, 35.127515799601468 ], [ -83.625199263940473, 35.127362179911636 ], [ -83.625196760254511, 35.127359776963139 ], [ -83.625044121135303, 35.127208103908742 ], [ -83.625040256710207, 35.127203788916859 ], [ -83.625036919608405, 35.127199054290593 ], [ -83.624924554286423, 35.127018126844774 ], [ -83.624922214317166, 35.127013915767812 ], [ -83.624921182880598, 35.127009209945484 ], [ -83.624882117481732, 35.126777749042539 ], [ -83.624835744928902, 35.126489681635775 ], [ -83.624835216013523, 35.126484985881419 ], [ -83.624835134168023, 35.12648025919151 ], [ -83.624849982083319, 35.125987306786811 ], [ -83.624865756083466, 35.125512089496247 ], [ -83.624867226267753, 35.125498015647779 ], [ -83.624897239073334, 35.125328254619319 ], [ -83.62489816818281, 35.125324064073283 ], [ -83.624900140320321, 35.125320251647516 ], [ -83.624981397913899, 35.125178524728994 ], [ -83.624984196999108, 35.125174183838418 ], [ -83.624988196160601, 35.125170915058881 ], [ -83.625102853933896, 35.125086770379845 ], [ -83.625112878386417, 35.12507891047737 ], [ -83.625297576429745, 35.124924347492097 ], [ -83.625326495360056, 35.124900411405704 ], [ -83.625327497138187, 35.12489957672004 ], [ -83.625353087652911, 35.124878112877333 ], [ -83.625363379203748, 35.124870546786717 ], [ -83.625613521162904, 35.124710224635223 ], [ -83.625617070560267, 35.124708150882526 ], [ -83.625620899490812, 35.12470669367648 ], [ -83.625922216580733, 35.12460592796706 ], [ -83.625927814989808, 35.124604236131866 ], [ -83.626212989985561, 35.124527083219682 ], [ -83.626217022031199, 35.124526169809435 ], [ -83.626221115856424, 35.124525593352537 ], [ -83.626536604862096, 35.124494433173005 ], [ -83.626540992845662, 35.124494194307893 ], [ -83.626545384823515, 35.124494342591753 ], [ -83.627049622665723, 35.12453365959157 ], [ -83.62705395997304, 35.124534189758627 ], [ -83.627058234238589, 35.124535097484213 ], [ -83.6275112025683, 35.124652244662251 ], [ -83.627524468261967, 35.124656687477739 ], [ -83.628028344217611, 35.124865732104048 ], [ -83.628029640237386, 35.124866264474605 ], [ -83.628387457998542, 35.125011783785432 ], [ -83.628388525540345, 35.125012214363174 ], [ -83.628392324263729, 35.125013733828503 ], [ -83.628397811490956, 35.125016327272895 ], [ -83.628402942224099, 35.125019569370345 ], [ -83.628586748624045, 35.125152059415313 ], [ -83.628603792443869, 35.125163075600256 ], [ -83.628823996858046, 35.125290047990674 ], [ -83.628843473107253, 35.125299903264391 ], [ -83.628863907352681, 35.125307577397344 ], [ -83.629195549207907, 35.125411861493276 ], [ -83.629556636285315, 35.12552724823226 ], [ -83.629561305998266, 35.125528868767674 ], [ -83.629590907326204, 35.125539968605104 ], [ -83.629607306669627, 35.125545323374332 ], [ -83.629649898345065, 35.125557224174003 ], [ -83.629667134888805, 35.125561227544033 ], [ -83.629684657825948, 35.125563691704237 ], [ -83.629849414897507, 35.125579466680676 ], [ -83.629860589560451, 35.125580221578232 ], [ -83.629914407308547, 35.125582345678225 ], [ -83.629930961061859, 35.125582313425404 ], [ -83.629947455445574, 35.125580912320515 ], [ -83.630478493565988, 35.125513571123484 ], [ -83.630487459297484, 35.125512227052091 ], [ -83.630885662602168, 35.125443269695509 ], [ -83.630900204791217, 35.125440190798159 ], [ -83.631458036678893, 35.125300239660532 ], [ -83.631459949791179, 35.125299779649573 ], [ -83.631897939675113, 35.12519901201032 ], [ -83.632365792866608, 35.125091635569632 ], [ -83.632385645138669, 35.125085986546701 ], [ -83.632404809478928, 35.125078321546447 ], [ -83.63257010377022, 35.125002094159605 ], [ -83.632591231901017, 35.12499076860145 ], [ -83.632610853209059, 35.124976996511954 ], [ -83.632893041001211, 35.12475252913184 ], [ -83.632906423793628, 35.124740877960498 ], [ -83.633218011486207, 35.12444430654655 ], [ -83.633231289510491, 35.124430391653178 ], [ -83.633243169518025, 35.124415265662066 ], [ -83.633376876134591, 35.124227053653996 ], [ -83.633388040712063, 35.124209464227313 ], [ -83.633397314954891, 35.124190808822163 ], [ -83.633454397213839, 35.124059202209018 ], [ -83.633460341853848, 35.124043780181999 ], [ -83.633464992800015, 35.124027919968825 ], [ -83.63351256488491, 35.123836769488022 ], [ -83.633517440171218, 35.123808885039303 ], [ -83.633562905174841, 35.123365840629191 ], [ -83.633563091906254, 35.123364160888428 ], [ -83.633633719385827, 35.122774272163809 ], [ -83.633634211418041, 35.122769722211459 ], [ -83.633681818637157, 35.122276784827797 ], [ -83.633682227218216, 35.122273222904788 ], [ -83.633744031925914, 35.121808218487082 ], [ -83.633746987475192, 35.121793998004243 ], [ -83.633806978809034, 35.121583552751467 ], [ -83.633808119683025, 35.121580047225962 ], [ -83.633809516173315, 35.121576635463988 ], [ -83.633864119388875, 35.121456131401821 ], [ -83.633866153169109, 35.121452135531563 ], [ -83.633869732019221, 35.121449434592378 ], [ -83.634122409040941, 35.121276142380957 ], [ -83.634127136127162, 35.121273272678465 ], [ -83.634132152203421, 35.121270944693144 ], [ -83.634349012242765, 35.121184584698128 ], [ -83.634353044496109, 35.121183175764578 ], [ -83.63435724267957, 35.121182478690855 ], [ -83.634666323578003, 35.121144572582402 ], [ -83.634670997801095, 35.121144221306984 ], [ -83.634675684356239, 35.121144310512946 ], [ -83.63492354102867, 35.121160706171324 ], [ -83.634927942388316, 35.121161195144978 ], [ -83.634932057912437, 35.121162830236123 ], [ -83.635393323819287, 35.12137035004988 ], [ -83.635396913091441, 35.121372141655399 ], [ -83.635400346846453, 35.121374215794006 ], [ -83.635708322381745, 35.121577578018361 ], [ -83.635711870956968, 35.121580152068113 ], [ -83.635715179813275, 35.121583027756806 ], [ -83.636025625018107, 35.121877754745853 ], [ -83.636030205104646, 35.121882396163947 ], [ -83.636404708423456, 35.122287530793905 ], [ -83.636409103102039, 35.122292617894765 ], [ -83.636853769770212, 35.122843767451613 ], [ -83.636861473816651, 35.122854751267816 ], [ -83.637187959390531, 35.123393947418542 ], [ -83.637341777526629, 35.123648338123466 ], [ -83.63734382740914, 35.123652081085169 ], [ -83.637345203553139, 35.123656104154293 ], [ -83.637418560185054, 35.123904539926095 ], [ -83.637419378171415, 35.12390747401065 ], [ -83.637476508797903, 35.124125163768625 ], [ -83.637477402851772, 35.124128854539201 ], [ -83.637523772877671, 35.124337516752142 ], [ -83.6375246774777, 35.124343034049282 ], [ -83.637524957969092, 35.124348617972409 ], [ -83.637523014269448, 35.124674141044991 ], [ -83.637522670748169, 35.124681845725476 ], [ -83.637489385455126, 35.125081264807257 ], [ -83.637488148616612, 35.125090677378935 ], [ -83.637442583198364, 35.125343711998539 ], [ -83.637441180817362, 35.125350241176179 ], [ -83.637366360963512, 35.12564952104308 ], [ -83.637361517617322, 35.125676815321519 ], [ -83.637347672412901, 35.125806615465713 ], [ -83.637346721317272, 35.125819414859237 ], [ -83.637340740513451, 35.125961462564817 ], [ -83.637340928143701, 35.125981948044604 ], [ -83.637343210398171, 35.126002306860919 ], [ -83.637347563330863, 35.12602232540393 ], [ -83.637353941269708, 35.12604179363403 ], [ -83.637415920903479, 35.126202627172759 ], [ -83.637420368070977, 35.126213245882781 ], [ -83.637520542127959, 35.126434350915915 ], [ -83.637529894447283, 35.126452473891213 ], [ -83.637541043725847, 35.126469550240301 ], [ -83.637804570372793, 35.126831422228342 ], [ -83.63780541702485, 35.126832576143052 ], [ -83.638093796538413, 35.127222678698708 ], [ -83.638099704452543, 35.127231640362929 ], [ -83.638340603474546, 35.127643627612002 ], [ -83.638343443327628, 35.127648334670418 ], [ -83.638703892786793, 35.128227628190025 ], [ -83.63870822136721, 35.128234286386501 ], [ -83.639003178359246, 35.128668856280051 ], [ -83.639009008249786, 35.12867699917782 ], [ -83.639296751469217, 35.129058357679114 ], [ -83.63929926417444, 35.129061617560673 ], [ -83.639642703042057, 35.129497823682115 ], [ -83.639648817745254, 35.129506501568919 ], [ -83.639832897349891, 35.129799666463313 ], [ -83.639837214160053, 35.12980625002983 ], [ -83.640052550386343, 35.130120971678949 ], [ -83.640058794759369, 35.130131409143317 ], [ -83.640181836847063, 35.130368772767639 ], [ -83.640184202104223, 35.130373198836381 ], [ -83.640263810905381, 35.130517776145851 ], [ -83.640277553671041, 35.130539344371051 ], [ -83.640341619520569, 35.130626975177776 ], [ -83.640352398314363, 35.130640456640442 ], [ -83.640364299380835, 35.130652958514226 ], [ -83.640377234077206, 35.130664387681342 ], [ -83.640425800413439, 35.13070370302065 ], [ -83.640440529981319, 35.130714550547964 ], [ -83.640456189061297, 35.130724006880904 ], [ -83.640472646653819, 35.130731992910405 ], [ -83.640489765079167, 35.130738441827518 ], [ -83.640507401129312, 35.130743299682386 ], [ -83.640554313599509, 35.130753939904544 ], [ -83.640563545300509, 35.130756504688904 ], [ -83.640879990849172, 35.130860999995186 ], [ -83.641200991181009, 35.130967000404162 ], [ -83.641519673085497, 35.131072235381104 ], [ -83.641524268773836, 35.131073878410774 ], [ -83.641861990901191, 35.131204000089461 ], [ -83.642199667099163, 35.131334104912384 ], [ -83.642204336304729, 35.131335837480577 ], [ -83.642591585871003, 35.131474070767155 ], [ -83.642602499210838, 35.131477616878115 ], [ -83.643159565973079, 35.131641114468806 ], [ -83.643172108319064, 35.131645727264619 ], [ -83.643566485015739, 35.131821545877486 ], [ -83.643571803898141, 35.131824312452906 ], [ -83.643576751550981, 35.131827698480272 ], [ -83.643792460701007, 35.131995257688509 ], [ -83.643795855395553, 35.131998146881941 ], [ -83.643798669552638, 35.132001581046801 ], [ -83.643881791832911, 35.132112723373332 ], [ -83.643884736685393, 35.132117133497516 ], [ -83.643886679784998, 35.132122067635088 ], [ -83.643923403072279, 35.132232234805123 ], [ -83.643924734978881, 35.132237018813512 ], [ -83.64392408986302, 35.132241942687827 ], [ -83.643900865528096, 35.132369207641055 ], [ -83.643899765143217, 35.132373923999026 ], [ -83.643897772442813, 35.132378338070701 ], [ -83.6438350757671, 35.132500924908612 ], [ -83.643832823749833, 35.13250487156072 ], [ -83.643829585880184, 35.132508059639278 ], [ -83.643719109357704, 35.13260730185042 ], [ -83.643714826675946, 35.132610740689394 ], [ -83.643709893518761, 35.132613155422497 ], [ -83.643453919360056, 35.132721340156642 ], [ -83.643446137780657, 35.132724826290215 ], [ -83.643128698766162, 35.132875243579306 ], [ -83.643124931973659, 35.13287684275916 ], [ -83.643120967666945, 35.132877800840873 ], [ -83.642747433449614, 35.132952116235089 ], [ -83.642742969998693, 35.13295279587517 ], [ -83.642738463373618, 35.132953069067447 ], [ -83.642612709542661, 35.132954988912395 ], [ -83.64236449939898, 35.132956995923337 ], [ -83.642363477925329, 35.132957006791813 ], [ -83.641992090314844, 35.132961906949255 ], [ -83.64197794940381, 35.132961089001739 ], [ -83.641544045447162, 35.132904913155599 ], [ -83.641530138407575, 35.132902096275487 ], [ -83.641304232494392, 35.132839345349971 ], [ -83.641301759364879, 35.132838623935491 ], [ -83.640989183419691, 35.132743059290654 ], [ -83.640682258923164, 35.132648545820672 ], [ -83.64066553479266, 35.132644177400721 ], [ -83.64021014945925, 35.13254603448862 ], [ -83.63974906638245, 35.132445885001623 ], [ -83.639740883282727, 35.132444285449402 ], [ -83.639400134647317, 35.132385025174493 ], [ -83.63939984790305, 35.13238497552112 ], [ -83.639358857581058, 35.13237790824418 ], [ -83.63934192914077, 35.132375728608757 ], [ -83.639324876503338, 35.132375000283396 ], [ -83.639009875247609, 35.132374999948873 ], [ -83.639004107752228, 35.132375083120046 ], [ -83.638722011725491, 35.132383221142376 ], [ -83.638704153414295, 35.13238453829522 ], [ -83.638686484494229, 35.132387447493421 ], [ -83.638669146605622, 35.132391925415824 ], [ -83.63827357667553, 35.132513220879162 ], [ -83.638258236109962, 35.132518616320304 ], [ -83.638243384586602, 35.132525240215749 ], [ -83.638028512703059, 35.132631750305706 ], [ -83.638023505754305, 35.132634320590633 ], [ -83.637855985536788, 35.132723316186983 ], [ -83.637841734436719, 35.132731659102973 ], [ -83.637828220184232, 35.132741149259992 ], [ -83.637815534912122, 35.132751721959345 ], [ -83.637756211756383, 35.132805467664539 ], [ -83.63774162079504, 35.132820130260541 ], [ -83.63772862235777, 35.132836221516023 ], [ -83.637717355491404, 35.132853569299655 ], [ -83.637707940719849, 35.132871988038787 ], [ -83.637700478754766, 35.132891280704527 ], [ -83.637628586942867, 35.133110184954916 ], [ -83.637627325744958, 35.133113791273139 ], [ -83.637541677563377, 35.133344457493074 ], [ -83.637539784091274, 35.133348886796377 ], [ -83.63753707309462, 35.133352868562923 ], [ -83.637273487937406, 35.133702342458982 ], [ -83.637272500829425, 35.133703662493964 ], [ -83.63723544082039, 35.133753650101148 ], [ -83.637225235762415, 35.133768817875016 ], [ -83.637022394356094, 35.134102254760094 ], [ -83.637012077885572, 35.134121508423888 ], [ -83.637003922631663, 35.13414177230721 ], [ -83.63697454026736, 35.13422812165323 ], [ -83.636969228113969, 35.134246602788124 ], [ -83.636965715368916, 35.134265508658707 ], [ -83.636964034504999, 35.134284664493777 ], [ -83.636964201060593, 35.134303893211353 ], [ -83.636970656478525, 35.134417515439957 ], [ -83.636973348602481, 35.134440762250719 ], [ -83.636978737766967, 35.134463535450934 ], [ -83.637009129898445, 35.134565044491161 ], [ -83.637016606884998, 35.134585781883473 ], [ -83.637026320671836, 35.13460557044364 ], [ -83.637038153249847, 35.134624169767967 ], [ -83.637051960869556, 35.134641353900356 ], [ -83.637124239149742, 35.134721792317919 ], [ -83.637139446132736, 35.13473698752054 ], [ -83.637156196208437, 35.134750462737735 ], [ -83.637174295852134, 35.134762062281382 ], [ -83.637430862810376, 35.134907657812434 ], [ -83.637434862011432, 35.134910185336366 ], [ -83.63743860365112, 35.134913080525408 ], [ -83.637873589371793, 35.135283952463787 ], [ -83.637878260034711, 35.135288196456152 ], [ -83.638000542495163, 35.13540656606262 ], [ -83.638001433881968, 35.135407439767931 ], [ -83.638132425411172, 35.135537445759248 ], [ -83.638135591260536, 35.135540519215851 ], [ -83.638391615357762, 35.135783643365521 ], [ -83.638561889578, 35.135947024420169 ], [ -83.638567826043314, 35.135953232240531 ], [ -83.63871157671754, 35.136117107684406 ], [ -83.63871476397712, 35.136121144799603 ], [ -83.638717053051025, 35.136125750998183 ], [ -83.638760712026311, 35.136226356757618 ], [ -83.638778243904753, 35.136267544993274 ], [ -83.638782810268026, 35.136280785461963 ], [ -83.638884297412631, 35.136659411972133 ], [ -83.638885545477592, 35.136664622797028 ], [ -83.638991926086533, 35.13716795781508 ], [ -83.638994315784856, 35.137177980932456 ], [ -83.639092033821413, 35.137545590053186 ], [ -83.639099237595858, 35.137567509570765 ], [ -83.639108917958765, 35.137588453548204 ], [ -83.639240487993206, 35.137834724772404 ], [ -83.639250209340474, 35.137851012256178 ], [ -83.639261429938458, 35.137866305552137 ], [ -83.639274048861594, 35.137880467102171 ], [ -83.639351551938432, 35.137959551957223 ], [ -83.63956163243239, 35.138176629501565 ], [ -83.63956235473951, 35.138177372008741 ], [ -83.639860303776146, 35.138482070746811 ], [ -83.63987137581276, 35.138492561696879 ], [ -83.639883215154072, 35.138502178350436 ], [ -83.640156745213986, 35.138707552921538 ], [ -83.640172464777478, 35.138718226943354 ], [ -83.640189126341355, 35.138727361039251 ], [ -83.64054141881455, 35.138899257336682 ], [ -83.640548630937957, 35.138902600610201 ], [ -83.640974783133245, 35.139089951913107 ], [ -83.640993559897055, 35.13909710428932 ], [ -83.641298294636414, 35.13919596193729 ], [ -83.641320249230972, 35.139201729859032 ], [ -83.641342716011295, 35.13920497283997 ], [ -83.641580052727591, 35.139225571963145 ], [ -83.641589944230645, 35.139226184010425 ], [ -83.641736605333818, 35.139231615693845 ], [ -83.641755089802899, 35.139231445430298 ], [ -83.641773479599124, 35.139229569268842 ], [ -83.641791617625529, 35.139226003236814 ], [ -83.641809348935979, 35.139220777797433 ], [ -83.64200124157442, 35.139154444994908 ], [ -83.642016711129116, 35.139148366804037 ], [ -83.642031622579012, 35.139141025129227 ], [ -83.642248698447474, 35.139022696879678 ], [ -83.642263747280026, 35.139013614031462 ], [ -83.642277940499142, 35.139003244941613 ], [ -83.642291168474443, 35.138991669702406 ], [ -83.642569907776362, 35.138725241234958 ], [ -83.642582012506693, 35.138712612871416 ], [ -83.642592967462321, 35.138698975092652 ], [ -83.642602688837812, 35.138684432227713 ], [ -83.642687112753478, 35.138545332298449 ], [ -83.642699312810365, 35.138521858933153 ], [ -83.642853914599684, 35.138169175106796 ], [ -83.642854067444404, 35.138168825524794 ], [ -83.642909786291071, 35.138041055114194 ], [ -83.642914738155554, 35.138031218126407 ], [ -83.643067156354419, 35.137765933463342 ], [ -83.643070251528201, 35.137761192414928 ], [ -83.643073864877707, 35.137756833361408 ], [ -83.643285612664499, 35.137529088001898 ], [ -83.643302898628036, 35.137507723120343 ], [ -83.643475075252766, 35.137262159032645 ], [ -83.643481313956357, 35.137254158254308 ], [ -83.643699149036308, 35.137002286572041 ], [ -83.643702122414822, 35.136999136159879 ], [ -83.643705357919174, 35.136996255606107 ], [ -83.643855709641699, 35.136873676212147 ], [ -83.643859092546634, 35.136871148773288 ], [ -83.643862677077365, 35.13686891648053 ], [ -83.644022289712126, 35.136778658898109 ], [ -83.644027092832502, 35.136776275323626 ], [ -83.6440322952092, 35.13677497660553 ], [ -83.64419284317556, 35.136743993953331 ], [ -83.644198000243193, 35.136743276564424 ], [ -83.644203193686394, 35.136743648238472 ], [ -83.644440114567757, 35.136773144366799 ], [ -83.644453683966162, 35.136775798118983 ], [ -83.644673723335316, 35.136834899643098 ], [ -83.644689105445593, 35.136838387229574 ], [ -83.644704714549121, 35.136840651840615 ], [ -83.644875744148692, 35.13685861327361 ], [ -83.64489713609602, 35.136859706509547 ], [ -83.644918522274537, 35.136858505699863 ], [ -83.644939657379112, 35.136855024618157 ], [ -83.645166325960332, 35.136805094427579 ], [ -83.64518443136545, 35.136800205859281 ], [ -83.645201999282563, 35.13679364292674 ], [ -83.645218875244055, 35.136785463335166 ], [ -83.645563409874612, 35.136598036279423 ], [ -83.645574367658696, 35.136591616208854 ], [ -83.645850253225007, 35.136417981869052 ], [ -83.645855127286907, 35.136415282514513 ], [ -83.645860272355804, 35.136413144463631 ], [ -83.646110030000301, 35.136325391979184 ], [ -83.646118054483566, 35.136322945707526 ], [ -83.646664333538311, 35.136181171466426 ], [ -83.64666564765696, 35.136180825647799 ], [ -83.647178657367377, 35.136043958762187 ], [ -83.647200503042868, 35.13603676167142 ], [ -83.647221377934486, 35.136027104003304 ], [ -83.647425421293548, 35.135918045968332 ], [ -83.647440186260937, 35.1359093205322 ], [ -83.647835109584378, 35.135652476262507 ], [ -83.647848483988625, 35.135642975382524 ], [ -83.648164719972286, 35.135398210068594 ], [ -83.648487439384255, 35.135150193178376 ], [ -83.648490588278449, 35.135147869783452 ], [ -83.648922331214706, 35.134842176103376 ], [ -83.648925697642895, 35.134839893869248 ], [ -83.64914054231042, 35.134700534407614 ], [ -83.649151852118408, 35.134694200734849 ], [ -83.64934118408911, 35.134603774340498 ], [ -83.649353106556035, 35.13459899521105 ], [ -83.649527226681059, 35.134541891060763 ], [ -83.649533062395022, 35.134540361969762 ], [ -83.649539040242473, 35.134539550171873 ], [ -83.64971489306339, 35.13452645454764 ], [ -83.649720973766037, 35.134526374303356 ], [ -83.649727018857476, 35.134527036309542 ], [ -83.649907893831767, 35.134558124386004 ], [ -83.649912878072826, 35.134559249049481 ], [ -83.649916989684343, 35.134562282558541 ], [ -83.650043284416071, 35.134665957905277 ], [ -83.65004682864415, 35.134669163697225 ], [ -83.650050049650588, 35.134672694103884 ], [ -83.650248823553994, 35.13491272292012 ], [ -83.650259445566235, 35.134924558216539 ], [ -83.650270974331505, 35.134935512163608 ], [ -83.650369312099158, 35.135021773059378 ], [ -83.650376823332849, 35.135028043462903 ], [ -83.65045956800256, 35.13509375215402 ], [ -83.650475516227871, 35.135105187434867 ], [ -83.650492508373503, 35.135115004691365 ], [ -83.650825454349459, 35.135286153803058 ], [ -83.650836695318205, 35.135291496727739 ], [ -83.651130024811366, 35.135419887438729 ], [ -83.651144182960735, 35.135425452915506 ], [ -83.651158723177474, 35.135429926149492 ], [ -83.651460966445825, 35.135510463767723 ], [ -83.651478124620169, 35.135514237311035 ], [ -83.651495547750173, 35.135516490556853 ], [ -83.651844647272085, 35.135546121915212 ], [ -83.651865371132587, 35.135546802226088 ], [ -83.651959746637203, 35.135545004611423 ], [ -83.652200622394233, 35.135541006394746 ], [ -83.652201360237171, 35.135540992785856 ], [ -83.652544813843107, 35.13553402419069 ], [ -83.652547167623894, 35.135533962569959 ], [ -83.652888982155915, 35.135523000242642 ], [ -83.653230981678774, 35.135512000473994 ], [ -83.653571613166363, 35.135501076838096 ], [ -83.653576370854609, 35.13550103752479 ], [ -83.654083363776593, 35.135508912743795 ], [ -83.654094572999242, 35.135509718918442 ], [ -83.654448017513275, 35.135555230843501 ], [ -83.654453902064589, 35.135556352040965 ], [ -83.654459609299977, 35.135558172066219 ], [ -83.654719041085414, 35.13565847284174 ], [ -83.654722912851355, 35.135660161452918 ], [ -83.654726431172605, 35.135662471370317 ], [ -83.654924509922196, 35.135804780828636 ], [ -83.654928774103695, 35.13580821619415 ], [ -83.654932182972274, 35.135812501587488 ], [ -83.655043139237293, 35.135968977999092 ], [ -83.655045760191371, 35.135973089567258 ], [ -83.655046600261471, 35.135977892553157 ], [ -83.655076405210039, 35.13621729484489 ], [ -83.655076765342642, 35.136221996518181 ], [ -83.655076232679008, 35.136226681781878 ], [ -83.655048828465468, 35.136395831817914 ], [ -83.655047425291798, 35.136406205935572 ], [ -83.655033154186427, 35.136537504700485 ], [ -83.655032784157171, 35.136540490272544 ], [ -83.654990333910732, 35.136845353857005 ], [ -83.654988591181393, 35.136864730909252 ], [ -83.654972799411979, 35.137249312877799 ], [ -83.654972957687832, 35.137268944792474 ], [ -83.654975040001503, 35.137288466603216 ], [ -83.655003856586958, 35.137472448130758 ], [ -83.655007468584031, 35.137490204557345 ], [ -83.655012672844322, 35.137507561195349 ], [ -83.655019426649019, 35.137524375574024 ], [ -83.655027674559989, 35.137540509673705 ], [ -83.655037348874828, 35.137555831058776 ], [ -83.655159847664407, 35.13773165276563 ], [ -83.655170972246509, 35.137746158394016 ], [ -83.655183374811244, 35.137759587689224 ], [ -83.655196951744614, 35.137771828459705 ], [ -83.655211589621672, 35.137782778443125 ], [ -83.65539285210572, 35.137905868369913 ], [ -83.655399209642866, 35.137910011566788 ], [ -83.655498898630199, 35.13797231672855 ], [ -83.655501066904591, 35.137973711075837 ], [ -83.655817659149477, 35.138183118534272 ], [ -83.655820338328923, 35.138184860050409 ], [ -83.656127903561881, 35.138381305908418 ], [ -83.656130087759152, 35.138382681220271 ], [ -83.656244218794086, 35.138453521182825 ], [ -83.65624575411212, 35.138454493575559 ], [ -83.656436898618722, 35.138578002668964 ], [ -83.656443154507528, 35.138581883626905 ], [ -83.656769733953524, 35.138776252026425 ], [ -83.656772226639703, 35.138777785421318 ], [ -83.657088376851974, 35.138978703397314 ], [ -83.657091879636198, 35.138981146032805 ], [ -83.657094902830025, 35.13898413983938 ], [ -83.657268327712771, 35.139171128111457 ], [ -83.657273422110677, 35.139177071680344 ], [ -83.657378174880378, 35.139309441777264 ], [ -83.657380818487198, 35.139313113015007 ], [ -83.657383118527619, 35.139317008711721 ], [ -83.657447667546947, 35.139438621803777 ], [ -83.657449753563569, 35.139443071209108 ], [ -83.657450444373723, 35.139447936540911 ], [ -83.657459455661694, 35.139546163246344 ], [ -83.657459647393779, 35.139551991317525 ], [ -83.657459156352914, 35.139557801829973 ], [ -83.657440744376629, 35.139685763189519 ], [ -83.657439722274191, 35.139690916417564 ], [ -83.657437640764556, 35.139695740085294 ], [ -83.65738229892419, 35.13980736331996 ], [ -83.657379530785718, 35.13981255666296 ], [ -83.657303698641172, 35.139945262807018 ], [ -83.65730075030018, 35.139949825386587 ], [ -83.657297322672306, 35.139954039791647 ], [ -83.657205110816847, 35.140055565862134 ], [ -83.657201846075168, 35.140058841402286 ], [ -83.657198048420952, 35.140061445621846 ], [ -83.657077258067687, 35.140136354368764 ], [ -83.657072914799471, 35.140138754913146 ], [ -83.657067978782706, 35.140139267094845 ], [ -83.656906648195417, 35.140147858595881 ], [ -83.656901331438661, 35.140148000069452 ], [ -83.656736526078632, 35.140148000347267 ], [ -83.656733457541179, 35.140147953258975 ], [ -83.656512475282327, 35.140141169114635 ], [ -83.656501558635355, 35.140140232991506 ], [ -83.655960999118392, 35.140063838579387 ], [ -83.655934855671745, 35.140061879236335 ], [ -83.655530135898061, 35.140058148797237 ], [ -83.655514037943078, 35.140058648930207 ], [ -83.65549803242692, 35.140060442736228 ], [ -83.654938005102224, 35.140146161913329 ], [ -83.654914288512401, 35.140151280874413 ], [ -83.654505050429691, 35.140265983697432 ], [ -83.654088811309521, 35.140382373349418 ], [ -83.654077280852391, 35.140385976346955 ], [ -83.653687065519208, 35.140520974196399 ], [ -83.653296384762058, 35.140656477030184 ], [ -83.653291939978203, 35.140657790661912 ], [ -83.653287392426549, 35.140658685931392 ], [ -83.652808557245308, 35.140730022608395 ], [ -83.652795353908147, 35.140731101513062 ], [ -83.652212877715172, 35.140739941224446 ], [ -83.652205112013888, 35.140739757228836 ], [ -83.651746206301596, 35.140711013893934 ], [ -83.651288963420015, 35.140681386887948 ], [ -83.651277107717362, 35.140679902741162 ], [ -83.650913030009505, 35.140612007692127 ], [ -83.650501543266373, 35.140535103887672 ], [ -83.650056674734529, 35.140449371617237 ], [ -83.650033890624314, 35.140446326089844 ], [ -83.650010907545052, 35.14044591501407 ], [ -83.64972338639771, 35.140457310969175 ], [ -83.649706086379354, 35.140458750658581 ], [ -83.649688976376879, 35.140461685135776 ], [ -83.649419671007678, 35.140520006029803 ], [ -83.64940155249721, 35.140524829008911 ], [ -83.649383965248191, 35.140531327487281 ], [ -83.649367063826858, 35.14053944435279 ], [ -83.649143347831554, 35.140660100384544 ], [ -83.649125602105158, 35.140670896687034 ], [ -83.649109071872843, 35.140683475334527 ], [ -83.64889384738099, 35.140865650137108 ], [ -83.648880330102131, 35.140878206579814 ], [ -83.648868027398777, 35.140891955200502 ], [ -83.648857043961101, 35.140906779004936 ], [ -83.648847473252957, 35.140922551849535 ], [ -83.648839396716568, 35.140939139514856 ], [ -83.648758073474824, 35.141127808296282 ], [ -83.648757908581544, 35.141128191947736 ], [ -83.648702348360047, 35.141257834876832 ], [ -83.648694782531464, 35.141278584627045 ], [ -83.648594014378475, 35.141610923129576 ], [ -83.648491521089866, 35.141947970359148 ], [ -83.648489736840915, 35.141952892418793 ], [ -83.648487445971497, 35.141957600106394 ], [ -83.648262125873899, 35.142364756201097 ], [ -83.648261856540088, 35.142365244496084 ], [ -83.648148627385879, 35.142571204345288 ], [ -83.648145754135612, 35.142575814071421 ], [ -83.64814194856389, 35.1425796899928 ], [ -83.647982416251864, 35.142725310625693 ], [ -83.647966495896085, 35.142741598614201 ], [ -83.647807678170807, 35.14292377142327 ], [ -83.647799854063365, 35.142931790312282 ], [ -83.64754213147053, 35.143167871763282 ], [ -83.647282481983638, 35.143404814166317 ], [ -83.647278856282753, 35.143407821530026 ], [ -83.647274962866447, 35.143410473360603 ], [ -83.646937171786689, 35.143617889154704 ], [ -83.646597769115132, 35.143825302910798 ], [ -83.646592109007685, 35.143828513668488 ], [ -83.64627499077794, 35.143995000715996 ], [ -83.645955540792187, 35.144162711459529 ], [ -83.645954437751385, 35.144163281845984 ], [ -83.645536989047244, 35.144375871539111 ], [ -83.645523312553493, 35.144383525541663 ], [ -83.645510277381575, 35.144392226951304 ], [ -83.645314951277911, 35.144533983127225 ], [ -83.645301101733097, 35.144545001851746 ], [ -83.645288280509803, 35.144557201786775 ], [ -83.645276588005288, 35.144570487400046 ], [ -83.645266115778384, 35.144584754657842 ], [ -83.645139796366351, 35.144773855504205 ], [ -83.645130239753115, 35.144789703202797 ], [ -83.64512218888251, 35.144806366392451 ], [ -83.645115712685737, 35.144823702403599 ], [ -83.645110866611759, 35.144841562806 ], [ -83.645067095414177, 35.145038532519592 ], [ -83.645042713696768, 35.145145820458723 ], [ -83.645039328155278, 35.145164995082986 ], [ -83.645037823211098, 35.145184408049019 ], [ -83.645038213128402, 35.145203875356778 ], [ -83.645040494211457, 35.145223212491182 ], [ -83.6450446448397, 35.145242236170951 ], [ -83.645050625672653, 35.145260766085798 ], [ -83.645058380022746, 35.145278626605432 ], [ -83.645119328039996, 35.145402169238309 ], [ -83.645129476402786, 35.145420300554512 ], [ -83.645141451136283, 35.145437281121417 ], [ -83.645155122993017, 35.145452927661871 ], [ -83.645170344407902, 35.145467071297318 ], [ -83.645422005926605, 35.145677645497628 ], [ -83.645442975556179, 35.145692990582269 ], [ -83.645888499197142, 35.145976505246821 ], [ -83.645899698717713, 35.145983130455711 ], [ -83.646366739914626, 35.146239280839183 ], [ -83.646392058888367, 35.146250950955817 ], [ -83.646824386294142, 35.146414740648602 ], [ -83.646841859172469, 35.146420456802701 ], [ -83.647175918870673, 35.146512980210588 ], [ -83.647517572775143, 35.146607332876535 ], [ -83.647522372575608, 35.146608788930145 ], [ -83.647942173944287, 35.146747729356846 ], [ -83.647943811408012, 35.146748263491297 ], [ -83.648026306156382, 35.146774780498149 ], [ -83.648360317342437, 35.146884801600699 ], [ -83.648373293119533, 35.146890112147204 ], [ -83.648770676578636, 35.147086363533731 ], [ -83.648773922174072, 35.147088118494736 ], [ -83.648777029263982, 35.147090108411604 ], [ -83.648822298904136, 35.147121519421496 ], [ -83.648914753574189, 35.14718683230457 ], [ -83.648915239442218, 35.1471871744561 ], [ -83.649061484565635, 35.147289836583745 ], [ -83.649065777424923, 35.147293217442098 ], [ -83.649069228204667, 35.147297454299625 ], [ -83.649188445213213, 35.147461496220949 ], [ -83.649190821731793, 35.147465083159041 ], [ -83.649192196895058, 35.147469160277183 ], [ -83.649251460785749, 35.147673716215046 ], [ -83.649252685621022, 35.147679018889626 ], [ -83.649252126211508, 35.147684432358012 ], [ -83.649235187491357, 35.147790768542293 ], [ -83.649234764513125, 35.1477932261988 ], [ -83.649203766027554, 35.147960809382866 ], [ -83.64920281549125, 35.147964952483434 ], [ -83.649201180616231, 35.147968859533115 ], [ -83.648984577524942, 35.148430618776473 ], [ -83.648982869637919, 35.148433931952042 ], [ -83.648980919258989, 35.148437108433704 ], [ -83.648792991100493, 35.148719000458279 ], [ -83.648604700874813, 35.149001434889804 ], [ -83.648601125811851, 35.149006455014728 ], [ -83.648333238949263, 35.149359092757194 ], [ -83.648323361980516, 35.149373336094413 ], [ -83.648064041689352, 35.149784244075455 ], [ -83.648056493138597, 35.149797266481954 ], [ -83.648049945339991, 35.149810819711199 ], [ -83.647883413271188, 35.150191463409044 ], [ -83.647875308114408, 35.150213400844187 ], [ -83.647869819220006, 35.150236134446303 ], [ -83.647786603953492, 35.150697603525728 ], [ -83.647785496452187, 35.150704416281208 ], [ -83.647715243935394, 35.15118925628822 ], [ -83.647714769239656, 35.151192748944013 ], [ -83.647661616713435, 35.151611443409237 ], [ -83.647660120286147, 35.151630436905627 ], [ -83.647660437949241, 35.15164948661139 ], [ -83.647662566820003, 35.151668419654172 ], [ -83.647705032646627, 35.151932198464394 ], [ -83.647709356073676, 35.151952363725556 ], [ -83.64771573314286, 35.151971976547067 ], [ -83.647724096045224, 35.151990828381017 ], [ -83.647849800233743, 35.152238840120212 ], [ -83.647858685237452, 35.152254565964398 ], [ -83.647868952780755, 35.152269426079499 ], [ -83.648096543169515, 35.152568934096166 ], [ -83.648108648772052, 35.152583395350348 ], [ -83.648122062683768, 35.152596652064041 ], [ -83.648430832178292, 35.152874278322159 ], [ -83.648447537665831, 35.152887750430665 ], [ -83.648465590514519, 35.152899354984747 ], [ -83.648484782858901, 35.152908958366368 ], [ -83.648957689790706, 35.153114650302484 ], [ -83.648982896383103, 35.153123660463365 ], [ -83.64930472585462, 35.153214925493984 ], [ -83.649632275736082, 35.153308789738333 ], [ -83.649647859552786, 35.153312586447143 ], [ -83.65003170237317, 35.153389942175679 ], [ -83.650422379259354, 35.153469875069177 ], [ -83.650423602476522, 35.153470133321584 ], [ -83.651053099144264, 35.153607152755768 ], [ -83.651060803995506, 35.153609154233735 ], [ -83.651490900216032, 35.153739367081506 ], [ -83.651495051724751, 35.15374072362583 ], [ -83.651717842612996, 35.153818947974571 ], [ -83.651718139764284, 35.153819052045023 ], [ -83.651943039244486, 35.153897619270353 ], [ -83.651946920206953, 35.153899160161629 ], [ -83.651950476943981, 35.15390131977064 ], [ -83.652250324798715, 35.1541008942377 ], [ -83.652259281159019, 35.154107608636522 ], [ -83.652528951727803, 35.154334443956962 ], [ -83.652531880305702, 35.15433711291184 ], [ -83.652534587895843, 35.154340005806638 ], [ -83.652620730858033, 35.15443969917844 ], [ -83.652731623538472, 35.154569071590792 ], [ -83.652737934630252, 35.154577255773411 ], [ -83.652826704250572, 35.154705586025095 ], [ -83.652827273694697, 35.154706418181242 ], [ -83.652911797104863, 35.15483128244589 ], [ -83.652914693320497, 35.154836134825359 ], [ -83.65291641870671, 35.154841515967462 ], [ -83.652965716645895, 35.155031941482626 ], [ -83.652966276525021, 35.155034056409328 ], [ -83.652988791921729, 35.155117265323454 ], [ -83.653062766230548, 35.155399142569379 ], [ -83.653063201437973, 35.155400863170847 ], [ -83.65313797597716, 35.155707936012405 ], [ -83.653211295808987, 35.156009899190664 ], [ -83.653217932960175, 35.156031721529125 ], [ -83.653386595283379, 35.15649048217481 ], [ -83.653391834185413, 35.156503336077648 ], [ -83.653471738939658, 35.156681438791502 ], [ -83.65349373380117, 35.156731283672521 ], [ -83.653502902640341, 35.156749489099134 ], [ -83.6535138769394, 35.156766666698793 ], [ -83.65365659505899, 35.156966791142651 ], [ -83.653667574885759, 35.156980820859793 ], [ -83.653679759638592, 35.156993817834724 ], [ -83.653693052634665, 35.157005678939839 ], [ -83.653707348397504, 35.157016310060364 ], [ -83.653719989358549, 35.157024863428518 ], [ -83.653897951990771, 35.157162419392407 ], [ -83.65391444692338, 35.15717389341949 ], [ -83.653932009904437, 35.15718365445403 ], [ -83.653950463663719, 35.157191603973985 ], [ -83.654066661715646, 35.157234877875801 ], [ -83.654067320617571, 35.157235121943664 ], [ -83.654275769203849, 35.15731191851291 ], [ -83.654628671167913, 35.157442881918136 ], [ -83.654629310949815, 35.157443118103643 ], [ -83.654976749219159, 35.157570707706405 ], [ -83.654989372815749, 35.157574872859485 ], [ -83.655350921175526, 35.157680979764223 ], [ -83.655713107897853, 35.157786985241124 ], [ -83.655726516363458, 35.157791977514719 ], [ -83.656074990755698, 35.157951000064209 ], [ -83.656424505327593, 35.158110496488078 ], [ -83.656435136872531, 35.158116145369071 ], [ -83.656730910661267, 35.158296950981573 ], [ -83.657030477133802, 35.1584796868475 ], [ -83.657031507008355, 35.158480310825524 ], [ -83.657143307940714, 35.158547589240918 ], [ -83.657631179296246, 35.15884650343169 ], [ -83.657632793543129, 35.158847513769004 ], [ -83.658201965414762, 35.159211344208536 ], [ -83.658204000718328, 35.159212680409908 ], [ -83.658742919874854, 35.159575952323031 ], [ -83.659283920239588, 35.159939952527196 ], [ -83.659617136677738, 35.160164565293385 ], [ -83.659634153824626, 35.160174844481958 ], [ -83.659652107425302, 35.16018338340627 ], [ -83.659670820077991, 35.160190097692151 ], [ -83.659690106880632, 35.160194920994911 ], [ -83.659709777257916, 35.160197805654875 ], [ -83.659729636844389, 35.160198723168371 ], [ -83.659749489404987, 35.160197664469322 ], [ -83.659769138774053, 35.160194640018879 ], [ -83.65978839079375, 35.160189679702 ], [ -83.659807055232434, 35.160182832532215 ], [ -83.659824947664475, 35.160174166167245 ], [ -83.659841891292487, 35.160163766240544 ], [ -83.659857718694369, 35.160151735515072 ], [ -83.659872273477589, 35.160138192867954 ], [ -83.659885411824519, 35.160123272115761 ], [ -83.659897003913485, 35.160107120692331 ], [ -83.659906935201633, 35.160089898191885 ], [ -83.659915107556643, 35.160071774792115 ], [ -83.659936947928912, 35.160016110743435 ], [ -83.660049368232308, 35.159730582887882 ], [ -83.660050587747719, 35.159727406535033 ], [ -83.6602200787908, 35.159274472958096 ], [ -83.660226053643427, 35.159255751460265 ], [ -83.660230162318484, 35.15923653396473 ], [ -83.660295060199743, 35.158838134875417 ], [ -83.660297503514258, 35.158813941460274 ], [ -83.66029699271688, 35.158789630347421 ], [ -83.660272998365954, 35.158497086423736 ], [ -83.660245990702606, 35.158171253940026 ], [ -83.660243524443175, 35.158152419710333 ], [ -83.660239282542449, 35.158133904394461 ], [ -83.66023330326351, 35.158115875005478 ], [ -83.660225640541043, 35.158098494173274 ], [ -83.66021636349484, 35.158081918677581 ], [ -83.660043058771166, 35.157804108532865 ], [ -83.66004292385783, 35.157803892570968 ], [ -83.659912130720613, 35.157594822383111 ], [ -83.659909930842858, 35.157591131877147 ], [ -83.65971309821137, 35.157244188816207 ], [ -83.659517912892369, 35.156898405569187 ], [ -83.659516129620812, 35.156894936229335 ], [ -83.659514622736552, 35.156891338092009 ], [ -83.659322779013365, 35.156377786181586 ], [ -83.659321251986938, 35.156372959863688 ], [ -83.659321252231052, 35.156367897734476 ], [ -83.659392988800505, 35.154966040786476 ], [ -83.65941285646808, 35.154574660206642 ], [ -83.659413055624938, 35.154569338378138 ], [ -83.659414875868222, 35.154493795714082 ], [ -83.659415214109742, 35.15448910935109 ], [ -83.659418710999333, 35.154485971172122 ], [ -83.659647641567801, 35.154299542266621 ], [ -83.659652161456833, 35.154296265069192 ], [ -83.659657019743619, 35.154293514347884 ], [ -83.659898418187041, 35.15417418131242 ], [ -83.659916420276105, 35.154164094639825 ], [ -83.659933287222898, 35.154152206735041 ], [ -83.66011503946217, 35.154009523258061 ], [ -83.660130279931593, 35.15399626160341 ], [ -83.660144104760164, 35.153981530089339 ], [ -83.660347990724773, 35.153741000221771 ], [ -83.660564288266571, 35.153485829528712 ], [ -83.660565711482192, 35.15348418705603 ], [ -83.660872514154903, 35.153137797615805 ], [ -83.660875088933139, 35.153135100667612 ], [ -83.66087785785858, 35.153132603456747 ], [ -83.66115098347484, 35.15290418844527 ], [ -83.661161501542992, 35.152896499771764 ], [ -83.66149218366013, 35.152686418863752 ], [ -83.661496084330935, 35.152684180988786 ], [ -83.661500170728459, 35.152682303577834 ], [ -83.661829374178154, 35.15254868561474 ], [ -83.661842922955529, 35.152544282964129 ], [ -83.662376367360295, 35.152412154461487 ], [ -83.66237761699584, 35.152411853450758 ], [ -83.662802899392872, 35.152312299379432 ], [ -83.662830461420228, 35.152303707351933 ], [ -83.663146563731161, 35.152179490814916 ], [ -83.663168783884899, 35.152169145407171 ], [ -83.663439205200604, 35.152022446152984 ], [ -83.663455181516142, 35.1520127879987 ], [ -83.663470187683927, 35.152001682255573 ], [ -83.663484092954263, 35.151989225688659 ], [ -83.663762925008257, 35.151714935143133 ], [ -83.663778111258836, 35.151698206040962 ], [ -83.664174634582082, 35.151208440885533 ], [ -83.664175353258585, 35.151207563435349 ], [ -83.664319811460686, 35.151033217209729 ], [ -83.66455719180756, 35.150748359534795 ], [ -83.664560115842249, 35.150745147295204 ], [ -83.664563773129345, 35.150742803249543 ], [ -83.664692184568992, 35.150668211635271 ], [ -83.664696073931921, 35.150666175796637 ], [ -83.664700244021247, 35.150664859306076 ], [ -83.66487879977025, 35.150616954316149 ], [ -83.664900507610568, 35.150609777217781 ], [ -83.664921254478458, 35.150600169484164 ], [ -83.665392125723059, 35.150348480604784 ], [ -83.665407548104398, 35.150339325224216 ], [ -83.665422088282639, 35.15032882503106 ], [ -83.665678725200664, 35.150125381890419 ], [ -83.665683122389694, 35.150122270055419 ], [ -83.665688285405466, 35.150120733156356 ], [ -83.665913274628949, 35.1500668896619 ], [ -83.66591701432705, 35.150066144478565 ], [ -83.665920800002937, 35.15006568698923 ], [ -83.666215040568858, 35.150041489330192 ], [ -83.666220978219272, 35.150041356541195 ], [ -83.666226889420827, 35.150041931885319 ], [ -83.66666294628763, 35.150110835051045 ], [ -83.666665032285593, 35.150111187323979 ], [ -83.666927231104239, 35.150158324045748 ], [ -83.66693095467069, 35.150159141378467 ], [ -83.66693460498945, 35.150160240539186 ], [ -83.667264923577065, 35.150273633638399 ], [ -83.667267049716543, 35.150274390433772 ], [ -83.66779804958442, 35.150470177720017 ], [ -83.667802827714212, 35.150472231248372 ], [ -83.667806348300587, 35.150476059168625 ], [ -83.66784555993749, 35.150523478298261 ], [ -83.667929951679795, 35.150626952592212 ], [ -83.668163356835635, 35.150913537559745 ], [ -83.668166711832143, 35.150918178434011 ], [ -83.668169511790225, 35.150923173839978 ], [ -83.668280919668589, 35.151151853564151 ], [ -83.668310948373872, 35.151213748594365 ], [ -83.668321341691353, 35.151232531872978 ], [ -83.668333688337924, 35.151250092992584 ], [ -83.668347846070176, 35.151266229634771 ], [ -83.668363651779487, 35.151280755892273 ], [ -83.668386790374257, 35.151299835441385 ], [ -83.668387191859281, 35.151300165621088 ], [ -83.668561500104403, 35.151443136710704 ], [ -83.668564830796015, 35.15144612998531 ], [ -83.668566883300514, 35.151450099787588 ], [ -83.66862990331235, 35.151586644463578 ], [ -83.668631954514993, 35.151591410006034 ], [ -83.668695112863972, 35.151749305524831 ], [ -83.668696740732898, 35.151754058847771 ], [ -83.668697380720801, 35.151759042265375 ], [ -83.668726860394656, 35.152140303897077 ], [ -83.66872706495414, 35.152143700506343 ], [ -83.668738990175768, 35.152419984785446 ], [ -83.668750335498402, 35.152681866615005 ], [ -83.668751559886047, 35.152696932187794 ], [ -83.668753918562842, 35.152711862266571 ], [ -83.668776853830138, 35.152828300669754 ], [ -83.668842580005688, 35.153175005211587 ], [ -83.668846796459434, 35.15319277161521 ], [ -83.668852615711742, 35.153210079413526 ], [ -83.668963906483654, 35.153497001294788 ], [ -83.668971371695335, 35.153513890375386 ], [ -83.668980362743767, 35.153530018967295 ], [ -83.668990802986897, 35.153545249586195 ], [ -83.669208136812344, 35.153832870261809 ], [ -83.669209812385802, 35.153835154278255 ], [ -83.669477157968402, 35.154210616976478 ], [ -83.669485170845817, 35.154221118289165 ], [ -83.669524644822289, 35.15426945379221 ], [ -83.669535871576969, 35.154282073272626 ], [ -83.669790034676709, 35.154544554641433 ], [ -83.669805728703807, 35.154559115196001 ], [ -83.669822889165886, 35.154571914835728 ], [ -83.670139934436833, 35.154782962560098 ], [ -83.670187669762882, 35.154814785775095 ], [ -83.67030334841597, 35.154892551092388 ], [ -83.670306856303654, 35.154895139868138 ], [ -83.670309569869318, 35.154898553468882 ], [ -83.670456265942164, 35.155100708083168 ], [ -83.670466579631253, 35.155113744657882 ], [ -83.670477940295797, 35.155125879721304 ], [ -83.670490269455044, 35.155137029443047 ], [ -83.67055900996985, 35.155194185036045 ], [ -83.670560982209977, 35.155195803726642 ], [ -83.670620830784799, 35.155244288082514 ], [ -83.670639719710891, 35.155257850560488 ], [ -83.670660055182694, 35.155269128899221 ], [ -83.670859036321289, 35.155364809292045 ], [ -83.670874236579323, 35.155371358450431 ], [ -83.670889926303104, 35.155376628354333 ], [ -83.671166019763959, 35.155456814012155 ], [ -83.671188253200697, 35.155461916596053 ], [ -83.671507311318379, 35.15551620380257 ], [ -83.671511922453107, 35.155517215600668 ], [ -83.671516259762612, 35.155519079479518 ], [ -83.671742020362274, 35.15562906547904 ], [ -83.671749776031959, 35.155633277303735 ], [ -83.671979366970774, 35.155771421356327 ], [ -83.671984514998812, 35.155774737787681 ], [ -83.672177259705876, 35.155907431669689 ], [ -83.672180844632678, 35.155910146881091 ], [ -83.672183569221446, 35.155913724685988 ], [ -83.672313683212167, 35.156101666464942 ], [ -83.672318432081454, 35.156108237243707 ], [ -83.672544341460693, 35.156407833775702 ], [ -83.672554102624787, 35.15641978964598 ], [ -83.672740052392712, 35.156630406454326 ], [ -83.672750333671999, 35.15664121132474 ], [ -83.672935715482666, 35.156822026571334 ], [ -83.672948457460038, 35.156833433286749 ], [ -83.672962127338408, 35.156843709743782 ], [ -83.673119196711085, 35.156951595782381 ], [ -83.673137523754377, 35.156962785593088 ], [ -83.673156944832044, 35.156971946058249 ], [ -83.673177236071311, 35.15697897158234 ], [ -83.673428897491704, 35.157051231039567 ], [ -83.673449181294302, 35.157055927606464 ], [ -83.673469843446455, 35.157058489999166 ], [ -83.673532384105727, 35.157062957302578 ], [ -83.673648842404674, 35.157071989125726 ], [ -83.673649146517164, 35.157072012477634 ], [ -83.673805500705342, 35.157083898539938 ], [ -83.673834488999233, 35.15708399534514 ], [ -83.674105966719665, 35.157065180329873 ], [ -83.67412287939085, 35.157063282342541 ], [ -83.674139569468096, 35.157059953360168 ], [ -83.674430613603946, 35.156988904251151 ], [ -83.674451671750674, 35.156982517436568 ], [ -83.674471900775899, 35.156973855826827 ], [ -83.674491055788565, 35.156963024278731 ], [ -83.674615602229707, 35.156883249700101 ], [ -83.67461637905599, 35.156882749592633 ], [ -83.674663094934104, 35.156852521861396 ], [ -83.674667091296371, 35.156850191589371 ], [ -83.674671430930488, 35.156848647289792 ], [ -83.674929228353633, 35.156770062200266 ], [ -83.674942977188408, 35.156766912358144 ], [ -83.675134434227971, 35.15673708674877 ], [ -83.675274382295925, 35.156716092136122 ], [ -83.67527560451687, 35.156715904917043 ], [ -83.675611291696214, 35.156663422023904 ], [ -83.675616709283517, 35.156662726026809 ], [ -83.676100929325102, 35.156613921366379 ], [ -83.676119813204693, 35.156611102064474 ], [ -83.676138342192601, 35.156606494898476 ], [ -83.676382177731611, 35.156533344618339 ], [ -83.676397588699629, 35.156528027678057 ], [ -83.676577320400682, 35.156457697436451 ], [ -83.676596479337576, 35.156449012502947 ], [ -83.676614620107003, 35.156438363304979 ], [ -83.67678867442109, 35.156323470189619 ], [ -83.67681019532931, 35.156307071293071 ], [ -83.677175791706489, 35.155987174621373 ], [ -83.677176189268124, 35.155986825825934 ], [ -83.677545658292871, 35.155661811528589 ], [ -83.677550180861871, 35.155658274033321 ], [ -83.677555080608883, 35.15565528071042 ], [ -83.677749508061197, 35.155551396472362 ], [ -83.677754053626856, 35.155549257115737 ], [ -83.677759074688552, 35.155549089922424 ], [ -83.677919684721914, 35.155551907226162 ], [ -83.677924941521994, 35.155552278978568 ], [ -83.677930002049621, 35.155553749763058 ], [ -83.678151052978905, 35.155630927300734 ], [ -83.678162622895968, 35.155635802444593 ], [ -83.678559181770382, 35.155833100410867 ], [ -83.678562763211261, 35.155834973502948 ], [ -83.678658454818873, 35.155887509968899 ], [ -83.678667245468802, 35.155892945937431 ], [ -83.678670415674432, 35.155895140772152 ], [ -83.678681815002804, 35.155902474243177 ], [ -83.678895492755998, 35.156029913787798 ], [ -83.678898895402341, 35.156032135858972 ], [ -83.678902105930007, 35.156034627468237 ], [ -83.679151046749325, 35.156244612442379 ], [ -83.679171938109178, 35.156260029726702 ], [ -83.679445990961895, 35.156435999931638 ], [ -83.679720439755968, 35.156612225318348 ], [ -83.679742306273567, 35.156624404673884 ], [ -83.680199922442412, 35.156842967113285 ], [ -83.680480946401772, 35.156977450525986 ], [ -83.680503466232111, 35.156986590269909 ], [ -83.680526928391274, 35.156992930992679 ], [ -83.680750852952542, 35.157039057726017 ], [ -83.680770091780829, 35.157042053114949 ], [ -83.680789530704601, 35.157043163570364 ], [ -83.68099035012753, 35.157044843977232 ], [ -83.681008917996337, 35.157044136151391 ], [ -83.681027340038455, 35.157041708161856 ], [ -83.681309103856677, 35.156991159388298 ], [ -83.681310877721799, 35.156990832891886 ], [ -83.681716183985898, 35.156914341403969 ], [ -83.681719808901562, 35.156913726083381 ], [ -83.682050394204367, 35.156863844704645 ], [ -83.682056002596127, 35.156863320634798 ], [ -83.682061634294186, 35.156863433265677 ], [ -83.682453715799269, 35.156893518425207 ], [ -83.682466156234014, 35.156895265185383 ], [ -83.682710407167363, 35.156945391462209 ], [ -83.682728081491476, 35.15694820128698 ], [ -83.682745936232422, 35.156949419923123 ], [ -83.682874352692679, 35.156952424321553 ], [ -83.682898841181498, 35.156951495464945 ], [ -83.682923032239174, 35.156947578631083 ], [ -83.683128579705453, 35.156901220598421 ], [ -83.68313402491512, 35.156900306244431 ], [ -83.683139537872336, 35.156900000212303 ], [ -83.683304244356705, 35.156900000487838 ], [ -83.683432153594055, 35.156900956608361 ], [ -83.683437948604876, 35.156901339154878 ], [ -83.683443663683391, 35.156902395184751 ], [ -83.683493495582525, 35.156914649013125 ], [ -83.683504554656707, 35.156917038905135 ], [ -83.683569151650588, 35.156929096817308 ], [ -83.683573850530919, 35.15693021568876 ], [ -83.68357676578448, 35.156934067005949 ], [ -83.683644031721997, 35.157032661478283 ], [ -83.683646733477673, 35.157037105946003 ], [ -83.683647925008657, 35.157042168853216 ], [ -83.683672558472907, 35.157178602243931 ], [ -83.683673307103334, 35.1571834167002 ], [ -83.683693901883402, 35.157341075407658 ], [ -83.683697519375201, 35.157360917127932 ], [ -83.683703116845294, 35.157380293619845 ], [ -83.683710637370197, 35.157399007834108 ], [ -83.68372000446989, 35.157416869456476 ], [ -83.683731122885646, 35.157433696843128 ], [ -83.6837438795487, 35.157449318867897 ], [ -83.68379605278308, 35.157507010222929 ], [ -83.683806370020974, 35.157517603655585 ], [ -83.683817441767957, 35.15752740583045 ], [ -83.683830318857503, 35.157537983524435 ], [ -83.683833831655974, 35.157541160164946 ], [ -83.683837027195537, 35.157544655779859 ], [ -83.683896448554734, 35.157616204002942 ], [ -83.683911343910623, 35.157632262060645 ], [ -83.68392790588824, 35.157646595020637 ], [ -83.683945935854439, 35.157659030983126 ], [ -83.683965217570076, 35.157669420799621 ], [ -83.683972708801377, 35.157672942517088 ], [ -83.684068195199444, 35.157722822991126 ], [ -83.684085782704727, 35.157730951585286 ], [ -83.68410407421905, 35.157737340238391 ], [ -83.684122898079139, 35.157741928993829 ], [ -83.684142077625694, 35.157744674786784 ], [ -83.684219118008585, 35.157751917752336 ], [ -83.684326166471607, 35.15776293031584 ], [ -83.684345975904307, 35.157763979225834 ], [ -83.684365791805007, 35.157763060577281 ], [ -83.684385419227951, 35.157760183407703 ], [ -83.68443611895789, 35.157750160973286 ], [ -83.684447783485496, 35.157747490190339 ], [ -83.684670958192555, 35.157689312564202 ], [ -83.684680948274433, 35.157686429005274 ], [ -83.685174432366338, 35.15752998208611 ], [ -83.68519892006735, 35.157520405703352 ], [ -83.685499458271423, 35.157379444609049 ], [ -83.685516594948055, 35.157370368647044 ], [ -83.685532772116176, 35.157359675752026 ], [ -83.685547837694713, 35.157347466447568 ], [ -83.685845308035596, 35.15708149331207 ], [ -83.68585842768681, 35.157068630743126 ], [ -83.685870311598492, 35.157054618478099 ], [ -83.685880859479056, 35.15703957477033 ], [ -83.686003182306507, 35.156846850857939 ], [ -83.68600698863969, 35.156841278836175 ], [ -83.686069718987412, 35.156755793224853 ], [ -83.686080900856567, 35.156738807638327 ], [ -83.686090300080025, 35.156720774365034 ], [ -83.686097819482924, 35.156701879843936 ], [ -83.686103381325069, 35.156682319418088 ], [ -83.686106928104778, 35.15666229531508 ], [ -83.686108423153257, 35.156642014556283 ], [ -83.686111405303663, 35.156510798319296 ], [ -83.68611106241697, 35.156493698152246 ], [ -83.686109259749102, 35.156476689810965 ], [ -83.686106010483556, 35.156459897683114 ], [ -83.686047088838677, 35.15621260901699 ], [ -83.686046221235969, 35.156208012144162 ], [ -83.686047545998434, 35.156203525610984 ], [ -83.686148875289575, 35.155911965008436 ], [ -83.686154243461928, 35.155893781406242 ], [ -83.686258881247298, 35.15546554452829 ], [ -83.686260195551867, 35.155461081946086 ], [ -83.686262316902258, 35.155456941667097 ], [ -83.686313721351723, 35.155367216565828 ], [ -83.686316203476281, 35.155362752898185 ], [ -83.686394169111182, 35.155218230982115 ], [ -83.686400413140703, 35.15520814074447 ], [ -83.686546711155813, 35.155000398938739 ], [ -83.686547270412902, 35.154999600674131 ], [ -83.686569079580281, 35.154968309031048 ], [ -83.686570944784293, 35.154965721809717 ], [ -83.686758325355427, 35.154714356715957 ], [ -83.686768665496544, 35.154699059703901 ], [ -83.686777550863269, 35.154682874298302 ], [ -83.686784905726242, 35.154665938446186 ], [ -83.68687824581221, 35.154420586988536 ], [ -83.686880206657918, 35.154416107298033 ], [ -83.686882596981704, 35.154411841281728 ], [ -83.68692673835767, 35.154341403071413 ], [ -83.686981083135706, 35.154255591922642 ], [ -83.686984212691186, 35.154251198253249 ], [ -83.686988217883609, 35.154247581655902 ], [ -83.687034518963472, 35.154210131790229 ], [ -83.687051095087796, 35.154195115983939 ], [ -83.687065890963268, 35.154178343255928 ], [ -83.687088453365064, 35.154149683282476 ], [ -83.687089539951387, 35.15414832744564 ], [ -83.687116674347848, 35.154115065619472 ], [ -83.687120134662891, 35.154111251102144 ], [ -83.687125177463898, 35.15411020492806 ], [ -83.687251810291613, 35.154090794209466 ], [ -83.687262124140815, 35.154088935484097 ], [ -83.687387674385221, 35.154062895725239 ], [ -83.687391997057176, 35.15406219626098 ], [ -83.687396352260222, 35.154062651178478 ], [ -83.687789294846652, 35.154121299124661 ], [ -83.6877939371618, 35.154122219100962 ], [ -83.687798471338652, 35.154123575082821 ], [ -83.687921302126398, 35.154166758311369 ], [ -83.687922676857156, 35.154167252934272 ], [ -83.688357664828999, 35.154327358503295 ], [ -83.688373170111191, 35.154332358463989 ], [ -83.688389030898676, 35.154336079861984 ], [ -83.688915766682754, 35.154437228743411 ], [ -83.6889343410067, 35.154439899138282 ], [ -83.689492945579715, 35.154493611135045 ], [ -83.689496961681655, 35.154494162731723 ], [ -83.68950091975266, 35.154495038522377 ], [ -83.690003064459916, 35.154627755420613 ], [ -83.690004919999012, 35.154628236338603 ], [ -83.690601056879416, 35.154779697978128 ], [ -83.69061811436552, 35.154783248779346 ], [ -83.690635416162763, 35.154785301541743 ], [ -83.691055360934243, 35.154816654206201 ], [ -83.691059955787296, 35.154817212676235 ], [ -83.691064479061765, 35.154818194791787 ], [ -83.69156510370307, 35.154951497605758 ], [ -83.691568856877623, 35.154952575883911 ], [ -83.691999206728937, 35.155085364443416 ], [ -83.692023132679736, 35.155091161396896 ], [ -83.692241621260621, 35.155130044950099 ], [ -83.692246891137273, 35.155131282455827 ], [ -83.69225176840493, 35.155133630919515 ], [ -83.692599310071898, 35.155324973649094 ], [ -83.692606489911412, 35.155329329279994 ], [ -83.692933206089521, 35.15554681451259 ], [ -83.692942380262721, 35.155553713570896 ], [ -83.693234042813387, 35.155800505727015 ], [ -83.693236885839454, 35.155803106201418 ], [ -83.693239519777833, 35.155805918252597 ], [ -83.693366970277438, 35.155952975723494 ], [ -83.693380295537651, 35.155966929874587 ], [ -83.693394903419133, 35.155979535059679 ], [ -83.693410657965998, 35.155990673962037 ], [ -83.693427412550321, 35.156000242911638 ], [ -83.693445011236832, 35.156008152850063 ], [ -83.693463290234135, 35.156014330159337 ], [ -83.693605392858402, 35.156054829656647 ], [ -83.693606587646485, 35.156055178226943 ], [ -83.693764456584503, 35.156102303286417 ], [ -83.693785683609761, 35.156107396450302 ], [ -83.693807339271984, 35.156110145852679 ], [ -83.693829165583523, 35.156110518739446 ], [ -83.693850902523749, 35.156108510668339 ], [ -83.694006873623181, 35.156085460957854 ], [ -83.694013093226772, 35.156084441426984 ], [ -83.694253513710734, 35.156041130639778 ], [ -83.694272176291946, 35.156036837076201 ], [ -83.69429034268272, 35.156030778291537 ], [ -83.694307846330588, 35.156023009833724 ], [ -83.694469952999569, 35.155941561343631 ], [ -83.694486508966605, 35.155932232642478 ], [ -83.694502104820216, 35.155921374739378 ], [ -83.694547857680433, 35.155886179899753 ], [ -83.694556433528334, 35.155880267914483 ], [ -83.694766204743274, 35.155751245798555 ], [ -83.694782102745577, 35.155740379159077 ], [ -83.694796881975861, 35.155728033929897 ], [ -83.694810405419432, 35.155714324560655 ], [ -83.694893502860182, 35.155621546277295 ], [ -83.694894488094164, 35.155620462343634 ], [ -83.69499829331987, 35.1555079251374 ], [ -83.69500357042601, 35.155501970713772 ], [ -83.69506081916002, 35.155434725613546 ], [ -83.69506415735222, 35.155431172307388 ], [ -83.695067826679761, 35.155427962082314 ], [ -83.695437396457123, 35.155135263486692 ], [ -83.695440636801038, 35.155132802742884 ], [ -83.695769097470347, 35.154893745710986 ], [ -83.69577908845551, 35.154885700570944 ], [ -83.695779167404694, 35.154885797815126 ], [ -83.695786092528621, 35.154880175546673 ], [ -83.695790295820089, 35.154878766822783 ], [ -83.696375238107677, 35.15471121619337 ], [ -83.696376741756097, 35.154710779112413 ], [ -83.696571437819728, 35.15465335727707 ], [ -83.696592503061765, 35.154645840622749 ], [ -83.696612597303798, 35.154636018914566 ], [ -83.69692468881837, 35.154461211013739 ], [ -83.696942687414051, 35.154449830288264 ], [ -83.697169455780042, 35.154288928276387 ], [ -83.697181007486435, 35.154281857729771 ], [ -83.697238616900364, 35.154251762761078 ], [ -83.697242048008661, 35.154250133428825 ], [ -83.697245593090102, 35.154248769747838 ], [ -83.69743605494871, 35.154183710799799 ], [ -83.697451672418751, 35.154177634197858 ], [ -83.697813265573899, 35.154019194670084 ], [ -83.697818782225056, 35.154016970613867 ], [ -83.698102876483944, 35.153912149422574 ], [ -83.698109174727932, 35.153910060316939 ], [ -83.698311688869296, 35.153850270273416 ], [ -83.698316030348238, 35.153849197551985 ], [ -83.698320450464692, 35.15384851803659 ], [ -83.698703635711638, 35.153807092555525 ], [ -83.698721823931962, 35.153804274441754 ], [ -83.698739676070119, 35.153799796240406 ], [ -83.698757040939398, 35.153793695876608 ], [ -83.698773771479736, 35.153786025013289 ], [ -83.698789726003042, 35.153776848613667 ], [ -83.698804769393206, 35.1537662443911 ], [ -83.699036017293238, 35.153586756034734 ], [ -83.699037955536994, 35.153585232386504 ], [ -83.699081946751335, 35.153550210172426 ], [ -83.699096829307038, 35.153537105335225 ], [ -83.699110340965746, 35.15352259112489 ], [ -83.699122348898641, 35.153506810225998 ], [ -83.699132735059578, 35.153489917775509 ], [ -83.699141397345542, 35.153472079837726 ], [ -83.699148250600331, 35.153453471771705 ], [ -83.699153227451831, 35.153434276507397 ], [ -83.699156278974172, 35.153414682747325 ], [ -83.699157375168809, 35.153394883111474 ], [ -83.699156505259438, 35.153375072243747 ], [ -83.699153677797824, 35.153355444898452 ], [ -83.699148920579859, 35.153336194025755 ], [ -83.699142280372229, 35.153317508874828 ], [ -83.699126115823276, 35.15327830134931 ], [ -83.699097109750156, 35.153207290929451 ], [ -83.699096870218796, 35.153206707159697 ], [ -83.699037746184118, 35.153063258794646 ], [ -83.699036202268331, 35.153058961255169 ], [ -83.699036311170573, 35.153054405715466 ], [ -83.699052643978206, 35.152819977137931 ], [ -83.699053230152785, 35.152815092730322 ], [ -83.699056081463397, 35.152811083856932 ], [ -83.699195992656243, 35.152633799875417 ], [ -83.699199145196133, 35.152630180042578 ], [ -83.69920320208972, 35.152627614246086 ], [ -83.699288950430244, 35.152579023418312 ], [ -83.699391302659748, 35.152521087834792 ], [ -83.699398842582298, 35.152517232159155 ], [ -83.699512174904072, 35.152465210848675 ], [ -83.699517052756391, 35.152463277577738 ], [ -83.699522290483046, 35.152462965809583 ], [ -83.699820783915428, 35.152461034047704 ], [ -83.699825950177811, 35.152461269723517 ], [ -83.699830956115676, 35.152462568336929 ], [ -83.699992104009837, 35.152513456975321 ], [ -83.699996835207855, 35.15251522227053 ], [ -83.700000093239183, 35.152519080473972 ], [ -83.700120266198752, 35.152677154675196 ], [ -83.700134653879076, 35.15269404631249 ], [ -83.700183280854191, 35.152745104212173 ], [ -83.700190262822332, 35.152753273032502 ], [ -83.700233421760245, 35.152809643846048 ], [ -83.700238701166313, 35.152816245538801 ], [ -83.70029524257491, 35.152883963356764 ], [ -83.70030921613359, 35.152899049624992 ], [ -83.700324664910482, 35.152912621328063 ], [ -83.700341425590423, 35.152924534994135 ], [ -83.700359320989648, 35.152934664679115 ], [ -83.700484073518908, 35.152997041401463 ], [ -83.700491722697578, 35.153001294421443 ], [ -83.700604435899123, 35.15307059205891 ], [ -83.700623498293979, 35.153080931740199 ], [ -83.700643568113946, 35.153089146740705 ], [ -83.700745557970038, 35.153124568590165 ], [ -83.700763269023639, 35.153129816727535 ], [ -83.700781388741831, 35.153133408409367 ], [ -83.700799762552379, 35.153135312996426 ], [ -83.700818233715481, 35.15313551424142 ], [ -83.700836644660853, 35.153134010427621 ], [ -83.701188900515135, 35.153088782457992 ], [ -83.70120113246584, 35.153087970218841 ], [ -83.701596674422362, 35.153086026156728 ], [ -83.701607299448682, 35.153085691423946 ], [ -83.701938760128087, 35.153066420959433 ], [ -83.701953208061497, 35.153066628049928 ], [ -83.702704043789794, 35.153131917722469 ], [ -83.702705936109595, 35.153132100410886 ], [ -83.702881458396561, 35.153150731346109 ], [ -83.70288650805692, 35.153151397811918 ], [ -83.703416427491291, 35.153235121516559 ], [ -83.703427421943573, 35.153237499588208 ], [ -83.703805991129883, 35.153342000235156 ], [ -83.704175087715086, 35.15344388631955 ], [ -83.704190105587614, 35.153447414664029 ], [ -83.704205350737254, 35.153449774986647 ], [ -83.704679046768263, 35.153504505073883 ], [ -83.704705020429259, 35.153505803985929 ], [ -83.705207886382681, 35.153498213151529 ], [ -83.705235925721851, 35.153495809715459 ], [ -83.705745920630093, 35.153415639998094 ], [ -83.705750003648561, 35.153415169521544 ], [ -83.705754111536692, 35.153415036696884 ], [ -83.706071269335965, 35.153417852072735 ], [ -83.706087939682746, 35.153417304525547 ], [ -83.706104506434428, 35.153415369840005 ], [ -83.706409176051437, 35.153366838338336 ], [ -83.706426792239057, 35.153363213344548 ], [ -83.706444011544562, 35.15335802044897 ], [ -83.706536513263231, 35.153325519798891 ], [ -83.706539460451339, 35.153324458296986 ], [ -83.706784807720922, 35.15323391362427 ], [ -83.706795353786418, 35.153230670925609 ], [ -83.70703447348366, 35.153171376310304 ], [ -83.707037520414914, 35.153170671150875 ], [ -83.707324687056456, 35.153108926246368 ], [ -83.707329015455372, 35.153108193186888 ], [ -83.707333391546129, 35.153107843557649 ], [ -83.707463668177951, 35.153103190086938 ], [ -83.707468955762025, 35.153103282868258 ], [ -83.70747410423958, 35.153104491310366 ], [ -83.707708085628781, 35.153172736102526 ], [ -83.70770989283767, 35.153173281768474 ], [ -83.707972898908025, 35.153255410176357 ], [ -83.707977863322441, 35.153257256196021 ], [ -83.707982324363741, 35.153260111420948 ], [ -83.708203022855116, 35.153418561809424 ], [ -83.70822161280222, 35.15343041265605 ], [ -83.708226146996722, 35.153432963114902 ], [ -83.708229790681543, 35.153435115416663 ], [ -83.708480684137996, 35.153590570800006 ], [ -83.708485218325592, 35.153593553503349 ], [ -83.708675773833221, 35.153726453296116 ], [ -83.708680250031122, 35.153729486042572 ], [ -83.708980891434067, 35.15392730283115 ], [ -83.708988806752402, 35.153933086523949 ], [ -83.709185486885445, 35.154092165751237 ], [ -83.709192620705693, 35.154097674530654 ], [ -83.709452658929692, 35.15428928184847 ], [ -83.709457372259308, 35.154292650603132 ], [ -83.709642039159959, 35.154420637478374 ], [ -83.709657398257448, 35.154430281911985 ], [ -83.709673567867739, 35.154438495356978 ], [ -83.709956206229378, 35.154566288831994 ], [ -83.709959907115959, 35.154568150945657 ], [ -83.709963440750286, 35.154570313689248 ], [ -83.710115825874809, 35.154672511861648 ], [ -83.71013905809167, 35.154685926341251 ], [ -83.710273758095013, 35.154752081266793 ], [ -83.710288785511736, 35.154758710284732 ], [ -83.710304306190011, 35.154764083894101 ], [ -83.710320215455639, 35.154768165854328 ], [ -83.71042983710656, 35.154791540808304 ], [ -83.710434122655286, 35.154792553780759 ], [ -83.710507148618987, 35.154811522122088 ], [ -83.710510813741934, 35.154812548978462 ], [ -83.71061106426589, 35.154842705387033 ], [ -83.710632208674326, 35.154847830094603 ], [ -83.710653784629514, 35.154850627735215 ], [ -83.710999785852252, 35.15487646201781 ], [ -83.711014216546573, 35.15487701665711 ], [ -83.711435501068337, 35.154877987535734 ], [ -83.711446473617627, 35.154877711639521 ], [ -83.711906279254336, 35.154853511642052 ], [ -83.711925607303741, 35.154851549524444 ], [ -83.712248360932819, 35.154802850109903 ], [ -83.712259564780865, 35.154800831926174 ], [ -83.712375744338516, 35.154776471345876 ], [ -83.71238025839115, 35.154775632544947 ], [ -83.712488369177009, 35.154758101061823 ], [ -83.712489614310883, 35.154757907191673 ], [ -83.712550228622902, 35.154748860205004 ], [ -83.712556002272052, 35.154748339690542 ], [ -83.712561797287435, 35.154748493823512 ], [ -83.712892906527927, 35.154776653411773 ], [ -83.712896962969879, 35.154777166533734 ], [ -83.712900867797885, 35.15477833197567 ], [ -83.713062933121677, 35.154833979847254 ], [ -83.713465809275334, 35.154972593492452 ], [ -83.713468162600861, 35.15497343621881 ], [ -83.713603414526332, 35.155023785963571 ], [ -83.713830128147592, 35.155109776349931 ], [ -83.713841985791291, 35.155113853454772 ], [ -83.714201786011387, 35.155225082483604 ], [ -83.714214307700871, 35.155228512383452 ], [ -83.714349712434739, 35.155260916558156 ], [ -83.714368232699087, 35.155264435167553 ], [ -83.714387001979219, 35.155266194408014 ], [ -83.714405853519082, 35.155266178649548 ], [ -83.714424619831803, 35.155264388032144 ], [ -83.71444313418769, 35.155260838464585 ], [ -83.714461232095573, 35.155255561483081 ], [ -83.714478752764222, 35.155248603971074 ], [ -83.714495540530933, 35.155240027742721 ], [ -83.71451144624443, 35.155229908993697 ], [ -83.714526328590082, 35.155218337624227 ], [ -83.714608968574922, 35.15514758866091 ], [ -83.714614909612578, 35.155142294060035 ], [ -83.714815680531402, 35.154956071272096 ], [ -83.714819115802172, 35.154953162031156 ], [ -83.71482300266355, 35.154950927683224 ], [ -83.715082305282124, 35.154816938094591 ], [ -83.715094005165213, 35.154811811668182 ], [ -83.715453810408135, 35.154680885375235 ], [ -83.715464347474608, 35.154677696493764 ], [ -83.715792884648423, 35.154597730568895 ], [ -83.715806953497946, 35.154593756293707 ], [ -83.71611553846698, 35.154494271180141 ], [ -83.716134572096834, 35.154487046185828 ], [ -83.716152772606705, 35.154477923628669 ], [ -83.716371016519687, 35.154354252844321 ], [ -83.716375077144633, 35.154352190851576 ], [ -83.716379427110382, 35.154350908011196 ], [ -83.716698968747409, 35.154272207488454 ], [ -83.716724468398752, 35.154264083023477 ], [ -83.716894285782601, 35.154197160133805 ], [ -83.716914414547873, 35.154187908927909 ], [ -83.716933396701677, 35.154176488339537 ], [ -83.717104688020214, 35.154060044080296 ], [ -83.717117586552135, 35.154050497165471 ], [ -83.717129678170224, 35.154039946882037 ], [ -83.717316103101638, 35.153863623672692 ], [ -83.717326455018352, 35.153855074596933 ], [ -83.717590501284263, 35.153665352211199 ], [ -83.71782404381311, 35.153499672682898 ], [ -83.717825954760215, 35.153498350184385 ], [ -83.71785673600867, 35.153477572670397 ], [ -83.717872651462059, 35.153465635855603 ], [ -83.718062398163212, 35.153307986126414 ], [ -83.718069441759013, 35.15330185038497 ], [ -83.718252047944404, 35.153135122134337 ], [ -83.718265302819802, 35.15312182659563 ], [ -83.71827725262024, 35.153107346770312 ], [ -83.718287792049125, 35.15309181024849 ], [ -83.718405357239888, 35.152899671008953 ], [ -83.718408789861343, 35.152894436469573 ], [ -83.718496928441994, 35.152768792254761 ], [ -83.718510292277898, 35.152752348816676 ], [ -83.71851028571767, 35.152752343485083 ], [ -83.718515302492577, 35.15274646598187 ], [ -83.718526030154194, 35.152731225494989 ], [ -83.718534186938697, 35.15271840751317 ], [ -83.718543251635424, 35.152702619439886 ], [ -83.718550843136285, 35.152686072503634 ], [ -83.718610264608699, 35.1525392676023 ], [ -83.7186121718875, 35.152535115799161 ], [ -83.718615138892488, 35.152531641311903 ], [ -83.718697551038687, 35.152443673374165 ], [ -83.718701149120108, 35.152440200590149 ], [ -83.718705368800144, 35.15243751717464 ], [ -83.719013952413576, 35.152262426592614 ], [ -83.719025778188154, 35.152255163005584 ], [ -83.719389666487658, 35.152013878685601 ], [ -83.719392301135457, 35.152012101426585 ], [ -83.719624015214066, 35.151853100393097 ], [ -83.719636495795086, 35.151845805220361 ], [ -83.719967245630954, 35.151683366320235 ], [ -83.720292444070637, 35.151526995051903 ], [ -83.720306664801655, 35.151519437609352 ], [ -83.720320231393757, 35.151510760529931 ], [ -83.720538533350847, 35.15135841422132 ], [ -83.720545641034448, 35.151353887158855 ], [ -83.720761987593121, 35.151228585634101 ], [ -83.720781195914739, 35.151215932250473 ], [ -83.720798824380779, 35.151201157105064 ], [ -83.720985379592975, 35.151025575701254 ], [ -83.720986597423192, 35.151024419829433 ], [ -83.721050493160035, 35.150963262993464 ], [ -83.721061074467357, 35.150952334488331 ], [ -83.72125335516958, 35.150738002573746 ], [ -83.721266203876411, 35.150722117623111 ], [ -83.721277364942139, 35.15070500471758 ], [ -83.721286721895211, 35.150686842439271 ], [ -83.721357572714979, 35.150530137605863 ], [ -83.721360300410325, 35.150523817028613 ], [ -83.721446353841799, 35.150314588977587 ], [ -83.721452738475236, 35.150296692596854 ], [ -83.721457395954189, 35.150278271091011 ], [ -83.721460284239782, 35.150259490734413 ], [ -83.72146137726206, 35.150240521040431 ], [ -83.721463924926056, 35.149986651182239 ], [ -83.721464939686157, 35.149973416547091 ], [ -83.72149922266172, 35.149735336702889 ], [ -83.721500263466496, 35.149730119637795 ], [ -83.72150338953459, 35.149725815135291 ], [ -83.721699719044977, 35.1494840300821 ], [ -83.721703181621109, 35.149480191242965 ], [ -83.721707023285234, 35.149476731800576 ], [ -83.721867492571036, 35.149346647876399 ], [ -83.721876272248537, 35.14933909920201 ], [ -83.722138772260905, 35.149099845734803 ], [ -83.72214762181116, 35.149092659760854 ], [ -83.722479233486965, 35.148853432861223 ], [ -83.722488540110902, 35.148846294942231 ], [ -83.722683301095216, 35.148687635915934 ], [ -83.722694326249339, 35.148677960635219 ], [ -83.722921074724141, 35.148463755478303 ], [ -83.722927118765611, 35.148458488068279 ], [ -83.723045892394879, 35.148363080355367 ], [ -83.723046090648737, 35.148362920895714 ], [ -83.723192862672335, 35.148244715311286 ], [ -83.723197211363328, 35.148241404814264 ], [ -83.723486864102298, 35.148033157303743 ], [ -83.723500498958884, 35.148022427533 ], [ -83.723513152553565, 35.148010556398418 ], [ -83.723715990945408, 35.147803000083996 ], [ -83.723930991532285, 35.147583000223399 ], [ -83.724142483920303, 35.147366588585065 ], [ -83.724146143276371, 35.147363201844286 ], [ -83.724150404257216, 35.147360612453816 ], [ -83.724450768389431, 35.147198120525985 ], [ -83.724451213556293, 35.147197878969081 ], [ -83.724744222321533, 35.147038405674436 ], [ -83.724766800940117, 35.147024082021261 ], [ -83.725084874435041, 35.146791086654588 ], [ -83.725085108928454, 35.146790914621221 ], [ -83.725401720457299, 35.146558281972119 ], [ -83.725422999869892, 35.146540231190649 ], [ -83.72569888597458, 35.146270936395439 ], [ -83.725712375185935, 35.146256395064057 ], [ -83.725961867118826, 35.145959148249311 ], [ -83.725962114524918, 35.145958852910368 ], [ -83.726210624505313, 35.145661615094419 ], [ -83.72622257189326, 35.145645792998238 ], [ -83.726417960414665, 35.145358456671104 ], [ -83.726421193089706, 35.145354213609266 ], [ -83.726425606245698, 35.145351217308836 ], [ -83.726552987588875, 35.145274414436713 ], [ -83.726557068495666, 35.145272207080659 ], [ -83.726561600969433, 35.145271215665225 ], [ -83.726693194673203, 35.145248816725278 ], [ -83.726702843487828, 35.145247653710193 ], [ -83.726720972003122, 35.145246358686371 ], [ -83.726725970634348, 35.14524625365577 ], [ -83.726730889399533, 35.145247149811034 ], [ -83.726819503217456, 35.145267946785594 ], [ -83.726823924279429, 35.145269201902643 ], [ -83.726828022000674, 35.145271239249219 ], [ -83.72722533365598, 35.145491968415115 ], [ -83.727232465413366, 35.145496330438071 ], [ -83.727380160423834, 35.145595383154202 ], [ -83.727396421919948, 35.145605202788147 ], [ -83.72741354169807, 35.145613435325068 ], [ -83.727594616815892, 35.14569014748195 ], [ -83.727598874160918, 35.145692194700054 ], [ -83.727602668261852, 35.145695009106724 ], [ -83.727631234797073, 35.145718381375964 ], [ -83.727632753998463, 35.145719611993442 ], [ -83.7277276187681, 35.145795691572701 ], [ -83.72773864820708, 35.145803929626901 ], [ -83.727897094869533, 35.14591398865241 ], [ -83.727902738379356, 35.145918211240748 ], [ -83.728064901454559, 35.146048709466044 ], [ -83.728068763741902, 35.146052166615462 ], [ -83.728070881330041, 35.14605689789083 ], [ -83.728112690091606, 35.146165219970214 ], [ -83.728113298668447, 35.146166777318065 ], [ -83.72821424658369, 35.146421951428735 ], [ -83.728221739546541, 35.146438621815271 ], [ -83.728230723048512, 35.146454538566573 ], [ -83.728337082383263, 35.146624356336154 ], [ -83.728343149299732, 35.146633477803633 ], [ -83.728653761744681, 35.147073827796582 ], [ -83.728663736995117, 35.147086807285255 ], [ -83.728674740304754, 35.147098927513149 ], [ -83.728686697958921, 35.147110107283005 ], [ -83.728926686283202, 35.147316740974667 ], [ -83.728941495491895, 35.147328325677293 ], [ -83.728957327137422, 35.147338468507094 ], [ -83.728974041300532, 35.147347079822261 ], [ -83.728991490262246, 35.147354083516404 ], [ -83.729009519809551, 35.147359417691227 ], [ -83.72933816224257, 35.147440061253754 ], [ -83.729341942136529, 35.147441148372522 ], [ -83.729345624674991, 35.147442529797722 ], [ -83.729542170829035, 35.147525234911377 ], [ -83.729545779082315, 35.147526837808293 ], [ -83.729775286591732, 35.14763426658827 ], [ -83.729782762871224, 35.147637581494884 ], [ -83.730081620664322, 35.147762844628261 ], [ -83.730082363405387, 35.147763154185277 ], [ -83.730303974148853, 35.147854993528249 ], [ -83.73038148862328, 35.147887133563145 ], [ -83.730385879515353, 35.147889210338029 ], [ -83.730390047458258, 35.147891704574121 ], [ -83.730549655420049, 35.147998110069665 ], [ -83.730553817646438, 35.148001209673701 ], [ -83.730557634929966, 35.148004725355882 ], [ -83.730685369751868, 35.148135299046373 ], [ -83.73069220981894, 35.148143056443679 ], [ -83.730738531299338, 35.14820142006721 ], [ -83.730739456512467, 35.148202576982015 ], [ -83.730820779755476, 35.14830349752031 ], [ -83.73082323044116, 35.148306479415467 ], [ -83.731109378967716, 35.148647883501646 ], [ -83.731111856151216, 35.148651095723757 ], [ -83.731114064219952, 35.148654498552375 ], [ -83.731125274901402, 35.148673417390349 ], [ -83.731127725387481, 35.14867810516121 ], [ -83.731129129279623, 35.148683205079244 ], [ -83.731150657880704, 35.148781619677671 ], [ -83.73115485983341, 35.148797624891067 ], [ -83.731160370509897, 35.148813227958307 ], [ -83.731167152186373, 35.14882832206731 ], [ -83.731247307407614, 35.148988632915987 ], [ -83.731254469933091, 35.149001714571014 ], [ -83.731262587373578, 35.149014226110872 ], [ -83.731386289027114, 35.149190156477772 ], [ -83.731388799648002, 35.149194109432983 ], [ -83.731390928359573, 35.149198280483112 ], [ -83.731487052540785, 35.149410715282784 ], [ -83.731491129838631, 35.149419189789747 ], [ -83.731584026345317, 35.149601190740093 ], [ -83.731590328734484, 35.149612603559873 ], [ -83.731717401776365, 35.149825972382665 ], [ -83.731724995201674, 35.14983776174077 ], [ -83.731989173767744, 35.15021794526767 ], [ -83.731991778427684, 35.150222119162258 ], [ -83.731993958941771, 35.150226529492116 ], [ -83.732081964118095, 35.150429124748214 ], [ -83.732088496836141, 35.150442733718187 ], [ -83.732096037399288, 35.150455811194099 ], [ -83.732180868105829, 35.150590881255319 ], [ -83.732191707801533, 35.150606449042691 ], [ -83.732203973669357, 35.150620919823361 ], [ -83.732345960937735, 35.150773161961048 ], [ -83.732358923394997, 35.150785854251438 ], [ -83.732372982635638, 35.150797319733805 ], [ -83.732388022980402, 35.150807464070311 ], [ -83.732403920677484, 35.150816203793461 ], [ -83.732683240194902, 35.150953647271962 ], [ -83.732688781672692, 35.15095626932483 ], [ -83.733063917617628, 35.15112678502603 ], [ -83.733082307094719, 35.151134069457719 ], [ -83.73310132617641, 35.151139501800152 ], [ -83.733340210561707, 35.151195119748834 ], [ -83.733343945464057, 35.151196143602263 ], [ -83.73334758972986, 35.151197453983556 ], [ -83.733536061516347, 35.151273604879748 ], [ -83.733547567090397, 35.15127913322992 ], [ -83.733718963948832, 35.15137542313348 ], [ -83.733721025536823, 35.151376565394649 ], [ -83.734103441312925, 35.15158551448858 ], [ -83.73410778949436, 35.151588191777947 ], [ -83.734110240102495, 35.151592671630461 ], [ -83.734171005399091, 35.151718875711062 ], [ -83.734172785209168, 35.151723050857257 ], [ -83.734172950262177, 35.151727577084593 ], [ -83.734171148147823, 35.151929377000926 ], [ -83.734171763374164, 35.151946939278908 ], [ -83.734173917849773, 35.151964379759008 ], [ -83.734202856520739, 35.152136201063279 ], [ -83.734203132228714, 35.152137798504086 ], [ -83.734234487513106, 35.152315177617723 ], [ -83.734238964109537, 35.152334725982875 ], [ -83.734245375888534, 35.152353727761366 ], [ -83.734328899296244, 35.152565550170863 ], [ -83.734335608838293, 35.152580695935384 ], [ -83.73434354876683, 35.152595234493496 ], [ -83.734433866139753, 35.152745466281281 ], [ -83.73443583823699, 35.152749075644685 ], [ -83.734437506348172, 35.152752835175583 ], [ -83.734489046271364, 35.152883244873387 ], [ -83.734496151188864, 35.15289915672993 ], [ -83.734504614224591, 35.152914389722334 ], [ -83.734514371129933, 35.152928828206655 ], [ -83.73452534783361, 35.152942362570606 ], [ -83.73460052515108, 35.153027216244531 ], [ -83.734605244720086, 35.153032960135164 ], [ -83.734692037935517, 35.153146983799068 ], [ -83.734705819467848, 35.153163217439577 ], [ -83.734721248879339, 35.153177893780345 ], [ -83.734865255804451, 35.153300954342029 ], [ -83.734874186778555, 35.153309603904631 ], [ -83.734969266940737, 35.153413914361295 ], [ -83.734976935043633, 35.153421873568128 ], [ -83.7351360478945, 35.153578145355233 ], [ -83.735146259086846, 35.153587502073258 ], [ -83.735302757190496, 35.15372123691143 ], [ -83.735305862047539, 35.153724127396373 ], [ -83.735308710113657, 35.153727271209419 ], [ -83.735441160590881, 35.153886596144837 ], [ -83.735446969166503, 35.15389327680694 ], [ -83.735535276567546, 35.153990414392055 ], [ -83.735553868714391, 35.154008381243045 ], [ -83.735705298243076, 35.154136866895001 ], [ -83.735708805718303, 35.154140147781867 ], [ -83.735711226454754, 35.154144295870296 ], [ -83.735808858588101, 35.154331903086209 ], [ -83.735810793149554, 35.154336080872149 ], [ -83.735812334161139, 35.154340419271115 ], [ -83.735834438172063, 35.154413129646855 ], [ -83.735841052215051, 35.154431583297701 ], [ -83.735849441060637, 35.15444930080497 ], [ -83.735859524116592, 35.154466111955337 ], [ -83.735871204514311, 35.154481855242892 ], [ -83.735884370039386, 35.154496379420792 ], [ -83.735905233056002, 35.154517242449423 ], [ -83.735919912944311, 35.154530535677459 ], [ -83.735935835561733, 35.15454231189446 ], [ -83.735952844783412, 35.154552455631951 ], [ -83.735970773830076, 35.154560867428309 ], [ -83.735989446903389, 35.154567464803968 ], [ -83.736071613619742, 35.154591992389449 ], [ -83.736078402952387, 35.154593889421577 ], [ -83.736307774642313, 35.154653641770778 ], [ -83.736318273660061, 35.154656076724066 ], [ -83.736359053982596, 35.154664383458972 ], [ -83.736375032198012, 35.154666969706433 ], [ -83.736504249049148, 35.154682549626294 ], [ -83.736507963349311, 35.154683140192382 ], [ -83.736511622635447, 35.154684008766743 ], [ -83.736728703501981, 35.154744259306092 ], [ -83.736744978729647, 35.154748051916826 ], [ -83.736761513763398, 35.154750472575934 ], [ -83.73677819316103, 35.154751504383157 ], [ -83.736848590966019, 35.154752911969517 ], [ -83.736852953726, 35.154753191576262 ], [ -83.736857092288901, 35.154754600175295 ], [ -83.736971126739306, 35.154799101781997 ], [ -83.736975853429698, 35.154801236908952 ], [ -83.736980034747333, 35.154804305614412 ], [ -83.737111695057592, 35.154911940646869 ], [ -83.737114250845806, 35.154914102428314 ], [ -83.73711696861163, 35.154916480385552 ], [ -83.737120770276661, 35.154920183388931 ], [ -83.737123699867468, 35.154924608588018 ], [ -83.737176933621299, 35.15501518524848 ], [ -83.737188943595442, 35.155033290972071 ], [ -83.737202846701706, 35.15504998708964 ], [ -83.737283695867475, 35.155136996237957 ], [ -83.737303560761461, 35.155155647715603 ], [ -83.737421511181424, 35.155252152724977 ], [ -83.737424849622428, 35.155255144488898 ], [ -83.737427905937651, 35.155258423936857 ], [ -83.737588320091291, 35.155446862366794 ], [ -83.737590853375707, 35.155450099425003 ], [ -83.73759311160569, 35.155453534024453 ], [ -83.737639292676803, 35.155530502090592 ], [ -83.737652057172085, 35.155549272445434 ], [ -83.737666866391905, 35.155566475514036 ], [ -83.737683529571825, 35.155581889695675 ], [ -83.738107261051979, 35.155931398342709 ], [ -83.738108708942192, 35.155932615808545 ], [ -83.738125333870897, 35.15594686556387 ], [ -83.738128744246708, 35.155950086162846 ] ] ] } }
]
}
