{
"type": "FeatureCollection",
"name": "nc_district_court_judge_district_02_seat_02_rep_focus_mask",
"crs": { "type": "name", "properties": { "name": "urn:ogc:def:crs:OGC:1.3:CRS84" } },
"features": [
{ "type": "Feature", "properties": { }, "geometry": { "type": "Polygon", "coordinates": [ [ [ -77.409199702274705, 35.998687972546051 ], [ -77.409196534644821, 35.998691296088076 ], [ -77.408381032579214, 35.999468960650425 ], [ -77.407644032944063, 36.000170959342157 ], [ -77.406566007823471, 36.001198984285132 ], [ -77.402614530278427, 36.004965486490867 ], [ -77.397049174909171, 36.010191826668276 ], [ -77.397048807079003, 36.010192172967258 ], [ -77.393220107787073, 36.013805889318277 ], [ -77.393219874505135, 36.013806109855622 ], [ -77.391243007157797, 36.015677984351797 ], [ -77.384762092589185, 36.021811903595598 ], [ -77.384761890046306, 36.021812095562161 ], [ -77.382129186047095, 36.024310814905441 ], [ -77.374465036759972, 36.031545956147319 ], [ -77.369445001925371, 36.036278989955889 ], [ -77.368865011170101, 36.036825980929983 ], [ -77.350698476249505, 36.053968542834696 ], [ -77.350697501095226, 36.053969450818371 ], [ -77.349861935236518, 36.054737132106013 ], [ -77.349860057943872, 36.054738879207427 ], [ -77.340038649464489, 36.063997379186453 ], [ -77.3400373220814, 36.06399860800795 ], [ -77.33981939420714, 36.064196724193827 ], [ -77.339816611894321, 36.064199302177862 ], [ -77.339396350868142, 36.064596172398545 ], [ -77.339382912718506, 36.064610155928662 ], [ -77.339370892129338, 36.064625375272151 ], [ -77.339360402131135, 36.064641687320403 ], [ -77.339351541362149, 36.064658938690009 ], [ -77.339344393140834, 36.064676967165049 ], [ -77.339339024682459, 36.064695603222432 ], [ -77.339335486467021, 36.064714671625929 ], [ -77.339333811764646, 36.064733993073915 ], [ -77.339334016322667, 36.064753385885375 ], [ -77.339336098217615, 36.064772667708255 ], [ -77.339340037873285, 36.064791657234146 ], [ -77.339345798244793, 36.064810175903112 ], [ -77.339353325166925, 36.064828049582736 ], [ -77.339362547863502, 36.064845110205475 ], [ -77.339397395489598, 36.064902709451715 ], [ -77.339399764137397, 36.064907108276721 ], [ -77.339401680521519, 36.064911722128016 ], [ -77.339443961418525, 36.065029918342368 ], [ -77.339541874627059, 36.065302888383826 ], [ -77.339543898663607, 36.065309177782773 ], [ -77.339691913909533, 36.065827230283773 ], [ -77.3396942146627, 36.065834723745461 ], [ -77.339807461874955, 36.066179345665297 ], [ -77.339808696598524, 36.066183832930449 ], [ -77.339804213617711, 36.066185083119841 ], [ -77.336819551902821, 36.066861872976247 ], [ -77.33645203899016, 36.066942989333846 ], [ -77.336124990825311, 36.06701500010449 ], [ -77.335797991130548, 36.067086999431417 ], [ -77.335471642790793, 36.067158856129083 ], [ -77.335470339780898, 36.067159147594801 ], [ -77.331459105357212, 36.068070476716116 ], [ -77.331437561923252, 36.068076659117061 ], [ -77.331416845507988, 36.068085213166782 ], [ -77.331397216279356, 36.068096031438884 ], [ -77.331057033339903, 36.068309201305091 ], [ -77.331043402276421, 36.068318548951474 ], [ -77.331030589603657, 36.068328990206254 ], [ -77.330858658249284, 36.068481344868907 ], [ -77.330842027346932, 36.068497924173592 ], [ -77.330827454402865, 36.068516338558133 ], [ -77.330694526198869, 36.068706235747875 ], [ -77.33068092936827, 36.068728657355209 ], [ -77.330585561974431, 36.06891205514583 ], [ -77.330582741332279, 36.068916811862749 ], [ -77.330578939025386, 36.068920827437232 ], [ -77.330333322443096, 36.069152852372014 ], [ -77.33032986118242, 36.069155834220943 ], [ -77.330325930091718, 36.069158124084275 ], [ -77.330039173753775, 36.069308148962655 ], [ -77.330017631928655, 36.069321209801458 ], [ -77.329855819019357, 36.069433837665194 ], [ -77.329841206024639, 36.069445041651925 ], [ -77.329827685412724, 36.069457542131367 ], [ -77.329815371794083, 36.069471233140433 ], [ -77.329804369547873, 36.069485998624209 ], [ -77.32979477193706, 36.069501713419783 ], [ -77.329786660317964, 36.06951824431718 ], [ -77.329780103450517, 36.06953545118855 ], [ -77.329749411781677, 36.069628683199319 ], [ -77.329746183575921, 36.069637170374442 ], [ -77.329672147991445, 36.069808023029921 ], [ -77.329667308703364, 36.069817714090007 ], [ -77.329584913841344, 36.069962505053162 ], [ -77.329576758192673, 36.069978459724155 ], [ -77.329570063244745, 36.069995080307898 ], [ -77.329564882735625, 36.070012233396746 ], [ -77.329561258247438, 36.07002978130879 ], [ -77.329544358922533, 36.070135254852268 ], [ -77.329542194910559, 36.070154989105866 ], [ -77.329541998021796, 36.070174840678803 ], [ -77.329543770196196, 36.070194613971672 ], [ -77.329547493972385, 36.070214114156386 ], [ -77.329606326495579, 36.070456263950383 ], [ -77.329607501028846, 36.070461769522772 ], [ -77.32967313302251, 36.070818338475107 ], [ -77.329673756509607, 36.070822941159747 ], [ -77.329671044429134, 36.070826711844298 ], [ -77.329550065725087, 36.070979126212947 ], [ -77.329546839655123, 36.070982801765147 ], [ -77.329542446409462, 36.070984950393537 ], [ -77.329325427271442, 36.071078095432512 ], [ -77.329320920083205, 36.071079777338447 ], [ -77.329316271769827, 36.071081016991343 ], [ -77.328837695256055, 36.07118420125218 ], [ -77.328830237597558, 36.071185515755772 ], [ -77.328412221066984, 36.071242967989612 ], [ -77.3284117604275, 36.071243031845697 ], [ -77.327990014865364, 36.071301996095904 ], [ -77.327633046135347, 36.07135199198828 ], [ -77.327573733009658, 36.071360332875514 ], [ -77.327569189357959, 36.071360751293291 ], [ -77.32756859568866, 36.07135622720201 ], [ -77.327531124871768, 36.070903611239949 ], [ -77.32753091023136, 36.070900384906878 ], [ -77.327506251614153, 36.070410183757588 ], [ -77.327505461550587, 36.070399836503874 ], [ -77.327457627558076, 36.069933209852785 ], [ -77.327457132401634, 36.06992075860763 ], [ -77.327464629976134, 36.069589942805472 ], [ -77.327464357593414, 36.069574036373247 ], [ -77.327462821815104, 36.069558201911988 ], [ -77.327426044650991, 36.069290387183955 ], [ -77.327390927927539, 36.069027028150067 ], [ -77.327386795840724, 36.069005295764924 ], [ -77.327380288920125, 36.068984152664633 ], [ -77.327255076135884, 36.068645229471137 ], [ -77.327254906119009, 36.068644770998098 ], [ -77.327122673038772, 36.068289519717965 ], [ -77.327121222460903, 36.068284961779668 ], [ -77.327121132476151, 36.068280179428761 ], [ -77.327121765895768, 36.068258643313797 ], [ -77.32712163127627, 36.068243362448477 ], [ -77.327118907691016, 36.068185484120193 ], [ -77.327117051752879, 36.068166136408202 ], [ -77.327113326538637, 36.068147060212439 ], [ -77.327097866035743, 36.068084281325952 ], [ -77.327091770996986, 36.06806415509152 ], [ -77.327083596412791, 36.068044780082275 ], [ -77.327073432656249, 36.068026370496113 ], [ -77.327061392091409, 36.068009129857835 ], [ -77.327047607831204, 36.067993248769064 ], [ -77.32700326224203, 36.067947280159636 ], [ -77.326939337785674, 36.06788049677516 ], [ -77.326936198021201, 36.067876881397893 ], [ -77.326934655585376, 36.067872346531956 ], [ -77.326842458405864, 36.067551052127335 ], [ -77.326836080710322, 36.067532361677138 ], [ -77.326827890804523, 36.067514391330114 ], [ -77.326675777661322, 36.067220066422713 ], [ -77.326667383388369, 36.067205382087884 ], [ -77.326657778369395, 36.067191459547942 ], [ -77.326490276034562, 36.066969377453447 ], [ -77.326315594153783, 36.066735484153583 ], [ -77.326313152568247, 36.066731899760221 ], [ -77.326311376033772, 36.066727960511187 ], [ -77.326173074400643, 36.066382208408875 ], [ -77.326051053888293, 36.066075156595041 ], [ -77.326050928852823, 36.066074842729137 ], [ -77.325970266367449, 36.065872858920194 ], [ -77.325961990969049, 36.065854797437886 ], [ -77.325951964472509, 36.065837646090159 ], [ -77.325940285814113, 36.065821574117663 ], [ -77.325927070232851, 36.065806740110332 ], [ -77.325912448133266, 36.065793290442485 ], [ -77.325896563798665, 36.065781357828513 ], [ -77.325879573967484, 36.065771060013297 ], [ -77.325861646286612, 36.065762498610361 ], [ -77.325842957657144, 36.065755758099208 ], [ -77.325832568466268, 36.065753140947926 ], [ -77.325828188194379, 36.065751817160518 ], [ -77.325827181185261, 36.065747247627819 ], [ -77.325805018163976, 36.06561712693027 ], [ -77.325801003458295, 36.065598798168615 ], [ -77.325795288773165, 36.065580926298566 ], [ -77.325787924406555, 36.065563668619994 ], [ -77.325778975176192, 36.065547177026943 ], [ -77.325768519849049, 36.065531596670731 ], [ -77.325628124460408, 36.065342226646464 ], [ -77.325625253940188, 36.065337896068236 ], [ -77.325624403133375, 36.065332770649221 ], [ -77.325597275295536, 36.065091333067137 ], [ -77.325593970455415, 36.065071221105178 ], [ -77.325588635860541, 36.065051549931361 ], [ -77.325546801429581, 36.064923510015753 ], [ -77.325540205198678, 36.064906108999288 ], [ -77.325532020172119, 36.064889396399963 ], [ -77.325522317212901, 36.064873516909458 ], [ -77.325511180325776, 36.064858608006709 ], [ -77.325498705929903, 36.064844798767631 ], [ -77.325485002024138, 36.064832208747667 ], [ -77.325422858446217, 36.064780234476771 ], [ -77.325419221849742, 36.064776867455969 ], [ -77.325418145134876, 36.064772029858744 ], [ -77.325394999761471, 36.064636050704287 ], [ -77.325392697715145, 36.064622568136897 ], [ -77.32538873930703, 36.064604478359243 ], [ -77.32538312474712, 36.064586832233111 ], [ -77.325375902167508, 36.06456978103391 ], [ -77.325330104064633, 36.06447423609805 ], [ -77.325329877141669, 36.064473764272144 ], [ -77.325247037572623, 36.064302097059425 ], [ -77.325112048674058, 36.064021588914777 ], [ -77.32509824118226, 36.063997375941511 ], [ -77.324961010316969, 36.063791527620239 ], [ -77.324958262912716, 36.063786876931232 ], [ -77.32495658444769, 36.063781742742634 ], [ -77.324873573405171, 36.063471645083993 ], [ -77.324867461469196, 36.063452659264136 ], [ -77.324693598585299, 36.062992607849168 ], [ -77.324692439141685, 36.062989372852108 ], [ -77.32461835458551, 36.062770918853822 ], [ -77.324610609011202, 36.062751485975049 ], [ -77.324470048552456, 36.062446294922708 ], [ -77.324468051667466, 36.062441654065729 ], [ -77.324347304464141, 36.062140278363962 ], [ -77.32434491222341, 36.062133637469692 ], [ -77.324257853321697, 36.061862273700065 ], [ -77.324251146733985, 36.061844362655243 ], [ -77.32424275998342, 36.06182717410497 ], [ -77.324096528487971, 36.0615606242756 ], [ -77.324094248283217, 36.061555892290414 ], [ -77.324092478906906, 36.061550946552209 ], [ -77.323965076269559, 36.061125308413807 ], [ -77.323957817019703, 36.061105082174322 ], [ -77.323861989293704, 36.06087737090936 ], [ -77.323860116850184, 36.060872580432253 ], [ -77.323707395461739, 36.060450117426093 ], [ -77.32370657411856, 36.060447886944381 ], [ -77.323685593101516, 36.060391937372671 ], [ -77.323679883918601, 36.060378274108317 ], [ -77.323543158367173, 36.060082361449155 ], [ -77.323542822863587, 36.060081639105668 ], [ -77.323402713541796, 36.059781547411198 ], [ -77.323401321886692, 36.05977842886653 ], [ -77.323356188706398, 36.059672464209228 ], [ -77.323355790592245, 36.059671536015834 ], [ -77.323245436567532, 36.059416031055953 ], [ -77.323244569449741, 36.059413959818436 ], [ -77.323142060960151, 36.059161172539071 ], [ -77.323141920300941, 36.059160826599388 ], [ -77.323091776953888, 36.059037832412606 ], [ -77.323085709549332, 36.059024390312587 ], [ -77.322881314707971, 36.058612749944388 ], [ -77.322873411450246, 36.058598349967362 ], [ -77.322864353159744, 36.058584647113847 ], [ -77.32261210611108, 36.05823515898792 ], [ -77.322589571564592, 36.058203807575318 ], [ -77.322588425516486, 36.058202179102992 ], [ -77.322391882549582, 36.05791690590577 ], [ -77.322382514716423, 36.057904386290723 ], [ -77.32237219745285, 36.05789263677449 ], [ -77.322064318748858, 36.057568503243033 ], [ -77.322061175541791, 36.057564856548787 ], [ -77.322058398738562, 36.057560923675318 ], [ -77.321919475716967, 36.057342491607017 ], [ -77.321906965858062, 36.057324979682257 ], [ -77.321892646762748, 36.057308913332704 ], [ -77.321876684233288, 36.057294478592269 ], [ -77.32159189046132, 36.05706354000953 ], [ -77.321588170440322, 36.057060369644816 ], [ -77.321332089490696, 36.056831087651169 ], [ -77.321258038152664, 36.056764609963956 ], [ -77.32124346194594, 36.056752713796335 ], [ -77.321227832373793, 36.056742239967932 ], [ -77.3208037019306, 36.05648607289104 ], [ -77.320779427073461, 36.056473587613638 ], [ -77.320727834170043, 36.056451362875869 ], [ -77.320726155749014, 36.056450621531148 ], [ -77.320431303957719, 36.056317141784369 ], [ -77.320430678153301, 36.056316859774959 ], [ -77.320081043313905, 36.056160023328033 ], [ -77.319728155064325, 36.056001969264997 ], [ -77.319723875660046, 36.055999929431231 ], [ -77.319234281961329, 36.05575214748098 ], [ -77.319089089317728, 36.055678069858203 ], [ -77.319084945626173, 36.055675831157679 ], [ -77.318664871539056, 36.055435927266473 ], [ -77.318650719783847, 36.055428577317564 ], [ -77.31863602744501, 36.055422378196333 ], [ -77.318297417251557, 36.055295160347328 ], [ -77.318256711618005, 36.055279654959051 ], [ -77.318253291990331, 36.05527827940049 ], [ -77.317871401810606, 36.055116412083073 ], [ -77.317850150262231, 36.055108788552452 ], [ -77.317525269946202, 36.055012563092752 ], [ -77.3175201401518, 36.055010731158617 ], [ -77.31751588169557, 36.055007334642113 ], [ -77.317356122629434, 36.054864846943786 ], [ -77.317341563605893, 36.054853039002154 ], [ -77.317325963020394, 36.054842646005255 ], [ -77.31730945792124, 36.054833759253661 ], [ -77.317072507115356, 36.054720165130512 ], [ -77.317068132884089, 36.054717791913497 ], [ -77.31706431822181, 36.054714595914426 ], [ -77.317027441778109, 36.054680417196003 ], [ -77.317026538024521, 36.054679584703685 ], [ -77.316957542594253, 36.054616420264175 ], [ -77.316942385257548, 36.05460385754521 ], [ -77.316926066257082, 36.054592845870161 ], [ -77.3169087437104, 36.054583491933002 ], [ -77.316890585458594, 36.054575886365619 ], [ -77.316871767440048, 36.054570102859628 ], [ -77.316852471985712, 36.054566197452409 ], [ -77.316832886052495, 36.054564207984107 ], [ -77.31681319941184, 36.054564153731015 ], [ -77.316793602810932, 36.054566035218805 ], [ -77.316774286124527, 36.054569834217418 ], [ -77.316755436515294, 36.054575513917726 ], [ -77.316737236620284, 36.054583019288138 ], [ -77.316719862781341, 36.054592277607853 ], [ -77.316703483336525, 36.054603199171453 ], [ -77.316688256989067, 36.054615678158065 ], [ -77.316639754377064, 36.054659592762071 ], [ -77.316635902642162, 36.054662739787283 ], [ -77.316630930356325, 36.054662613289956 ], [ -77.316509785563483, 36.054653366144805 ], [ -77.31650511256457, 36.05465278247901 ], [ -77.316502161121974, 36.054649112796497 ], [ -77.316443523831524, 36.054568566595407 ], [ -77.316431187397711, 36.054553262206682 ], [ -77.316417408148595, 36.054539242784173 ], [ -77.316402319195831, 36.054526643759679 ], [ -77.316386066303195, 36.054515586843536 ], [ -77.316368806478465, 36.05450617884884 ], [ -77.316209253002285, 36.054429126350776 ], [ -77.316208727957203, 36.054428873735432 ], [ -77.316089646950417, 36.054371793661844 ], [ -77.316086321742318, 36.05437023713359 ], [ -77.315941281920956, 36.054303960173726 ], [ -77.315937121333093, 36.054301816345898 ], [ -77.315936844892406, 36.054301554244361 ], [ -77.315921677829408, 36.054288549084561 ], [ -77.315905288894271, 36.054277122064541 ], [ -77.315887841637903, 36.05426738721853 ], [ -77.31586951017259, 36.054259441693958 ], [ -77.315850477434424, 36.054253364781985 ], [ -77.315830933357731, 36.054249217126248 ], [ -77.315811072979713, 36.054247040117659 ], [ -77.315791094494017, 36.054246855481331 ], [ -77.315771197272923, 36.054248665059831 ], [ -77.315751579877769, 36.054252450794728 ], [ -77.31573243807739, 36.054258174906856 ], [ -77.315713962894506, 36.054265780273305 ], [ -77.315696338699425, 36.054275190997465 ], [ -77.315694148403153, 36.054276505173853 ], [ -77.315689910591914, 36.054278776186649 ], [ -77.315685199538478, 36.054279736664895 ], [ -77.315577667705696, 36.054296280109043 ], [ -77.315573056195504, 36.054296767709893 ], [ -77.31556936893756, 36.054293955609253 ], [ -77.315454097421664, 36.054197088906179 ], [ -77.315366377365706, 36.054123167642935 ], [ -77.315363649013705, 36.054120782587766 ], [ -77.315265032638976, 36.054031370658073 ], [ -77.315250682893861, 36.05401952838335 ], [ -77.315235294790128, 36.054009070806259 ], [ -77.315219001494356, 36.054000088425262 ], [ -77.31520194400656, 36.053992658972682 ], [ -77.315184269939962, 36.053986846742021 ], [ -77.315166132243576, 36.05398270203154 ], [ -77.315147687878593, 36.053980260709004 ], [ -77.314961771402082, 36.053964407164386 ], [ -77.31495706557655, 36.053963777393896 ], [ -77.314952937843131, 36.053961431499481 ], [ -77.314765452970917, 36.053842637276354 ], [ -77.31474911815576, 36.053833333108827 ], [ -77.314731981930223, 36.053825603717293 ], [ -77.314714195690144, 36.053819517389705 ], [ -77.314695916574181, 36.053815127897806 ], [ -77.314677306075453, 36.053812474022081 ], [ -77.314430535336697, 36.053789051707838 ], [ -77.314429447002951, 36.053788942399308 ], [ -77.314291819611867, 36.053774358854682 ], [ -77.314266094869495, 36.053773299448572 ], [ -77.314025804807287, 36.053778887626223 ], [ -77.314021065818267, 36.053778769659068 ], [ -77.314017160221127, 36.053776082980384 ], [ -77.313792917213163, 36.053605364060886 ], [ -77.313777526356702, 36.053594745385048 ], [ -77.313761211082522, 36.053585610475757 ], [ -77.313467344071682, 36.053438676734636 ], [ -77.313460577845802, 36.0534354506702 ], [ -77.313150832259922, 36.053294829555746 ], [ -77.313124460112618, 36.053285030064075 ], [ -77.312896189406175, 36.053218058065369 ], [ -77.312895791760653, 36.053217941847912 ], [ -77.312662562127613, 36.053150039336764 ], [ -77.312655507103329, 36.05314769747666 ], [ -77.311546107976497, 36.052733043311328 ], [ -77.311545873598746, 36.05273295587623 ], [ -77.311174023685183, 36.052594501356154 ], [ -77.311166102111912, 36.052591157188836 ], [ -77.31078808844461, 36.052412045373941 ], [ -77.310787894709662, 36.052411953704812 ], [ -77.31003010690516, 36.052053889812093 ], [ -77.31001769477723, 36.052048530338425 ], [ -77.309148719695571, 36.051707677805624 ], [ -77.309145288112333, 36.051706257694491 ], [ -77.308035547920497, 36.051222678479071 ], [ -77.308032422805198, 36.051221348141731 ], [ -77.307690004393137, 36.051079005473781 ], [ -77.306376213314593, 36.050533092406432 ], [ -77.306375769616281, 36.050532908663058 ], [ -77.306317084140858, 36.050508688461285 ], [ -77.306309064529273, 36.050504955194242 ], [ -77.306021094837391, 36.050355053755077 ], [ -77.305727539911501, 36.050201808450879 ], [ -77.305724428599561, 36.050200218671364 ], [ -77.305690694869014, 36.050183351783531 ], [ -77.305689292123446, 36.050182636550147 ], [ -77.305446166012217, 36.050056249609952 ], [ -77.305429460494864, 36.050048520061509 ], [ -77.305085201761258, 36.049908085596783 ], [ -77.304028004037249, 36.049474005644697 ], [ -77.303679730378121, 36.049330946822124 ], [ -77.303670159308538, 36.04932729890325 ], [ -77.302573169621994, 36.048941062426167 ], [ -77.302227794923354, 36.048818723328964 ], [ -77.302205693287306, 36.048812299459996 ], [ -77.302182999962611, 36.04880845740027 ], [ -77.3017859158807, 36.048764544568648 ], [ -77.301781078505101, 36.048763765498009 ], [ -77.301776916836289, 36.048761179445762 ], [ -77.301602889885274, 36.048640699083855 ], [ -77.301599136452452, 36.048637828189463 ], [ -77.301595671664259, 36.048634614851849 ], [ -77.301502108022646, 36.048539204719305 ], [ -77.301488373040513, 36.048526452878491 ], [ -77.301473504708298, 36.048515042713063 ], [ -77.301457633591937, 36.048505074421151 ], [ -77.301440899063323, 36.048496635539102 ], [ -77.301423448076378, 36.048489800172781 ], [ -77.301405433876582, 36.048484628346834 ], [ -77.301387014655248, 36.048481165477526 ], [ -77.301368352160409, 36.048479441973981 ], [ -77.30100946948491, 36.048463202933277 ], [ -77.301005040676358, 36.048462803073051 ], [ -77.301001042603289, 36.048460876729095 ], [ -77.300639679990638, 36.048266522042134 ], [ -77.300630596271688, 36.04826099406764 ], [ -77.300411781358278, 36.048111320628109 ], [ -77.300396453678118, 36.048101821144726 ], [ -77.300380332665299, 36.048093740865689 ], [ -77.300363549374779, 36.048087145479215 ], [ -77.300346240245446, 36.048082088602172 ], [ -77.300328545991007, 36.048078611344174 ], [ -77.300310610455981, 36.048076741973418 ], [ -77.300081388192638, 36.048063258449702 ], [ -77.30007703674228, 36.048062809564925 ], [ -77.300072953550568, 36.048061239799118 ], [ -77.29945789855077, 36.04779313874041 ], [ -77.299448339902611, 36.047788348171501 ], [ -77.298960610220746, 36.047510314284722 ], [ -77.298941152072047, 36.047500584022366 ], [ -77.298920752179754, 36.047493024792821 ], [ -77.298899651924373, 36.04748772604021 ], [ -77.29843685592985, 36.047397943648804 ], [ -77.298432085149059, 36.047396770253769 ], [ -77.298427867359734, 36.047394250837236 ], [ -77.298169973586084, 36.047222321658303 ], [ -77.298154089674625, 36.0472127648666 ], [ -77.298137389157603, 36.047204719766135 ], [ -77.298120015505333, 36.047198255470541 ], [ -77.298102117970927, 36.047193427513101 ], [ -77.298083850308046, 36.047190277369708 ], [ -77.298065369450015, 36.047188832102528 ], [ -77.298046834161696, 36.047189104127526 ], [ -77.297937693947787, 36.047195773765068 ], [ -77.297930281443413, 36.047195951257365 ], [ -77.297862837421448, 36.047195064047322 ], [ -77.297858040152832, 36.047194768118203 ], [ -77.297853529030178, 36.047193109464644 ], [ -77.297387715957328, 36.046995731041854 ], [ -77.297384295453512, 36.046994205496937 ], [ -77.297104171793563, 36.046862926508481 ], [ -77.297082559997207, 36.046854293524298 ], [ -77.297060091668513, 36.046848229502253 ], [ -77.296799545247254, 36.046793948386636 ], [ -77.296795094303462, 36.046792802804674 ], [ -77.296791630092429, 36.04678978245731 ], [ -77.296705331193607, 36.046707171179996 ], [ -77.296691236466629, 36.046694888386817 ], [ -77.296676056400131, 36.04668397537084 ], [ -77.296659923640689, 36.046674527492264 ], [ -77.296642979159728, 36.046666627308625 ], [ -77.294085991357392, 36.045616999447482 ], [ -77.292793666833916, 36.045086508747438 ], [ -77.292786446595088, 36.045083203956494 ], [ -77.291891990843681, 36.044630000297907 ], [ -77.290100217134352, 36.043722140648335 ], [ -77.290091987554675, 36.043717468619583 ], [ -77.28872605662842, 36.042854041230598 ], [ -77.28804447619396, 36.042423936780494 ], [ -77.288041540901403, 36.042422011636376 ], [ -77.286330032439949, 36.04125602838365 ], [ -77.286069105120433, 36.041078076831191 ], [ -77.285805718176604, 36.040897917157984 ], [ -77.285794006564046, 36.040890488863198 ], [ -77.285499991016707, 36.040718000067194 ], [ -77.284899991062431, 36.040365999936192 ], [ -77.284299990742085, 36.040013999434947 ], [ -77.284000420260668, 36.039838251901998 ], [ -77.283999561273731, 36.039837750830763 ], [ -77.283702154224827, 36.039665254488405 ], [ -77.283697892693638, 36.039662638239314 ], [ -77.283381361882192, 36.039457240798519 ], [ -77.283380618785685, 36.039456760933703 ], [ -77.28306199109511, 36.039251999743165 ], [ -77.282433388771295, 36.038848039559468 ], [ -77.282413978703985, 36.038837044850851 ], [ -77.281046758786957, 36.038160369224798 ], [ -77.281041314363435, 36.038157462057519 ], [ -77.280748022899203, 36.037989017672373 ], [ -77.279567882913554, 36.037310662361612 ], [ -77.279562215820548, 36.037307148361151 ], [ -77.278988113143413, 36.036924080910666 ], [ -77.278987868848077, 36.036923918164661 ], [ -77.278125073511021, 36.036350050156912 ], [ -77.278119068223504, 36.036345726975433 ], [ -77.277128066286096, 36.035575058734238 ], [ -77.276384559349935, 36.034997993634271 ], [ -77.276379358928295, 36.034994091163398 ], [ -77.275415170386097, 36.034294756164044 ], [ -77.275404583224883, 36.034287582304664 ], [ -77.274483348510543, 36.033705440487665 ], [ -77.27446970036803, 36.033697550966622 ], [ -77.274455473238135, 36.033690760892178 ], [ -77.27323901794928, 36.033168011733324 ], [ -77.272015126065497, 36.032641638743435 ], [ -77.272002693923184, 36.032636776856066 ], [ -77.270658191927055, 36.03216207045638 ], [ -77.269158488510882, 36.031628973595154 ], [ -77.269140184191002, 36.031623437282221 ], [ -77.269121434788161, 36.031619674466697 ], [ -77.269102411718279, 36.03161771955002 ], [ -77.269083288899211, 36.031617590404963 ], [ -77.26861586334681, 36.031636799786469 ], [ -77.268611039820556, 36.031636762734394 ], [ -77.268606592649874, 36.031634894459216 ], [ -77.267880232531752, 36.031287178630059 ], [ -77.267862505997869, 36.03127971798569 ], [ -77.267844144818568, 36.031273994497916 ], [ -77.26782531878483, 36.031270061093423 ], [ -77.267806201986247, 36.031267954145505 ], [ -77.267786971201218, 36.031267693137707 ], [ -77.267261809297722, 36.031285833334174 ], [ -77.267257016406234, 36.031285767780716 ], [ -77.267252324898607, 36.031284784997531 ], [ -77.266583816764395, 36.031110735876474 ], [ -77.266578213190456, 36.031109100877345 ], [ -77.26533328406201, 36.030706065723834 ], [ -77.265326663423636, 36.030704048226148 ], [ -77.264624223040386, 36.030503209858985 ], [ -77.264620060694654, 36.030501818980568 ], [ -77.264616036717754, 36.030500067617183 ], [ -77.264532351518099, 36.030459176362839 ], [ -77.264531629421015, 36.030458825316956 ], [ -77.263736159691433, 36.030074081650007 ], [ -77.263735821958477, 36.030073918689716 ], [ -77.263442141941056, 36.02993255374902 ], [ -77.263439854083714, 36.029931416245596 ], [ -77.263063123202159, 36.029738067179963 ], [ -77.262502187747828, 36.029449130751878 ], [ -77.26249776806155, 36.029446922823688 ], [ -77.261866180229049, 36.029141091269103 ], [ -77.260920145740968, 36.028680535678312 ], [ -77.260913950924561, 36.028677246199621 ], [ -77.260312069933718, 36.028330044987612 ], [ -77.259112182973865, 36.027636422978084 ], [ -77.259103687308539, 36.027631782469108 ], [ -77.258482999372873, 36.027312003958919 ], [ -77.25755658627358, 36.026834821975875 ], [ -77.257553380608499, 36.026833207017035 ], [ -77.25721807615183, 36.026668042159677 ], [ -77.255539292413403, 36.025839123717525 ], [ -77.255530593232095, 36.025835084874338 ], [ -77.254296924963953, 36.025297890003415 ], [ -77.254278722623027, 36.025290996879157 ], [ -77.253044525608246, 36.024891117462957 ], [ -77.253031326544971, 36.024887336370043 ], [ -77.252293021586752, 36.024703007301085 ], [ -77.251548990866695, 36.024516999783259 ], [ -77.251177098602611, 36.024424026257456 ], [ -77.249688377831546, 36.024050097180819 ], [ -77.248580519042477, 36.023767134671623 ], [ -77.247492091050063, 36.023482809447749 ], [ -77.24748594894541, 36.023480992882291 ], [ -77.24679119520809, 36.023251067698865 ], [ -77.24655125234689, 36.02317108701439 ], [ -77.24655073010878, 36.023170913733445 ], [ -77.246447198179553, 36.023136719400192 ], [ -77.246436696827047, 36.023133567532057 ], [ -77.246076057881211, 36.023036017434897 ], [ -77.245711050666074, 36.022937016335412 ], [ -77.244620167844488, 36.022640407680029 ], [ -77.244609994970091, 36.022637046508258 ], [ -77.243369580715679, 36.022152012488576 ], [ -77.243364375471756, 36.022150060067041 ], [ -77.242088873250424, 36.021691753819518 ], [ -77.242079317596961, 36.021687749636605 ], [ -77.241491992672394, 36.021405000967597 ], [ -77.240605200648432, 36.020978063392974 ], [ -77.240600836402521, 36.020975828844172 ], [ -77.240038008899589, 36.020670009610512 ], [ -77.239194815727814, 36.020212076812697 ], [ -77.239187079112369, 36.020208090593776 ], [ -77.237732237764291, 36.019498120043963 ], [ -77.237446128411477, 36.019357524725933 ], [ -77.237435716809543, 36.019352773265815 ], [ -77.237126238625109, 36.019222104253828 ], [ -77.236811040440926, 36.01908802085935 ], [ -77.235693769064653, 36.018613454532243 ], [ -77.235682565175239, 36.01860784174113 ], [ -77.234717846739258, 36.018046244341228 ], [ -77.234710351429868, 36.018041421208927 ], [ -77.234395112149784, 36.017818085019549 ], [ -77.233443080855722, 36.01714148509123 ], [ -77.23343897975785, 36.017138409247522 ], [ -77.232893026201026, 36.016706636022214 ], [ -77.232878614671577, 36.0166962446648 ], [ -77.232863337794441, 36.016687173307929 ], [ -77.232847316131895, 36.016679493541048 ], [ -77.232002642132215, 36.016319831425342 ], [ -77.23198981796186, 36.016313239539478 ], [ -77.2314123401692, 36.015961521483881 ], [ -77.231386687662706, 36.01594833298158 ], [ -77.230529470075354, 36.015583168103426 ], [ -77.230514793980561, 36.015577586212686 ], [ -77.230499725225016, 36.015573172838828 ], [ -77.230164056488476, 36.015489016287063 ], [ -77.229812012562192, 36.015401005044161 ], [ -77.22877070729416, 36.015140430008053 ], [ -77.228759200393895, 36.015137908152887 ], [ -77.228383044148771, 36.015067010062253 ], [ -77.227650589472745, 36.014929367815512 ], [ -77.227625192823069, 36.014926260558951 ], [ -77.226383912227604, 36.01485451519715 ], [ -77.226366058892353, 36.01485428160435 ], [ -77.225995205715151, 36.014865992868089 ], [ -77.225994777713339, 36.014866006842745 ], [ -77.225230405825144, 36.014891783510834 ], [ -77.225217604204133, 36.014892626931854 ], [ -77.224124170074418, 36.014999981876457 ], [ -77.224123811642301, 36.015000017393731 ], [ -77.223394089987892, 36.015072989609017 ], [ -77.222303130665537, 36.015180986320033 ], [ -77.222302850931584, 36.015181014210114 ], [ -77.221577453735719, 36.015253852796327 ], [ -77.221574523857754, 36.015254103536201 ], [ -77.220799031058533, 36.015308997497272 ], [ -77.219639057147987, 36.015390643280668 ], [ -77.219628915085067, 36.015390841030069 ], [ -77.2188351157765, 36.015366003663956 ], [ -77.218039737391734, 36.015340122081824 ], [ -77.218036006000887, 36.015339860423175 ], [ -77.218032304665087, 36.015339320050792 ], [ -77.217227651053037, 36.015190859983491 ], [ -77.217223052480634, 36.015189784091064 ], [ -77.217218576332982, 36.01518827793214 ], [ -77.216417197183361, 36.014875641233282 ], [ -77.216408949676392, 36.014871986714375 ], [ -77.215844965237864, 36.014590979863392 ], [ -77.215841094421208, 36.014588831720395 ], [ -77.215837678417216, 36.014586043428224 ], [ -77.215277666919931, 36.014086280611451 ], [ -77.215274265053225, 36.014082929577469 ], [ -77.215275634351954, 36.014078354957569 ], [ -77.215295690713461, 36.014021674363896 ], [ -77.215301325998155, 36.014002856937367 ], [ -77.215305088168478, 36.013983577465147 ], [ -77.215306940933417, 36.013964021922796 ], [ -77.215306866420633, 36.013944378948928 ], [ -77.215304865348926, 36.013924838025545 ], [ -77.215300957021199, 36.01390558765025 ], [ -77.215295179138366, 36.013886813517928 ], [ -77.215287587435625, 36.013868696729467 ], [ -77.215278255144796, 36.013851412044843 ], [ -77.21526727228796, 36.0138351261973 ], [ -77.215254744809044, 36.013819996284987 ], [ -77.215240793551843, 36.013806168255577 ], [ -77.215225553094385, 36.013793775498385 ], [ -77.215209170450663, 36.01378293755765 ], [ -77.215191803652573, 36.01377375897939 ], [ -77.215173620225457, 36.013766328302921 ], [ -77.215154795572076, 36.013760717206779 ], [ -77.215135511280693, 36.013756979817273 ], [ -77.215115953373342, 36.013755152186377 ], [ -77.215096310511456, 36.013755251943969 ], [ -77.215076772175962, 36.013757278127763 ], [ -77.215057526839502, 36.013761211192573 ], [ -77.215038760148332, 36.01376701319888 ], [ -77.215020653131589, 36.013774628178808 ], [ -77.214953448409233, 36.013806862177681 ], [ -77.214948990697451, 36.013808735340433 ], [ -77.214944523950749, 36.013806883825545 ], [ -77.214801222890856, 36.013739004222849 ], [ -77.214797112433232, 36.013736816029699 ], [ -77.214793481200886, 36.013733900862 ], [ -77.214450831696183, 36.013431390170901 ], [ -77.214442982973338, 36.013424810670998 ], [ -77.214133248200781, 36.01317838736891 ], [ -77.21412921122861, 36.013174800394587 ], [ -77.214126043719389, 36.013170426561658 ], [ -77.213881731873883, 36.012791261472046 ], [ -77.213870696840701, 36.012775800750951 ], [ -77.213858244859381, 36.012761456622705 ], [ -77.213844488248625, 36.012748358473431 ], [ -77.21382955109506, 36.012736624450362 ], [ -77.213813568134, 36.012726360396108 ], [ -77.213796683534099, 36.012717658893926 ], [ -77.213635992706031, 36.012644283740343 ], [ -77.213631176257451, 36.012641755916739 ], [ -77.213627438028652, 36.012637804497004 ], [ -77.213385560682724, 36.012352214324686 ], [ -77.213382265356785, 36.012347856999639 ], [ -77.213380566356989, 36.012342664808031 ], [ -77.21331292153198, 36.01208943156567 ], [ -77.213305780036166, 36.012067746280962 ], [ -77.213296213628652, 36.012047016196959 ], [ -77.213284346972287, 36.012027511453887 ], [ -77.213088258942619, 36.011743141880501 ], [ -77.213077500947506, 36.011728938590096 ], [ -77.213065521555009, 36.011715749121855 ], [ -77.213052415841943, 36.011703678156607 ], [ -77.212887491421355, 36.011564831035685 ], [ -77.212871189250052, 36.01155247402361 ], [ -77.212853710116292, 36.011541846868816 ], [ -77.212835236876501, 36.011533060746345 ], [ -77.212815962786877, 36.011526207571464 ], [ -77.212796089481657, 36.011521359038063 ], [ -77.212775824863698, 36.011518565868663 ], [ -77.212657852213837, 36.01150841784785 ], [ -77.212653133603638, 36.011507778901112 ], [ -77.212650611851942, 36.011503739804049 ], [ -77.212513953983162, 36.011259048581799 ], [ -77.212504295803257, 36.011243476741534 ], [ -77.212493252978234, 36.011228854201953 ], [ -77.212233011842002, 36.010915229938639 ], [ -77.212230950673799, 36.010912785980487 ], [ -77.211895919619465, 36.010521916926656 ], [ -77.211883406916556, 36.010508601353727 ], [ -77.21186973118202, 36.010496483329895 ], [ -77.211107747101664, 36.009881072053027 ], [ -77.211089496254417, 36.009867955182635 ], [ -77.210215806228376, 36.009311702461787 ], [ -77.210203934144886, 36.009304706624398 ], [ -77.20989010673334, 36.009134062165082 ], [ -77.208938252092054, 36.008614869865973 ], [ -77.20892756679163, 36.008609450314943 ], [ -77.208582153095264, 36.008447076204362 ], [ -77.20858182907692, 36.008446924241724 ], [ -77.207885260227116, 36.008120997659333 ], [ -77.207876929640506, 36.00811661011462 ], [ -77.207331659197308, 36.007795746335745 ], [ -77.207322647354161, 36.007789764053229 ], [ -77.20689616636345, 36.007472109571658 ], [ -77.20688816118539, 36.00746547248108 ], [ -77.206528864996045, 36.007134567275656 ], [ -77.206525199570919, 36.007130816250246 ], [ -77.20652194872315, 36.007126700728101 ], [ -77.206280824253611, 36.006786002294149 ], [ -77.206278206976251, 36.006781890747753 ], [ -77.206276440969475, 36.0067773480421 ], [ -77.20610313652773, 36.006257436974252 ], [ -77.206100721122951, 36.00625060582864 ], [ -77.205895352828819, 36.005701640272143 ], [ -77.205894136100369, 36.005697957771069 ], [ -77.205893209007741, 36.005694191905754 ], [ -77.205817942302076, 36.005327630343054 ], [ -77.205817218745366, 36.005323007337957 ], [ -77.205818252964377, 36.005318443775501 ], [ -77.205954593424664, 36.004826049530919 ], [ -77.205956242619791, 36.00482111440045 ], [ -77.205958882249988, 36.004816630238452 ], [ -77.206253278749358, 36.004371588300856 ], [ -77.206256860874205, 36.004366522143322 ], [ -77.206650401685522, 36.003845055936829 ], [ -77.206664258096822, 36.003824070888236 ], [ -77.207213977960947, 36.002865460572373 ], [ -77.207223068438779, 36.002847587845118 ], [ -77.207230323587822, 36.002828894691852 ], [ -77.207459259760199, 36.002138222019141 ], [ -77.207461265891965, 36.002133126514607 ], [ -77.207463819253022, 36.002128282025048 ], [ -77.207700489438608, 36.001733512093153 ], [ -77.207713597129199, 36.001707530920008 ], [ -77.207953733946155, 36.001130618443938 ], [ -77.207954257152608, 36.001129384838094 ], [ -77.208201732160717, 36.000556599757736 ], [ -77.208202258270035, 36.000555403595953 ], [ -77.208325944235753, 36.000279104033773 ], [ -77.208326037170195, 36.000278896112015 ], [ -77.208379960439771, 36.000158069255313 ], [ -77.208449339013072, 36.000002929110344 ], [ -77.208455387991648, 35.999991463253508 ], [ -77.208613477606193, 35.999733836729931 ], [ -77.20864556458713, 35.999682680639886 ], [ -77.208646430118108, 35.999681288080311 ], [ -77.208837551849655, 35.999370960773057 ], [ -77.208842787800904, 35.999363282979424 ], [ -77.209076961113411, 35.999052040453947 ], [ -77.209312202983895, 35.998739049218599 ], [ -77.209313807195343, 35.998736972124931 ], [ -77.209651421032675, 35.998311498769965 ], [ -77.209655224529541, 35.998307233109969 ], [ -77.209659491760888, 35.998303431376598 ], [ -77.209901868437697, 35.998111268258874 ], [ -77.209909936490405, 35.998104518658586 ], [ -77.209921164039571, 35.998094612502676 ], [ -77.20992489489953, 35.99809147904206 ], [ -77.210156879869871, 35.997906089005646 ], [ -77.210407991149538, 35.997706000106085 ], [ -77.210652378494402, 35.997511268575735 ], [ -77.210665134735279, 35.997500191852744 ], [ -77.210914840627296, 35.997264142150257 ], [ -77.211170840890901, 35.997023141528558 ], [ -77.211234589347441, 35.996963376560942 ], [ -77.211235390753401, 35.996962621076122 ], [ -77.211426892144914, 35.996781094388176 ], [ -77.21166857137311, 35.996552631278874 ], [ -77.211682249656334, 35.996538356305436 ], [ -77.211694451721272, 35.996522800601994 ], [ -77.212155373097644, 35.995871286886029 ], [ -77.21215854460219, 35.995866668069652 ], [ -77.212644869625464, 35.995136704423302 ], [ -77.212655368503903, 35.995119042230037 ], [ -77.212663999846626, 35.995100396065759 ], [ -77.212670672554196, 35.99508096273118 ], [ -77.212675316199636, 35.99506094733519 ], [ -77.212715195482204, 35.994837457492821 ], [ -77.212716180300731, 35.994833091412922 ], [ -77.212718975556285, 35.994829595834915 ], [ -77.212882538869877, 35.994643031270172 ], [ -77.212894408145829, 35.994628114825105 ], [ -77.212904803398047, 35.994612136127508 ], [ -77.212913630190826, 35.99459524033589 ], [ -77.212920808337174, 35.994577580940081 ], [ -77.213045265437898, 35.99422395099225 ], [ -77.213051674909593, 35.994201702198367 ], [ -77.213055470048573, 35.994178861728216 ], [ -77.21308897595641, 35.993866146231262 ], [ -77.21308900716781, 35.993865852888504 ], [ -77.213159433905545, 35.99319926964732 ], [ -77.213160258221521, 35.993194103903413 ], [ -77.213163133962823, 35.993189734175772 ], [ -77.213215833294115, 35.993118213951064 ], [ -77.213216147634242, 35.993117786160681 ], [ -77.213266045133025, 35.993049690664975 ], [ -77.213276614006389, 35.993033715320969 ], [ -77.213285606126121, 35.993016802175703 ], [ -77.21329293900915, 35.992999106370355 ], [ -77.213298545392277, 35.992980790225332 ], [ -77.21330237384916, 35.992962021751282 ], [ -77.213304389262078, 35.992942973107994 ], [ -77.213325296146806, 35.992579811256007 ], [ -77.21332550697845, 35.992561396055443 ], [ -77.213324023005285, 35.992543039533842 ], [ -77.213320856810086, 35.992524897338008 ], [ -77.213316035239345, 35.992507123297464 ], [ -77.213309599175645, 35.992489868120103 ], [ -77.213215530601744, 35.992269264083987 ], [ -77.213214435436242, 35.992266743892507 ], [ -77.212872394008158, 35.991494201935311 ], [ -77.21286001594811, 35.991470623742998 ], [ -77.21266633355593, 35.991154758383104 ], [ -77.212656887102952, 35.991140721773519 ], [ -77.212646288068356, 35.991127533811259 ], [ -77.212634612304655, 35.991115288876607 ], [ -77.212543245121154, 35.991027244985624 ], [ -77.212542735309768, 35.991026755451927 ], [ -77.212443603388834, 35.990931902592244 ], [ -77.212427376643447, 35.990917959967248 ], [ -77.212409753427011, 35.990905830404216 ], [ -77.212390935394936, 35.990895652696892 ], [ -77.212371137874484, 35.990887543304737 ], [ -77.212350587400778, 35.990881595020284 ], [ -77.212154003305301, 35.990835931549483 ], [ -77.212146069935969, 35.990833740898339 ], [ -77.21176327084595, 35.9907108673492 ], [ -77.211744795397763, 35.990705898046663 ], [ -77.211725929661924, 35.9907027168261 ], [ -77.21123461876995, 35.990643871460357 ], [ -77.21121896644236, 35.990642617571929 ], [ -77.211203263986889, 35.990642595501939 ], [ -77.210697600430166, 35.990661749459356 ], [ -77.210684413949664, 35.990662686163191 ], [ -77.210250297442371, 35.990707985181878 ], [ -77.210231178959916, 35.990710920560176 ], [ -77.210212433443971, 35.990715689045146 ], [ -77.20982013870632, 35.990835954226334 ], [ -77.209430925326771, 35.990954617763734 ], [ -77.20941046120214, 35.99096209762989 ], [ -77.209390932170891, 35.990971759189435 ], [ -77.209100098231602, 35.991135939306417 ], [ -77.209099885273034, 35.99113605969653 ], [ -77.208488729278685, 35.991482052864058 ], [ -77.208471792885575, 35.991492796705089 ], [ -77.207954501056847, 35.99185856785887 ], [ -77.207934519706569, 35.991874717450472 ], [ -77.207442677158411, 35.992327447868945 ], [ -77.207439235062608, 35.992330473497788 ], [ -77.206963549401465, 35.992729657177598 ], [ -77.206949094309351, 35.992743055328539 ], [ -77.20678548139739, 35.992910430026477 ], [ -77.206781850072957, 35.992913791658779 ], [ -77.206777388635601, 35.992915932375134 ], [ -77.206147694885388, 35.993180284535022 ], [ -77.206144262328735, 35.993181651526321 ], [ -77.205585459152999, 35.993392314860877 ], [ -77.205580930850786, 35.99339377923441 ], [ -77.205576283555175, 35.993394805174951 ], [ -77.20513840536232, 35.993469757946933 ], [ -77.205135570951256, 35.993470201367373 ], [ -77.204611841271259, 35.993544454174078 ], [ -77.204607981168209, 35.993544849090412 ], [ -77.204604102050553, 35.993544942908869 ], [ -77.203998473707003, 35.993536036478055 ], [ -77.203993512545821, 35.993535840228219 ], [ -77.203456307038834, 35.993501213435351 ], [ -77.203449695818321, 35.99350056613914 ], [ -77.20250519583702, 35.993376290095334 ], [ -77.202500802085538, 35.9933756122849 ], [ -77.202136121222992, 35.993311023168417 ], [ -77.201409539596298, 35.99318134718321 ], [ -77.201394361958734, 35.993179234702978 ], [ -77.200451860712846, 35.993084691961094 ], [ -77.200434979660855, 35.993083717003238 ], [ -77.200418076586814, 35.993084171478046 ], [ -77.199775261202092, 35.993128703605564 ], [ -77.199770993724982, 35.993128816145699 ], [ -77.199766785123813, 35.993128200928822 ], [ -77.199321010486457, 35.993043560939178 ], [ -77.199296892735916, 35.993040485868192 ], [ -77.1992725800622, 35.993040359972362 ], [ -77.198525119808053, 35.993081993008339 ], [ -77.198524862038838, 35.993082007532813 ], [ -77.198142511594824, 35.993103799336403 ], [ -77.198135466231918, 35.993103952099425 ], [ -77.197481502666591, 35.993095074672006 ], [ -77.197476029025182, 35.99309469816734 ], [ -77.197470629998591, 35.993093721940021 ], [ -77.196923696680201, 35.992963359631283 ], [ -77.196912215125934, 35.992960976381937 ], [ -77.19666894006761, 35.992917876522533 ], [ -77.196664084971729, 35.992916762269154 ], [ -77.196659779752153, 35.992914256555508 ], [ -77.196451156490042, 35.992778364431956 ], [ -77.196441277938135, 35.992771025192788 ], [ -77.196233448842548, 35.992595759217949 ], [ -77.196229239336901, 35.992591767113666 ], [ -77.196225522797945, 35.992587312434054 ], [ -77.196067336416633, 35.992373521484261 ], [ -77.196064265072835, 35.992368841624966 ], [ -77.196061738308657, 35.992363846657447 ], [ -77.195919853621973, 35.992039261968813 ], [ -77.195918199765501, 35.99203494155956 ], [ -77.19591737349694, 35.992030389806636 ], [ -77.195816936399709, 35.991280064939161 ], [ -77.195814544480001, 35.991266020439276 ], [ -77.19567885726984, 35.99061118212736 ], [ -77.195676946214789, 35.990602857982857 ], [ -77.195477481669144, 35.989811874338663 ], [ -77.195471511396505, 35.98979242930853 ], [ -77.19528607884159, 35.989282489953474 ], [ -77.19527915168635, 35.989265823364143 ], [ -77.195113041455016, 35.988912108026575 ], [ -77.19511293979528, 35.988911891887739 ], [ -77.194957151890208, 35.988581183990043 ], [ -77.194948959153336, 35.988565609173314 ], [ -77.194939429017182, 35.988550814837964 ], [ -77.194928635267829, 35.988536915527611 ], [ -77.194916661474764, 35.988524018856211 ], [ -77.194654088548148, 35.988265054640635 ], [ -77.194651146405292, 35.988261888967813 ], [ -77.194649120804385, 35.988258071294176 ], [ -77.194472822338966, 35.987887745086653 ], [ -77.194471126674941, 35.987884270188054 ], [ -77.194297963576162, 35.987537944352312 ], [ -77.194288976493453, 35.987521866714495 ], [ -77.194278548426254, 35.987506684043183 ], [ -77.194266767819727, 35.987492525109488 ], [ -77.194253734590518, 35.987479510001727 ], [ -77.194239559279353, 35.987467749106919 ], [ -77.193963779497608, 35.987259614174121 ], [ -77.193959240710527, 35.987255740595195 ], [ -77.193955198066746, 35.987251351719067 ], [ -77.193682933344363, 35.986917666775078 ], [ -77.193668198270075, 35.98690149980802 ], [ -77.193651785754042, 35.986887038737692 ], [ -77.19363389212819, 35.986874456552194 ], [ -77.193279963606486, 35.98665348018897 ], [ -77.193276132250503, 35.986650831005647 ], [ -77.193272861255409, 35.986647514674466 ], [ -77.192704454103321, 35.986014516104653 ], [ -77.192703523785454, 35.986013487268572 ], [ -77.192483097286512, 35.985771410911788 ], [ -77.192480173648192, 35.98576788648306 ], [ -77.192478324352336, 35.985763697287588 ], [ -77.192352879847562, 35.985439875762452 ], [ -77.192351255059279, 35.985434928267132 ], [ -77.192350155483112, 35.985429838220007 ], [ -77.192306801956022, 35.985162009402409 ], [ -77.19230624976035, 35.985156997952394 ], [ -77.192306718938411, 35.985151978049579 ], [ -77.192345272534297, 35.98488596128805 ], [ -77.192346228119675, 35.984881098713629 ], [ -77.192349005741633, 35.984876994741491 ], [ -77.192492092098902, 35.984686852122586 ], [ -77.192495133449754, 35.984683191951632 ], [ -77.192499525094306, 35.984681358887237 ], [ -77.192746994601492, 35.984591807684545 ], [ -77.192752058649489, 35.984590273960563 ], [ -77.192757256791168, 35.984589285924656 ], [ -77.193020662540647, 35.984553586443162 ], [ -77.19302935351817, 35.984552793029572 ], [ -77.19344947403367, 35.984532877445105 ], [ -77.193467871706034, 35.984531150714986 ], [ -77.193486031486643, 35.98452773336026 ], [ -77.193908690657807, 35.984427780238455 ], [ -77.193915263588181, 35.984426107655771 ], [ -77.19461974362639, 35.984234066329762 ], [ -77.194641807313673, 35.984226647732726 ], [ -77.195119640574916, 35.984034360231838 ], [ -77.195136005593952, 35.984026903126519 ], [ -77.195558684500753, 35.983810845884264 ], [ -77.19557548264838, 35.98380120615046 ], [ -77.19559126963766, 35.983789986827816 ], [ -77.195844534113476, 35.983590862579867 ], [ -77.19585885964581, 35.983578457378862 ], [ -77.196237401068643, 35.983217896969094 ], [ -77.196251223159507, 35.983203340222495 ], [ -77.196263516440382, 35.983187471249224 ], [ -77.196537701263907, 35.982794253356097 ], [ -77.19654828837578, 35.982777327974404 ], [ -77.196557135369517, 35.982759431433259 ], [ -77.196564154094659, 35.982740742051767 ], [ -77.196569274617445, 35.982721446048821 ], [ -77.196572445917539, 35.982701735687613 ], [ -77.196573636396479, 35.98268180735996 ], [ -77.196572834192466, 35.982661859629467 ], [ -77.196570047298565, 35.982642091253062 ], [ -77.196556233468485, 35.982570257979212 ], [ -77.196555733552728, 35.982567745260951 ], [ -77.196424616249843, 35.981930081034477 ], [ -77.196419997654175, 35.981911960075685 ], [ -77.196413706764929, 35.981894349701307 ], [ -77.196405798580287, 35.981877403870286 ], [ -77.196396342237662, 35.981861270731798 ], [ -77.19631013247006, 35.981728803160657 ], [ -77.196298662715463, 35.981712935936848 ], [ -77.196285696485404, 35.98169826620817 ], [ -77.196271358036554, 35.981684934556114 ], [ -77.196113992211053, 35.981552370401644 ], [ -77.196110231479679, 35.981548850264289 ], [ -77.196108731868279, 35.981543922219075 ], [ -77.196050564473182, 35.981309376012604 ], [ -77.196044326507163, 35.981288957246051 ], [ -77.195943991083212, 35.981013999867571 ], [ -77.195841938560108, 35.980734334888197 ], [ -77.195840305529387, 35.980728924118381 ], [ -77.195839296119559, 35.980723363155541 ], [ -77.19581557895215, 35.980531173527105 ], [ -77.195812464953093, 35.980512930686537 ], [ -77.195807678018923, 35.980495053788502 ], [ -77.195801259137568, 35.98047769590314 ], [ -77.195793263270403, 35.980461005656572 ], [ -77.195632721908439, 35.980162220122324 ], [ -77.19562950083268, 35.980155661082165 ], [ -77.195509991256614, 35.979888000707959 ], [ -77.195390665363377, 35.979620748845356 ], [ -77.195387630677729, 35.979613126244445 ], [ -77.195215319570565, 35.979122627863177 ], [ -77.19521161364483, 35.979109111934513 ], [ -77.195159030756827, 35.978846195869409 ], [ -77.195045692559248, 35.9782735441065 ], [ -77.195044162209285, 35.978266483880098 ], [ -77.194985909595601, 35.978019381589888 ], [ -77.194978526500151, 35.977995087577526 ], [ -77.194796090826941, 35.977508275951273 ], [ -77.194789311030576, 35.977492324829292 ], [ -77.194781175653603, 35.977477020595472 ], [ -77.1945481842059, 35.97708112428149 ], [ -77.194539224990677, 35.977067245904855 ], [ -77.194300084679057, 35.976728383466458 ], [ -77.194297268023703, 35.976723899915335 ], [ -77.194296572221319, 35.97671865095014 ], [ -77.194289360708666, 35.976626562922348 ], [ -77.194286993288017, 35.976607792990499 ], [ -77.194282862937939, 35.976589330725467 ], [ -77.194277006616275, 35.97657134132529 ], [ -77.194269476724671, 35.976553985756894 ], [ -77.194260340639644, 35.97653741931574 ], [ -77.194249680109778, 35.976521790236276 ], [ -77.194237590524139, 35.976507238365564 ], [ -77.193744120791564, 35.975967396631738 ], [ -77.193731620493793, 35.975954881065839 ], [ -77.193718063237853, 35.97594351895134 ], [ -77.193703555074308, 35.975933399167502 ], [ -77.193688209492123, 35.975924600875523 ], [ -77.193505731927885, 35.975830445591114 ], [ -77.193501161175774, 35.975827769441935 ], [ -77.193497260630394, 35.975824186245504 ], [ -77.193191604701369, 35.975511759836166 ], [ -77.19317776907755, 35.975498893836821 ], [ -77.192645518934683, 35.97504889999567 ], [ -77.192623342850041, 35.975032627893597 ], [ -77.192300104335118, 35.974828071511951 ], [ -77.192299876916408, 35.974827927807716 ], [ -77.191971019070365, 35.97462043428532 ], [ -77.191956619458253, 35.974612163939376 ], [ -77.191644990825168, 35.97444999961418 ], [ -77.191325990955718, 35.974284000325184 ], [ -77.191008877146686, 35.97411898153247 ], [ -77.191005147980533, 35.974116939049466 ], [ -77.190654434411826, 35.973915041327373 ], [ -77.190636577537276, 35.973905921294154 ], [ -77.190617897223234, 35.973898635085142 ], [ -77.19042251511992, 35.973833508114346 ], [ -77.190418113859565, 35.973831803915338 ], [ -77.190414663341798, 35.97382858377356 ], [ -77.19027146126507, 35.973681562474908 ], [ -77.190268265085038, 35.973677936726183 ], [ -77.190269563737999, 35.973673281071655 ], [ -77.190321938628443, 35.973516157874428 ], [ -77.190324251586787, 35.97350991922999 ], [ -77.190411987999568, 35.973295453314343 ], [ -77.190414123797638, 35.973290603409765 ], [ -77.190625197695425, 35.972843796704083 ], [ -77.190627143797002, 35.972840088623293 ], [ -77.190629674339675, 35.972836770463147 ], [ -77.191220781696117, 35.972125251957387 ], [ -77.191638094088347, 35.971626268164769 ], [ -77.191642018770153, 35.971621847808755 ], [ -77.192079990918742, 35.97115699978211 ], [ -77.192517419067215, 35.970692729783714 ], [ -77.192520086158183, 35.9706901036894 ], [ -77.192522942544969, 35.970687684846695 ], [ -77.193158899515538, 35.970188856629278 ], [ -77.193161106306874, 35.97018717460648 ], [ -77.193761106206239, 35.969742877240002 ], [ -77.193765111910722, 35.969740200681819 ], [ -77.193769357259697, 35.969737923260887 ], [ -77.194073929024711, 35.969593028932053 ], [ -77.194691850795451, 35.969298543522349 ], [ -77.194694145623274, 35.969297485240162 ], [ -77.195282750324509, 35.969035012239615 ], [ -77.195304533310761, 35.969023646216016 ], [ -77.195708320677753, 35.968780292282325 ], [ -77.195724432315586, 35.968769483413624 ], [ -77.195739420839971, 35.968757164296257 ], [ -77.195753145202715, 35.968743450858199 ], [ -77.195765476251907, 35.96872847214857 ], [ -77.196175852393949, 35.968177556792838 ], [ -77.196183736254042, 35.96816617028513 ], [ -77.196340336513458, 35.967922371413444 ], [ -77.19634991191586, 35.967905764293171 ], [ -77.196357853378586, 35.967888316716127 ], [ -77.196364087942456, 35.967870188975276 ], [ -77.196439079763621, 35.967612608907608 ], [ -77.196443895051473, 35.967592100546504 ], [ -77.196446526471306, 35.967571199457971 ], [ -77.196446944828836, 35.967550137529066 ], [ -77.196428280920912, 35.966981822605945 ], [ -77.196426925267403, 35.966964237158827 ], [ -77.196343774814494, 35.966280661079594 ], [ -77.196341457154247, 35.966266105398553 ], [ -77.196338073831981, 35.966251759927836 ], [ -77.196216741285127, 35.965810728866593 ], [ -77.196215163027588, 35.965805293938125 ], [ -77.196049536573184, 35.965263673776278 ], [ -77.196043840952214, 35.965247548610414 ], [ -77.196036788591741, 35.965231968967153 ], [ -77.196028431055296, 35.965217048757467 ], [ -77.195863027871184, 35.964949297432071 ], [ -77.195858827785287, 35.964942784133576 ], [ -77.195602197177038, 35.964561252213578 ], [ -77.195593327054979, 35.964549081014169 ], [ -77.195278009804312, 35.964148981830185 ], [ -77.195266415594133, 35.964135542603145 ], [ -77.195253675530466, 35.96412318423306 ], [ -77.194606758670844, 35.963549117632056 ], [ -77.194594846849654, 35.963539340953922 ], [ -77.194269777817283, 35.963292871095241 ], [ -77.19426615262141, 35.963289840850898 ], [ -77.194263165076364, 35.963286180386334 ], [ -77.194117578167578, 35.963089417348961 ], [ -77.194105921304129, 35.963075096094769 ], [ -77.194092993277536, 35.963061910992735 ], [ -77.194078904293036, 35.963049974439514 ], [ -77.193725483282464, 35.962777546228935 ], [ -77.193707846738334, 35.962765399006948 ], [ -77.193059747761595, 35.962368425446201 ], [ -77.193045697991238, 35.962360578888308 ], [ -77.19303106286317, 35.962353887285786 ], [ -77.192648930304543, 35.962197431563744 ], [ -77.19263741184291, 35.962191828211701 ], [ -77.192265151086772, 35.961980206577309 ], [ -77.192246335147985, 35.961970783613033 ], [ -77.1916373400298, 35.961704898561784 ], [ -77.1916331005351, 35.961702802886329 ], [ -77.191629078663951, 35.96170031497126 ], [ -77.191194357939892, 35.961401996600451 ], [ -77.191190173735038, 35.961398786798931 ], [ -77.191186352224179, 35.961395152730844 ], [ -77.190861509377129, 35.961051720394074 ], [ -77.190858234450531, 35.961047882330035 ], [ -77.190857259609771, 35.961042932020476 ], [ -77.190828673570735, 35.960844733805168 ], [ -77.190828231052024, 35.9608401105653 ], [ -77.19083202642409, 35.96083743375371 ], [ -77.19105156461562, 35.960697814809286 ], [ -77.191056113862857, 35.960695246209937 ], [ -77.191060907045127, 35.960693168047527 ], [ -77.191517796045758, 35.960522935604729 ], [ -77.191523066074922, 35.960521298288874 ], [ -77.191528484886902, 35.960520254025553 ], [ -77.191983257905804, 35.960458506912438 ], [ -77.191986999552356, 35.960458141770687 ], [ -77.19199075806857, 35.960458059293458 ], [ -77.19242786228051, 35.960464935241198 ], [ -77.192431974367111, 35.960465169954098 ], [ -77.19243597797103, 35.960466075542733 ], [ -77.192971404480787, 35.96061049292576 ], [ -77.192976866616618, 35.960612310880236 ], [ -77.1929820824068, 35.960614747152434 ], [ -77.193717258895873, 35.961011445823431 ], [ -77.193721827644922, 35.961014238063498 ], [ -77.193726070336353, 35.961017504505193 ], [ -77.193984967939031, 35.961239980267813 ], [ -77.194248848625477, 35.96146687789799 ], [ -77.194503486822967, 35.96168666017789 ], [ -77.194521263326322, 35.961700341623207 ], [ -77.19468392195914, 35.96181158453787 ], [ -77.194688094964931, 35.961814362360727 ], [ -77.194773354896924, 35.961869587535688 ], [ -77.194774620597116, 35.96187042104652 ], [ -77.195487966419293, 35.962347974638519 ], [ -77.195493861284774, 35.962352239634455 ], [ -77.195818837878917, 35.962605880661201 ], [ -77.195819144194928, 35.962606119259725 ], [ -77.196328544307164, 35.963002112060089 ], [ -77.196344166313025, 35.96301310099058 ], [ -77.196360765318516, 35.963022549624185 ], [ -77.196378189939196, 35.963030371788513 ], [ -77.196396281260917, 35.963036496144696 ], [ -77.196414874289189, 35.963040866838043 ], [ -77.196659180131476, 35.963086108981379 ], [ -77.196680373343639, 35.963088872291486 ], [ -77.196701740419527, 35.963089358288222 ], [ -77.196723037353465, 35.963087561421645 ], [ -77.197035139679969, 35.963044333591675 ], [ -77.197051832064631, 35.963041295066702 ], [ -77.197068206847703, 35.96303685267786 ], [ -77.197317696751938, 35.96295766327529 ], [ -77.197335471388058, 35.962951079130448 ], [ -77.197352542887984, 35.962942841864958 ], [ -77.197368757911804, 35.96293302546772 ], [ -77.197543351825871, 35.962815675092507 ], [ -77.197560491082427, 35.962802768604554 ], [ -77.197576149145064, 35.962788100386497 ], [ -77.197590145816292, 35.962771839244439 ], [ -77.197602320018376, 35.962754172316295 ], [ -77.197612531647081, 35.962735302918162 ], [ -77.197635348495254, 35.962687134450682 ], [ -77.197642790795229, 35.962669226861216 ], [ -77.197648463785853, 35.962650682677037 ], [ -77.197652314131147, 35.962631676245742 ], [ -77.197654305631175, 35.962612386260851 ], [ -77.19765441956234, 35.962592994081781 ], [ -77.197652654853528, 35.962573682028754 ], [ -77.197562865737595, 35.961934796988089 ], [ -77.197558906397546, 35.961914388297735 ], [ -77.197552849912299, 35.961894500864467 ], [ -77.197544761720849, 35.961875349567528 ], [ -77.197534729214269, 35.961857141332381 ], [ -77.197419848585341, 35.961672098666817 ], [ -77.197407002055144, 35.961653779173446 ], [ -77.197392189640723, 35.961637009273183 ], [ -77.197077954019022, 35.961319021527373 ], [ -77.197067686956956, 35.961309340158977 ], [ -77.196684159371586, 35.960972444710485 ], [ -77.196669471394131, 35.960960718064776 ], [ -77.196653747480852, 35.960950421975575 ], [ -77.196117852721557, 35.960634456087064 ], [ -77.196105907855767, 35.960627950263408 ], [ -77.195382704115474, 35.960265379245492 ], [ -77.195365674429112, 35.960257812729928 ], [ -77.195348014421128, 35.960251864075175 ], [ -77.195051215327069, 35.960167063631204 ], [ -77.194094952378833, 35.95989142970172 ], [ -77.194085202865139, 35.959888065613271 ], [ -77.193135216584864, 35.959504342317331 ], [ -77.193108140319893, 35.95949558881118 ], [ -77.192785024380356, 35.959416008248311 ], [ -77.192109991626168, 35.959249999574467 ], [ -77.191436692824183, 35.959084418209997 ], [ -77.191433305993343, 35.959083522100293 ], [ -77.19106154614478, 35.958978157444811 ], [ -77.191060436033851, 35.958977846269569 ], [ -77.190675500712004, 35.958871140725662 ], [ -77.190674483867411, 35.958870853058222 ], [ -77.189938057764905, 35.958658307687429 ], [ -77.189935931169273, 35.958657668251341 ], [ -77.189563063540646, 35.95854102253648 ], [ -77.189193048630997, 35.958425578132484 ], [ -77.189188116394376, 35.958423747489221 ], [ -77.189183679440831, 35.958420920538174 ], [ -77.188981799138134, 35.958276720045099 ], [ -77.188978150422386, 35.958273846847852 ], [ -77.188975440705718, 35.958270075134095 ], [ -77.188850198236409, 35.958077318489899 ], [ -77.188698144444018, 35.957841342317984 ], [ -77.188694109396408, 35.957834497040757 ], [ -77.188517445127829, 35.957505568722063 ], [ -77.188515258379709, 35.957500936124895 ], [ -77.188515124103361, 35.95749581510983 ], [ -77.188519862818382, 35.957311015436936 ], [ -77.188520239336228, 35.957306057339025 ], [ -77.188522068630562, 35.957301433684407 ], [ -77.188644106527406, 35.957033143145544 ], [ -77.188646171531687, 35.957029102082174 ], [ -77.188648595334016, 35.957025265466832 ], [ -77.188855247672862, 35.956728933469421 ], [ -77.188858131355587, 35.956725194047259 ], [ -77.188862585533315, 35.956723625862473 ], [ -77.189164528013805, 35.956633334755736 ], [ -77.189169023808134, 35.95663221550231 ], [ -77.189173649121102, 35.956631948344679 ], [ -77.190243933719898, 35.956620045359116 ], [ -77.190247980050827, 35.956620164576904 ], [ -77.190252003401412, 35.956620611406109 ], [ -77.190755052095085, 35.956697247690641 ], [ -77.190759929206678, 35.956698242081288 ], [ -77.190764682823698, 35.956699717938491 ], [ -77.191589989847856, 35.957001900938913 ], [ -77.191596024954919, 35.957004001950082 ], [ -77.192244561730959, 35.957218224177602 ], [ -77.19226779198452, 35.95722437702738 ], [ -77.1930678001724, 35.957385550774752 ], [ -77.193082268597877, 35.957387917519405 ], [ -77.193510738264465, 35.957441967554026 ], [ -77.193944004513057, 35.957497744096706 ], [ -77.193947966181526, 35.957498335001219 ], [ -77.194921251706063, 35.957663498439786 ], [ -77.194936043770198, 35.957665444172555 ], [ -77.19495093972273, 35.957666281809459 ], [ -77.195624849601742, 35.957678997296377 ], [ -77.196307846817234, 35.957692854977118 ], [ -77.196322128718691, 35.957692634591766 ], [ -77.19715102139179, 35.957650202654243 ], [ -77.19715894909109, 35.957649638703586 ], [ -77.19792499476462, 35.95757982219196 ], [ -77.197944800656884, 35.957577012540916 ], [ -77.197964226805937, 35.957572238418969 ], [ -77.198542769103483, 35.957398955492827 ], [ -77.198565405546532, 35.957390658609107 ], [ -77.198586879190501, 35.957379698251088 ], [ -77.198965423456642, 35.957156757133106 ], [ -77.198981449437539, 35.957146253482172 ], [ -77.198996396700153, 35.957134264400167 ], [ -77.199235632610652, 35.95692276601131 ], [ -77.199249759920406, 35.956908976132588 ], [ -77.199262458873676, 35.956893860636512 ], [ -77.199273605737716, 35.956877566801538 ], [ -77.199584156903498, 35.95637173847819 ], [ -77.199593033208728, 35.956355670581353 ], [ -77.19960039891734, 35.956338856526521 ], [ -77.199606191979498, 35.956321437957861 ], [ -77.19961036359355, 35.956303561612053 ], [ -77.199612878617174, 35.956285378082157 ], [ -77.19961371586345, 35.956267040549008 ], [ -77.199612868279274, 35.956248703490786 ], [ -77.199592503891168, 35.956028210852011 ], [ -77.199590025504349, 35.956010281711784 ], [ -77.199585936374646, 35.955992650050234 ], [ -77.199580269991685, 35.955975460269123 ], [ -77.199435905630665, 35.955596168067366 ], [ -77.199428146359992, 35.955578419073071 ], [ -77.199418706427508, 35.955561503968738 ], [ -77.19928210346238, 35.955342388827205 ], [ -77.199277744270518, 35.955335697908176 ], [ -77.199044360295289, 35.95499265140505 ], [ -77.199029928933726, 35.954973923492183 ], [ -77.199013388346927, 35.954957029472361 ], [ -77.198582705830049, 35.954566277008375 ], [ -77.198573015102255, 35.954558031262501 ], [ -77.197951249840642, 35.954062193415389 ], [ -77.197941341368235, 35.954053138159189 ], [ -77.197610891015771, 35.953707625041886 ], [ -77.197594148186155, 35.95369201439798 ], [ -77.197575731208744, 35.953678419197004 ], [ -77.197226630817909, 35.953450378052366 ], [ -77.197223107534811, 35.953447851503512 ], [ -77.197220086985453, 35.953444764187005 ], [ -77.196885729623844, 35.9530721414746 ], [ -77.19687023618539, 35.953056669545461 ], [ -77.196853144282898, 35.95304298400216 ], [ -77.196834658774449, 35.953031248875241 ], [ -77.196815001221452, 35.953021604818197 ], [ -77.19662287166021, 35.952940071240128 ], [ -77.196618127482594, 35.952937754068238 ], [ -77.196613655145512, 35.952934947876841 ], [ -77.196318583915655, 35.952727232388291 ], [ -77.196309790137093, 35.952720272344784 ], [ -77.196000179008365, 35.952445601883703 ], [ -77.195989497242124, 35.952436767730042 ], [ -77.195628051511193, 35.952158357834442 ], [ -77.195622120861984, 35.952153413214845 ], [ -77.195142265885224, 35.951720852964009 ], [ -77.195138240148452, 35.951716780711898 ], [ -77.195134708571146, 35.951712273189692 ], [ -77.194953788602703, 35.951451787131212 ], [ -77.194939079559518, 35.951433089545674 ], [ -77.194656616618147, 35.951114956462689 ], [ -77.19465160763049, 35.951108844472785 ], [ -77.1944160712697, 35.950797075936855 ], [ -77.194413230082773, 35.950792886437746 ], [ -77.194411785246771, 35.950788034974863 ], [ -77.194337110841488, 35.950480722313493 ], [ -77.194332099238352, 35.95046350298631 ], [ -77.194207408705495, 35.950097165654221 ], [ -77.194206183724802, 35.950092970033943 ], [ -77.194206096017709, 35.950088600123628 ], [ -77.194214880412105, 35.949721620198908 ], [ -77.194215200497126, 35.949717064504121 ], [ -77.194217518178306, 35.949713129384946 ], [ -77.194451083395379, 35.949355452089122 ], [ -77.194454209938328, 35.949351178761745 ], [ -77.194457772331631, 35.949347261370519 ], [ -77.194713654080601, 35.949094298975545 ], [ -77.194717107693492, 35.949091191196793 ], [ -77.194721460206054, 35.949089565969182 ], [ -77.195005199273567, 35.948998537136404 ], [ -77.195010044076383, 35.948997247638715 ], [ -77.195014993913233, 35.94899645137729 ], [ -77.195451824061152, 35.948948565879043 ], [ -77.195456992054147, 35.948948269838468 ], [ -77.195462162874065, 35.948948511523056 ], [ -77.195946623611164, 35.948996468811693 ], [ -77.195951916364635, 35.948997282812265 ], [ -77.195956912207706, 35.948999210864919 ], [ -77.196086685030451, 35.94905751438101 ], [ -77.196093180554129, 35.949060720355071 ], [ -77.19646897205898, 35.949263449978268 ], [ -77.19647099805411, 35.94926457344021 ], [ -77.197415393695309, 35.949802659819099 ], [ -77.197416589953008, 35.949803335975403 ], [ -77.198041885017062, 35.950153940302933 ], [ -77.198042096918329, 35.95015405894739 ], [ -77.19835182454942, 35.950327229918138 ], [ -77.198358219396155, 35.95033065460099 ], [ -77.198990677496553, 35.950654740067797 ], [ -77.199007665590926, 35.950662466737533 ], [ -77.199522590317002, 35.95086824668342 ], [ -77.199542288315925, 35.950874952917964 ], [ -77.199562576484695, 35.950879576223251 ], [ -77.200013234179977, 35.95095786823213 ], [ -77.200049887342985, 35.950964526460012 ], [ -77.200069085410604, 35.950967061066528 ], [ -77.200088438610877, 35.950967727151713 ], [ -77.200536590589721, 35.950961440581693 ], [ -77.2005573027065, 35.95096007277435 ], [ -77.200577761504107, 35.950956565598965 ], [ -77.200597746609233, 35.950950956833317 ], [ -77.200943568311232, 35.950834230691306 ], [ -77.200964450957699, 35.950825845973363 ], [ -77.200984259504423, 35.950815168431731 ], [ -77.201343418799055, 35.950594632362957 ], [ -77.20136308884247, 35.950580862999871 ], [ -77.201380967068843, 35.950564835679764 ], [ -77.201703479007278, 35.950238739163396 ], [ -77.201716374368161, 35.950224375808432 ], [ -77.201727825023042, 35.950208836220256 ], [ -77.201737724310121, 35.950192265148679 ], [ -77.201919007029488, 35.949852573214415 ], [ -77.201927486058494, 35.949834585120755 ], [ -77.201934136800418, 35.949815843907388 ], [ -77.201938893501776, 35.949796534861875 ], [ -77.2019417091348, 35.949776848885719 ], [ -77.201967979480784, 35.949493123693017 ], [ -77.202028777166689, 35.948845283326861 ], [ -77.202029310216034, 35.94884072876286 ], [ -77.202068943596416, 35.948558340165469 ], [ -77.202108239922538, 35.948285171150097 ], [ -77.202110237509999, 35.948260704505522 ], [ -77.2021168944095, 35.947928832025461 ], [ -77.202117218591837, 35.947924098106775 ], [ -77.202120434969558, 35.947920609554735 ], [ -77.202228519817055, 35.947814186575371 ], [ -77.202241324592379, 35.947800329762551 ], [ -77.202252766645145, 35.947785327997281 ], [ -77.202262744148655, 35.94776931478534 ], [ -77.202271168309707, 35.947752432633727 ], [ -77.202277964158867, 35.947734831782412 ], [ -77.202283071217565, 35.947716668867336 ], [ -77.202286444036361, 35.947698105526413 ], [ -77.202297760816165, 35.947613226173559 ], [ -77.202299503112201, 35.94758898361242 ], [ -77.20229829189833, 35.947564708721551 ], [ -77.202287451731152, 35.947467144869258 ], [ -77.202284380358932, 35.947448007070363 ], [ -77.20227947087885, 35.94742925645226 ], [ -77.202272769401802, 35.947411069124826 ], [ -77.202264338869526, 35.94739361590738 ], [ -77.202254258463384, 35.947377060724328 ], [ -77.202240541742754, 35.947356812309955 ], [ -77.202239433533606, 35.94735519354338 ], [ -77.202132168715607, 35.947200148117588 ], [ -77.202127693745595, 35.947193937287103 ], [ -77.202009033694168, 35.947035722900928 ], [ -77.202005138879457, 35.947030143876596 ], [ -77.201839823058165, 35.946775282051696 ], [ -77.201838199524488, 35.946772693307508 ], [ -77.20174233590356, 35.946614518556643 ], [ -77.201735297611776, 35.946603708035788 ], [ -77.201534285315049, 35.946315720090602 ], [ -77.201528260097334, 35.946305932946082 ], [ -77.201344739126384, 35.945965388605543 ], [ -77.201343220470719, 35.945962623024151 ], [ -77.20127064105175, 35.945832886801298 ], [ -77.201255790284009, 35.945810123545769 ], [ -77.201124695756988, 35.945636260096499 ], [ -77.20112141757204, 35.945631646329986 ], [ -77.201018869333751, 35.945478303573402 ], [ -77.201016235780628, 35.945473887011431 ], [ -77.201014566306426, 35.945469023424188 ], [ -77.200895315339693, 35.945052592009546 ], [ -77.200889123245034, 35.945034341696548 ], [ -77.20088120332646, 35.945016772096366 ], [ -77.200789883840713, 35.944837750049338 ], [ -77.200788167936224, 35.944834216389523 ], [ -77.200724843093965, 35.944697012537404 ], [ -77.200721500641578, 35.944688839865883 ], [ -77.200657554917555, 35.944510363602959 ], [ -77.200654227270022, 35.944501712715571 ], [ -77.200567091252225, 35.944289964071139 ], [ -77.200557843814764, 35.944270533920431 ], [ -77.200478151002912, 35.944123972053355 ], [ -77.200476178977453, 35.944119918936394 ], [ -77.200474974551767, 35.94411559454155 ], [ -77.2004443014157, 35.943982679304888 ], [ -77.200443328684742, 35.943976962114249 ], [ -77.2004430273727, 35.943971170595631 ], [ -77.200443689439965, 35.943865989359402 ], [ -77.200442921148678, 35.943847171862345 ], [ -77.200440386262798, 35.943828510061245 ], [ -77.200436107259677, 35.943810169434229 ], [ -77.200430122082153, 35.943792312611528 ], [ -77.200422483802058, 35.943775097933369 ], [ -77.200256899886497, 35.943444807021351 ], [ -77.200253413581692, 35.943437044672699 ], [ -77.200113744958443, 35.94308690399788 ], [ -77.200107732318671, 35.94307331975488 ], [ -77.200013346759505, 35.942879830234659 ], [ -77.200009166154331, 35.942869945444215 ], [ -77.199951005731904, 35.942708811515644 ], [ -77.199948892710822, 35.942703220439412 ], [ -77.19984011608409, 35.942427908489634 ], [ -77.19983320646935, 35.942412384720122 ], [ -77.199672323412614, 35.942088691805864 ], [ -77.199670260548558, 35.942083931046689 ], [ -77.199669770402338, 35.94207876577881 ], [ -77.199664147421259, 35.941945694274182 ], [ -77.199664128023599, 35.941942004121067 ], [ -77.199664381307286, 35.941938322619635 ], [ -77.199680145486113, 35.941789687315968 ], [ -77.199681237401649, 35.941771662414915 ], [ -77.199680699062426, 35.941753612497237 ], [ -77.199678534857128, 35.941735684710068 ], [ -77.199674762428842, 35.941718025204914 ], [ -77.199669412531293, 35.941700777946188 ], [ -77.199552990857526, 35.941377771690568 ], [ -77.199550911270507, 35.941372258005273 ], [ -77.199473290333017, 35.941175296496077 ], [ -77.199470575738957, 35.94116875067553 ], [ -77.199229496784511, 35.9406153428395 ], [ -77.199219350427882, 35.940595228466861 ], [ -77.199099313854219, 35.9403872903642 ], [ -77.199096792032563, 35.940382642101802 ], [ -77.199013730454013, 35.940219383280997 ], [ -77.19901133455015, 35.940213874668032 ], [ -77.199009619734127, 35.940208117535391 ], [ -77.198957986074092, 35.939986707173212 ], [ -77.198953272527945, 35.939969862859328 ], [ -77.198947105265631, 35.939953494801941 ], [ -77.19893953145872, 35.939937728195574 ], [ -77.198835546725121, 35.939743508587483 ], [ -77.198825637360386, 35.939726969156169 ], [ -77.198720208879195, 35.939568827053272 ], [ -77.198714352791399, 35.939558832395861 ], [ -77.198653240358638, 35.939439118638262 ], [ -77.198643123811323, 35.939421559317339 ], [ -77.198631282274434, 35.939405113883787 ], [ -77.198518100307012, 35.939263636304482 ], [ -77.198514065291121, 35.939258227999552 ], [ -77.198478025583796, 35.93920635784729 ], [ -77.198466355824564, 35.93919116953446 ], [ -77.198453286680007, 35.939177167192241 ], [ -77.198438938016437, 35.939164479245953 ], [ -77.198423441435537, 35.939153222065677 ], [ -77.198406939067354, 35.939143498898936 ], [ -77.198389582266714, 35.939135398923717 ], [ -77.198371530225032, 35.93912899643059 ], [ -77.198352948510276, 35.939124350141327 ], [ -77.198334007548411, 35.939121502670318 ], [ -77.198314881060341, 35.93912048013371 ], [ -77.198295744468524, 35.939121291909913 ], [ -77.198276773288086, 35.939123930553556 ], [ -77.198258141517087, 35.939128371863781 ], [ -77.198222874894341, 35.939138585857052 ], [ -77.198218108085783, 35.939139707401232 ], [ -77.198215416387242, 35.93913561654751 ], [ -77.198088650844539, 35.938919824232897 ], [ -77.198085240488581, 35.93891423063716 ], [ -77.197805783556888, 35.938472321340832 ], [ -77.197788495208258, 35.938448938481336 ], [ -77.197539266047173, 35.938158638199376 ], [ -77.197521563764653, 35.938140486007001 ], [ -77.197304333844329, 35.937944309340381 ], [ -77.197086836672497, 35.937746062947696 ], [ -77.197068245273016, 35.937731048814697 ], [ -77.196799129248419, 35.937539098777691 ], [ -77.196526160492112, 35.937343700353622 ], [ -77.196516332526812, 35.93733567416713 ], [ -77.1964513398581, 35.937275324310825 ], [ -77.196450640242816, 35.93727467776916 ], [ -77.196159981499363, 35.937007349306612 ], [ -77.196143251876236, 35.936993559094134 ], [ -77.195916184824966, 35.936826201712655 ], [ -77.195898719925523, 35.936814688369509 ], [ -77.195880147998437, 35.93680506219129 ], [ -77.195860672211197, 35.936797428483516 ], [ -77.195840505619074, 35.936791870755101 ], [ -77.195477411142718, 35.936711972743893 ], [ -77.195473052855434, 35.936710804718302 ], [ -77.195468993445147, 35.936708877586582 ], [ -77.194071661754919, 35.935966948366399 ], [ -77.194068084639468, 35.935964854100526 ], [ -77.194064693712789, 35.935962470128175 ], [ -77.193915092670068, 35.935847719904608 ], [ -77.193899258023919, 35.935836743672567 ], [ -77.193882440690373, 35.93582734202478 ], [ -77.193864796740058, 35.935819602211751 ], [ -77.193555888458533, 35.935701489547874 ], [ -77.193552067097656, 35.935699842650592 ], [ -77.19354839626692, 35.935697883040874 ], [ -77.192778924330142, 35.935244904159411 ], [ -77.192769421202499, 35.935238550993674 ], [ -77.191983232531811, 35.934645182155407 ], [ -77.191982748802971, 35.934644818213172 ], [ -77.191671154831553, 35.934411122439187 ], [ -77.191366989998542, 35.934182024650696 ], [ -77.191350430309996, 35.934170804156302 ], [ -77.190407589234937, 35.93359857707015 ], [ -77.190402493587555, 35.933595268487117 ], [ -77.189832102583907, 35.93319977045514 ], [ -77.189829901830763, 35.933198200019547 ], [ -77.189060958739006, 35.932633647124945 ], [ -77.189051509343344, 35.932625769779527 ], [ -77.188792589614934, 35.9323813862907 ], [ -77.188777655327982, 35.93236861764764 ], [ -77.188761540190811, 35.932357376049602 ], [ -77.188744399743157, 35.932347769998024 ], [ -77.188365535721829, 35.932159271043602 ], [ -77.188364448938799, 35.932158722049266 ], [ -77.18750763746327, 35.931719331467903 ], [ -77.187506342009726, 35.931718673065568 ], [ -77.18723507234138, 35.93158204054108 ], [ -77.186845994241523, 35.93138651417437 ], [ -77.186836300495642, 35.93138094261289 ], [ -77.186411190791645, 35.931103861956053 ], [ -77.186392459031779, 35.931093048845135 ], [ -77.186372669147559, 35.931084321722032 ], [ -77.185823234444527, 35.930876736619183 ], [ -77.185808558111731, 35.930871831605032 ], [ -77.185079681929636, 35.930659201511787 ], [ -77.185078298240185, 35.93065880325652 ], [ -77.184040961850144, 35.930364274999555 ], [ -77.184039018624375, 35.930363733838981 ], [ -77.182945171384858, 35.930065048772981 ], [ -77.182944810501411, 35.930064950592929 ], [ -77.182570108766285, 35.929963387386159 ], [ -77.182559807380542, 35.929960886259785 ], [ -77.182216048784341, 35.929887012230374 ], [ -77.181870784348391, 35.929813026912882 ], [ -77.181861153388851, 35.929811208739238 ], [ -77.180490061525148, 35.929587011090319 ], [ -77.18014627037762, 35.929531045487913 ], [ -77.179804655418366, 35.929474441132122 ], [ -77.179799354706077, 35.929473415038196 ], [ -77.179333233544355, 35.929370053802913 ], [ -77.178865763607348, 35.9292651733493 ], [ -77.178864222289377, 35.929264814706798 ], [ -77.178256824848077, 35.929118405846218 ], [ -77.178245084758387, 35.929115945984236 ], [ -77.177839229221931, 35.929043539664441 ], [ -77.177810535883907, 35.929040534357398 ], [ -77.176989505914563, 35.929014112770901 ], [ -77.176982493775313, 35.929013639940493 ], [ -77.176359344333306, 35.928949550824044 ], [ -77.176348615593199, 35.92894873834576 ], [ -77.175542634993647, 35.928909469783939 ], [ -77.17552334667694, 35.928909461230099 ], [ -77.174868030635864, 35.928940806608693 ], [ -77.174859949995323, 35.928940866117159 ], [ -77.174470999821224, 35.92892799976061 ], [ -77.174084093836811, 35.928915234384966 ], [ -77.174069889985788, 35.928915270401646 ], [ -77.173682990863895, 35.928930000146032 ], [ -77.173299378936662, 35.928944604432743 ], [ -77.173278700827055, 35.928946470101131 ], [ -77.1732706508771, 35.928947620194414 ], [ -77.173265342620937, 35.928948451487379 ], [ -77.172687194609935, 35.929046965505812 ], [ -77.172479241476623, 35.929081957652215 ], [ -77.172316021991961, 35.929108995099412 ], [ -77.172079582539965, 35.929148083410283 ], [ -77.172056704687876, 35.929153259736367 ], [ -77.17161118493479, 35.929281943487275 ], [ -77.171610796772228, 35.929282056029031 ], [ -77.171163757724017, 35.929412157900892 ], [ -77.171144563627664, 35.929418818726987 ], [ -77.170398192812584, 35.929721122229431 ], [ -77.170379318894391, 35.929729937181435 ], [ -77.17036146422322, 35.929740667460266 ], [ -77.170344822490179, 35.929753196661672 ], [ -77.170329574228177, 35.929767388866317 ], [ -77.170038705856157, 35.930067864678769 ], [ -77.170026640124405, 35.930081522730831 ], [ -77.170015867732431, 35.930096222385245 ], [ -77.169763868727514, 35.930475169027289 ], [ -77.169755337989301, 35.9304862326983 ], [ -77.169503651714919, 35.930769267688021 ], [ -77.169492105485077, 35.930783517550324 ], [ -77.169481913177165, 35.930798765201232 ], [ -77.169473160501852, 35.930814882417927 ], [ -77.169465921063448, 35.93083173366508 ], [ -77.169266396707002, 35.931361976052742 ], [ -77.169260786514585, 35.93137921939875 ], [ -77.169256761144993, 35.93139689999942 ], [ -77.169143185975202, 35.932026375796205 ], [ -77.169139917941706, 35.932039403050638 ], [ -77.169040991144911, 35.932345000095616 ], [ -77.168941246838131, 35.932653119202165 ], [ -77.168939837027523, 35.932656935654876 ], [ -77.168938120968647, 35.93266062455961 ], [ -77.168842110437254, 35.932846767507982 ], [ -77.168841871530418, 35.932847232183761 ], [ -77.168801144441119, 35.932926701814566 ], [ -77.168662085979548, 35.933195815909194 ], [ -77.168661895848885, 35.933196184799144 ], [ -77.168427421885355, 35.933652270625728 ], [ -77.168422071557075, 35.933661443685786 ], [ -77.168224801756168, 35.933961765753217 ], [ -77.168223143777425, 35.933964210381632 ], [ -77.16816825359686, 35.934042625227455 ], [ -77.167953984463281, 35.934345764605993 ], [ -77.167948220481819, 35.934354385015752 ], [ -77.16776428043633, 35.934645542131811 ], [ -77.167763704432872, 35.934646459373809 ], [ -77.167666084777011, 35.934802849976556 ], [ -77.167619063672433, 35.934877884491648 ], [ -77.167597171391833, 35.934912713680148 ], [ -77.167580134665442, 35.934939615349215 ], [ -77.167575582235102, 35.93494620355068 ], [ -77.167384177006326, 35.935200752048559 ], [ -77.166997591775413, 35.935711563139051 ], [ -77.166994852728152, 35.935714875490198 ], [ -77.166991838597511, 35.935717939857184 ], [ -77.166505070965428, 35.936171925935682 ], [ -77.166504911783164, 35.936172074559899 ], [ -77.16626510030062, 35.936396224616438 ], [ -77.166254265863927, 35.936405017335566 ], [ -77.165717783560865, 35.936781443409522 ], [ -77.165716187623644, 35.936782540301778 ], [ -77.165411128907152, 35.936987887366492 ], [ -77.165407920180854, 35.93698987523171 ], [ -77.165404570401833, 35.936991614918917 ], [ -77.165048189502571, 35.937159906172177 ], [ -77.164657756042502, 35.937343232059987 ], [ -77.1646539311797, 35.937344837487153 ], [ -77.164649906872029, 35.937345783046922 ], [ -77.164216032960425, 35.937428992068149 ], [ -77.163778350216589, 35.937512739827035 ], [ -77.163775624489745, 35.937513222367969 ], [ -77.163304193827273, 35.937589966815885 ], [ -77.162835673194266, 35.93766524783716 ], [ -77.16283097684655, 35.937665775584478 ], [ -77.162826251540082, 35.93766585631257 ], [ -77.161945575751318, 35.937639138587073 ], [ -77.161936439052639, 35.937638441157638 ], [ -77.161038869593298, 35.937528353254137 ], [ -77.161033104067158, 35.937527730807702 ], [ -77.160324084167911, 35.937461568702254 ], [ -77.160312012613034, 35.937459692081632 ], [ -77.159650316885191, 35.937314915596808 ], [ -77.159623392190397, 35.937310920641011 ], [ -77.158818723693898, 35.93724705794957 ], [ -77.158817260380786, 35.937246930992309 ], [ -77.158069985492517, 35.937176564226142 ], [ -77.158058108457595, 35.937174719645469 ], [ -77.15765549738795, 35.937087109969177 ], [ -77.157251105813714, 35.936996917520617 ], [ -77.157242840659165, 35.93699525617064 ], [ -77.15700753295252, 35.936953096921499 ], [ -77.156888060087027, 35.936931012408941 ], [ -77.156173058662304, 35.936799380697281 ], [ -77.156168916919469, 35.936798663117742 ], [ -77.155422318469164, 35.936677377844028 ], [ -77.155417683546247, 35.93667651226707 ], [ -77.154994210532962, 35.936587046505259 ], [ -77.15456983429074, 35.936496393837288 ], [ -77.154566164356595, 35.936495537262417 ], [ -77.153763474207196, 35.936292162523493 ], [ -77.153738205588667, 35.936287463935898 ], [ -77.153089543059508, 35.936209546591343 ], [ -77.153080419825727, 35.936208662256959 ], [ -77.152760139658611, 35.93618501051342 ], [ -77.152614077674869, 35.936174006259371 ], [ -77.152144640920312, 35.936139047815999 ], [ -77.152143341892582, 35.93613895533084 ], [ -77.151090322291537, 35.936067429891196 ], [ -77.151077644698788, 35.93606697203127 ], [ -77.150398991229849, 35.936063999490109 ], [ -77.149720689457837, 35.936061029144895 ], [ -77.149707306882817, 35.936061418658269 ], [ -77.148916123820086, 35.936110991383792 ], [ -77.148915858583393, 35.936111008179509 ], [ -77.1481209261445, 35.936161876401457 ], [ -77.148117052290388, 35.936162048948347 ], [ -77.147721122686363, 35.936171996977762 ], [ -77.147720858611521, 35.936172003787348 ], [ -77.146931518734846, 35.936192879810037 ], [ -77.146922470738247, 35.936192709276426 ], [ -77.146059099826601, 35.936137263409016 ], [ -77.146055015821233, 35.936136831772799 ], [ -77.146050981147795, 35.936136065731048 ], [ -77.145546117151795, 35.936018495294739 ], [ -77.145541887799382, 35.936017412521615 ], [ -77.145073358447235, 35.935886499536487 ], [ -77.145068107787367, 35.935884711750603 ], [ -77.145063088477727, 35.93588235121301 ], [ -77.144465298204878, 35.935559406991274 ], [ -77.14445323542212, 35.935551726661288 ], [ -77.143770059716218, 35.935044535554155 ], [ -77.143766004251503, 35.935041359505917 ], [ -77.143510064993905, 35.934830060679346 ], [ -77.143015838744404, 35.934421244634301 ], [ -77.143001530731283, 35.93441045143264 ], [ -77.142986313937982, 35.934400982449404 ], [ -77.142970310560116, 35.934392913723464 ], [ -77.142396599069031, 35.934135213773693 ], [ -77.142372817027692, 35.934126299200535 ], [ -77.141827630436993, 35.933960577663647 ], [ -77.141805759753851, 35.933955253496507 ], [ -77.141783429317144, 35.933952420629922 ], [ -77.141708808613842, 35.933947197338497 ], [ -77.141703169714503, 35.933946882563255 ], [ -77.141683372983209, 35.933946057660016 ], [ -77.141680612052411, 35.933945904349507 ], [ -77.141319717346377, 35.933920854734261 ], [ -77.141301973865097, 35.933920412624794 ], [ -77.141284261058331, 35.93392154534957 ], [ -77.141266718426209, 35.933924243987612 ], [ -77.140791246527584, 35.934019154476282 ], [ -77.140763297023483, 35.934026877069741 ], [ -77.140207680748119, 35.93422475461908 ], [ -77.140141479846648, 35.934247786782024 ], [ -77.140134535979698, 35.934250347633707 ], [ -77.139628422957401, 35.934447711697928 ], [ -77.139611891003113, 35.934455035827241 ], [ -77.139330990725767, 35.934594999477689 ], [ -77.138763527567249, 35.934877749580465 ], [ -77.138743142939234, 35.934889449644302 ], [ -77.138440178755204, 35.93508787696252 ], [ -77.138127146924404, 35.935291898526081 ], [ -77.138070500680612, 35.935328668446488 ], [ -77.138069482006074, 35.935329334096799 ], [ -77.137815054384305, 35.935496695909706 ], [ -77.137799476084169, 35.935508055622321 ], [ -77.137050080830861, 35.936111928233601 ], [ -77.136543016267922, 35.936519568339826 ], [ -77.136537062707262, 35.936524547765451 ], [ -77.135914124762351, 35.937066444603971 ], [ -77.135902452277477, 35.937077451456361 ], [ -77.135891699586693, 35.93708935848553 ], [ -77.135445714454931, 35.937624930637575 ], [ -77.135442159186979, 35.93762897354901 ], [ -77.135197994194925, 35.93789199638487 ], [ -77.134466298201929, 35.938680281950802 ], [ -77.134456145429695, 35.93869211312056 ], [ -77.133863333051053, 35.939440044567078 ], [ -77.133860886277276, 35.939442903231871 ], [ -77.133858231094806, 35.939445569441816 ], [ -77.133584991049531, 35.9396999997508 ], [ -77.133312108963636, 35.939954096391517 ], [ -77.133305636545487, 35.939959627775856 ], [ -77.132994991388074, 35.940202999492044 ], [ -77.13268574804323, 35.940445273292767 ], [ -77.132680802199246, 35.940448687165699 ], [ -77.132675480954049, 35.940451480058464 ], [ -77.132114905089338, 35.940703787707946 ], [ -77.132109915584593, 35.940705717501103 ], [ -77.132104628826681, 35.940706535700379 ], [ -77.131750018262366, 35.940741997131781 ], [ -77.131396071238612, 35.940777294005137 ], [ -77.131381881479356, 35.940777695226522 ], [ -77.130880590475527, 35.940756197134164 ], [ -77.13087601949789, 35.940755789754014 ], [ -77.130871619555563, 35.940754555924883 ], [ -77.130438070408772, 35.94061134691551 ], [ -77.130434063967371, 35.940609829783355 ], [ -77.13043039018801, 35.9406076568823 ], [ -77.130067076167251, 35.940371307891439 ], [ -77.130062227559165, 35.940367717438505 ], [ -77.130057849023586, 35.940363566681803 ], [ -77.129682444355026, 35.939961765897898 ], [ -77.129674195852957, 35.939951694976436 ], [ -77.129507014276385, 35.939718031568908 ], [ -77.129166287940038, 35.939242207841936 ], [ -77.129164124387586, 35.939238919833578 ], [ -77.129162226698526, 35.939235471538773 ], [ -77.129000991027169, 35.938912999927254 ], [ -77.128836045813301, 35.938583109010175 ], [ -77.128674192149361, 35.938258408791384 ], [ -77.128671921978295, 35.938253529911236 ], [ -77.128518084692757, 35.937898215962349 ], [ -77.128364278271562, 35.937540667411753 ], [ -77.128363713523669, 35.9375393278114 ], [ -77.128194863183282, 35.937130532366091 ], [ -77.128191571654597, 35.937121305786974 ], [ -77.128067479308925, 35.936710923029615 ], [ -77.128064251024611, 35.936701160133417 ], [ -77.127810792435099, 35.935996012861764 ], [ -77.127809266533063, 35.935990932945721 ], [ -77.127808289322729, 35.935985719599344 ], [ -77.127707932287194, 35.935230081835158 ], [ -77.127705548233664, 35.935216002953005 ], [ -77.12763500287025, 35.934874054964318 ], [ -77.127492563982017, 35.934181644482493 ], [ -77.127488828019381, 35.934166501754646 ], [ -77.127286505470437, 35.933465249015292 ], [ -77.127284057785729, 35.933454616593373 ], [ -77.127164621691506, 35.932765639103124 ], [ -77.127164126591509, 35.932761986098001 ], [ -77.127163902447023, 35.932758306514842 ], [ -77.127147554025711, 35.932074548640522 ], [ -77.127145622400008, 35.932051194670251 ], [ -77.127140972381525, 35.93202822694434 ], [ -77.127037477746796, 35.931636622991284 ], [ -77.127036326765477, 35.93163095168012 ], [ -77.127035841623439, 35.931625185124574 ], [ -77.127027408594898, 35.93129820186892 ], [ -77.127026338832337, 35.931282069586985 ], [ -77.127023969520422, 35.931266076423654 ], [ -77.126905331497952, 35.930640792618632 ], [ -77.126904716894472, 35.930637196258196 ], [ -77.126787665313344, 35.929868002491958 ], [ -77.126783106318427, 35.929846251074324 ], [ -77.126702000976834, 35.929544038072031 ], [ -77.126539357068097, 35.928938963857057 ], [ -77.126532995580902, 35.928919380726377 ], [ -77.126524654350447, 35.928900555440165 ], [ -77.126209797382629, 35.928278544220817 ], [ -77.126203845947742, 35.928267641071187 ], [ -77.125790951672798, 35.927564084671353 ], [ -77.125781746827059, 35.927549823083361 ], [ -77.125771365830786, 35.927536393377707 ], [ -77.125759883458855, 35.927523892289273 ], [ -77.125540288906336, 35.927304296800457 ], [ -77.12553969296566, 35.927303703358 ], [ -77.125301011625638, 35.927067019980463 ], [ -77.1249372193938, 35.926706062375629 ], [ -77.124922505450641, 35.926692841159323 ], [ -77.124906557411535, 35.926681138136949 ], [ -77.124889531288446, 35.926671067793528 ], [ -77.124448873466974, 35.926439047981184 ], [ -77.124433379488565, 35.92643171991952 ], [ -77.124417314983518, 35.926425745345725 ], [ -77.124400797931102, 35.926421168137637 ], [ -77.124106382457512, 35.92635301663266 ], [ -77.124102072464794, 35.926351812011447 ], [ -77.124098240845683, 35.926349499903246 ], [ -77.123810536379295, 35.926157696883358 ], [ -77.123795507059626, 35.92614860442206 ], [ -77.123779737900605, 35.926140865757723 ], [ -77.123763350542859, 35.926134540585117 ], [ -77.123746471395748, 35.926129677695563 ], [ -77.122843343105771, 35.925911941900338 ], [ -77.122826884081022, 35.925908697505626 ], [ -77.122810211059914, 35.925906843871367 ], [ -77.122435108702376, 35.925881007594022 ], [ -77.121669503617767, 35.925827367175025 ], [ -77.121650017511911, 35.925826953950093 ], [ -77.121630583713653, 35.925828439400149 ], [ -77.120754097044625, 35.925938604369833 ], [ -77.120732110857958, 35.925942626549912 ], [ -77.120308253564431, 35.926044936227051 ], [ -77.120307728116273, 35.926045063810413 ], [ -77.11990586817312, 35.926143214332924 ], [ -77.119885124127705, 35.926149489624599 ], [ -77.119865180880012, 35.926157972641562 ], [ -77.119846272610971, 35.926168563773103 ], [ -77.119056504702655, 35.926669001623594 ], [ -77.119036921237736, 35.926683137153908 ], [ -77.119019184468144, 35.926699530210961 ], [ -77.118734004862873, 35.926996985875974 ], [ -77.118711005056653, 35.927020984889289 ], [ -77.118443131153228, 35.927300380824924 ], [ -77.118432492153559, 35.927312408938612 ], [ -77.118422852413644, 35.927325251806167 ], [ -77.11782385087831, 35.928193852863174 ], [ -77.117820805122633, 35.928197825517792 ], [ -77.117817025995777, 35.928201108323243 ], [ -77.117265573545552, 35.928633407583611 ], [ -77.117260814651033, 35.92863671005572 ], [ -77.117255704392861, 35.928639437446066 ], [ -77.116391331457478, 35.929037998373573 ], [ -77.116386926083194, 35.929039779742077 ], [ -77.116382262523004, 35.929040691774681 ], [ -77.115011248808358, 35.929241376794081 ], [ -77.115006980376904, 35.929241815084865 ], [ -77.115002715870233, 35.92924151572381 ], [ -77.114031451600397, 35.929131505197759 ], [ -77.114027031857432, 35.929130802525791 ], [ -77.114022826151142, 35.929129326388257 ], [ -77.11336975446288, 35.928866913643638 ], [ -77.113365113702599, 35.928864766192333 ], [ -77.113360717429842, 35.928862154489771 ], [ -77.11299714806313, 35.928620103715041 ], [ -77.112633894850916, 35.928377277415407 ], [ -77.112623903536644, 35.928371016522703 ], [ -77.111956990953061, 35.927979999781734 ], [ -77.111623788016885, 35.92778463988099 ], [ -77.111618306876508, 35.92778118277343 ], [ -77.111263064781539, 35.927540683370985 ], [ -77.111248269516551, 35.927531578116813 ], [ -77.111232739906555, 35.92752379115764 ], [ -77.11121659312461, 35.927517381247149 ], [ -77.111199951000401, 35.927512396749002 ], [ -77.111013312800466, 35.927465224383326 ], [ -77.11099263690933, 35.927461143874666 ], [ -77.110971646426052, 35.927459261685236 ], [ -77.110950574420059, 35.927459598714073 ], [ -77.110929654865942, 35.927462151218954 ], [ -77.110909120045577, 35.927466890857943 ], [ -77.110690534538506, 35.927529639246998 ], [ -77.110672545059217, 35.927535742007379 ], [ -77.110655215726908, 35.927543523992448 ], [ -77.110638702880365, 35.927552914996042 ], [ -77.110623155492291, 35.927563830296037 ], [ -77.110608713825442, 35.927576171418679 ], [ -77.110255031440701, 35.9279087383389 ], [ -77.110242588644368, 35.927921531179948 ], [ -77.11023133575182, 35.927935382258298 ], [ -77.110039061109674, 35.928194904344515 ], [ -77.110038920328691, 35.928195094598443 ], [ -77.109637761683572, 35.928737898931871 ], [ -77.109630552265429, 35.928748330255381 ], [ -77.10944312108235, 35.929038799353528 ], [ -77.109442862679202, 35.92903920086173 ], [ -77.1092530741128, 35.929334870298966 ], [ -77.109064292806082, 35.929627979725637 ], [ -77.109061594950234, 35.929631955328254 ], [ -77.108455486288705, 35.930480507081192 ], [ -77.108450205836547, 35.930487266519066 ], [ -77.107791054971486, 35.931260234250082 ], [ -77.107783233527641, 35.931270010152083 ], [ -77.107782955462966, 35.931270380920054 ], [ -77.107778859837097, 35.931275484990906 ], [ -77.107567196105762, 35.931522263204329 ], [ -77.10756382372611, 35.931525824438623 ], [ -77.107560117702036, 35.93152903702655 ], [ -77.106448326017727, 35.932400816374908 ], [ -77.106437139077514, 35.932408424047864 ], [ -77.105490816853916, 35.932962175607479 ], [ -77.105485863711777, 35.932964713697238 ], [ -77.105480658311933, 35.932966683298808 ], [ -77.104619751427037, 35.933238497071059 ], [ -77.104614940336631, 35.933239755917143 ], [ -77.104610027750624, 35.933240529083108 ], [ -77.10383133821378, 35.933323536246334 ], [ -77.103822620754187, 35.933324081712037 ], [ -77.102927201354916, 35.933340902206602 ], [ -77.102922028643519, 35.93334072981034 ], [ -77.102917003513667, 35.933339490966659 ], [ -77.102146812307538, 35.933106458048925 ], [ -77.102142089147023, 35.933104765136086 ], [ -77.10213756012314, 35.933102605936639 ], [ -77.101818314867799, 35.932930174522397 ], [ -77.101176269904727, 35.932580331107189 ], [ -77.101172134593313, 35.932577809184423 ], [ -77.101168565770436, 35.932574534099068 ], [ -77.100916126487647, 35.93231913653684 ], [ -77.100659990769771, 35.932059000163854 ], [ -77.100407466179718, 35.931802528778121 ], [ -77.100404182226185, 35.9317988453382 ], [ -77.100401278576726, 35.931794855237861 ], [ -77.100224068086291, 35.931524117302281 ], [ -77.100223914087863, 35.931523882387353 ], [ -77.099683848389887, 35.930701306478895 ], [ -77.099682112919623, 35.930698707662067 ], [ -77.098885973295339, 35.929526446276334 ], [ -77.098883983301519, 35.929523570565536 ], [ -77.098516173264059, 35.929001861056832 ], [ -77.098504279389189, 35.928986613065568 ], [ -77.09849096849446, 35.928972585037236 ], [ -77.097933765645735, 35.928439523607523 ], [ -77.097921794760495, 35.92842895370682 ], [ -77.097508103119381, 35.928092091137799 ], [ -77.097507878475582, 35.928091908484156 ], [ -77.097205119748466, 35.927846104875101 ], [ -77.097204861969857, 35.927845895944479 ], [ -77.09698187809704, 35.927665472879191 ], [ -77.096963283853086, 35.927652113526406 ], [ -77.096943284593436, 35.927640966875423 ], [ -77.09667323932031, 35.927510120142991 ], [ -77.096672743648242, 35.927509880813538 ], [ -77.095802954128814, 35.92709138808236 ], [ -77.095798166326915, 35.92708875060061 ], [ -77.09579407046715, 35.927085130753639 ], [ -77.095340161785316, 35.926637128842977 ], [ -77.095337142769509, 35.926633871261828 ], [ -77.095334425522282, 35.926630358021256 ], [ -77.094769401777384, 35.925828421430388 ], [ -77.094764875095734, 35.92582138929167 ], [ -77.094401571474023, 35.925201467221328 ], [ -77.094392649509032, 35.925187589145096 ], [ -77.094382614034231, 35.925174493660954 ], [ -77.094371533341658, 35.925162269884481 ], [ -77.094069847952881, 35.924855870157884 ], [ -77.094055709127602, 35.924842828744048 ], [ -77.094040382885368, 35.92483120587201 ], [ -77.094024010988136, 35.924821109048935 ], [ -77.094006744869759, 35.924812631666612 ], [ -77.093988744235276, 35.924805852137617 ], [ -77.093970175583749, 35.924800833170032 ], [ -77.093951210668166, 35.924797621187402 ], [ -77.093932024906834, 35.924796245899351 ], [ -77.093912795760772, 35.924796720026769 ], [ -77.09366740909239, 35.924814605377264 ], [ -77.093656603358539, 35.924815688593519 ], [ -77.093021411091414, 35.924896835765409 ], [ -77.093001635315758, 35.924900379462024 ], [ -77.092982314847234, 35.924905889324513 ], [ -77.092963644648265, 35.924913309752988 ], [ -77.092945813119385, 35.924922565868066 ], [ -77.092373868531709, 35.925256947257914 ], [ -77.092359006016395, 35.925266542799349 ], [ -77.092345049584281, 35.925277414173685 ], [ -77.092332108433581, 35.925289476320906 ], [ -77.092320283818694, 35.925302634864124 ], [ -77.091997669166545, 35.92569526887717 ], [ -77.091986057632269, 35.925710892763163 ], [ -77.091976019985808, 35.925727571468016 ], [ -77.091967651317219, 35.925745146988717 ], [ -77.091701507578549, 35.926382250719996 ], [ -77.091695142360408, 35.926399733020105 ], [ -77.091690429216214, 35.926417731161422 ], [ -77.091687408931975, 35.926436089393967 ], [ -77.091686107644236, 35.926454648851646 ], [ -77.091672793288126, 35.927021821851497 ], [ -77.091673536831735, 35.927044370895821 ], [ -77.091676815273829, 35.927066692725369 ], [ -77.091682586895246, 35.927088503288026 ], [ -77.091966993038028, 35.927960937094134 ], [ -77.091968790608433, 35.92796712032937 ], [ -77.092071815347197, 35.928369408784981 ], [ -77.092072747981277, 35.928373932271519 ], [ -77.092069619041581, 35.928377329545789 ], [ -77.091916639531277, 35.928528397089352 ], [ -77.091912846550869, 35.928531776793449 ], [ -77.091908208328107, 35.928533849470028 ], [ -77.091362072784491, 35.928745035189877 ], [ -77.0913569458789, 35.928746703014703 ], [ -77.09135155492379, 35.928746636650978 ], [ -77.090744870038478, 35.928706062131376 ], [ -77.090728998654527, 35.928705632289834 ], [ -77.090713143185894, 35.928706462775764 ], [ -77.089558339197069, 35.928813045259616 ], [ -77.089537798456504, 35.928816022608423 ], [ -77.088847536315214, 35.928952971430583 ], [ -77.088827980144643, 35.928957887746641 ], [ -77.088809018420974, 35.928964748286425 ], [ -77.088790843896746, 35.928973483310159 ], [ -77.088773641322334, 35.928984004023278 ], [ -77.088757585567933, 35.928996203479052 ], [ -77.088291571202234, 35.929388872001091 ], [ -77.088276735283955, 35.929402719313835 ], [ -77.088263379030963, 35.929417998811452 ], [ -77.087960007594859, 35.92980283083994 ], [ -77.087945353219339, 35.929824117115288 ], [ -77.087713570593195, 35.930212306258987 ], [ -77.08770647911966, 35.930225244629206 ], [ -77.087700360778683, 35.930238670586327 ], [ -77.087253127627207, 35.931324528078939 ], [ -77.087244575041026, 35.931350049096409 ], [ -77.087032208809617, 35.932161349130872 ], [ -77.087030795210396, 35.932165853698223 ], [ -77.087026882193825, 35.932168495230421 ], [ -77.086675999708305, 35.932381565597495 ], [ -77.086671931687661, 35.932383781809968 ], [ -77.086667301222079, 35.932383920296324 ], [ -77.086324147250266, 35.932378087921371 ], [ -77.086319079180953, 35.932377739947015 ], [ -77.086314841485375, 35.932374938456299 ], [ -77.086013158896819, 35.932152337846965 ], [ -77.086010092500018, 35.932149883155851 ], [ -77.0860072286616, 35.932147194898477 ], [ -77.085639388456102, 35.931773607349264 ], [ -77.085625406154094, 35.931760697117809 ], [ -77.085610260071576, 35.93174917431304 ], [ -77.085043403404313, 35.931359059069543 ], [ -77.08502485055385, 35.931347725301215 ], [ -77.0850051771138, 35.93133847228431 ], [ -77.08498461555665, 35.931331409357711 ], [ -77.084963408849333, 35.931326619980922 ], [ -77.084411373596325, 35.931233144683674 ], [ -77.084391138324094, 35.931230770801598 ], [ -77.084370766534065, 35.931230467932679 ], [ -77.084350469635297, 35.931232239219945 ], [ -77.083564010181902, 35.931341469263899 ], [ -77.083542210210311, 35.931345742619136 ], [ -77.082430648893052, 35.931628549218495 ], [ -77.082413051697571, 35.931633898993027 ], [ -77.082396020368463, 35.931640842709982 ], [ -77.082379698940287, 35.931649321646127 ], [ -77.082364225443882, 35.93165926409479 ], [ -77.082349730739168, 35.931670585972348 ], [ -77.082336337408364, 35.931683191529302 ], [ -77.082324158719302, 35.931696974160005 ], [ -77.081302838535393, 35.932965915598615 ], [ -77.081291814638732, 35.932981004625091 ], [ -77.081282247168033, 35.932997056681714 ], [ -77.081274219648492, 35.933013931632011 ], [ -77.081267802161364, 35.933031482155549 ], [ -77.081263050732147, 35.933049555034067 ], [ -77.081099122621893, 35.933817332364391 ], [ -77.081096547325075, 35.933832076169608 ], [ -77.081095081821601, 35.933846971277717 ], [ -77.081032802464676, 35.934872639705425 ], [ -77.081032967451264, 35.934899348671308 ], [ -77.081119937766942, 35.93608859717375 ], [ -77.081124102483898, 35.936117101675841 ], [ -77.081182991100007, 35.936384000301551 ], [ -77.081244991616387, 35.936664999858742 ], [ -77.081367922156531, 35.937222152184738 ], [ -77.081368731667993, 35.937226938903315 ], [ -77.081365885081908, 35.937230871450978 ], [ -77.081169041373727, 35.937476198326991 ], [ -77.081165844125763, 35.937479807718326 ], [ -77.081161514960272, 35.937481931023868 ], [ -77.080813860694803, 35.937631899323677 ], [ -77.080808935480832, 35.937633720812386 ], [ -77.080803687654566, 35.937633910218416 ], [ -77.080459631745185, 35.937628078287773 ], [ -77.080455040407529, 35.937627787039226 ], [ -77.080450877124889, 35.937625852639108 ], [ -77.079957483197219, 35.937368387483325 ], [ -77.079945062757346, 35.937360701355068 ], [ -77.078611509388864, 35.936393801742163 ], [ -77.07859763042643, 35.936384595289233 ], [ -77.07858303359049, 35.936376575516505 ], [ -77.077355077955076, 35.935767042749191 ], [ -77.076737943929359, 35.935461452696927 ], [ -77.076727910929108, 35.935456825151071 ], [ -77.076399103579831, 35.935316048467669 ], [ -77.076398878214476, 35.935315952142346 ], [ -77.075424968432017, 35.934900390634212 ], [ -77.075409782011121, 35.934894627808625 ], [ -77.075394178030521, 35.934890116342324 ], [ -77.074453690732994, 35.934659136663555 ], [ -77.07443613508616, 35.934655649769653 ], [ -77.07351076945227, 35.934514557662816 ], [ -77.073493943611126, 35.934512716720235 ], [ -77.073477022365367, 35.934512305087118 ], [ -77.072564484657633, 35.934528738617637 ], [ -77.072535686394602, 35.93453134794445 ], [ -77.071499793054514, 35.934701405809584 ], [ -77.071484144890363, 35.934704621247342 ], [ -77.071468803274584, 35.934709075336059 ], [ -77.070303889159135, 35.935098360207952 ], [ -77.070288340048975, 35.935104286186814 ], [ -77.068429474194218, 35.935902792392575 ], [ -77.068016463973052, 35.936077639504539 ], [ -77.068000566740977, 35.936085211303741 ], [ -77.067985397109823, 35.936094152020772 ], [ -77.067971072664733, 35.936104392352966 ], [ -77.067281324848551, 35.936644901823762 ], [ -77.067261803839017, 35.936662379724439 ], [ -77.066771227024049, 35.937163255399319 ], [ -77.066756196228511, 35.937180467398321 ], [ -77.066743226905501, 35.937199281605309 ], [ -77.066732488362291, 35.937219452411291 ], [ -77.066515392601445, 35.937690261714771 ], [ -77.066507780942402, 35.937709272542456 ], [ -77.066502153149756, 35.937728962054209 ], [ -77.06649856822375, 35.937749123830628 ], [ -77.066497063747732, 35.937769546501237 ], [ -77.06648852792037, 35.93815196884497 ], [ -77.06648942400895, 35.938175860181296 ], [ -77.066493164575405, 35.938199473886826 ], [ -77.066586470991922, 35.938622873762299 ], [ -77.066590919150244, 35.938639584556853 ], [ -77.066596794202752, 35.938655848643826 ], [ -77.06660405222803, 35.938671544434214 ], [ -77.06661263896568, 35.938686554587569 ], [ -77.066829226517314, 35.939029825119292 ], [ -77.066839583756575, 35.939044701016179 ], [ -77.066851245301891, 35.939058578086275 ], [ -77.066864115363956, 35.939071342341677 ], [ -77.066878088226559, 35.939082888935282 ], [ -77.066893049114967, 35.939093123022026 ], [ -77.066908875138679, 35.939101960537897 ], [ -77.068174558299773, 35.939735281843355 ], [ -77.068185053832892, 35.939741356552787 ], [ -77.069066495708213, 35.940325682918981 ], [ -77.069069881938603, 35.940328138078286 ], [ -77.069073050616794, 35.94033086825101 ], [ -77.070489578984649, 35.941658801477395 ], [ -77.07049608927629, 35.941665503209258 ], [ -77.071063921588333, 35.942307529615789 ], [ -77.071066801575753, 35.942311106872644 ], [ -77.071068185994463, 35.942315475480775 ], [ -77.071245767614798, 35.942980419290024 ], [ -77.071246766813431, 35.942985026466893 ], [ -77.071246879794145, 35.94298973939668 ], [ -77.071238099624338, 35.943364364796494 ], [ -77.071237781682072, 35.943368913048964 ], [ -77.071234779429673, 35.94337234439994 ], [ -77.070998984689339, 35.943617882648773 ], [ -77.070995867964456, 35.943620859365225 ], [ -77.070992298308155, 35.943623245569462 ], [ -77.070774132818727, 35.943755914064546 ], [ -77.070641487571152, 35.943836276360898 ], [ -77.070636886651428, 35.94383874312949 ], [ -77.070631872083553, 35.943840195474877 ], [ -77.070127811701113, 35.943957874078777 ], [ -77.070122995562457, 35.943958749775149 ], [ -77.070118214295178, 35.943957700243345 ], [ -77.069502363216728, 35.943790188841064 ], [ -77.069498062602705, 35.943788807071321 ], [ -77.069493904655729, 35.94378704183957 ], [ -77.068880165845783, 35.943493000070966 ], [ -77.068876101727284, 35.943490816293 ], [ -77.068872525497511, 35.943487932768939 ], [ -77.068337138158597, 35.943014129535072 ], [ -77.068068359151141, 35.942775326660652 ], [ -77.067581014964503, 35.942338021445629 ], [ -77.06705299793208, 35.941863903225084 ], [ -77.067050972764463, 35.941862109374135 ], [ -77.065422374987236, 35.940439072523333 ], [ -77.06540046062895, 35.940422437264282 ], [ -77.064224187087348, 35.939650998605536 ], [ -77.064198764288079, 35.939636855788059 ], [ -77.062938341771485, 35.939051343337276 ], [ -77.062919244306713, 35.939043640771139 ], [ -77.061972137833934, 35.938717253512976 ], [ -77.061953776688568, 35.9387118934279 ], [ -77.061934987474459, 35.93870831186338 ], [ -77.060951907867533, 35.938569251624898 ], [ -77.06093595216494, 35.938567643954812 ], [ -77.060919918950447, 35.938567319791602 ], [ -77.060052606247496, 35.938584569879744 ], [ -77.060031139483343, 35.938586155403534 ], [ -77.060009967444827, 35.938590038782749 ], [ -77.059301671945278, 35.938759803432582 ], [ -77.059280411296484, 35.938766165288442 ], [ -77.059259986357276, 35.93877484343659 ], [ -77.058536569383648, 35.939130810009544 ], [ -77.058512398874853, 35.939144883011039 ], [ -77.0576143726379, 35.939755619732296 ], [ -77.057596391167792, 35.939769400426599 ], [ -77.056810204595877, 35.940445931897045 ], [ -77.056794589376537, 35.940460913657425 ], [ -77.056040602986513, 35.941267068744558 ], [ -77.056031721429491, 35.941277231521696 ], [ -77.055786457822649, 35.941577766476854 ], [ -77.055773900507333, 35.941594943819979 ], [ -77.05576323915615, 35.941613358023083 ], [ -77.055754594441552, 35.941632800661644 ], [ -77.055748064210306, 35.941653051670627 ], [ -77.055743722376036, 35.941673881835293 ], [ -77.055664918489711, 35.942187377086398 ], [ -77.055662915468147, 35.942206559671902 ], [ -77.055662769469592, 35.942225845997804 ], [ -77.055664481851764, 35.942245056709119 ], [ -77.055668036690207, 35.942264013154087 ], [ -77.05597883777817, 35.943570152123989 ], [ -77.055979740504768, 35.943575008442608 ], [ -77.055979173062639, 35.943579915249813 ], [ -77.055842783235192, 35.944399244223227 ], [ -77.055841779208691, 35.944403883031391 ], [ -77.055838402532771, 35.944407218397991 ], [ -77.055565118569604, 35.944652299166606 ], [ -77.055560826224692, 35.944655739258799 ], [ -77.055555882543288, 35.944658151410081 ], [ -77.055128335525737, 35.944838170766943 ], [ -77.055123954835267, 35.944839776779418 ], [ -77.055119290561095, 35.944839657322966 ], [ -77.054580172434413, 35.944800377677588 ], [ -77.054575066834374, 35.944799737854915 ], [ -77.054570403308944, 35.944797563445853 ], [ -77.053671066816108, 35.944319911477663 ], [ -77.05365202173482, 35.944311045585849 ], [ -77.053632151745276, 35.944304226298883 ], [ -77.053611676072663, 35.944299528853804 ], [ -77.052939015346396, 35.944182004044698 ], [ -77.05225214379351, 35.944062167269557 ], [ -77.052233923220953, 35.944059844572884 ], [ -77.052215566398388, 35.944059203285775 ], [ -77.051069583966722, 35.944071827788633 ], [ -77.051054044555542, 35.944072604202695 ], [ -77.051038612520486, 35.944074586225128 ], [ -77.050192707467943, 35.944216869966326 ], [ -77.050179184588828, 35.944218207215684 ], [ -77.048812846282289, 35.944259882295448 ], [ -77.048805137905376, 35.94425982004735 ], [ -77.048102043405635, 35.944227002335545 ], [ -77.047785816450627, 35.944212407211339 ], [ -77.047768164241091, 35.944212372327158 ], [ -77.047545639442575, 35.944221761487022 ], [ -77.047534365561333, 35.944222556790955 ], [ -77.047440419168623, 35.944231858177652 ], [ -77.047437559003754, 35.944232099956565 ], [ -77.047015340668736, 35.944261694975907 ], [ -77.047010994691291, 35.944261809681379 ], [ -77.04700665523302, 35.944261545528732 ], [ -77.045949267425172, 35.944150762598404 ], [ -77.045934904678887, 35.944148185907444 ], [ -77.045485208071881, 35.944033054905297 ], [ -77.045484774614707, 35.944032944448253 ], [ -77.045008754319397, 35.943912207852414 ], [ -77.045004072797965, 35.943910772327506 ], [ -77.04499955470429, 35.943908884417013 ], [ -77.044038252989793, 35.943450509134628 ], [ -77.044033172145845, 35.943447712194725 ], [ -77.044028451042607, 35.943444343362295 ], [ -77.043776156692118, 35.943241133665353 ], [ -77.043775824937669, 35.943240867036288 ], [ -77.043264782524787, 35.942831039544785 ], [ -77.043261165241702, 35.942827837968522 ], [ -77.043258234321684, 35.942823998106839 ], [ -77.042885008844976, 35.942282378577495 ], [ -77.042882255981326, 35.942277890554429 ], [ -77.042881049551482, 35.942272765601949 ], [ -77.04282999482777, 35.941989019853771 ], [ -77.042675030916513, 35.941128771030392 ], [ -77.042672615444275, 35.941117299911504 ], [ -77.042541009531234, 35.94057207558005 ], [ -77.042212545165441, 35.939206615431544 ], [ -77.042206297344066, 35.93918572481715 ], [ -77.041625305950362, 35.937569780759546 ], [ -77.041619430123262, 35.937555252694253 ], [ -77.041612434838981, 35.937541229284427 ], [ -77.041020065388125, 35.936461780753049 ], [ -77.041018160877627, 35.936457924921719 ], [ -77.041016595551397, 35.936453919381755 ], [ -77.040579309955845, 35.935174858508184 ], [ -77.040576990137396, 35.935167046085283 ], [ -77.040434021491834, 35.934602120161323 ], [ -77.040080316005614, 35.933197179971728 ], [ -77.040075251243806, 35.933180257524192 ], [ -77.040068713093447, 35.933163847965012 ], [ -77.039302979949966, 35.931464388377499 ], [ -77.039294991048777, 35.93144856921964 ], [ -77.039285633153895, 35.93143351936579 ], [ -77.039274979740767, 35.931419356983 ], [ -77.038770977853659, 35.93080775837354 ], [ -77.038757260547825, 35.930792739091004 ], [ -77.038742088649087, 35.930779190776875 ], [ -77.038244175386225, 35.930378147971979 ], [ -77.03824380661024, 35.930377851660815 ], [ -77.038006253370355, 35.930187439753439 ], [ -77.037993071499699, 35.930177732414506 ], [ -77.037979139881813, 35.930169135661274 ], [ -77.03796455185649, 35.930161707090726 ], [ -77.037527277237459, 35.929961131108378 ], [ -77.037526704150252, 35.929960869327573 ], [ -77.037261172245707, 35.929840082015694 ], [ -77.036921877614176, 35.929684923361769 ], [ -77.036905748504111, 35.929678380390584 ], [ -77.036889111588849, 35.929673264560833 ], [ -77.036872092875825, 35.929669614619641 ], [ -77.035656457705358, 35.929463772228836 ], [ -77.035635396683688, 35.929461345617824 ], [ -77.035306137388716, 35.929441008947428 ], [ -77.034626033406511, 35.929398002550613 ], [ -77.033609794381235, 35.929333305480739 ], [ -77.033600177945118, 35.929332925286992 ], [ -77.032529713945848, 35.929316382033953 ], [ -77.032513323322803, 35.929316800878773 ], [ -77.032497022085977, 35.92931856088795 ], [ -77.032480919791055, 35.929321650232993 ], [ -77.03136060160125, 35.92958462181312 ], [ -77.03135738720259, 35.929585404432707 ], [ -77.031026128997183, 35.929668965012837 ], [ -77.031025853251649, 35.929669034778819 ], [ -77.029704959306471, 35.930004231849054 ], [ -77.029690842509197, 35.930006752063974 ], [ -77.028913002115118, 35.930088577564469 ], [ -77.028904960172468, 35.930089096905334 ], [ -77.02812843918197, 35.930107868059665 ], [ -77.028123032210232, 35.930107704080825 ], [ -77.028117788604987, 35.930106374856202 ], [ -77.027698717538712, 35.929975476491286 ], [ -77.027694158674919, 35.929973800700708 ], [ -77.027691722350696, 35.929969598815561 ], [ -77.027546152782435, 35.929687192606565 ], [ -77.027544220617528, 35.929682965979865 ], [ -77.027544856174501, 35.929678362317972 ], [ -77.027767057235948, 35.9284867335709 ], [ -77.027769355224038, 35.928470932865928 ], [ -77.02777038545014, 35.928454999201534 ], [ -77.027795872207477, 35.927420817195681 ], [ -77.02779622153183, 35.927416028233807 ], [ -77.027797029941866, 35.927411295089207 ], [ -77.027970861570338, 35.926624116547785 ], [ -77.027972851908686, 35.926613831062667 ], [ -77.028109130055455, 35.92579517530698 ], [ -77.028110253852418, 35.925790087839779 ], [ -77.028112412560503, 35.925785345981261 ], [ -77.028934045420755, 35.924205818208712 ], [ -77.028936010884706, 35.924202221767231 ], [ -77.029098882877449, 35.923918188163242 ], [ -77.02975511882758, 35.922779512288699 ], [ -77.029756914844313, 35.922776517999942 ], [ -77.030410945700766, 35.921728072890751 ], [ -77.030897114325754, 35.920947226388598 ], [ -77.030904401682633, 35.920934505384686 ], [ -77.031669862447529, 35.91947690381064 ], [ -77.031678300439992, 35.919458664400111 ], [ -77.031684865391966, 35.919439670263678 ], [ -77.031689491017843, 35.919420113183151 ], [ -77.031862063170806, 35.918482345948398 ], [ -77.031864820326248, 35.918460912951623 ], [ -77.031865248976018, 35.918439307593118 ], [ -77.031845281803569, 35.917855921151791 ], [ -77.031843800275624, 35.917837526081968 ], [ -77.031840629490844, 35.917819345882769 ], [ -77.031835796446359, 35.917801535346563 ], [ -77.03182934229234, 35.917784246118273 ], [ -77.031821321981653, 35.917767625404231 ], [ -77.031811803801915, 35.917751814718805 ], [ -77.031800868794136, 35.917736948679533 ], [ -77.031455643682719, 35.917310348735349 ], [ -77.031442085479057, 35.917295233205735 ], [ -77.031427064505451, 35.917281570318991 ], [ -77.031410735592132, 35.917269500906741 ], [ -77.031393267051072, 35.917259149375688 ], [ -77.031374838941034, 35.917250622425307 ], [ -77.030832661848223, 35.917032438980968 ], [ -77.030813001145333, 35.917025691465163 ], [ -77.030792746294495, 35.917021021002078 ], [ -77.030772116084663, 35.917018478041165 ], [ -77.030751333359348, 35.917018090050973 ], [ -77.030730622609511, 35.917019861222514 ], [ -77.030710207548609, 35.917023772423924 ], [ -77.03069030869618, 35.917029781407173 ], [ -77.030185062380156, 35.917211500419008 ], [ -77.030167383373296, 35.917218832106492 ], [ -77.03015048611627, 35.917227820077883 ], [ -77.029887991452426, 35.917383999553387 ], [ -77.029609126025804, 35.91754991977561 ], [ -77.029330318153811, 35.917715213243611 ], [ -77.029327639953038, 35.917716745685766 ], [ -77.02911708171078, 35.917832949966431 ], [ -77.028655698438527, 35.918086958208477 ], [ -77.028651917810109, 35.918088835722884 ], [ -77.028647888999387, 35.918090043913544 ], [ -77.028064149505582, 35.918238686330923 ], [ -77.028058996211072, 35.918239710179044 ], [ -77.028053880064689, 35.918238514454963 ], [ -77.027595524275128, 35.918105316918222 ], [ -77.027591103226428, 35.91810380254401 ], [ -77.027587552007731, 35.918100764807271 ], [ -77.027257368440146, 35.917790176902692 ], [ -77.027254185594472, 35.917786891929893 ], [ -77.027253220566067, 35.917782427445331 ], [ -77.027177750171518, 35.917334505107412 ], [ -77.027177204053899, 35.917330022920346 ], [ -77.027178690839619, 35.917325759387616 ], [ -77.027456537980285, 35.916632563222613 ], [ -77.027462441792977, 35.916615685584581 ], [ -77.027466814623253, 35.916598348109986 ], [ -77.027469621520197, 35.916580689372786 ], [ -77.027470840049034, 35.916562850514715 ], [ -77.027518445181997, 35.914536234868621 ], [ -77.027517650805493, 35.914513123749785 ], [ -77.027514194012028, 35.914490258810972 ], [ -77.027465210198599, 35.914258040519179 ], [ -77.027464793448331, 35.914255955277781 ], [ -77.027244049637773, 35.913086900767262 ], [ -77.0272387397481, 35.913065392629989 ], [ -77.026770839482325, 35.911539030187846 ], [ -77.026767915348373, 35.911526784322504 ], [ -77.026597824903661, 35.910543816752735 ], [ -77.026597229895827, 35.910538982669785 ], [ -77.026597109469506, 35.91053411359502 ], [ -77.026613881089986, 35.909839576167457 ], [ -77.026614198531306, 35.909835043119294 ], [ -77.026615733377568, 35.909830766024633 ], [ -77.026821260332824, 35.909331208096049 ], [ -77.026823175098016, 35.909327096181926 ], [ -77.026825455547026, 35.90932317524927 ], [ -77.027268670655587, 35.908635154447012 ], [ -77.027272280495609, 35.908630240498859 ], [ -77.027276464183743, 35.908625804894513 ], [ -77.028073196423748, 35.907878620750239 ], [ -77.028078977347846, 35.907873601268953 ], [ -77.028817971810412, 35.907280015639181 ], [ -77.029311895304645, 35.906883076638756 ], [ -77.029312086534119, 35.906882922764972 ], [ -77.029549052902865, 35.906692006880789 ], [ -77.029567831154623, 35.90667479467794 ], [ -77.030383001780905, 35.905825938557037 ], [ -77.030397292823764, 35.905809323415475 ], [ -77.030409680141815, 35.905791244389327 ], [ -77.030420014995315, 35.905771918561058 ], [ -77.030579280267418, 35.905430306575937 ], [ -77.03058647181048, 35.905412752048541 ], [ -77.030591967785597, 35.905394595122004 ], [ -77.030595718745516, 35.905375999154067 ], [ -77.030597690942884, 35.905357131452526 ], [ -77.03059786663384, 35.905338161769969 ], [ -77.030596244237699, 35.905319260776487 ], [ -77.030592838351154, 35.905300598524192 ], [ -77.030587679616943, 35.905282342917246 ], [ -77.030452837764201, 35.904879290785338 ], [ -77.030445658319422, 35.904860901680991 ], [ -77.030436700971222, 35.904843309935785 ], [ -77.030426052987394, 35.904826686938875 ], [ -77.030413818106851, 35.90481119464129 ], [ -77.030400115529034, 35.904796983978144 ], [ -77.030385078752531, 35.904784193398079 ], [ -77.030368854274471, 35.904772947514481 ], [ -77.029901411553496, 35.904482005122389 ], [ -77.029884287520673, 35.904472477680109 ], [ -77.029866313304538, 35.904464671771372 ], [ -77.029847661459669, 35.904458662333823 ], [ -77.029828511045949, 35.904454507058752 ], [ -77.029809045909559, 35.904452245837284 ], [ -77.029789452918109, 35.904451900377417 ], [ -77.029205087367188, 35.904470243630513 ], [ -77.029181209526655, 35.904472431206528 ], [ -77.029157765084321, 35.90447746060817 ], [ -77.028751443630242, 35.904590483112109 ], [ -77.028745940602334, 35.904591683231381 ], [ -77.028740337254035, 35.904592254275393 ], [ -77.028240273358037, 35.904614762392541 ], [ -77.028229713398886, 35.904614679148118 ], [ -77.027532958936831, 35.904572302071223 ], [ -77.027528043084459, 35.904571756625209 ], [ -77.027523332128766, 35.904570249969076 ], [ -77.026907976972112, 35.904339121570892 ], [ -77.026902083908425, 35.904336691033642 ], [ -77.026714285581392, 35.904252132718618 ], [ -77.026249403418277, 35.904041003354031 ], [ -77.026245129114443, 35.904038806504268 ], [ -77.026241663688893, 35.904035476549616 ], [ -77.025635511327465, 35.903393726852372 ], [ -77.025632199401329, 35.903389839340015 ], [ -77.025629302723516, 35.903385633288771 ], [ -77.025256207194317, 35.902779598710381 ], [ -77.025254150970156, 35.90277591901588 ], [ -77.025252412718331, 35.902772078873966 ], [ -77.024921045074649, 35.901949135461983 ], [ -77.024920935967756, 35.901948865066728 ], [ -77.02458703054225, 35.901123095748162 ], [ -77.024255746147347, 35.900301353624243 ], [ -77.024254202315191, 35.900296937169792 ], [ -77.024253079211377, 35.900292395447288 ], [ -77.024115054569407, 35.899595371039105 ], [ -77.024114289879606, 35.899589973925231 ], [ -77.024114119493717, 35.899584525572173 ], [ -77.02412588323854, 35.899083605660437 ], [ -77.024126202348555, 35.899079024356226 ], [ -77.024127352247547, 35.899074598362034 ], [ -77.024380639970531, 35.898255368049213 ], [ -77.024382175799687, 35.898251102089233 ], [ -77.024385130907191, 35.898247675825267 ], [ -77.024939390488626, 35.897661044651244 ], [ -77.024953658237223, 35.897644165416452 ], [ -77.025325494616567, 35.897151435848407 ], [ -77.025335650850124, 35.897136641039182 ], [ -77.02534444004705, 35.897120995417509 ], [ -77.025351791446539, 35.897104624944525 ], [ -77.025357645863295, 35.897087661417039 ], [ -77.025361956164062, 35.897070241406496 ], [ -77.025483580664414, 35.896463028465092 ], [ -77.025486243507459, 35.896445916576958 ], [ -77.025487416052869, 35.89642863848141 ], [ -77.0255041571193, 35.895744099470704 ], [ -77.02550344012279, 35.895721599847136 ], [ -77.025500199231331, 35.895699323317615 ], [ -77.025494475502711, 35.895677552096345 ], [ -77.025330008933153, 35.895170053296319 ], [ -77.025070708450684, 35.894371448936241 ], [ -77.025061927625231, 35.894349080147244 ], [ -77.024818084955456, 35.89382320348475 ], [ -77.024707535593848, 35.893583382372398 ], [ -77.024697563333831, 35.893564477224395 ], [ -77.024685630509055, 35.893546744252738 ], [ -77.02467187340747, 35.893530385990395 ], [ -77.024280156147611, 35.893112175661109 ], [ -77.024074232507559, 35.892891258787039 ], [ -77.024073748403282, 35.89289074127651 ], [ -77.02366437555547, 35.892454670222712 ], [ -77.023655316437569, 35.892445619279904 ], [ -77.023215160142456, 35.892033158271204 ], [ -77.023214821781025, 35.89203284193507 ], [ -77.022992079018607, 35.891825081255362 ], [ -77.022549977298979, 35.891411726597347 ], [ -77.022541808519875, 35.891404496283492 ], [ -77.02219720918751, 35.891115857755977 ], [ -77.022192884517693, 35.891112017151649 ], [ -77.022164642846874, 35.891085436275823 ], [ -77.022161217044214, 35.891081871692464 ], [ -77.022159926024159, 35.891077099308937 ], [ -77.022127053668214, 35.890925886126766 ], [ -77.022126255183366, 35.890921062938389 ], [ -77.022129158628502, 35.890917129653616 ], [ -77.02240731418712, 35.890577270175264 ], [ -77.022410119269239, 35.890574123983413 ], [ -77.02241317992538, 35.890571225812785 ], [ -77.022767042985535, 35.890263434635131 ], [ -77.022771125985528, 35.890260242452023 ], [ -77.022775995167038, 35.890258467066353 ], [ -77.023359990861891, 35.890079531792779 ], [ -77.023365029547008, 35.890078271837403 ], [ -77.023370220028283, 35.890078085454903 ], [ -77.02390983824121, 35.890086931432307 ], [ -77.023913974218686, 35.890087171266018 ], [ -77.023917999408027, 35.890088089709387 ], [ -77.024534013442775, 35.89025564628195 ], [ -77.024538894904055, 35.890257248506835 ], [ -77.024543585458431, 35.890259344810424 ], [ -77.025309825946763, 35.890650364519217 ], [ -77.025314804238732, 35.89065328025 ], [ -77.025319411821727, 35.890656752289409 ], [ -77.025735809720956, 35.891010148393462 ], [ -77.025740063245379, 35.89101397297199 ], [ -77.026657678219323, 35.89188779715284 ], [ -77.026662373828799, 35.891892127814984 ], [ -77.027372309380169, 35.892526207745391 ], [ -77.027390793945926, 35.89254085301549 ], [ -77.027410873907399, 35.892553220644793 ], [ -77.028096590197819, 35.892921664856139 ], [ -77.028117229768412, 35.892931283231597 ], [ -77.02813882887763, 35.89293849319013 ], [ -77.028161107544292, 35.892943201271756 ], [ -77.029280252695813, 35.893113837838634 ], [ -77.029301043018762, 35.893115903871937 ], [ -77.0293219354337, 35.893115789764209 ], [ -77.030581221704793, 35.893043026441795 ], [ -77.030598875942331, 35.893041217682693 ], [ -77.030616300339673, 35.893037851068641 ], [ -77.031343915674356, 35.892863456499192 ], [ -77.031355964486337, 35.892860167623084 ], [ -77.032117537842154, 35.892626503015364 ], [ -77.032133522042045, 35.892620846989701 ], [ -77.032148969731992, 35.892613857415526 ], [ -77.032163769887447, 35.892605584527828 ], [ -77.033128366465121, 35.892011384854477 ], [ -77.033129622457395, 35.892010623818017 ], [ -77.033816444356333, 35.891601326172598 ], [ -77.033817542473201, 35.891600681212005 ], [ -77.034529339068854, 35.891188692753239 ], [ -77.034534094230025, 35.891186271611701 ], [ -77.034539256382473, 35.89118492043977 ], [ -77.034967947208969, 35.891097008716009 ], [ -77.03539686898263, 35.891009252476962 ], [ -77.035409220616756, 35.891007520075796 ], [ -77.036090980390682, 35.890955000403729 ], [ -77.03677149305517, 35.890902653232999 ], [ -77.036788401843808, 35.890900625365489 ], [ -77.037096643472822, 35.890850265376557 ], [ -77.037115404081263, 35.890846268261512 ], [ -77.037133695489459, 35.890840492298928 ], [ -77.037151349445111, 35.890832990618591 ], [ -77.03716820355946, 35.890823832224235 ], [ -77.037446086131283, 35.890655089861056 ], [ -77.037461203342986, 35.890644940325004 ], [ -77.037475334832081, 35.890633457982581 ], [ -77.037488363468611, 35.890620738006099 ], [ -77.037500181263681, 35.890606885826081 ], [ -77.037510690264568, 35.890592016257429 ], [ -77.037519803366592, 35.890576252547739 ], [ -77.037627255896751, 35.890369162925808 ], [ -77.037635177867116, 35.890351945385113 ], [ -77.037641434513773, 35.890334055284654 ], [ -77.03764596965182, 35.890315653278101 ], [ -77.037648742555561, 35.8902969046161 ], [ -77.037649728324226, 35.890277977662251 ], [ -77.037648918105589, 35.890259042381217 ], [ -77.037646319175437, 35.890240268812455 ], [ -77.03760099085531, 35.889997999644699 ], [ -77.037487656531482, 35.889392248283592 ], [ -77.037480298202837, 35.889364285048799 ], [ -77.037265414524043, 35.888736238170253 ], [ -77.03726455124432, 35.888733767917337 ], [ -77.03694201078693, 35.887829857740655 ], [ -77.036939885248785, 35.887824174831522 ], [ -77.036631070647573, 35.88703520312756 ], [ -77.036630910725549, 35.887034795865524 ], [ -77.036535032230191, 35.886791411778205 ], [ -77.036525929621334, 35.886771558689702 ], [ -77.036514716525261, 35.886752816515667 ], [ -77.035829115055719, 35.885737183823913 ], [ -77.035670493912036, 35.885501076039596 ], [ -77.035659535731995, 35.885486284015094 ], [ -77.035647263893551, 35.885472562219306 ], [ -77.035633782365466, 35.885460026905228 ], [ -77.03463903434772, 35.884617036718346 ], [ -77.03439659251768, 35.88441181979546 ], [ -77.034384653268958, 35.884402467116018 ], [ -77.034372039628096, 35.884394046050957 ], [ -77.032869578114159, 35.883471360232271 ], [ -77.031682143642215, 35.88273083631897 ], [ -77.031670457613671, 35.882722314128713 ], [ -77.031255727910889, 35.882371163003327 ], [ -77.031252181021785, 35.882367848637493 ], [ -77.03124974544231, 35.882363649423517 ], [ -77.030954153651805, 35.881791186539715 ], [ -77.030952215614064, 35.881786955481715 ], [ -77.030952409222337, 35.881782305712328 ], [ -77.03100558855256, 35.881184530326912 ], [ -77.031006192094679, 35.88118006024623 ], [ -77.031008343885631, 35.88117610648986 ], [ -77.031290169723476, 35.880709669675532 ], [ -77.031293209635734, 35.880705207691854 ], [ -77.031297522641736, 35.880701959870663 ], [ -77.031848883827422, 35.880332083925751 ], [ -77.031855245083406, 35.880328153307524 ], [ -77.03272375184919, 35.879835404850652 ], [ -77.032732108007593, 35.879830391015119 ], [ -77.033562878265457, 35.879303971973115 ], [ -77.033569239882851, 35.879300262056184 ], [ -77.034957305976448, 35.87855790118747 ], [ -77.034960708933582, 35.878556164009332 ], [ -77.036215033285544, 35.877945766066603 ], [ -77.036230586569573, 35.877937326707467 ], [ -77.036245333018158, 35.877927545619528 ], [ -77.037977280457156, 35.876664995231067 ], [ -77.037990520786849, 35.876654457430455 ], [ -77.038002822922977, 35.876642838092323 ], [ -77.038626447069859, 35.876001783182403 ], [ -77.038642399862212, 35.875983239162579 ], [ -77.039687076790514, 35.874606840084041 ], [ -77.039690132874512, 35.874603192813595 ], [ -77.039694531504495, 35.874601377796736 ], [ -77.040200766679234, 35.874420509165489 ], [ -77.040205024009339, 35.874419200158435 ], [ -77.040209476138358, 35.874419070135396 ], [ -77.040710954139314, 35.874426920775221 ], [ -77.040715936227699, 35.874427250185747 ], [ -77.040720594481712, 35.874429047513111 ], [ -77.041684780342706, 35.874858016304046 ], [ -77.041689152216193, 35.874860089500082 ], [ -77.04228106855507, 35.875158535229907 ], [ -77.042282902900112, 35.875159483994146 ], [ -77.042435876951401, 35.875240618670858 ], [ -77.042454264958934, 35.875249205833725 ], [ -77.042473428530485, 35.875255885333196 ], [ -77.042493170349175, 35.875260588394106 ], [ -77.04321899064152, 35.875395000171558 ], [ -77.043588482433634, 35.875463424409844 ], [ -77.043605603202366, 35.875465834880892 ], [ -77.043987932504052, 35.875502896832643 ], [ -77.043990051461265, 35.875503090866403 ], [ -77.044363322406525, 35.875535270097039 ], [ -77.04438431634189, 35.875535972769299 ], [ -77.044405268184207, 35.875534469647796 ], [ -77.044425946814187, 35.875530777313436 ], [ -77.044544904519313, 35.875503020229161 ], [ -77.044686944260846, 35.875470010712554 ], [ -77.044865647428409, 35.875428572686083 ], [ -77.04488417359677, 35.875423325326423 ], [ -77.04490210930409, 35.875416320749267 ], [ -77.044919288307085, 35.875407623878928 ], [ -77.045259917028986, 35.875214041578758 ], [ -77.045263111629268, 35.875212222552143 ], [ -77.045279042101853, 35.875202127961877 ], [ -77.045293950911457, 35.875190577719209 ], [ -77.045307705488668, 35.875177674529091 ], [ -77.045320183527565, 35.875163533126937 ], [ -77.045331274073177, 35.875148279258326 ], [ -77.045340878508185, 35.875132048560943 ], [ -77.045348911429798, 35.875114985358429 ], [ -77.045355301409117, 35.875097241377091 ], [ -77.045379926929698, 35.875017207717406 ], [ -77.045451767294097, 35.874785521157364 ], [ -77.045456399908574, 35.874767726939844 ], [ -77.045459378729987, 35.874749582466386 ], [ -77.045460678580213, 35.874731241101017 ], [ -77.045477378916203, 35.87405707987412 ], [ -77.045476798559108, 35.874036118682412 ], [ -77.045474026714118, 35.874015333465373 ], [ -77.045469093851324, 35.873994952708841 ], [ -77.045462054196221, 35.873975200452563 ], [ -77.045452985133721, 35.873956293827334 ], [ -77.045441986357375, 35.873938440668198 ], [ -77.04511758277016, 35.873468908838213 ], [ -77.045104361326537, 35.873451824952049 ], [ -77.045089374432052, 35.87343626671526 ], [ -77.045072796933454, 35.873422415640263 ], [ -77.04477805950637, 35.873202051430987 ], [ -77.044506316389018, 35.872999243053791 ], [ -77.044505664121047, 35.872998758311056 ], [ -77.044456637075342, 35.872962477512147 ], [ -77.044455342326813, 35.872961527398701 ], [ -77.042825659538053, 35.871775669065315 ], [ -77.042818580231867, 35.87177000949243 ], [ -77.04259506548685, 35.871574065269165 ], [ -77.042044053603533, 35.871090054856374 ], [ -77.0417869879481, 35.870864628121296 ], [ -77.041781212995645, 35.870859141817242 ], [ -77.041299133117761, 35.870363145293169 ], [ -77.041298849400235, 35.870362853978435 ], [ -77.041060257750303, 35.870118371232095 ], [ -77.041056288613234, 35.870113773369233 ], [ -77.041052909167703, 35.870108726217232 ], [ -77.040644517364214, 35.869410031716988 ], [ -77.040638339985591, 35.869397535496987 ], [ -77.040458121588131, 35.868958193082214 ], [ -77.040456300522209, 35.868952930698342 ], [ -77.040455696419698, 35.86894739499359 ], [ -77.040437991431702, 35.868611007242485 ], [ -77.040402277036847, 35.867933431372641 ], [ -77.040402286344403, 35.867928016257906 ], [ -77.040402883375236, 35.867922634148066 ], [ -77.040493986342085, 35.867375028894124 ], [ -77.040539181049269, 35.867103862637009 ], [ -77.040541276610341, 35.867094240547118 ], [ -77.040711024622269, 35.866465579821998 ], [ -77.040712121108172, 35.866462045268889 ], [ -77.040713476458706, 35.866458601670551 ], [ -77.040959684229293, 35.865895278903885 ], [ -77.04096227879856, 35.865890166642068 ], [ -77.040965443807494, 35.865885386503138 ], [ -77.041527775211009, 35.865133961694212 ], [ -77.041530094696654, 35.865131090057289 ], [ -77.041532620063691, 35.865128397691613 ], [ -77.041831990695442, 35.864832000246523 ], [ -77.042130909008662, 35.864536050973662 ], [ -77.042134111323421, 35.864533144286021 ], [ -77.042137754250788, 35.864530843762488 ], [ -77.042730991354318, 35.864190999628804 ], [ -77.043322879318666, 35.863851927788332 ], [ -77.043333411411737, 35.863846692155469 ], [ -77.043612416812095, 35.863727926833235 ], [ -77.043634856880075, 35.863716661674033 ], [ -77.043644176972407, 35.863711225024325 ], [ -77.043648074596391, 35.863709176445234 ], [ -77.043652137703489, 35.86370747959262 ], [ -77.043699687334652, 35.863690044289257 ], [ -77.043715992783177, 35.863683234033218 ], [ -77.04372328982781, 35.86367980020384 ], [ -77.043726722137748, 35.863678263195162 ], [ -77.044049038062823, 35.863541145447122 ], [ -77.044067315461191, 35.863532247283572 ], [ -77.044084595192629, 35.863521539740113 ], [ -77.044100698739982, 35.86350913343653 ], [ -77.044115459737242, 35.863495156542548 ], [ -77.044372408757383, 35.863225803000567 ], [ -77.04438124415222, 35.863215903373479 ], [ -77.044480839334071, 35.863096568292605 ], [ -77.044494144190907, 35.863078688396371 ], [ -77.04455845439675, 35.862981377940727 ], [ -77.044568661216076, 35.86296410898796 ], [ -77.044602311771627, 35.862900043090931 ], [ -77.044610513584701, 35.862882391141511 ], [ -77.04461696067213, 35.862864025518192 ], [ -77.044621591970156, 35.862845120171471 ], [ -77.044647669303316, 35.862710659137839 ], [ -77.044648368956416, 35.862707351711563 ], [ -77.044687487746771, 35.862536726029518 ], [ -77.044691236193515, 35.862514880035405 ], [ -77.044692544230557, 35.86249275341455 ], [ -77.044691395792029, 35.862470617936225 ], [ -77.044688017323324, 35.86243924598319 ], [ -77.044687963756843, 35.862438754284859 ], [ -77.044655514968497, 35.862144282302218 ], [ -77.044652559738708, 35.862125615920142 ], [ -77.044647855805223, 35.86210731181643 ], [ -77.044641445170285, 35.862089533431728 ], [ -77.044633385075628, 35.862072439512424 ], [ -77.044623747491286, 35.862056182693209 ], [ -77.044612618472982, 35.862040908134148 ], [ -77.044600097393726, 35.86202675222453 ], [ -77.044259292513615, 35.861676309969013 ], [ -77.044258687876948, 35.861675690919398 ], [ -77.044074796725184, 35.861488229316151 ], [ -77.044059644599926, 35.861474295727362 ], [ -77.04404314053339, 35.861461993386776 ], [ -77.044025459358011, 35.861451452616699 ], [ -77.04324935086342, 35.861041360559518 ], [ -77.043236405442684, 35.861035104767268 ], [ -77.04280710924138, 35.860846371232078 ], [ -77.042800827500358, 35.860843736284387 ], [ -77.04139504934696, 35.860282023627853 ], [ -77.040739111035933, 35.860019447742275 ], [ -77.040736882834139, 35.860018524448179 ], [ -77.040388092363742, 35.859869043264474 ], [ -77.040060023819478, 35.859728014011935 ], [ -77.03989629937314, 35.859657562497645 ], [ -77.039893675735883, 35.859656455601204 ], [ -77.039766876411178, 35.859604019936292 ], [ -77.039757346398531, 35.859599475395122 ], [ -77.039624560574509, 35.859527309236512 ], [ -77.039623425924546, 35.859526683021272 ], [ -77.03941793473146, 35.859411528636983 ], [ -77.039416059678729, 35.859410451076648 ], [ -77.038729260872941, 35.85900581793512 ], [ -77.038715731035239, 35.858998531917315 ], [ -77.038701681729265, 35.858992306199234 ], [ -77.03852500936415, 35.858922006713414 ], [ -77.038011742044105, 35.858717889440896 ], [ -77.038007111613112, 35.858715767906084 ], [ -77.038002721902956, 35.85871318483747 ], [ -77.037637434471648, 35.858472292531502 ], [ -77.037636546618657, 35.858471710403776 ], [ -77.037223163877272, 35.858202238937494 ], [ -77.037208652827331, 35.858193629243658 ], [ -77.037193467708747, 35.858186273322794 ], [ -77.036609037920286, 35.857933020127035 ], [ -77.035635621056628, 35.857511792383164 ], [ -77.035612564258486, 35.857503452591487 ], [ -77.035588660240066, 35.857497996771706 ], [ -77.035010137887241, 35.857402818114522 ], [ -77.034991053666957, 35.857400613446934 ], [ -77.034971845962332, 35.857400249983243 ], [ -77.034952691997091, 35.857401731077005 ], [ -77.034933768499158, 35.857405043062613 ], [ -77.034915250069957, 35.85741015538138 ], [ -77.034897307573516, 35.857417020863451 ], [ -77.034880106559854, 35.857425576163102 ], [ -77.034863805737587, 35.857435742343128 ], [ -77.034857159774646, 35.85744083384165 ], [ -77.034852936429417, 35.857443737420169 ], [ -77.034848162268673, 35.857442801573178 ], [ -77.034590440512574, 35.857378827802179 ], [ -77.034570847514473, 35.857374991028671 ], [ -77.034550969609043, 35.857373126818089 ], [ -77.034227262437753, 35.857359012028866 ], [ -77.033968751097163, 35.857347035306667 ], [ -77.03396723112489, 35.857346970679423 ], [ -77.033813841645099, 35.857341033118921 ], [ -77.033812139645775, 35.857340974492182 ], [ -77.033052353599103, 35.857318041245357 ], [ -77.03304962926029, 35.857317977588039 ], [ -77.031910056941356, 35.8572991169208 ], [ -77.031895934365437, 35.857299382044843 ], [ -77.031009583223977, 35.85734737235736 ], [ -77.03098654995992, 35.857349964557194 ], [ -77.029978232981335, 35.857523100088009 ], [ -77.029967804769328, 35.857525177484185 ], [ -77.028805139596969, 35.857789107084528 ], [ -77.028788227003346, 35.857793734487061 ], [ -77.028771784706038, 35.857799825425936 ], [ -77.027404949338887, 35.858375491026486 ], [ -77.027393208076717, 35.858380889062467 ], [ -77.026411257836955, 35.858871368983692 ], [ -77.026400451078771, 35.858875993968688 ], [ -77.025219243010497, 35.859301188963798 ], [ -77.0252147591073, 35.859302863892225 ], [ -77.023872729860187, 35.859822552266692 ], [ -77.02386894482872, 35.859823846057964 ], [ -77.023865068328575, 35.859824832520289 ], [ -77.022607322360301, 35.860091717583671 ], [ -77.022604652759085, 35.86009224619746 ], [ -77.021840434882634, 35.860232791689029 ], [ -77.021823201206814, 35.860236755992446 ], [ -77.021806385072622, 35.860242227090545 ], [ -77.021335004567788, 35.860418994721407 ], [ -77.020592069975862, 35.860697470983972 ], [ -77.020583983550239, 35.860700704539845 ], [ -77.01925524094726, 35.861265893547468 ], [ -77.018926606374905, 35.861404629075246 ], [ -77.018915531060713, 35.86140970744836 ], [ -77.017937064326617, 35.861894963520221 ], [ -77.017613698797462, 35.862055660687226 ], [ -77.017604065176599, 35.862059832370754 ], [ -77.01654399844584, 35.86245413718035 ], [ -77.016533813327641, 35.862457317854165 ], [ -77.015833526969473, 35.862635590147086 ], [ -77.015827946887711, 35.862636675837464 ], [ -77.015822279426729, 35.86263711846744 ], [ -77.014969464778389, 35.86265488582319 ], [ -77.014958538497183, 35.862654515276475 ], [ -77.014075092644958, 35.862576008492603 ], [ -77.014074889751711, 35.862575990566768 ], [ -77.013633683966731, 35.862537235969619 ], [ -77.013628293758273, 35.862536835822311 ], [ -77.012542996154608, 35.862471000291677 ], [ -77.012183716008138, 35.862449225799672 ], [ -77.012176293272958, 35.862448497191494 ], [ -77.01085285482975, 35.862268525022145 ], [ -77.010849022913973, 35.862267850861279 ], [ -77.010845255164142, 35.862266880226471 ], [ -77.010018129117768, 35.862019040674234 ], [ -77.01001785385138, 35.862018958408996 ], [ -77.00960635613626, 35.861896301384689 ], [ -77.009602067983479, 35.861894807469689 ], [ -77.00959793349422, 35.861892929695436 ], [ -77.008830174787519, 35.861501134210044 ], [ -77.008826127982488, 35.861498823509748 ], [ -77.008822883157876, 35.861495478800393 ], [ -77.008257071073714, 35.860854620157419 ], [ -77.008249511161708, 35.86084491279879 ], [ -77.008071062362419, 35.860584103744394 ], [ -77.008013087383745, 35.860499141198432 ], [ -77.008012893823135, 35.860498858056395 ], [ -77.007850218453086, 35.860261332618585 ], [ -77.007849761469927, 35.860260668245502 ], [ -77.007707196485939, 35.860054296079888 ], [ -77.007354979478478, 35.859540487970733 ], [ -77.007342139085353, 35.859523727686813 ], [ -77.007327603362015, 35.859508414438963 ], [ -77.00670961010276, 35.858922648377906 ], [ -77.006696782297894, 35.858911485558359 ], [ -77.006683052613241, 35.858901452768286 ], [ -77.006668520301034, 35.858892622535002 ], [ -77.006064320351342, 35.858559807736228 ], [ -77.006047956151292, 35.85855174367245 ], [ -77.00603092522141, 35.858545204284496 ], [ -77.006013369265901, 35.858540243982702 ], [ -77.005995434357416, 35.8585369040388 ], [ -77.005301475551818, 35.858440176489601 ], [ -77.005281219454588, 35.858438396775774 ], [ -77.005260887339503, 35.858438683048163 ], [ -77.005240689378013, 35.858441032347599 ], [ -77.005220834354859, 35.858445420389543 ], [ -77.005201527509882, 35.858451801815164 ], [ -77.004550922775778, 35.858704207010923 ], [ -77.004536270052697, 35.858710576116358 ], [ -77.004522172477436, 35.8587180945051 ], [ -77.003594916601585, 35.859261256409347 ], [ -77.003580422267035, 35.859270608924305 ], [ -77.003566787737498, 35.859281175611322 ], [ -77.003339066962269, 35.859473935751275 ], [ -77.000614494146149, 35.861775574664847 ], [ -77.000588865864145, 35.861796937152725 ], [ -77.000578631595531, 35.861804418074449 ], [ -77.000519375551761, 35.861842204151777 ], [ -77.000510758635798, 35.861848019365944 ], [ -77.0003583862688, 35.861956717851001 ], [ -77.000357597602104, 35.861957283357498 ], [ -77.000024991119957, 35.862196999882414 ], [ -76.999696868673951, 35.862433484827058 ], [ -76.999686727381047, 35.862439905151938 ], [ -76.99948006227288, 35.86255396060227 ], [ -76.999055072292848, 35.862788954871611 ], [ -76.998737085540881, 35.86296439611391 ], [ -76.998734882006048, 35.862965576176798 ], [ -76.998377991420966, 35.863151000171193 ], [ -76.998024197166131, 35.863334815022839 ], [ -76.998019916540557, 35.863336787425361 ], [ -76.998015340940697, 35.863337917918379 ], [ -76.997644991689143, 35.863410999871242 ], [ -76.997275769802357, 35.863483859853453 ], [ -76.997264119305385, 35.863485453576594 ], [ -76.996251680309726, 35.863563637706406 ], [ -76.996242287825211, 35.863563919975661 ], [ -76.995305050492036, 35.863548001036648 ], [ -76.994788615398434, 35.863539534848677 ], [ -76.994767078368383, 35.863540343181143 ], [ -76.994745753367084, 35.863543464300207 ], [ -76.994724888029552, 35.863548861962109 ], [ -76.994633243171933, 35.863577920271361 ], [ -76.99389963481417, 35.863808399259945 ], [ -76.99388520997833, 35.863813545801555 ], [ -76.993871221255432, 35.863819781057067 ], [ -76.993288050695881, 35.864106970357824 ], [ -76.992704941015731, 35.864394611539872 ], [ -76.992680092583043, 35.864409181991618 ], [ -76.991708642182829, 35.865077236724872 ], [ -76.99169356914939, 35.865088689578407 ], [ -76.991679646463467, 35.865101516230666 ], [ -76.990611292838736, 35.866183617104554 ], [ -76.990599286444848, 35.866196920721784 ], [ -76.989516573485716, 35.867510440550952 ], [ -76.989507819882689, 35.867521875299524 ], [ -76.988867070520214, 35.86842443686848 ], [ -76.988855842841119, 35.868442151933166 ], [ -76.988332656759425, 35.869372151394977 ], [ -76.988320990333179, 35.869396641343286 ], [ -76.987958005969972, 35.870314211687564 ], [ -76.987950438704502, 35.870337376720741 ], [ -76.987945744996026, 35.870361290134753 ], [ -76.987805425288443, 35.87141126820314 ], [ -76.987803723815645, 35.871432824126636 ], [ -76.987774076855246, 35.872633549922945 ], [ -76.987774025563212, 35.872640450644617 ], [ -76.98778480208361, 35.873737773493602 ], [ -76.987785907897177, 35.873756903012662 ], [ -76.987788839278537, 35.873775838913126 ], [ -76.987889522696676, 35.874268706613961 ], [ -76.987890513240572, 35.874273281826213 ], [ -76.988101785518765, 35.875196731830926 ], [ -76.988102695105781, 35.875202002768397 ], [ -76.988101878308342, 35.875207288879587 ], [ -76.9879699612097, 35.875834391409477 ], [ -76.987968790537408, 35.87583889294838 ], [ -76.987965705053441, 35.875842373481703 ], [ -76.98732722179075, 35.876497683858304 ], [ -76.987323866310433, 35.876500823079873 ], [ -76.987319778690306, 35.876502921965837 ], [ -76.986653357245785, 35.876807007757137 ], [ -76.986648936814987, 35.876808773827634 ], [ -76.98664419686736, 35.876809212133054 ], [ -76.985593083298951, 35.876855730009005 ], [ -76.985587019833929, 35.876855628512914 ], [ -76.985581013729302, 35.876854790290515 ], [ -76.984730625071009, 35.876682735152656 ], [ -76.984727028669596, 35.876681867629031 ], [ -76.984723506401764, 35.876680736111631 ], [ -76.983993147393775, 35.876415870006127 ], [ -76.983988154841626, 35.876413743066891 ], [ -76.983984117305795, 35.876410117084276 ], [ -76.983569017928986, 35.875994033831532 ], [ -76.983566132165151, 35.875990882074021 ], [ -76.983563835773367, 35.875987296820988 ], [ -76.983215016596532, 35.875388044711748 ], [ -76.983046903747962, 35.875099577657046 ], [ -76.983038484126297, 35.875086350923056 ], [ -76.983029054253322, 35.875073824390554 ], [ -76.982391029976625, 35.874292047404616 ], [ -76.981745021817332, 35.873499490828699 ], [ -76.981740881501921, 35.873494574734849 ], [ -76.981132558007985, 35.872795386052346 ], [ -76.981120019505923, 35.872782232444749 ], [ -76.981106338840874, 35.872770271222812 ], [ -76.981091628957458, 35.872759601135812 ], [ -76.981076011297318, 35.872750310273716 ], [ -76.981059614796521, 35.872742475339876 ], [ -76.98104257482106, 35.872736161017833 ], [ -76.980737209229616, 35.872638537419107 ], [ -76.980719217097715, 35.872633696587243 ], [ -76.980700852558741, 35.872630551086935 ], [ -76.980682274994166, 35.872629128217234 ], [ -76.980663645634252, 35.872629440326889 ], [ -76.980645126158748, 35.872631484707163 ], [ -76.980626877293773, 35.872635243615385 ], [ -76.980609057416885, 35.872640684428866 ], [ -76.98003107015731, 35.872847047001116 ], [ -76.98001218898537, 35.872854898251667 ], [ -76.979994208182305, 35.872864636398845 ], [ -76.979977315710798, 35.872876159644726 ], [ -76.979961688156635, 35.872889347530844 ], [ -76.979629142927081, 35.873200438631905 ], [ -76.979614285435886, 35.873215913044383 ], [ -76.979601170835167, 35.873232889785363 ], [ -76.979589950009242, 35.873251173536396 ], [ -76.979580752054403, 35.873270553941786 ], [ -76.979573682793699, 35.873290808028763 ], [ -76.979468787948363, 35.873652655878061 ], [ -76.979464029158279, 35.873672986709934 ], [ -76.979461415982939, 35.873693702890144 ], [ -76.979460976905244, 35.87371457861812 ], [ -76.979481506620218, 35.874372479112317 ], [ -76.979482589300318, 35.874387934511482 ], [ -76.979484865107068, 35.874403259728062 ], [ -76.979620036376787, 35.875120930315731 ], [ -76.979620722086196, 35.875125994180571 ], [ -76.979619833171853, 35.875131026352641 ], [ -76.979534084517283, 35.87550325550135 ], [ -76.979532783027182, 35.87550786671283 ], [ -76.979529154511624, 35.875510995773752 ], [ -76.978775005002035, 35.876099865720974 ], [ -76.978766679828141, 35.876105709604325 ], [ -76.977242056245416, 35.877063958898738 ], [ -76.976944772508276, 35.877250489998985 ], [ -76.976927826060134, 35.877262388490763 ], [ -76.975936647410009, 35.878037921666767 ], [ -76.975931200925629, 35.878041894572682 ], [ -76.975018613672376, 35.87866153981664 ], [ -76.97501489759928, 35.878663832043266 ], [ -76.9750108539981, 35.878665434230911 ], [ -76.974227770826388, 35.878936995254541 ], [ -76.974216010757985, 35.87894028360359 ], [ -76.973422609630504, 35.879110639873019 ], [ -76.97340325635966, 35.879115821711537 ], [ -76.97338451863267, 35.879122913828994 ], [ -76.973366584482875, 35.879131845055909 ], [ -76.97319206417464, 35.879229959023412 ], [ -76.973034053957534, 35.879318964083744 ], [ -76.972710785038373, 35.879501366956326 ], [ -76.972694118900165, 35.879511885660307 ], [ -76.972678568928373, 35.879523993578104 ], [ -76.972664286114494, 35.879537573140844 ], [ -76.97265140914584, 35.879552492489843 ], [ -76.971989537156261, 35.88040045657629 ], [ -76.971981945239961, 35.880409105857019 ], [ -76.971586597836378, 35.880810339721698 ], [ -76.971582832981071, 35.880813787127515 ], [ -76.971578443861347, 35.880816393728587 ], [ -76.969994071036027, 35.881650378285798 ], [ -76.969987806214121, 35.881653402446837 ], [ -76.968247930977412, 35.882419823933617 ], [ -76.968242917541147, 35.88242171650284 ], [ -76.968237615077925, 35.882422491256868 ], [ -76.967657096594252, 35.882475533099431 ], [ -76.967651994138393, 35.882475736595197 ], [ -76.967646897644741, 35.8824754168756 ], [ -76.966682628115763, 35.882365102192487 ], [ -76.96666329248923, 35.882363834955278 ], [ -76.965735146383864, 35.882348070137695 ], [ -76.965726835980362, 35.88234810166761 ], [ -76.964551483127281, 35.882376987856496 ], [ -76.964550500209739, 35.882377014431086 ], [ -76.962826010136013, 35.882427881029095 ], [ -76.962817976085162, 35.882427794968471 ], [ -76.961910052102482, 35.882381531490317 ], [ -76.961890143372557, 35.88238150921697 ], [ -76.961870331065526, 35.882383466386642 ], [ -76.96185081150054, 35.882387383605845 ], [ -76.960820569710876, 35.882648082107842 ], [ -76.960805584434638, 35.882652503576196 ], [ -76.959827496970462, 35.882983138935174 ], [ -76.959816602050125, 35.88298717818499 ], [ -76.95892156557575, 35.883348917887822 ], [ -76.958897218273478, 35.883360732999265 ], [ -76.958323554407201, 35.883688814774786 ], [ -76.958299593553193, 35.883704918442518 ], [ -76.957937355616963, 35.883988369917503 ], [ -76.957920728771128, 35.884002931074555 ], [ -76.957905810112464, 35.884019237911183 ], [ -76.957892781827368, 35.88403709128859 ], [ -76.957777734026408, 35.884214573251541 ], [ -76.957768467595514, 35.884230416738049 ], [ -76.957760692640264, 35.884247043008727 ], [ -76.957754474641845, 35.884264312035974 ], [ -76.957749865968708, 35.884282078378817 ], [ -76.957746905435414, 35.884300192407878 ], [ -76.957745617975775, 35.884318501565524 ], [ -76.957733441832204, 35.884819474543626 ], [ -76.957733846219341, 35.884837941418091 ], [ -76.957735952598426, 35.884856292225933 ], [ -76.957822935586279, 35.885393653869841 ], [ -76.957823048722076, 35.885394345121647 ], [ -76.95786825017106, 35.885667520876744 ], [ -76.957868783377052, 35.885671995876265 ], [ -76.957868093280894, 35.88567644938027 ], [ -76.957779872338463, 35.886113630649007 ], [ -76.957778805522267, 35.88611792149436 ], [ -76.957776311868727, 35.886121562110809 ], [ -76.957498287399915, 35.886491287386249 ], [ -76.957488925691464, 35.886502043150955 ], [ -76.95705489096774, 35.886934117573453 ], [ -76.957050802445778, 35.886937762674307 ], [ -76.957046338413221, 35.886940936817624 ], [ -76.956214963462244, 35.887465754776194 ], [ -76.956210962510852, 35.887468151794373 ], [ -76.955351057580188, 35.887956444903374 ], [ -76.955336416398055, 35.887965616977503 ], [ -76.955322621429687, 35.887976018419991 ], [ -76.954631350173543, 35.888545694210492 ], [ -76.954614896493297, 35.888560877507096 ], [ -76.954600242917493, 35.888577804668863 ], [ -76.954006538976827, 35.889346699992082 ], [ -76.954003862852844, 35.889349882294084 ], [ -76.954000705928479, 35.889352566068119 ], [ -76.9533264546981, 35.889879293772722 ], [ -76.953322885792218, 35.889881837487756 ], [ -76.953318941675221, 35.889883709256175 ], [ -76.95245327490403, 35.890249191088216 ], [ -76.952444558616477, 35.890252402514243 ], [ -76.951818382116855, 35.890450583725375 ], [ -76.951797927938912, 35.890458310996607 ], [ -76.951778439522244, 35.890468224912681 ], [ -76.951760149794424, 35.890480206981465 ], [ -76.951743277356158, 35.890494113992034 ], [ -76.951625019391599, 35.890602973504201 ], [ -76.951336467213551, 35.890868797188212 ], [ -76.951332864010496, 35.890871814726303 ], [ -76.951328758007975, 35.890874101504274 ], [ -76.950900354087864, 35.891086833134679 ], [ -76.950895907035203, 35.891088777598391 ], [ -76.950891291969896, 35.891090280392653 ], [ -76.950342153322481, 35.891239955946311 ], [ -76.949830750441379, 35.891378422314091 ], [ -76.949810062483692, 35.891385253096459 ], [ -76.949790240259915, 35.891394293595638 ], [ -76.949771518986097, 35.891405436534534 ], [ -76.949754120814092, 35.891418549687934 ], [ -76.949527479405646, 35.891609588041618 ], [ -76.949526497558765, 35.891610404981947 ], [ -76.949265385311634, 35.89182485483893 ], [ -76.949262556534961, 35.89182709387768 ], [ -76.948986479696785, 35.892037626893249 ], [ -76.948985497180587, 35.892038366637742 ], [ -76.948435305256353, 35.892447333724704 ], [ -76.948415743868921, 35.892463923279827 ], [ -76.947968991267558, 35.892894999914631 ], [ -76.947742403104158, 35.893113637004468 ], [ -76.947739605694906, 35.893116389762952 ], [ -76.947204117562322, 35.893653773783775 ], [ -76.947190942822644, 35.89366836387719 ], [ -76.947179264065838, 35.893684176885479 ], [ -76.947169194121727, 35.893701060037351 ], [ -76.947160830277198, 35.89371885022274 ], [ -76.946966991661128, 35.894190000307361 ], [ -76.946775049090604, 35.894656537235555 ], [ -76.94676779880669, 35.894677352011328 ], [ -76.946762882996524, 35.894698838200334 ], [ -76.946760361365278, 35.89472073484125 ], [ -76.946760264539506, 35.894742775987595 ], [ -76.946781754317129, 35.89516595322155 ], [ -76.94678402795887, 35.895187527460735 ], [ -76.946788624908237, 35.895208728529092 ], [ -76.94679549108011, 35.895229306986927 ], [ -76.946804545691052, 35.895249020719803 ], [ -76.946963884746012, 35.895551509665637 ], [ -76.946971482472534, 35.895564691447447 ], [ -76.94698006026826, 35.895577257522426 ], [ -76.947426234681458, 35.896180273733464 ], [ -76.947428793441006, 35.896184089776597 ], [ -76.947429792005394, 35.896188564416363 ], [ -76.947495039084956, 35.896560572691058 ], [ -76.947495683726515, 35.896565985322624 ], [ -76.947494536960534, 35.896571314212956 ], [ -76.947410311667312, 35.896879172705447 ], [ -76.947408765170096, 35.896883885448716 ], [ -76.947405894290554, 35.896887930155344 ], [ -76.947383307706389, 35.896916598411657 ], [ -76.947382671639645, 35.896917397320486 ], [ -76.947208967191941, 35.897133300959148 ], [ -76.947205844080486, 35.897136826300986 ], [ -76.947201856298349, 35.897139332185226 ], [ -76.946160896461279, 35.897726488935646 ], [ -76.946159074497999, 35.897727491789823 ], [ -76.945297181769263, 35.898190286772305 ], [ -76.945290864405038, 35.898193827718153 ], [ -76.944335996758241, 35.898751996726652 ], [ -76.943713401429477, 35.899115989969523 ], [ -76.943698451538211, 35.899125647584796 ], [ -76.943684419422652, 35.899136596032854 ], [ -76.942417937751628, 35.9002187734472 ], [ -76.942407538641774, 35.900226549196695 ], [ -76.94169767086494, 35.900688604278038 ], [ -76.941690114740695, 35.900693063128024 ], [ -76.940943347541548, 35.901090615802381 ], [ -76.940930216272946, 35.901096436301437 ], [ -76.940346493253543, 35.901306380408961 ], [ -76.940341934632173, 35.901307777695884 ], [ -76.940337263382759, 35.901308733137498 ], [ -76.939044059002512, 35.901509369004714 ], [ -76.939039979103853, 35.901509831016391 ], [ -76.939035892596664, 35.901509617695631 ], [ -76.937792261161164, 35.901393585062365 ], [ -76.937779843660451, 35.901391632233292 ], [ -76.937395030969512, 35.901306008346552 ], [ -76.93660707308868, 35.901131017943712 ], [ -76.935192118128981, 35.900818028483116 ], [ -76.934558956075108, 35.900677105231871 ], [ -76.934548976438805, 35.90067514893552 ], [ -76.933635230463736, 35.900520040203169 ], [ -76.93363475264438, 35.90051995968853 ], [ -76.933354047590143, 35.90047300929357 ], [ -76.932970103069565, 35.90040901845736 ], [ -76.932687744671867, 35.900361629581397 ], [ -76.932680215591901, 35.900360512819333 ], [ -76.931419339751002, 35.900197947521143 ], [ -76.931404592829793, 35.900196598957443 ], [ -76.93074855770179, 35.900161030747945 ], [ -76.929347032689549, 35.900077062104387 ], [ -76.929344951815722, 35.900076915630116 ], [ -76.928672601677789, 35.90002253443263 ], [ -76.928659508511601, 35.900020595650304 ], [ -76.927067357891048, 35.899675729533641 ], [ -76.927060682092502, 35.89967404086989 ], [ -76.925547451498346, 35.89923529255428 ], [ -76.92553867095323, 35.899232298432253 ], [ -76.924560022964215, 35.898847012333896 ], [ -76.923249783378324, 35.898331704802899 ], [ -76.923246226374516, 35.898330226126575 ], [ -76.922614165855776, 35.898053076344446 ], [ -76.922613817315764, 35.898052923909532 ], [ -76.921347785287139, 35.897500655114172 ], [ -76.921344071973976, 35.89749884886271 ], [ -76.921340520742973, 35.897496741733647 ], [ -76.920360849855754, 35.896859209614412 ], [ -76.92035710520797, 35.896856831436686 ], [ -76.91921854537955, 35.896151343261259 ], [ -76.919217441019015, 35.896150648954631 ], [ -76.917984853625256, 35.895364463038582 ], [ -76.917981120177004, 35.895361833745014 ], [ -76.917977942840466, 35.895358580763777 ], [ -76.917143398981011, 35.89442269985765 ], [ -76.917138785377389, 35.894417133194835 ], [ -76.916345256514276, 35.893385943761096 ], [ -76.916343106632141, 35.893382924321699 ], [ -76.916341186747985, 35.893379753666444 ], [ -76.915932306729744, 35.892644165850307 ], [ -76.915930203953678, 35.892639918118682 ], [ -76.915928944153166, 35.892635348896277 ], [ -76.915651118113146, 35.891400891994934 ], [ -76.915642928336808, 35.891373690833674 ], [ -76.915333019423059, 35.890559073808305 ], [ -76.914913442560916, 35.889458804924232 ], [ -76.91491038644034, 35.889451256122371 ], [ -76.914563003185904, 35.888641027767193 ], [ -76.914218397445254, 35.887837947241458 ], [ -76.914217603806932, 35.887836043793143 ], [ -76.913639179834647, 35.886407464555482 ], [ -76.912956418568641, 35.884696589558466 ], [ -76.912948784845256, 35.884679763503648 ], [ -76.912809087981074, 35.884406190605908 ], [ -76.912808893109784, 35.884405809988259 ], [ -76.911947252468281, 35.882727301233004 ], [ -76.9119379756646, 35.882711131999052 ], [ -76.911783125379827, 35.882468210045452 ], [ -76.911782857111163, 35.882467790351924 ], [ -76.911312531364302, 35.881734003412554 ], [ -76.911300102737343, 35.8817167132934 ], [ -76.911285906315172, 35.881700842547183 ], [ -76.910470622473724, 35.880881686052454 ], [ -76.910458551512548, 35.880870516289171 ], [ -76.910445603647716, 35.880860376046982 ], [ -76.909464632044021, 35.880155211025389 ], [ -76.909446741107189, 35.880143740828913 ], [ -76.908182581258259, 35.879425041124144 ], [ -76.90817558161892, 35.879420669825407 ], [ -76.907623058165299, 35.879043046209404 ], [ -76.906794808800356, 35.878475982477639 ], [ -76.906782908598146, 35.878468436548488 ], [ -76.906479991100355, 35.878290999926506 ], [ -76.905557670027548, 35.877750740868926 ], [ -76.905553166198985, 35.877747763649964 ], [ -76.905549011008389, 35.877744316521607 ], [ -76.90471014038522, 35.876967914901797 ], [ -76.904707127517725, 35.876964876329311 ], [ -76.90470468792148, 35.876961380018905 ], [ -76.904257053771047, 35.87625781365864 ], [ -76.90425429338282, 35.876252874146559 ], [ -76.904252721665429, 35.876247438318202 ], [ -76.904079537750761, 35.87548877499912 ], [ -76.904077397659051, 35.875475075054823 ], [ -76.903927139548344, 35.873721732753907 ], [ -76.903926902887036, 35.87371826275939 ], [ -76.903849778749986, 35.872198508994451 ], [ -76.903848394670447, 35.872183076903276 ], [ -76.903845820114711, 35.872167798265345 ], [ -76.903675654950675, 35.871352182068229 ], [ -76.903674224259618, 35.871345841768743 ], [ -76.903361852304343, 35.870059260110146 ], [ -76.903356417086826, 35.870040798348043 ], [ -76.903349232587473, 35.870022944462796 ], [ -76.903340365330848, 35.870005863771667 ], [ -76.902837595939189, 35.869141788266582 ], [ -76.902828393461249, 35.869127419832061 ], [ -76.902817999763741, 35.8691138880708 ], [ -76.902085109358396, 35.868239612648523 ], [ -76.902072459550851, 35.868225879199251 ], [ -76.90205858414528, 35.868213385265513 ], [ -76.902043604074606, 35.868202239739844 ], [ -76.901158392532494, 35.867605726734858 ], [ -76.90114047558535, 35.867594969719903 ], [ -76.901121533978611, 35.867586141022358 ], [ -76.899830516435188, 35.867064654868344 ], [ -76.899806978163852, 35.867056806878189 ], [ -76.897693643019352, 35.86649517299486 ], [ -76.897692338666488, 35.86649483105721 ], [ -76.896701079902414, 35.866238539515123 ], [ -76.896696928080701, 35.866237369957254 ], [ -76.896309043462864, 35.86611901608395 ], [ -76.895144484234578, 35.865764368535572 ], [ -76.895135645439481, 35.865761216301834 ], [ -76.894250136077048, 35.865397701460232 ], [ -76.894246084100487, 35.865395821848878 ], [ -76.894242216540945, 35.865393587248953 ], [ -76.893632086715385, 35.865003617825295 ], [ -76.893628146412098, 35.865000820747142 ], [ -76.893624820656484, 35.864997315182059 ], [ -76.893212165343371, 35.864517689485474 ], [ -76.893209199245987, 35.864513882064124 ], [ -76.89320745456196, 35.864509382034434 ], [ -76.89302873188177, 35.863972232694373 ], [ -76.893027297269114, 35.863966968544368 ], [ -76.893027650403582, 35.863961523851003 ], [ -76.893076583550908, 35.863555386799568 ], [ -76.893077629568509, 35.863548648954357 ], [ -76.893167041005597, 35.863078992273721 ], [ -76.893168232738745, 35.863074099788797 ], [ -76.893170837954358, 35.863069790556018 ], [ -76.893613810788239, 35.862414703261898 ], [ -76.893620684169846, 35.86240568687689 ], [ -76.894018735275054, 35.86194080257701 ], [ -76.894022164942257, 35.861937180803089 ], [ -76.894025939424651, 35.861933919952122 ], [ -76.894700067318894, 35.86140806086555 ], [ -76.894708199909019, 35.861402344016533 ], [ -76.895012825884649, 35.86121010428807 ], [ -76.895838936818436, 35.86069103354437 ], [ -76.895937944462432, 35.860628912027863 ], [ -76.89594416807995, 35.860625312294523 ], [ -76.896243874900946, 35.860466061162391 ], [ -76.896244106388579, 35.860465937965287 ], [ -76.897151953555706, 35.85998202012027 ], [ -76.898961370850188, 35.859018524599577 ], [ -76.898974328664181, 35.859010988270612 ], [ -76.899791015227862, 35.858494098498916 ], [ -76.899808334005058, 35.858481802518696 ], [ -76.899824251137673, 35.858467739230953 ], [ -76.899838587107865, 35.858452067245373 ], [ -76.899851180230527, 35.858434963314991 ], [ -76.899861888476934, 35.858416620342709 ], [ -76.900127346764009, 35.857900796111259 ], [ -76.900135164465127, 35.85788366856459 ], [ -76.900141336982031, 35.857865881790261 ], [ -76.900342670788888, 35.857183585349695 ], [ -76.900347682812139, 35.857162421917955 ], [ -76.900350367206997, 35.857140839396223 ], [ -76.900350692229722, 35.857119093003874 ], [ -76.900329154553503, 35.856573482077465 ], [ -76.900327433454066, 35.856554036333058 ], [ -76.900323824739445, 35.856534851017379 ], [ -76.90031836279158, 35.856516108918122 ], [ -76.900079402443126, 35.855823881532132 ], [ -76.900071568689327, 35.855804528239105 ], [ -76.899598860595319, 35.854792137782056 ], [ -76.899587837062555, 35.854771712238566 ], [ -76.899574521334657, 35.854752701386609 ], [ -76.89841442432602, 35.853285605829136 ], [ -76.898406402035278, 35.853273819944299 ], [ -76.897661673250127, 35.851991616971802 ], [ -76.897659252040228, 35.851986883524773 ], [ -76.897657349029245, 35.851981919018137 ], [ -76.897296323314521, 35.850865119414962 ], [ -76.897295174352877, 35.85086095782907 ], [ -76.897294389535858, 35.850856712481324 ], [ -76.897196802095522, 35.85016177357214 ], [ -76.897196331445073, 35.850155991952562 ], [ -76.897196536463397, 35.850150194832345 ], [ -76.897249530008764, 35.849585915159921 ], [ -76.897250227613583, 35.849581070172661 ], [ -76.897252308936658, 35.849576639749628 ], [ -76.897619354894488, 35.848886079108041 ], [ -76.897622838927759, 35.848880041992551 ], [ -76.897798965911562, 35.848598039762031 ], [ -76.898151766842943, 35.848032564934734 ], [ -76.898154132408578, 35.84802910586405 ], [ -76.898157033823793, 35.848026102669316 ], [ -76.898696219141044, 35.847512687269891 ], [ -76.898699722396231, 35.847509268741078 ], [ -76.898704172528184, 35.847504818632295 ], [ -76.89870582884852, 35.847503200240986 ], [ -76.898969953291996, 35.847251035786854 ], [ -76.899239071734854, 35.846993834851865 ], [ -76.899243006055059, 35.84699026975251 ], [ -76.899963991668514, 35.846371000264853 ], [ -76.900927991359481, 35.845542999969233 ], [ -76.901626088473435, 35.844943389319987 ], [ -76.901641370819959, 35.844928790968574 ], [ -76.901655027360235, 35.844912661464939 ], [ -76.901666905597807, 35.844895180919991 ], [ -76.901925827034745, 35.844467109506965 ], [ -76.901936738067192, 35.844446429569352 ], [ -76.901945160994018, 35.844424617537065 ], [ -76.902145843081513, 35.843798192880101 ], [ -76.902151001017941, 35.843778789330884 ], [ -76.902154187555752, 35.843758966414669 ], [ -76.902305561274247, 35.842377918299313 ], [ -76.902306727447368, 35.842370127616029 ], [ -76.902578115342408, 35.840943605674582 ], [ -76.902579200352477, 35.84093907133105 ], [ -76.902581111527709, 35.840934818693334 ], [ -76.903145882155769, 35.839820882861282 ], [ -76.903153194711734, 35.839804719917467 ], [ -76.903159046243104, 35.839787972565198 ], [ -76.903163390710858, 35.839770772570212 ], [ -76.903469396904939, 35.838284458789829 ], [ -76.903472203781106, 35.838266909634875 ], [ -76.903473441679111, 35.838249180590857 ], [ -76.903492923484492, 35.837478242323279 ], [ -76.903492366002126, 35.837457437485007 ], [ -76.903489649487383, 35.837436803226367 ], [ -76.903484803356889, 35.837416562991656 ], [ -76.903477880088417, 35.837396935958367 ], [ -76.903173235134517, 35.836658263823288 ], [ -76.903164924391078, 35.836640609359968 ], [ -76.903154932813877, 35.836623848783695 ], [ -76.903143355509911, 35.836608141633583 ], [ -76.902570199864584, 35.835905107983208 ], [ -76.902558182656193, 35.835891655060529 ], [ -76.902545002195737, 35.835879339627596 ], [ -76.902530765704412, 35.835868261868747 ], [ -76.901654565716058, 35.835247817522088 ], [ -76.901636369053236, 35.835236349507198 ], [ -76.901617046081242, 35.835226901933069 ], [ -76.901596820286642, 35.835219584068909 ], [ -76.900623255554038, 35.834925496608413 ], [ -76.900606542355064, 35.834921225146722 ], [ -76.899292001645662, 35.834645052976043 ], [ -76.89928193297996, 35.834643205346268 ], [ -76.897924916102127, 35.834429930768273 ], [ -76.897913220254935, 35.834427366299764 ], [ -76.896600940652434, 35.83405596675631 ], [ -76.896587396561699, 35.834051053434756 ], [ -76.895705783441812, 35.833657141250619 ], [ -76.895701129073913, 35.833654761293936 ], [ -76.895696749664538, 35.833651906805244 ], [ -76.894896105174169, 35.833068000013043 ], [ -76.89489216457747, 35.833064806715036 ], [ -76.89488856895008, 35.833061229436673 ], [ -76.894246622555684, 35.832354000691069 ], [ -76.894243247191156, 35.832349852413763 ], [ -76.894241368786751, 35.832344845130471 ], [ -76.893991419653872, 35.831550537599995 ], [ -76.893990213137585, 35.831545952401967 ], [ -76.893989447611602, 35.831541273332498 ], [ -76.893894593235572, 35.830717232304984 ], [ -76.893894271290947, 35.83071204162124 ], [ -76.893896100123925, 35.830707173128872 ], [ -76.894224753376434, 35.829955120572023 ], [ -76.894227262028238, 35.829950155797206 ], [ -76.894230308673627, 35.829945501737299 ], [ -76.89471379274913, 35.829289980803267 ], [ -76.89471609536956, 35.829287089412304 ], [ -76.894718605642666, 35.829284376345406 ], [ -76.895277740518281, 35.828723257876668 ], [ -76.895282380802072, 35.828718888939711 ], [ -76.89620079313481, 35.827907824477919 ], [ -76.896204099837774, 35.827905146390187 ], [ -76.896207622737862, 35.82790275984177 ], [ -76.897157223170126, 35.827316940876166 ], [ -76.897167057541935, 35.827311609685644 ], [ -76.898268783513288, 35.826791928000439 ], [ -76.898281540380225, 35.826786948578132 ], [ -76.899318905992359, 35.826462026753667 ], [ -76.900010423143371, 35.826244748842718 ], [ -76.900021724496355, 35.826241910127607 ], [ -76.90069496493544, 35.82611400450039 ], [ -76.901372851462412, 35.825985026741591 ], [ -76.901710245094762, 35.825921329530878 ], [ -76.901713747539645, 35.825920732538215 ], [ -76.902643743073753, 35.825779168681102 ], [ -76.902671780800972, 35.825772810630291 ], [ -76.902736739645448, 35.825753076633646 ], [ -76.902737242847195, 35.825752923041598 ], [ -76.903186901405462, 35.825615027158747 ], [ -76.903233445976539, 35.82560070581566 ], [ -76.903251629577952, 35.825594132995086 ], [ -76.903269093518901, 35.825585835037671 ], [ -76.90335434278451, 35.825540153006756 ], [ -76.903370771536572, 35.825530309044332 ], [ -76.903386183373811, 35.825518938786502 ], [ -76.90340043696682, 35.825506146500672 ], [ -76.903413401607466, 35.825492049494493 ], [ -76.90342495840757, 35.825476777040144 ], [ -76.903430153622537, 35.825469181293158 ], [ -76.903434398806127, 35.825466945374153 ], [ -76.903619673459133, 35.825380588954701 ], [ -76.90363735969386, 35.825371241636539 ], [ -76.903654023692027, 35.825360174278181 ], [ -76.903669498740626, 35.82534749760169 ], [ -76.903683630021376, 35.825333338429388 ], [ -76.90369627615955, 35.825317838415032 ], [ -76.903791301036563, 35.825188684181136 ], [ -76.90380163897045, 35.82517316661329 ], [ -76.903810486858532, 35.825156753732202 ], [ -76.903817767797676, 35.825139588193636 ], [ -76.903870623623149, 35.824996799422301 ], [ -76.903877846237336, 35.824972745145253 ], [ -76.903915097894085, 35.824812832834311 ], [ -76.903917182152938, 35.824805249311758 ], [ -76.903968942300821, 35.824642300587193 ], [ -76.9039712648066, 35.824635780438719 ], [ -76.90403732996343, 35.824468833458553 ], [ -76.904043207076285, 35.824451768808302 ], [ -76.904047521883754, 35.824434243820996 ], [ -76.90407164984768, 35.824312894666861 ], [ -76.904074701455599, 35.824291631487661 ], [ -76.904075454981523, 35.824270163667585 ], [ -76.904073901732872, 35.824248738856753 ], [ -76.904069001843098, 35.824210087702106 ], [ -76.904054545557045, 35.824095240646052 ], [ -76.904051314340307, 35.824076677440665 ], [ -76.90404635053477, 35.824058500697546 ], [ -76.904039698198318, 35.824040871750448 ], [ -76.903957733991987, 35.8238512286229 ], [ -76.903947939201387, 35.823831598803217 ], [ -76.903936053398695, 35.823813159838018 ], [ -76.903601413646797, 35.823351719201739 ], [ -76.903594298965743, 35.823342487142753 ], [ -76.90346732223766, 35.823187293219917 ], [ -76.903458308139292, 35.823177013923882 ], [ -76.903206536882436, 35.822908968746418 ], [ -76.903192810958544, 35.822895687665394 ], [ -76.903023413924018, 35.822746766490468 ], [ -76.903012239412078, 35.822737635863511 ], [ -76.902815760274692, 35.822588583332916 ], [ -76.902814234239045, 35.822587402285393 ], [ -76.902607668606322, 35.822424323582936 ], [ -76.902604372433714, 35.822421605025653 ], [ -76.902195111819623, 35.822069103406129 ], [ -76.902194871070662, 35.822068896378489 ], [ -76.901893671573632, 35.821810301039022 ], [ -76.901888480521237, 35.821805515659975 ], [ -76.901705185577427, 35.821624161130025 ], [ -76.901699092813942, 35.821617565489994 ], [ -76.901574007012442, 35.82146931517665 ], [ -76.90155911391517, 35.821453494276724 ], [ -76.901461229858555, 35.821360227053312 ], [ -76.901460751545784, 35.821359772803369 ], [ -76.901341283391716, 35.821246688940853 ], [ -76.901329611161316, 35.821236469001676 ], [ -76.901317181877374, 35.82122718455124 ], [ -76.90107831930429, 35.821062796100279 ], [ -76.901054702948173, 35.821048827771328 ], [ -76.900635434175442, 35.820838235513541 ], [ -76.900622332893292, 35.820832235842751 ], [ -76.900221727391937, 35.82066596608049 ], [ -76.900217115938702, 35.820663768657838 ], [ -76.90021275365531, 35.820661110716685 ], [ -76.899868499213625, 35.820426349109873 ], [ -76.899853147444759, 35.820416865402748 ], [ -76.89983700337055, 35.820408803989991 ], [ -76.899820198410808, 35.82040223049502 ], [ -76.899356679219181, 35.820244633980522 ], [ -76.899334962115844, 35.820238591931727 ], [ -76.899120395305843, 35.820191742814892 ], [ -76.89911364664097, 35.820190020956588 ], [ -76.898542890441306, 35.820023018406914 ], [ -76.898528965055874, 35.820019481558262 ], [ -76.897982417333566, 35.819901388316666 ], [ -76.897969487511148, 35.819899036298956 ], [ -76.89738557459529, 35.81981253090148 ], [ -76.897378454899808, 35.819811211025481 ], [ -76.896890296421148, 35.819702291402123 ], [ -76.89688768244929, 35.819701726483217 ], [ -76.896364493590838, 35.819592313555198 ], [ -76.896361499928091, 35.819591639395505 ], [ -76.896168675551436, 35.819545096290128 ], [ -76.896151154699638, 35.819541686574425 ], [ -76.895943155775825, 35.819510767853906 ], [ -76.895932792834017, 35.819509502889197 ], [ -76.895712427746403, 35.819488424353786 ], [ -76.895703610079224, 35.819487182443879 ], [ -76.895502675155427, 35.819449686955465 ], [ -76.895499026846849, 35.819448863616998 ], [ -76.89549545043262, 35.819447769404064 ], [ -76.895177651466852, 35.819337356315756 ], [ -76.895158038114133, 35.819331646421865 ], [ -76.894824581582171, 35.81925279500468 ], [ -76.894809283908245, 35.8192498018091 ], [ -76.894536416677994, 35.819207376948079 ], [ -76.894531586879339, 35.819206504111037 ], [ -76.894246671071357, 35.819147758682611 ], [ -76.894239285303911, 35.81914637994133 ], [ -76.893984791299772, 35.819103802586604 ], [ -76.893980052982968, 35.819102770715993 ], [ -76.893975437341382, 35.819101283350562 ], [ -76.893655575892112, 35.818980742444687 ], [ -76.893629885414427, 35.818972984952261 ], [ -76.893431407020586, 35.818927325596079 ], [ -76.893428585333822, 35.81892663316394 ], [ -76.893411033423376, 35.818922054644254 ], [ -76.893407049036625, 35.818920835474074 ], [ -76.893403180278213, 35.818919288081815 ], [ -76.893338493318453, 35.818890225736396 ], [ -76.893337490700233, 35.818889768627791 ], [ -76.893194538370665, 35.818823640804069 ], [ -76.893187583569443, 35.818820087450433 ], [ -76.892998924736531, 35.818714207284422 ], [ -76.892995106197603, 35.818711831710928 ], [ -76.892991790531269, 35.81870882059296 ], [ -76.892850605581813, 35.818568583109482 ], [ -76.89284108817408, 35.818559725227018 ], [ -76.892654963084709, 35.818397462359421 ], [ -76.892651237854324, 35.818393852321059 ], [ -76.892649832900659, 35.818388858742743 ], [ -76.89261101772199, 35.818216559039101 ], [ -76.892610210970687, 35.818211992269291 ], [ -76.892610699313622, 35.81820738057187 ], [ -76.892636186547335, 35.818041243844057 ], [ -76.892637250932196, 35.818036131577436 ], [ -76.89264075546447, 35.818032260345312 ], [ -76.892782697987315, 35.817891271107229 ], [ -76.892786121128111, 35.817888172879584 ], [ -76.892790057333571, 35.817885759750567 ], [ -76.892988639999601, 35.817776355221909 ], [ -76.893001673790351, 35.817768514181822 ], [ -76.893014073984773, 35.81775970527783 ], [ -76.893179976436954, 35.817632087647681 ], [ -76.893184115484601, 35.817629225133828 ], [ -76.893188745776882, 35.817627253815573 ], [ -76.893666826136496, 35.817451731814892 ], [ -76.893686693218797, 35.817443192479715 ], [ -76.893895410539017, 35.817339774204967 ], [ -76.893902701986036, 35.817336517333956 ], [ -76.894347416682578, 35.817158827703302 ], [ -76.894352058919623, 35.817157233098413 ], [ -76.894356835478646, 35.817156102783365 ], [ -76.894610263811927, 35.817109171954691 ], [ -76.894633377519312, 35.817103450112945 ], [ -76.894863432378884, 35.817031721549164 ], [ -76.894884478679259, 35.817023836799024 ], [ -76.89490450745366, 35.817013640513387 ], [ -76.89513863580315, 35.816877370232227 ], [ -76.895143416870013, 35.816874759211416 ], [ -76.89544731766496, 35.816719388539973 ], [ -76.89545688834319, 35.816715112942298 ], [ -76.895715219330086, 35.816615608510872 ], [ -76.89572906971145, 35.816611397926927 ], [ -76.895955893628397, 35.816560059286275 ], [ -76.895973858271319, 35.8165551030297 ], [ -76.896139446685922, 35.816500999680713 ], [ -76.896157369236718, 35.816494176509138 ], [ -76.896174555892713, 35.816485668139514 ], [ -76.896190848633964, 35.816475552800661 ], [ -76.896420359983665, 35.816317329502212 ], [ -76.896440592604577, 35.816301364304216 ], [ -76.896616317695077, 35.816143303897285 ], [ -76.896620126032445, 35.816140204467757 ], [ -76.896624468674077, 35.816137912883519 ], [ -76.896838285543382, 35.816038252649363 ], [ -76.896855506781364, 35.816029180807476 ], [ -76.896871764610452, 35.816018477894488 ], [ -76.897103450402327, 35.815849238113088 ], [ -76.897119825313965, 35.815835895405222 ], [ -76.897338517769498, 35.815637589865723 ], [ -76.897356293122357, 35.815619273003769 ], [ -76.897513041885162, 35.815435626402582 ], [ -76.897520651794835, 35.815426141180744 ], [ -76.897675822186912, 35.81522020530376 ], [ -76.897681934115482, 35.815211633358402 ], [ -76.897789904485762, 35.815051447869841 ], [ -76.897800127131063, 35.815034534544367 ], [ -76.897808630647845, 35.815016694890289 ], [ -76.897890082851248, 35.814821532379156 ], [ -76.89789631011854, 35.814804470331161 ], [ -76.897900963820305, 35.814786913697098 ], [ -76.897904005576009, 35.814769007271941 ], [ -76.897905410299359, 35.814750898735504 ], [ -76.897907062682592, 35.814699270405221 ], [ -76.897906734621941, 35.814679758446587 ], [ -76.897904506538353, 35.814660371342704 ], [ -76.897900399644527, 35.814641293670505 ], [ -76.897894453040564, 35.814622707060948 ], [ -76.897886723341728, 35.814604788469779 ], [ -76.897877284139426, 35.814587708492809 ], [ -76.897818671690999, 35.814492893860525 ], [ -76.897806023471574, 35.81447475784978 ], [ -76.897791450594468, 35.814458128851236 ], [ -76.897431297924669, 35.814090334815795 ], [ -76.897428735010408, 35.814087617817769 ], [ -76.897281044581362, 35.813925070322192 ], [ -76.897267074771577, 35.813911141937552 ], [ -76.897251800760984, 35.813898657543923 ], [ -76.89723537114871, 35.813887738600549 ], [ -76.896984686070283, 35.813738414435925 ], [ -76.896983291865624, 35.813737591584477 ], [ -76.896751972890442, 35.813602327805164 ], [ -76.896744240676099, 35.813597314249783 ], [ -76.89659306366876, 35.813489075523989 ], [ -76.896578610286156, 35.813479643150259 ], [ -76.896563397514512, 35.813471491983343 ], [ -76.896379389967436, 35.813382895727997 ], [ -76.896362701548796, 35.813375774048751 ], [ -76.89634543637726, 35.813370194130883 ], [ -76.896102136658456, 35.813303587482906 ], [ -76.896097834239569, 35.81330246090603 ], [ -76.895906903158291, 35.813254728122402 ], [ -76.895901059192326, 35.81325335996172 ], [ -76.895676881653799, 35.813204412733285 ], [ -76.895673117379445, 35.813203514179285 ], [ -76.895497111141879, 35.813157882937766 ], [ -76.895474615312935, 35.813153409356261 ], [ -76.895256514756838, 35.813122912294901 ], [ -76.89524342148934, 35.813121519113061 ], [ -76.894651481980262, 35.813078181994605 ], [ -76.89464649703217, 35.813077879556047 ], [ -76.893841557102618, 35.813039123614288 ], [ -76.893836422231388, 35.813038942458213 ], [ -76.893620933495654, 35.813034110513804 ], [ -76.893611082917147, 35.813033401528784 ], [ -76.892936127656782, 35.81295113877129 ], [ -76.892933853612334, 35.812950874812749 ], [ -76.892537681215785, 35.812907185773007 ], [ -76.892534298893409, 35.812906841848914 ], [ -76.892247148902044, 35.812880107425677 ], [ -76.89224483688615, 35.812879865032251 ], [ -76.89196663210231, 35.812847424281038 ], [ -76.891959391898013, 35.812846309797337 ], [ -76.891060017625335, 35.812673921377751 ], [ -76.891039821514084, 35.812671108677328 ], [ -76.889841694670011, 35.812566149527413 ], [ -76.889838284994127, 35.812565880188679 ], [ -76.889357020527186, 35.812532002120449 ], [ -76.88865812298026, 35.812483009140344 ], [ -76.888602253324819, 35.812479018268235 ], [ -76.888601727290393, 35.812478981389582 ], [ -76.888035009339646, 35.812440001255183 ], [ -76.88745523536322, 35.812400016704842 ], [ -76.886909274419466, 35.812361019678214 ], [ -76.886908707063014, 35.812360979963685 ], [ -76.886213854802023, 35.812313333544992 ], [ -76.88620418397862, 35.812312194908728 ], [ -76.88497312890884, 35.812106022639448 ], [ -76.884677164635264, 35.812056029394007 ], [ -76.884676816892821, 35.812055970969823 ], [ -76.884303104832611, 35.811993522324855 ], [ -76.884284776352686, 35.811991323303836 ], [ -76.882605260190928, 35.8118680927886 ], [ -76.882602721882137, 35.811867922769501 ], [ -76.882580373092054, 35.811866568537475 ], [ -76.882561597393789, 35.811866313914095 ], [ -76.881324588019837, 35.81190764580024 ], [ -76.881303490762718, 35.811909472420254 ], [ -76.879911160974459, 35.812104731968326 ], [ -76.879895137341705, 35.812107648764332 ], [ -76.879879404171689, 35.812111859686624 ], [ -76.878830366674549, 35.812438947524775 ], [ -76.878823549178563, 35.812440811502356 ], [ -76.877586370438109, 35.812732487640822 ], [ -76.877563485576616, 35.812739349066611 ], [ -76.877541582177372, 35.812748890405672 ], [ -76.876534955606218, 35.813260965789389 ], [ -76.876522676281184, 35.81326621102555 ], [ -76.875875074427341, 35.813492970391145 ], [ -76.875248552166596, 35.813711726210343 ], [ -76.875231271531291, 35.813718678642076 ], [ -76.875214712645771, 35.8137272085878 ], [ -76.875199019140439, 35.813737242059474 ], [ -76.874713575557735, 35.814080464840814 ], [ -76.874706520542489, 35.814085688893108 ], [ -76.874671788366797, 35.814112607133936 ], [ -76.874668132662208, 35.81411530963198 ], [ -76.873942406143129, 35.814626707033554 ], [ -76.873941577694467, 35.814627293968734 ], [ -76.873153010357626, 35.81518898587759 ], [ -76.87211469723637, 35.815928944885329 ], [ -76.872102380810887, 35.815938466236844 ], [ -76.872090842258459, 35.815948916704748 ], [ -76.871189005008304, 35.816831986927596 ], [ -76.870504043807756, 35.817502948136834 ], [ -76.870049810850688, 35.817947241996016 ], [ -76.870043962426465, 35.817952527649119 ], [ -76.868814145130358, 35.818978870776341 ], [ -76.868813836872334, 35.818979128558652 ], [ -76.867518341965422, 35.820064706064905 ], [ -76.867517641570217, 35.820065295704595 ], [ -76.866474935713853, 35.820947201475562 ], [ -76.866473057590071, 35.82094880998708 ], [ -76.865271938029196, 35.821990444439642 ], [ -76.865265853618482, 35.821995318566103 ], [ -76.864001751766395, 35.822929437787309 ], [ -76.863271969299817, 35.823458118194552 ], [ -76.863267889821643, 35.823460778190032 ], [ -76.863263212647624, 35.823462138850566 ], [ -76.862519688618818, 35.82363935695961 ], [ -76.862514312127516, 35.823640717488473 ], [ -76.86187729786829, 35.823811346571283 ], [ -76.861856316231183, 35.823818228612311 ], [ -76.861836221144415, 35.823827381703154 ], [ -76.861817257562862, 35.823838694269583 ], [ -76.860098515022202, 35.8249972320559 ], [ -76.860076652196526, 35.825014286970969 ], [ -76.85876820787189, 35.826189619252126 ], [ -76.858752638119171, 35.826205239644501 ], [ -76.857748242926988, 35.827330717385074 ], [ -76.856686050802608, 35.8285119336525 ], [ -76.856309044011041, 35.828931940839823 ], [ -76.855837119638295, 35.829456856295607 ], [ -76.855624147693817, 35.829692825651954 ], [ -76.85562383420968, 35.829693173806099 ], [ -76.855412218561824, 35.829928747518593 ], [ -76.85498611142016, 35.830399866766058 ], [ -76.853707041225562, 35.831808944796272 ], [ -76.853067091139877, 35.832512890217018 ], [ -76.853066891910103, 35.832513109696421 ], [ -76.852854883826637, 35.832747014246884 ], [ -76.8528530717861, 35.832748960779064 ], [ -76.852419067408619, 35.833202920468366 ], [ -76.851984147008778, 35.833656837689162 ], [ -76.85198383644564, 35.833657162547219 ], [ -76.851550070157032, 35.834111916498323 ], [ -76.851114991155896, 35.834566999872514 ], [ -76.850679990928342, 35.835021999499119 ], [ -76.850244994530854, 35.835476996011145 ], [ -76.850038032957499, 35.835693452091057 ], [ -76.850027485464665, 35.835705402540107 ], [ -76.850017923123815, 35.835718154970266 ], [ -76.849794204600201, 35.836042690281502 ], [ -76.849793779268154, 35.836043309772997 ], [ -76.849703195825526, 35.836175776196505 ], [ -76.849700872803496, 35.836178903890755 ], [ -76.84969831287053, 35.836181840835764 ], [ -76.849259304586596, 35.836647485150309 ], [ -76.849255836979083, 35.836650824334747 ], [ -76.84925206347701, 35.836653813504753 ], [ -76.84884706151189, 35.836943948818941 ], [ -76.848310474235262, 35.837327643419094 ], [ -76.848296506063534, 35.837338600176189 ], [ -76.848283564524323, 35.837350752415091 ], [ -76.847915061996034, 35.837728927056375 ], [ -76.847914919917116, 35.837729073013072 ], [ -76.847174134916514, 35.838490852105487 ], [ -76.847173848185662, 35.838491147570274 ], [ -76.845796647747875, 35.839913223901618 ], [ -76.845792813304342, 35.839916787984286 ], [ -76.84578862608447, 35.839919930090609 ], [ -76.844354615591371, 35.840882581323484 ], [ -76.84435336115186, 35.840883409818353 ], [ -76.843163376442661, 35.841656552025498 ], [ -76.843147191549519, 35.841668256884688 ], [ -76.842881991366454, 35.841881000256606 ], [ -76.842609095245805, 35.842099916396542 ], [ -76.842374174383394, 35.842287853340402 ], [ -76.842373808151962, 35.842288147031503 ], [ -76.842063052351577, 35.842537950504152 ], [ -76.841793378140594, 35.842755078579145 ], [ -76.841788665223234, 35.842758993671588 ], [ -76.841085049206029, 35.843361950212405 ], [ -76.840148810671735, 35.844163020374701 ], [ -76.840137568574093, 35.844173410432987 ], [ -76.839683030186791, 35.84462696111818 ], [ -76.838763068061482, 35.845543923192636 ], [ -76.838762913944365, 35.845544076974491 ], [ -76.837847949111904, 35.846458045763896 ], [ -76.837840260425935, 35.846466168092462 ], [ -76.837614131147248, 35.846718842629386 ], [ -76.837613850492147, 35.846719156896043 ], [ -76.836697246468816, 35.847747713116796 ], [ -76.835860021525903, 35.848679965835174 ], [ -76.835056838477257, 35.849573494561042 ], [ -76.835045734272555, 35.849586990028463 ], [ -76.83467806849329, 35.850075896841211 ], [ -76.834677913766583, 35.850076102866559 ], [ -76.834305990628536, 35.85057199960503 ], [ -76.833749276857631, 35.851314285389449 ], [ -76.833746742782481, 35.851317740661656 ], [ -76.833340234968432, 35.851884659827292 ], [ -76.833149125088809, 35.85214884429476 ], [ -76.833137080583583, 35.852167616057841 ], [ -76.833127201102272, 35.852187612183585 ], [ -76.832675367243056, 35.853247117750868 ], [ -76.832674598214908, 35.853248874183784 ], [ -76.832095080594272, 35.854538671547424 ], [ -76.832086341453405, 35.85456187053525 ], [ -76.83174599842306, 35.855668975552902 ], [ -76.831675071110624, 35.855899903758399 ], [ -76.831670142466322, 35.855919391061548 ], [ -76.831667194802478, 35.855939274667776 ], [ -76.831666257893943, 35.855959353729531 ], [ -76.831667341204565, 35.855979425424948 ], [ -76.831670433791658, 35.855999287006547 ], [ -76.831697973204371, 35.856131911405981 ], [ -76.831832975623172, 35.85677912931132 ], [ -76.83183374329802, 35.856784013470232 ], [ -76.831833530487586, 35.856788953009257 ], [ -76.831725453322591, 35.857950285581339 ], [ -76.831724612564884, 35.857966008890877 ], [ -76.831725011331557, 35.857981749612634 ], [ -76.831806170482665, 35.859234339578968 ], [ -76.831809404193024, 35.859259454687617 ], [ -76.832030967843949, 35.860402882103877 ], [ -76.832031013659332, 35.860403117786575 ], [ -76.832257342297737, 35.861563674255969 ], [ -76.83225875154929, 35.861570301046029 ], [ -76.832466968578245, 35.862473904155465 ], [ -76.832747875054281, 35.863687500790476 ], [ -76.832748108739949, 35.863688498733218 ], [ -76.833168631375671, 35.865463815419446 ], [ -76.833177372550722, 35.865491547618063 ], [ -76.834051705839428, 35.867692730529434 ], [ -76.834058996874376, 35.867708945517933 ], [ -76.834948316383915, 35.869472677652354 ], [ -76.834951414875718, 35.869479436911362 ], [ -76.83572266184008, 35.871341788869316 ], [ -76.835725094867229, 35.871348294617412 ], [ -76.836304624545647, 35.873078919038093 ], [ -76.836307001815811, 35.873087183083932 ], [ -76.836621788517803, 35.874390021952692 ], [ -76.836623678961672, 35.874400075453266 ], [ -76.836853315332803, 35.876095014792348 ], [ -76.836853737657108, 35.876100008887313 ], [ -76.836853656291595, 35.876105020146781 ], [ -76.836722425964211, 35.878074468816813 ], [ -76.836720707141922, 35.878087417958206 ], [ -76.836315053322394, 35.880115690129827 ], [ -76.83631371153642, 35.880120911617269 ], [ -76.836311813368283, 35.880125957534602 ], [ -76.835562865478735, 35.881830732144721 ], [ -76.835560800682899, 35.881834893993457 ], [ -76.835558357506088, 35.881838845607682 ], [ -76.834827454896129, 35.882906401512848 ], [ -76.83482484453188, 35.882909878764217 ], [ -76.834821681501367, 35.88291283801189 ], [ -76.834474001573625, 35.88321099080737 ], [ -76.833623701109644, 35.883939961572771 ], [ -76.833613817277623, 35.883947423970184 ], [ -76.832024998531836, 35.88499902327635 ], [ -76.832012475209282, 35.885006072239044 ], [ -76.830193087658955, 35.885864067906134 ], [ -76.830188920256589, 35.885865807150054 ], [ -76.830184612615398, 35.885867162301729 ], [ -76.829402414646708, 35.886074825676666 ], [ -76.829393479809795, 35.88607676509087 ], [ -76.828373445160651, 35.88624975300467 ], [ -76.828370540472392, 35.886250267677312 ], [ -76.82730687915425, 35.886446835909261 ], [ -76.826605707713995, 35.886569873716361 ], [ -76.825569056165463, 35.886743988646437 ], [ -76.824195121750606, 35.886973806958757 ], [ -76.824180762387329, 35.886975153007214 ], [ -76.822773012476716, 35.887004999168376 ], [ -76.821725921773321, 35.887026980326567 ], [ -76.821724061339594, 35.887027028042546 ], [ -76.821695842859825, 35.887027883176806 ], [ -76.821691998290163, 35.887027851522745 ], [ -76.821688167565412, 35.887027524008218 ], [ -76.821234600183445, 35.88697107572122 ], [ -76.821233381760493, 35.886970927878664 ], [ -76.820625154806564, 35.886899019125273 ], [ -76.820624827933585, 35.886898980752797 ], [ -76.819544097874683, 35.886773012394052 ], [ -76.81881850411169, 35.886687648238663 ], [ -76.818807583799057, 35.886685744387059 ], [ -76.818645266816574, 35.886648063761641 ], [ -76.818644716237046, 35.88664793676827 ], [ -76.818069077456826, 35.88651601950513 ], [ -76.816927465820982, 35.886253339055557 ], [ -76.816924512524196, 35.886252682992172 ], [ -76.81578775739932, 35.886009164202804 ], [ -76.815786223070745, 35.886008841799438 ], [ -76.815029253351838, 35.885852877755454 ], [ -76.815020694701758, 35.885851307619355 ], [ -76.814342007283457, 35.885742002098254 ], [ -76.813852573565384, 35.885663093332411 ], [ -76.81197856920403, 35.885349598687654 ], [ -76.811971465964007, 35.885348143790914 ], [ -76.810316852410367, 35.884946209316055 ], [ -76.810315128315793, 35.884945798584816 ], [ -76.808195027759865, 35.884450643425687 ], [ -76.808181264133765, 35.884446360643189 ], [ -76.806910960119026, 35.883947949000365 ], [ -76.806901258183061, 35.883943531573699 ], [ -76.805318938139649, 35.88311849347707 ], [ -76.805317054538008, 35.88311748561258 ], [ -76.804237912775633, 35.882525152443563 ], [ -76.804230278328987, 35.882520506152922 ], [ -76.802964171937305, 35.881670136412176 ], [ -76.802961081907654, 35.881667884593107 ], [ -76.80295817333149, 35.881665402828091 ], [ -76.802043854078192, 35.880822638849054 ], [ -76.802038341651851, 35.880817145866644 ], [ -76.801320664772291, 35.880044033987019 ], [ -76.801312051731358, 35.880033373635975 ], [ -76.800296148524993, 35.878582652862811 ], [ -76.800293900510837, 35.878579300657812 ], [ -76.80013208370174, 35.878327144653085 ], [ -76.800131897843841, 35.878326855581008 ], [ -76.799324525184431, 35.877073485778766 ], [ -76.799317107160277, 35.877062755565206 ], [ -76.798358279514517, 35.87576819279483 ], [ -76.79834648718122, 35.875753733620769 ], [ -76.798333398723827, 35.875740436285632 ], [ -76.798319128053379, 35.875728416518399 ], [ -76.798303799370004, 35.875717778929165 ], [ -76.798287546081824, 35.875708616098677 ], [ -76.797674957863933, 35.875399997971428 ], [ -76.797671110928334, 35.875397840675895 ], [ -76.797667967736615, 35.875394746620174 ], [ -76.796950066753269, 35.874622384486578 ], [ -76.796946280960057, 35.874617788350832 ], [ -76.796943071094802, 35.87461277302851 ], [ -76.796527774990537, 35.87386940185965 ], [ -76.796526253733902, 35.87386657307524 ], [ -76.796509769065409, 35.873834703057625 ], [ -76.796500563766244, 35.873818751976245 ], [ -76.79648993022154, 35.873803715279223 ], [ -76.796477958597009, 35.873789720468181 ], [ -76.796268115478554, 35.873566132843486 ], [ -76.796267865832917, 35.873565867331529 ], [ -76.796067064405747, 35.873352693418006 ], [ -76.796045464411847, 35.873332893100837 ], [ -76.795777142809285, 35.873120909915777 ], [ -76.795774825233394, 35.873119106427744 ], [ -76.794504421074862, 35.872145395039006 ], [ -76.794495379471954, 35.872138857169958 ], [ -76.793439080755519, 35.871419060952874 ], [ -76.793174204502336, 35.871238145290334 ], [ -76.793173778242121, 35.871237854951559 ], [ -76.792909204389829, 35.871058144630531 ], [ -76.792383412998973, 35.870699020432944 ], [ -76.792374917235193, 35.870692524640972 ], [ -76.791773182545157, 35.870179163103217 ], [ -76.79177279904782, 35.870178836761099 ], [ -76.791494914483252, 35.869942969731312 ], [ -76.791481574502171, 35.869932584059988 ], [ -76.791467405057929, 35.869923362123416 ], [ -76.790380437709686, 35.86927963372689 ], [ -76.790371414070123, 35.869274599917894 ], [ -76.790151190404615, 35.869159104385304 ], [ -76.788947683652424, 35.868524474451227 ], [ -76.788938173176405, 35.868519777402213 ], [ -76.788607059450314, 35.868367031114879 ], [ -76.786927113026465, 35.867590518291571 ], [ -76.78692488159939, 35.867589453193276 ], [ -76.786053275612815, 35.867160110011206 ], [ -76.786049130635661, 35.867157816187877 ], [ -76.786045802790468, 35.867154444554956 ], [ -76.785563498947155, 35.866616715306399 ], [ -76.78555256444011, 35.866605447290461 ], [ -76.785540779697186, 35.866595071768231 ], [ -76.784712248735246, 35.8659214618013 ], [ -76.784703549455358, 35.865914776950738 ], [ -76.783694303039852, 35.865182368562103 ], [ -76.783676966052354, 35.865171107308441 ], [ -76.78365855920201, 35.865161695888283 ], [ -76.783639279159985, 35.865154234859595 ], [ -76.781609289660196, 35.864487083808321 ], [ -76.781602656926239, 35.864485030838011 ], [ -76.781025773747203, 35.864317389236497 ], [ -76.781021170750236, 35.864315799194699 ], [ -76.781019089882875, 35.864311396263162 ], [ -76.780946721051805, 35.864136188812836 ], [ -76.780945199984757, 35.864131974632052 ], [ -76.780945677399956, 35.864127519854655 ], [ -76.780956290739013, 35.864058269322555 ], [ -76.780958339321643, 35.864038159851738 ], [ -76.78095834761946, 35.864017946305815 ], [ -76.780956315547684, 35.863997835159857 ], [ -76.780952263863313, 35.863978031842933 ], [ -76.780946233953031, 35.863958738639738 ], [ -76.780938287410478, 35.863940152624323 ], [ -76.780928505407118, 35.863922463647029 ], [ -76.780916987863051, 35.863905852395234 ], [ -76.780903852426405, 35.863890488547689 ], [ -76.780889233271552, 35.863876529041292 ], [ -76.780873279728596, 35.863864116468044 ], [ -76.780856154757984, 35.863853377618511 ], [ -76.780838033285974, 35.863844422186681 ], [ -76.780819100417716, 35.863837341649486 ], [ -76.780799549546543, 35.863832208332418 ], [ -76.780593229951961, 35.863789049475614 ], [ -76.780201110269573, 35.863706025042021 ], [ -76.780200871720297, 35.86370597468531 ], [ -76.77942524716633, 35.863542737497106 ], [ -76.779408618827148, 35.863539963962715 ], [ -76.778427787721938, 35.863418593595703 ], [ -76.778423234316875, 35.863417805204882 ], [ -76.778423467372207, 35.863413189932004 ], [ -76.778424178283885, 35.863406016478052 ], [ -76.778425152213956, 35.863386936517635 ], [ -76.778424301186334, 35.863367850680447 ], [ -76.778421632966513, 35.863348933121614 ], [ -76.778417171901566, 35.86333035646075 ], [ -76.778410958697975, 35.863312290206842 ], [ -76.778403050050201, 35.863294899211475 ], [ -76.778393518123366, 35.863278342164641 ], [ -76.778382449894707, 35.863262770146669 ], [ -76.77836994636003, 35.863248325249657 ], [ -76.778356121612006, 35.863235139280924 ], [ -76.778341101799214, 35.86322333256026 ], [ -76.778325023974958, 35.863213012822065 ], [ -76.778308034846745, 35.863204274232245 ], [ -76.778290289437592, 35.863197196529001 ], [ -76.778271949671435, 35.863191844295216 ], [ -76.778253182895625, 35.863188266369136 ], [ -76.778234160353918, 35.86318649539875 ], [ -76.777957993715518, 35.863174045460113 ], [ -76.777955988983152, 35.863173934907415 ], [ -76.777933703254206, 35.863172481395928 ], [ -76.777911052962537, 35.863172289513678 ], [ -76.777888526239551, 35.863174660016327 ], [ -76.777560223874943, 35.863228147652897 ], [ -76.777549697949368, 35.863229294217717 ], [ -76.777127877876438, 35.863252728004369 ], [ -76.777123062201213, 35.863252759627855 ], [ -76.777119035556524, 35.863250118063789 ], [ -76.776916030521903, 35.863102251235041 ], [ -76.776897628575739, 35.863090334041807 ], [ -76.776878032806451, 35.86308050261551 ], [ -76.776857478682246, 35.863072875093302 ], [ -76.776836213187181, 35.863067543129617 ], [ -76.776176260233683, 35.862940051838471 ], [ -76.776175721769391, 35.86293994858206 ], [ -76.775828776755461, 35.862873910995894 ], [ -76.775824069858473, 35.862872775140154 ], [ -76.775819671853029, 35.862870749653815 ], [ -76.775572899120348, 35.862742186225375 ], [ -76.77555525683006, 35.862734058569842 ], [ -76.775536909302417, 35.862727680684564 ], [ -76.775518029604683, 35.862723112730407 ], [ -76.775498795823978, 35.862720397795641 ], [ -76.773895073330635, 35.862573007193866 ], [ -76.773657475484725, 35.862550972188004 ], [ -76.773636462778981, 35.862550133789725 ], [ -76.772639197644139, 35.862562819065545 ], [ -76.772610953399266, 35.862565186856109 ], [ -76.771527728926173, 35.862733950346282 ], [ -76.771514341605013, 35.862736506037209 ], [ -76.770161598211573, 35.8630428622333 ], [ -76.770160383396743, 35.863043129420966 ], [ -76.768919835115696, 35.863307899233263 ], [ -76.768900407893554, 35.863313078956736 ], [ -76.76805420253136, 35.863584931856032 ], [ -76.767621834760817, 35.863722774651876 ], [ -76.767617954547305, 35.863723841373563 ], [ -76.767614000885885, 35.863724591962736 ], [ -76.767254540233793, 35.863777918771127 ], [ -76.767253441179108, 35.863778075588343 ], [ -76.766911030779312, 35.863824994076644 ], [ -76.766568991549875, 35.86387199980831 ], [ -76.76622727553206, 35.863918961020744 ], [ -76.765885275669461, 35.863964961409849 ], [ -76.765884706854536, 35.863965038749051 ], [ -76.765543030397509, 35.864011994464001 ], [ -76.765201600812148, 35.864058779039937 ], [ -76.765198374192053, 35.864059167860802 ], [ -76.765027295196091, 35.864076968157534 ], [ -76.765026686806181, 35.864077032399535 ], [ -76.764859124906522, 35.864094985016273 ], [ -76.764858856472244, 35.864095013959655 ], [ -76.764518309850374, 35.864131965261357 ], [ -76.764198567349126, 35.86416562352143 ], [ -76.764176268023292, 35.864169254051944 ], [ -76.764154520445473, 35.86417537643247 ], [ -76.76317017092218, 35.864513563968323 ], [ -76.763165944245443, 35.864514810280092 ], [ -76.763161581203605, 35.864515290578147 ], [ -76.762301229128028, 35.864571984247398 ], [ -76.762258169626421, 35.864574718576456 ], [ -76.762238156082844, 35.864577005938159 ], [ -76.762218474140283, 35.864581294887543 ], [ -76.762109148241549, 35.86461095693813 ], [ -76.762108834550233, 35.864611042321911 ], [ -76.761573516558641, 35.864757218203593 ], [ -76.761560285442627, 35.864759885816781 ], [ -76.760621892435935, 35.864883842210325 ], [ -76.76059835132466, 35.864888401778138 ], [ -76.760575525084633, 35.86489574591495 ], [ -76.760467282835307, 35.864937886560014 ], [ -76.759772382289256, 35.865205920674434 ], [ -76.759766907784041, 35.865207676508597 ], [ -76.759761267240833, 35.865208789583718 ], [ -76.759245233709777, 35.865279966044753 ], [ -76.759244748815291, 35.865280033531079 ], [ -76.759010289755224, 35.865312957485287 ], [ -76.758595133296666, 35.865369980389254 ], [ -76.758594848630125, 35.865370019697387 ], [ -76.75822928866674, 35.865420765649503 ], [ -76.758206338667094, 35.865425333547698 ], [ -76.758184079283851, 35.865432550751791 ], [ -76.758042647716067, 35.865487744080099 ], [ -76.757919088028814, 35.865534962948843 ], [ -76.757918887323939, 35.865535039772681 ], [ -76.75729662605859, 35.865773606206595 ], [ -76.757292948313207, 35.865774854354754 ], [ -76.757289184643952, 35.86577581272725 ], [ -76.756590929367192, 35.865924945433129 ], [ -76.756585976556352, 35.865925744397565 ], [ -76.756580964137299, 35.865925533838357 ], [ -76.756068920130744, 35.865878053375297 ], [ -76.756047097524331, 35.865877227210284 ], [ -76.756025314934902, 35.865878785252967 ], [ -76.756003832070107, 35.865882708927238 ], [ -76.755477250275163, 35.866008937452804 ], [ -76.754940823739645, 35.866136012369331 ], [ -76.754924225532832, 35.866140708825135 ], [ -76.754908093751311, 35.866146818063342 ], [ -76.754016669375744, 35.866529135615508 ], [ -76.754002968007839, 35.866533867273596 ], [ -76.753837062615375, 35.866577980825262 ], [ -76.753539017191358, 35.866656992840539 ], [ -76.753021413738963, 35.866794062295952 ], [ -76.752999480919115, 35.866801248061208 ], [ -76.752978521993754, 35.866810912804183 ], [ -76.75266699591856, 35.866976997535417 ], [ -76.752189577075228, 35.867231554904862 ], [ -76.752184889638826, 35.867233749605276 ], [ -76.752179999838944, 35.867235446256181 ], [ -76.75115887827576, 35.867531312072693 ], [ -76.75114093410086, 35.867537447393232 ], [ -76.751123651691756, 35.867545254691528 ], [ -76.751107186432677, 35.867554663773028 ], [ -76.751091686360951, 35.867565590041721 ], [ -76.750779040036633, 35.867808961838982 ], [ -76.750510420032228, 35.868018327090418 ], [ -76.750503342262931, 35.868023364897041 ], [ -76.750200058823935, 35.868219956052656 ], [ -76.749897893699071, 35.868415474796983 ], [ -76.749893899479872, 35.868417803433985 ], [ -76.74988954364035, 35.868419353648655 ], [ -76.749824992076057, 35.868438999541887 ], [ -76.749756131860963, 35.868459957232879 ], [ -76.749755850765439, 35.868460043010352 ], [ -76.749176590527071, 35.868637272037788 ], [ -76.749156484427488, 35.868644621758634 ], [ -76.749137279066034, 35.868654078382164 ], [ -76.749119194475497, 35.868665533565363 ], [ -76.749102437848151, 35.868678856068009 ], [ -76.748777340594017, 35.868967030584749 ], [ -76.748773886245175, 35.868969826918644 ], [ -76.748769813828375, 35.868971606646184 ], [ -76.748007591411294, 35.869264841411685 ], [ -76.747990420952533, 35.869272389393004 ], [ -76.747974033080411, 35.869281512677681 ], [ -76.747958571924912, 35.869292131027187 ], [ -76.747944173465584, 35.869304151054031 ], [ -76.747930964335708, 35.869317467043061 ], [ -76.747610666884611, 35.869672176684858 ], [ -76.74760049343881, 35.869684385224843 ], [ -76.747591321417886, 35.869697362955009 ], [ -76.74744556504875, 35.869922032368464 ], [ -76.747442868917574, 35.869925786815038 ], [ -76.747438268413092, 35.86992623442007 ], [ -76.746895160403341, 35.869953254755515 ], [ -76.746873728902926, 35.869955483123412 ], [ -76.746852661503922, 35.869960004133496 ], [ -76.74683220273289, 35.869966765310984 ], [ -76.746812590052144, 35.869975688179771 ], [ -76.746794051103535, 35.869986669173258 ], [ -76.746504786100175, 35.870179781921607 ], [ -76.746490161449785, 35.870190535841289 ], [ -76.746476572107255, 35.870202571494886 ], [ -76.746464130024037, 35.870215789730509 ], [ -76.74617436294416, 35.870553075047646 ], [ -76.74617083597829, 35.870556774773519 ], [ -76.746166118912299, 35.870558743719265 ], [ -76.745791600829321, 35.870692781077615 ], [ -76.74579038185982, 35.870693221799336 ], [ -76.74567686098095, 35.870734682020583 ], [ -76.745450223166984, 35.870815083305125 ], [ -76.745431267659583, 35.870822924107607 ], [ -76.745413214995367, 35.870832665296398 ], [ -76.745396255083591, 35.870844204396754 ], [ -76.745380566338056, 35.870857420020393 ], [ -76.744986061006017, 35.871225935262935 ], [ -76.744383546107443, 35.871787685092897 ], [ -76.744379847341577, 35.871790811935007 ], [ -76.74437586259539, 35.871793565100077 ], [ -76.743636711743449, 35.87225288112267 ], [ -76.74362208792644, 35.872262893010017 ], [ -76.743608407841961, 35.872274160183615 ], [ -76.743595778910787, 35.872286594169694 ], [ -76.742717996673463, 35.873230994395854 ], [ -76.742271104718199, 35.873711725280081 ], [ -76.742266739551482, 35.873716137984978 ], [ -76.742109080376821, 35.873865915296044 ], [ -76.741096178617283, 35.87482582158021 ], [ -76.740363301484109, 35.875516763663953 ], [ -76.740360636321228, 35.87551918714454 ], [ -76.739138548587832, 35.876590879481881 ], [ -76.739131584613673, 35.876597284089549 ], [ -76.738073816443844, 35.877617311074054 ], [ -76.738066367268956, 35.877624886488142 ], [ -76.737201030210343, 35.878552957436163 ], [ -76.736999920710787, 35.878768895340038 ], [ -76.736985087940567, 35.87878680547928 ], [ -76.736972434395184, 35.878806316295496 ], [ -76.736236047402244, 35.880100900196325 ], [ -76.736094702001267, 35.880348726971413 ], [ -76.736086692292602, 35.880364321665809 ], [ -76.73608007902665, 35.88038055787964 ], [ -76.735760086900413, 35.881276732063256 ], [ -76.735497649198692, 35.882005172390357 ], [ -76.735496261865279, 35.882008800554935 ], [ -76.735312655408109, 35.882462358172099 ], [ -76.735311268506891, 35.882465617035457 ], [ -76.734933709581853, 35.883310914865788 ], [ -76.734927489594483, 35.88332266969325 ], [ -76.733954571351447, 35.884897823213848 ], [ -76.733951799594251, 35.884901853947191 ], [ -76.733948646118279, 35.884905593604422 ], [ -76.732579027932218, 35.886376812108303 ], [ -76.732575020641292, 35.886381247772732 ], [ -76.73224365812932, 35.886759238393701 ], [ -76.732242331066104, 35.886760767745471 ], [ -76.731556010256824, 35.887559842615509 ], [ -76.731543807681163, 35.887575570380015 ], [ -76.731533229026198, 35.887592433282748 ], [ -76.731073877950806, 35.888412702534247 ], [ -76.731061897682082, 35.888438141372816 ], [ -76.730310087514013, 35.890377751147547 ], [ -76.73020662345148, 35.890642583148249 ], [ -76.730201563184053, 35.890657174245447 ], [ -76.730197643862098, 35.890672112295498 ], [ -76.729463044958521, 35.893988758956034 ], [ -76.729462939032345, 35.893989240008032 ], [ -76.72933124566957, 35.894590837393466 ], [ -76.729330708996727, 35.89459315651203 ], [ -76.729260872516647, 35.894879385924057 ], [ -76.729258843092737, 35.89488653751453 ], [ -76.728727015270934, 35.896525926560535 ], [ -76.728265243355793, 35.89795313011485 ], [ -76.728263838679979, 35.897956935861302 ], [ -76.72826212948695, 35.897960614921082 ], [ -76.7276829097666, 35.899085331091939 ], [ -76.727676374570123, 35.899096250633129 ], [ -76.726791431557942, 35.900381360621274 ], [ -76.726790555641443, 35.900382643256783 ], [ -76.725893467280656, 35.901707296842595 ], [ -76.724984327129917, 35.903025512268805 ], [ -76.724816819094414, 35.903265338401006 ], [ -76.724807034598584, 35.903280810241768 ], [ -76.724798705752733, 35.90329711191476 ], [ -76.724791902334744, 35.903314106846921 ], [ -76.724495052859737, 35.904166822381612 ], [ -76.724420418474097, 35.90437992594368 ], [ -76.724417218699131, 35.904387936204003 ], [ -76.724151007439986, 35.904978965079863 ], [ -76.723625112214435, 35.90614772867162 ], [ -76.723617163033438, 35.906168377985864 ], [ -76.723611543491103, 35.906189779023251 ], [ -76.723331347736362, 35.907561869770568 ], [ -76.723328232384574, 35.9075826336394 ], [ -76.723327311014756, 35.907603609691058 ], [ -76.723328593781403, 35.907624566746563 ], [ -76.723525499617381, 35.909349697151832 ], [ -76.72352580317245, 35.909354005289224 ], [ -76.723525732943301, 35.909358323536772 ], [ -76.723431212085529, 35.910943294206938 ], [ -76.723430854444445, 35.910946981688497 ], [ -76.723430224278886, 35.910950632485573 ], [ -76.723200034195514, 35.912041058762327 ], [ -76.723198751290298, 35.912045909876085 ], [ -76.723196521362468, 35.912050405048248 ], [ -76.722725905599361, 35.912889800744601 ], [ -76.722719478894959, 35.912899814665508 ], [ -76.722149811109233, 35.9136808748191 ], [ -76.722148186305262, 35.913683135436742 ], [ -76.721833819179409, 35.914127006100848 ], [ -76.721827786091993, 35.914134697384441 ], [ -76.721771342794668, 35.9141998251026 ], [ -76.721761161261298, 35.91421259096731 ], [ -76.721580815657887, 35.914458687756152 ], [ -76.72156828404097, 35.914478035648187 ], [ -76.72049808526836, 35.916359833633841 ], [ -76.720497896604954, 35.91636016611163 ], [ -76.719991216131447, 35.91725507049231 ], [ -76.719988823412507, 35.917258884100875 ], [ -76.719985795748542, 35.917262191234663 ], [ -76.719271170091787, 35.917975827449574 ], [ -76.719260112407881, 35.917985361502865 ], [ -76.718142837891747, 35.918814403493222 ], [ -76.718132745730642, 35.918820987250648 ], [ -76.716058990723283, 35.920001999944844 ], [ -76.714873122128637, 35.92067735560164 ], [ -76.714870869644969, 35.920678657873793 ], [ -76.712816992538421, 35.921883998660185 ], [ -76.711941292836727, 35.922397888818423 ], [ -76.711930348655812, 35.922403437538385 ], [ -76.711061200419692, 35.922778909408976 ], [ -76.710668978699999, 35.92294728836562 ], [ -76.71066493246019, 35.922948821167608 ], [ -76.710660768491394, 35.922949997581263 ], [ -76.709709631036688, 35.923174668124965 ], [ -76.709698235995873, 35.923176671477371 ], [ -76.708499450351113, 35.923316480002768 ], [ -76.708494985886134, 35.923316798475454 ], [ -76.708490510847398, 35.92331671541757 ], [ -76.70764760233557, 35.923263165734973 ], [ -76.707642393292602, 35.923262697741393 ], [ -76.706785152123501, 35.923163018257597 ], [ -76.706149158580857, 35.923088019621893 ], [ -76.705823136537134, 35.923049017575032 ], [ -76.705822845925553, 35.923048983024785 ], [ -76.705586221742323, 35.923021026796278 ], [ -76.705585759983293, 35.923020972785352 ], [ -76.705491402593339, 35.923010047164183 ], [ -76.705151008318282, 35.922969201827556 ], [ -76.705130903038452, 35.922967811979532 ], [ -76.7047650296509, 35.922961000747534 ], [ -76.704381020465135, 35.922954000609145 ], [ -76.704003227429354, 35.922947004389279 ], [ -76.703620298751488, 35.922939005966171 ], [ -76.703619682382325, 35.922938994042099 ], [ -76.703282996839278, 35.922932999719222 ], [ -76.702947136240866, 35.922927002148448 ], [ -76.702485623149471, 35.922918089552745 ], [ -76.702481014795708, 35.922917786652754 ], [ -76.70247645418489, 35.922917058697671 ], [ -76.70197511543553, 35.922813025472692 ], [ -76.701974866608921, 35.922812974003321 ], [ -76.70190066353581, 35.922797674367686 ], [ -76.701881450291623, 35.922794678066765 ], [ -76.70186203688236, 35.922793561772899 ], [ -76.701842606826162, 35.922794336038606 ], [ -76.701823343798551, 35.922796993544615 ], [ -76.701804429896072, 35.922801509169091 ], [ -76.701786043914964, 35.92280784022509 ], [ -76.701768359660932, 35.922815926864104 ], [ -76.701393478183078, 35.923009915740664 ], [ -76.701374655916339, 35.923020998652703 ], [ -76.701357154507022, 35.923034068057284 ], [ -76.700720029862197, 35.923566434179641 ], [ -76.700705674553205, 35.923579671347724 ], [ -76.700692678524263, 35.92359424532269 ], [ -76.699943165471495, 35.924522259318067 ], [ -76.699931294279722, 35.924538577999101 ], [ -76.699921127958305, 35.924556009879495 ], [ -76.699912770006648, 35.924574377491993 ], [ -76.699496534238619, 35.925626981626884 ], [ -76.699491532629196, 35.925641168392509 ], [ -76.699487611442677, 35.925655690951238 ], [ -76.699297993497694, 35.926479987871303 ], [ -76.698976975345445, 35.927874723662683 ], [ -76.698975812437837, 35.927878923963355 ], [ -76.698973596634431, 35.927882676974576 ], [ -76.69834880949881, 35.928842136484192 ], [ -76.698340393140626, 35.928853273429844 ], [ -76.697351024133539, 35.929987961942082 ], [ -76.697156144804111, 35.930211241255961 ], [ -76.697148146156138, 35.93022101173154 ], [ -76.696206069958535, 35.931448897592013 ], [ -76.696205912685045, 35.931449102854188 ], [ -76.69564485297046, 35.932182339466522 ], [ -76.695633894470973, 35.932198188290087 ], [ -76.694691157072839, 35.933712733810943 ], [ -76.694690826411062, 35.933713266894038 ], [ -76.694549470237106, 35.933941957007384 ], [ -76.694540047480714, 35.933959005609793 ], [ -76.694532327921038, 35.933976890004693 ], [ -76.694526384786471, 35.933995440539285 ], [ -76.694281048926825, 35.934912783626942 ], [ -76.694196546363173, 35.935225940974576 ], [ -76.694195348161571, 35.935230032465327 ], [ -76.694011998144177, 35.935809976679181 ], [ -76.693645274814486, 35.936970936907628 ], [ -76.69364236695273, 35.936978938738605 ], [ -76.693174191251202, 35.938114143565393 ], [ -76.693167595719132, 35.938132672461336 ], [ -76.693162851984226, 35.9381517595776 ], [ -76.693160005920902, 35.938171220331746 ], [ -76.693159085052102, 35.938190866528039 ], [ -76.693161990903661, 35.939426920631099 ], [ -76.693162962300676, 35.939735933683401 ], [ -76.693163839425893, 35.93975402589605 ], [ -76.693316464344733, 35.941377391493212 ], [ -76.693316673443675, 35.941382975872493 ], [ -76.693315629912718, 35.941388465868599 ], [ -76.693174999117019, 35.941952967572178 ], [ -76.693058127575171, 35.942421443265886 ], [ -76.693055431727046, 35.942430430072463 ], [ -76.69297592355673, 35.94265635104594 ], [ -76.692973911976466, 35.942661592146187 ], [ -76.692853259910976, 35.942951354220355 ], [ -76.692852713321358, 35.942952641487729 ], [ -76.69249756473458, 35.943773053587762 ], [ -76.692491670093233, 35.943784563585652 ], [ -76.69121938858774, 35.945916333110794 ], [ -76.691218582924719, 35.945917659539752 ], [ -76.69083028845094, 35.946545900930957 ], [ -76.690827745582538, 35.946550130999931 ], [ -76.690229426874225, 35.947573832912795 ], [ -76.690226802195497, 35.947577863785483 ], [ -76.690223801276417, 35.94758162295529 ], [ -76.687684174138866, 35.950465791624438 ], [ -76.687683807781852, 35.950466208849974 ], [ -76.687511032027601, 35.950663526210349 ], [ -76.687507844032439, 35.950666844733263 ], [ -76.687504115886696, 35.950669508734094 ], [ -76.68626800220153, 35.951469993349235 ], [ -76.685598019520668, 35.951903981661346 ], [ -76.684825125511949, 35.952404265620338 ], [ -76.684822867230181, 35.95240574911729 ], [ -76.684806521909579, 35.952416645353154 ], [ -76.684805455129322, 35.952417346703427 ], [ -76.683752749982673, 35.953099858885984 ], [ -76.683749185010498, 35.953102065447588 ], [ -76.681188034482503, 35.954613974472309 ], [ -76.6797650886908, 35.955454941995505 ], [ -76.67948137419549, 35.955622184639772 ], [ -76.679478583426047, 35.955623769932259 ], [ -76.679246146239649, 35.955750915313175 ], [ -76.678630991736597, 35.956085999348488 ], [ -76.677625016446939, 35.956633985861608 ], [ -76.675521654464276, 35.957780547884731 ], [ -76.675516243696748, 35.95778328782702 ], [ -76.674075026340731, 35.958458983565137 ], [ -76.673094996611269, 35.958917996899764 ], [ -76.671178047264817, 35.959815973535335 ], [ -76.670065470842175, 35.960336307861695 ], [ -76.67006249055791, 35.96033764282484 ], [ -76.668708023053085, 35.960917985788811 ], [ -76.666220004512311, 35.961982994140342 ], [ -76.665187017690528, 35.96242498891985 ], [ -76.664353599443302, 35.962781312632039 ], [ -76.66435035976761, 35.962782631206672 ], [ -76.662811024921837, 35.963377987302714 ], [ -76.661579024969669, 35.963854986624227 ], [ -76.660038015650187, 35.964450990663948 ], [ -76.657572016397708, 35.965403990231266 ], [ -76.656031972621349, 35.965999619863418 ], [ -76.656030002154878, 35.96600035822555 ], [ -76.655407991578741, 35.966225999960706 ], [ -76.654785301021207, 35.966451887848137 ], [ -76.654784682632112, 35.966452113327804 ], [ -76.654594296761886, 35.966521887786399 ], [ -76.653406001620951, 35.966952996116483 ], [ -76.652372009672462, 35.967327993170692 ], [ -76.649246004320787, 35.968460994921628 ], [ -76.64731179853797, 35.969162343960789 ], [ -76.647308159490137, 35.969163584862038 ], [ -76.64208972649331, 35.97083176483293 ], [ -76.64208825300193, 35.970832223363985 ], [ -76.63786117966032, 35.97211194262713 ], [ -76.63518395005363, 35.97291671136017 ], [ -76.635182026192638, 35.972917268721019 ], [ -76.633677019026464, 35.973336992078941 ], [ -76.631498117739412, 35.973943964735739 ], [ -76.629382020595656, 35.974530437193181 ], [ -76.629377939251825, 35.97453147629097 ], [ -76.628011250023505, 35.974848939682687 ], [ -76.628010732648562, 35.974849060586408 ], [ -76.627726226930349, 35.974915944494732 ], [ -76.624634088630117, 35.97563497695127 ], [ -76.624419591995263, 35.975684629172669 ], [ -76.624416379157921, 35.975685317474536 ], [ -76.621582002367987, 35.976243997939704 ], [ -76.618127960164927, 35.976924414582498 ], [ -76.618121992316958, 35.976925403670748 ], [ -76.616388994613999, 35.977158999518146 ], [ -76.612565701206336, 35.977674499938274 ], [ -76.61255825433841, 35.977675221496696 ], [ -76.606219701466202, 35.978050661814656 ], [ -76.60621402832696, 35.978050673031369 ], [ -76.606208500413274, 35.978049397569677 ], [ -76.605210097848982, 35.977758030516618 ], [ -76.60493716440449, 35.97767805073304 ], [ -76.604936818134959, 35.977677949602025 ], [ -76.60429817056567, 35.977492051970486 ], [ -76.603660210766577, 35.977305064144858 ], [ -76.603659772222201, 35.977304936149963 ], [ -76.603340071912015, 35.977212023551282 ], [ -76.603021268017187, 35.977119080925959 ], [ -76.602702267746551, 35.977025081046968 ], [ -76.602701713727498, 35.977024918662735 ], [ -76.60238308920654, 35.976932028273808 ], [ -76.601744129825477, 35.976745040092695 ], [ -76.601743852966678, 35.976744959288062 ], [ -76.601105170473602, 35.976559051603402 ], [ -76.600476872013417, 35.976374895677345 ], [ -76.600456865486294, 35.976370133541693 ], [ -76.60013627797963, 35.976311052790948 ], [ -76.599805108074747, 35.976249021220802 ], [ -76.599804874470422, 35.976248977607924 ], [ -76.599144107430561, 35.976126021555118 ], [ -76.598813277287576, 35.976064053919131 ], [ -76.598812703826908, 35.976063947369802 ], [ -76.598482277944001, 35.976003052369578 ], [ -76.598151152110788, 35.975941030080108 ], [ -76.598150829700913, 35.975940969963958 ], [ -76.596497074524706, 35.975634015695434 ], [ -76.59451301730779, 35.97526400458954 ], [ -76.592859103514613, 35.974956020694059 ], [ -76.59285887888916, 35.974955978998111 ], [ -76.592124140200397, 35.974820027706926 ], [ -76.591927978410936, 35.974783422916623 ], [ -76.591909674203194, 35.974781243280894 ], [ -76.591909680370904, 35.974781192672822 ], [ -76.591889240924431, 35.974778701675064 ], [ -76.591740428093416, 35.974750083448029 ], [ -76.591674108997125, 35.974737023217202 ], [ -76.591673868244541, 35.974736975959132 ], [ -76.591552016195536, 35.974713134854362 ], [ -76.591535917020749, 35.974710660788652 ], [ -76.59151966991287, 35.974709504970569 ], [ -76.591503884543712, 35.974709026707615 ], [ -76.59150209908293, 35.97470895664042 ], [ -76.591420188455302, 35.974705008973409 ], [ -76.591419794094236, 35.974704990357374 ], [ -76.591182092375334, 35.974694004637847 ], [ -76.59118188958341, 35.974693995368668 ], [ -76.590828272690885, 35.974678012143748 ], [ -76.590827709011108, 35.974677987462506 ], [ -76.590474272509226, 35.974663011383178 ], [ -76.589765997432963, 35.974630999816767 ], [ -76.589057125840029, 35.974599006163345 ], [ -76.589056857122443, 35.974598994216322 ], [ -76.588349132313908, 35.974568006032825 ], [ -76.587641094247729, 35.974536004873492 ], [ -76.587640887608515, 35.974535995641105 ], [ -76.586939056596506, 35.974505002323163 ], [ -76.586225029154477, 35.97447300179536 ], [ -76.585870991343143, 35.974456999565518 ], [ -76.585517131364284, 35.974441006158735 ], [ -76.585516849885011, 35.97444099363539 ], [ -76.584813650962346, 35.974410203778845 ], [ -76.584804325893259, 35.974410013168317 ], [ -76.584462280840512, 35.974410998892289 ], [ -76.584461701349298, 35.97441100140184 ], [ -76.584115990821388, 35.974412999399483 ], [ -76.583770136826587, 35.974414999075528 ], [ -76.583077135645638, 35.974417999376868 ], [ -76.583076847265389, 35.97441800083331 ], [ -76.582384135371953, 35.974421998742834 ], [ -76.581691135768409, 35.974424999276927 ], [ -76.581690845691597, 35.974425000743267 ], [ -76.581344993007505, 35.974426999847033 ], [ -76.580998134664128, 35.974428998918221 ], [ -76.580305136670745, 35.974431998811902 ], [ -76.580304846369032, 35.974432000279272 ], [ -76.579613136064737, 35.974435998660873 ], [ -76.578920134406516, 35.974438998823572 ], [ -76.578919847391859, 35.974439000272071 ], [ -76.578573134528085, 35.974440998848877 ], [ -76.577881133446112, 35.974443999393344 ], [ -76.577880847937706, 35.974444000835113 ], [ -76.577534134812311, 35.974445999163756 ], [ -76.576841135957082, 35.974448999223306 ], [ -76.576840845631168, 35.974449000690882 ], [ -76.576149064574878, 35.974452999727085 ], [ -76.574763063746644, 35.974459999539661 ], [ -76.574070136592638, 35.974462999652815 ], [ -76.5740698464692, 35.974463001119375 ], [ -76.573724577297654, 35.974464996877359 ], [ -76.57372340474447, 35.974465007092583 ], [ -76.573037589030122, 35.974472992562376 ], [ -76.573036393836659, 35.974473010051142 ], [ -76.572356281725504, 35.974484994760914 ], [ -76.572355700873743, 35.9744850058404 ], [ -76.572015281091694, 35.974491993812556 ], [ -76.571334137743222, 35.974503997278475 ], [ -76.571333844566553, 35.974504002659977 ], [ -76.570653135428103, 35.974516996818821 ], [ -76.570312990841444, 35.974522999471716 ], [ -76.569972997137569, 35.974529000149417 ], [ -76.56963228977483, 35.974534994714304 ], [ -76.569631691580881, 35.974535006134261 ], [ -76.569292289586599, 35.974541993429114 ], [ -76.56895099544677, 35.974548000051058 ], [ -76.568611279440887, 35.974553994734293 ], [ -76.568610703262479, 35.974554005732017 ], [ -76.568270536671079, 35.974560988886417 ], [ -76.568269445196634, 35.974561005333662 ], [ -76.568167148969479, 35.97456198839275 ], [ -76.568164834393087, 35.974562024032608 ], [ -76.567930588129016, 35.974566987035665 ], [ -76.567864282558816, 35.974567995826092 ], [ -76.56786368945086, 35.97456800572958 ], [ -76.567589044346207, 35.974572999065117 ], [ -76.567249278971701, 35.974578994455129 ], [ -76.567248702790792, 35.974579005452625 ], [ -76.566908278906709, 35.974585993728184 ], [ -76.566567996038771, 35.974591999853828 ], [ -76.56622699640269, 35.974598000033431 ], [ -76.565887279699908, 35.974603994342502 ], [ -76.565886702981359, 35.974604005350656 ], [ -76.565546279520035, 35.974610994310922 ], [ -76.565205995574601, 35.974616999363803 ], [ -76.564864996230199, 35.974622999333612 ], [ -76.56452527967194, 35.974628994388226 ], [ -76.564524703514209, 35.974629005386134 ], [ -76.564184279158212, 35.974635994159371 ], [ -76.563843996550844, 35.974641999936416 ], [ -76.563502996658144, 35.974647999711408 ], [ -76.56316854595191, 35.974653901648097 ], [ -76.563157451328621, 35.974654405841314 ], [ -76.562822281388492, 35.974678978242032 ], [ -76.56248128142208, 35.974702979149704 ], [ -76.562480700078225, 35.974703020918319 ], [ -76.562140281093804, 35.974727978109584 ], [ -76.561799303160342, 35.974751978328847 ], [ -76.561798679516286, 35.974752023204708 ], [ -76.561459303292068, 35.974776977166393 ], [ -76.561118282032311, 35.974800979535061 ], [ -76.561117700764541, 35.974801021298028 ], [ -76.560777281972747, 35.974825978306932 ], [ -76.560436281665019, 35.97484997983311 ], [ -76.560435700845247, 35.974850021564315 ], [ -76.56009528154614, 35.974874978473252 ], [ -76.559754303623066, 35.974898977491051 ], [ -76.559753678924096, 35.97489902244228 ], [ -76.559414303158675, 35.974923976978914 ], [ -76.559073281640607, 35.974947979064233 ], [ -76.559072699792054, 35.974948020869263 ], [ -76.558732282349823, 35.974972978474568 ], [ -76.558390991192496, 35.974997000169878 ], [ -76.558050303402865, 35.97502097758057 ], [ -76.558049678082028, 35.975021022575348 ], [ -76.557710303189353, 35.975045976928719 ], [ -76.557369281526064, 35.975069979686623 ], [ -76.557368700261293, 35.975070021449994 ], [ -76.557028281554295, 35.975094978807988 ], [ -76.556687282337293, 35.975118978922872 ], [ -76.556686699950262, 35.975119020766705 ], [ -76.556346262116335, 35.975143980390619 ], [ -76.556006261234501, 35.975167980493488 ], [ -76.556005720467695, 35.975168019402012 ], [ -76.555665133152417, 35.975192988952976 ], [ -76.555346197665457, 35.975215913160163 ], [ -76.555343782901346, 35.975216057388465 ], [ -76.555326519408922, 35.975216879067297 ], [ -76.555321467576363, 35.975217183622881 ], [ -76.555187146357994, 35.975226988449428 ], [ -76.555145253491474, 35.975229980737971 ], [ -76.555144727664157, 35.975230018992988 ], [ -76.554983357023261, 35.975241972878464 ], [ -76.554642281287173, 35.975265979475026 ], [ -76.554641700239202, 35.975266021222552 ], [ -76.554301177805058, 35.975290985845774 ], [ -76.553965175361853, 35.975314986239063 ], [ -76.553620362510969, 35.975338974322021 ], [ -76.553619619407044, 35.97533902740949 ], [ -76.55327928164094, 35.975363978394796 ], [ -76.552938281746719, 35.97538797981413 ], [ -76.552937700930329, 35.975388021544951 ], [ -76.552597137881421, 35.975412988909028 ], [ -76.552068074052869, 35.975450993947575 ], [ -76.551575221571454, 35.975485983673551 ], [ -76.551574761203369, 35.975486016891011 ], [ -76.551234282199047, 35.97551097882306 ], [ -76.550893282043518, 35.975534979061656 ], [ -76.550892700183965, 35.975535020866914 ], [ -76.550552260829519, 35.975559979754792 ], [ -76.550212011162856, 35.97558399852079 ], [ -76.549871282163295, 35.97560797962457 ], [ -76.549870700332349, 35.975608021427647 ], [ -76.54953028170236, 35.975632978696709 ], [ -76.549189281501555, 35.975656979600707 ], [ -76.549188700105191, 35.975657021373131 ], [ -76.548848282166674, 35.975681978557674 ], [ -76.548507302948707, 35.975705977849707 ], [ -76.548506678607168, 35.975706022774986 ], [ -76.548167303509985, 35.975730976833404 ], [ -76.547826282213421, 35.975754979184863 ], [ -76.547825700430508, 35.975755020985567 ], [ -76.547485281981338, 35.975779978833472 ], [ -76.54714411251436, 35.975803991348677 ], [ -76.546956375032636, 35.975816973656315 ], [ -76.546955606986401, 35.975817028253509 ], [ -76.546463253261877, 35.975852980302768 ], [ -76.546122281273298, 35.975876979454803 ], [ -76.546121699725873, 35.975877021238702 ], [ -76.54578128214203, 35.975901978889929 ], [ -76.545440281573931, 35.975925979283168 ], [ -76.545439699657962, 35.975926021092775 ], [ -76.54510471837888, 35.975950580047375 ], [ -76.545093296881916, 35.975951747827878 ], [ -76.544764242574345, 35.975994967179211 ], [ -76.544763739055909, 35.975995033963919 ], [ -76.544428281224313, 35.976039961311287 ], [ -76.544092280820863, 35.976083962186735 ], [ -76.54409170149917, 35.976084038912752 ], [ -76.543756242876938, 35.97612896621068 ], [ -76.543421256749625, 35.976172965199005 ], [ -76.543420724557038, 35.976173035826946 ], [ -76.543242022404527, 35.976196995724649 ], [ -76.543085264165001, 35.976217963386688 ], [ -76.542749320034858, 35.976261956830719 ], [ -76.542748662699779, 35.976262044020416 ], [ -76.542414320015581, 35.976306955752214 ], [ -76.542078280423951, 35.976350961891221 ], [ -76.542077701247862, 35.976351038597961 ], [ -76.541742238055605, 35.976395966388722 ], [ -76.541331102543069, 35.976449985609996 ], [ -76.541330879144169, 35.976450015090478 ], [ -76.526603218256483, 35.978401969279815 ], [ -76.526602763785704, 35.978402030044016 ], [ -76.526299227286358, 35.978442968062033 ], [ -76.525627009896851, 35.978531997365614 ], [ -76.524956010042359, 35.97862099765004 ], [ -76.52428413576969, 35.97870998083868 ], [ -76.523948320115949, 35.978753956942128 ], [ -76.52394766238848, 35.978754044183525 ], [ -76.523615884831443, 35.978798611503983 ], [ -76.523610109689983, 35.978799473275345 ], [ -76.523279154110156, 35.978853808819068 ], [ -76.523276831535043, 35.978854204196708 ], [ -76.522932864610112, 35.978914845320418 ], [ -76.522931114265731, 35.978915137915152 ], [ -76.522274592528262, 35.979018905089291 ], [ -76.522273390551206, 35.979019098820629 ], [ -76.520935223905596, 35.979238961713783 ], [ -76.520934759251219, 35.979239038619212 ], [ -76.517870854528226, 35.979749855783474 ], [ -76.516919694154126, 35.979899888741613 ], [ -76.516918287121101, 35.979900115823504 ], [ -76.515580059416763, 35.98012098846651 ], [ -76.513571994775674, 35.980450998980331 ], [ -76.511906378904897, 35.980724785649258 ], [ -76.511891715748831, 35.980727763109151 ], [ -76.511573048822655, 35.980804986098967 ], [ -76.508648005918559, 35.981511995896248 ], [ -76.505696073714603, 35.982225980143511 ], [ -76.50209999120986, 35.983098999504577 ], [ -76.501062144145962, 35.983350962962781 ], [ -76.500415252193008, 35.983506936785112 ], [ -76.500414731174502, 35.983507063148416 ], [ -76.497398066734391, 35.984242981242325 ], [ -76.497062990828027, 35.984325000105542 ], [ -76.496728057557604, 35.98440698332346 ], [ -76.496392198292995, 35.984488949651812 ], [ -76.49605726498794, 35.984569933607887 ], [ -76.496056717108004, 35.984570066898236 ], [ -76.495721991413291, 35.984652000204548 ], [ -76.495387057452106, 35.984733983401952 ], [ -76.495051198829415, 35.984815949665574 ], [ -76.494716264844897, 35.984896933602627 ], [ -76.494715716968159, 35.984897066891897 ], [ -76.494380990658058, 35.984979000159434 ], [ -76.494046057277117, 35.985060983319201 ], [ -76.493710197780501, 35.985142949595186 ], [ -76.493377912925283, 35.985223293395016 ], [ -76.493372092722311, 35.985224793589055 ], [ -76.493050341300773, 35.985312903554849 ], [ -76.492724065011089, 35.985400979759135 ], [ -76.492399065736166, 35.985488979553992 ], [ -76.492073065607471, 35.985576979886787 ], [ -76.491748192353171, 35.985664945868521 ], [ -76.491747791031131, 35.985665054982611 ], [ -76.49142219153029, 35.985753944792883 ], [ -76.491097065947599, 35.985841979593516 ], [ -76.490771065982457, 35.985929980166389 ], [ -76.490446066021661, 35.986017979537088 ], [ -76.490120342305985, 35.986105905520382 ], [ -76.490119640820865, 35.986106096247973 ], [ -76.489795341152032, 35.986194903715365 ], [ -76.489469065137769, 35.98628298039398 ], [ -76.489144065408965, 35.986370979676074 ], [ -76.488818065677606, 35.986458979558222 ], [ -76.488493267811222, 35.986546924491456 ], [ -76.488492714558674, 35.986547075146319 ], [ -76.488168342100792, 35.986635903886892 ], [ -76.487842065501397, 35.986723979949552 ], [ -76.487517066267529, 35.98681197955014 ], [ -76.487191097790785, 35.986899971111235 ], [ -76.48719088505689, 35.986900028662149 ], [ -76.484587022855052, 35.987605991470922 ], [ -76.484261994588593, 35.987693998692215 ], [ -76.481983022665545, 35.988310991354226 ], [ -76.479054010860807, 35.98910499460024 ], [ -76.477101003020962, 35.989633996974099 ], [ -76.474822885602805, 35.990250757364869 ], [ -76.474821099250875, 35.99025124988146 ], [ -76.473854732642963, 35.990522510849146 ], [ -76.473851259103412, 35.990523519851493 ], [ -76.472581037284002, 35.990904985921723 ], [ -76.467811014535371, 35.992339992859534 ], [ -76.466539013656501, 35.992722992991339 ], [ -76.465584991355584, 35.993009999851452 ], [ -76.464631010032633, 35.993296994131732 ], [ -76.46304103289765, 35.993774987732763 ], [ -76.461769049545467, 35.994157982592967 ], [ -76.460178026070352, 35.994635989356922 ], [ -76.459223991530138, 35.994922999540556 ], [ -76.458270083490078, 35.995209972328794 ], [ -76.457957968507344, 35.995304195287162 ], [ -76.457946137041574, 35.995308173933751 ], [ -76.457015055761218, 35.995653975240593 ], [ -76.456389039414958, 35.995885982055746 ], [ -76.455763991062184, 35.996117999578985 ], [ -76.455139040172412, 35.996349981265212 ], [ -76.454827057087343, 35.996465975379458 ], [ -76.453889007332606, 35.996813993771895 ], [ -76.453264039990628, 35.997045982043346 ], [ -76.452952089486473, 35.997161963849116 ], [ -76.452639040406964, 35.997277982171695 ], [ -76.452014122680765, 35.997509950844425 ], [ -76.451389123265628, 35.997740951193471 ], [ -76.451388859695371, 35.997741048819833 ], [ -76.450764039665728, 35.997972981428546 ], [ -76.450451256530201, 35.998088901964017 ], [ -76.450450726459394, 35.998089099266437 ], [ -76.450237521996144, 35.998168801436165 ], [ -76.450139255253234, 35.998204902580369 ], [ -76.450138722201729, 35.998205099272155 ], [ -76.449825991012304, 35.998320999573878 ], [ -76.449513182582152, 35.998436928685067 ], [ -76.449512799001241, 35.998437071289487 ], [ -76.449210268222458, 35.998549896011198 ], [ -76.448888174642732, 35.998668932141449 ], [ -76.448887807930674, 35.998669068074896 ], [ -76.448576089269281, 35.998784963261883 ], [ -76.448263088728254, 35.998900963103253 ], [ -76.448262892705173, 35.998901035867121 ], [ -76.447951088918501, 35.999016963079924 ], [ -76.44763800557952, 35.999132993977057 ], [ -76.446926064422058, 35.999396973093489 ], [ -76.446700000522327, 35.999480995770313 ], [ -76.446388088740676, 35.999596963639213 ], [ -76.446075040132314, 35.999712981699147 ], [ -76.445460529976785, 35.999941087432781 ], [ -76.445439956108899, 35.999950068284811 ], [ -76.445156991071173, 36.000093000020357 ], [ -76.444864356021029, 36.000240815617055 ], [ -76.444570355624748, 36.000387817145764 ], [ -76.444569625706961, 36.00038818397325 ], [ -76.44427735189204, 36.000535817531379 ], [ -76.444276631303396, 36.000536183344757 ], [ -76.443983834063943, 36.000685569287221 ], [ -76.443690474548134, 36.000831758767163 ], [ -76.443689504780238, 36.000832245318513 ], [ -76.443104173780043, 36.001127907276768 ], [ -76.442517173624537, 36.001422908445029 ], [ -76.442516808871957, 36.001423092220818 ], [ -76.442223990675259, 36.001570999904352 ], [ -76.441931113571968, 36.001718938140947 ], [ -76.441637113283292, 36.001866938399502 ], [ -76.441636868792017, 36.001867061686688 ], [ -76.441344234610725, 36.002014876759823 ], [ -76.441051111674426, 36.002161938678654 ], [ -76.441050869441781, 36.002162060414101 ], [ -76.440757113610303, 36.002309938617373 ], [ -76.440756869739687, 36.002310061591892 ], [ -76.440171112618629, 36.002605938071163 ], [ -76.439877053388216, 36.002753968962104 ], [ -76.439292053198159, 36.00304896826534 ], [ -76.438998052197874, 36.003196968858106 ], [ -76.438411052837168, 36.003492968956103 ], [ -76.438118113109098, 36.003640938320707 ], [ -76.436958138584203, 36.004224878167399 ], [ -76.436944316017048, 36.004232535429281 ], [ -76.436931141113575, 36.004241260046221 ], [ -76.435906065131945, 36.004979946855094 ], [ -76.435647138361034, 36.005166893060718 ], [ -76.435387065112963, 36.005353947250896 ], [ -76.434868065531376, 36.005727946449689 ], [ -76.434608139371946, 36.00591489276583 ], [ -76.434607842359668, 36.005915106798263 ], [ -76.434349047733605, 36.006101958999473 ], [ -76.434089048399386, 36.006289958371049 ], [ -76.433830139471084, 36.006476892822256 ], [ -76.433570040513573, 36.006663964741549 ], [ -76.432791089749117, 36.00722492841917 ], [ -76.432790891561552, 36.007225071328463 ], [ -76.432532065424155, 36.007411946365657 ], [ -76.432012990740219, 36.007785999554557 ], [ -76.431494015811879, 36.008159981778448 ], [ -76.430715040283857, 36.008720964367697 ], [ -76.430455139131055, 36.008907893295067 ], [ -76.430454842432056, 36.008908107101995 ], [ -76.430201453708889, 36.009091056028815 ], [ -76.430190806612714, 36.009099302574086 ], [ -76.429714085775032, 36.009494921201487 ], [ -76.429713896870808, 36.009495078164313 ], [ -76.429231999058786, 36.009895993393748 ], [ -76.428269077898392, 36.010696928127153 ], [ -76.42754599161627, 36.011296999401246 ], [ -76.427064106976971, 36.011696903877414 ], [ -76.42706387639862, 36.011697095520887 ], [ -76.426342106739298, 36.012297904276316 ], [ -76.425860086092484, 36.012697920973494 ], [ -76.425859897085701, 36.0126980780216 ], [ -76.425378085927576, 36.013098921594363 ], [ -76.424895990706986, 36.013499000146048 ], [ -76.424658367442248, 36.013696198112775 ], [ -76.424651382745665, 36.013701495020065 ], [ -76.42411702531561, 36.014070976062399 ], [ -76.422503008346354, 36.01518598788784 ], [ -76.421427019934683, 36.015928980050411 ], [ -76.41900617479503, 36.017601872785178 ], [ -76.418741155635928, 36.017784135487894 ], [ -76.418732558558375, 36.017789429016794 ], [ -76.41787406884913, 36.018259957592065 ], [ -76.415861011391172, 36.019360989084923 ], [ -76.414136029830644, 36.020304978437636 ], [ -76.412989655011103, 36.02093299252347 ], [ -76.412982172089897, 36.020936694335589 ], [ -76.412675168278142, 36.02107292089552 ], [ -76.41267481351953, 36.021073078724626 ], [ -76.411433000354876, 36.021626995561057 ], [ -76.409260000696335, 36.022595995606757 ], [ -76.407397059070064, 36.023426969641427 ], [ -76.407090709192985, 36.023563344791924 ], [ -76.407083150965505, 36.023566347274645 ], [ -76.406155038643135, 36.023891982788591 ], [ -76.404602033284576, 36.024435985094989 ], [ -76.403671350103622, 36.024761524623777 ], [ -76.40366863873777, 36.024762494984877 ], [ -76.403252726949816, 36.024914730844991 ], [ -76.403042743675257, 36.024989731385226 ], [ -76.403041235862602, 36.024990276761528 ], [ -76.402728157928394, 36.025104938388175 ], [ -76.402415087582057, 36.025218964962846 ], [ -76.402104713322231, 36.02533164858265 ], [ -76.402100949280879, 36.025332848763298 ], [ -76.402097102060551, 36.025333747420696 ], [ -76.401768045908653, 36.025396989094467 ], [ -76.401436276293865, 36.025460944946438 ], [ -76.401435706607145, 36.025461055623552 ], [ -76.40110433056951, 36.025525933481141 ], [ -76.400771045930554, 36.025589989184198 ], [ -76.400439240318747, 36.025653951880138 ], [ -76.40029742606734, 36.025680917253837 ], [ -76.400296556539331, 36.025681084586189 ], [ -76.400107231628056, 36.025717953172489 ], [ -76.399774045480058, 36.025781989237089 ], [ -76.399442276194861, 36.025845945072412 ], [ -76.399441706511155, 36.025846055749014 ], [ -76.399110330435235, 36.025910933655531 ], [ -76.398777045793835, 36.025974989388473 ], [ -76.398445046406948, 36.026038989485457 ], [ -76.39811204574471, 36.026102989225457 ], [ -76.397779990624187, 36.026167000080676 ], [ -76.397448220744167, 36.026230955214309 ], [ -76.397447761520326, 36.026231044295812 ], [ -76.397115220099764, 36.026295955215296 ], [ -76.396937558461019, 36.026330203534982 ], [ -76.396918953280093, 36.026334723435234 ], [ -76.396900865554997, 36.026341001687896 ], [ -76.396883461051715, 36.026348980755571 ], [ -76.396866899274784, 36.026358587513641 ], [ -76.396851332005554, 36.02636973392044 ], [ -76.396836901911144, 36.026382317824087 ], [ -76.396823741236972, 36.026396223898686 ], [ -76.396811970594754, 36.026411324701236 ], [ -76.396801697857242, 36.026427481839576 ], [ -76.396794590189231, 36.026441454834483 ], [ -76.3967938335703, 36.026442765682752 ], [ -76.396788970436461, 36.026443451214114 ], [ -76.39273302912224, 36.02680799595467 ], [ -76.391751356234238, 36.026896605653107 ], [ -76.391742608315823, 36.026897010083033 ], [ -76.387126015835946, 36.026907985099506 ], [ -76.387114009271073, 36.026907289778542 ], [ -76.381403150364889, 36.026229848924338 ], [ -76.381389029006527, 36.026227131204507 ], [ -76.377084124044032, 36.02507184080271 ], [ -76.377077918619705, 36.02506995771342 ], [ -76.37465963477878, 36.024249557089078 ], [ -76.374656368574605, 36.024248385453234 ], [ -76.371744877484218, 36.023146606150071 ], [ -76.371730932022459, 36.02314190769296 ], [ -76.366876333230479, 36.021702879474716 ], [ -76.366863538111204, 36.021699542596515 ], [ -76.361583848478574, 36.020507548126233 ], [ -76.361570041891184, 36.020504937038375 ], [ -76.358393081876329, 36.020019013897461 ], [ -76.358393023065815, 36.020019003358513 ], [ -76.356259444087598, 36.019691988622917 ], [ -76.356246487832593, 36.019690433489878 ], [ -76.353875003492305, 36.019484000580704 ], [ -76.349155044141042, 36.019073699879364 ], [ -76.349138908431058, 36.01907295198162 ], [ -76.342904338784464, 36.019036019498785 ], [ -76.342897645780411, 36.019036091856435 ], [ -76.339100609699045, 36.019140706857307 ], [ -76.339079463084545, 36.019142415154576 ], [ -76.333659944776301, 36.01987119941969 ], [ -76.333648097285177, 36.019873156325168 ], [ -76.32585705420631, 36.021401614629447 ], [ -76.32584304684255, 36.021404889808636 ], [ -76.322122008657573, 36.022417362144573 ], [ -76.322110087365445, 36.022421008516034 ], [ -76.319294425171961, 36.023379171095968 ], [ -76.319289517219232, 36.023380701641443 ], [ -76.316451061091129, 36.024186412810622 ], [ -76.316446898707525, 36.024187498142723 ], [ -76.312586268069921, 36.025105933958741 ], [ -76.312585714567746, 36.02510606646814 ], [ -76.304998750412622, 36.026933816863483 ], [ -76.304997229864156, 36.026934170638832 ], [ -76.296966122890908, 36.028736746060282 ], [ -76.296963854625858, 36.028737227616119 ], [ -76.283840069580492, 36.031364783535231 ], [ -76.283837908337247, 36.031365191576704 ], [ -76.267089989113543, 36.03433682294159 ], [ -76.267087988819469, 36.034337156974011 ], [ -76.2555497268674, 36.036143884371413 ], [ -76.249657914569696, 36.037021564617575 ], [ -76.249652081383744, 36.037022521884467 ], [ -76.24361176937191, 36.038105680408741 ], [ -76.243608217924432, 36.0381063504352 ], [ -76.238722255026786, 36.039073947615861 ], [ -76.238721726721948, 36.039074052978918 ], [ -76.233944325933692, 36.040033530923665 ], [ -76.233939636351849, 36.040034357110237 ], [ -76.229787521630314, 36.040664312155094 ], [ -76.229778416546054, 36.040665269456504 ], [ -76.22656309240233, 36.040854993722249 ], [ -76.222321538392535, 36.041100967805711 ], [ -76.215672717912639, 36.041449961850951 ], [ -76.215671263856606, 36.041450043483458 ], [ -76.212953632482296, 36.041612542473551 ], [ -76.21293840683731, 36.041614039076372 ], [ -76.209934816813558, 36.042025789796291 ], [ -76.209917307844577, 36.042028989445846 ], [ -76.204892129803085, 36.043180509464918 ], [ -76.204887864495788, 36.043181536225354 ], [ -76.198955098953562, 36.044678720220709 ], [ -76.198952886794586, 36.044679291938337 ], [ -76.193988205090136, 36.045992678768059 ], [ -76.19398576954606, 36.04599329046539 ], [ -76.186706804833221, 36.047724568525425 ], [ -76.186703185275832, 36.047725465157988 ], [ -76.1817413317752, 36.049003820438131 ], [ -76.181717154304991, 36.049011719623778 ], [ -76.179833069938383, 36.049762968556465 ], [ -76.179126645858034, 36.050045339653543 ], [ -76.179113544392308, 36.050051128926931 ], [ -76.173984020263461, 36.052540985351918 ], [ -76.167852250847886, 36.05551487355109 ], [ -76.167851731938157, 36.055515126146062 ], [ -76.163657783256767, 36.057564147413821 ], [ -76.163650056936063, 36.057567526323467 ], [ -76.160258747100102, 36.058883154139508 ], [ -76.160249071050018, 36.058886350594442 ], [ -76.157953099094016, 36.059516970617665 ], [ -76.157952884278203, 36.059517029748463 ], [ -76.156449739236706, 36.05993169046728 ], [ -76.156440137761095, 36.05993383679283 ], [ -76.153203218121334, 36.06049175414369 ], [ -76.153188658780138, 36.06049317637509 ], [ -76.152669815600774, 36.06050566675173 ], [ -76.152642344189289, 36.060508231780986 ], [ -76.125756057188781, 36.064905988531059 ], [ -76.124780878669384, 36.065066171605672 ], [ -76.124762211195389, 36.065070161115507 ], [ -76.124744009094954, 36.065075912142689 ], [ -76.124726438185007, 36.065083372296691 ], [ -76.124709658532481, 36.06509247361722 ], [ -76.124693822996164, 36.065103133193354 ], [ -76.124679075834109, 36.065115253918805 ], [ -76.124665551389583, 36.065128725376567 ], [ -76.124653372867144, 36.06514342484477 ], [ -76.124647847983681, 36.065150781576783 ], [ -76.124643118250916, 36.065151903881038 ], [ -76.101070499136256, 36.069524978293529 ], [ -76.101059549158109, 36.069527328593693 ], [ -76.090484005401549, 36.072108995824962 ], [ -76.076077056526273, 36.075628250991436 ], [ -76.076070949994374, 36.07562984516926 ], [ -76.058229392555774, 36.080589551865685 ], [ -76.058205132999362, 36.080598008353526 ], [ -76.049530330965425, 36.084262433820655 ], [ -76.049527635956238, 36.084263526347641 ], [ -76.043692005806889, 36.08653099421759 ], [ -76.041894583422675, 36.087229715739433 ], [ -76.041868308363178, 36.087242199569587 ], [ -76.031210002530571, 36.093292994029078 ], [ -76.030147413812259, 36.093896056950918 ], [ -76.030143924931807, 36.093897859375176 ], [ -76.030140305127716, 36.093899381885585 ], [ -76.023323037691114, 36.096455982659137 ], [ -76.022695725286937, 36.096691592951224 ], [ -76.022672899435705, 36.096701837717795 ], [ -76.022668705520957, 36.096704044968135 ], [ -76.022664921934634, 36.096705837735072 ], [ -76.022661001352645, 36.09670730694431 ], [ -76.022611660036361, 36.096723470625705 ], [ -76.022607211144177, 36.096724689689673 ], [ -76.02260688909837, 36.096720088054717 ], [ -76.022402131030006, 36.086853461897519 ], [ -76.022400765118533, 36.086833913407617 ], [ -76.022397492687588, 36.08681459242505 ], [ -76.02239234515325, 36.086795684435685 ], [ -76.022385371933041, 36.086777370960547 ], [ -76.022376639971469, 36.086759827813211 ], [ -76.022366233097358, 36.086743223411901 ], [ -76.022354251219099, 36.086727717162674 ], [ -76.02234080936546, 36.086713457929093 ], [ -76.022326036581319, 36.086700582603058 ], [ -76.022310074688804, 36.086689214790653 ], [ -76.022293076925735, 36.086679463625487 ], [ -76.022275206474518, 36.086671422720983 ], [ -76.022256634895612, 36.086665169271662 ], [ -76.022237540480418, 36.086660763312075 ], [ -76.022218106539697, 36.086658247140441 ], [ -76.022198519643737, 36.086657644912584 ], [ -76.003520009700267, 36.086998999311938 ], [ -75.99942999407584, 36.087072999359222 ], [ -75.986899997584473, 36.08730000006679 ], [ -75.950462248032309, 36.087957941317896 ], [ -75.950455737633959, 36.087957846811562 ], [ -75.906299848501433, 36.085877228505488 ], [ -75.906295153293442, 36.085876777794937 ], [ -75.90629329238341, 36.085872443613162 ], [ -75.906094147564232, 36.085338418441559 ], [ -75.905799029241436, 36.084536102109674 ], [ -75.905798953428445, 36.084535896350694 ], [ -75.905503045381423, 36.083734147281852 ], [ -75.905110029453027, 36.082664104978605 ], [ -75.905109951718345, 36.082663893702261 ], [ -75.904716027941262, 36.081595098540724 ], [ -75.904421043412981, 36.080792140366349 ], [ -75.904420939640318, 36.080791858547407 ], [ -75.904125035672365, 36.079990118965817 ], [ -75.903732009487925, 36.078921048420305 ], [ -75.903338003654, 36.077851032756037 ], [ -75.903043119340623, 36.077049346998713 ], [ -75.902735348533469, 36.07620298151425 ], [ -75.902734624299484, 36.076201021812118 ], [ -75.90255122804848, 36.075712631089502 ], [ -75.902256028556877, 36.074910102245546 ], [ -75.902255953015583, 36.074909897224806 ], [ -75.90196806192516, 36.074129868187846 ], [ -75.901958783302632, 36.074108612044597 ], [ -75.901947106244791, 36.074088573013121 ], [ -75.901637038727088, 36.073621070841099 ], [ -75.90082999157984, 36.072401999372303 ], [ -75.900023009612767, 36.071183027286388 ], [ -75.899378045967595, 36.070208083287952 ], [ -75.899377935177739, 36.070207915997528 ], [ -75.899018040785492, 36.069665074480298 ], [ -75.89808701248495, 36.068258032720543 ], [ -75.896633992722883, 36.066064001238892 ], [ -75.895020000510684, 36.063627013511699 ], [ -75.893729001812119, 36.061677015525078 ], [ -75.892600000912452, 36.059971015661183 ], [ -75.891308992601409, 36.058021001516316 ], [ -75.8905020048674, 36.056802021032617 ], [ -75.889547443593727, 36.055359331058639 ], [ -75.889532864325275, 36.055339959599344 ], [ -75.889516048214958, 36.055322494578952 ], [ -75.888173992529204, 36.054088000796561 ], [ -75.885227992249668, 36.051378001384613 ], [ -75.882056015172807, 36.048460022249699 ], [ -75.879791033342897, 36.046375038346085 ], [ -75.877978033594133, 36.044708039616161 ], [ -75.875486048177322, 36.042414052262409 ], [ -75.874823489314394, 36.041805083125453 ], [ -75.874805167242627, 36.041790141001705 ], [ -75.874785209934544, 36.041777465386154 ], [ -75.87170901024497, 36.040070010146778 ], [ -75.868048010624221, 36.038039011077288 ], [ -75.866922016511211, 36.037414013932299 ], [ -75.865514013921171, 36.036633012713502 ], [ -75.864684620108022, 36.03617267426759 ], [ -75.864668668039471, 36.036164728502321 ], [ -75.864652071979592, 36.036158234314669 ], [ -75.863727044732627, 36.035843018093495 ], [ -75.862156990993597, 36.035306999671512 ], [ -75.860587006807791, 36.034771004846959 ], [ -75.858389006865423, 36.03402100489825 ], [ -75.855248998648747, 36.032949002099691 ], [ -75.854127247969657, 36.03256613568341 ], [ -75.854114606300044, 36.032562282319667 ], [ -75.852047911645357, 36.032006247201203 ], [ -75.852046067541352, 36.032005760470575 ], [ -75.848740939572721, 36.03115024507953 ], [ -75.845235439141376, 36.030206120454615 ], [ -75.845234542177209, 36.03020588110963 ], [ -75.842640000278138, 36.029520002623855 ], [ -75.840050688973221, 36.028835242175411 ], [ -75.840046770531188, 36.028833999404945 ], [ -75.840050687894163, 36.02883275323785 ], [ -75.841601700592278, 36.028421138659269 ], [ -75.841610226576307, 36.028418672239908 ], [ -75.874628827090731, 36.018067678415115 ], [ -75.874633138652825, 36.018066272904775 ], [ -75.881243980808719, 36.015828002982559 ], [ -75.927496839092356, 36.000162438431218 ], [ -75.927516717791391, 36.000154496102503 ], [ -75.934687862249959, 35.996833911270045 ], [ -75.934692060770587, 35.996832194478401 ], [ -75.934696397913186, 35.996830866268233 ], [ -75.934719229819862, 35.996824995463783 ], [ -75.934734568248103, 35.996820389403403 ], [ -75.938752940607202, 35.995436016935763 ], [ -75.946251988344628, 35.992857000487561 ], [ -75.954354583457729, 35.990070674041469 ], [ -75.954373549853457, 35.990063047079865 ], [ -75.954391638623648, 35.990053523892222 ], [ -75.957107969034013, 35.988441012825021 ], [ -75.960114955824253, 35.986657020789963 ], [ -75.962027983389277, 35.985521004804717 ], [ -75.962726967822448, 35.985106013684337 ], [ -75.965565409052459, 35.983421838539336 ], [ -75.965581443206815, 35.983411251570232 ], [ -75.965596387451598, 35.983399174833565 ], [ -75.965810846863192, 35.983208127881866 ], [ -75.965811134374022, 35.98320787126125 ], [ -75.97312244795512, 35.976669419629282 ], [ -75.973136369947156, 35.976655686727511 ], [ -75.973148884231875, 35.976640659847206 ], [ -75.973159871168178, 35.976624482650784 ], [ -75.973169225716987, 35.976607309798077 ], [ -75.973264981049169, 35.97640902005493 ], [ -75.973389957936632, 35.976150067336533 ], [ -75.973639958090743, 35.975631067856533 ], [ -75.973764958583516, 35.975371067456507 ], [ -75.974014990775089, 35.974851999577183 ], [ -75.974264958851876, 35.974333067781117 ], [ -75.974389991236038, 35.974072999734972 ], [ -75.974514925865066, 35.97381313539131 ], [ -75.974639958805767, 35.973554068061659 ], [ -75.974889958523477, 35.973035067277372 ], [ -75.975139958947082, 35.972515067432248 ], [ -75.975389958213356, 35.971996067532572 ], [ -75.975514925767598, 35.971737135795841 ], [ -75.97551505681821, 35.971736863735579 ], [ -75.975639990690169, 35.971477000171298 ], [ -75.975764958958706, 35.971217067066505 ], [ -75.976014957805958, 35.97069806776242 ], [ -75.976139925860451, 35.97043913519169 ], [ -75.976140056804866, 35.970438863352484 ], [ -75.976264991104259, 35.970178999918836 ], [ -75.976389925748506, 35.969919135440499 ], [ -75.97651492606991, 35.969660135643664 ], [ -75.976515057072518, 35.969659863683027 ], [ -75.976639925803454, 35.969400135812727 ], [ -75.976764925719507, 35.969141135544263 ], [ -75.976765056418415, 35.969140864213962 ], [ -75.976889991224894, 35.968880999915022 ], [ -75.977014926448476, 35.968621135251425 ], [ -75.977139926075196, 35.968362134776491 ], [ -75.977140056666812, 35.968361863668513 ], [ -75.977264925982141, 35.968102135601889 ], [ -75.977389926126207, 35.967843135894803 ], [ -75.977390057131728, 35.967842863927835 ], [ -75.977514991052175, 35.967583000160417 ], [ -75.977639925394001, 35.967323136019381 ], [ -75.977764810835367, 35.967064373167716 ], [ -75.977765169520282, 35.967063626021194 ], [ -75.977849923481784, 35.966886140512322 ], [ -75.977850058006084, 35.96688585823415 ], [ -75.977888745907265, 35.966804514061373 ], [ -75.978010766200725, 35.966551682629493 ], [ -75.978016713398645, 35.966538094302706 ], [ -75.978121921067029, 35.9662711785789 ], [ -75.978122061636711, 35.966270820941745 ], [ -75.978228991686578, 35.965998000142051 ], [ -75.978335991158815, 35.965724999434322 ], [ -75.978442979146706, 35.965452029727842 ], [ -75.978571246614408, 35.965124455065315 ], [ -75.978573195541372, 35.965120103202629 ], [ -75.978575551293332, 35.965115957426264 ], [ -75.978979220599186, 35.964478585148832 ], [ -75.978989907721086, 35.964459469799351 ], [ -75.978998440778412, 35.96443930056305 ], [ -75.980714643804461, 35.959670636667923 ], [ -75.980720142510435, 35.959652780838674 ], [ -75.98072395101353, 35.959634489810554 ], [ -75.981043970843757, 35.957633125829055 ], [ -75.98104401094578, 35.957632874006471 ], [ -75.981079970930324, 35.957406130964557 ], [ -75.981623579145719, 35.95400757244542 ], [ -75.98162433491494, 35.95400241789865 ], [ -75.982654955557294, 35.9462732627279 ], [ -75.982655024987807, 35.946272736707904 ], [ -75.983719789717199, 35.938122539605295 ], [ -75.983720168073759, 35.938119457388808 ], [ -75.984738832254251, 35.929252378834676 ], [ -75.98473918742215, 35.92924962500841 ], [ -75.985773449291131, 35.922022785324664 ], [ -75.985774133958941, 35.922019031087984 ], [ -75.985775103475675, 35.922015340139296 ], [ -75.987464797888222, 35.916456926816998 ], [ -75.987466148282451, 35.916453062032829 ], [ -75.987468106460923, 35.916449482506096 ], [ -75.989491776384639, 35.913083682940766 ], [ -75.98949414034827, 35.913080108404749 ], [ -75.989496802388558, 35.913076749957078 ], [ -75.992279923660305, 35.909859700964553 ], [ -75.992288609754851, 35.909850838552842 ], [ -75.997307346764842, 35.90532957972114 ], [ -75.997308644464837, 35.905328430870327 ], [ -75.999637603982023, 35.90330233669664 ], [ -75.999638381794838, 35.903301667014745 ], [ -76.003788962422362, 35.899765024614787 ], [ -76.007285726603172, 35.896787780056059 ], [ -76.0072921344279, 35.896782082860739 ], [ -76.008328004553093, 35.895820551773461 ], [ -76.008340674320849, 35.895807678412901 ], [ -76.008352130994126, 35.895793714492804 ], [ -76.008362281130459, 35.895778773905157 ], [ -76.009170793715782, 35.894464697603759 ], [ -76.009183521435375, 35.894440428465167 ], [ -76.00987524802872, 35.892868055636029 ], [ -76.009884824129514, 35.89284126164668 ], [ -76.010542744800262, 35.89048288431907 ], [ -76.014961708779779, 35.875186975836201 ], [ -76.014962262706348, 35.875185021286761 ], [ -76.017691032704448, 35.86536664597763 ], [ -76.017695759666196, 35.865345091933783 ], [ -76.018396159555948, 35.861024130577903 ], [ -76.018397555269189, 35.861013832668704 ], [ -76.020572897035905, 35.841085861288676 ], [ -76.021662017100866, 35.831851256497309 ], [ -76.021663276034829, 35.831834691012965 ], [ -76.022389679625007, 35.810669079052303 ], [ -76.022389478396775, 35.810650929165028 ], [ -76.019639039500561, 35.762004859043039 ], [ -76.019638957109208, 35.762003139226479 ], [ -76.019276159800214, 35.752767293299001 ], [ -76.019276175676083, 35.75276300797443 ], [ -76.019276922769123, 35.752758804304719 ], [ -76.020498988949555, 35.747256010593837 ], [ -76.021535980446515, 35.742584049069357 ], [ -76.021721982383909, 35.741748037024372 ], [ -76.022076813595291, 35.740150299776325 ], [ -76.022079735006415, 35.740139858389689 ], [ -76.024558387716723, 35.732834254090008 ], [ -76.024564255403547, 35.732813263254052 ], [ -76.024567804114554, 35.732791758566357 ], [ -76.024568991704825, 35.732769995419247 ], [ -76.024568991094753, 35.73216900150468 ], [ -76.024568991482596, 35.732151530299198 ], [ -76.02456919522109, 35.732147037439816 ], [ -76.024570597503697, 35.732142764162269 ], [ -76.024637890520992, 35.731965263987362 ], [ -76.02474199139948, 35.731692999045514 ], [ -76.024845990956649, 35.731421000210311 ], [ -76.024949833109446, 35.731149413210339 ], [ -76.024950147355653, 35.731148585853177 ], [ -76.025052835173597, 35.730876413486293 ], [ -76.025156991294409, 35.730603998909473 ], [ -76.025260876523859, 35.730332300080896 ], [ -76.02526110507128, 35.730331699452741 ], [ -76.025363877465935, 35.730060300094941 ], [ -76.025467991327076, 35.729787999468641 ], [ -76.025571991465142, 35.729516000134453 ], [ -76.025675876530556, 35.729244299820458 ], [ -76.025676104819325, 35.729243699871091 ], [ -76.025778878006307, 35.728972299471096 ], [ -76.025882991041499, 35.728699999092889 ], [ -76.025986876019431, 35.72842829984463 ], [ -76.025987104376796, 35.728427699715958 ], [ -76.026089877620521, 35.728156299221602 ], [ -76.026193990537735, 35.727883999989174 ], [ -76.026290989780904, 35.727630312332955 ], [ -76.026297067102405, 35.727611746612837 ], [ -76.026301304182269, 35.72759267655897 ], [ -76.026345942788694, 35.727332281615418 ], [ -76.02639498112336, 35.727051058795382 ], [ -76.026443931302438, 35.726771341679054 ], [ -76.026444049678773, 35.726770658261501 ], [ -76.026491942337458, 35.726491281607622 ], [ -76.02654098076205, 35.72621005867753 ], [ -76.02658993110461, 35.725930341040446 ], [ -76.02659004933551, 35.725929658472289 ], [ -76.02663794337451, 35.725650281416016 ], [ -76.02668686235728, 35.725369737520623 ], [ -76.026687114095424, 35.725368261193367 ], [ -76.026733885486905, 35.725087631678853 ], [ -76.026734104139791, 35.725086369651407 ], [ -76.02678389760122, 35.724809522705819 ], [ -76.026784083066929, 35.724808475562412 ], [ -76.026832980732337, 35.724528059071218 ], [ -76.026881921109833, 35.72424839920162 ], [ -76.02688205942124, 35.724247599291949 ], [ -76.02692992292026, 35.723967399838692 ], [ -76.026978931915949, 35.723687340922226 ], [ -76.026979050209604, 35.723686657972806 ], [ -76.027026942424612, 35.723407282093902 ], [ -76.027075660488521, 35.723127893617814 ], [ -76.02707639359086, 35.723124119741428 ], [ -76.027132226341067, 35.722863567778553 ], [ -76.027135191488199, 35.722845901992912 ], [ -76.027136564102278, 35.72282804175746 ], [ -76.027144923571967, 35.722566119933568 ], [ -76.027145148770686, 35.722561884270299 ], [ -76.027165988919663, 35.722282025513231 ], [ -76.02718698972528, 35.72199902551079 ], [ -76.027207964762141, 35.721717351293549 ], [ -76.027208015845972, 35.721716648575367 ], [ -76.027227966608706, 35.72143535122882 ], [ -76.027248989729785, 35.721153025595271 ], [ -76.027269966602162, 35.720870325250949 ], [ -76.027270013817628, 35.720869674559253 ], [ -76.027289965973793, 35.720588351500872 ], [ -76.027310989790621, 35.720306025425288 ], [ -76.027331989542262, 35.72002302569193 ], [ -76.027352964695012, 35.719741350914482 ], [ -76.027353015777763, 35.719740648214106 ], [ -76.027372966679394, 35.71945935030849 ], [ -76.027393988777618, 35.719177025025019 ], [ -76.027413220548894, 35.718917857554473 ], [ -76.027413566650637, 35.718894064078881 ], [ -76.027411084369646, 35.718870397910024 ], [ -76.027367054525627, 35.718604384633821 ], [ -76.027319991034034, 35.718312999056423 ], [ -76.027273000306621, 35.718022053433153 ], [ -76.027226035912264, 35.717732276129148 ], [ -76.027225945510196, 35.717731723239822 ], [ -76.027178045918674, 35.717441329049876 ], [ -76.027130999355407, 35.717150051924008 ], [ -76.027084000040276, 35.716860052766442 ], [ -76.027037044730591, 35.716569330648746 ], [ -76.027036936869678, 35.716568669860372 ], [ -76.026989036624613, 35.716278276561482 ], [ -76.02694325942042, 35.715995823656201 ], [ -76.026940108034196, 35.715980300037323 ], [ -76.026874010912067, 35.715710080888037 ], [ -76.026806052165739, 35.71543324818839 ], [ -76.026805929522979, 35.715432751344984 ], [ -76.026737052736522, 35.715155248011847 ], [ -76.026668990887273, 35.714877998893044 ], [ -76.026601011086072, 35.714601080335271 ], [ -76.026533091702319, 35.714323410803594 ], [ -76.02653288883063, 35.714322588958844 ], [ -76.026464093816685, 35.714046409787208 ], [ -76.026396010854072, 35.71376807928219 ], [ -76.026327991300604, 35.713490999602612 ], [ -76.026260052778795, 35.713214248338694 ], [ -76.02625992996272, 35.713213750794743 ], [ -76.026191052662824, 35.712936248444969 ], [ -76.026123688956673, 35.712661842010498 ], [ -76.026122210482711, 35.712656178684604 ], [ -76.02604808263132, 35.712388330077921 ], [ -76.026047898815662, 35.712387670287669 ], [ -76.025972083564369, 35.712117329437739 ], [ -76.025897082298002, 35.711846329469324 ], [ -76.025896898705867, 35.711845670487108 ], [ -76.025821083363326, 35.711575329467856 ], [ -76.025746081900067, 35.711304328973924 ], [ -76.025745898511929, 35.711303670719602 ], [ -76.025670017800522, 35.711033092859154 ], [ -76.025594110291195, 35.710763420899411 ], [ -76.025519081704346, 35.710492328480029 ], [ -76.025518898510384, 35.710491670932683 ], [ -76.025443083337137, 35.71022132895299 ], [ -76.02536808225166, 35.709950329322041 ], [ -76.025367898716652, 35.709949670542805 ], [ -76.025292083551619, 35.709679328748415 ], [ -76.025217082395116, 35.709408329046767 ], [ -76.025216898808623, 35.709407670084332 ], [ -76.025141083572734, 35.70913732921003 ], [ -76.025066049356653, 35.708866210241908 ], [ -76.025065932314732, 35.708865789128204 ], [ -76.024914992732334, 35.708325003602987 ], [ -76.023775011724069, 35.704240072387151 ], [ -76.023455001965175, 35.703090037775624 ], [ -76.023404034675195, 35.702907156370806 ], [ -76.023403947139926, 35.70290684326023 ], [ -76.02332808327796, 35.702636328998253 ], [ -76.02325308177052, 35.702365328526639 ], [ -76.023252898403641, 35.702364670348551 ], [ -76.023177083886651, 35.702094328294294 ], [ -76.02310210815871, 35.701823422166981 ], [ -76.023101872504583, 35.701822577890823 ], [ -76.023026109592308, 35.701553421885571 ], [ -76.022951082617539, 35.701282328632075 ], [ -76.022950898940252, 35.701281669345292 ], [ -76.022875083561388, 35.701011329452562 ], [ -76.022800082905277, 35.700740329685829 ], [ -76.022799899191213, 35.700739670264021 ], [ -76.022724083574232, 35.700469328661917 ], [ -76.022649081671517, 35.700198328529289 ], [ -76.022648898308603, 35.700197670369583 ], [ -76.022574054922615, 35.699930792832589 ], [ -76.022572229241675, 35.699923134658775 ], [ -76.022518003850251, 35.699648066671166 ], [ -76.022462990891086, 35.699368000043449 ], [ -76.022408004607755, 35.699088066995792 ], [ -76.02235300418387, 35.698809066933322 ], [ -76.022297991259805, 35.698529000128815 ], [ -76.022243003763975, 35.698249066147895 ], [ -76.022188044878675, 35.697970270887197 ], [ -76.022187937311855, 35.697969729165862 ], [ -76.022132045353118, 35.697690269999839 ], [ -76.022077004636486, 35.697411065409014 ], [ -76.02202199151057, 35.697130999900352 ], [ -76.021967003722835, 35.696851065689053 ], [ -76.021912004167191, 35.696572066453442 ], [ -76.02185699103299, 35.696291999478227 ], [ -76.021802004485579, 35.696012066701265 ], [ -76.021747003872306, 35.695733067327225 ], [ -76.021692004950239, 35.695453066759192 ], [ -76.02163704393331, 35.695174269870073 ], [ -76.021636936665928, 35.695173729663544 ], [ -76.021581058258079, 35.69489433612555 ], [ -76.021526003872992, 35.694614065364917 ], [ -76.021471004146704, 35.694335066189133 ], [ -76.021361003803605, 35.693775065941722 ], [ -76.021306004007855, 35.693496066067198 ], [ -76.021251004751434, 35.693216066834381 ], [ -76.021196004483514, 35.692937066192734 ], [ -76.021140990749743, 35.692656999411263 ], [ -76.021086004680711, 35.692377066720653 ], [ -76.021031044704841, 35.692098270125442 ], [ -76.021030937268421, 35.692097729064187 ], [ -76.020975058715891, 35.691818336196974 ], [ -76.020920004055711, 35.691538065653354 ], [ -76.020865974870333, 35.691263990344318 ], [ -76.020864519001663, 35.69125393444876 ], [ -76.0208389945345, 35.690980032903163 ], [ -76.02081302119457, 35.690700320764336 ], [ -76.020788023225748, 35.690421353283703 ], [ -76.020787958574616, 35.690420645934772 ], [ -76.020761991513524, 35.690141999680812 ], [ -76.020735991643534, 35.689862999411616 ], [ -76.020709993932641, 35.689584033438962 ], [ -76.020683994723839, 35.689304032944086 ], [ -76.020657991157918, 35.689025000117532 ], [ -76.020631990900412, 35.688745999705624 ], [ -76.020605990788951, 35.688467000165851 ], [ -76.020579993965697, 35.688188032703643 ], [ -76.020553994550042, 35.687908033290569 ], [ -76.020527990817428, 35.687628999483195 ], [ -76.020502375143892, 35.687354117541169 ], [ -76.020502162515072, 35.687349998079398 ], [ -76.020502290901305, 35.68734587513184 ], [ -76.020523965684802, 35.68704734988335 ], [ -76.020524015259852, 35.687046650099212 ], [ -76.020544967542364, 35.686743349435723 ], [ -76.020566967311737, 35.686440326669164 ], [ -76.020567013709169, 35.686439672757999 ], [ -76.020587969916576, 35.686137303889723 ], [ -76.020609969446852, 35.685833303668552 ], [ -76.020610012490053, 35.685832696023517 ], [ -76.020630968358915, 35.685530327395867 ], [ -76.020652612343923, 35.685232213275313 ], [ -76.020653259984542, 35.68522704828932 ], [ -76.020654443034928, 35.685221978713258 ], [ -76.020735991432531, 35.684940000203184 ], [ -76.02081899144396, 35.684653000179473 ], [ -76.020901990867145, 35.684366000074654 ], [ -76.020984990806397, 35.68407899991567 ], [ -76.021067965435122, 35.683792089006275 ], [ -76.021150875189278, 35.683506397878858 ], [ -76.021151104793304, 35.683505600531731 ], [ -76.021232902594051, 35.683219308842261 ], [ -76.021315990861936, 35.68293199878299 ], [ -76.021397606505687, 35.682649787024815 ], [ -76.021400844763662, 35.68264037417881 ], [ -76.021503820289652, 35.682383426519074 ], [ -76.021504160488064, 35.682382571960204 ], [ -76.02160782231303, 35.682120426848925 ], [ -76.021712869388423, 35.68185830369822 ], [ -76.021713112725791, 35.681857693600911 ], [ -76.0218169550716, 35.681596091736154 ], [ -76.022025966381719, 35.681071061112675 ], [ -76.022234966927599, 35.680547060930401 ], [ -76.022443963237393, 35.680022070686341 ], [ -76.022757962923663, 35.679235071150401 ], [ -76.022966967269426, 35.678710060263221 ], [ -76.023175964500012, 35.678186065464708 ], [ -76.024427527845376, 35.675041676672983 ], [ -76.024430740944254, 35.675034450164105 ], [ -76.025815987975506, 35.672224005825839 ], [ -76.026843930368102, 35.670138123772894 ], [ -76.027024622659098, 35.669772744419603 ], [ -76.027025353163452, 35.669771251684644 ], [ -76.027239639679365, 35.669328724700478 ], [ -76.027240353331038, 35.669327280690844 ], [ -76.027335259872544, 35.669139077355226 ], [ -76.027343148987327, 35.669121340685457 ], [ -76.027349281444742, 35.669102922744393 ], [ -76.027353599472775, 35.669083997041753 ], [ -76.027356062392656, 35.669064741870692 ], [ -76.027356647001952, 35.669045338628216 ], [ -76.027355347793247, 35.66902597010624 ], [ -76.027352177005994, 35.669006818769603 ], [ -76.027347164511198, 35.668988065037105 ], [ -76.027340357530008, 35.668969885581838 ], [ -76.027331820188877, 35.668952451666811 ], [ -76.027321632915445, 35.668935927531528 ], [ -76.027309891680872, 35.668920468844732 ], [ -76.027296707095672, 35.668906221237926 ], [ -76.027282203367733, 35.668893318933378 ], [ -76.027266517132176, 35.668881883479706 ], [ -76.027249796164156, 35.66887202260677 ], [ -76.02723219798672, 35.668863829210785 ], [ -76.027213888386839, 35.668857380479203 ], [ -76.027195039853581, 35.668852737163519 ], [ -76.027175829953109, 35.668849943006961 ], [ -76.027156439655954, 35.668849024332424 ], [ -76.013087051517829, 35.668865999570116 ], [ -76.013086931003969, 35.668865999642897 ], [ -76.012863991838046, 35.668865999944629 ], [ -76.012524285338557, 35.668865999761678 ], [ -76.012523697079345, 35.668866000626487 ], [ -76.012184285233545, 35.668866998758745 ], [ -76.011843990580019, 35.668866999341361 ], [ -76.011504285038768, 35.668866999938004 ], [ -76.011503697325665, 35.668867000802557 ], [ -76.011164284818548, 35.668867998788862 ], [ -76.010823991335201, 35.668868000150809 ], [ -76.010484285226369, 35.668867999672457 ], [ -76.01048369643766, 35.668868000538311 ], [ -76.010144284773858, 35.668868999273478 ], [ -76.00980528490841, 35.668868999830813 ], [ -76.009804696786603, 35.668869000696503 ], [ -76.009465285039013, 35.668869999336096 ], [ -76.009124990723251, 35.668869999555604 ], [ -76.008785285401132, 35.668869999761107 ], [ -76.008784697158688, 35.668870000626534 ], [ -76.008445284830671, 35.668870999119875 ], [ -76.008104990524046, 35.668871000091592 ], [ -76.007765284952129, 35.66887100014938 ], [ -76.00776469723975, 35.668871001012995 ], [ -76.007425284036444, 35.668871998461732 ], [ -76.007084990549103, 35.668872000184116 ], [ -76.006746287911938, 35.668871999460784 ], [ -76.006745693558941, 35.668872000342652 ], [ -76.006408991904181, 35.668873000226178 ], [ -76.006071991362617, 35.66887400003327 ], [ -76.005734991079066, 35.668874999806818 ], [ -76.00539799075392, 35.668875999547794 ], [ -76.005060991761596, 35.668877000183528 ], [ -76.004723991049474, 35.668877999860214 ], [ -76.004386991703512, 35.668878999530655 ], [ -76.004050287234477, 35.668879999163266 ], [ -76.00393743607701, 35.668880000098852 ], [ -76.003936545288852, 35.668880002090006 ], [ -76.00371343726755, 35.668880997659492 ], [ -76.003376286978153, 35.668881000026836 ], [ -76.003375695203474, 35.668881000906481 ], [ -76.003038991066092, 35.668881999539998 ], [ -76.002701991966433, 35.668882999947051 ], [ -76.00236499078683, 35.668883999396193 ], [ -76.00202799112003, 35.668884999739497 ], [ -76.001690991411593, 35.668886000050179 ], [ -76.001353991694842, 35.668886999427343 ], [ -76.001016990798959, 35.668887999645627 ], [ -76.000679990965466, 35.668888999858545 ], [ -76.000343287600032, 35.668889999158893 ], [ -76.000006306464357, 35.668890000092574 ], [ -76.000005674311424, 35.668890001093374 ], [ -75.999690303273184, 35.668890998785812 ], [ -75.999670241359027, 35.668890999634058 ], [ -75.999669730459459, 35.668891000308207 ], [ -75.983496018195936, 35.668933000008458 ], [ -75.97660663289362, 35.668948997990817 ], [ -75.976605350376332, 35.668948992744482 ], [ -75.976131041084173, 35.6689440107113 ], [ -75.976128940442862, 35.668943999679307 ], [ -75.960111992029212, 35.66894400001982 ], [ -75.960014991947716, 35.668943999415639 ], [ -75.959868089277833, 35.668943999596593 ], [ -75.958847990687843, 35.668942999997249 ], [ -75.957826088704337, 35.668941999640204 ], [ -75.956807991149873, 35.668941999616742 ], [ -75.955450064694091, 35.668942000117575 ], [ -75.954092065093931, 35.668940999862308 ], [ -75.952733991373492, 35.668940999749523 ], [ -75.952051991126467, 35.668941000007869 ], [ -75.951462990831644, 35.668941000180844 ], [ -75.950693991232626, 35.668940999728299 ], [ -75.948318990793325, 35.668940999709655 ], [ -75.945262009861764, 35.668940999416208 ], [ -75.939825009880281, 35.668941999670096 ], [ -75.937786991264204, 35.668941999468096 ], [ -75.93608999104579, 35.668941999441728 ], [ -75.934729990730176, 35.668941999617182 ], [ -75.93370999145111, 35.668941999484225 ], [ -75.933370991354352, 35.668941999901975 ], [ -75.933030990992478, 35.668941999402939 ], [ -75.932690991512359, 35.668941999783414 ], [ -75.932351991645007, 35.668942000064412 ], [ -75.93201199101, 35.668941999420312 ], [ -75.931671991512928, 35.668941999655573 ], [ -75.931333285063289, 35.66894199979977 ], [ -75.930993284588922, 35.668941000681116 ], [ -75.930992696822344, 35.668940999817593 ], [ -75.930652991503635, 35.668940999907754 ], [ -75.930313991060075, 35.668940999915314 ], [ -75.929973991531512, 35.668940999909651 ], [ -75.929633990868055, 35.66894099982698 ], [ -75.929294991422822, 35.668940999725621 ], [ -75.928954990691011, 35.668940999546997 ], [ -75.928614991420275, 35.668940999347051 ], [ -75.928275991621248, 35.668941000009923 ], [ -75.927936583477504, 35.668940999714621 ], [ -75.927935399966046, 35.668941003215373 ], [ -75.927598582923267, 35.668942996091339 ], [ -75.926238284910653, 35.668942999512772 ], [ -75.925219285202289, 35.668940000902445 ], [ -75.925218696844453, 35.6689400000365 ], [ -75.924538991001327, 35.668939999426144 ], [ -75.923519991725996, 35.668939999570043 ], [ -75.923180991622857, 35.668939999549103 ], [ -75.922840991779751, 35.668939999428687 ], [ -75.922500991100847, 35.668940000159886 ], [ -75.922161990814359, 35.66894000000228 ], [ -75.921821991542473, 35.668939999764689 ], [ -75.921480991230851, 35.668939999382751 ], [ -75.921138991312759, 35.668939999804998 ], [ -75.920798283671843, 35.668940000210995 ], [ -75.920797697634896, 35.66894000107029 ], [ -75.920457284562559, 35.668940998953431 ], [ -75.920114990729232, 35.668941000030117 ], [ -75.919773991353139, 35.668940999396021 ], [ -75.919433283913094, 35.668940999607742 ], [ -75.919432699149056, 35.668941000462979 ], [ -75.919091283339554, 35.668941998917852 ], [ -75.918749990903351, 35.668941999871585 ], [ -75.918408991660257, 35.668941999916008 ], [ -75.918066991610445, 35.668941999810407 ], [ -75.917726285002331, 35.668941999742252 ], [ -75.917725698472324, 35.668942000602179 ], [ -75.917385284408027, 35.668942998853694 ], [ -75.917042991125427, 35.668942999431614 ], [ -75.916701991392571, 35.668943000096824 ], [ -75.916361283591797, 35.668942999806418 ], [ -75.916360698823993, 35.668943000660803 ], [ -75.916019283502564, 35.668943998617493 ], [ -75.915677991246866, 35.668943999968427 ], [ -75.915336991511779, 35.668943999510304 ], [ -75.914994991015789, 35.668943999777845 ], [ -75.914654283799962, 35.668944000107743 ], [ -75.914653697780707, 35.66894400096686 ], [ -75.914313283964546, 35.668944998745999 ], [ -75.913970990187309, 35.668944999695945 ], [ -75.913629991460098, 35.668944999886634 ], [ -75.913288991125924, 35.668944999994402 ], [ -75.912947284944309, 35.668944999938134 ], [ -75.912946698353096, 35.66894500079826 ], [ -75.912606283692654, 35.668945999167754 ], [ -75.912264990919155, 35.668945999995451 ], [ -75.911922991734031, 35.668945999763203 ], [ -75.911581991190971, 35.668945999590825 ], [ -75.911241284343802, 35.668945999391752 ], [ -75.911240699091465, 35.668946000247715 ], [ -75.910899283868616, 35.668946999122788 ], [ -75.910557990613313, 35.668946999638372 ], [ -75.910216991519135, 35.668947000172565 ], [ -75.909811991636545, 35.668946999498949 ], [ -75.909789068001885, 35.66894699943601 ], [ -75.907168015484999, 35.668948999955745 ], [ -75.901347021125559, 35.668951997050328 ], [ -75.901342240671937, 35.668951758888433 ], [ -75.901342182241649, 35.668946972862521 ], [ -75.901386990525197, 35.667771031091199 ], [ -75.90141939341413, 35.666927601815431 ], [ -75.90141912859302, 35.666907089115895 ], [ -75.901416763904351, 35.66688671145117 ], [ -75.901412324227095, 35.666866683215147 ], [ -75.901405856271197, 35.666847215125387 ], [ -75.901309034503996, 35.666599110335717 ], [ -75.901308948424685, 35.666598890142751 ], [ -75.901197034573713, 35.66631311000009 ], [ -75.901085033654681, 35.666026109467516 ], [ -75.901084947678328, 35.666025889537949 ], [ -75.900973034237424, 35.665740109926304 ], [ -75.900861033841579, 35.665453110206698 ], [ -75.900860947708637, 35.665452889876875 ], [ -75.900749033845287, 35.665167110471145 ], [ -75.900637033809588, 35.664880110159629 ], [ -75.900636947677015, 35.664879889829614 ], [ -75.900525058055024, 35.664594170821779 ], [ -75.900524923819759, 35.664593828966154 ], [ -75.900412058804093, 35.664307170675173 ], [ -75.90030694809316, 35.664038764273251 ], [ -75.900299181076221, 35.664021409311438 ], [ -75.900289801112365, 35.664004870341408 ], [ -75.900137085345577, 35.663763148313102 ], [ -75.900136897407052, 35.663762851417587 ], [ -75.899973990965719, 35.663505999835152 ], [ -75.899811045678618, 35.663249085137537 ], [ -75.899810937146128, 35.66324891420647 ], [ -75.899647045611303, 35.662991085038939 ], [ -75.899484684416365, 35.662735092097229 ], [ -75.89948332745692, 35.662732890137463 ], [ -75.899404587956269, 35.662601338768447 ], [ -75.899399178299191, 35.662592798277608 ], [ -75.899321601138297, 35.662476910293002 ], [ -75.899320402108557, 35.662475075965716 ], [ -75.899157234671137, 35.662219380816239 ], [ -75.898994084326262, 35.661961147303209 ], [ -75.898993897420425, 35.661960852041197 ], [ -75.89883113970626, 35.661704234040876 ], [ -75.898830842402859, 35.661703766718354 ], [ -75.898667234191805, 35.661447380348172 ], [ -75.898504083550009, 35.661189146832896 ], [ -75.898503896964201, 35.661188852075981 ], [ -75.898341085375321, 35.660932147899459 ], [ -75.898178232393221, 35.66067438195482 ], [ -75.898177747691136, 35.660673618588845 ], [ -75.898018860377022, 35.6604246297778 ], [ -75.89800845363763, 35.660409841302155 ], [ -75.897973451710754, 35.660364595539058 ], [ -75.897972525125681, 35.660363407054078 ], [ -75.897830301754823, 35.660182394711377 ], [ -75.897829679634953, 35.660181606995998 ], [ -75.897649268190392, 35.659954348539927 ], [ -75.897461232293182, 35.659715306086362 ], [ -75.897460748904081, 35.659714694032914 ], [ -75.897281141209376, 35.65948818929629 ], [ -75.897094016948515, 35.659251032111811 ], [ -75.896909990780074, 35.659018000134601 ], [ -75.896725991265498, 35.658784999357913 ], [ -75.896542042852474, 35.658552064915945 ], [ -75.896436413227462, 35.65841853273146 ], [ -75.896358356556007, 35.658318467249345 ], [ -75.896357619402181, 35.658317528042275 ], [ -75.896173990825034, 35.658084999445549 ], [ -75.89598999102688, 35.65785200008257 ], [ -75.895805991217699, 35.657618999496343 ], [ -75.895621991328426, 35.657385999488852 ], [ -75.895438120287992, 35.657153163322974 ], [ -75.8952699638985, 35.656939313483178 ], [ -75.895258810350043, 35.656926315605595 ], [ -75.895246585623951, 35.656914319667244 ], [ -75.895233379372257, 35.656903413642262 ], [ -75.895012510288439, 35.656736392207698 ], [ -75.894982581343086, 35.656713452002386 ], [ -75.894981380194594, 35.656712538508415 ], [ -75.894709318004402, 35.65650724597424 ], [ -75.894437316311127, 35.656300247081951 ], [ -75.894436664066774, 35.656299752814562 ], [ -75.894164318131715, 35.656094246292042 ], [ -75.893892317120972, 35.655887247114087 ], [ -75.89389166423372, 35.65588675235967 ], [ -75.893619132189357, 35.655681106326114 ], [ -75.89334703630746, 35.655475034403963 ], [ -75.893077445109782, 35.655270618383838 ], [ -75.893074117217182, 35.655267860003015 ], [ -75.893071040608589, 35.655264823871399 ], [ -75.892837991683678, 35.655013999985755 ], [ -75.892601991541298, 35.654760000039829 ], [ -75.892366000801047, 35.654506010463777 ], [ -75.892129001191677, 35.654251010995161 ], [ -75.891893391484956, 35.653997430629502 ], [ -75.891792136190574, 35.653887157578424 ], [ -75.891791843196017, 35.653886839181929 ], [ -75.891747177053915, 35.653838405840013 ], [ -75.891734171992582, 35.65382553819866 ], [ -75.891720045505366, 35.653813912787989 ], [ -75.891704915798428, 35.653803626885875 ], [ -75.891688909472549, 35.653794766561631 ], [ -75.89167216046377, 35.653787405955732 ], [ -75.891654808922695, 35.653781606659507 ], [ -75.89162634371263, 35.653773519952267 ], [ -75.891621125301654, 35.653771718384391 ], [ -75.891616433064215, 35.653768809712965 ], [ -75.891261347755588, 35.653520348397159 ], [ -75.891258098808734, 35.653517870858437 ], [ -75.891255307634879, 35.653514905821453 ], [ -75.891032266331322, 35.653257775473826 ], [ -75.891029195239994, 35.653253855358258 ], [ -75.891026530642847, 35.653249648360486 ], [ -75.890923523954413, 35.653067478362274 ], [ -75.890921240527405, 35.653062906234297 ], [ -75.890919939323268, 35.653057964042254 ], [ -75.890917656221205, 35.653047038595027 ], [ -75.890912472380037, 35.653027315030322 ], [ -75.890905306949492, 35.653008221894936 ], [ -75.890896234430585, 35.652989957705543 ], [ -75.890885349152811, 35.652972712360032 ], [ -75.890872764293462, 35.65295666516311 ], [ -75.890843041536812, 35.652922506026961 ], [ -75.890840198566138, 35.652918914607298 ], [ -75.89083968651002, 35.652914362840853 ], [ -75.890829429314351, 35.652758133637754 ], [ -75.890827382089128, 35.652739857703615 ], [ -75.890823664801601, 35.65272184707694 ], [ -75.890818308881478, 35.652704254037985 ], [ -75.890811359613224, 35.652687227336294 ], [ -75.89076292639335, 35.652582587895267 ], [ -75.890753687474273, 35.652564980498937 ], [ -75.890742745842758, 35.652548377525363 ], [ -75.890730209650854, 35.652532943085831 ], [ -75.890716202811902, 35.65251882974129 ], [ -75.890567924871149, 35.652383586852309 ], [ -75.890564214544199, 35.652379822103548 ], [ -75.890561383436832, 35.652375358395759 ], [ -75.890498093078946, 35.652262739549265 ], [ -75.89049615905617, 35.652258923742053 ], [ -75.890494910784895, 35.652254848412959 ], [ -75.890377182523821, 35.651802575076125 ], [ -75.890376212296033, 35.651797963847777 ], [ -75.890375681712669, 35.651793281620861 ], [ -75.890363301857732, 35.651604735973024 ], [ -75.890363216791982, 35.651600038646279 ], [ -75.890364878659256, 35.651595644296506 ], [ -75.890460493961442, 35.651375059181433 ], [ -75.890467654705276, 35.651355912557193 ], [ -75.890472823640408, 35.651336135004719 ], [ -75.890475946768305, 35.651315933134896 ], [ -75.890476991462506, 35.651295517991343 ], [ -75.890476991527194, 35.651231123606898 ], [ -75.890476184521049, 35.651213174835043 ], [ -75.89047376997928, 35.651195370912497 ], [ -75.890469767387842, 35.651177855521212 ], [ -75.890469146459182, 35.651175608387554 ], [ -75.890463092328929, 35.651157217390157 ], [ -75.890455288236666, 35.651139497982101 ], [ -75.890445807322564, 35.651122616230232 ], [ -75.890434738442082, 35.651106730350875 ], [ -75.890422185333108, 35.651091989226991 ], [ -75.890413556343844, 35.65108279746034 ], [ -75.890410265169351, 35.651078903917231 ], [ -75.89041040433257, 35.651073807630191 ], [ -75.890420126860391, 35.650951576832533 ], [ -75.890420730253282, 35.650932473898145 ], [ -75.890419507455604, 35.650913400593474 ], [ -75.890416469634118, 35.650894531098892 ], [ -75.890411644530715, 35.650876037733539 ], [ -75.89040507620895, 35.650858089381678 ], [ -75.890230969335377, 35.650444696335462 ], [ -75.89022925349046, 35.650439961460336 ], [ -75.890229555293715, 35.650434934325837 ], [ -75.890269359424806, 35.650077540927818 ], [ -75.890270569078169, 35.650058183651296 ], [ -75.890269898076227, 35.650038800226113 ], [ -75.890267352729211, 35.650019572937587 ], [ -75.890262956974041, 35.650000682602702 ], [ -75.890256752149199, 35.649982306869674 ], [ -75.890248796606016, 35.649964618547308 ], [ -75.890197170532304, 35.649863277651164 ], [ -75.890195224338981, 35.649858956303227 ], [ -75.890195493760459, 35.649854224588189 ], [ -75.890208735213335, 35.649728436675048 ], [ -75.890209367335856, 35.649723578348755 ], [ -75.890251131174352, 35.649454330863492 ], [ -75.890253253838821, 35.64943348577733 ], [ -75.890253184029405, 35.649412533010256 ], [ -75.890250922512308, 35.649391702531098 ], [ -75.890227000667096, 35.649243985905336 ], [ -75.890223090037907, 35.649225450090157 ], [ -75.890217443222824, 35.649207367420438 ], [ -75.890210110883544, 35.649189900129123 ], [ -75.890201158803933, 35.649173204928154 ], [ -75.890190667299649, 35.649157431602475 ], [ -75.890178730497723, 35.649142721666209 ], [ -75.89016545549201, 35.649129207093033 ], [ -75.890162202423753, 35.649125898138749 ], [ -75.890161659145562, 35.649121302537957 ], [ -75.890155372398553, 35.649032394776242 ], [ -75.89015528344342, 35.649027010585613 ], [ -75.890155776156064, 35.64902164824867 ], [ -75.890202300124855, 35.648704597552147 ], [ -75.890204115595566, 35.648686576808693 ], [ -75.890204293340702, 35.648668465719958 ], [ -75.890202831902542, 35.648650412816394 ], [ -75.890199743266464, 35.648632566151271 ], [ -75.890195052762635, 35.6486150720865 ], [ -75.890177211028345, 35.648558842627807 ], [ -75.890176150164379, 35.6485549633706 ], [ -75.89017540515168, 35.648551011279146 ], [ -75.890171840048708, 35.648526768975927 ], [ -75.890170336577285, 35.648509672832468 ], [ -75.890167575589913, 35.648489783686358 ], [ -75.890162834178241, 35.648470271633677 ], [ -75.890156160135831, 35.648451333356505 ], [ -75.890147620737253, 35.648433159753225 ], [ -75.890143194502812, 35.648424851069549 ], [ -75.890142971959634, 35.648422869842769 ], [ -75.890139831200429, 35.648403517490387 ], [ -75.890134810743447, 35.648384565632348 ], [ -75.890127958832508, 35.64836619638556 ], [ -75.890125259046513, 35.648359917126058 ], [ -75.890124243660509, 35.648354768371675 ], [ -75.890120730681659, 35.648330173600975 ], [ -75.890119796405742, 35.648319776992381 ], [ -75.890116161337275, 35.648222552100997 ], [ -75.890116198462962, 35.648218011023893 ], [ -75.890117055846517, 35.648213570640365 ], [ -75.890139838467448, 35.648118793962389 ], [ -75.89014121034333, 35.64811411490264 ], [ -75.890144274710565, 35.648110322107478 ], [ -75.89016258156029, 35.648089818729666 ], [ -75.890166149471142, 35.648086212471711 ], [ -75.890170640721777, 35.648083853711029 ], [ -75.890200480264355, 35.648070081719787 ], [ -75.89020507141008, 35.648068233361776 ], [ -75.890209823223969, 35.648066849414086 ], [ -75.890221859039315, 35.648063983778485 ], [ -75.890238331637931, 35.648059308271293 ], [ -75.890254343929811, 35.648053240868101 ], [ -75.890269778542091, 35.648045826044019 ], [ -75.890304146731623, 35.648027464948811 ], [ -75.890321934682731, 35.648016738858274 ], [ -75.890338514210541, 35.64800422568598 ], [ -75.890353706479857, 35.647990060405334 ], [ -75.890367347619204, 35.647974395810216 ], [ -75.890389182597133, 35.647946522136621 ], [ -75.890398465242427, 35.6479336513788 ], [ -75.89040669824405, 35.647920085185717 ], [ -75.89040929530448, 35.647915395895787 ], [ -75.890417872362292, 35.647897960863396 ], [ -75.890424717080478, 35.647879775811617 ], [ -75.890429764854048, 35.647861012382904 ], [ -75.890432968038837, 35.647841847678826 ], [ -75.890434296401068, 35.647822462588451 ], [ -75.890433737402773, 35.647803040080987 ], [ -75.890431296320159, 35.647783763478827 ], [ -75.890426996193781, 35.647764814727196 ], [ -75.890420877611021, 35.64774637267687 ], [ -75.890412998323114, 35.647728611396026 ], [ -75.890403432699941, 35.647711698527303 ], [ -75.890363960417773, 35.647649201749822 ], [ -75.890354429063493, 35.647635424616311 ], [ -75.890343778132276, 35.647622493499327 ], [ -75.890337995132413, 35.647616043149235 ], [ -75.890318719661138, 35.647597256558448 ], [ -75.890211842343874, 35.64750627835285 ], [ -75.89020817598383, 35.647502823010221 ], [ -75.890204877187472, 35.64749901518573 ], [ -75.890093497936419, 35.647356486947423 ], [ -75.890090278946801, 35.6473518457843 ], [ -75.890088190824201, 35.647346597733929 ], [ -75.890080542287052, 35.647323652280051 ], [ -75.890079235744011, 35.647318980838399 ], [ -75.890079814277229, 35.647314164748607 ], [ -75.890086165446206, 35.647276849187698 ], [ -75.890087221704661, 35.647272075638647 ], [ -75.890089190568006, 35.647267600593246 ], [ -75.890121595905896, 35.647202791251217 ], [ -75.890124218035581, 35.647198181880377 ], [ -75.890131856478391, 35.647191315389044 ], [ -75.890147943351721, 35.647175100477504 ], [ -75.890162076514713, 35.647157157106776 ], [ -75.890174071631762, 35.64713771930812 ], [ -75.890203722941223, 35.64708289255843 ], [ -75.890211536238809, 35.647066756148803 ], [ -75.890246954632048, 35.646984386877619 ], [ -75.890254049767748, 35.646965250101672 ], [ -75.890275354724508, 35.64689734057535 ], [ -75.890279948337849, 35.646880015322637 ], [ -75.890282972384455, 35.646862348381553 ], [ -75.890284402576256, 35.646844481646639 ], [ -75.890284227426477, 35.6468265586171 ], [ -75.89028244834185, 35.646808723244298 ], [ -75.890261781053923, 35.64666644047162 ], [ -75.890261296081079, 35.646661023153641 ], [ -75.890262591500544, 35.6466557406902 ], [ -75.890302782264385, 35.646523687734096 ], [ -75.890303196114232, 35.64652231020294 ], [ -75.890347344648333, 35.646373417514923 ], [ -75.890352649613249, 35.646350766998658 ], [ -75.890355288503528, 35.646327653695181 ], [ -75.890355683530828, 35.646320541879994 ], [ -75.890355991345814, 35.646309449261025 ], [ -75.890355991192777, 35.646264018688505 ], [ -75.890356238717104, 35.646259090058905 ], [ -75.89035923453747, 35.646255168615255 ], [ -75.890479346807325, 35.646113304340417 ], [ -75.890487096862103, 35.646105132982434 ], [ -75.890654384708114, 35.645947570751133 ], [ -75.890681125659626, 35.645922801263602 ], [ -75.890682890264642, 35.645921206231264 ], [ -75.890793579285358, 35.645823539440954 ], [ -75.890807721459183, 35.645809761310446 ], [ -75.890850125936495, 35.64576415692391 ], [ -75.890854200852658, 35.645760244989255 ], [ -75.890858692576444, 35.645756819702662 ], [ -75.890884555486409, 35.645739324336084 ], [ -75.89089160783692, 35.645734968603463 ], [ -75.89104576199135, 35.645648375254176 ], [ -75.891050075660857, 35.645646220241993 ], [ -75.891054723846366, 35.645644937202434 ], [ -75.891069355775514, 35.645641652506704 ], [ -75.89108870923252, 35.645636274069325 ], [ -75.891107425580074, 35.645628981455182 ], [ -75.891125316024542, 35.645619848225572 ], [ -75.891389819390241, 35.645467609738027 ], [ -75.891409187252606, 35.645454915453065 ], [ -75.891426957928161, 35.645440067488423 ], [ -75.891491798918096, 35.645379180473064 ], [ -75.891673791678912, 35.645209186169403 ], [ -75.891840039151418, 35.645054747720337 ], [ -75.891855343757172, 35.645038870831556 ], [ -75.891868807376952, 35.645021405508857 ], [ -75.891880266324605, 35.645002564089772 ], [ -75.891889581286094, 35.644982575641933 ], [ -75.89203395214733, 35.644622096520614 ], [ -75.892068305075227, 35.644536579968126 ], [ -75.892075494205798, 35.644515299991042 ], [ -75.892080251863135, 35.644493348095459 ], [ -75.892082518038791, 35.644471001161193 ], [ -75.892095788405555, 35.644175513424493 ], [ -75.892096193450143, 35.64417102763656 ], [ -75.892097001546958, 35.644166596684464 ], [ -75.892173785391989, 35.643831981127619 ], [ -75.892177397914764, 35.643811321183598 ], [ -75.892178827007569, 35.643790396525858 ], [ -75.892178056954563, 35.643769437264751 ], [ -75.892175096224094, 35.64374867389116 ], [ -75.892169977375559, 35.64372833474178 ], [ -75.89216275670141, 35.643708643488068 ], [ -75.892153513608065, 35.64368981667652 ], [ -75.891988724420131, 35.643394410519363 ], [ -75.891977596183622, 35.643376705778209 ], [ -75.891964680134279, 35.643360259770283 ], [ -75.891950117475389, 35.643345252289713 ], [ -75.891934067411555, 35.643331847404099 ], [ -75.89191670540832, 35.643320191660848 ], [ -75.89189822127382, 35.643310412485057 ], [ -75.891878817083793, 35.643302616786478 ], [ -75.889590571134875, 35.642519566515197 ], [ -75.889586143063966, 35.642517807598821 ], [ -75.889583405869828, 35.64251390767992 ], [ -75.889405409118893, 35.642232243836403 ], [ -75.889402693655413, 35.642227683119373 ], [ -75.889359556503621, 35.642150651887505 ], [ -75.889348658808373, 35.64213333378742 ], [ -75.889336048686729, 35.642117219781589 ], [ -75.889321858127659, 35.642102478533836 ], [ -75.889306235662445, 35.642089264339461 ], [ -75.889289344810024, 35.64207771551024 ], [ -75.889067828972742, 35.641942345016396 ], [ -75.889064131206737, 35.641939850293753 ], [ -75.889061554812898, 35.641936219938977 ], [ -75.888988756548073, 35.641823290470413 ], [ -75.888986257586708, 35.641818941681933 ], [ -75.888986712697402, 35.641813946720163 ], [ -75.889006668366576, 35.64167425822076 ], [ -75.889008616190367, 35.641650965762366 ], [ -75.889007833202044, 35.641627605121002 ], [ -75.888972058938293, 35.641239735857866 ], [ -75.888918011887441, 35.640602237699255 ], [ -75.888897446639689, 35.640352535318591 ], [ -75.888897299827846, 35.6403470260734 ], [ -75.888898370328604, 35.640341619610872 ], [ -75.88898694430749, 35.639996184249455 ], [ -75.888987038596369, 35.63999581506485 ], [ -75.888991292546223, 35.639979092456414 ], [ -75.888995050402883, 35.639960773933581 ], [ -75.888997080924909, 35.639942184507937 ], [ -75.888997366360982, 35.63992348669278 ], [ -75.888995904215719, 35.639904843948976 ], [ -75.888992707271598, 35.63988641925593 ], [ -75.888987803477036, 35.639868373686824 ], [ -75.888981235702246, 35.639850865000419 ], [ -75.888973061364283, 35.639834046261925 ], [ -75.888963351925227, 35.639818064504865 ], [ -75.888952192267368, 35.639803059445661 ], [ -75.888894284076542, 35.639732356572424 ], [ -75.888808121380066, 35.639626160046276 ], [ -75.88880785830213, 35.639625836489664 ], [ -75.888656327442689, 35.639439866810051 ], [ -75.888643623462315, 35.639425707751471 ], [ -75.888629631740088, 35.639412819704049 ], [ -75.888614478855629, 35.639401319262745 ], [ -75.888598301893339, 35.6393913104692 ], [ -75.887805429295753, 35.63895146123452 ], [ -75.887801138816485, 35.638948787890705 ], [ -75.887797141217632, 35.638945693673115 ], [ -75.887292108606474, 35.638512100494204 ], [ -75.88729187304304, 35.638511898569597 ], [ -75.887073444099116, 35.638324955350129 ], [ -75.887070152618932, 35.638321868481988 ], [ -75.887067814101471, 35.638318009216235 ], [ -75.887034222894911, 35.638256423587755 ], [ -75.887033758151404, 35.638255576408547 ], [ -75.886526473210083, 35.637336122944312 ], [ -75.886516777368612, 35.637320327013484 ], [ -75.885858037061482, 35.63635095407917 ], [ -75.885850840469644, 35.636338526968217 ], [ -75.885015117032623, 35.634621423647005 ], [ -75.885008413921668, 35.634608815955175 ], [ -75.88396835666218, 35.632810566936314 ], [ -75.883957318319219, 35.632793538143197 ], [ -75.883944611158384, 35.632777715599971 ], [ -75.883930366007803, 35.632763262209529 ], [ -75.883018189578891, 35.631927182022388 ], [ -75.882950554818962, 35.631864853088771 ], [ -75.882936417333809, 35.631852983153948 ], [ -75.882921245652739, 35.631842467264427 ], [ -75.882905169024752, 35.631833395006062 ], [ -75.882888324408185, 35.631825843666306 ], [ -75.882870855303963, 35.631819877575744 ], [ -75.882603175854371, 35.631742053388514 ], [ -75.881388271209815, 35.631386303020328 ], [ -75.881365402881471, 35.631381041104639 ], [ -75.87906869680522, 35.630992795632039 ], [ -75.879064082939038, 35.630991787236447 ], [ -75.879060176751892, 35.630989132744837 ], [ -75.878185590066238, 35.630331704825046 ], [ -75.878182127146104, 35.630328849056909 ], [ -75.878179244626082, 35.630325432120863 ], [ -75.877392292926089, 35.629303287906517 ], [ -75.877389241428276, 35.629298846709275 ], [ -75.877386687465872, 35.629294101907092 ], [ -75.876835286208319, 35.628121878818526 ], [ -75.876833272290924, 35.628116920001276 ], [ -75.876832365884312, 35.628111645140095 ], [ -75.876671785674546, 35.626736799755953 ], [ -75.876671132465788, 35.626723154679347 ], [ -75.876702894008588, 35.625181713908042 ], [ -75.876703210709252, 35.625177046247991 ], [ -75.876704817599816, 35.625172652473893 ], [ -75.877040682242693, 35.624373256753493 ], [ -75.877048136856857, 35.624352328374933 ], [ -75.878798990085073, 35.618411791367635 ], [ -75.878802508092036, 35.618398083996041 ], [ -75.87974306416541, 35.614108349251097 ], [ -75.879747074921468, 35.614081376739634 ], [ -75.880039864476473, 35.610401168476294 ], [ -75.880040103846056, 35.610372813729654 ], [ -75.879821067685825, 35.606873200600056 ], [ -75.879819258007586, 35.606856109012057 ], [ -75.87981598759157, 35.606839235906392 ], [ -75.879181748747328, 35.604183544843444 ], [ -75.879174888042044, 35.604160861727529 ], [ -75.877691590804886, 35.600134771021501 ], [ -75.877683395863542, 35.600115655669917 ], [ -75.875667004608886, 35.596015228554649 ], [ -75.875653373916521, 35.595991699021674 ], [ -75.87456777394577, 35.594381129178473 ], [ -75.874565209275744, 35.594376882604259 ], [ -75.874563079435006, 35.594372402123746 ], [ -75.874003912089847, 35.593027243740579 ], [ -75.873997461666661, 35.593013269215632 ], [ -75.873989955703067, 35.592999832109641 ], [ -75.873190075403443, 35.591689053302588 ], [ -75.873184526140705, 35.59167861750668 ], [ -75.871971220170437, 35.58902986524388 ], [ -75.871967295146774, 35.589019924112961 ], [ -75.869415306467076, 35.58138393513056 ], [ -75.869412514281592, 35.581376123239103 ], [ -75.869010639280489, 35.580321324117108 ], [ -75.869007750800336, 35.580312541729754 ], [ -75.868398892152626, 35.578125200467703 ], [ -75.868391870412836, 35.578104448955209 ], [ -75.868382621160208, 35.578084589916301 ], [ -75.868237045508437, 35.577812100757583 ], [ -75.868236937504335, 35.577811898873144 ], [ -75.868087061226831, 35.577532130857747 ], [ -75.868086920517456, 35.577531868669958 ], [ -75.867937061914262, 35.577253130720372 ], [ -75.867786991675942, 35.57697299983618 ], [ -75.867637061168196, 35.576693131232986 ], [ -75.867636920456846, 35.576692869042127 ], [ -75.867487193077451, 35.576414375818977 ], [ -75.867343740918287, 35.576144804020579 ], [ -75.867330966486819, 35.576123975708299 ], [ -75.867167038540472, 35.575890068247212 ], [ -75.866997039040925, 35.575647067506111 ], [ -75.86682614872592, 35.575403225027166 ], [ -75.866655990816852, 35.575158999525215 ], [ -75.866486148852388, 35.574915226001977 ], [ -75.866485833310918, 35.574914774433729 ], [ -75.866315038967983, 35.574671067897057 ], [ -75.866145101987613, 35.574428157589281 ], [ -75.865975148892687, 35.574184225655813 ], [ -75.865974833707781, 35.57418377459836 ], [ -75.865804149328454, 35.573940224445735 ], [ -75.86563399142679, 35.573695999839607 ], [ -75.865464258972779, 35.573452384384112 ], [ -75.865463721599866, 35.573451616936254 ], [ -75.865293213722609, 35.573209316374474 ], [ -75.865159020614755, 35.573017042599432 ], [ -75.862396992973231, 35.569064002249867 ], [ -75.860526158011197, 35.566386238812491 ], [ -75.860525822721115, 35.566385760394915 ], [ -75.855973999948233, 35.559911012534016 ], [ -75.849232993030711, 35.550319002198556 ], [ -75.846367999770422, 35.546242011577945 ], [ -75.834436001083446, 35.529257013241562 ], [ -75.830251994218173, 35.523299004034911 ], [ -75.827238993349212, 35.519009003174908 ], [ -75.824226997562533, 35.514720009151944 ], [ -75.82171700717133, 35.511145022320015 ], [ -75.821550563922159, 35.510907816139003 ], [ -75.821549410396671, 35.510906189502933 ], [ -75.821335283440746, 35.510607407820565 ], [ -75.821334702868683, 35.510606589073234 ], [ -75.814024103369377, 35.500186434910979 ], [ -75.814021266084438, 35.500181885375277 ], [ -75.814020029972852, 35.500176668049605 ], [ -75.808499991576056, 35.469576004272618 ], [ -75.800729996071112, 35.426514025477545 ], [ -75.794607993773411, 35.39253401591197 ], [ -75.785897994324344, 35.344145016302789 ], [ -75.779493994141788, 35.308532018209192 ], [ -75.771924994361669, 35.266395015617626 ], [ -75.7689027495137, 35.249554367025091 ], [ -75.768899402982896, 35.24953915360156 ], [ -75.768894882592562, 35.249524246771074 ], [ -75.765875773495964, 35.240806259163939 ], [ -75.765874317354402, 35.240801705069586 ], [ -75.763844016438057, 35.233886086140004 ], [ -75.760113991477837, 35.221222999771939 ], [ -75.756384145141197, 35.208560524109117 ], [ -75.756383842050681, 35.208559474006563 ], [ -75.756330282381072, 35.208370028811636 ], [ -75.756329689413718, 35.208367973484826 ], [ -75.755219011260891, 35.204594068599569 ], [ -75.754967011538042, 35.203740066789237 ], [ -75.754107134468995, 35.200818485893322 ], [ -75.754106853316259, 35.200817512447401 ], [ -75.7529301287734, 35.196664483272727 ], [ -75.75227423232478, 35.194304465057726 ], [ -75.752273202805327, 35.194299961471785 ], [ -75.75227315280452, 35.194298645606253 ], [ -75.75227159328476, 35.194280387321676 ], [ -75.752268369173436, 35.194262348414732 ], [ -75.752263507536739, 35.194244680320715 ], [ -75.751574993444962, 35.192127007021952 ], [ -75.750681435137921, 35.189379363473229 ], [ -75.750680587282105, 35.189376623344273 ], [ -75.749626234019928, 35.185787632369767 ], [ -75.749621150112773, 35.185772568742074 ], [ -75.749412581261524, 35.185227157599954 ], [ -75.749409776977245, 35.185218716227169 ], [ -75.74876111017366, 35.182930420239408 ], [ -75.748760869847516, 35.182929579452654 ], [ -75.746824040724235, 35.17620917047995 ], [ -75.73662130927049, 35.140569602541333 ], [ -75.736620260460271, 35.140565142351093 ], [ -75.736624539160658, 35.140563503439715 ], [ -75.749844439793662, 35.136212839690742 ], [ -75.749849518190231, 35.136211092480956 ], [ -75.780473049703943, 35.125213134138072 ], [ -75.780484787263447, 35.125208495662584 ], [ -75.786316312914892, 35.122688453805573 ], [ -75.78632792953043, 35.122684265182606 ], [ -75.791547487657127, 35.121159484052448 ], [ -75.791564242585395, 35.121153773372576 ], [ -75.793312786745332, 35.120470028648612 ], [ -75.793331051630787, 35.120461809561725 ], [ -75.793348402860587, 35.120451804850141 ], [ -75.793364666419521, 35.120440114850972 ], [ -75.79487881868657, 35.119232328322823 ], [ -75.794883106557108, 35.119229267480115 ], [ -75.794888276956272, 35.119228256755584 ], [ -75.797459641693365, 35.118866720129446 ], [ -75.797478767637259, 35.118863073938286 ], [ -75.797497448405707, 35.118857585283664 ], [ -75.801490052515206, 35.117470063841623 ], [ -75.801502141778954, 35.117466696994548 ], [ -75.805098489250199, 35.116704800680239 ], [ -75.80511530590185, 35.116700467348082 ], [ -75.807717142315724, 35.115908085284843 ], [ -75.807730673760616, 35.115903429157001 ], [ -75.812029201176415, 35.114250073591641 ], [ -75.812044679770509, 35.114243357447023 ], [ -75.812059537182833, 35.114235360524304 ], [ -75.813663634463694, 35.113282587856467 ], [ -75.813672587103653, 35.113277866457501 ], [ -75.814882304432345, 35.112716247269205 ], [ -75.814887748040007, 35.112713913459309 ], [ -75.818629898728616, 35.111239189252196 ], [ -75.8186457761919, 35.111232120511815 ], [ -75.827701904076122, 35.10671903646093 ], [ -75.827710246009332, 35.106715344435692 ], [ -75.832956299364412, 35.104674436619646 ], [ -75.832963785943804, 35.104671860506059 ], [ -75.836208002854221, 35.103697403034616 ], [ -75.836225660733874, 35.103691184326557 ], [ -75.836242659793925, 35.103683341814133 ], [ -75.837275874736321, 35.10314665751428 ], [ -75.837286379829109, 35.103141948198726 ], [ -75.838148449578242, 35.102813728820713 ], [ -75.838157442725176, 35.102810052313941 ], [ -75.843502488973868, 35.100471844073006 ], [ -75.843515830720577, 35.100467103168761 ], [ -75.847400173435915, 35.099390058138312 ], [ -75.847407763381156, 35.099387790820387 ], [ -75.853720698630866, 35.09736493834032 ], [ -75.853744674597991, 35.097355513439005 ], [ -75.859674039896731, 35.094571385330802 ], [ -75.859680025605016, 35.094568809371602 ], [ -75.863483883765113, 35.093076787775516 ], [ -75.863497865730679, 35.093070678276007 ], [ -75.867888734327536, 35.09094905685464 ], [ -75.8678974241449, 35.09094535378172 ], [ -75.87092975134027, 35.089819317205666 ], [ -75.870942063416237, 35.089814273084251 ], [ -75.883956790428726, 35.083969437307587 ], [ -75.883963140354652, 35.083966450645327 ], [ -75.897853333874011, 35.077133146448141 ], [ -75.897868032451314, 35.07712513467834 ], [ -75.897882009531699, 35.07711592176058 ], [ -75.897895167192928, 35.07710557223978 ], [ -75.900084294820346, 35.075230166571338 ], [ -75.900088118528458, 35.075227200835165 ], [ -75.900092443731921, 35.075225030824313 ], [ -75.904138482066784, 35.073435878391187 ], [ -75.904151280275826, 35.07342966580336 ], [ -75.907305334628546, 35.07175746841822 ], [ -75.907310094740438, 35.071755257601581 ], [ -75.907315060997988, 35.071753559761589 ], [ -75.907893628428653, 35.071589238888997 ], [ -75.907898028856039, 35.071588202126499 ], [ -75.907902505090007, 35.071587568118623 ], [ -75.908534548050142, 35.071527112153227 ], [ -75.908555290064797, 35.071524023702615 ], [ -75.90857559466879, 35.071518780349081 ], [ -75.908595238628365, 35.071511439739318 ], [ -75.908614005973064, 35.07150208257778 ], [ -75.908631690370157, 35.071490811739359 ], [ -75.913309285522146, 35.068152358170295 ], [ -75.913314153171086, 35.068149292353823 ], [ -75.913319341953965, 35.068146808451729 ], [ -75.915523941664475, 35.067244029260387 ], [ -75.915545304169214, 35.067233763833556 ], [ -75.915565302307854, 35.067221043375731 ], [ -75.918301997362676, 35.065243163189749 ], [ -75.91830813617311, 35.065239062833051 ], [ -75.92696216226183, 35.059909972903291 ], [ -75.926967127650755, 35.059907290791877 ], [ -75.926972364617981, 35.059905187703521 ], [ -75.928052145266847, 35.059541142651824 ], [ -75.928071628448222, 35.059533414931003 ], [ -75.928090195895919, 35.059523690636063 ], [ -75.928107643687355, 35.059512076566996 ], [ -75.928123780196898, 35.059498700278809 ], [ -75.928138428200484, 35.059483708680609 ], [ -75.928829591520056, 35.058697864888806 ], [ -75.928833161491269, 35.0586942041516 ], [ -75.928837404351242, 35.058691350411941 ], [ -75.930870546064028, 35.05747087048929 ], [ -75.930892421519005, 35.057455669730849 ], [ -75.932523019914797, 35.056153372303186 ], [ -75.932526072306587, 35.05615111902415 ], [ -75.932529287042996, 35.056149104122376 ], [ -75.933450553660762, 35.055619352050044 ], [ -75.933468722808598, 35.055607550669379 ], [ -75.933485508818251, 35.055593853209807 ], [ -75.933500714709879, 35.05557842040777 ], [ -75.93475419268654, 35.054160166109732 ], [ -75.934757114736129, 35.054157128779572 ], [ -75.934760494719185, 35.054154636209624 ], [ -75.936477879166958, 35.052996099949013 ], [ -75.936484253013518, 35.052992139924022 ], [ -75.937603182262691, 35.052353876940025 ], [ -75.937616636337992, 35.052345478440863 ], [ -75.937629382622205, 35.05233604026472 ], [ -75.938720282688223, 35.051459214445025 ], [ -75.938732534457529, 35.051448518520345 ], [ -75.938743876659601, 35.051436862487243 ], [ -75.940190660899546, 35.049823712627934 ], [ -75.940197674153026, 35.049816636669931 ], [ -75.942846010192, 35.047398548239357 ], [ -75.942855655337269, 35.047389126180335 ], [ -75.944022948482981, 35.046169270008605 ], [ -75.944032637780097, 35.046158375758452 ], [ -75.944998970370278, 35.044988656031137 ], [ -75.945002142850583, 35.044985166792564 ], [ -75.945005916273587, 35.044982338242697 ], [ -75.946607506951253, 35.043896415341251 ], [ -75.94662178749121, 35.043885774779675 ], [ -75.946635064875153, 35.043873906062473 ], [ -75.94664723382823, 35.043860903295332 ], [ -75.94665819786421, 35.043846869575688 ], [ -75.946667870050533, 35.043831916175272 ], [ -75.947595134099217, 35.042247881229713 ], [ -75.947598248086436, 35.04224319146622 ], [ -75.947601871468493, 35.042238883113917 ], [ -75.950069888775047, 35.039620291052884 ], [ -75.950073113147951, 35.039617165914308 ], [ -75.950077057126279, 35.039615019264438 ], [ -75.952377671835109, 35.038494532593596 ], [ -75.952396036281115, 35.038484363011911 ], [ -75.952413233628633, 35.038472324552387 ], [ -75.952429074417367, 35.038458549840719 ], [ -75.95244338413201, 35.038443190630588 ], [ -75.952456005124844, 35.03842641613182 ], [ -75.952971044079035, 35.037661377243147 ], [ -75.95297418637054, 35.03765720299716 ], [ -75.952978471842002, 35.037654214174466 ], [ -75.954648549297957, 35.036615870773161 ], [ -75.95466672503656, 35.036603119122937 ], [ -75.956257847920924, 35.035349476862592 ], [ -75.956261080103246, 35.035347133548512 ], [ -75.956264489268889, 35.035345056118985 ], [ -75.960351110167821, 35.033073823708513 ], [ -75.960364549783989, 35.033065646473972 ], [ -75.967084789539371, 35.028605443395385 ], [ -75.96710061814801, 35.028593777911098 ], [ -75.972344392071363, 35.024315935622688 ], [ -75.972351450377218, 35.024309899193824 ], [ -75.974292108056133, 35.022570583882263 ], [ -75.974295082602893, 35.022568118739315 ], [ -75.974298238922259, 35.022565891071132 ], [ -75.977115204345068, 35.02073684758092 ], [ -75.977134105312103, 35.02072293330437 ], [ -75.977151246087317, 35.020706900604281 ], [ -75.978631917885622, 35.01914928483427 ], [ -75.978640541592938, 35.019141225003992 ], [ -75.980133227317666, 35.017902951523716 ], [ -75.980143205960104, 35.017895666261531 ], [ -75.981980966502192, 35.016720933680745 ], [ -75.981987147680556, 35.016717288239001 ], [ -75.983397673426396, 35.015952273118124 ], [ -75.983414593123868, 35.015941981090329 ], [ -75.9834304120007, 35.015930066178036 ], [ -75.983444974951993, 35.015916645207561 ], [ -75.985347385354402, 35.01398066862231 ], [ -75.985351129203067, 35.013977231496973 ], [ -75.985355935247057, 35.01397557856771 ], [ -75.987216944522771, 35.013440794895786 ], [ -75.987236821626652, 35.013433932759604 ], [ -75.987255868366177, 35.013425021537159 ], [ -75.987273874185263, 35.013414159739384 ], [ -75.9872906400349, 35.013401467440239 ], [ -75.987926527785987, 35.01286523374192 ], [ -75.987929501222041, 35.012862822165218 ], [ -75.988755087973672, 35.012219043405018 ], [ -75.988759102345469, 35.012216220910702 ], [ -75.988763766880979, 35.012214696521404 ], [ -75.990130280012622, 35.011841833617503 ], [ -75.990148995488525, 35.011835722503484 ], [ -75.990167019437564, 35.011827800886635 ], [ -75.99018417720103, 35.011818145530341 ], [ -75.992082551800209, 35.010623164832886 ], [ -75.99208933985966, 35.010618696825432 ], [ -75.994739112429414, 35.008796355563156 ], [ -75.994744154776129, 35.008793310717046 ], [ -75.994749521477772, 35.008790882783082 ], [ -75.998406142732406, 35.00739085659626 ], [ -75.998416006700083, 35.007387656095005 ], [ -75.999616951573856, 35.007065814645976 ], [ -75.999623077256359, 35.007064377998269 ], [ -76.002953837074401, 35.00639303834437 ], [ -76.002964225530008, 35.006391507270386 ], [ -76.00693111573824, 35.006018458160888 ], [ -76.006935763246773, 35.006018249776147 ], [ -76.006935991020569, 35.006022896374731 ], [ -76.006935991170295, 35.006029332571792 ], [ -76.006935935674562, 35.00603266585869 ], [ -76.006935064854702, 35.006058792738258 ], [ -76.006934966476166, 35.006063208321855 ], [ -76.006934004459907, 35.006148837238484 ], [ -76.00693395130935, 35.006151161803388 ], [ -76.006933082629942, 35.006176340228293 ], [ -76.006932969907879, 35.006181661107 ], [ -76.006905991001119, 35.009606997894181 ], [ -76.006857991668483, 35.015717995087869 ], [ -76.006631991715395, 35.044330996507412 ], [ -76.006606991256547, 35.047509999604131 ], [ -76.006557563684041, 35.053796240977391 ], [ -76.006558400160117, 35.053816153426929 ], [ -76.006561214295175, 35.053835883758467 ], [ -76.006565978144494, 35.053855236047184 ], [ -76.006572644402382, 35.053874018122265 ], [ -76.006581146872051, 35.053892043475209 ], [ -76.006591401122805, 35.053909133111837 ], [ -76.006603305328582, 35.05392511732979 ], [ -76.007874972738961, 35.055465977887181 ], [ -76.010713976744626, 35.058907982993105 ], [ -76.011827971911345, 35.06025797604245 ], [ -76.013144666798766, 35.061854607288772 ], [ -76.013145310599811, 35.061855396112804 ], [ -76.013165191014224, 35.061880009549853 ], [ -76.013166803567827, 35.061881980214203 ], [ -76.0132285847411, 35.061956508446663 ], [ -76.013229392486593, 35.061957495597355 ], [ -76.013249471071177, 35.061982355578301 ], [ -76.0132505162981, 35.06198363881068 ], [ -76.01329584643608, 35.062038823049953 ], [ -76.013296137188718, 35.062039176183802 ], [ -76.014745975489035, 35.063795980351685 ], [ -76.015945547449846, 35.065248773727951 ], [ -76.01595831816303, 35.065262824678754 ], [ -76.015972363774438, 35.065275601264126 ], [ -76.015987557690877, 35.065286988328587 ], [ -76.016003762969447, 35.065296883240428 ], [ -76.016020833551821, 35.065305196816738 ], [ -76.016038615580712, 35.065311854127174 ], [ -76.016056948786542, 35.065316795169345 ], [ -76.016075667931972, 35.065319975409601 ], [ -76.016094604301188, 35.065321366184399 ], [ -76.016273075130457, 35.065325976527681 ], [ -76.016274907842288, 35.065326015467491 ], [ -76.016333299375532, 35.06532698842306 ], [ -76.016672698026696, 35.065334992706461 ], [ -76.017011696808808, 35.065343991620637 ], [ -76.01701228532599, 35.065344006376428 ], [ -76.017350983986731, 35.065351999732741 ], [ -76.017688984495891, 35.065359999804457 ], [ -76.018027991789992, 35.065367999442884 ], [ -76.018366983941505, 35.065375999572588 ], [ -76.018704984818186, 35.065383999509649 ], [ -76.019039019937324, 35.065391882556298 ], [ -76.019043869240207, 35.065392238686499 ], [ -76.01904700940311, 35.0653959510907 ], [ -76.019221866216753, 35.065624835480484 ], [ -76.019399951882377, 35.065858948004625 ], [ -76.019576827307219, 35.066091783438551 ], [ -76.019577155934655, 35.066092214822014 ], [ -76.019754990702936, 35.066325000022566 ], [ -76.019932865842762, 35.06655783552845 ], [ -76.020110866403272, 35.066791835876082 ], [ -76.020111116789749, 35.066792164330927 ], [ -76.02028882681492, 35.067024784262628 ], [ -76.020465827296022, 35.067257784132657 ], [ -76.020466156470491, 35.067258216231828 ], [ -76.020643866151019, 35.06749083533596 ], [ -76.020821866491076, 35.067724835566317 ], [ -76.020822116637518, 35.067725163707181 ], [ -76.020999991232074, 35.067958000183175 ], [ -76.021177826335105, 35.068190783830886 ], [ -76.021354952520412, 35.068423948725744 ], [ -76.021532865722179, 35.068657835350422 ], [ -76.021533116395631, 35.068658164182381 ], [ -76.02171099156233, 35.06889100018256 ], [ -76.021888991057963, 35.069124000143987 ], [ -76.02206670181414, 35.069356620551638 ], [ -76.022243703825438, 35.069590620041708 ], [ -76.022244281380111, 35.069591379803782 ], [ -76.022421991543993, 35.069823999999365 ], [ -76.02259999178338, 35.070056999708711 ], [ -76.022777990814234, 35.070289999996668 ], [ -76.022955692335429, 35.070522609249117 ], [ -76.022986983236152, 35.070563988911061 ], [ -76.023132705532319, 35.070756622034096 ], [ -76.023133278606295, 35.070757375875885 ], [ -76.02331099103138, 35.070989999964759 ], [ -76.023488990806001, 35.071223000000622 ], [ -76.023666866112151, 35.071455835510761 ], [ -76.023844951618997, 35.071689947722895 ], [ -76.024021826586804, 35.071922783598275 ], [ -76.024022156074452, 35.071923216109681 ], [ -76.024199991545387, 35.072155999848754 ], [ -76.024377865845878, 35.072388836574419 ], [ -76.0245558661301, 35.072622835515737 ], [ -76.024556116264478, 35.072623163639122 ], [ -76.024733826339784, 35.072855783604702 ], [ -76.024910826802198, 35.07308878354938 ], [ -76.024911155772145, 35.073089215381039 ], [ -76.02508886576814, 35.073321835808905 ], [ -76.025266867067117, 35.073555835785548 ], [ -76.025267116843978, 35.07355616344055 ], [ -76.02544499156204, 35.073789000046297 ], [ -76.025622826787142, 35.074021784765037 ], [ -76.025799827899789, 35.074254784174244 ], [ -76.025800156286806, 35.074255215240271 ], [ -76.025977866227166, 35.074487836528384 ], [ -76.026155866988731, 35.074721835778618 ], [ -76.026156116762991, 35.07472216343016 ], [ -76.026333991051544, 35.074954999464332 ], [ -76.026511991466904, 35.075187999942585 ], [ -76.026689701416672, 35.075420621419447 ], [ -76.026866704061788, 35.075654620176792 ], [ -76.026867281283046, 35.075655379497356 ], [ -76.027044991471982, 35.075887999502399 ], [ -76.027222991535069, 35.076120999701359 ], [ -76.02740086621904, 35.076353835589266 ], [ -76.027578866381575, 35.076587835332127 ], [ -76.027579116501542, 35.076588163437989 ], [ -76.027756826296525, 35.07682078404607 ], [ -76.027933827228637, 35.07705378429916 ], [ -76.027934156104237, 35.077054216006758 ], [ -76.028111990853347, 35.077286999801998 ], [ -76.028289866169601, 35.07751983604475 ], [ -76.028467867034706, 35.077753836219955 ], [ -76.028468117034549, 35.077754164167906 ], [ -76.028645991138546, 35.077986999845628 ], [ -76.02882382673809, 35.078219784467095 ], [ -76.029000952104084, 35.078452948356627 ], [ -76.029178866189298, 35.078686835396219 ], [ -76.029179116478545, 35.078687163724211 ], [ -76.029356991236625, 35.078919999976236 ], [ -76.02953499122961, 35.079152999968294 ], [ -76.029712865730744, 35.079385835501945 ], [ -76.029890951614036, 35.07961994872511 ], [ -76.030067826640604, 35.079852783581345 ], [ -76.03006815593676, 35.07985321584006 ], [ -76.030245991723447, 35.080085999662785 ], [ -76.030423991251723, 35.080318999981067 ], [ -76.030601866324858, 35.080551835790331 ], [ -76.030779865876838, 35.080785835498915 ], [ -76.030780116573624, 35.080786164360909 ], [ -76.030957991354953, 35.081018999403263 ], [ -76.031135826757932, 35.081251783652164 ], [ -76.031312951979544, 35.081484948247919 ], [ -76.031490866156147, 35.081718835255536 ], [ -76.031491116436342, 35.081719163571478 ], [ -76.031668991131127, 35.081951999625296 ], [ -76.031846991054024, 35.082184999410224 ], [ -76.032024990864471, 35.082417999800747 ], [ -76.032202702037907, 35.082650620771041 ], [ -76.032379704531678, 35.082884620103414 ], [ -76.03238028153099, 35.082885379135945 ], [ -76.032557991193272, 35.083118000096803 ], [ -76.032735991747728, 35.083351000234785 ], [ -76.032913866014312, 35.083583836279708 ], [ -76.03309186655882, 35.083817835730216 ], [ -76.033092116657713, 35.083818163807393 ], [ -76.033269991636459, 35.084050999935826 ], [ -76.033447826220495, 35.084283784403688 ], [ -76.033624827413917, 35.084516784271869 ], [ -76.033625156095056, 35.084517215723565 ], [ -76.03380286615004, 35.084749836343832 ], [ -76.033980866450406, 35.084983835451006 ], [ -76.033981116308894, 35.084984163213448 ], [ -76.03415899094405, 35.085216999825668 ], [ -76.034336991780762, 35.085450000035692 ], [ -76.034514866156115, 35.08568283592578 ], [ -76.0346928659106, 35.085916835424726 ], [ -76.034693116355328, 35.085917163956111 ], [ -76.034870826671394, 35.086149784246118 ], [ -76.035047827322742, 35.08638278380193 ], [ -76.035048156130955, 35.08638321542071 ], [ -76.035225991651316, 35.086616000167602 ], [ -76.035403865654246, 35.086848835560332 ], [ -76.035581866168371, 35.087082835566775 ], [ -76.03558211625581, 35.087083163629778 ], [ -76.035759991056295, 35.087316000161088 ], [ -76.035937991111851, 35.087548999514901 ], [ -76.036115991054913, 35.087781999474281 ], [ -76.036293701520762, 35.088014621262673 ], [ -76.036470703658566, 35.088248619579247 ], [ -76.036471281028639, 35.08824937909533 ], [ -76.036648991468411, 35.08848199906425 ], [ -76.036826991285182, 35.088714999983608 ], [ -76.037004865581892, 35.088947835463415 ], [ -76.037182866394019, 35.089181835536245 ], [ -76.037183116475191, 35.089182163590607 ], [ -76.037360991563247, 35.089415000200674 ], [ -76.03753899080489, 35.0896479995994 ], [ -76.037716991030365, 35.089880999630466 ], [ -76.037894701572569, 35.090113620279034 ], [ -76.038071704250498, 35.09034761996724 ], [ -76.038072281504625, 35.090348379333683 ], [ -76.038249991453682, 35.09058099976864 ], [ -76.038427991326998, 35.090813999520122 ], [ -76.038605991087863, 35.091046999877115 ], [ -76.03878386566987, 35.091279836184789 ], [ -76.03896186664555, 35.091513835954572 ], [ -76.038962116603869, 35.091514163847386 ], [ -76.039139990893133, 35.091746999386778 ], [ -76.03931799124905, 35.091979999290537 ], [ -76.039495701507363, 35.092212621618067 ], [ -76.03967270419551, 35.092446620105328 ], [ -76.039673281223301, 35.092447379171588 ], [ -76.03985099156931, 35.092679999828455 ], [ -76.040028991725038, 35.092912999651432 ], [ -76.040206991768386, 35.093146000079969 ], [ -76.040384866459164, 35.093378836232013 ], [ -76.040562866642759, 35.09361283604715 ], [ -76.040563116947027, 35.093613164394327 ], [ -76.040740991344364, 35.093845999777017 ], [ -76.040918991038438, 35.094078999924314 ], [ -76.041096991749114, 35.094311999802855 ], [ -76.041274701674084, 35.094544620262944 ], [ -76.041451703552369, 35.094778619566739 ], [ -76.041452281171431, 35.094779379413062 ], [ -76.041629991422681, 35.095011999457014 ], [ -76.041807991748584, 35.095244999956897 ], [ -76.041985990898382, 35.095478000134328 ], [ -76.042163865794578, 35.095710836065869 ], [ -76.042341866324989, 35.095944835817086 ], [ -76.042342116385456, 35.095945163844391 ], [ -76.042519991071941, 35.09617800005951 ], [ -76.04269799096889, 35.096410999982588 ], [ -76.042875990786087, 35.096643999610023 ], [ -76.043053866145982, 35.096876835669171 ], [ -76.043231866278106, 35.097110835811407 ], [ -76.043232116570465, 35.097111164143563 ], [ -76.043409826152143, 35.097343784222787 ], [ -76.043586827801732, 35.097576784217651 ], [ -76.043587156202193, 35.097577215301065 ], [ -76.043764865820464, 35.097809835993786 ], [ -76.043942866475078, 35.098043835583887 ], [ -76.043943116529746, 35.098044163603163 ], [ -76.04412099150214, 35.098276999894004 ], [ -76.044298991681657, 35.098509999888229 ], [ -76.044476991781437, 35.098742999586833 ], [ -76.04465486650335, 35.098975835919468 ], [ -76.044832866766242, 35.099209835909299 ], [ -76.044833117052875, 35.099210164233483 ], [ -76.045010991481121, 35.099442999796572 ], [ -76.045188991198984, 35.099676000114961 ], [ -76.045366990790797, 35.099909000076927 ], [ -76.045544866051515, 35.100141835692057 ], [ -76.04572295180688, 35.100375948041602 ], [ -76.045899827762327, 35.100608783667369 ], [ -76.045900156229578, 35.100609214840219 ], [ -76.046077990948547, 35.100842000108848 ], [ -76.046255991251329, 35.101074999582877 ], [ -76.046433866179726, 35.101307835695877 ], [ -76.046611866782897, 35.101541835612586 ], [ -76.046612116825756, 35.101542163616962 ], [ -76.046789464384929, 35.101774309966359 ], [ -76.046790524686116, 35.101775685469661 ], [ -76.046824660735041, 35.101819573926299 ], [ -76.046825317905345, 35.101820428307242 ], [ -76.046967864571798, 35.102007833281192 ], [ -76.046968118716833, 35.102008166677933 ], [ -76.047145991311183, 35.102240999911302 ], [ -76.047323865694352, 35.102473835295115 ], [ -76.04750186567135, 35.102707835303718 ], [ -76.047502116300336, 35.102708164076603 ], [ -76.047679991396791, 35.10294099954455 ], [ -76.047857990856059, 35.103173999962245 ], [ -76.048035991332156, 35.103407000111169 ], [ -76.048213866293239, 35.103639835771567 ], [ -76.048391866030826, 35.103873835437135 ], [ -76.048392116419421, 35.10387416389532 ], [ -76.048569991172997, 35.104106999841967 ], [ -76.048747991299791, 35.104339999709353 ], [ -76.048925826788789, 35.104572784819737 ], [ -76.049102952591895, 35.104805948155246 ], [ -76.049280866452122, 35.105039835207222 ], [ -76.049281116659103, 35.105040163427958 ], [ -76.049458991127381, 35.105272999933888 ], [ -76.049636990789736, 35.10550600012666 ], [ -76.049814991468864, 35.105739000050647 ], [ -76.04999299097183, 35.105971999652162 ], [ -76.05017086602949, 35.106204835700325 ], [ -76.050348865762402, 35.106438835589174 ], [ -76.050349116379721, 35.106439164347059 ], [ -76.050526991141723, 35.106671999622982 ], [ -76.050704991359339, 35.106904999870807 ], [ -76.050882991497204, 35.107137999822967 ], [ -76.051060866188124, 35.107370835375491 ], [ -76.051238866678887, 35.107604835762622 ], [ -76.051239116938703, 35.107605164051861 ], [ -76.051416991422442, 35.107837999891046 ], [ -76.051594991211147, 35.108070999561676 ], [ -76.0517729908875, 35.108303999837673 ], [ -76.051950953720336, 35.108536950286357 ], [ -76.052053785009463, 35.108671728952309 ], [ -76.052128748412386, 35.108770679282195 ], [ -76.052129236343561, 35.108771320653801 ], [ -76.052484990991829, 35.109237000023988 ], [ -76.052662991253285, 35.109469999641568 ], [ -76.05284086626007, 35.109702836054495 ], [ -76.05301886592305, 35.10993683529847 ], [ -76.05301911605676, 35.109937163422543 ], [ -76.053196990771937, 35.110170000011571 ], [ -76.05337499076667, 35.110402999455424 ], [ -76.053552991393715, 35.110635999070787 ], [ -76.053730866388122, 35.110868836394687 ], [ -76.053908866573565, 35.11110283582881 ], [ -76.05390911658742, 35.111103163795306 ], [ -76.054086990937336, 35.111335999890301 ], [ -76.054264826607223, 35.111568783755054 ], [ -76.054441826980209, 35.11180178394396 ], [ -76.054442156167312, 35.111802216060525 ], [ -76.054619991559946, 35.112035000127996 ], [ -76.054797865753088, 35.112267836201219 ], [ -76.05497586644212, 35.112501835610551 ], [ -76.05497611645238, 35.112502163571392 ], [ -76.05515399135821, 35.112734999727586 ], [ -76.05533199144395, 35.112967999551458 ], [ -76.055509991417424, 35.11320099998072 ], [ -76.055687866066933, 35.113433836170749 ], [ -76.055865866369558, 35.113667835986028 ], [ -76.05586611661171, 35.113668164251685 ], [ -76.056043990971276, 35.113900999676872 ], [ -76.056221991692169, 35.114133999851106 ], [ -76.056399991236717, 35.114366999702987 ], [ -76.056577866465275, 35.114599836170285 ], [ -76.056755866352844, 35.114833835411233 ], [ -76.056756116708755, 35.114834163825748 ], [ -76.056933991642808, 35.115066999522291 ], [ -76.057111990805609, 35.115299999993489 ], [ -76.057289990985339, 35.11553300019564 ], [ -76.057467991085304, 35.115766000102163 ], [ -76.057645865746892, 35.115998835620161 ], [ -76.057823866288388, 35.116232835970862 ], [ -76.057824116521601, 35.116233164225115 ], [ -76.058001990977644, 35.116466000031636 ], [ -76.058179990728405, 35.116698999656386 ], [ -76.058357991463581, 35.116931999913156 ], [ -76.058535865963691, 35.117164836146635 ], [ -76.058713867179449, 35.117398835944037 ], [ -76.058714116820497, 35.11739916342114 ], [ -76.058891991111679, 35.11763199993883 ], [ -76.059069991497665, 35.117864999913742 ], [ -76.059247991803957, 35.118097999593026 ], [ -76.059425990901346, 35.118330999850869 ], [ -76.059603865779067, 35.118563835906507 ], [ -76.059781866469848, 35.118797835733588 ], [ -76.059782116459459, 35.118798163667968 ], [ -76.059959991132374, 35.11903100001318 ], [ -76.060137990977253, 35.119264000015889 ], [ -76.060315990742396, 35.119496999722884 ], [ -76.060493866199792, 35.119729836056351 ], [ -76.060671702734723, 35.119963620054492 ], [ -76.060672281781208, 35.119964377515579 ], [ -76.06084192298222, 35.120185195341051 ], [ -76.060851404269172, 35.120196631327474 ], [ -76.060861708235024, 35.120207332022567 ], [ -76.061073985198945, 35.120411994378017 ], [ -76.061297824527159, 35.120627838655906 ], [ -76.061298158555488, 35.120628160007342 ], [ -76.061521824297969, 35.120842838782529 ], [ -76.061745985167391, 35.121058994200318 ], [ -76.061968985523094, 35.121273994023518 ], [ -76.062192824423164, 35.121489838655982 ], [ -76.062193158447457, 35.121490160004676 ], [ -76.06241682371278, 35.121704839095649 ], [ -76.062640985985624, 35.121920994575305 ], [ -76.062863985409209, 35.122135994295874 ], [ -76.063087824332854, 35.122351838688466 ], [ -76.063088158353736, 35.1223521600335 ], [ -76.06331182372621, 35.12256683897683 ], [ -76.063535824230016, 35.122782839231533 ], [ -76.063536158311308, 35.12278316063464 ], [ -76.063759829794421, 35.122997845315588 ], [ -76.06398298503801, 35.123212993813034 ], [ -76.064206824304492, 35.123428838673838 ], [ -76.064207158320045, 35.123429160013977 ], [ -76.06443082418096, 35.123643839578548 ], [ -76.064654986053711, 35.123859994645642 ], [ -76.064877961225804, 35.124074971021834 ], [ -76.064934958996872, 35.124129969286372 ], [ -76.065101832597762, 35.124290846609547 ], [ -76.065102150411178, 35.124291152327601 ], [ -76.065325824496398, 35.124505839535445 ], [ -76.065549824578184, 35.12472183935656 ], [ -76.065550158652115, 35.124722160752547 ], [ -76.065740898905119, 35.124905237329585 ], [ -76.065754455730641, 35.12491712305814 ], [ -76.065769027843572, 35.124927739629456 ], [ -76.065784496824321, 35.124937000768483 ], [ -76.065800736964974, 35.124944831215025 ], [ -76.065817616290815, 35.12495116733534 ], [ -76.066084545993675, 35.125037854878173 ], [ -76.066085437132116, 35.125038141978415 ], [ -76.066277666919049, 35.125099576853671 ], [ -76.066280320920995, 35.125100404762613 ], [ -76.066301034751007, 35.125106708747602 ], [ -76.066302941463022, 35.125107309920971 ], [ -76.066395952600203, 35.125137661195311 ], [ -76.066398033228836, 35.125138327591365 ], [ -76.066431125991201, 35.125148727792592 ], [ -76.066432859166198, 35.125149263859832 ], [ -76.066454008474182, 35.125155700342546 ], [ -76.066455968090736, 35.125156318792769 ], [ -76.066506911152359, 35.125172973762609 ], [ -76.066628745189192, 35.125212919246735 ], [ -76.066629237475823, 35.125213079946235 ], [ -76.066708692958031, 35.125238903204007 ], [ -76.06670928908909, 35.125239095916498 ], [ -76.067019803672181, 35.125338939689399 ], [ -76.067331715254056, 35.125439910724197 ], [ -76.06733226777807, 35.125440088700095 ], [ -76.067643990820415, 35.12554000007929 ], [ -76.067955625459575, 35.125639882983499 ], [ -76.068266626619589, 35.125740881274531 ], [ -76.068267357242732, 35.125741116996771 ], [ -76.068578714813953, 35.125840911466582 ], [ -76.068890804829522, 35.125941939140219 ], [ -76.068891178611025, 35.125942059732907 ], [ -76.069201804121406, 35.126041939836242 ], [ -76.069513715068368, 35.126142910389682 ], [ -76.069514267769065, 35.126143088421721 ], [ -76.069825625613404, 35.12624288215703 ], [ -76.070136627059753, 35.126343881007088 ], [ -76.070137357687216, 35.126344116731808 ], [ -76.070448715184185, 35.126443911634887 ], [ -76.070760714976032, 35.126544910879829 ], [ -76.070761267410219, 35.126545088826333 ], [ -76.071072902115787, 35.126644971710952 ], [ -76.071383803748219, 35.126744939023723 ], [ -76.071695714940816, 35.126845910288509 ], [ -76.071696267634849, 35.126846088319532 ], [ -76.072007625382795, 35.126945882664906 ], [ -76.072318626192953, 35.127046881054596 ], [ -76.072319357008922, 35.12704711683913 ], [ -76.072630715195828, 35.12714691137041 ], [ -76.072942716144269, 35.127247910384433 ], [ -76.072943267888732, 35.127248088108793 ], [ -76.073254625624287, 35.127347882862004 ], [ -76.073565625838995, 35.12744888147941 ], [ -76.07356635716404, 35.127449117428107 ], [ -76.073877990880746, 35.127548999772266 ], [ -76.074189715207169, 35.127648911017388 ], [ -76.074501804388916, 35.127749939185016 ], [ -76.074502178812381, 35.127750059985033 ], [ -76.074812803861818, 35.127849939543424 ], [ -76.075124715199763, 35.127950910660317 ], [ -76.075125267886563, 35.127951088688683 ], [ -76.075436625975527, 35.128050882962327 ], [ -76.075747626145841, 35.128151881308938 ], [ -76.075748357153358, 35.12815211715526 ], [ -76.076059991779658, 35.128252000107935 ], [ -76.076371714624827, 35.1283519109342 ], [ -76.076683804500306, 35.128452939632275 ], [ -76.076684179230085, 35.12845306053115 ], [ -76.076994803816376, 35.128552939693101 ], [ -76.077306714862246, 35.128653910438857 ], [ -76.077307267545237, 35.12865408846551 ], [ -76.07761871471503, 35.128753911022166 ], [ -76.077930804286325, 35.128854939120082 ], [ -76.077931178684352, 35.128855059911686 ], [ -76.078241902633053, 35.128954971121743 ], [ -76.078553715254017, 35.129054911131142 ], [ -76.078865803499099, 35.129155939353794 ], [ -76.078866178576234, 35.12915606036443 ], [ -76.079176803518948, 35.12925593906769 ], [ -76.079488715678565, 35.12935691047921 ], [ -76.079489268174413, 35.129357088446412 ], [ -76.079800715345201, 35.129456911644802 ], [ -76.080112804386189, 35.129557939295992 ], [ -76.080113178769878, 35.129558060082658 ], [ -76.080423902659575, 35.129657971026226 ], [ -76.080735715023948, 35.129757911595021 ], [ -76.081047715138368, 35.129858910685115 ], [ -76.081048267549804, 35.12985908862386 ], [ -76.081359625227066, 35.129958882500411 ], [ -76.081670626358431, 35.130059881507748 ], [ -76.081671357525948, 35.130060117406167 ], [ -76.081982714472787, 35.130159911418261 ], [ -76.082294715346876, 35.130260910833769 ], [ -76.082295268078212, 35.130261088875187 ], [ -76.082606901957377, 35.130360970779734 ], [ -76.082917804198303, 35.130460939503827 ], [ -76.083229714834729, 35.130561910739608 ], [ -76.083230268008464, 35.130562088924648 ], [ -76.083541714438795, 35.130661910979285 ], [ -76.08385380382407, 35.130762939638743 ], [ -76.083854178680966, 35.130763060578637 ], [ -76.084164902120378, 35.130862971416533 ], [ -76.084476714603284, 35.130962911116477 ], [ -76.084788715082396, 35.131063910311411 ], [ -76.084789267484638, 35.131064088247186 ], [ -76.085100625228563, 35.131163882148542 ], [ -76.085411626458182, 35.131264881211649 ], [ -76.085412357636869, 35.131265117113706 ], [ -76.085723990902565, 35.131364999693282 ], [ -76.08603571480748, 35.131464911183294 ], [ -76.086347960531896, 35.131565990033394 ], [ -76.086681857736963, 35.13167395677565 ], [ -76.086682125651706, 35.131674043198522 ], [ -76.086970880556578, 35.131766964294911 ], [ -76.08697110289269, 35.131767035699276 ], [ -76.087282991626694, 35.131866999520874 ], [ -76.087594625484229, 35.131966882746227 ], [ -76.08790562562551, 35.132067881390519 ], [ -76.087906357174575, 35.13206811741113 ], [ -76.088217715253748, 35.132167911056911 ], [ -76.088529714840149, 35.132268910278853 ], [ -76.088530267414725, 35.132269088270426 ], [ -76.088841625135814, 35.132368882168208 ], [ -76.089152626463516, 35.132469881287321 ], [ -76.089153357653501, 35.132470117193058 ], [ -76.089464990983117, 35.132569999796871 ], [ -76.089776714960806, 35.132669911314068 ], [ -76.090088804761663, 35.132770939677506 ], [ -76.090089179392194, 35.132771060544101 ], [ -76.090399902461243, 35.132870971242653 ], [ -76.09071171542432, 35.132970911601959 ], [ -76.091023715368422, 35.133071910521387 ], [ -76.091024267434037, 35.133072088349095 ], [ -76.091335626209386, 35.133171883086028 ], [ -76.091646626913118, 35.133272881027146 ], [ -76.091647357285368, 35.133273116668498 ], [ -76.091958991412412, 35.13337300002965 ], [ -76.092270714717017, 35.133472911247154 ], [ -76.092582804039338, 35.133573939363906 ], [ -76.092583178327502, 35.13357406012031 ], [ -76.092893803667593, 35.133673939919973 ], [ -76.093205715175174, 35.133774910085023 ], [ -76.093206267319673, 35.133775087937785 ], [ -76.093517991388978, 35.133874999488299 ], [ -76.093829715077746, 35.133974911101248 ], [ -76.094141804643314, 35.134075939561789 ], [ -76.09414217924315, 35.134076060418728 ], [ -76.094452803581532, 35.134175939598542 ], [ -76.094764715735579, 35.134276910237055 ], [ -76.094765267695081, 35.134277088030998 ], [ -76.095076991141013, 35.134376999978883 ], [ -76.095388625546491, 35.134476882337133 ], [ -76.09569962587166, 35.134577881274865 ], [ -76.095700357443476, 35.134578117303313 ], [ -76.096011991802257, 35.134677999691988 ], [ -76.096323714816009, 35.134777911004825 ], [ -76.096635803818913, 35.134878939191701 ], [ -76.096636178257498, 35.134879059996678 ], [ -76.096946804228963, 35.134978939900947 ], [ -76.097258715570646, 35.135079910185311 ], [ -76.09725926770615, 35.135080088035501 ], [ -76.097570991486023, 35.135179999681903 ], [ -76.097882715133451, 35.135279911470249 ], [ -76.098194804411449, 35.135380939101118 ], [ -76.098195178659481, 35.135381059844043 ], [ -76.098505902456651, 35.135480970905704 ], [ -76.098817714865049, 35.135580911464267 ], [ -76.099129715165361, 35.135681910517853 ], [ -76.099130267536907, 35.135682088443644 ], [ -76.099441714789506, 35.13578191100585 ], [ -76.099753804813432, 35.13588293914178 ], [ -76.099754178866547, 35.135883059822348 ], [ -76.100064901691198, 35.135982971184241 ], [ -76.100376714612779, 35.136082911269604 ], [ -76.100688715657085, 35.136183910827519 ], [ -76.100689267843109, 35.136184088694314 ], [ -76.101000902029156, 35.136283971768101 ], [ -76.101311803531246, 35.136383939680947 ], [ -76.101623715581951, 35.136484910223615 ], [ -76.101624267526518, 35.136485088012655 ], [ -76.101935714763812, 35.136584911396426 ], [ -76.102247716149307, 35.136685910420681 ], [ -76.10224826782887, 35.136686088124016 ], [ -76.102559902558227, 35.13678597164423 ], [ -76.102870803526315, 35.136885939998457 ], [ -76.103182715630908, 35.136986910824191 ], [ -76.103183268075753, 35.136987088774049 ], [ -76.103494991456543, 35.137087000027634 ], [ -76.103806714615843, 35.137186911394622 ], [ -76.104118803615179, 35.13728793955741 ], [ -76.104119178503126, 35.137288060506847 ], [ -76.104429902887574, 35.137387971223291 ], [ -76.104741714976953, 35.137487911414631 ], [ -76.105053715360853, 35.137588910207405 ], [ -76.105054267215607, 35.137589087967051 ], [ -76.105365714710345, 35.137688911252212 ], [ -76.105677804235057, 35.137789938940244 ], [ -76.105678178426686, 35.137790059665008 ], [ -76.105988902342702, 35.137889970843901 ], [ -76.106300714913019, 35.137989911462149 ], [ -76.106612715445834, 35.138090910568387 ], [ -76.106613267800583, 35.13809108848875 ], [ -76.10692499152448, 35.138190999671103 ], [ -76.107236625483566, 35.138290882267185 ], [ -76.107547626571943, 35.138391881572616 ], [ -76.1075483578188, 35.138392117497197 ], [ -76.107859990368297, 35.138492000011944 ], [ -76.108171715024895, 35.138591910672048 ], [ -76.108483715098131, 35.138692910403748 ], [ -76.108484267627077, 35.138693088381316 ], [ -76.108795902402534, 35.138792971511478 ], [ -76.109106803783476, 35.138892939652365 ], [ -76.109418715597286, 35.138993910280576 ], [ -76.109419267704837, 35.138994088122139 ], [ -76.109730991709739, 35.139094000081478 ], [ -76.110042715274972, 35.139193911173813 ], [ -76.110354804106635, 35.139294939178932 ], [ -76.110355178442774, 35.139295059950811 ], [ -76.110665902072057, 35.139394971315333 ], [ -76.110977714775686, 35.139494911299501 ], [ -76.111289715781481, 35.139595910771881 ], [ -76.111290267944412, 35.139596088631144 ], [ -76.111601990745228, 35.139696000076086 ], [ -76.111913625025892, 35.139795883008645 ], [ -76.112224625918842, 35.13989688160045 ], [ -76.112225357361226, 35.139897117586173 ], [ -76.112536714722737, 35.139996910898418 ], [ -76.11284871503679, 35.140097910738945 ], [ -76.112849267879966, 35.140098088817282 ], [ -76.113160990751993, 35.140197999647171 ], [ -76.113472714971721, 35.140297911679006 ], [ -76.113784803777207, 35.140398939481024 ], [ -76.1137851785941, 35.140399060407255 ], [ -76.114095903035775, 35.140498970973894 ], [ -76.114407715042162, 35.140598911788516 ], [ -76.11471971621306, 35.140699910210579 ], [ -76.114720267866787, 35.140700087904683 ], [ -76.115031991355394, 35.140799999389408 ], [ -76.115343625971931, 35.140899882248831 ], [ -76.115654626571498, 35.141000880910795 ], [ -76.115655357520893, 35.141001116738899 ], [ -76.115966991085571, 35.141100999631838 ], [ -76.116278715369461, 35.141200911460864 ], [ -76.116590715829901, 35.141301910429135 ], [ -76.116591267658805, 35.141302088180758 ], [ -76.116902991075506, 35.14140200009961 ], [ -76.117214902388994, 35.141501971190308 ], [ -76.117525804106918, 35.141601939756704 ], [ -76.117837714796593, 35.141702910553036 ], [ -76.117838267570818, 35.141703088609219 ], [ -76.118149991420836, 35.141802999845879 ], [ -76.118461715141677, 35.141902911225692 ], [ -76.118773715193029, 35.142003910694619 ], [ -76.118774267700459, 35.142004088664834 ], [ -76.119085902656039, 35.142103971636871 ], [ -76.119396804172808, 35.1422039397034 ], [ -76.119708715181503, 35.142304910141853 ], [ -76.119709267447732, 35.142305088034405 ], [ -76.120020991573568, 35.142404999816748 ], [ -76.120332715566491, 35.142504911741035 ], [ -76.1206447155284, 35.142605910721358 ], [ -76.120645267853007, 35.142606088632164 ], [ -76.120956901688402, 35.14270597111723 ], [ -76.12126780348305, 35.14280593974815 ], [ -76.12157971546246, 35.142906910622386 ], [ -76.121580267866676, 35.142907088559383 ], [ -76.121891990876705, 35.143006999856176 ], [ -76.122203714671329, 35.143106911263736 ], [ -76.122515714838599, 35.143207910759131 ], [ -76.122516267337616, 35.143208088726638 ], [ -76.122827902358409, 35.143307971723722 ], [ -76.123138803954234, 35.143407939855507 ], [ -76.123450715068316, 35.143508910317095 ], [ -76.123451267326132, 35.143509088206933 ], [ -76.123762991524941, 35.143609000016909 ], [ -76.124074991761717, 35.143708999574208 ], [ -76.124386715465576, 35.14380891159464 ], [ -76.124698715095988, 35.143909910641376 ], [ -76.124699267592035, 35.143910088607441 ], [ -76.125010902039591, 35.144009971152393 ], [ -76.12532180389384, 35.144109940030269 ], [ -76.125633715562671, 35.144210910067677 ], [ -76.125634267635832, 35.144211087897254 ], [ -76.125945991612653, 35.144310999367647 ], [ -76.126257715119834, 35.144410910871954 ], [ -76.12656971504272, 35.144511910462114 ], [ -76.126570267532998, 35.144512088427128 ], [ -76.126881902258177, 35.14461197151843 ], [ -76.127192901735242, 35.144711971351342 ], [ -76.127504714877915, 35.144811910856063 ], [ -76.127816715652841, 35.144912910802695 ], [ -76.12781726846228, 35.14491308887014 ], [ -76.128128991624934, 35.145012999811144 ], [ -76.12844071491233, 35.145112910976728 ], [ -76.128752715646172, 35.145213910224619 ], [ -76.128753267951282, 35.145214088129215 ], [ -76.129064902285208, 35.145313970826834 ], [ -76.129375804424228, 35.145413939698123 ], [ -76.129687714550357, 35.145514910648373 ], [ -76.129688267802976, 35.145515088858481 ], [ -76.129999990929747, 35.145614999335116 ], [ -76.130311991626343, 35.145714999546243 ], [ -76.130623714823884, 35.145814911325289 ], [ -76.130935715179987, 35.145915910176285 ], [ -76.130936267157935, 35.145916087975536 ], [ -76.131247902570252, 35.146015971335572 ], [ -76.13155880432619, 35.146115939836804 ], [ -76.131870715509208, 35.146216910524529 ], [ -76.131871268072061, 35.146217088512493 ], [ -76.132182991201773, 35.146316999632376 ], [ -76.132494991586199, 35.146416999474958 ], [ -76.132806715229194, 35.146516910803292 ], [ -76.133118715359259, 35.14661791021414 ], [ -76.133119267835184, 35.146618088174115 ], [ -76.133430991619676, 35.146717999590564 ], [ -76.133742625818485, 35.146817882478267 ], [ -76.134053626093475, 35.146918881300472 ], [ -76.134054357280107, 35.146919117205236 ], [ -76.134365991433199, 35.147019000123919 ], [ -76.134677991505598, 35.14711899959817 ], [ -76.134989715148819, 35.147218911568949 ], [ -76.135301715840555, 35.147319910558672 ], [ -76.135302268132179, 35.147320088458514 ], [ -76.135613991695351, 35.147419999535913 ], [ -76.135925625888945, 35.147519883064092 ], [ -76.136236626713696, 35.147620881482716 ], [ -76.136237357726742, 35.147621117330473 ], [ -76.13654899165671, 35.147720999909716 ], [ -76.136860991385646, 35.147820999916874 ], [ -76.137172714720236, 35.147920911520757 ], [ -76.137484715286831, 35.148021910193954 ], [ -76.137485267250369, 35.148022087988153 ], [ -76.137796991732088, 35.148121999677137 ], [ -76.138108991108211, 35.14822199998374 ], [ -76.138420714623322, 35.148321910821771 ], [ -76.138732803764498, 35.148422939484512 ], [ -76.13873317889589, 35.148423060512762 ], [ -76.139043902661172, 35.148522971042937 ], [ -76.139355715257068, 35.148622911664518 ], [ -76.139667715347755, 35.148723910818546 ], [ -76.13966826781018, 35.148724088773761 ], [ -76.139979991730982, 35.148824000015082 ], [ -76.14029199079539, 35.148923999953702 ], [ -76.140603715483167, 35.14902391148479 ], [ -76.140915715609353, 35.149124910147087 ], [ -76.140916267565657, 35.149125087939197 ], [ -76.141227902415963, 35.14922497104434 ], [ -76.141538902003973, 35.149324971023802 ], [ -76.141850715327251, 35.149424911470568 ], [ -76.142162716211388, 35.149525910461264 ], [ -76.142163267983435, 35.149526088194463 ], [ -76.142474991543068, 35.149626000147414 ], [ -76.142786991029752, 35.149725999812553 ], [ -76.143098714881262, 35.149825910992561 ], [ -76.143410715338717, 35.149926910252276 ], [ -76.143411267791876, 35.1499270882045 ], [ -76.143722991653888, 35.150026999430708 ], [ -76.144034625255301, 35.150126882237302 ], [ -76.144345626911601, 35.150227881020207 ], [ -76.144346357767105, 35.150228116817694 ], [ -76.144657991189618, 35.150327999612621 ], [ -76.144969991430457, 35.150427999837191 ], [ -76.145281715195992, 35.150527911632409 ], [ -76.14559371536825, 35.150628910525818 ], [ -76.145594267314038, 35.150629088314936 ], [ -76.145905991218484, 35.150729000197501 ], [ -76.1462179911384, 35.150828999820625 ], [ -76.146529715338275, 35.15092891093154 ], [ -76.146841715516047, 35.151029910233305 ], [ -76.146842267457814, 35.151030088021855 ], [ -76.147153902379273, 35.151129971796351 ], [ -76.147464902532477, 35.151229971424208 ], [ -76.147776715302186, 35.151329911429613 ], [ -76.148088715733678, 35.151430910896636 ], [ -76.148089268500073, 35.151431088949643 ], [ -76.148400991352545, 35.151530999501858 ], [ -76.148712991663601, 35.151630999752975 ], [ -76.149024715502563, 35.151730911575875 ], [ -76.149336715790824, 35.151831910495709 ], [ -76.149337267728171, 35.151832088282106 ], [ -76.14964899143807, 35.151932000106449 ], [ -76.149960991698762, 35.152031999842976 ], [ -76.150272902168524, 35.152131970985266 ], [ -76.150583804134115, 35.152231939943057 ], [ -76.150895715483941, 35.15233291081703 ], [ -76.150896268004431, 35.152333088791643 ], [ -76.151207991139344, 35.152433000121469 ], [ -76.151519991509971, 35.15253300016812 ], [ -76.151831714940045, 35.152632910726261 ], [ -76.152143715543914, 35.152733910421453 ], [ -76.152144267976624, 35.152734088367815 ], [ -76.152455991768164, 35.152833999994996 ], [ -76.152767990720903, 35.152933999414593 ], [ -76.15307971527784, 35.153033911331299 ], [ -76.153391715414131, 35.153134910375385 ], [ -76.153392267342426, 35.153135088159182 ], [ -76.153703990869531, 35.153235000114115 ], [ -76.154015901827364, 35.153334971417337 ], [ -76.154326803387207, 35.153434939374286 ], [ -76.15463871509877, 35.15353591035354 ], [ -76.154639267610236, 35.153536088325247 ], [ -76.154950990821973, 35.153635999684191 ], [ -76.155262991263626, 35.153735999758105 ], [ -76.15557499134205, 35.153835999900586 ], [ -76.155886715045227, 35.15393591164591 ], [ -76.156198716373723, 35.154036910513135 ], [ -76.156199267934568, 35.154037088178164 ], [ -76.156510990588458, 35.154136999955668 ], [ -76.156822991272463, 35.154236999468132 ], [ -76.157134714982277, 35.154336911628221 ], [ -76.157446715630797, 35.154437910684344 ], [ -76.157447267873636, 35.154438088568689 ], [ -76.157758991147773, 35.154537999721597 ], [ -76.158070902643587, 35.154637971061156 ], [ -76.158381902577517, 35.15473797087791 ], [ -76.158693714859112, 35.154837910882456 ], [ -76.159005715062008, 35.154938910389049 ], [ -76.159006267480834, 35.154939088330856 ], [ -76.159317991047999, 35.155038999852586 ], [ -76.159629990834659, 35.155139000091353 ], [ -76.159941714696657, 35.155238910841327 ], [ -76.160253714565172, 35.155339910646646 ], [ -76.160254267664797, 35.155340088807371 ], [ -76.160565991188051, 35.155439999491762 ], [ -76.160877991101458, 35.155540000184089 ], [ -76.161189991301697, 35.155639999916367 ], [ -76.161501714790347, 35.155739911144273 ], [ -76.161813715090716, 35.155840910444994 ], [ -76.161814267503587, 35.15584108838447 ], [ -76.16212599113625, 35.155940999701407 ], [ -76.162437990984728, 35.15604099973401 ], [ -76.162749902541947, 35.156140971327254 ], [ -76.163060804263068, 35.15624093984308 ], [ -76.163372715875511, 35.156341910269944 ], [ -76.163373267864941, 35.156342088073409 ], [ -76.163684991123233, 35.15644199987095 ], [ -76.163996991084403, 35.156541999303641 ], [ -76.164308991250451, 35.156641999898277 ], [ -76.164620714530315, 35.156741911021449 ], [ -76.164932715916805, 35.156842910295609 ], [ -76.164933267637466, 35.15684308801255 ], [ -76.165244991281753, 35.156943000205786 ], [ -76.16555699082781, 35.157043000103606 ], [ -76.165868991107885, 35.157143000095957 ], [ -76.166180714934157, 35.157242911666266 ], [ -76.16649271540237, 35.157343910327121 ], [ -76.166493267302201, 35.157344088100935 ], [ -76.166804991271135, 35.157443999759948 ], [ -76.167116991199634, 35.157544000052681 ], [ -76.167428990670913, 35.157643999472874 ], [ -76.167740715005763, 35.157743911478263 ], [ -76.168052715716129, 35.157844910482339 ], [ -76.168053267935349, 35.157845088358982 ], [ -76.168364991060344, 35.157944999434932 ], [ -76.168676902587961, 35.158044971666165 ], [ -76.168987901981637, 35.15814497138193 ], [ -76.169299715234089, 35.158244911342862 ], [ -76.169611715496572, 35.158345910797173 ], [ -76.169612267891978, 35.158346088731349 ], [ -76.169923991312572, 35.158446000177065 ], [ -76.170235990970411, 35.158545999434438 ], [ -76.170547991331119, 35.158645999687309 ], [ -76.170859715242287, 35.158745911519418 ], [ -76.171171715941568, 35.158846910470935 ], [ -76.171172267650135, 35.158847088183826 ], [ -76.171483990696515, 35.158947000107453 ], [ -76.171795990737124, 35.15904699975988 ], [ -76.172107991511822, 35.15914699950676 ], [ -76.172419714802004, 35.159246911737704 ], [ -76.172731715556523, 35.159347910972599 ], [ -76.172732267765213, 35.159348088846251 ], [ -76.173043990978755, 35.159448000185314 ], [ -76.173355991402161, 35.159548000232881 ], [ -76.17366799149373, 35.15964799944809 ], [ -76.173979991190947, 35.159747999633176 ], [ -76.174291715452952, 35.159847911396746 ], [ -76.174603715527326, 35.159948910278651 ], [ -76.174604267409364, 35.159949088047377 ], [ -76.174915990802745, 35.160048999901299 ], [ -76.175227991277254, 35.160148999511719 ], [ -76.175539991262582, 35.16024900006154 ], [ -76.175851991105759, 35.16034899983994 ], [ -76.176163715166709, 35.160448911085957 ], [ -76.176475715285534, 35.160549910430781 ], [ -76.176476267666217, 35.160550088360118 ], [ -76.176787990862707, 35.160649999697839 ], [ -76.177099991357139, 35.160749999772328 ], [ -76.177411902424353, 35.160849971369345 ], [ -76.177722803727136, 35.16094994005185 ], [ -76.178034714941845, 35.161050910453781 ], [ -76.178035267079864, 35.161051088305051 ], [ -76.178346990911393, 35.161151000121599 ], [ -76.178658990721615, 35.161250999667267 ], [ -76.178970991234934, 35.161351000208406 ], [ -76.179282991416386, 35.161450999917278 ], [ -76.179594714906898, 35.161550911128586 ], [ -76.179906715413708, 35.16165191040654 ], [ -76.179907267786618, 35.161652088333042 ], [ -76.180218991417718, 35.16175199963233 ], [ -76.180530991248148, 35.161851999642259 ], [ -76.180842990715576, 35.161951999720976 ], [ -76.181154990917207, 35.162051999894111 ], [ -76.181466990755894, 35.162152000136167 ], [ -76.181778714693323, 35.162251910897005 ], [ -76.182090714971281, 35.162352910734043 ], [ -76.182091267842083, 35.162353088821249 ], [ -76.182402990915392, 35.162452999673974 ], [ -76.182714991309609, 35.162553000181504 ], [ -76.183026991753579, 35.162652999979109 ], [ -76.183338991643751, 35.162752999784409 ], [ -76.183650714847261, 35.16285291109326 ], [ -76.183962715110411, 35.162953910466875 ], [ -76.183963267474581, 35.16295408839089 ], [ -76.184274990821251, 35.163053999788694 ], [ -76.184586991395236, 35.163153999900615 ], [ -76.184898991392359, 35.16325400001287 ], [ -76.185210991673301, 35.163353999490241 ], [ -76.185522991220935, 35.163453999828896 ], [ -76.185834714870424, 35.163553910687227 ], [ -76.186146714820552, 35.163654910592768 ], [ -76.186147267863106, 35.163655088735332 ], [ -76.186458991654803, 35.163754999682311 ], [ -76.18677099088282, 35.163854999421055 ], [ -76.187082990814062, 35.163955000155404 ], [ -76.187394991510814, 35.164055000083103 ], [ -76.18770671477084, 35.164154911600058 ], [ -76.18801871592062, 35.164255910196736 ], [ -76.18801926759221, 35.164256087896888 ], [ -76.188330990994515, 35.164355999502497 ], [ -76.188642991340515, 35.164455999731473 ], [ -76.188954991323669, 35.164556000029357 ], [ -76.189266990974886, 35.164655999495132 ], [ -76.189578991329427, 35.164755999956441 ], [ -76.189890991352101, 35.164855999585619 ], [ -76.190202714916197, 35.164955911701959 ], [ -76.190514715139784, 35.165056910819104 ], [ -76.190515267490383, 35.165057088738337 ], [ -76.190826990976916, 35.165156999962697 ], [ -76.191138991746314, 35.165256999918739 ], [ -76.191450991055504, 35.165356999918245 ], [ -76.191762991099068, 35.165457000012218 ], [ -76.192074990779773, 35.16555700017522 ], [ -76.192386714570432, 35.16565691086064 ], [ -76.19269871473206, 35.165757910589676 ], [ -76.192699267760247, 35.165758088727202 ], [ -76.193010991197525, 35.165857999342428 ], [ -76.193322990708992, 35.165957999864922 ], [ -76.193634991119168, 35.166057999623519 ], [ -76.193946990851927, 35.166157999350311 ], [ -76.194258991288095, 35.166258000072695 ], [ -76.194570991392425, 35.166357999962919 ], [ -76.194882714823564, 35.166457911361185 ], [ -76.195194715439115, 35.166558910819582 ], [ -76.195195267777962, 35.166559088735426 ], [ -76.195506991350896, 35.166659000222253 ], [ -76.195818991135852, 35.166758999512936 ], [ -76.196130991624244, 35.166858999799224 ], [ -76.196442991749763, 35.166959000154513 ], [ -76.196754991543457, 35.167058999677785 ], [ -76.197066990943242, 35.167159000171154 ], [ -76.197378714801985, 35.167258911298475 ], [ -76.197690627724995, 35.167359881949565 ], [ -76.197691356542592, 35.167360116338045 ], [ -76.198003903308006, 35.167459972031821 ], [ -76.198315991818433, 35.167560000169622 ], [ -76.198627991584786, 35.167660000139442 ], [ -76.198939991038174, 35.16776000019432 ], [ -76.199251991257015, 35.167859999442562 ], [ -76.199563991082087, 35.167959999661036 ], [ -76.19987599164169, 35.168059999973948 ], [ -76.200187714307162, 35.168159910819149 ], [ -76.200499715442334, 35.168260910698791 ], [ -76.200500268091332, 35.168261088714495 ], [ -76.200811990898544, 35.168360999648222 ], [ -76.201123991138957, 35.168460999361798 ], [ -76.201435990700872, 35.168560999954316 ], [ -76.201747991597628, 35.168660999922707 ], [ -76.202059990749547, 35.168760999843563 ], [ -76.202371991733386, 35.168860999884252 ], [ -76.202683991257047, 35.168960999968654 ], [ -76.20299571537295, 35.169060911640393 ], [ -76.203307715628796, 35.16916191042187 ], [ -76.203308267447653, 35.169162088170062 ], [ -76.203619990269289, 35.16926199979617 ], [ -76.203931991003742, 35.16936199944535 ], [ -76.204243990911948, 35.169461999926135 ], [ -76.204555991585678, 35.16956199960034 ], [ -76.204867990768264, 35.169662000219333 ], [ -76.205179990716374, 35.169762000031781 ], [ -76.205491991399086, 35.169861999938753 ], [ -76.205803991718966, 35.169961999914818 ], [ -76.206115715287169, 35.170061911373786 ], [ -76.206427626739156, 35.170162882268599 ], [ -76.206428356268688, 35.170163116886208 ], [ -76.206740902507136, 35.170262971843165 ], [ -76.207052990854763, 35.170362999442872 ], [ -76.207364991524187, 35.17046299980116 ], [ -76.207676990442351, 35.170563000109951 ], [ -76.207988990781061, 35.170662999822085 ], [ -76.208300991526912, 35.170762999523781 ], [ -76.208612990781745, 35.170863000170385 ], [ -76.208924990802032, 35.170963000010396 ], [ -76.209236991557049, 35.171062999944965 ], [ -76.209548714648378, 35.171162911396372 ], [ -76.209860715842765, 35.171263910817693 ], [ -76.209861268472153, 35.171264088826263 ], [ -76.210172991484413, 35.17136399938537 ], [ -76.210484990792239, 35.171463999596646 ], [ -76.210796990576114, 35.171563999819639 ], [ -76.211108991642703, 35.171663999401581 ], [ -76.211420990959724, 35.171763999845922 ], [ -76.211732991042254, 35.171863999483506 ], [ -76.21204490183051, 35.171963971597428 ], [ -76.212357903007316, 35.172063971168313 ], [ -76.212669990801999, 35.172163999381176 ], [ -76.212981991548418, 35.172264000228537 ], [ -76.213293714877125, 35.17236391176089 ], [ -76.213605715284231, 35.172464910336657 ], [ -76.213606267261298, 35.172465088135105 ], [ -76.213917991740118, 35.172564999753114 ], [ -76.214229991120789, 35.172664999992577 ], [ -76.214541990740713, 35.1727649992567 ], [ -76.214853990758527, 35.172864999744846 ], [ -76.215165991537958, 35.172964999425218 ], [ -76.215477991662695, 35.173064999992206 ], [ -76.215789991455509, 35.173164999727284 ], [ -76.216101990885662, 35.173264999531675 ], [ -76.216413991050572, 35.173364999430596 ], [ -76.216725902531806, 35.173464971090773 ], [ -76.217038902524237, 35.173564971708771 ], [ -76.217350991075676, 35.173665000073562 ], [ -76.217662714333756, 35.17376491072249 ], [ -76.217974715551023, 35.173865910499003 ], [ -76.217975267838028, 35.173866088398448 ], [ -76.218286991509558, 35.173966000133333 ], [ -76.21859899136642, 35.174065999663966 ], [ -76.21891099034994, 35.17416600001129 ], [ -76.219222991058842, 35.174265999859578 ], [ -76.219534990925169, 35.174365999623355 ], [ -76.219846991526296, 35.174465999481733 ], [ -76.220158991764805, 35.174565999409367 ], [ -76.22047099164061, 35.174665999406336 ], [ -76.220782902826429, 35.174765971162458 ], [ -76.22109590278788, 35.174865971922465 ], [ -76.221407990845179, 35.17496599940884 ], [ -76.221719991416848, 35.175065999715073 ], [ -76.222031991675621, 35.175166000106458 ], [ -76.222343991602486, 35.175265999666088 ], [ -76.222655715108843, 35.175365911725336 ], [ -76.222967715634638, 35.175466910771924 ], [ -76.222968267913487, 35.175467088667865 ], [ -76.223279991340434, 35.175566999834842 ], [ -76.223591990918081, 35.175666999697036 ], [ -76.223903991230586, 35.175766999653781 ], [ -76.224215991180486, 35.17586699967989 ], [ -76.224527902090202, 35.175966971353049 ], [ -76.224840903017395, 35.176066971155713 ], [ -76.225152991720378, 35.176166999764554 ], [ -76.22546499126814, 35.176267000074574 ], [ -76.225776991631847, 35.17636699959413 ], [ -76.226088991602325, 35.176467000084259 ], [ -76.226400991240808, 35.176566999742597 ], [ -76.226712991614249, 35.17666699949546 ], [ -76.227024991594419, 35.176767000218959 ], [ -76.227336991242666, 35.176867000110633 ], [ -76.227648903115465, 35.176966971728199 ], [ -76.227961902571266, 35.177066971318133 ], [ -76.22827399088996, 35.177166999766278 ], [ -76.228585991233828, 35.177266999967195 ], [ -76.228897991296051, 35.177366999352557 ], [ -76.229209990965074, 35.177466999708379 ], [ -76.229521991368998, 35.177567000158774 ], [ -76.229833715078598, 35.177666911200113 ], [ -76.230145715357054, 35.177767910291166 ], [ -76.230146267800407, 35.17776808824005 ], [ -76.230457991651875, 35.177867999370264 ], [ -76.230769902933588, 35.177967971670277 ], [ -76.231082902442125, 35.178067971208812 ], [ -76.231394991485914, 35.178167999524092 ], [ -76.231706991532477, 35.178267999590958 ], [ -76.232018991266656, 35.17836799974333 ], [ -76.232330991735893, 35.178467999990367 ], [ -76.232642990775631, 35.178567999380512 ], [ -76.232954991617277, 35.17866799979155 ], [ -76.233266991029467, 35.178767999345709 ], [ -76.233578902534916, 35.178867971494569 ], [ -76.233891903089628, 35.178967971702669 ], [ -76.234203991028508, 35.179067999767547 ], [ -76.234515991136718, 35.179167999631204 ], [ -76.234827990932587, 35.179267999580439 ], [ -76.23513999146347, 35.179367999624212 ], [ -76.235451991631777, 35.17946799973749 ], [ -76.235763991437693, 35.179567999920238 ], [ -76.236075990881005, 35.179668000172512 ], [ -76.236387902722186, 35.179767971295355 ], [ -76.23670090284412, 35.179867971115193 ], [ -76.237012990750586, 35.17996799985746 ], [ -76.237324991246538, 35.180067999622509 ], [ -76.237636991104253, 35.180167999368763 ], [ -76.237948991666485, 35.180268000110615 ], [ -76.238260990799205, 35.180367999995873 ], [ -76.23857299176457, 35.180468000000793 ], [ -76.238884902648167, 35.180567971645708 ], [ -76.239197902441646, 35.18066797125487 ], [ -76.239509991017954, 35.180767999803436 ], [ -76.239821991581849, 35.180868000092815 ], [ -76.240133990766566, 35.180967999541629 ], [ -76.240445991753433, 35.181068000011273 ], [ -76.240757991310758, 35.181167999624236 ], [ -76.241069991572729, 35.181268000232912 ], [ -76.241381903125671, 35.181367971684125 ], [ -76.241694903241267, 35.181467971874916 ], [ -76.24200699098175, 35.181568000074328 ], [ -76.242318990873017, 35.181668000066445 ], [ -76.242630991549589, 35.181768000169363 ], [ -76.242942990654129, 35.181867999369921 ], [ -76.243254990748298, 35.181967999657573 ], [ -76.243566902883984, 35.182067971612433 ], [ -76.243879902704123, 35.182167971420739 ], [ -76.244191991369533, 35.182268000233279 ], [ -76.244503990950449, 35.182367999858755 ], [ -76.244815991316798, 35.182467999595062 ], [ -76.245127991320743, 35.182567999400838 ], [ -76.245439990931814, 35.182668000177394 ], [ -76.24575190275182, 35.18276797176393 ], [ -76.246064902355883, 35.182867971214939 ], [ -76.246376991728866, 35.182967999660427 ], [ -76.24668899096929, 35.183067999820551 ], [ -76.247000990995161, 35.18316800009142 ], [ -76.247312991515514, 35.183267999468939 ], [ -76.247624990748449, 35.183367999857218 ], [ -76.247936902757445, 35.183467971237292 ], [ -76.248249902782803, 35.183567971119658 ], [ -76.248561990902843, 35.183668000134034 ], [ -76.248873990930747, 35.183767999952721 ], [ -76.249185991744341, 35.183867999882288 ], [ -76.249497991097925, 35.183967999856456 ], [ -76.249809991186737, 35.184067999925276 ], [ -76.250121902250115, 35.184167971646012 ], [ -76.250434902328777, 35.184267971257881 ], [ -76.250746991147977, 35.184367999902584 ], [ -76.251058990866227, 35.184467999355157 ], [ -76.251370991339627, 35.184567999819564 ], [ -76.251682990998617, 35.184667999297965 ], [ -76.251994902562146, 35.184767971637015 ], [ -76.252307902921942, 35.184867971779127 ], [ -76.252619991546069, 35.184967999908963 ], [ -76.252931991287454, 35.185067999827154 ], [ -76.253243990715973, 35.185167999830909 ], [ -76.253555990879761, 35.185267999929252 ], [ -76.253867903291408, 35.185367971760975 ], [ -76.254180902260828, 35.18546797131377 ], [ -76.254492991080866, 35.185567999964448 ], [ -76.25480499087422, 35.1856679994467 ], [ -76.255116991422852, 35.185767999940907 ], [ -76.255428991639519, 35.185867999603602 ], [ -76.255740902790336, 35.185967971816126 ], [ -76.256053903140597, 35.186067971925198 ], [ -76.256365990848138, 35.186168000093765 ], [ -76.256677991761805, 35.186268000066519 ], [ -76.256989714187398, 35.186367911292869 ], [ -76.256990268606046, 35.186368088102462 ], [ -76.257301714265239, 35.18646691226008 ], [ -76.257613903338509, 35.186566971301325 ], [ -76.257926902809828, 35.18666697156975 ], [ -76.258238991549192, 35.18676700020206 ], [ -76.258550991414495, 35.186866999714461 ], [ -76.25886299093726, 35.186967000213755 ], [ -76.259174991225706, 35.187066999906719 ], [ -76.25948690271899, 35.187166971325496 ], [ -76.259799902997131, 35.187266971382606 ], [ -76.260111991792684, 35.187366999580313 ], [ -76.260423991680739, 35.187466999558431 ], [ -76.260735991256681, 35.187566999622405 ], [ -76.261047991567978, 35.187666999781058 ], [ -76.261359902926955, 35.187766971615147 ], [ -76.261672902155667, 35.18786697119296 ], [ -76.261984991143734, 35.187966999910621 ], [ -76.262296990901362, 35.18806699939455 ], [ -76.26260899178142, 35.188167000008143 ], [ -76.26292090251664, 35.188266971331146 ], [ -76.263233903253479, 35.188366971322964 ], [ -76.263545991481877, 35.188466999485939 ], [ -76.26385799071069, 35.188566999400031 ], [ -76.264169713653871, 35.188666910620007 ], [ -76.264170268056148, 35.188667087424108 ], [ -76.264481802259141, 35.188765939535116 ], [ -76.264794902684613, 35.188865971459215 ], [ -76.265106991105455, 35.188965999957993 ], [ -76.265418990746142, 35.189065999367237 ], [ -76.265730991142178, 35.189165999788315 ], [ -76.266042991044884, 35.189265999326395 ], [ -76.266354902178534, 35.189365971509375 ], [ -76.266667902517156, 35.189465971489604 ], [ -76.266979991097116, 35.189565999587089 ], [ -76.267291990761052, 35.189665999462356 ], [ -76.267603991210549, 35.18976599944844 ], [ -76.267915902842304, 35.189865971153218 ], [ -76.268228903227708, 35.189965971406053 ], [ -76.268540991196843, 35.19006599990751 ], [ -76.268852991246234, 35.19016600017909 ], [ -76.269164991013895, 35.190265999635564 ], [ -76.269476626561627, 35.190365883124244 ], [ -76.269477356857379, 35.190366115652012 ], [ -76.269789625799447, 35.190464884186085 ], [ -76.270101992451373, 35.19056500050651 ], [ -76.270413991013569, 35.190664999991718 ], [ -76.270725991163076, 35.190764999844603 ], [ -76.2710379024833, 35.190864971412573 ], [ -76.271350902674769, 35.190964971536481 ], [ -76.27166299135925, 35.191064999903254 ], [ -76.271974991108834, 35.191165000041764 ], [ -76.272286991027784, 35.191264999182785 ], [ -76.272598902194233, 35.191364971301127 ], [ -76.272911903021452, 35.191464971886703 ], [ -76.273223990868516, 35.191564999674405 ], [ -76.273535713690052, 35.191664911326377 ], [ -76.273536268576294, 35.191665088284878 ], [ -76.273847802657627, 35.191763939956139 ], [ -76.27416090317908, 35.191863971382581 ], [ -76.274472990813081, 35.191963999516751 ], [ -76.274784991722754, 35.192063999477327 ], [ -76.275096991222853, 35.192163999499158 ], [ -76.275408903074904, 35.19226397128763 ], [ -76.275721902621143, 35.192363971540132 ], [ -76.27603399168359, 35.192464000078303 ], [ -76.27634599081415, 35.192563999484967 ], [ -76.276657990700258, 35.192663999903381 ], [ -76.276969903216354, 35.192763971266956 ], [ -76.277282903070898, 35.192863971875951 ], [ -76.277594714230148, 35.192963911032216 ], [ -76.277595268553569, 35.192964087810687 ], [ -76.27790671417975, 35.193062911620665 ], [ -76.278218903669426, 35.193162971284643 ], [ -76.278531902703691, 35.193262971123779 ], [ -76.278843990825507, 35.193362999464874 ], [ -76.279155991086455, 35.193462999594921 ], [ -76.279467991035474, 35.19356299981105 ], [ -76.27977990307096, 35.193662971708591 ], [ -76.280092903036419, 35.193762971194062 ], [ -76.280404991793276, 35.193863000011255 ], [ -76.28071671456874, 35.193962910893177 ], [ -76.280717268430308, 35.193963087525205 ], [ -76.281028802603046, 35.194061940315883 ], [ -76.281341902446343, 35.194161971612857 ], [ -76.281653991529268, 35.194261999712403 ], [ -76.281965990755694, 35.194361999615602 ], [ -76.282277902277698, 35.194461971267323 ], [ -76.282590902729993, 35.194561971386968 ], [ -76.282902991671094, 35.194661999855079 ], [ -76.283214991645892, 35.19476200008512 ], [ -76.283526991108289, 35.194861999426301 ], [ -76.283838627041703, 35.194961883020994 ], [ -76.283839356877507, 35.194962115403243 ], [ -76.284151626307761, 35.195060884902709 ], [ -76.284463992431441, 35.195161000128607 ], [ -76.284775990921858, 35.195260999573584 ], [ -76.285087902749098, 35.195360971100996 ], [ -76.285400903154112, 35.195460971866751 ], [ -76.285712990910611, 35.195561000060529 ], [ -76.286024990949073, 35.195661000088691 ], [ -76.286336903208181, 35.195760971841423 ], [ -76.286649902224013, 35.195860971070729 ], [ -76.286961714005187, 35.195960910896993 ], [ -76.286962268306596, 35.195961087669325 ], [ -76.287273714266021, 35.196059912093411 ], [ -76.287585903908621, 35.196159971369006 ], [ -76.287898903169236, 35.196259971662982 ], [ -76.288210991263725, 35.196359999556904 ], [ -76.288522991698045, 35.196460000214493 ], [ -76.288834902157689, 35.19655997163666 ], [ -76.289147902770722, 35.196659971529357 ], [ -76.28945971373065, 35.196759911011668 ], [ -76.289460268207691, 35.196760087839579 ], [ -76.289771714132513, 35.196858911856459 ], [ -76.290083903064115, 35.196958971732265 ], [ -76.290396903104622, 35.197058971844648 ], [ -76.290708991629202, 35.197158999468215 ], [ -76.29102099139169, 35.197258999829607 ], [ -76.291332902612425, 35.197358971087702 ], [ -76.291645902626968, 35.197458971593882 ], [ -76.291957715114776, 35.197558910831944 ], [ -76.291958268720379, 35.197559087382047 ], [ -76.292269714697582, 35.197657912251536 ], [ -76.292581903796588, 35.197757971774884 ], [ -76.292894902827484, 35.197857971459314 ], [ -76.293206990911116, 35.197957999771205 ], [ -76.293518991099447, 35.198057999861085 ], [ -76.293830902454104, 35.198157971664727 ], [ -76.294143903071216, 35.198257971932662 ], [ -76.294455714895875, 35.198357910877206 ], [ -76.294456268676839, 35.198358087482809 ], [ -76.294767714874141, 35.198456912026153 ], [ -76.295079903540113, 35.198556971329445 ], [ -76.295392903077314, 35.198656971654714 ], [ -76.295704991335683, 35.198756999615114 ], [ -76.296016990852834, 35.198856999409223 ], [ -76.296328902438049, 35.198956971789485 ], [ -76.296641902392096, 35.199056971740809 ], [ -76.296953714621154, 35.199156911317182 ], [ -76.296954268720725, 35.199157088024769 ], [ -76.297265802425486, 35.199255940262248 ], [ -76.297578903521483, 35.199355971919751 ], [ -76.297890991452192, 35.19945599950811 ], [ -76.298202991727777, 35.199555999862042 ], [ -76.298514903530133, 35.199655971134845 ], [ -76.298827902899944, 35.19975597152132 ], [ -76.299139714742495, 35.199855910707839 ], [ -76.299140268512801, 35.199856087310472 ], [ -76.299451714748713, 35.199954912120532 ], [ -76.299763903239523, 35.200054971604182 ], [ -76.300076902898539, 35.200154971249901 ], [ -76.300388991516229, 35.200254999561267 ], [ -76.300700902575159, 35.200354971239705 ], [ -76.30101390275729, 35.200454971272535 ], [ -76.301325714350568, 35.200554911022181 ], [ -76.301326268620784, 35.200555087784586 ], [ -76.301637714362641, 35.200653912179398 ], [ -76.301949903888158, 35.200753971401006 ], [ -76.302262903117978, 35.200853971531934 ], [ -76.302574991186574, 35.200953999401179 ], [ -76.302886902846197, 35.201053971588948 ], [ -76.303199802849477, 35.201153939328556 ], [ -76.303200180129892, 35.201154059453501 ], [ -76.303511713989664, 35.201252911364449 ], [ -76.30382399221034, 35.201353000380443 ], [ -76.30413086829374, 35.201451358428635 ], [ -76.30413584381391, 35.201453253683077 ], [ -76.304139961579708, 35.201456628856505 ], [ -76.314902981299682, 35.211291991246291 ], [ -76.324100976717375, 35.219694986819064 ], [ -76.328363991399343, 35.22358799951639 ], [ -76.336891978532748, 35.231375988267445 ], [ -76.342277984517168, 35.23629299384487 ], [ -76.351481990987551, 35.244693998896089 ], [ -76.354175976508174, 35.247152986353846 ], [ -76.35552298979411, 35.248381998399935 ], [ -76.357543983225639, 35.250225992397809 ], [ -76.359115953425174, 35.251659965718126 ], [ -76.360462938434637, 35.252889951876632 ], [ -76.362708939377328, 35.254937952254068 ], [ -76.363157991758342, 35.255347999646418 ], [ -76.363606900986369, 35.25575791731675 ], [ -76.363607080764467, 35.255758081279168 ], [ -76.364055901623814, 35.256166918038794 ], [ -76.3645049087405, 35.256576924799894 ], [ -76.364505072865967, 35.256577074502509 ], [ -76.364729909526261, 35.256781924552996 ], [ -76.365178908986636, 35.257191925204154 ], [ -76.365179073102368, 35.257192074898228 ], [ -76.365403941510067, 35.257396954341104 ], [ -76.366076599416559, 35.258010641983709 ], [ -76.366077385278288, 35.258011355139793 ], [ -76.366302991217196, 35.258214999838223 ], [ -76.366980909104981, 35.258826925874736 ], [ -76.367431819098726, 35.259234843788889 ], [ -76.367432163825541, 35.259235154920717 ], [ -76.367883900905568, 35.259641917798085 ], [ -76.368335827854082, 35.260049851672804 ], [ -76.368560827783043, 35.260253851494952 ], [ -76.368561154972937, 35.260254147490038 ], [ -76.369012991175993, 35.260661999543885 ], [ -76.369464991333217, 35.261069999512905 ], [ -76.369690827958976, 35.261273852621521 ], [ -76.369915646927751, 35.261477687358664 ], [ -76.36991633687245, 35.261478309990473 ], [ -76.37014180997096, 35.261680836814946 ], [ -76.370367992046681, 35.261885000426368 ], [ -76.370593990843702, 35.262088999888377 ], [ -76.370819990868512, 35.262292999934971 ], [ -76.37104582745809, 35.262496851972735 ], [ -76.37127082760469, 35.26270085181514 ], [ -76.371271154892582, 35.262701147898433 ], [ -76.371496666288905, 35.262904706364438 ], [ -76.371497317441381, 35.262905291547703 ], [ -76.371553556248188, 35.2629556106575 ], [ -76.371722776652391, 35.263108805359785 ], [ -76.371723209120503, 35.263109195727218 ], [ -76.371802823457884, 35.263180849464121 ], [ -76.371948855713569, 35.26331287656771 ], [ -76.371949128474554, 35.263313122714735 ], [ -76.372079744133117, 35.263430776392219 ], [ -76.372080240189092, 35.263431221725568 ], [ -76.372174665780449, 35.26351570835407 ], [ -76.372400910184524, 35.263719925820702 ], [ -76.372851908887284, 35.264127926052922 ], [ -76.372852072776723, 35.264128074152559 ], [ -76.373303991557918, 35.264536000032741 ], [ -76.37398198299843, 35.265147992147263 ], [ -76.374432982530294, 35.265554991734071 ], [ -76.375110990841463, 35.266167000231206 ], [ -76.37578898567314, 35.266778994954073 ], [ -76.376465985110428, 35.267389994265855 ], [ -76.377369985788036, 35.268205994838475 ], [ -76.378046985527959, 35.26881699454016 ], [ -76.378498990927895, 35.2692249996756 ], [ -76.379176985422035, 35.269836994678606 ], [ -76.379853985611419, 35.270447994386124 ], [ -76.380531991188988, 35.271060000025912 ], [ -76.381435809564493, 35.271875835686458 ], [ -76.381436172788653, 35.27187616274778 ], [ -76.381661645791809, 35.272078689154938 ], [ -76.381886829245445, 35.27228285270693 ], [ -76.38188715552468, 35.272283147876145 ], [ -76.382338991773253, 35.272690999683768 ], [ -76.382564990734693, 35.272894999725892 ], [ -76.382790990799805, 35.273099000240073 ], [ -76.383016990486908, 35.273302999002425 ], [ -76.383242809503528, 35.273506836052491 ], [ -76.383243172961457, 35.273507163324609 ], [ -76.383468809820229, 35.273709836781698 ], [ -76.383694991888959, 35.273913999774798 ], [ -76.383920827926673, 35.274117851669146 ], [ -76.384145827878257, 35.274321851925372 ], [ -76.384146155251116, 35.27432214808622 ], [ -76.38437199149142, 35.274526000128233 ], [ -76.384597991734694, 35.27472999972484 ], [ -76.384823900127103, 35.274933917823525 ], [ -76.38482408174221, 35.274934081558555 ], [ -76.385275900941195, 35.275340918532514 ], [ -76.385501990953969, 35.275544999851 ], [ -76.385727991203922, 35.27574899982114 ], [ -76.386179990822711, 35.276156999411498 ], [ -76.386405991188852, 35.276360999890919 ], [ -76.386631973887077, 35.276564983939011 ], [ -76.386856973663797, 35.276767983338139 ], [ -76.387082990881041, 35.276971999472586 ], [ -76.387308991316317, 35.277175999942287 ], [ -76.387534967732918, 35.277379979215972 ], [ -76.387689956411208, 35.277519967867512 ], [ -76.387986979287774, 35.277787988313634 ], [ -76.388212809605804, 35.277991836110893 ], [ -76.388213173041947, 35.277992163364317 ], [ -76.388438809349253, 35.278194836927582 ], [ -76.388664991077263, 35.278398999196192 ], [ -76.388890990839371, 35.278602999427157 ], [ -76.389116991429532, 35.278806999881162 ], [ -76.389342956199741, 35.279010968487022 ], [ -76.389684848299041, 35.279319870236627 ], [ -76.389685135508472, 35.279320129228296 ], [ -76.389794900010358, 35.279418917330744 ], [ -76.390019973639866, 35.279621983904889 ], [ -76.39024599089052, 35.279825999802526 ], [ -76.390471991511419, 35.280030000172474 ], [ -76.390697991224485, 35.28023400020794 ], [ -76.390923990894066, 35.280437999720718 ], [ -76.39114999166749, 35.280641999705551 ], [ -76.391375809835949, 35.280845836272682 ], [ -76.391376173260767, 35.280846163515506 ], [ -76.391601809627872, 35.281048836902258 ], [ -76.391827940013115, 35.281252953526334 ], [ -76.391898916580999, 35.281316931967055 ], [ -76.392053967195082, 35.281456978227162 ], [ -76.392279991567435, 35.28166099989464 ], [ -76.392505991355293, 35.281864999842142 ], [ -76.392731809637922, 35.282068836396455 ], [ -76.392732173057297, 35.282069163634205 ], [ -76.392957809528653, 35.282271837014498 ], [ -76.393183602071318, 35.282475648569282 ], [ -76.393240474325182, 35.282527527997026 ], [ -76.393241516509349, 35.282528471996713 ], [ -76.393409597292788, 35.282679645593376 ], [ -76.393464714831495, 35.282729749148075 ], [ -76.393465273830884, 35.282730255374354 ], [ -76.393556850631867, 35.282812873021726 ], [ -76.393557131889892, 35.282813126281347 ], [ -76.393635654208282, 35.282883697514926 ], [ -76.393807757169171, 35.283039786847958 ], [ -76.393808227867382, 35.283040212390276 ], [ -76.394313870030714, 35.283495890694688 ], [ -76.394314113262965, 35.28349610953223 ], [ -76.394539973068476, 35.283698982937253 ], [ -76.394766499927229, 35.283902557829684 ], [ -76.394990665721366, 35.284106703956837 ], [ -76.394991319368927, 35.284107296596524 ], [ -76.395216990832452, 35.284310999952808 ], [ -76.395668809355584, 35.284718836368469 ], [ -76.39566917285174, 35.284719163674438 ], [ -76.395894809339666, 35.284921836393586 ], [ -76.396120991471591, 35.285125999825738 ], [ -76.396572991398173, 35.285533999833191 ], [ -76.397024931323173, 35.28594194560101 ], [ -76.397702930849519, 35.286552945245994 ], [ -76.398606961054469, 35.287368972915196 ], [ -76.404030990925236, 35.292260999905452 ], [ -76.405386985405968, 35.293483994663241 ], [ -76.406516966823318, 35.294502977573906 ], [ -76.409005886863469, 35.296745906646343 ], [ -76.409680723146195, 35.297355757247061 ], [ -76.410360934307491, 35.297974948087891 ], [ -76.411266988791624, 35.298800997123493 ], [ -76.411945936480635, 35.299419950638224 ], [ -76.412625958919676, 35.300038970418562 ], [ -76.413078936344803, 35.30045094950335 ], [ -76.41421196496448, 35.30148297582668 ], [ -76.414437975449687, 35.301688985752577 ], [ -76.414664975279877, 35.301895985219687 ], [ -76.414890828245561, 35.302101851521456 ], [ -76.41489115367024, 35.302102147493393 ], [ -76.415117650782278, 35.302307690692302 ], [ -76.415343651716626, 35.302514688912723 ], [ -76.41534433216961, 35.302515309277148 ], [ -76.415570828953079, 35.302720852102681 ], [ -76.415796976065593, 35.302926985728952 ], [ -76.416023974954456, 35.303133985076684 ], [ -76.416249828440527, 35.303339851653824 ], [ -76.416250153525496, 35.303340147317193 ], [ -76.416476650100563, 35.303545690777696 ], [ -76.416702652152523, 35.30375268975331 ], [ -76.416703332573363, 35.303753310087757 ], [ -76.416929820467715, 35.303958844670518 ], [ -76.41738290146661, 35.304371918838761 ], [ -76.417383080149676, 35.304372081546632 ], [ -76.417835901831495, 35.304783918451101 ], [ -76.418288990989183, 35.305197000289233 ], [ -76.41874190165413, 35.30560991851771 ], [ -76.418742080131878, 35.30561008103858 ], [ -76.419194902431585, 35.306021919009233 ], [ -76.419647901679937, 35.306434918489565 ], [ -76.419648080120609, 35.306435080976911 ], [ -76.420100982898063, 35.306846992837457 ], [ -76.42055491012735, 35.307259926344102 ], [ -76.421007901668787, 35.307672918384746 ], [ -76.421008080112898, 35.307673080875063 ], [ -76.421460902097365, 35.308084918823944 ], [ -76.421913991157453, 35.308497999447233 ], [ -76.422366901838274, 35.308910918418334 ], [ -76.42236708029948, 35.308911080924439 ], [ -76.422819901643706, 35.309322918844209 ], [ -76.423725821238492, 35.310148844491295 ], [ -76.423726161884659, 35.310149154340579 ], [ -76.423952910380407, 35.31035492661848 ], [ -76.424405902394255, 35.310766918176178 ], [ -76.424858991396079, 35.31117999969765 ], [ -76.425311901904664, 35.311592918536128 ], [ -76.425312080359916, 35.31159308103684 ], [ -76.42576498266655, 35.312004992648987 ], [ -76.426218909526369, 35.312417925830673 ], [ -76.426671901739269, 35.31283091854813 ], [ -76.426672080162774, 35.312831081019731 ], [ -76.427124958464887, 35.313242970368663 ], [ -76.427804942160705, 35.313861955580101 ], [ -76.428030975768777, 35.314067985516061 ], [ -76.428257975900792, 35.314274985734144 ], [ -76.428483828834757, 35.314480851961285 ], [ -76.428484154000827, 35.314481147698473 ], [ -76.428710812763754, 35.314686838269495 ], [ -76.428937975815444, 35.314893985688656 ], [ -76.429163754008016, 35.31509978414973 ], [ -76.429164228350331, 35.315100215126755 ], [ -76.42932274535336, 35.315243777228268 ], [ -76.429843820352787, 35.315718844181212 ], [ -76.429844161735687, 35.315719154701419 ], [ -76.430070828256234, 35.315924852084827 ], [ -76.430296975817356, 35.316130984960573 ], [ -76.430523975094246, 35.316337984974545 ], [ -76.430749828701607, 35.31654385148002 ], [ -76.430750153550647, 35.316544146929019 ], [ -76.430975310894226, 35.316748475523262 ], [ -76.430978705318424, 35.316751486434299 ], [ -76.431209991443168, 35.316951999697316 ], [ -76.431442990787374, 35.317153999560915 ], [ -76.431675991260036, 35.317355999869861 ], [ -76.431908978259443, 35.317557988898969 ], [ -76.432373979045607, 35.317960989360799 ], [ -76.433072991287474, 35.318567000093935 ], [ -76.433538898020927, 35.318970919454038 ], [ -76.433539083452231, 35.318971080015245 ], [ -76.434004870088927, 35.319373895709575 ], [ -76.434714925633614, 35.319989943104524 ], [ -76.435401953754905, 35.320584967161594 ], [ -76.436100985528398, 35.321190994569093 ], [ -76.437031960245562, 35.321997973113128 ], [ -76.4381969538954, 35.323006968251597 ], [ -76.438429991423178, 35.323209000156275 ], [ -76.438662990960808, 35.323410999558128 ], [ -76.438895991638859, 35.323612999415303 ], [ -76.439128991246349, 35.32381499967137 ], [ -76.439361805342898, 35.324016838569143 ], [ -76.439362176872976, 35.324017159870003 ], [ -76.439594805314357, 35.324217839199733 ], [ -76.439827991292063, 35.324420000498932 ], [ -76.440060829990074, 35.324621860067012 ], [ -76.44029283129224, 35.324823860137869 ], [ -76.440293152320336, 35.324824139052744 ], [ -76.440525991409828, 35.325025999757415 ], [ -76.440758805737516, 35.325227839391196 ], [ -76.440759177260489, 35.325228160686777 ], [ -76.440991805186513, 35.325428840122768 ], [ -76.44122499069195, 35.325630999698987 ], [ -76.441457990838344, 35.325832999770839 ], [ -76.441923805408862, 35.326236839166661 ], [ -76.441924177026607, 35.326237160543158 ], [ -76.442156804777213, 35.326437839051934 ], [ -76.44238999084169, 35.326640000171636 ], [ -76.442622968677782, 35.326841980110899 ], [ -76.442954921556762, 35.327129939612313 ], [ -76.444020947489307, 35.328052962649927 ], [ -76.445401890368501, 35.329250042646507 ], [ -76.445418638370327, 35.329263071136786 ], [ -76.445436672412924, 35.329274251943168 ], [ -76.448881970072961, 35.331164988177441 ], [ -76.45077991212932, 35.332205956284028 ], [ -76.451061990773397, 35.332360999783624 ], [ -76.451343752142677, 35.332515868652401 ], [ -76.451344230726662, 35.332516130854408 ], [ -76.451625882694231, 35.332669940424665 ], [ -76.45190881211218, 35.332824901943333 ], [ -76.452186835185429, 35.332977913687515 ], [ -76.452187147482903, 35.332978085200125 ], [ -76.452925917222871, 35.333382958706046 ], [ -76.453566914297355, 35.333734957409703 ], [ -76.453924853188255, 35.333931923342682 ], [ -76.453925129701631, 35.333932075217938 ], [ -76.454121970080934, 35.334039988006175 ], [ -76.454327859251592, 35.334152927380799 ], [ -76.45432812378094, 35.334153072227565 ], [ -76.454488802480498, 35.334240896704515 ], [ -76.45465035742599, 35.334329651779349 ], [ -76.454651627450772, 35.334330343539861 ], [ -76.454700879948362, 35.334356940072226 ], [ -76.454719365313849, 35.33436695242542 ], [ -76.454730802859586, 35.334372682145286 ], [ -76.454734815715028, 35.334374534323018 ], [ -76.454741216495378, 35.334377353973885 ], [ -76.455030637079346, 35.334498851056914 ], [ -76.455031345999515, 35.334499147057286 ], [ -76.455331730159941, 35.334623891600707 ], [ -76.45563273107426, 35.334749890493235 ], [ -76.455633252379187, 35.334750107846773 ], [ -76.455933990732561, 35.334874999901508 ], [ -76.456234729842066, 35.334999891136214 ], [ -76.456535839108398, 35.335125936013107 ], [ -76.456536143024437, 35.335126062938912 ], [ -76.456835882549953, 35.33525095474134 ], [ -76.456836100527624, 35.335251045414665 ], [ -76.457136730332522, 35.33537589189234 ], [ -76.45743773118771, 35.335501890673072 ], [ -76.457438252488004, 35.335502108024521 ], [ -76.45773899079154, 35.335626999980775 ], [ -76.458039729660499, 35.335751891037702 ], [ -76.458340730995729, 35.335877891121982 ], [ -76.458341253244612, 35.335878108869274 ], [ -76.458641882630417, 35.336002954880833 ], [ -76.458941838717422, 35.33612793644479 ], [ -76.459242729919239, 35.336253890720933 ], [ -76.459243252693454, 35.336254108686894 ], [ -76.459543991452861, 35.336378999409355 ], [ -76.459844730578638, 35.336503891407347 ], [ -76.460145730776489, 35.336629890455299 ], [ -76.460146252296184, 35.336630107898806 ], [ -76.460446729993038, 35.336754891750196 ], [ -76.460747839376282, 35.336880936486594 ], [ -76.460748143509548, 35.336881063502716 ], [ -76.461047882475313, 35.337005954469831 ], [ -76.461048100224971, 35.337006045048028 ], [ -76.461348730573647, 35.337130891583662 ], [ -76.461649730911034, 35.337256890392638 ], [ -76.461650252426949, 35.337257107834063 ], [ -76.461950990971232, 35.337381999722581 ], [ -76.462251729462807, 35.337506890888406 ], [ -76.462552730165484, 35.337632890953586 ], [ -76.462553252630315, 35.337633108790989 ], [ -76.462853882566478, 35.337757954863498 ], [ -76.463081990249151, 35.337852999140473 ], [ -76.46315383929128, 35.337882936567837 ], [ -76.463454729729648, 35.338008890771114 ], [ -76.463455252493333, 35.338009108733132 ], [ -76.463738305719929, 35.338126655261789 ], [ -76.463756259373284, 35.338133125193451 ], [ -76.463774747947369, 35.33813785449712 ], [ -76.464081702996907, 35.33820094019233 ], [ -76.464082279970953, 35.338201057887588 ], [ -76.464407868511103, 35.338266974641783 ], [ -76.464780603951311, 35.338342920641722 ], [ -76.465059482295217, 35.338400893554201 ], [ -76.465060502186375, 35.338401102800177 ], [ -76.465385702834453, 35.338466940987068 ], [ -76.465711991437018, 35.338533999451094 ], [ -76.466037644987281, 35.33860092820138 ], [ -76.466038338496858, 35.338601069453951 ], [ -76.466364644532817, 35.338666929686127 ], [ -76.46669099205269, 35.338733999822765 ], [ -76.467016702742555, 35.33880094047565 ], [ -76.467017279828994, 35.338801058194164 ], [ -76.4673427023899, 35.33886694143073 ], [ -76.467668992016485, 35.338934000021105 ], [ -76.467994703250113, 35.339000940744995 ], [ -76.467995280334364, 35.339001058462998 ], [ -76.468320703251578, 35.339066941734835 ], [ -76.468646992258883, 35.339134000359977 ], [ -76.468972703049062, 35.339200940248801 ], [ -76.468973279725418, 35.339201057882903 ], [ -76.469298703196884, 35.339266941229958 ], [ -76.469624991587366, 35.33933399989035 ], [ -76.469950702568894, 35.339400940683909 ], [ -76.469951279650687, 35.339401058401627 ], [ -76.470276702611685, 35.339466941807764 ], [ -76.470602704038328, 35.339533940342307 ], [ -76.470603279970291, 35.339534057823784 ], [ -76.470928702834357, 35.339599941252466 ], [ -76.471254991127495, 35.339666999893275 ], [ -76.471580702564594, 35.339733940780505 ], [ -76.4715812801672, 35.339734058603661 ], [ -76.471906702631699, 35.339799941009254 ], [ -76.472232991821485, 35.339866999792001 ], [ -76.472558702571718, 35.339933940700256 ], [ -76.472559279765477, 35.339934058440925 ], [ -76.472884703280343, 35.339999941927495 ], [ -76.473210932699914, 35.340066987683954 ], [ -76.473537761706865, 35.340133953053886 ], [ -76.47353822117951, 35.340134046636024 ], [ -76.473863702467924, 35.340199941073408 ], [ -76.474189991567457, 35.340266999956469 ], [ -76.474515702799536, 35.340333940879539 ], [ -76.474516280397452, 35.340334058701885 ], [ -76.474841702943493, 35.340399941209867 ], [ -76.475167991423675, 35.340467000127823 ], [ -76.475493702473557, 35.340533940269601 ], [ -76.475494279139753, 35.340534057901998 ], [ -76.4758197030567, 35.340599941555844 ], [ -76.476145703218705, 35.340666940273394 ], [ -76.476146279374689, 35.340667057801006 ], [ -76.476471702937189, 35.340732941425266 ], [ -76.476797991493243, 35.340800000360659 ], [ -76.477123702941725, 35.340866940584462 ], [ -76.477124279489516, 35.340867058192885 ], [ -76.477449702742575, 35.340932941917032 ], [ -76.477775991428203, 35.340999999932599 ], [ -76.478101703302698, 35.34106694020327 ], [ -76.478102279848358, 35.341067057811188 ], [ -76.478427703455893, 35.34113294157023 ], [ -76.478753990662, 35.34119999944393 ], [ -76.479079643906786, 35.341266928733255 ], [ -76.479080338101724, 35.341267070125433 ], [ -76.479406644181267, 35.341332929780918 ], [ -76.479732704241769, 35.341399940330781 ], [ -76.479733279932702, 35.341400057763401 ], [ -76.480058702879774, 35.341465941590677 ], [ -76.480384990831922, 35.341532999615445 ], [ -76.480710702212278, 35.341599940850379 ], [ -76.480711279801284, 35.341600058671418 ], [ -76.481036702345023, 35.341665941474965 ], [ -76.481362990831983, 35.341732999567334 ], [ -76.481688702788929, 35.341799940880172 ], [ -76.48168928037579, 35.341800058700699 ], [ -76.482014703273279, 35.341865941539069 ], [ -76.48234070318297, 35.341932940485059 ], [ -76.482341279852946, 35.341933058117228 ], [ -76.482666702658946, 35.341998940979373 ], [ -76.482992992262552, 35.342066000207524 ], [ -76.483318703200212, 35.342132940608003 ], [ -76.483319280262904, 35.342133058321174 ], [ -76.483644702701497, 35.342198941271498 ], [ -76.483970932542491, 35.34226598747388 ], [ -76.484297761904415, 35.342332953182407 ], [ -76.484298221305721, 35.342333046750468 ], [ -76.484623703018812, 35.342398941661493 ], [ -76.484949703693033, 35.34246594072178 ], [ -76.484950280242728, 35.342466058329521 ], [ -76.485275702857848, 35.342531941318185 ], [ -76.485924791152399, 35.342665341832088 ], [ -76.485931211035833, 35.342666552314867 ], [ -76.486259778255842, 35.342722963579746 ], [ -76.487340859127912, 35.3429109770439 ], [ -76.487341122677151, 35.34291102269686 ], [ -76.488476907490522, 35.343106985315352 ], [ -76.490575921839948, 35.343470987618346 ], [ -76.491571916285125, 35.343642986911476 ], [ -76.494142952023608, 35.344088993121055 ], [ -76.495887835576283, 35.344390973033441 ], [ -76.496219703812656, 35.344448949862631 ], [ -76.496220279915491, 35.344449049639273 ], [ -76.49655181618364, 35.344505970189012 ], [ -76.496989951745249, 35.344581992985923 ], [ -76.498543983131242, 35.344850998031454 ], [ -76.50217598836791, 35.345479999577442 ], [ -76.503853785181448, 35.345770617796866 ], [ -76.503858205670042, 35.345771332612564 ], [ -76.505539935281831, 35.346023991752631 ], [ -76.508967971132634, 35.346540996547795 ], [ -76.514000974661457, 35.347298997146801 ], [ -76.518669212083182, 35.348001280517188 ], [ -76.518673851910009, 35.348002209639368 ], [ -76.518676524152553, 35.348006114813167 ], [ -76.518942967590576, 35.348438961287755 ], [ -76.51946998463518, 35.349295988000428 ], [ -76.520193960767614, 35.350472949628269 ], [ -76.520768924635718, 35.351408891756499 ], [ -76.520769057427756, 35.351409107612298 ], [ -76.521328896295174, 35.352317844975474 ], [ -76.521690921488755, 35.352907886780201 ], [ -76.521691060291545, 35.352908112670001 ], [ -76.522079975848285, 35.353540100350024 ], [ -76.522091370710868, 35.353556685530364 ], [ -76.522104374455253, 35.353572041758163 ], [ -76.522118855447417, 35.353586013585748 ], [ -76.522134667099493, 35.353598459579416 ], [ -76.522151649353674, 35.353609253751145 ], [ -76.522169630302358, 35.353618286833935 ], [ -76.522188427928398, 35.353625467387893 ], [ -76.522207851947627, 35.353630722725875 ], [ -76.522227705735006, 35.353633999649261 ], [ -76.534272989098781, 35.355003999468131 ], [ -76.567258979267137, 35.35875499872661 ], [ -76.571501986010276, 35.35923799901056 ], [ -76.583908643915223, 35.360649618676717 ], [ -76.58391530432894, 35.360650604687109 ], [ -76.585121939317787, 35.360870990687303 ], [ -76.588751965046484, 35.361535994690961 ], [ -76.58996080576874, 35.361757782622234 ], [ -76.589963178478854, 35.361758203188259 ], [ -76.590037362568779, 35.361770891956844 ], [ -76.590038619236978, 35.361771115166391 ], [ -76.590265487946297, 35.361812906834537 ], [ -76.59026649293456, 35.361813097283658 ], [ -76.590342582507176, 35.361827920073871 ], [ -76.590343400648678, 35.361828077685537 ], [ -76.590358717353951, 35.361830995312253 ], [ -76.590378938967675, 35.361833786761672 ], [ -76.590399339793848, 35.361834502403525 ], [ -76.590419707303866, 35.361833134782493 ], [ -76.590439829316225, 35.361829698145989 ], [ -76.590459496206904, 35.36182422829566 ], [ -76.590478503093209, 35.361816782214476 ], [ -76.59049665196811, 35.361807437473082 ], [ -76.590513753763034, 35.361796291421683 ], [ -76.590529630317562, 35.361783460175907 ], [ -76.590544116235336, 35.361769077407125 ], [ -76.59055706060721, 35.361753292949942 ], [ -76.590568328583288, 35.361736271241249 ], [ -76.597111987559131, 35.350662005736808 ], [ -76.603725841996379, 35.339467252374241 ], [ -76.603807998278825, 35.339329120502043 ], [ -76.603816296022956, 35.339313664164663 ], [ -76.603823207411494, 35.339297540156757 ], [ -76.604227131057286, 35.338227924435003 ], [ -76.604229214232532, 35.338223179622943 ], [ -76.604233398880396, 35.338220123222925 ], [ -76.604936520216128, 35.337761265160111 ], [ -76.604940072835603, 35.3377591512251 ], [ -76.604943912769912, 35.337757658708568 ], [ -76.606702369445898, 35.337156212386311 ], [ -76.606703611049312, 35.337155783159787 ], [ -76.609460405958188, 35.336192602139654 ], [ -76.609469492615133, 35.336189177694578 ], [ -76.612823200911961, 35.33483141635454 ], [ -76.612843393754929, 35.334821897051938 ], [ -76.612862399908593, 35.334810186622725 ], [ -76.615047945523145, 35.333289030977888 ], [ -76.615234990734592, 35.333158999672307 ], [ -76.615421704312027, 35.333029199030186 ], [ -76.615493564078662, 35.332979614406646 ], [ -76.615511553095573, 35.332965624226468 ], [ -76.615527833825936, 35.332949678453048 ], [ -76.61554219489301, 35.332931984114296 ], [ -76.615746907261951, 35.332648116538245 ], [ -76.61649992779887, 35.331607087382451 ], [ -76.616557991308824, 35.331526999542795 ], [ -76.616614607920738, 35.331448907444738 ], [ -76.61661732836329, 35.331445060548141 ], [ -76.616635207429937, 35.33141913583755 ], [ -76.61663680553923, 35.33141688566144 ], [ -76.616771701983239, 35.331232395247774 ], [ -76.616934389272728, 35.331012168931487 ], [ -76.616937535631024, 35.331007787344959 ], [ -76.617011018954557, 35.330902486436287 ], [ -76.617021120036483, 35.330886441284136 ], [ -76.617029656364608, 35.330869511728153 ], [ -76.617036551223222, 35.330851849913742 ], [ -76.617041742648468, 35.330833614567091 ], [ -76.617489604322429, 35.328920287957644 ], [ -76.617492990800017, 35.328902043514908 ], [ -76.617494671798028, 35.328883563737669 ], [ -76.617494632846089, 35.328865007703506 ], [ -76.617396018102809, 35.326833559908465 ], [ -76.617395960590528, 35.326832440001745 ], [ -76.617370001954313, 35.326353195897234 ], [ -76.617345008685547, 35.325874329875724 ], [ -76.617332008898543, 35.325608353746212 ], [ -76.617331972970803, 35.325607644491029 ], [ -76.617318026133276, 35.325341664709285 ], [ -76.617289998960942, 35.324729161399397 ], [ -76.617289983845751, 35.324728836846809 ], [ -76.617261149165202, 35.324120336270333 ], [ -76.617260721703346, 35.324113671348506 ], [ -76.617247075346029, 35.32394503457531 ], [ -76.61724692936717, 35.323942963358803 ], [ -76.617089018454479, 35.321313446814209 ], [ -76.617056000287405, 35.320719167072291 ], [ -76.617055981434916, 35.320718832805696 ], [ -76.61702203743198, 35.32012581350385 ], [ -76.617021937665811, 35.320124186744515 ], [ -76.616994402324565, 35.319703279892771 ], [ -76.616993186595323, 35.319690757819167 ], [ -76.616945047153791, 35.319317435669049 ], [ -76.616944932859838, 35.319316564411665 ], [ -76.616839990926692, 35.318529999536793 ], [ -76.616734996507546, 35.317743043374065 ], [ -76.616637503446086, 35.31700985310578 ], [ -76.616636329243946, 35.317002168717487 ], [ -76.616235738999364, 35.31468332518034 ], [ -76.616235183851444, 35.314678983558544 ], [ -76.616235396200324, 35.31467462861373 ], [ -76.616322952579765, 35.313728420478441 ], [ -76.616440490521796, 35.312514176926342 ], [ -76.616441256969082, 35.312509053756401 ], [ -76.616442551187816, 35.312504037699433 ], [ -76.617298773622537, 35.309779691133102 ], [ -76.617299218062499, 35.309778312016832 ], [ -76.61791192035318, 35.307923215602123 ], [ -76.618118992419738, 35.307301002098939 ], [ -76.618120895496119, 35.307294966635283 ], [ -76.61868791709594, 35.305392247362946 ], [ -76.618688064180759, 35.305391751457442 ], [ -76.618865948603002, 35.304789145832224 ], [ -76.619044960317041, 35.304186102317189 ], [ -76.619086066314338, 35.304048168291381 ], [ -76.619092077352477, 35.304021417482318 ], [ -76.619353114582808, 35.302322254026649 ], [ -76.619355110517219, 35.302303250769398 ], [ -76.619355283864152, 35.302284143768297 ], [ -76.619353633041356, 35.302265107426102 ], [ -76.619350173117013, 35.302246315500604 ], [ -76.61911403051441, 35.301237168217554 ], [ -76.618864994257734, 35.300164547687409 ], [ -76.618858840800129, 35.300143404401922 ], [ -76.618850400239353, 35.300123065756544 ], [ -76.618171099973011, 35.298711225175914 ], [ -76.618170882539943, 35.298710774711154 ], [ -76.617606537444118, 35.297545323476839 ], [ -76.617598861221026, 35.297530987875703 ], [ -76.616309054007033, 35.295341106230715 ], [ -76.616308928947888, 35.295340894199263 ], [ -76.615805592776169, 35.294488712079449 ], [ -76.615802562644959, 35.294483191899765 ], [ -76.615243018162687, 35.293383053481151 ], [ -76.614321403567487, 35.291573736746628 ], [ -76.614319267278375, 35.29156892680038 ], [ -76.614318746623042, 35.291563689603507 ], [ -76.614310991879123, 35.291395016060349 ], [ -76.61422227655062, 35.289472191700497 ], [ -76.614222472772852, 35.289459820132528 ], [ -76.614357924383626, 35.287722852493779 ], [ -76.614358050114774, 35.287721146028922 ], [ -76.614386976295364, 35.28730422019018 ], [ -76.614416926890357, 35.286885898484869 ], [ -76.61441707181983, 35.286884101781204 ], [ -76.614457852659029, 35.286429684598367 ], [ -76.614458511241992, 35.286404273408671 ], [ -76.614422059638358, 35.285437355493606 ], [ -76.614420471229622, 35.285418638100296 ], [ -76.614417133766295, 35.285400152289711 ], [ -76.614412076690144, 35.285382061136197 ], [ -76.613881090507235, 35.283777365278404 ], [ -76.613873985959998, 35.28375898485416 ], [ -76.613064349567665, 35.281936805690854 ], [ -76.612933182132096, 35.281634439245309 ], [ -76.612932797269508, 35.281633557872524 ], [ -76.612784455720089, 35.28129605630857 ], [ -76.61278355155919, 35.281293933010204 ], [ -76.612201013812651, 35.279880906559129 ], [ -76.612199266500724, 35.279875934952251 ], [ -76.61219860565042, 35.279870706831076 ], [ -76.61216535946771, 35.279414060781534 ], [ -76.612165248843084, 35.279409020327549 ], [ -76.612166156353595, 35.27940406100884 ], [ -76.612184443934652, 35.279326558150686 ], [ -76.61218840580355, 35.279313708683709 ], [ -76.612605466784828, 35.278226970939244 ], [ -76.61260715353535, 35.278223079057632 ], [ -76.612609164800858, 35.278219344531621 ], [ -76.612719675105183, 35.278033531926511 ], [ -76.612833902239885, 35.27784414787331 ], [ -76.612834082694334, 35.277843848094385 ], [ -76.613135845054387, 35.27734155318219 ], [ -76.613145931526915, 35.277322509391979 ], [ -76.613153910457996, 35.277302490912206 ], [ -76.613535521724614, 35.27617135474442 ], [ -76.613537184052461, 35.276167085720594 ], [ -76.613539231136883, 35.276162987265096 ], [ -76.613716844701727, 35.275844843933953 ], [ -76.613720965520983, 35.275837065267602 ], [ -76.613983922970959, 35.275313135171324 ], [ -76.614222259897346, 35.274840045264853 ], [ -76.614230325758243, 35.274821829604534 ], [ -76.614236539435765, 35.274802901884001 ], [ -76.614240839279589, 35.274783449898607 ], [ -76.614243182627931, 35.274763666645299 ], [ -76.614243546230753, 35.274743748407779 ], [ -76.614241926480503, 35.274723892809021 ], [ -76.614198578001591, 35.274395443354159 ], [ -76.614197206540751, 35.274386586570799 ], [ -76.614079928189142, 35.273727265367086 ], [ -76.614079279027948, 35.273721995700939 ], [ -76.61407976306451, 35.273716708310602 ], [ -76.61418530438506, 35.272992712191382 ], [ -76.614186205365044, 35.272988086414003 ], [ -76.614188761318132, 35.272984127034121 ], [ -76.614295701112539, 35.272834599681261 ], [ -76.614299217249155, 35.272830228244288 ], [ -76.614303624066437, 35.272826756552952 ], [ -76.614374189936711, 35.272777361188396 ], [ -76.61438999767833, 35.272765072554705 ], [ -76.614404497508843, 35.272751264943459 ], [ -76.614417544105422, 35.27273607673979 ], [ -76.614436439136185, 35.272711711472148 ], [ -76.614464170104057, 35.272676609713912 ], [ -76.61447436383456, 35.272662482603117 ], [ -76.614483289527598, 35.27264752200805 ], [ -76.614490879462281, 35.272631841437502 ], [ -76.614497076052359, 35.272615559862878 ], [ -76.61451451389658, 35.27256295631674 ], [ -76.614519981122115, 35.272543090747966 ], [ -76.61452337548522, 35.272522768108459 ], [ -76.614524660960583, 35.272502204088163 ], [ -76.61452382390506, 35.272481616938876 ], [ -76.614520873202565, 35.272461225157876 ], [ -76.614515840169759, 35.272441245168928 ], [ -76.614508778223637, 35.272421889025338 ], [ -76.614499762314651, 35.272403362159373 ], [ -76.614488888131191, 35.272385861201919 ], [ -76.614343984021602, 35.272177428184044 ], [ -76.614342048120065, 35.272174537515454 ], [ -76.614061299376871, 35.271739129571422 ], [ -76.614055332755342, 35.271728504729779 ], [ -76.61383504833654, 35.271273251436554 ], [ -76.613831344119816, 35.271264573520867 ], [ -76.613770656544119, 35.271101475952719 ], [ -76.613769218123323, 35.271096961672839 ], [ -76.61376911414925, 35.271092224905274 ], [ -76.613772873447701, 35.270946584323056 ], [ -76.61377319791616, 35.270942063983604 ], [ -76.613775489603952, 35.270938154135401 ], [ -76.613833511205115, 35.270848818843355 ], [ -76.613836132040973, 35.270845159660738 ], [ -76.61384009492258, 35.270843025658138 ], [ -76.614153991051026, 35.270691999786159 ], [ -76.614459896707316, 35.270544818949048 ], [ -76.61448320042993, 35.270531616600429 ], [ -76.61454805895157, 35.270488895137319 ], [ -76.614564138925431, 35.270477113920826 ], [ -76.61457896625727, 35.270463790525916 ], [ -76.614592393651407, 35.270449057308063 ], [ -76.614604287719217, 35.270433060628022 ], [ -76.614614530304252, 35.270415959397852 ], [ -76.614623019656008, 35.270397923502301 ], [ -76.614629671440696, 35.270379132111138 ], [ -76.614634419579062, 35.270359771899273 ], [ -76.614637216902793, 35.270340035192319 ], [ -76.614638035623074, 35.270320118056013 ], [ -76.614638035244241, 35.270320074871556 ], [ -76.614638246803864, 35.270315036897863 ], [ -76.614639469536158, 35.270310144979689 ], [ -76.614689675547538, 35.270145319039273 ], [ -76.614692691246873, 35.270136815966787 ], [ -76.614817293255427, 35.269830178883616 ], [ -76.614821058871314, 35.269821991220049 ], [ -76.614949848549799, 35.269572276491964 ], [ -76.614950133190334, 35.269571722476755 ], [ -76.615079990996492, 35.269318000217417 ], [ -76.615209990824781, 35.269064000052182 ], [ -76.615339849574994, 35.26881027681349 ], [ -76.61547084877337, 35.268556276236339 ], [ -76.615471133223281, 35.268555722589767 ], [ -76.615600991018169, 35.268301999909596 ], [ -76.615730991049034, 35.268047999754685 ], [ -76.615860849609618, 35.267794276443801 ], [ -76.615991922356415, 35.267540133637262 ], [ -76.615992060506557, 35.267539865274891 ], [ -76.616121918250059, 35.267287142798203 ], [ -76.616122064606259, 35.267286857404571 ], [ -76.61625167587114, 35.267033616400163 ], [ -76.616252315897157, 35.267032386968751 ], [ -76.616260296154024, 35.267017313601983 ], [ -76.616261667560792, 35.267014676025155 ], [ -76.616381803784748, 35.266779365961746 ], [ -76.61651284856157, 35.266525276183842 ], [ -76.616513132894895, 35.266524722763251 ], [ -76.616642990705202, 35.266271000019316 ], [ -76.616772990808869, 35.26601699968856 ], [ -76.616902849540907, 35.265763276857676 ], [ -76.617033848827049, 35.265509275548162 ], [ -76.617034133140052, 35.26550872216783 ], [ -76.617163991096589, 35.26525499954419 ], [ -76.617293991222652, 35.265000999576145 ], [ -76.617423776880258, 35.264747419078425 ], [ -76.617554774551294, 35.264494418055527 ], [ -76.61755520622927, 35.264493579502179 ], [ -76.617684990911087, 35.264239999607092 ], [ -76.617814991061167, 35.263986000001807 ], [ -76.61794484980895, 35.263732277106833 ], [ -76.618075849114362, 35.263478276516743 ], [ -76.618076133543482, 35.263477722911212 ], [ -76.618205991515964, 35.263224000223204 ], [ -76.618335991714844, 35.262970000079584 ], [ -76.618465849197548, 35.262716277047772 ], [ -76.618596848714148, 35.262462276419569 ], [ -76.618597133169018, 35.262461722764556 ], [ -76.618856918483871, 35.2619541422468 ], [ -76.618986922147997, 35.261701134336192 ], [ -76.619117848674435, 35.261447276381169 ], [ -76.61911813333208, 35.261446722332479 ], [ -76.619247991381954, 35.261192999460157 ], [ -76.619377991378187, 35.260939000529142 ], [ -76.619507849186078, 35.260685276829051 ], [ -76.619638848766485, 35.260431275986193 ], [ -76.61963913318246, 35.260430722406959 ], [ -76.619768991258013, 35.260176999890895 ], [ -76.619898991552134, 35.259922999935036 ], [ -76.620028991035198, 35.259668999828641 ], [ -76.620158848907849, 35.259415276841125 ], [ -76.620289922048883, 35.259161134170007 ], [ -76.620290060590193, 35.25916086504732 ], [ -76.620419917942939, 35.258908141569968 ], [ -76.620420063749691, 35.258907857247877 ], [ -76.620549991566051, 35.258653999744872 ], [ -76.62067984968165, 35.258400276692392 ], [ -76.620810848436776, 35.258146275635426 ], [ -76.620811132527706, 35.258145722687296 ], [ -76.620940991125124, 35.257891999551703 ], [ -76.621070991753442, 35.257638000193239 ], [ -76.621200849859974, 35.25738427671611 ], [ -76.621331848684264, 35.257130275901666 ], [ -76.621332132771371, 35.257129722961849 ], [ -76.621461991393744, 35.256876000184029 ], [ -76.621591990972107, 35.256622000265907 ], [ -76.621721990838154, 35.25636800021902 ], [ -76.621851776151516, 35.256114419807986 ], [ -76.621982774696349, 35.255861417671497 ], [ -76.621983206421248, 35.255860579028393 ], [ -76.622112990793624, 35.255607000000531 ], [ -76.622242990710006, 35.255352999415727 ], [ -76.622372897508257, 35.255099182052113 ], [ -76.622373083889272, 35.255098816971078 ], [ -76.622510926010136, 35.254828128770924 ], [ -76.622511057128051, 35.254827870826141 ], [ -76.622647926303188, 35.254558128860189 ], [ -76.622785858537171, 35.254287261484549 ], [ -76.622786124079681, 35.254286738122225 ], [ -76.622922924383133, 35.25401613282618 ], [ -76.623059925459728, 35.253746128905391 ], [ -76.623197925857838, 35.253475129153877 ], [ -76.623198057020687, 35.253474871119856 ], [ -76.623334925938238, 35.253205128595873 ], [ -76.623472925693932, 35.252934128351427 ], [ -76.623473056443842, 35.252933871129542 ], [ -76.623609923808615, 35.252664132960973 ], [ -76.623610058565589, 35.252663866890487 ], [ -76.623746858817924, 35.252393261686969 ], [ -76.623884926175322, 35.25212212788751 ], [ -76.623885056906744, 35.252121870701309 ], [ -76.624021923713158, 35.251852132969326 ], [ -76.624022058290862, 35.251851867252817 ], [ -76.624158743333453, 35.251581490611613 ], [ -76.624159245068043, 35.251580511543978 ], [ -76.624412084879282, 35.251093744500331 ], [ -76.624413862684221, 35.251090238045926 ], [ -76.624644139451334, 35.250624764450826 ], [ -76.624650559159988, 35.250613647955539 ], [ -76.6247776298258, 35.25042304186077 ], [ -76.624780301942337, 35.250418925121899 ], [ -76.624936989219535, 35.2501709170634 ], [ -76.624946231720386, 35.250154649313075 ], [ -76.625071779340686, 35.249907417072293 ], [ -76.625202777815261, 35.249652414901988 ], [ -76.625203203449288, 35.249651581570511 ], [ -76.625332780002168, 35.249396417121311 ], [ -76.625463991764065, 35.249140998445426 ], [ -76.625594776628063, 35.248886416811857 ], [ -76.625595203082128, 35.248885581881147 ], [ -76.625724779103635, 35.248630417563092 ], [ -76.625855919334541, 35.248375140205866 ], [ -76.625856063721997, 35.248374858593543 ], [ -76.62598692217631, 35.248119134997694 ], [ -76.62598706017377, 35.248118864817926 ], [ -76.626116850876898, 35.247864276252535 ], [ -76.626247777739351, 35.247609416001957 ], [ -76.626248204072766, 35.247608581301556 ], [ -76.626377779026598, 35.247353417682625 ], [ -76.626508919523758, 35.247098140551714 ], [ -76.626509064226155, 35.247097858324736 ], [ -76.6266399217821, 35.246842135054479 ], [ -76.626640059581433, 35.246841865261835 ], [ -76.626769922705449, 35.246587134581866 ], [ -76.626900918908149, 35.246331141534597 ], [ -76.627031849697403, 35.246076276352881 ], [ -76.627032133065185, 35.246075722642622 ], [ -76.627161922069561, 35.245821135120934 ], [ -76.627292922527545, 35.245565134986521 ], [ -76.627293060749992, 35.245564864366472 ], [ -76.62742292275918, 35.245310135338052 ], [ -76.627553919369532, 35.245054141380884 ], [ -76.627684777190368, 35.244799416830496 ], [ -76.627685203553725, 35.244798582075411 ], [ -76.627814779776287, 35.244543417077047 ], [ -76.62794599076517, 35.244287999478082 ], [ -76.628076776785761, 35.244033417325653 ], [ -76.628077203664461, 35.244032581564468 ], [ -76.628206779199104, 35.243777417005802 ], [ -76.628337777665664, 35.24352241517478 ], [ -76.628338203407708, 35.243521581631661 ], [ -76.628467779908405, 35.243266416860408 ], [ -76.628598919371754, 35.243011139243535 ], [ -76.628599063332814, 35.243010858462533 ], [ -76.628729922016717, 35.242755135602962 ], [ -76.628730060418818, 35.24275486463074 ], [ -76.628859849962211, 35.242500276723369 ], [ -76.628990777169861, 35.242245417044977 ], [ -76.628991203735552, 35.242244581891256 ], [ -76.629120779014073, 35.241989417277289 ], [ -76.629251918903208, 35.241734139573836 ], [ -76.629252062988542, 35.241733858550816 ], [ -76.629382921957102, 35.241478135022433 ], [ -76.629383060228875, 35.241477864305715 ], [ -76.629512922261071, 35.241223134998805 ], [ -76.629643922077435, 35.24096713522524 ], [ -76.629644060082441, 35.240966865030757 ], [ -76.629773850794152, 35.240712276468294 ], [ -76.629904919264575, 35.240457141234558 ], [ -76.629905064180704, 35.240456858591791 ], [ -76.630035922345527, 35.240201134355836 ], [ -76.630036060174064, 35.240200864506143 ], [ -76.630165922932818, 35.239946134564711 ], [ -76.630296921933336, 35.239690134108038 ], [ -76.630297059495589, 35.239689864779642 ], [ -76.630426922859783, 35.239435134497633 ], [ -76.630557919091459, 35.239179141124403 ], [ -76.630688849034215, 35.238924275252302 ], [ -76.63068913162202, 35.23892372306689 ], [ -76.630818922417987, 35.238669135072954 ], [ -76.630949931871584, 35.238413117092421 ], [ -76.630950051605893, 35.238412882728149 ], [ -76.63102562746522, 35.238264712312287 ], [ -76.631026348988584, 35.238263283633138 ], [ -76.631041751480339, 35.238232479663843 ], [ -76.63104223667581, 35.238231522186318 ], [ -76.631079926180803, 35.238158125924791 ], [ -76.631080055127867, 35.238157874376924 ], [ -76.631210919621367, 35.237902141003637 ], [ -76.631341777345128, 35.237647416463474 ], [ -76.631342203692043, 35.237646581740186 ], [ -76.631471779921512, 35.237391416661076 ], [ -76.631602849774268, 35.23713627446233 ], [ -76.631603131859904, 35.237135723253282 ], [ -76.631732922355354, 35.23688113531324 ], [ -76.631863919160708, 35.236625141442879 ], [ -76.631994777119218, 35.236370417194117 ], [ -76.631995203776128, 35.236369581862832 ], [ -76.632124778782924, 35.236114417789395 ], [ -76.632255777752732, 35.235859415619579 ], [ -76.632256203788813, 35.235858581499542 ], [ -76.632383946132038, 35.235607027208829 ], [ -76.632388391777695, 35.235599172689518 ], [ -76.632558275073976, 35.235328329990587 ], [ -76.632561140215685, 35.235324242062582 ], [ -76.632566082148784, 35.235323536733624 ], [ -76.632989587901605, 35.235285036721031 ], [ -76.633323992188892, 35.235256000001158 ], [ -76.633657991251283, 35.235226999948765 ], [ -76.633991991671962, 35.235197999851557 ], [ -76.634325990730176, 35.235168999711895 ], [ -76.634659991721136, 35.235139999594296 ], [ -76.634993695645164, 35.235111025109376 ], [ -76.634994286976749, 35.235110972881557 ], [ -76.635327695776482, 35.235081026687197 ], [ -76.635661991869199, 35.235051999931272 ], [ -76.635995991277355, 35.23502299977531 ], [ -76.636329990944134, 35.234993999552962 ], [ -76.636663991091751, 35.234965000260807 ], [ -76.636997991656429, 35.234935999989688 ], [ -76.637331991629665, 35.234906999726043 ], [ -76.637665991338906, 35.234877999441387 ], [ -76.637999990758004, 35.234849000037137 ], [ -76.638333965237237, 35.234820001972295 ], [ -76.638668965323475, 35.234791002228178 ], [ -76.639002990905297, 35.234761999642508 ], [ -76.639336991066386, 35.234733000229134 ], [ -76.639670991786758, 35.234703999824447 ], [ -76.640004990151269, 35.234674999463664 ], [ -76.640338695340915, 35.234646025646356 ], [ -76.640339287808857, 35.234645973317846 ], [ -76.640672695668215, 35.234616026068046 ], [ -76.641006991300387, 35.234586999894141 ], [ -76.641340990872223, 35.234557999486327 ], [ -76.641674991206642, 35.234528999984228 ], [ -76.642008991345293, 35.23449999943945 ], [ -76.642342991722074, 35.234470999845925 ], [ -76.642676990736533, 35.234442000210038 ], [ -76.643010991709971, 35.234412999694776 ], [ -76.643344991294953, 35.234384000038439 ], [ -76.643678991740472, 35.234354999481262 ], [ -76.64401299079762, 35.234325999783124 ], [ -76.644346468557345, 35.234297045419602 ], [ -76.644347512576999, 35.234296952015015 ], [ -76.644498490224308, 35.234283045707443 ], [ -76.644499493173541, 35.234282958416522 ], [ -76.644681214115394, 35.234268063743905 ], [ -76.644682768434151, 35.234267930240165 ], [ -76.6450156953629, 35.234238025960913 ], [ -76.645349991988255, 35.234208999594244 ], [ -76.645683991393639, 35.234179999876865 ], [ -76.646017991059651, 35.234151000092986 ], [ -76.646351991586286, 35.234121999408345 ], [ -76.646685990724549, 35.234092999582629 ], [ -76.647019990697331, 35.234063999757282 ], [ -76.647353991504673, 35.234034999932405 ], [ -76.647687990949706, 35.234006000065193 ], [ -76.648021991229243, 35.233977000198372 ], [ -76.648355695563552, 35.23394802508534 ], [ -76.648356286903038, 35.233947972855759 ], [ -76.648689695711866, 35.233918026054823 ], [ -76.649023991329628, 35.233888999528077 ], [ -76.649357991124489, 35.233859999644288 ], [ -76.649691991179026, 35.233830999694128 ], [ -76.650025877212244, 35.233802009600161 ], [ -76.650026104717469, 35.233801989715843 ], [ -76.650366759276736, 35.233772019983469 ], [ -76.650693872521799, 35.233744009872026 ], [ -76.650694109509971, 35.233743989437194 ], [ -76.651027965199091, 35.233715001963041 ], [ -76.651362965112511, 35.233686002404447 ], [ -76.65169669553427, 35.233657025839726 ], [ -76.651697287478001, 35.233656973557302 ], [ -76.652030695463523, 35.233627026617398 ], [ -76.652364991768138, 35.233597999939072 ], [ -76.65269899111685, 35.233568999885733 ], [ -76.65303299072535, 35.233539999766002 ], [ -76.653366991168426, 35.233510999646633 ], [ -76.653700991347719, 35.233481999506346 ], [ -76.654034991237239, 35.233453000246286 ], [ -76.654368990888898, 35.233424000064083 ], [ -76.65470299137516, 35.233394999882236 ], [ -76.655036695621121, 35.233366025378153 ], [ -76.655037287496739, 35.233365973101485 ], [ -76.655370695896067, 35.23333602603396 ], [ -76.655704991580393, 35.233307000102101 ], [ -76.656038990865611, 35.233277999848781 ], [ -76.656372991127213, 35.233248999583438 ], [ -76.656706991099099, 35.233220000198365 ], [ -76.657040990833153, 35.233190999891143 ], [ -76.657374991401852, 35.233161999584269 ], [ -76.657708695399734, 35.233133025882125 ], [ -76.65770928788011, 35.233132973552529 ], [ -76.65804269512644, 35.233103026348502 ], [ -76.658376966257592, 35.233074001648724 ], [ -76.658711965800762, 35.233045001675542 ], [ -76.659045991586595, 35.23301599997891 ], [ -76.659379991666668, 35.232986999564815 ], [ -76.65971399145711, 35.232958000030976 ], [ -76.660047991009691, 35.232928999575009 ], [ -76.660381991336322, 35.232900000023434 ], [ -76.660715695779928, 35.232871025219978 ], [ -76.660716287127542, 35.232870972990241 ], [ -76.661049696129766, 35.232841026477253 ], [ -76.661383990584653, 35.232811999472915 ], [ -76.661717991468777, 35.232782999813843 ], [ -76.662051857950416, 35.232754011780443 ], [ -76.662285544191064, 35.232734037744322 ], [ -76.662286438882489, 35.23273395924776 ], [ -76.662385678181906, 35.232725027814361 ], [ -76.6627199911037, 35.232695999936588 ], [ -76.663053695276304, 35.232667025980774 ], [ -76.663054287759792, 35.232666973650474 ], [ -76.663387694873563, 35.232637026214633 ], [ -76.663721991223298, 35.232607999867902 ], [ -76.664055990955262, 35.232579000234757 ], [ -76.664389990857444, 35.232549999527414 ], [ -76.664723991077551, 35.232520999764176 ], [ -76.665057775303168, 35.232492018710921 ], [ -76.665058206721071, 35.232491980782093 ], [ -76.665248488856164, 35.232475044176255 ], [ -76.665391705696152, 35.232463024092034 ], [ -76.665392279223383, 35.232462975125074 ], [ -76.665725695566152, 35.23243402514499 ], [ -76.665726286916239, 35.232433972914684 ], [ -76.666059696013363, 35.232404026197081 ], [ -76.666393992149551, 35.232374999752579 ], [ -76.666727965907654, 35.232346002140034 ], [ -76.667062965456751, 35.232317001696124 ], [ -76.667396991226312, 35.232287999600231 ], [ -76.667730991265685, 35.232258999687936 ], [ -76.668064695093932, 35.232230025450775 ], [ -76.668065286908202, 35.232229973180033 ], [ -76.668398696128733, 35.232200026372887 ], [ -76.668732991477256, 35.232170999803259 ], [ -76.669066991032963, 35.232141999873804 ], [ -76.669400990848459, 35.232112999877948 ], [ -76.669734991498686, 35.232083999882285 ], [ -76.670068694839742, 35.232055025540596 ], [ -76.670069286656101, 35.232054973269399 ], [ -76.670402695326899, 35.232025026361278 ], [ -76.670736991023745, 35.231995999730778 ], [ -76.671070991488165, 35.231966999692055 ], [ -76.671404990816214, 35.231937999591509 ], [ -76.671738990979051, 35.231908999491246 ], [ -76.672072990852485, 35.231880000271197 ], [ -76.672406695569364, 35.231851025852272 ], [ -76.672407287526497, 35.231850973568505 ], [ -76.672740695311305, 35.231821026544665 ], [ -76.673074991689106, 35.231791999780469 ], [ -76.673408991104537, 35.231762999641951 ], [ -76.673742990780099, 35.23173399943704 ], [ -76.674076991264712, 35.231705000133495 ], [ -76.674410695528621, 35.23167602560703 ], [ -76.674411287416959, 35.231675973329182 ], [ -76.674744695855637, 35.231646026215813 ], [ -76.675078991586759, 35.231616999360838 ], [ -76.675412991714353, 35.231588000029028 ], [ -76.675746990902738, 35.231558999719461 ], [ -76.676080990925911, 35.23152999941005 ], [ -76.676414695474037, 35.231501025726608 ], [ -76.676415287965767, 35.231500973396102 ], [ -76.676748669899553, 35.231471028513006 ], [ -76.677083966760506, 35.231442001719607 ], [ -76.677417991633007, 35.231413000095898 ], [ -76.677751991432402, 35.231383999699929 ], [ -76.678085990942591, 35.231355000184188 ], [ -76.678419695594556, 35.23132602544392 ], [ -76.67842028695344, 35.231325973213309 ], [ -76.678753695972759, 35.231296026761044 ], [ -76.679087991687283, 35.231266999728724 ], [ -76.679421990714985, 35.231238000195646 ], [ -76.679755426767287, 35.231209048718043 ], [ -76.679756555198395, 35.231208947517921 ], [ -76.680090696372062, 35.231178026741752 ], [ -76.680425668940714, 35.231148028920693 ], [ -76.680426313430516, 35.231147970153415 ], [ -76.680759669372051, 35.231117029456975 ], [ -76.681094696257091, 35.231087026501392 ], [ -76.681095285798037, 35.231086972826112 ], [ -76.681429990773282, 35.231055999793298 ], [ -76.681764696855751, 35.23102502672824 ], [ -76.682099696546857, 35.23099502634502 ], [ -76.682100286188927, 35.230994972660618 ], [ -76.682434696635681, 35.230964026848625 ], [ -76.682769696875297, 35.230934026433388 ], [ -76.682770286589104, 35.230933972742385 ], [ -76.683104696445767, 35.230903026880604 ], [ -76.683439696170225, 35.230873026409299 ], [ -76.683440285813049, 35.230872972724683 ], [ -76.683774991032848, 35.230841999548474 ], [ -76.68410969672837, 35.230811027173765 ], [ -76.68444466933191, 35.23078102820147 ], [ -76.684445312745126, 35.230780969531899 ], [ -76.684778669391562, 35.23075002944411 ], [ -76.685113697361572, 35.230720026259903 ], [ -76.685114286446705, 35.230719972626574 ], [ -76.685448697312736, 35.230689027450779 ], [ -76.685783697301488, 35.230659025943794 ], [ -76.685784285959471, 35.230658972348529 ], [ -76.686118990793773, 35.230627999865455 ], [ -76.686453696736109, 35.230597027349937 ], [ -76.686788696995748, 35.230567025784616 ], [ -76.686789285653902, 35.23056697218928 ], [ -76.687123696189559, 35.23053602690527 ], [ -76.68745869701128, 35.230506026203891 ], [ -76.68745928619812, 35.23050597256124 ], [ -76.687793723540921, 35.230475024814631 ], [ -76.688127723699651, 35.230445024040343 ], [ -76.688128259883641, 35.230444975151258 ], [ -76.68846299123625, 35.230414000096225 ], [ -76.688797697193593, 35.230383027461258 ], [ -76.68913269634065, 35.230353026657525 ], [ -76.689133285988802, 35.230352972971737 ], [ -76.689467696033887, 35.230322026717829 ], [ -76.689802697357877, 35.230292025853579 ], [ -76.689803286617135, 35.230291972204022 ], [ -76.690137991099107, 35.230260999496601 ], [ -76.69047269672383, 35.230230026753453 ], [ -76.690807696958117, 35.230200025835153 ], [ -76.690808286148297, 35.23019997219172 ], [ -76.691142696099917, 35.230169026704907 ], [ -76.691477669491817, 35.23013902910467 ], [ -76.691478314005096, 35.230138970335773 ], [ -76.691811669758977, 35.23010802991049 ], [ -76.692146697437011, 35.230078026281326 ], [ -76.692147286527188, 35.230077972646697 ], [ -76.692481991287622, 35.23004699979537 ], [ -76.692816776857271, 35.230016019536144 ], [ -76.693148857270401, 35.229986012028611 ], [ -76.693149124575726, 35.229985987693475 ], [ -76.693486777276078, 35.229955019758044 ], [ -76.693821697007365, 35.229925026367226 ], [ -76.693822286516479, 35.229924972694839 ], [ -76.694156990945515, 35.229893999735253 ], [ -76.694491696255611, 35.229863026764129 ], [ -76.694826669100053, 35.229833028943247 ], [ -76.694827313527938, 35.229832970181768 ], [ -76.69516066961728, 35.229802029600933 ], [ -76.695495696707837, 35.229772026652142 ], [ -76.69549628625839, 35.229771972976017 ], [ -76.695830991297029, 35.229740999946259 ], [ -76.696165696308626, 35.229710026866663 ], [ -76.69650069627869, 35.229680026483123 ], [ -76.696501285930097, 35.229679972797904 ], [ -76.696835696437248, 35.229649026989165 ], [ -76.697170696918064, 35.229619026577012 ], [ -76.697171286641222, 35.229618972885191 ], [ -76.697505991349345, 35.229587999747075 ], [ -76.69784069653177, 35.229557027410742 ], [ -76.69817566996376, 35.229527028490693 ], [ -76.698176313389169, 35.229526969820235 ], [ -76.698509964347636, 35.229496002521685 ], [ -76.698844696428409, 35.22946502675898 ], [ -76.69917969666048, 35.229435026184248 ], [ -76.699180285783797, 35.229434972547601 ], [ -76.699514697021968, 35.22940402739799 ], [ -76.699849697531491, 35.229374025919689 ], [ -76.699850286198114, 35.229373972323756 ], [ -76.700184991371671, 35.229342999869964 ], [ -76.700519696518086, 35.229312027366255 ], [ -76.700854697334634, 35.229282025826038 ], [ -76.700855286001271, 35.229281972230048 ], [ -76.701189696912181, 35.229251026971866 ], [ -76.701524669736159, 35.229221028733846 ], [ -76.701525313678175, 35.229220970016655 ], [ -76.701858963519186, 35.229190002574491 ], [ -76.702193696885445, 35.229159027437987 ], [ -76.702528697387933, 35.229129025792524 ], [ -76.702529286056262, 35.229128972196143 ], [ -76.702863991197205, 35.229097999574677 ], [ -76.703198697214802, 35.229067026941998 ], [ -76.703533696871617, 35.22903702611638 ], [ -76.70353428599924, 35.229036972478802 ], [ -76.70386869664037, 35.229006027075023 ], [ -76.704203696881706, 35.228976026213857 ], [ -76.704204286008746, 35.228975972576364 ], [ -76.704538964311382, 35.228945002421767 ], [ -76.704872668940482, 35.228914029704065 ], [ -76.705207696862345, 35.228884026161658 ], [ -76.70520828596095, 35.228883972526447 ], [ -76.705542990802542, 35.228852999761926 ], [ -76.705877696784341, 35.22882202696173 ], [ -76.706212696442165, 35.228792025968168 ], [ -76.706213285571579, 35.228791972330129 ], [ -76.706547695911098, 35.228761026783566 ], [ -76.706882696129995, 35.228731026653939 ], [ -76.706883285788138, 35.228730972968577 ], [ -76.707217991200451, 35.228700000134531 ], [ -76.707552696851081, 35.228669027225976 ], [ -76.707887669967675, 35.228639028591701 ], [ -76.707888313882336, 35.228638969876329 ], [ -76.708221963669558, 35.228608002116466 ], [ -76.708556697504733, 35.228577027458428 ], [ -76.708891696890561, 35.228547026322957 ], [ -76.708892286022703, 35.228546972684377 ], [ -76.709226991125149, 35.228515999690224 ], [ -76.709561695902934, 35.228485026673752 ], [ -76.709896696938614, 35.228455026370753 ], [ -76.70989728666936, 35.228454972678506 ], [ -76.71023169697385, 35.228424026929922 ], [ -76.710566696364964, 35.228394026553197 ], [ -76.710567285954767, 35.228393972873604 ], [ -76.710901964206869, 35.228363002347535 ], [ -76.711235668796391, 35.228332029310508 ], [ -76.711570696954695, 35.228302026274221 ], [ -76.711571286586334, 35.2283019725906 ], [ -76.711905991352893, 35.22827099945669 ], [ -76.71224069660046, 35.228240027123896 ], [ -76.712575697624558, 35.228210025758131 ], [ -76.712576286370904, 35.228209972155106 ], [ -76.712910990771093, 35.228178999796341 ], [ -76.713245697449253, 35.228148027418904 ], [ -76.713580697613963, 35.228118025977061 ], [ -76.713581286290491, 35.228117972380225 ], [ -76.713915963388999, 35.228087002513178 ], [ -76.714249668985104, 35.228056029307254 ], [ -76.714584697084902, 35.228026026057172 ], [ -76.714585286189319, 35.22802597242196 ], [ -76.714919990882947, 35.227994999969482 ], [ -76.715254696984346, 35.227964027456743 ], [ -76.715589696670733, 35.22793402587282 ], [ -76.715590285205266, 35.227933972288803 ], [ -76.715924750110645, 35.227903022113111 ], [ -76.716257695570064, 35.227873026725433 ], [ -76.716590694778176, 35.227844025185583 ], [ -76.716591287225754, 35.22784397270047 ], [ -76.716923991333772, 35.22781399968666 ], [ -76.717256695156152, 35.227784026658753 ], [ -76.717589667720262, 35.227755028337356 ], [ -76.717590314881207, 35.227754970917331 ], [ -76.717921963774785, 35.227725002023689 ], [ -76.718254991426221, 35.227694999818041 ], [ -76.718587695265541, 35.227665026751964 ], [ -76.718920694661051, 35.227636026058725 ], [ -76.718921288246975, 35.227635973472594 ], [ -76.719253991024701, 35.227605999524719 ], [ -76.719586695159393, 35.22757602643253 ], [ -76.719919695123124, 35.227547025690356 ], [ -76.7199202881757, 35.227546973152279 ], [ -76.720252991487172, 35.22751700005491 ], [ -76.720585991277432, 35.227487000208058 ], [ -76.720918694020668, 35.227457026184034 ], [ -76.721251695389753, 35.227428025395781 ], [ -76.721252288582022, 35.227427972845248 ], [ -76.721584990744219, 35.227397999692506 ], [ -76.721917695223041, 35.22736802653025 ], [ -76.722250694430329, 35.227339025700402 ], [ -76.722251287414892, 35.227338973168173 ], [ -76.72258399107082, 35.227309000000766 ], [ -76.722916964387323, 35.227279002499934 ], [ -76.723248668041776, 35.22724902945297 ], [ -76.723581695265182, 35.227220025198719 ], [ -76.723582287686938, 35.227219972715439 ], [ -76.723914991594498, 35.227189999488687 ], [ -76.724247695252018, 35.227160026244704 ], [ -76.724580694835097, 35.227131025347212 ], [ -76.72458128782047, 35.227130972814855 ], [ -76.724913991786849, 35.227100999583193 ], [ -76.725246991101997, 35.227070999584207 ], [ -76.725579694746315, 35.227041026301919 ], [ -76.725912695428235, 35.227012025386763 ], [ -76.725913288554324, 35.227011972841865 ], [ -76.726245991372451, 35.226981999554738 ], [ -76.726578990708248, 35.226951999514398 ], [ -76.726911694371125, 35.226922026190991 ], [ -76.727244695359218, 35.226893025211034 ], [ -76.727245287952684, 35.226892972714047 ], [ -76.727577991031751, 35.226863000262121 ], [ -76.727910695022103, 35.226833026909588 ], [ -76.728243668176077, 35.226804028238114 ], [ -76.728244314755955, 35.226803970870023 ], [ -76.728575964429126, 35.226774002583547 ], [ -76.728908990817544, 35.226744000062432 ], [ -76.729241694822775, 35.2267140266718 ], [ -76.729574694783892, 35.226685025630445 ], [ -76.729575287842749, 35.226684973091267 ], [ -76.729907991028867, 35.226654999695242 ], [ -76.730573694449106, 35.226595026141865 ], [ -76.73090669443657, 35.226566025957389 ], [ -76.730907288029101, 35.226565973371663 ], [ -76.73123999096677, 35.226535999958486 ], [ -76.731572991754661, 35.226505999791428 ], [ -76.731905740858807, 35.226476022139423 ], [ -76.732122858489603, 35.226457011810517 ], [ -76.732238607311075, 35.226447033348059 ], [ -76.732239374913505, 35.22644696568468 ], [ -76.732571991004463, 35.226417000056081 ], [ -76.732904964010814, 35.226387002232848 ], [ -76.733236668093937, 35.226357029000177 ], [ -76.733569695228013, 35.226328025313116 ], [ -76.733570287656462, 35.226327972830234 ], [ -76.73390299114557, 35.226298000189253 ], [ -76.734235990877238, 35.226267999921596 ], [ -76.734568694702574, 35.22623802639194 ], [ -76.734901694790622, 35.226209026087112 ], [ -76.734902288385626, 35.22620897350096 ], [ -76.735234991384885, 35.2261789999665 ], [ -76.735567990710038, 35.226148999695866 ], [ -76.735900695489278, 35.226119026938896 ], [ -76.736233695373215, 35.226090025717795 ], [ -76.736234288437046, 35.226089973177835 ], [ -76.736566991724615, 35.226059999577842 ], [ -76.736899991473337, 35.226030000128468 ], [ -76.737232694206696, 35.226000026498724 ], [ -76.737565667659183, 35.225971028436838 ], [ -76.737566314731509, 35.225970971025475 ], [ -76.737897964327715, 35.225941002552915 ], [ -76.738230990359028, 35.225910999792681 ], [ -76.738563695238923, 35.225881026950404 ], [ -76.738896695197013, 35.225852025649239 ], [ -76.738897288262478, 35.225851973109002 ], [ -76.739229991592339, 35.225821999428845 ], [ -76.73956299138375, 35.225791999899215 ], [ -76.739895694157454, 35.225762026189521 ], [ -76.740228694430485, 35.225733025718341 ], [ -76.740229288028601, 35.225732973131642 ], [ -76.740561991112926, 35.225702999434048 ], [ -76.740894990553741, 35.225672999896432 ], [ -76.741227991591288, 35.225642999395518 ], [ -76.741560694356949, 35.2256130265054 ], [ -76.741893667435818, 35.225584028327106 ], [ -76.741894314419696, 35.225583970923445 ], [ -76.742225964987639, 35.225554002363083 ], [ -76.742558991113469, 35.225523999438465 ], [ -76.742891695189627, 35.225494026512756 ], [ -76.74322469497065, 35.225465025973833 ], [ -76.743225288572134, 35.225464973386629 ], [ -76.743557991426286, 35.225434999593517 ], [ -76.743890991011739, 35.225404999926539 ], [ -76.744223991425244, 35.225375000264592 ], [ -76.744556694853927, 35.22534502641961 ], [ -76.744889694940753, 35.225316025775498 ], [ -76.744890288009302, 35.225315973236171 ], [ -76.745222990856561, 35.225286000262486 ], [ -76.745555991316493, 35.225255999657669 ], [ -76.745888695009938, 35.225226026647448 ], [ -76.746221667873101, 35.22519702833744 ], [ -76.746222314910199, 35.225196970928685 ], [ -76.746553963847788, 35.225167002276272 ], [ -76.746886991307207, 35.225137000093866 ], [ -76.747219991514385, 35.225106999435063 ], [ -76.747552031823759, 35.225077086112037 ], [ -76.747888702353706, 35.225050023017872 ], [ -76.747889286174527, 35.22504997522713 ], [ -76.74822499160517, 35.225021999885534 ], [ -76.748560991400595, 35.224993999960226 ], [ -76.748896990940068, 35.224966000002766 ], [ -76.749232673519103, 35.224938026517194 ], [ -76.749569673648537, 35.224911025127746 ], [ -76.749570309404362, 35.224910973168747 ], [ -76.749905991142001, 35.224882999644144 ], [ -76.75024199075996, 35.224854999576024 ], [ -76.750577991220368, 35.224826999496294 ], [ -76.750913990894958, 35.224799000327721 ], [ -76.75124969701298, 35.224771024669778 ], [ -76.751585696759719, 35.224744023581032 ], [ -76.751586285496231, 35.224743975394759 ], [ -76.75192199144621, 35.224715999756278 ], [ -76.752257991346994, 35.224687999568395 ], [ -76.752593991732383, 35.224660000185857 ], [ -76.752929991504161, 35.224631999901852 ], [ -76.753265696388041, 35.224604024138728 ], [ -76.753601696801383, 35.224577023797657 ], [ -76.753602286132889, 35.224576975563203 ], [ -76.753937991350298, 35.224548999777753 ], [ -76.754273991176191, 35.224521000287048 ], [ -76.754609990771129, 35.224492999863003 ], [ -76.75494599120853, 35.224464999427212 ], [ -76.755281991365194, 35.22443699986065 ], [ -76.755617697193728, 35.22440902476756 ], [ -76.755953696972028, 35.224382023324438 ], [ -76.755954285182284, 35.224381975181402 ], [ -76.756289441235964, 35.224354045907717 ], [ -76.756290541196677, 35.224353951187858 ], [ -76.756379242261389, 35.224346066261077 ], [ -76.756625795102877, 35.22432601546604 ], [ -76.756626192640312, 35.224325982737412 ], [ -76.756961991587403, 35.224297999783232 ], [ -76.75729796697243, 35.224270002072721 ], [ -76.757634720693858, 35.224242022314357 ], [ -76.757970696744692, 35.224215023714969 ], [ -76.757971285631626, 35.224214975517185 ], [ -76.758306990613804, 35.224187000289305 ], [ -76.758642990892483, 35.224158999500872 ], [ -76.7589789915381, 35.224130999639534 ], [ -76.759314990829665, 35.224102999725751 ], [ -76.759650990963678, 35.224074999800216 ], [ -76.75998669647295, 35.22404702437332 ], [ -76.760322697322522, 35.224020023493757 ], [ -76.760323286194208, 35.224019975296741 ], [ -76.760658990906265, 35.223991999829892 ], [ -76.760994991119688, 35.223963999796339 ], [ -76.761330991077301, 35.223935999730607 ], [ -76.761666990779148, 35.223907999632843 ], [ -76.762002376304522, 35.223880050775051 ], [ -76.762003606013877, 35.223879944477126 ], [ -76.762337965477869, 35.223850002204706 ], [ -76.762673965456585, 35.223820002073587 ], [ -76.763008965278033, 35.223790002358861 ], [ -76.763344964749948, 35.223760002162962 ], [ -76.763679991273591, 35.223730000071065 ], [ -76.764014965160499, 35.223700002635063 ], [ -76.764350964927871, 35.223670002367498 ], [ -76.764685965567111, 35.223640002556799 ], [ -76.76502196477314, 35.223610002229364 ], [ -76.765356991018635, 35.223580000020952 ], [ -76.765691964598972, 35.22355000247105 ], [ -76.76602796520325, 35.223520002091739 ], [ -76.766362965382584, 35.223490002180874 ], [ -76.766698964314614, 35.223460002621451 ], [ -76.767033991632744, 35.223430000294393 ], [ -76.767368964960241, 35.223400002625773 ], [ -76.767704965292111, 35.223370002115466 ], [ -76.768039991618508, 35.223339999721652 ], [ -76.768374965016292, 35.223310002009846 ], [ -76.768710964502205, 35.223280002310304 ], [ -76.769045983596627, 35.223250000527443 ], [ -76.769235148483546, 35.223233075115431 ], [ -76.769236834206467, 35.223232917091195 ], [ -76.773968798528642, 35.222769116334632 ], [ -76.773971187042022, 35.222768911100189 ], [ -76.774145367410043, 35.22275604584982 ], [ -76.774146614205989, 35.222755949839467 ], [ -76.774407220808286, 35.222735061907898 ], [ -76.776451448481666, 35.222587111901056 ], [ -76.776454533679228, 35.222586864599705 ], [ -76.776759859608205, 35.222560011215897 ], [ -76.776760123359978, 35.222559987842999 ], [ -76.77709596407206, 35.222530002566891 ], [ -76.77743099093972, 35.222499999499291 ], [ -76.777765990831412, 35.222469999688435 ], [ -76.778100965421842, 35.222440002211101 ], [ -76.77843699085183, 35.222409999437559 ], [ -76.778772964491708, 35.222380002255981 ], [ -76.779107990851017, 35.222349999991366 ], [ -76.779442723719583, 35.22232002406998 ], [ -76.77944325937564, 35.222319975374894 ], [ -76.779778724262826, 35.222289024269493 ], [ -76.78011399129015, 35.222258999564382 ], [ -76.780448964350796, 35.222229001977567 ], [ -76.78078496497605, 35.222199002288242 ], [ -76.781119964363825, 35.222169002246289 ], [ -76.781455964492068, 35.222139002491325 ], [ -76.781790990847654, 35.222109000048263 ], [ -76.782125965232382, 35.222079002319894 ], [ -76.78246196451434, 35.222049002476872 ], [ -76.782796964705909, 35.222019002339898 ], [ -76.783132964554454, 35.22198900245445 ], [ -76.783467991730916, 35.221958999914847 ], [ -76.783802964673256, 35.221929002055596 ], [ -76.784138964835961, 35.221899002096663 ], [ -76.784473991215108, 35.221868999472953 ], [ -76.784808964833445, 35.221839002415237 ], [ -76.78508899047057, 35.221813999770092 ], [ -76.785144964212876, 35.221809002480725 ], [ -76.7854799651234, 35.221779002101215 ], [ -76.785815965257342, 35.221749001989288 ], [ -76.786150695950795, 35.221719026601995 ], [ -76.786151286111178, 35.221718972871223 ], [ -76.786485670419495, 35.22168802949944 ], [ -76.786821965922741, 35.221658001932866 ], [ -76.787156991401005, 35.221628000109682 ], [ -76.787491964693089, 35.22159800200329 ], [ -76.787827965405398, 35.221568001748459 ], [ -76.788162965639017, 35.221538002149217 ], [ -76.788498965523516, 35.221508001858382 ], [ -76.788833991359027, 35.221477999861818 ], [ -76.789168964622704, 35.221448002515451 ], [ -76.78950496480644, 35.221418002152447 ], [ -76.789839990929352, 35.221388000093135 ], [ -76.790174965136373, 35.221358001844671 ], [ -76.79051096471467, 35.221328002270859 ], [ -76.79084596522722, 35.221298002468153 ], [ -76.791181965105295, 35.221268001976881 ], [ -76.791516696131879, 35.221238026202414 ], [ -76.791517285765664, 35.221237972519731 ], [ -76.791851670565379, 35.221207029636957 ], [ -76.792187965824539, 35.221177001691103 ], [ -76.79252299136138, 35.221146999505144 ], [ -76.79285796468217, 35.221117001937657 ], [ -76.793193965095753, 35.221087002206026 ], [ -76.793528964264823, 35.221057002226267 ], [ -76.793864965295526, 35.221027002447585 ], [ -76.794199991472837, 35.220997000062987 ], [ -76.79453496451373, 35.220967002378877 ], [ -76.794870964736674, 35.220937002508748 ], [ -76.795205991156735, 35.220907000065417 ], [ -76.795540723300135, 35.220877023917268 ], [ -76.795541258447415, 35.220876975268652 ], [ -76.795876723647183, 35.220846024706177 ], [ -76.796211965121614, 35.220816002235438 ], [ -76.796547964809577, 35.220786002257107 ], [ -76.796882990972179, 35.220755999694759 ], [ -76.797217965184103, 35.220726001845144 ], [ -76.797553965603669, 35.220696001755933 ], [ -76.797888990480303, 35.22066600005224 ], [ -76.798223965236716, 35.220636002116841 ], [ -76.798559964869114, 35.220606001934215 ], [ -76.798894965171556, 35.220576002512473 ], [ -76.799230669985917, 35.220546028661261 ], [ -76.799231312383171, 35.220545970259614 ], [ -76.799565696903002, 35.220515026909865 ], [ -76.799900965280983, 35.220485002438465 ], [ -76.800236964988699, 35.220455002211374 ], [ -76.800571991446006, 35.220424999406397 ], [ -76.800906965090647, 35.220395002172012 ], [ -76.801242965575867, 35.220365001829883 ], [ -76.801577990964262, 35.220334999864193 ], [ -76.801912964939874, 35.220305002563109 ], [ -76.802248964654979, 35.220275002126158 ], [ -76.802583723408105, 35.220245024119073 ], [ -76.802584259194219, 35.220244975412349 ], [ -76.802919723485573, 35.220214024367067 ], [ -76.803254107492322, 35.220184079081591 ], [ -76.803255874528858, 35.220183912930565 ], [ -76.803589727015023, 35.220151026362707 ], [ -76.803590256204487, 35.220150973523708 ], [ -76.803925726918763, 35.220117026604157 ], [ -76.804260697155726, 35.220084029106395 ], [ -76.804261285411158, 35.220083970280101 ], [ -76.80459599131251, 35.220049999553616 ], [ -76.804930668534737, 35.220016032578471 ], [ -76.805266668460078, 35.219983031867841 ], [ -76.805267314367228, 35.21998296737069 ], [ -76.805601991113178, 35.219948999559946 ], [ -76.805936668954686, 35.219915032478525 ], [ -76.806272669306068, 35.219882031674771 ], [ -76.806273314757561, 35.21988196722377 ], [ -76.806607697448115, 35.219848029980554 ], [ -76.806942726830016, 35.219815026291847 ], [ -76.806943255446214, 35.219814973508988 ], [ -76.807278961304064, 35.219781002579303 ], [ -76.807613697778692, 35.219747029526509 ], [ -76.807948697810559, 35.21971402868629 ], [ -76.807949285441794, 35.21971396992263 ], [ -76.808283668950722, 35.219680032569848 ], [ -76.808619668349351, 35.21964703157105 ], [ -76.808620313638897, 35.21964696713593 ], [ -76.808954991365809, 35.219612999936253 ], [ -76.809289669098121, 35.21957903267851 ], [ -76.809625668660189, 35.219546031612268 ], [ -76.809626314022367, 35.21954596716968 ], [ -76.809960990803674, 35.219511999891303 ], [ -76.810295697581367, 35.219478029642232 ], [ -76.810630727194066, 35.219445025690547 ], [ -76.810631255303861, 35.219444972958549 ], [ -76.81096696107403, 35.219411002659925 ], [ -76.811301697524968, 35.21937702936485 ], [ -76.811636727313953, 35.219344026250297 ], [ -76.811637255956981, 35.219343973465691 ], [ -76.811972727365486, 35.219310026830399 ], [ -76.81230769704905, 35.219277028793044 ], [ -76.81230828470629, 35.219276970026421 ], [ -76.812642991309886, 35.219242999651073 ], [ -76.812977668754755, 35.219209032177638 ], [ -76.813313668338594, 35.219176031735138 ], [ -76.813314314134914, 35.21917596724969 ], [ -76.813648991765163, 35.219141999771438 ], [ -76.81398366826474, 35.21910803221926 ], [ -76.814319668088416, 35.219075031701536 ], [ -76.814320313880032, 35.219074967216471 ], [ -76.814654991704685, 35.219040999674988 ], [ -76.814989668898164, 35.219007032906809 ], [ -76.81532566891029, 35.218974031423826 ], [ -76.815326313720831, 35.218973967036511 ], [ -76.81566069759026, 35.218940030052067 ], [ -76.815995698147617, 35.218907028693813 ], [ -76.815996285333398, 35.218906969974547 ], [ -76.816330961454653, 35.21887300321464 ], [ -76.816666726761383, 35.21883902650282 ], [ -76.81700169770815, 35.218806029082728 ], [ -76.817002286048833, 35.218805970248034 ], [ -76.817336961346683, 35.218772002630331 ], [ -76.817672727624512, 35.218738026666038 ], [ -76.818007697414757, 35.218705029190581 ], [ -76.818008285681444, 35.218704970363106 ], [ -76.818342991230082, 35.218670999631577 ], [ -76.818677668100648, 35.218637032651181 ], [ -76.819013668930552, 35.218604031840918 ], [ -76.819014314855508, 35.218603967341942 ], [ -76.819348991271482, 35.218569999523687 ], [ -76.8196836687721, 35.218536032435836 ], [ -76.820019668972165, 35.218503031508568 ], [ -76.820020314289351, 35.218502967070933 ], [ -76.820354991577688, 35.218469000018594 ], [ -76.820689697733997, 35.218435029978771 ], [ -76.821024726610247, 35.218402026260677 ], [ -76.821025255230097, 35.21840197347732 ], [ -76.821360961499153, 35.218368002420384 ], [ -76.821695697300981, 35.218334029337122 ], [ -76.82203072770065, 35.218301025553679 ], [ -76.822031255950719, 35.218300972807874 ], [ -76.822366961245066, 35.218267002564779 ], [ -76.822701697502509, 35.218233029391833 ], [ -76.823036697301546, 35.218200028452131 ], [ -76.82303728486734, 35.218199969694901 ], [ -76.823371961975525, 35.218166002532847 ], [ -76.823707726524589, 35.218132026172562 ], [ -76.824042696765815, 35.218099029166986 ], [ -76.82404328495889, 35.218098970347889 ], [ -76.824377460875553, 35.21806505400945 ], [ -76.824710991916675, 35.218032999931765 ], [ -76.825043990788402, 35.218000999939996 ], [ -76.825376695437839, 35.21796902830414 ], [ -76.825377287615325, 35.217968970509048 ], [ -76.825709695531131, 35.217936029068689 ], [ -76.826042992019296, 35.217903999584614 ], [ -76.826375991413059, 35.217871999495415 ], [ -76.826708991022812, 35.21784000024131 ], [ -76.827041991469187, 35.217808000090123 ], [ -76.827374695495365, 35.217776028380754 ], [ -76.827375287675252, 35.217775970585194 ], [ -76.827707694911325, 35.217743029074732 ], [ -76.828040991148086, 35.217710999606467 ], [ -76.828373991762547, 35.217679000290715 ], [ -76.828706990776595, 35.217647000061483 ], [ -76.829039991701407, 35.217614999856124 ], [ -76.829372695146319, 35.217583028069377 ], [ -76.829373287252707, 35.217582970280858 ], [ -76.829705694747318, 35.217550028735509 ], [ -76.830038991338185, 35.217517999997987 ], [ -76.830371991688097, 35.217485999800502 ], [ -76.83070499118071, 35.217453999517154 ], [ -76.831037991461997, 35.21742200013913 ], [ -76.831370695385289, 35.217390028298176 ], [ -76.831371287492246, 35.217389970509586 ], [ -76.831703695477543, 35.217357028906399 ], [ -76.832036991411911, 35.217325000098668 ], [ -76.832369991142457, 35.217292999827187 ], [ -76.832702991113862, 35.217260999489561 ], [ -76.833035694449549, 35.217229028512889 ], [ -76.833036287014721, 35.217228970680331 ], [ -76.833368695515418, 35.217196029061071 ], [ -76.833701992214301, 35.21716400021463 ], [ -76.834034991611048, 35.217131999884856 ], [ -76.834367991248669, 35.217099999488859 ], [ -76.83470069527182, 35.217068028480895 ], [ -76.834701287989006, 35.217067970633337 ], [ -76.835033694924121, 35.217035028947599 ], [ -76.835366991257729, 35.217003000045516 ], [ -76.835699991488781, 35.216970999670288 ], [ -76.8360329907688, 35.216939000117186 ], [ -76.836365990885412, 35.216906999666918 ], [ -76.83669890443808, 35.216875008390822 ], [ -76.837028868995034, 35.216843012002897 ], [ -76.837029114524242, 35.216842988041215 ], [ -76.837364782158417, 35.216810020571693 ], [ -76.83769799108218, 35.21677799956651 ], [ -76.838030962869851, 35.216746002772091 ], [ -76.83836272402884, 35.21671402540634 ], [ -76.83836325854223, 35.216713973161916 ], [ -76.838695696313394, 35.216681029346041 ], [ -76.839028480871576, 35.216649048633364 ], [ -76.839369990104899, 35.216617999496769 ], [ -76.839413989676544, 35.216614000407823 ], [ -76.839710991492353, 35.21658700011286 ], [ -76.840051991478148, 35.216555999871304 ], [ -76.840392964801083, 35.216525001967796 ], [ -76.840732611296929, 35.216494033988084 ], [ -76.840733370063418, 35.216493963348135 ], [ -76.840953414418721, 35.216473054649384 ], [ -76.840954569319493, 35.216472951662617 ], [ -76.841073241523858, 35.21646306234512 ], [ -76.841074739900861, 35.216462931805751 ], [ -76.84141499090903, 35.2164319994327 ], [ -76.841755991650658, 35.216400999833546 ], [ -76.842096991010763, 35.216370000154683 ], [ -76.842437965109781, 35.216339001906697 ], [ -76.842777728015022, 35.216308023954923 ], [ -76.84277825442301, 35.216307975257969 ], [ -76.843118701718822, 35.216276027301056 ], [ -76.843459991879598, 35.216245000235197 ], [ -76.84380099154825, 35.216213999440839 ], [ -76.844141965044585, 35.216183001838836 ], [ -76.844481964769045, 35.21615200200155 ], [ -76.844822991510654, 35.216120999502451 ], [ -76.845163832165227, 35.21609001474021 ], [ -76.845275566517643, 35.216080037631436 ], [ -76.845276415918434, 35.216079959959764 ], [ -76.845478167449244, 35.216061077325321 ], [ -76.845479815696592, 35.216060936802414 ], [ -76.845499920970809, 35.216059390100625 ], [ -76.845504916748837, 35.216059260502277 ], [ -76.845509085445798, 35.216062016687715 ], [ -76.845827873154875, 35.216296912235009 ], [ -76.845828110528799, 35.21629708687194 ], [ -76.846151991645769, 35.216534999911907 ], [ -76.846475433539894, 35.216772590537985 ], [ -76.846476543115287, 35.216773417479267 ], [ -76.846721940823912, 35.216958961639662 ], [ -76.846968785207636, 35.217145844497665 ], [ -76.846969196979373, 35.217146155410212 ], [ -76.847215990710509, 35.217332000243999 ], [ -76.847462835678854, 35.217517882303063 ], [ -76.847708941641201, 35.217703962060646 ], [ -76.847955785808949, 35.21789084437966 ], [ -76.84795619757783, 35.217891155289436 ], [ -76.848202813964761, 35.218076866210438 ], [ -76.848432984472822, 35.218250995235806 ], [ -76.848695807677913, 35.218449860731738 ], [ -76.848696175263839, 35.218450138201106 ], [ -76.848942991252542, 35.2186359996142 ], [ -76.849189991201044, 35.218821999923414 ], [ -76.84943662957653, 35.219007727403543 ], [ -76.849682631375842, 35.219194726508306 ], [ -76.849683353418357, 35.219195272797045 ], [ -76.849928097670713, 35.219379573754111 ], [ -76.849931918122721, 35.21938238035753 ], [ -76.850181940715046, 35.219561530283755 ], [ -76.850185965852276, 35.219564570990102 ], [ -76.850422050373027, 35.219752455369729 ], [ -76.850425969923322, 35.21975549605957 ], [ -76.85066983571582, 35.219939882370412 ], [ -76.850670147420999, 35.219940117572008 ], [ -76.850916991366574, 35.22012599930509 ], [ -76.851163785920036, 35.22031184512992 ], [ -76.85141078652326, 35.220498844701211 ], [ -76.851411197624785, 35.220499155106474 ], [ -76.851657835066021, 35.220684882322288 ], [ -76.851903940949413, 35.220870961903607 ], [ -76.852150785440699, 35.221057844245479 ], [ -76.852151197193436, 35.221058155142728 ], [ -76.852397991280469, 35.221243999696554 ], [ -76.852644835812086, 35.221429882604376 ], [ -76.852890941581094, 35.221615961747517 ], [ -76.853137785237891, 35.221802843892917 ], [ -76.853138196941231, 35.221803154753701 ], [ -76.853384991102061, 35.221988999915347 ], [ -76.853631785478584, 35.222174844688411 ], [ -76.853878942022206, 35.222361962294151 ], [ -76.854124835171561, 35.222547882029346 ], [ -76.854125146853491, 35.222548117214068 ], [ -76.854371991190476, 35.222733999793981 ], [ -76.854618785638962, 35.222919845173337 ], [ -76.854865940815557, 35.223106962180552 ], [ -76.85511183581032, 35.223292882149579 ], [ -76.855112146784407, 35.223293116799795 ], [ -76.855358936872008, 35.223478959080197 ], [ -76.85561299164209, 35.223669999767473 ], [ -76.85586663891624, 35.223860735068705 ], [ -76.856119645782201, 35.224052738055029 ], [ -76.8561203385254, 35.224053261401437 ], [ -76.85648274318757, 35.224325813567091 ], [ -76.856626738556798, 35.224434809124219 ], [ -76.85662724454771, 35.224435190868249 ], [ -76.856880990836117, 35.224625999150753 ], [ -76.857134839769202, 35.224816886633604 ], [ -76.857387840727583, 35.225007885922132 ], [ -76.857388142693409, 35.225008113438939 ], [ -76.857641991127892, 35.225199000213408 ], [ -76.857895839630629, 35.225389886411321 ], [ -76.858148840806237, 35.225580885830858 ], [ -76.858149143145496, 35.225581113628436 ], [ -76.858402991648092, 35.225771999492792 ], [ -76.858656840025731, 35.225962885553898 ], [ -76.858909942754437, 35.226153963335221 ], [ -76.859163790406598, 35.226345848572237 ], [ -76.859164191422352, 35.226346150912448 ], [ -76.859417839509291, 35.226536886315984 ], [ -76.859670840037538, 35.226727885989398 ], [ -76.859671142710553, 35.226728114038842 ], [ -76.85992499150403, 35.226919000034101 ], [ -76.860178839424606, 35.227109885550966 ], [ -76.86043184035762, 35.227300885497904 ], [ -76.860432142710764, 35.227301113306773 ], [ -76.860685990799524, 35.227491999535296 ], [ -76.860939991428367, 35.227682999953664 ], [ -76.86119383967025, 35.227873885960058 ], [ -76.861446839654391, 35.228064885343926 ], [ -76.861447142293656, 35.228065113368139 ], [ -76.861700991631821, 35.228255999978003 ], [ -76.861954840098193, 35.22844688611039 ], [ -76.862207840280931, 35.228637885612301 ], [ -76.86220814296982, 35.228638113673796 ], [ -76.862461790945403, 35.228828848710293 ], [ -76.86271589360959, 35.22902092542153 ], [ -76.862716090101912, 35.229021073760514 ], [ -76.862967991679355, 35.229210999848647 ], [ -76.863219790117185, 35.229400847564854 ], [ -76.863471789989489, 35.22959184732894 ], [ -76.863472192687411, 35.229592151748761 ], [ -76.863723991199166, 35.229782000139451 ], [ -76.86397594190602, 35.229971962672579 ], [ -76.86422894128755, 35.230162962428778 ], [ -76.864480789672186, 35.23035284755921 ], [ -76.86473278988187, 35.23054384727304 ], [ -76.864733192575088, 35.230544151688825 ], [ -76.864984991414602, 35.230734000034303 ], [ -76.865236966191091, 35.230923981231093 ], [ -76.865741966672317, 35.231304981550238 ], [ -76.865993789823889, 35.231494848445692 ], [ -76.866245790266319, 35.231685847422106 ], [ -76.866246192629703, 35.231686151587759 ], [ -76.866497839169767, 35.231875885012137 ], [ -76.866498142922694, 35.231876113579652 ], [ -76.866750637536683, 35.232065734760639 ], [ -76.867002915017665, 35.232256942058342 ], [ -76.867158663875458, 35.232374752890678 ], [ -76.86715931851171, 35.232375245961684 ], [ -76.867254586469713, 35.232446696182663 ], [ -76.867506838810741, 35.232637884279647 ], [ -76.867507145333974, 35.232638116137579 ], [ -76.867710740972484, 35.232791811051079 ], [ -76.867711242394904, 35.23279218834282 ], [ -76.86775878829549, 35.232827847235747 ], [ -76.86801094230249, 35.233017962483693 ], [ -76.868263941529619, 35.233208962265607 ], [ -76.868515991486632, 35.233398999616263 ], [ -76.868767789650931, 35.233588848193946 ], [ -76.869019790831118, 35.233779847427385 ], [ -76.869020192857235, 35.233780151338259 ], [ -76.869271838814441, 35.233969884856776 ], [ -76.869272143281876, 35.233970113961526 ], [ -76.869524637752775, 35.234159733803843 ], [ -76.86977679085129, 35.23435084825006 ], [ -76.869777193273663, 35.234351152459816 ], [ -76.870028789355402, 35.234540847463315 ], [ -76.870280488984335, 35.234731619561551 ], [ -76.870281495619736, 35.234732377545306 ], [ -76.870538643153367, 35.234924740004153 ], [ -76.870795842634976, 35.235118887986197 ], [ -76.870796139937013, 35.235119111971741 ], [ -76.871053841684812, 35.235312887226868 ], [ -76.871310842307707, 35.235506887525858 ], [ -76.871311140374004, 35.235507112088875 ], [ -76.871568842533094, 35.235700888147157 ], [ -76.871825842133049, 35.235894887148547 ], [ -76.871826140159499, 35.235895111680989 ], [ -76.872083842390609, 35.236088887369341 ], [ -76.872340842536062, 35.236282887283139 ], [ -76.872341140245609, 35.236283111577883 ], [ -76.872598792272925, 35.236476850815528 ], [ -76.872599190030485, 35.236477149132682 ], [ -76.872856643841118, 35.236669739284004 ], [ -76.873113843567864, 35.236863887757401 ], [ -76.873114140882137, 35.236864111752503 ], [ -76.873371842379242, 35.237057887093862 ], [ -76.873628841623841, 35.237251887472105 ], [ -76.873629140387976, 35.237252112561151 ], [ -76.873886942077149, 35.237445962816523 ], [ -76.874145939663052, 35.237640961504709 ], [ -76.874401942253073, 35.23783396276756 ], [ -76.874658436594444, 35.238027580759656 ], [ -76.874659549587804, 35.238028414857375 ], [ -76.874908785539034, 35.238213847030359 ], [ -76.875158837572073, 35.238400885727017 ], [ -76.875159144350434, 35.238401114739396 ], [ -76.875409938490776, 35.238587960947797 ], [ -76.875659785063732, 35.238773846668273 ], [ -76.875909991767344, 35.23896100035644 ], [ -76.876159819756111, 35.239147871814005 ], [ -76.876160161954189, 35.239148127209113 ], [ -76.876253935715525, 35.23921795830433 ], [ -76.87640976374189, 35.239333830844274 ], [ -76.876659991679688, 35.239521000343373 ], [ -76.876909633135753, 35.239707731577447 ], [ -76.876910351572889, 35.239708266462131 ], [ -76.877160631555014, 35.239893733151014 ], [ -76.877410992036644, 35.240081000391719 ], [ -76.877660785014129, 35.240267845865958 ], [ -76.877661197431721, 35.240268153528319 ], [ -76.877910784966005, 35.240453845884474 ], [ -76.878160991219218, 35.240641000345938 ], [ -76.878410785885464, 35.240827846385905 ], [ -76.878411197640361, 35.240828153554077 ], [ -76.878660785019349, 35.241013846703154 ], [ -76.878910838840767, 35.241200885532059 ], [ -76.878911144984286, 35.241201114070002 ], [ -76.87916193891698, 35.241387960463562 ], [ -76.879411785020878, 35.241573846265581 ], [ -76.879661786584123, 35.241760846106231 ], [ -76.87966219761671, 35.241761152735435 ], [ -76.879911785348483, 35.241946846941502 ], [ -76.88016199134745, 35.242134000266979 ], [ -76.880411632129935, 35.242320731055301 ], [ -76.880412350854371, 35.242321266153048 ], [ -76.880662632107757, 35.242506733148439 ], [ -76.880912991873728, 35.242693999910081 ], [ -76.881162785748288, 35.242880846229646 ], [ -76.881163197821508, 35.242881153636084 ], [ -76.881412785406511, 35.243066847035315 ], [ -76.88166299162792, 35.2432539998129 ], [ -76.881912785319145, 35.243440846099716 ], [ -76.881913197768625, 35.243441153786264 ], [ -76.882162938412378, 35.24362696025532 ], [ -76.882413837866338, 35.243813884997074 ], [ -76.88266378574707, 35.244000846260398 ], [ -76.882664198004946, 35.244001153803808 ], [ -76.882913785236013, 35.244186846242116 ], [ -76.883163631492891, 35.244373730887517 ], [ -76.883164353395173, 35.244374268340579 ], [ -76.883302585778964, 35.244476699133699 ], [ -76.883303393692799, 35.244477304141242 ], [ -76.883413340113194, 35.244560507012984 ], [ -76.883414645633991, 35.244561486624598 ], [ -76.88366393829854, 35.244746960933519 ], [ -76.883914938627925, 35.244933961012848 ], [ -76.884164785321985, 35.245119846422149 ], [ -76.884414991718927, 35.245306999399844 ], [ -76.884664785309354, 35.245493845565065 ], [ -76.884665197320189, 35.24549415292519 ], [ -76.884914785374505, 35.245679846882112 ], [ -76.885164838907741, 35.245866885624125 ], [ -76.885165145090454, 35.245867114191412 ], [ -76.885415938704568, 35.24605396038082 ], [ -76.8856657854069, 35.246239846016088 ], [ -76.885915991450048, 35.246426999736343 ], [ -76.886165786102183, 35.246613846098938 ], [ -76.886166197826626, 35.246614153245005 ], [ -76.8864157851051, 35.246799846723881 ], [ -76.886665633381469, 35.246986732138986 ], [ -76.886666351502399, 35.246987266787869 ], [ -76.886916631888596, 35.247172734023351 ], [ -76.887166991026405, 35.24735999952842 ], [ -76.887416786018704, 35.247546846010437 ], [ -76.887417197738358, 35.247547153152716 ], [ -76.887666785017785, 35.247732846509749 ], [ -76.887916837836642, 35.247919885588722 ], [ -76.887917144364948, 35.247920114414555 ], [ -76.888167938217151, 35.248106960811128 ], [ -76.888417785441959, 35.248292846932053 ], [ -76.888667991685693, 35.248479999954561 ], [ -76.888917785664589, 35.248666845767524 ], [ -76.888918197329971, 35.248667152869565 ], [ -76.889167938354788, 35.248852960833105 ], [ -76.889418938433948, 35.249039960666046 ], [ -76.889668785622604, 35.249225846637245 ], [ -76.889918991102476, 35.249412999755222 ], [ -76.890168784688584, 35.249599846057308 ], [ -76.890169197435895, 35.249600153965602 ], [ -76.890418785152136, 35.249785846030527 ], [ -76.89066883739946, 35.249972885550861 ], [ -76.890669144649877, 35.249973114915747 ], [ -76.890919938937401, 35.25015996074842 ], [ -76.891169785194734, 35.25034584704354 ], [ -76.891419785822592, 35.250532846337173 ], [ -76.891420197520105, 35.250533153461326 ], [ -76.891669784979513, 35.250718846009534 ], [ -76.891919838495028, 35.250905885543169 ], [ -76.891920145095909, 35.250906114422982 ], [ -76.892170938623153, 35.251092960334645 ], [ -76.892420785217666, 35.251278846758183 ], [ -76.892670991273945, 35.251465999576858 ], [ -76.892920631929854, 35.251652731441006 ], [ -76.892921351062668, 35.251653266844741 ], [ -76.893171631764162, 35.251838733607585 ], [ -76.893421992163979, 35.252026000295288 ], [ -76.893671785697066, 35.252212845694601 ], [ -76.893672197295444, 35.252213152746663 ], [ -76.893921785634149, 35.252398847193597 ], [ -76.894171632568231, 35.252585731478987 ], [ -76.894172350988526, 35.252586266349354 ], [ -76.894422631881071, 35.252771733113072 ], [ -76.894672992161134, 35.252959000377459 ], [ -76.894922695317732, 35.253145778957908 ], [ -76.894923287113045, 35.25314621992181 ], [ -76.895019845074145, 35.253217891378355 ], [ -76.895172841868131, 35.253331888693204 ], [ -76.89542288641411, 35.2535189219644 ], [ -76.895423095554008, 35.253519078188262 ], [ -76.895918875198106, 35.253888913080402 ], [ -76.896200900488978, 35.254099932296995 ], [ -76.896304881068303, 35.254177916674692 ], [ -76.896305101938154, 35.254178082086881 ], [ -76.896419880054523, 35.254263917326199 ], [ -76.896667784105802, 35.254449844973479 ], [ -76.896668198103782, 35.254450154636054 ], [ -76.896915784252002, 35.254634845781666 ], [ -76.897163991545455, 35.254821000069121 ], [ -76.897411991126432, 35.255006999767105 ], [ -76.897659836513185, 35.255192884179145 ], [ -76.897660145840049, 35.255193115708224 ], [ -76.897908938830057, 35.255378960905318 ], [ -76.898156783529615, 35.255563844830306 ], [ -76.898404991104812, 35.255750000207833 ], [ -76.898652990796734, 35.255935999950069 ], [ -76.898900990570667, 35.256121999195052 ], [ -76.899148990580997, 35.256307999896038 ], [ -76.899396784356824, 35.256493844444364 ], [ -76.899397198063042, 35.256494153888639 ], [ -76.899644784589228, 35.256678845627619 ], [ -76.899892992009811, 35.256865000296465 ], [ -76.90014083626771, 35.257050883674083 ], [ -76.90014114556287, 35.257051115179259 ], [ -76.900389836654668, 35.25723688414871 ], [ -76.900637784809234, 35.257422844894123 ], [ -76.900638198746478, 35.257423154511415 ], [ -76.900885784047389, 35.257607845191572 ], [ -76.901133991668345, 35.257793999971533 ], [ -76.901381991560001, 35.257980000149324 ], [ -76.901629990377032, 35.258165999767527 ], [ -76.901877784552923, 35.258351844541757 ], [ -76.901878197916915, 35.258352153730605 ], [ -76.902125783853023, 35.258536845778423 ], [ -76.902373991380216, 35.258723000454331 ], [ -76.902621837182821, 35.258908884111939 ], [ -76.90262214582981, 35.258909115131836 ], [ -76.902870836526589, 35.259094884495866 ], [ -76.903118784731063, 35.259280845205524 ], [ -76.90311919865897, 35.259281154815724 ], [ -76.903366784136068, 35.259465845577111 ], [ -76.903614918852838, 35.259651945604766 ], [ -76.903789743531661, 35.259782814668625 ], [ -76.903862818033062, 35.259837869469216 ], [ -76.903863165865857, 35.259838130935989 ], [ -76.90403099084007, 35.259963999884739 ], [ -76.904110990774456, 35.26002399924338 ], [ -76.904358836078572, 35.260209884012234 ], [ -76.904359145779125, 35.260210115820982 ], [ -76.904607939418014, 35.260395961017352 ], [ -76.904855784559473, 35.260580845868141 ], [ -76.905103991213991, 35.260767000056859 ], [ -76.90535199161053, 35.260952999941523 ], [ -76.905599836728229, 35.26113888361354 ], [ -76.905600145725913, 35.261139114896054 ], [ -76.905848836514124, 35.261324884007983 ], [ -76.906096991832669, 35.261510999776213 ], [ -76.906344991182053, 35.261697000198019 ], [ -76.906592836178532, 35.261882884296234 ], [ -76.9065931455617, 35.261883115867349 ], [ -76.906841938313192, 35.262068960728961 ], [ -76.907089783761108, 35.262253845390283 ], [ -76.907337991874911, 35.262440000346437 ], [ -76.907585991067094, 35.26262599969278 ], [ -76.907833836285945, 35.262811883918793 ], [ -76.907834145676702, 35.262812115495528 ], [ -76.908082836314804, 35.262997884022511 ], [ -76.90833099089852, 35.263183999603854 ], [ -76.908578991540153, 35.263369999749614 ], [ -76.908826630414907, 35.263555728816769 ], [ -76.908827353421827, 35.263556268527864 ], [ -76.909075629228639, 35.263740731158784 ], [ -76.909323992071847, 35.263927000575215 ], [ -76.909571991512166, 35.264113000226232 ], [ -76.909819836971948, 35.264298883833462 ], [ -76.909820145995681, 35.264299115135039 ], [ -76.910068836983186, 35.264484884011793 ], [ -76.910316991735286, 35.264670999838032 ], [ -76.910564991437738, 35.264857000203044 ], [ -76.910812630280262, 35.265042729364339 ], [ -76.910813353672722, 35.265043269362224 ], [ -76.911061629291666, 35.265227731045634 ], [ -76.911309992053447, 35.265414000403737 ], [ -76.911557927282331, 35.265599952014632 ], [ -76.911758653517794, 35.265750746747862 ], [ -76.911759329598411, 35.265751252421758 ], [ -76.911805871282795, 35.265785910284684 ], [ -76.912054836851794, 35.265971884081111 ], [ -76.912302991710931, 35.266158000106131 ], [ -76.912550991596405, 35.266343999808306 ], [ -76.912798630597578, 35.266529729207065 ], [ -76.912799353994146, 35.266530269208339 ], [ -76.913047629762005, 35.266714731110106 ], [ -76.9132959926052, 35.266901000648012 ], [ -76.913543990706273, 35.267086999418346 ], [ -76.913791836071113, 35.267272884109332 ], [ -76.913792145877892, 35.26727311599727 ], [ -76.914040836649718, 35.267458883973319 ], [ -76.914288991925687, 35.267645000428423 ], [ -76.914536784102566, 35.267830844354663 ], [ -76.914537198083309, 35.267831154004675 ], [ -76.914784938937117, 35.268015960780531 ], [ -76.915033836598411, 35.268201884552369 ], [ -76.915281991601518, 35.268388000405913 ], [ -76.915529991459465, 35.268573999807209 ], [ -76.91577783636933, 35.268759884162201 ], [ -76.915778145810279, 35.268760115776878 ], [ -76.916026836196664, 35.268945884354828 ], [ -76.916274991302586, 35.269131999884067 ], [ -76.916522784673191, 35.269317844937142 ], [ -76.916523198741245, 35.269318154652666 ], [ -76.916770938595207, 35.269502960702802 ], [ -76.917019836635731, 35.269688884846843 ], [ -76.917267991636166, 35.26987499989901 ], [ -76.917515836408356, 35.270060883909593 ], [ -76.917516145480661, 35.270061115248595 ], [ -76.917764836378936, 35.270246884859425 ], [ -76.918012991205927, 35.270432999939068 ], [ -76.918260783542806, 35.27061884478038 ], [ -76.918261198269647, 35.270619154988289 ], [ -76.918508938854075, 35.270803960558851 ], [ -76.918757837057427, 35.270989884557174 ], [ -76.919005991275327, 35.271175999585694 ], [ -76.919253837056047, 35.271361884224639 ], [ -76.919254146565137, 35.271362115889765 ], [ -76.919502836878991, 35.271547883879904 ], [ -76.919750991529327, 35.271734000307113 ], [ -76.919998795357373, 35.271919853525759 ], [ -76.91999918686308, 35.271920146408533 ], [ -76.920195935542949, 35.272066958026265 ], [ -76.920246894061592, 35.272104927689554 ], [ -76.920495836472384, 35.272290884315439 ], [ -76.920743991922109, 35.272477000139439 ], [ -76.920991836981102, 35.272662883882781 ], [ -76.920992146074809, 35.272663115237172 ], [ -76.921240836926401, 35.272848884279469 ], [ -76.921488784550064, 35.273034845195802 ], [ -76.921489198738598, 35.273035155001502 ], [ -76.921736784348084, 35.273219845872731 ], [ -76.921984837017874, 35.273405884090984 ], [ -76.921985145773334, 35.273406115191186 ], [ -76.922233836722327, 35.273591883893175 ], [ -76.922481991425911, 35.273777999720956 ], [ -76.922729836418895, 35.273963884091607 ], [ -76.922730145902591, 35.273964115738153 ], [ -76.922978836904676, 35.274149884626027 ], [ -76.923226784900066, 35.274335844662673 ], [ -76.92322719832201, 35.274336153894588 ], [ -76.923474939098014, 35.274520961208154 ], [ -76.923723836047145, 35.274706883914966 ], [ -76.923971990565946, 35.274892999921484 ], [ -76.924219991745929, 35.275079000026167 ], [ -76.924467837640805, 35.275264883914154 ], [ -76.924468146045328, 35.27526511475314 ], [ -76.924716836983009, 35.275450885044457 ], [ -76.924964784777259, 35.275636844691164 ], [ -76.924965198193718, 35.275637153918588 ], [ -76.925212938921106, 35.275821960971591 ], [ -76.92546183656853, 35.276007884850657 ], [ -76.925709991207029, 35.27619399978871 ], [ -76.925957836830193, 35.276379883790021 ], [ -76.92595814562317, 35.276380114919561 ], [ -76.926206836326443, 35.276565884413287 ], [ -76.926454784240775, 35.276751844466141 ], [ -76.926455198031462, 35.276752153973263 ], [ -76.92670293852234, 35.276936960263647 ], [ -76.926951836465321, 35.277122884658112 ], [ -76.927199991222281, 35.277309000002418 ], [ -76.927447991246467, 35.277495000121704 ], [ -76.927695837204794, 35.277680884133254 ], [ -76.927696146008472, 35.277681115270497 ], [ -76.927944938546773, 35.277866960567074 ], [ -76.928192784370907, 35.278051844900162 ], [ -76.928440836795602, 35.278237883889609 ], [ -76.928441145590924, 35.278238115020763 ], [ -76.928689836336858, 35.278423884428051 ], [ -76.92893799126152, 35.278609999656737 ], [ -76.929185837143919, 35.278795883928439 ], [ -76.929186145956706, 35.278796115072886 ], [ -76.929434938787495, 35.278981960882824 ], [ -76.929682783960729, 35.279166845861972 ], [ -76.92993083744571, 35.279352884243814 ], [ -76.929931145539982, 35.279353114849556 ], [ -76.93017983695772, 35.279538885053526 ], [ -76.930427991831081, 35.2797249996433 ], [ -76.930675836368934, 35.27991088402878 ], [ -76.930676145902822, 35.279911115713261 ], [ -76.930924938365791, 35.280096960625649 ], [ -76.93117278420722, 35.280281844716633 ], [ -76.931420836661218, 35.280467884361293 ], [ -76.931421146232779, 35.280468116073081 ], [ -76.931669785061715, 35.280653845454225 ], [ -76.931918837741819, 35.280840884647205 ], [ -76.931919145343926, 35.280841115195159 ], [ -76.932168990812031, 35.281027999795214 ], [ -76.93241893948003, 35.281214961125812 ], [ -76.932667939556552, 35.28140096088282 ], [ -76.932917991373472, 35.281587999887435 ], [ -76.93316778817865, 35.28177484853579 ], [ -76.933421735038181, 35.28196580656666 ], [ -76.933422249485162, 35.281966192117721 ], [ -76.9336668397073, 35.282148886503656 ], [ -76.933667142493974, 35.282149112222271 ], [ -76.933916631056945, 35.282334732456221 ], [ -76.934165838315863, 35.282521885486027 ], [ -76.934166145238549, 35.282522115523001 ], [ -76.934415837070929, 35.282708884608432 ], [ -76.934664837886686, 35.282895884428221 ], [ -76.934665145278828, 35.282896114818591 ], [ -76.934914785392735, 35.283082845901781 ], [ -76.934915197590485, 35.283083153400511 ], [ -76.935164631179973, 35.283268731704524 ], [ -76.935413837876595, 35.283455885006816 ], [ -76.935414144758838, 35.283456115014395 ], [ -76.935660382900494, 35.283640301525296 ], [ -76.935667716382369, 35.283645533615633 ], [ -76.935711681412457, 35.283675429671881 ], [ -76.935716209495013, 35.283678697323531 ], [ -76.935913284569921, 35.283829459782652 ], [ -76.935914701762485, 35.283830533981245 ], [ -76.936162632358844, 35.284016729846748 ], [ -76.936163351526147, 35.284017267420808 ], [ -76.936412785634545, 35.284202846913686 ], [ -76.936662837925667, 35.284389885121783 ], [ -76.936911837579601, 35.284576884313232 ], [ -76.936912145316683, 35.284577114961927 ], [ -76.937161991479925, 35.284763999574999 ], [ -76.937411939757908, 35.284950960909811 ], [ -76.937660939497306, 35.285136960832588 ], [ -76.937910991799271, 35.285323999692984 ], [ -76.938160837270871, 35.285510885039827 ], [ -76.938409631443463, 35.285697730151256 ], [ -76.938410351514946, 35.28569826840004 ], [ -76.938659785013002, 35.285883845950259 ], [ -76.938909837971778, 35.286070884977534 ], [ -76.939158914117826, 35.286257941970874 ], [ -76.939355870520998, 35.286406156166564 ], [ -76.939358124600574, 35.28640782777331 ], [ -76.939408541465355, 35.286444671094074 ], [ -76.939409436897535, 35.286445333132107 ], [ -76.93965893983254, 35.286631960755827 ], [ -76.939907939635816, 35.286817961103829 ], [ -76.940157991129595, 35.287004999567557 ], [ -76.94040783672601, 35.287191884412493 ], [ -76.940656836841242, 35.287378884542356 ], [ -76.940657144978076, 35.287379115490808 ], [ -76.94090678592508, 35.287565846221547 ], [ -76.940907197391383, 35.28756615317446 ], [ -76.941156631332021, 35.287751732536968 ], [ -76.941405838605903, 35.287938885388137 ], [ -76.941406145196467, 35.287939115176457 ], [ -76.941655991030615, 35.288126000073426 ], [ -76.941905836863839, 35.288312884391971 ], [ -76.942154632068664, 35.28849972995144 ], [ -76.942155351438515, 35.288500267677264 ], [ -76.942404196047519, 35.288685408462769 ], [ -76.942405791572696, 35.288686583302685 ], [ -76.942591014238118, 35.288821559270396 ], [ -76.942594895025337, 35.288824535279879 ], [ -76.942652153850091, 35.288870711645153 ], [ -76.942657909226014, 35.288875182486514 ], [ -76.942904938896973, 35.289059960762906 ], [ -76.942987682572266, 35.28912176962001 ], [ -76.943153530778972, 35.289246653471928 ], [ -76.943154454495087, 35.289247344864776 ], [ -76.94340378498427, 35.289432846687184 ], [ -76.94365383745351, 35.289619885302095 ], [ -76.943902838000525, 35.289806884739662 ], [ -76.943903145450321, 35.289807115172941 ], [ -76.944152991622886, 35.289994000067722 ], [ -76.944402940018762, 35.290180960847493 ], [ -76.944651939261959, 35.290366960844857 ], [ -76.944901991397757, 35.290553999856016 ], [ -76.945151837478591, 35.290740884212674 ], [ -76.945400632004166, 35.290927729968004 ], [ -76.94540135171178, 35.290928267947166 ], [ -76.945650785538589, 35.291113846996659 ], [ -76.945900991620462, 35.291300999918818 ], [ -76.946150837228785, 35.291487885173311 ], [ -76.946399837006425, 35.291674884621237 ], [ -76.946400144802666, 35.291675115314384 ], [ -76.946649785267979, 35.291861846085126 ], [ -76.946650197421334, 35.291862153549872 ], [ -76.946899631396974, 35.292047731676895 ], [ -76.947148838655153, 35.292234885000575 ], [ -76.947149145279738, 35.292235114814936 ], [ -76.94739899078283, 35.292421999864956 ], [ -76.947648939636778, 35.29260896084029 ], [ -76.947897939091177, 35.292794960928063 ], [ -76.948147990719562, 35.292982000215872 ], [ -76.948397991390095, 35.293169000058285 ], [ -76.948647837208398, 35.293355885214524 ], [ -76.948896631843368, 35.293542730380913 ], [ -76.948897351560618, 35.293543268365312 ], [ -76.949146785675211, 35.293728846939565 ], [ -76.949396837617599, 35.293915884643319 ], [ -76.949645837991397, 35.294102884438537 ], [ -76.949646145476748, 35.294103114899023 ], [ -76.949895785448021, 35.29428984595571 ], [ -76.949896197588458, 35.294290153411914 ], [ -76.950145785004068, 35.294475846380628 ], [ -76.950395837091492, 35.294662884641326 ], [ -76.95064483739219, 35.294849884844858 ], [ -76.950645145260694, 35.294850115592503 ], [ -76.95089478518743, 35.295036846146871 ], [ -76.950895197324954, 35.295037153600148 ], [ -76.951144729397484, 35.295222804934525 ], [ -76.951415944058951, 35.295425964875719 ], [ -76.951643889057621, 35.295596922749425 ], [ -76.951644093620942, 35.295597075966995 ], [ -76.951893991343738, 35.295783999800882 ], [ -76.952143939580395, 35.295970960841302 ], [ -76.952392939730927, 35.296156961283081 ], [ -76.952642990862316, 35.296343999808023 ], [ -76.952892785281406, 35.29653084590128 ], [ -76.952893197219979, 35.296531153206502 ], [ -76.953017581165341, 35.2966236948279 ], [ -76.953142737150642, 35.29671780909004 ], [ -76.95314324872885, 35.296718192505963 ], [ -76.95339193933917, 35.296903960310509 ], [ -76.953641990968919, 35.297090999656007 ], [ -76.953891991282831, 35.297278000207022 ], [ -76.954141939757776, 35.297464961404316 ], [ -76.954390939253159, 35.297650961268985 ], [ -76.954640991597756, 35.297837999876577 ], [ -76.954890990960322, 35.298025000049883 ], [ -76.955140939777664, 35.298211961033694 ], [ -76.955389939381732, 35.298397961452224 ], [ -76.95563999157838, 35.298584999479708 ], [ -76.955889991007069, 35.298772000150919 ], [ -76.956139938706244, 35.298958960632412 ], [ -76.956388939335625, 35.29914496056962 ], [ -76.956638991173406, 35.299331999580055 ], [ -76.956888990808011, 35.299518999935628 ], [ -76.957138846507178, 35.299705891246113 ], [ -76.957139136910286, 35.299706108056725 ], [ -76.957397743350853, 35.299898815090643 ], [ -76.957637889177448, 35.300078923468249 ], [ -76.957638093784027, 35.30007907671812 ], [ -76.95788799097852, 35.300265999978748 ], [ -76.958137938978425, 35.300452960663911 ], [ -76.958386938898229, 35.300638960901239 ], [ -76.958636835926058, 35.300825883289662 ], [ -76.958637147807991, 35.300826116103714 ], [ -76.958782964122562, 35.30093474449037 ], [ -76.958788839460809, 35.300939476384443 ], [ -76.95880196104892, 35.300950886751409 ], [ -76.958816558570462, 35.30096243293292 ], [ -76.958874846261295, 35.301004279835141 ], [ -76.958887282466492, 35.301012523146618 ], [ -76.958900298596149, 35.301019816414247 ], [ -76.959171346456486, 35.301158670053645 ], [ -76.959194177579391, 35.301170575599365 ], [ -76.95919584665107, 35.301171436013725 ], [ -76.959455800414787, 35.30130390247124 ], [ -76.959740743997784, 35.301449873224442 ], [ -76.959741239764867, 35.30145012632542 ], [ -76.960025616598045, 35.301594808983495 ], [ -76.960309865785632, 35.30174093504634 ], [ -76.960310118812473, 35.301741064894337 ], [ -76.960594744091765, 35.301886872972396 ], [ -76.960595239658957, 35.301887125972335 ], [ -76.960879743653877, 35.302031874111783 ], [ -76.961164870493732, 35.302177937868429 ], [ -76.961165112139568, 35.302178061450974 ], [ -76.961448869674001, 35.302322937948823 ], [ -76.961733991454011, 35.302468999752527 ], [ -76.962018742841366, 35.302614872822282 ], [ -76.962019239126349, 35.302615126188087 ], [ -76.962303615909065, 35.302759808550569 ], [ -76.962587617905257, 35.302905808186168 ], [ -76.962588367084251, 35.302906191333427 ], [ -76.962872743830502, 35.303050874202256 ], [ -76.963157991135915, 35.303196999669673 ], [ -76.963442896663082, 35.303342951547165 ], [ -76.963443084942043, 35.303343047873391 ], [ -76.963716959275274, 35.30348298326048 ], [ -76.964002970676432, 35.303628989717737 ], [ -76.964296844421185, 35.303778924838248 ], [ -76.964581864066886, 35.303924935001703 ], [ -76.964865616231691, 35.304070807341908 ], [ -76.964866366109149, 35.304071190847523 ], [ -76.965150743163733, 35.304215873603496 ], [ -76.965435744367653, 35.304361873079756 ], [ -76.965436239489051, 35.30436212585083 ], [ -76.965720616838567, 35.304506809278514 ], [ -76.96600461746219, 35.304652807729312 ], [ -76.966005366470398, 35.304653190788414 ], [ -76.966289743128215, 35.304797873478492 ], [ -76.966574991547532, 35.304943999728593 ], [ -76.966859869949118, 35.305089937554619 ], [ -76.96686011242636, 35.30509006156278 ], [ -76.967143869594793, 35.305234937534479 ], [ -76.967428742928746, 35.305380873078612 ], [ -76.967429239092226, 35.305381126382599 ], [ -76.96771374330379, 35.305525873824465 ], [ -76.967998864243228, 35.305671935158216 ], [ -76.968282504696958, 35.305817749953412 ], [ -76.968283478144855, 35.30581824702837 ], [ -76.968560531224213, 35.305958766436 ], [ -76.968852645303443, 35.30610882241276 ], [ -76.968853339545362, 35.306109177328999 ], [ -76.96913761656208, 35.306253809576617 ], [ -76.969421616982316, 35.306399807806606 ], [ -76.969422366268248, 35.306400191006695 ], [ -76.969706743438707, 35.30654487328421 ], [ -76.969991992146475, 35.306691000437539 ], [ -76.97027687051488, 35.30683693809128 ], [ -76.970277112962336, 35.306837062084099 ], [ -76.970560870052324, 35.306981937921229 ], [ -76.97084574332456, 35.307127873278617 ], [ -76.970846239477765, 35.307128126577112 ], [ -76.971130718676932, 35.307272861159753 ], [ -76.971407916439503, 35.307414961389703 ], [ -76.97169964358379, 35.307564821078586 ], [ -76.971700338893484, 35.30756517654396 ], [ -76.971984743361745, 35.307709873890822 ], [ -76.972269744246461, 35.307855872894372 ], [ -76.972270239347836, 35.30785612565473 ], [ -76.972554743484466, 35.308000873321113 ], [ -76.972839871034509, 35.308146937731145 ], [ -76.972840112574787, 35.308147061260044 ], [ -76.973123870541613, 35.30829193847822 ], [ -76.973408991551494, 35.308437999810856 ], [ -76.973693743793262, 35.308583872697206 ], [ -76.973694239319627, 35.308584125675971 ], [ -76.973978724463436, 35.308728864075526 ], [ -76.974257836714486, 35.308871920496465 ], [ -76.974258146573789, 35.308872078971731 ], [ -76.974547854590341, 35.309019930144615 ], [ -76.974832744350721, 35.309165872801067 ], [ -76.974833239473739, 35.309166125573441 ], [ -76.975117742990193, 35.309310873456774 ], [ -76.975402870425739, 35.309456937784454 ], [ -76.975403112397757, 35.309457061533749 ], [ -76.97568686990499, 35.309601937626717 ], [ -76.975971991574056, 35.309748000184022 ], [ -76.976256744052108, 35.309893873166786 ], [ -76.976257239570003, 35.309894126141202 ], [ -76.976541743648454, 35.310038874166715 ], [ -76.976826870759439, 35.310184937805516 ], [ -76.976827112266903, 35.310185061317192 ], [ -76.977110869870216, 35.310329937873135 ], [ -76.977395744358788, 35.310475872738031 ], [ -76.977396239501317, 35.310476125520395 ], [ -76.977680743233122, 35.310620873505755 ], [ -76.977965864750772, 35.310766934777739 ], [ -76.978249616743852, 35.310912807212375 ], [ -76.978250366655175, 35.31091319073569 ], [ -76.97853474343772, 35.311057873467199 ], [ -76.978819887196522, 35.311203946001115 ], [ -76.9788200966603, 35.311204053149055 ], [ -76.979097954396224, 35.311345980822203 ], [ -76.979389971491045, 35.311494989833058 ], [ -76.979673869961715, 35.311639937414313 ], [ -76.979958743564296, 35.311785873255936 ], [ -76.979959239872031, 35.311786126633599 ], [ -76.980243742883715, 35.311930873334127 ], [ -76.980528991196564, 35.312077000078745 ], [ -76.980813870824349, 35.312222937625698 ], [ -76.98081411245532, 35.312223061201017 ], [ -76.981097869912091, 35.31236793811771 ], [ -76.981382744008826, 35.312513873147168 ], [ -76.981383239407336, 35.312514126060393 ], [ -76.981667743770473, 35.31265887421592 ], [ -76.981952743596835, 35.312804873144692 ], [ -76.98195323893691, 35.3128051260273 ], [ -76.982237742891016, 35.312949873585829 ], [ -76.982522870284299, 35.313095937839144 ], [ -76.982523112193036, 35.313096061556102 ], [ -76.982806869445852, 35.313240937593875 ], [ -76.983091990883864, 35.313386999981134 ], [ -76.983376743047472, 35.313532872751175 ], [ -76.98337723881221, 35.31353312585108 ], [ -76.983661743233839, 35.31367787350387 ], [ -76.983946870148131, 35.313823937900857 ], [ -76.983947112313231, 35.313824061749024 ], [ -76.984230870123682, 35.313968937943052 ], [ -76.984515743303774, 35.314114872629979 ], [ -76.9845162389623, 35.314115125675713 ], [ -76.984800743125646, 35.314259873333498 ], [ -76.985085744310098, 35.314405872908296 ], [ -76.985086239369338, 35.314406125647942 ], [ -76.985370616597521, 35.314550809246541 ], [ -76.985654618174308, 35.314696807976077 ], [ -76.985655366961879, 35.314697190922374 ], [ -76.985939743494512, 35.314841873781688 ], [ -76.986224991862983, 35.314988000114866 ], [ -76.98650974364476, 35.315133873184685 ], [ -76.986510239583041, 35.315134126373749 ], [ -76.986794743112256, 35.315278873716665 ], [ -76.987079122298624, 35.315424554108738 ], [ -76.987080865910826, 35.315425436590722 ], [ -76.987115132992756, 35.315442570162354 ], [ -76.987363981227105, 35.315569995064621 ], [ -76.987648743881024, 35.315715873288084 ], [ -76.987649239814317, 35.315716126473887 ], [ -76.987933743778385, 35.315860873634257 ], [ -76.988218743917315, 35.316006872800806 ], [ -76.988219239236557, 35.316007125672961 ], [ -76.988503743223418, 35.31615187336719 ], [ -76.98878887071848, 35.316297937751848 ], [ -76.988789112571268, 35.3162980614403 ], [ -76.989072869854539, 35.316442937684656 ], [ -76.989357743565108, 35.316588873244768 ], [ -76.98935823939054, 35.316589126376471 ], [ -76.98964274288852, 35.316733873958476 ], [ -76.989927743183785, 35.316879873312097 ], [ -76.989928238950441, 35.316880126412059 ], [ -76.990212742868877, 35.317024873278903 ], [ -76.990497864402727, 35.317170935259078 ], [ -76.990781617495699, 35.317316807103808 ], [ -76.990782366715806, 35.317317190272412 ], [ -76.991066743754487, 35.317461873371968 ], [ -76.991351743927268, 35.317607873052076 ], [ -76.991352239235582, 35.317608125919534 ], [ -76.991636743453711, 35.317752874246622 ], [ -76.991921744316954, 35.317898873345442 ], [ -76.991922239356256, 35.317899126074408 ], [ -76.992206616408367, 35.318043809314027 ], [ -76.992490618075337, 35.318189807855511 ], [ -76.99249136642743, 35.318190190579635 ], [ -76.992775743225835, 35.318334874215509 ], [ -76.99306074357186, 35.318480873180349 ], [ -76.99306123887682, 35.318481126044702 ], [ -76.993345743252107, 35.3186258736593 ], [ -76.993630743761756, 35.318771873225622 ], [ -76.993631239062921, 35.318772126088938 ], [ -76.993915743457279, 35.318916874235427 ], [ -76.994200870035229, 35.319062937993181 ], [ -76.994201112111654, 35.319063061795681 ], [ -76.994484869592284, 35.319207937535666 ], [ -76.994769743911675, 35.319353872705342 ], [ -76.99477023926751, 35.319354125596902 ], [ -76.995054743313105, 35.319498873702607 ], [ -76.995339875867145, 35.319644941019952 ], [ -76.995340107548287, 35.319645059515032 ], [ -76.995433794927635, 35.319692899771752 ], [ -76.995434188774013, 35.319693100336011 ], [ -76.995624678223948, 35.319789841202216 ], [ -76.995909744191039, 35.319935873500626 ], [ -76.99591023923081, 35.319936126229557 ], [ -76.996194617042377, 35.320080809704102 ], [ -76.996478866026749, 35.320226934886328 ], [ -76.996479118356888, 35.320227064376731 ], [ -76.996763743590819, 35.320372873062453 ], [ -76.996764239765014, 35.32037312637231 ], [ -76.997048743731796, 35.320517873905821 ], [ -76.997333743871039, 35.320663873386408 ], [ -76.99733423961392, 35.320664126474632 ], [ -76.997618743172694, 35.32080887341192 ], [ -76.997903743200226, 35.320954873354005 ], [ -76.997904239208779, 35.320955126578298 ], [ -76.998188616716405, 35.321099809366352 ], [ -76.99847261743983, 35.321245807853018 ], [ -76.998473366345351, 35.321246190859839 ], [ -76.998757743820065, 35.3213908741564 ], [ -76.99904274339336, 35.321536873086586 ], [ -76.999043238948332, 35.321537126078766 ], [ -76.9993277433272, 35.321681873551896 ], [ -76.999612744024745, 35.32182787303239 ], [ -76.999613239307052, 35.321828125885801 ], [ -76.99989774384153, 35.321972873960462 ], [ -77.000182744359691, 35.322118872958228 ], [ -77.000183239188715, 35.322119125580336 ], [ -77.000467616830704, 35.322263809617624 ], [ -77.00075161764893, 35.322409807896271 ], [ -77.000752366292659, 35.322410190769219 ], [ -77.001036743378151, 35.322554874138099 ], [ -77.001321744616959, 35.322700873092053 ], [ -77.001322239173561, 35.322701125574845 ], [ -77.001606743600263, 35.322845874253758 ], [ -77.001891744408127, 35.322991873507263 ], [ -77.001892239415625, 35.322992126220363 ], [ -77.002176743433935, 35.323136874302762 ], [ -77.002461744153422, 35.323282873118735 ], [ -77.002462238975866, 35.323283125737007 ], [ -77.002746743844554, 35.32342787423395 ], [ -77.003031870777988, 35.323573938226168 ], [ -77.003032112775713, 35.323574061988531 ], [ -77.003315870361703, 35.323718937992368 ], [ -77.003600743653053, 35.323864873232154 ], [ -77.003601239703187, 35.323865126477997 ], [ -77.003885743518921, 35.32400987366524 ], [ -77.004170743792713, 35.324155872901834 ], [ -77.004171239061449, 35.324156125748289 ], [ -77.004455684741671, 35.32430084388016 ], [ -77.004722649414504, 35.324437824360857 ], [ -77.00472333464181, 35.324438174289909 ], [ -77.005025706427006, 35.324591855681867 ], [ -77.00531074409497, 35.324737873382553 ], [ -77.005311239223843, 35.324738126156646 ], [ -77.005595616847501, 35.324882809256508 ], [ -77.005879618466878, 35.32502880795105 ], [ -77.00588036685231, 35.325029190692597 ], [ -77.006164743384716, 35.325173874302806 ], [ -77.006449743631492, 35.325319873242357 ], [ -77.006450238894388, 35.325320126085352 ], [ -77.006734743050046, 35.325464873698124 ], [ -77.007019743324349, 35.325610873169488 ], [ -77.007020238852391, 35.325611126148289 ], [ -77.007304743857773, 35.325755874175236 ], [ -77.007589743994146, 35.325901873184364 ], [ -77.007590239252906, 35.325902126025476 ], [ -77.007874743149145, 35.326046873639932 ], [ -77.008159744274693, 35.32619287313122 ], [ -77.008160239261301, 35.326193125833825 ], [ -77.0084447433143, 35.326337874050438 ], [ -77.008729870649674, 35.326483937805655 ], [ -77.008730112144306, 35.326484061310779 ], [ -77.009013870393403, 35.326628938223671 ], [ -77.009298743966283, 35.326774873165157 ], [ -77.009299239545967, 35.326775126170865 ], [ -77.009583744033549, 35.326919874205089 ], [ -77.009868740141528, 35.327065870865859 ], [ -77.009869243867414, 35.327066128014046 ], [ -77.01015574528617, 35.327211874496271 ], [ -77.010442865748317, 35.327358935733493 ], [ -77.010443116903431, 35.327359064150009 ], [ -77.010730871486999, 35.32750593822734 ], [ -77.010731112068257, 35.327506060818834 ], [ -77.011017745378211, 35.32765187512517 ], [ -77.011304991119857, 35.32779900034496 ], [ -77.01159174485197, 35.327945874113638 ], [ -77.011592237574931, 35.327946125624173 ], [ -77.011878745110351, 35.328091874317543 ], [ -77.012165866663878, 35.328238936109663 ], [ -77.012166117294214, 35.328239064258327 ], [ -77.01245387007468, 35.328385938479769 ], [ -77.01245411162374, 35.328386061564487 ], [ -77.012740745062203, 35.328531875035402 ], [ -77.013027745695666, 35.328678873796761 ], [ -77.013028237094701, 35.328679124631286 ], [ -77.013314745085509, 35.328824874774689 ], [ -77.013601991282513, 35.328971999799137 ], [ -77.013888620882383, 35.3291188095601 ], [ -77.013889363227477, 35.329119187834472 ], [ -77.014176620232888, 35.329264811553543 ], [ -77.014463992059135, 35.329412000558079 ], [ -77.014750745843259, 35.329558873739082 ], [ -77.014751237839775, 35.329559124879012 ], [ -77.015037745163369, 35.329704874323177 ], [ -77.015324621278523, 35.329851809790625 ], [ -77.0153253632065, 35.329852187852104 ], [ -77.01561261992731, 35.329997811717 ], [ -77.015899992113347, 35.330145000661929 ], [ -77.016186745560489, 35.330291873970403 ], [ -77.016187237819764, 35.330292125244519 ], [ -77.016473745560134, 35.330437874667624 ], [ -77.016760992178604, 35.330585000204529 ], [ -77.017047620652647, 35.33073181023093 ], [ -77.017048363456411, 35.330732188739994 ], [ -77.017335619601027, 35.330877811932822 ], [ -77.017622746669559, 35.33102487441559 ], [ -77.01762323770015, 35.331025125060911 ], [ -77.017909745151286, 35.331170874644457 ], [ -77.018196991363283, 35.331318000273818 ], [ -77.018483620775498, 35.331464809624869 ], [ -77.018484363133126, 35.331465187904783 ], [ -77.018771619828215, 35.33161081112867 ], [ -77.01905899264689, 35.331758000693604 ], [ -77.019345744644681, 35.331904874102278 ], [ -77.019346237611188, 35.331905125737606 ], [ -77.01963274495948, 35.332050874368683 ], [ -77.019919745962596, 35.332197874398929 ], [ -77.01992023796906, 35.332198125544309 ], [ -77.020206870162809, 35.33234393871539 ], [ -77.020494865620094, 35.332490936190474 ], [ -77.020781745277489, 35.332637873606501 ], [ -77.020782236963697, 35.332638124588172 ], [ -77.021068744903374, 35.332783874738503 ], [ -77.021355745031329, 35.332930873711717 ], [ -77.02135623712104, 35.332931124898394 ], [ -77.021642870780155, 35.333076938041017 ], [ -77.021930865884642, 35.333223935618406 ], [ -77.022217744756901, 35.333370873844011 ], [ -77.022218237604037, 35.333371125418331 ], [ -77.022504745082145, 35.333516874190146 ], [ -77.022791991123995, 35.333664000329051 ], [ -77.02307862042376, 35.333810810220299 ], [ -77.023079363242147, 35.333811188735339 ], [ -77.023366619491995, 35.333956811396177 ], [ -77.023653745968588, 35.334103874471339 ], [ -77.023654237694899, 35.334104125472109 ], [ -77.02394074524949, 35.334249874590604 ], [ -77.024227866537188, 35.334396935675258 ], [ -77.024228117054648, 35.334397063765813 ], [ -77.024515871164198, 35.334543938324131 ], [ -77.02451611234018, 35.334544061218772 ], [ -77.024802745739436, 35.334689875085409 ], [ -77.025089746050057, 35.334836874021583 ], [ -77.025090237861008, 35.334837125066244 ], [ -77.025376745221919, 35.334982874393958 ], [ -77.025663866104097, 35.335129935571707 ], [ -77.025664116630224, 35.335130063666938 ], [ -77.025951870200871, 35.335276938233378 ], [ -77.025952111631, 35.33527706125755 ], [ -77.026238745452901, 35.335422875106261 ], [ -77.026525745359208, 35.335569874135075 ], [ -77.02652623743252, 35.335570125313716 ], [ -77.026812745205973, 35.335715874618437 ], [ -77.027099865448619, 35.335862935768553 ], [ -77.027100116697369, 35.335863064232889 ], [ -77.027387871003626, 35.336009938003343 ], [ -77.027388111706301, 35.336010060656463 ], [ -77.027674745598446, 35.336155874848863 ], [ -77.027961746334697, 35.336302874058994 ], [ -77.027962237868849, 35.336303124962932 ], [ -77.028248870169733, 35.336448938464855 ], [ -77.028536865558934, 35.336595936038854 ], [ -77.028823745056897, 35.336742873599036 ], [ -77.028824236984761, 35.336743124704022 ], [ -77.029110745622205, 35.336888874944982 ], [ -77.029397745956302, 35.337035874248862 ], [ -77.029398237752744, 35.337036125286737 ], [ -77.029684870690332, 35.337181938879745 ], [ -77.029972865297481, 35.337328935426079 ], [ -77.030259745603274, 35.337475874066271 ], [ -77.030260237889351, 35.337476125354627 ], [ -77.03054674489276, 35.337621874702165 ], [ -77.030833621008213, 35.337768810137653 ], [ -77.030834362975185, 35.337769188218822 ], [ -77.031121619834707, 35.337914812043145 ], [ -77.031408746377252, 35.338061874227627 ], [ -77.03140923718307, 35.338062124758551 ], [ -77.031695745338595, 35.338207875126486 ], [ -77.031982866395282, 35.338354936078339 ], [ -77.031983116957164, 35.338355064191546 ], [ -77.032270870922972, 35.338501938571582 ], [ -77.03227111248124, 35.338502061660613 ], [ -77.032557745200535, 35.338647874303284 ], [ -77.032844745743361, 35.338794874251832 ], [ -77.032845237976872, 35.338795125512981 ], [ -77.033131870589756, 35.338940938590945 ], [ -77.033419865618072, 35.339087935852092 ], [ -77.033706744622094, 35.339234873998635 ], [ -77.033707237433333, 35.339235125554438 ], [ -77.033993744886274, 35.339380874240341 ], [ -77.034280465111337, 35.339527730910589 ], [ -77.034281518670525, 35.339528266614479 ], [ -77.034385541687982, 35.339580773002609 ], [ -77.03456590984473, 35.339672958876001 ], [ -77.034850743296431, 35.339818872773193 ], [ -77.034851238668224, 35.339819125672292 ], [ -77.03513599164252, 35.339964000058927 ], [ -77.035420743428347, 35.340108873733108 ], [ -77.035705743615779, 35.340254873052906 ], [ -77.035706239053994, 35.340255125985813 ], [ -77.035990743713512, 35.340399873910862 ], [ -77.036275743859619, 35.340545872818389 ], [ -77.036276238844252, 35.340546125519836 ], [ -77.036560743657205, 35.340690874045556 ], [ -77.036845744607916, 35.340836873341154 ], [ -77.036846239504598, 35.340837125997822 ], [ -77.037130956088873, 35.340981982420018 ], [ -77.037311277915734, 35.341073637247057 ], [ -77.037312697757784, 35.341074373276768 ], [ -77.037380572755652, 35.341110250398735 ], [ -77.037383421961678, 35.341111727298149 ], [ -77.042063453303285, 35.343490202187105 ], [ -77.0420703748173, 35.343494072680308 ], [ -77.042140547920084, 35.343537053145553 ], [ -77.042153713912299, 35.343544448681477 ], [ -77.042261689557662, 35.343599845411653 ], [ -77.042262293569777, 35.343600154006403 ], [ -77.042546990709042, 35.343744999864306 ], [ -77.042831743233265, 35.343889873621663 ], [ -77.043116744371758, 35.344035873086078 ], [ -77.04311723951669, 35.344036125869181 ], [ -77.043401743960786, 35.344180873933347 ], [ -77.043686743822931, 35.344326872898534 ], [ -77.04368723878423, 35.344327125588464 ], [ -77.043971990898442, 35.344472000183515 ], [ -77.044256743148878, 35.344616874198749 ], [ -77.044541743695319, 35.344762872839404 ], [ -77.044542238654472, 35.344763125527074 ], [ -77.044826743793763, 35.344907873800878 ], [ -77.045111744186002, 35.345053872882261 ], [ -77.045112239326173, 35.345054125662926 ], [ -77.045396743130823, 35.345198873410624 ], [ -77.045681744512734, 35.345344872974266 ], [ -77.045682239380525, 35.345345125616312 ], [ -77.045966990856385, 35.345489999895463 ], [ -77.046251743073483, 35.345634873361419 ], [ -77.04653674392965, 35.345780873435139 ], [ -77.046537239968117, 35.34578112667414 ], [ -77.046821743452469, 35.345925873204195 ], [ -77.047106743480185, 35.346071873006771 ], [ -77.047107238881026, 35.346072125921637 ], [ -77.0473919906904, 35.346217000226432 ], [ -77.047676728018004, 35.346361865972874 ], [ -77.047677255598259, 35.346362133408412 ], [ -77.047775209834441, 35.346411605427477 ], [ -77.047961480443661, 35.346507736238067 ], [ -77.047962510679938, 35.346508264153876 ], [ -77.048246869948542, 35.346652938618497 ], [ -77.048532870127559, 35.346798937821958 ], [ -77.048533112434797, 35.346799061308907 ], [ -77.048817867800238, 35.34694393727564 ], [ -77.0493878679017, 35.347234936348841 ], [ -77.049388115399097, 35.347235062485751 ], [ -77.049672743187941, 35.347379873960364 ], [ -77.049957743887816, 35.347525872885939 ], [ -77.049958239013293, 35.347526125658582 ], [ -77.05024299108716, 35.347670999436609 ], [ -77.050527743145082, 35.347815873469017 ], [ -77.050812743674129, 35.347961873086533 ], [ -77.050813239247745, 35.347962126088539 ], [ -77.05109799080779, 35.348106999479398 ], [ -77.05138274374336, 35.348251874202624 ], [ -77.051667743903565, 35.34839787350159 ], [ -77.051668239475603, 35.348398126502566 ], [ -77.051952742789126, 35.348542873467117 ], [ -77.052237744033263, 35.348688873295039 ], [ -77.052238239601365, 35.348689126293969 ], [ -77.052522991762146, 35.348833999846448 ], [ -77.052807743164408, 35.348978873817103 ], [ -77.05309280484741, 35.349124904477989 ], [ -77.05309317837451, 35.34912509533325 ], [ -77.053663929768732, 35.349415968819443 ], [ -77.053948991721697, 35.349560999890272 ], [ -77.054233694222006, 35.349705848833672 ], [ -77.054387884021082, 35.349784944860438 ], [ -77.054388100028333, 35.349785055501982 ], [ -77.054518802653092, 35.349851902901349 ], [ -77.054519180352216, 35.349852095569432 ], [ -77.054803968458089, 35.349996988589957 ], [ -77.054913625362758, 35.350052814089793 ], [ -77.055088228393188, 35.350142607243605 ], [ -77.055089760031009, 35.350143386616971 ], [ -77.055233226362361, 35.350215615120462 ], [ -77.055373610907367, 35.35028780440409 ], [ -77.055374380482988, 35.350288198038839 ], [ -77.055658743684432, 35.350432874212451 ], [ -77.055943743612957, 35.350578873103011 ], [ -77.055944238988715, 35.35057912600363 ], [ -77.056228991063747, 35.350723999637211 ], [ -77.056513743253063, 35.35086887359148 ], [ -77.056798743981332, 35.351014873127383 ], [ -77.056799239536133, 35.351015126119499 ], [ -77.057083869629508, 35.351159937566784 ], [ -77.057369870308236, 35.35130593788363 ], [ -77.057370113171146, 35.351306061654022 ], [ -77.057654991306791, 35.351450999818191 ], [ -77.057939743363121, 35.351595874099253 ], [ -77.058224744959077, 35.351741873011257 ], [ -77.058225239335897, 35.351742125402197 ], [ -77.058509990803046, 35.351886999906824 ], [ -77.058794743471992, 35.352031873832345 ], [ -77.059079743441387, 35.352177873235838 ], [ -77.059080239258648, 35.352178126361927 ], [ -77.05936474305399, 35.352322873279988 ], [ -77.059649744152765, 35.352468873236234 ], [ -77.059650239697007, 35.352469126223369 ], [ -77.059934991497684, 35.352613999842376 ], [ -77.06021986985715, 35.352758938113517 ], [ -77.060505869165382, 35.35290493782054 ], [ -77.06050611254004, 35.352905061851366 ], [ -77.06079099153628, 35.35304999951309 ], [ -77.061075743461728, 35.353194874240728 ], [ -77.061360743411626, 35.353340873348138 ], [ -77.061361239222919, 35.353341126470688 ], [ -77.061645743202774, 35.353485873210239 ], [ -77.061930743541168, 35.3536318730335 ], [ -77.061931239347928, 35.35363212615465 ], [ -77.062215991330433, 35.353776999593485 ], [ -77.062500743520488, 35.353921873400495 ], [ -77.062785743577479, 35.354067872951127 ], [ -77.06278623892986, 35.354068125840875 ], [ -77.06307086452, 35.35421293576055 ], [ -77.063071117232255, 35.354213064108471 ], [ -77.063356616896556, 35.354357809761765 ], [ -77.063641817046985, 35.354503910939876 ], [ -77.063642166652727, 35.354504089601505 ], [ -77.063845734994146, 35.354607868786225 ], [ -77.063846248914516, 35.354608129850554 ], [ -77.063926806790889, 35.35464890618038 ], [ -77.064211743779353, 35.35479387364515 ], [ -77.064496744146396, 35.354939873457589 ], [ -77.064497239676129, 35.354940126437747 ], [ -77.064781743198054, 35.3550848739984 ], [ -77.065066744693496, 35.355230873453429 ], [ -77.065067239500166, 35.355231126064091 ], [ -77.065351990332701, 35.355375999972935 ], [ -77.065636743236695, 35.355520873745263 ], [ -77.065921618835901, 35.355666808575251 ], [ -77.065922365594488, 35.355667189148242 ], [ -77.066207865215048, 35.355811936447481 ], [ -77.066492742780824, 35.355956873292534 ], [ -77.066777743642646, 35.356102873069432 ], [ -77.066778239164847, 35.356103126045262 ], [ -77.067062990710355, 35.356247999521081 ], [ -77.067347743429252, 35.356392873314768 ], [ -77.06763274419832, 35.356538872914832 ], [ -77.067633239265703, 35.356539125659033 ], [ -77.067917990730379, 35.356683999879699 ], [ -77.068202869444164, 35.356828937650484 ], [ -77.068488869779245, 35.356974937968957 ], [ -77.068489112812728, 35.356975061826283 ], [ -77.068773991401201, 35.357120000053669 ], [ -77.069058743317669, 35.357264873185137 ], [ -77.06934374337483, 35.357410873067941 ], [ -77.06934423915817, 35.357411126177524 ], [ -77.069628742944445, 35.357555873590869 ], [ -77.069913743922797, 35.357701873010747 ], [ -77.069914238983401, 35.357702125751004 ], [ -77.070198990761469, 35.357846999858815 ], [ -77.070483825704969, 35.357991915088157 ], [ -77.070663873182355, 35.358083939646164 ], [ -77.07066411059273, 35.358084060790183 ], [ -77.070769926319784, 35.358137966821147 ], [ -77.070914764938038, 35.358211884473143 ], [ -77.070915218723442, 35.358212115332648 ], [ -77.071054875694855, 35.358282941021415 ], [ -77.071339743798717, 35.358427873716394 ], [ -77.07162474392328, 35.358573873347183 ], [ -77.071625239700282, 35.35857412645305 ], [ -77.071909991640524, 35.358718999847703 ], [ -77.072194743787932, 35.358863873610446 ], [ -77.072479743908502, 35.359009873109315 ], [ -77.072480239230345, 35.359010125983374 ], [ -77.072764864744244, 35.359154935841786 ], [ -77.072765117511551, 35.359155064217603 ], [ -77.07305061714051, 35.359299809719715 ], [ -77.073335744777808, 35.359445873666075 ], [ -77.073336239730082, 35.359446126350591 ], [ -77.073620991208259, 35.359591000167704 ], [ -77.073905742688112, 35.35973587333693 ], [ -77.074190743191068, 35.359881873134263 ], [ -77.074191238959315, 35.359882126235625 ], [ -77.074475991111981, 35.360026999728802 ], [ -77.074760870005377, 35.360171937966719 ], [ -77.075046870403355, 35.360317937665286 ], [ -77.075047112927905, 35.360318061263122 ], [ -77.075331991686838, 35.360462999953008 ], [ -77.075616743758161, 35.36060787353896 ], [ -77.075901743839026, 35.360753872857821 ], [ -77.075902239150523, 35.360754125726345 ], [ -77.076186990929969, 35.360898999687244 ], [ -77.076471743883815, 35.361043873966494 ], [ -77.076756617806311, 35.361189808527712 ], [ -77.076757365131257, 35.36119018938939 ], [ -77.077042864926881, 35.361334936225646 ], [ -77.077327743710214, 35.361479874171337 ], [ -77.077612744274262, 35.361625872930333 ], [ -77.077613239128723, 35.361626125564925 ], [ -77.077897991638309, 35.361771000013107 ], [ -77.078182743094231, 35.361915873818432 ], [ -77.078467618496632, 35.362061808696396 ], [ -77.078468365739312, 35.362062189515214 ], [ -77.078753864774285, 35.362206935691795 ], [ -77.079038743329875, 35.362351874178749 ], [ -77.079323744184933, 35.36249787319111 ], [ -77.079324239217073, 35.362498125916289 ], [ -77.079608991058379, 35.36264299977092 ], [ -77.079893742883399, 35.362787873879839 ], [ -77.080178617474886, 35.362933808990618 ], [ -77.080179365442618, 35.362934190178727 ], [ -77.080464864639296, 35.363078935624081 ], [ -77.080749743362546, 35.363223873400486 ], [ -77.081034743864919, 35.363369872879154 ], [ -77.081035239159533, 35.363370125738996 ], [ -77.081319991369895, 35.363514999897241 ], [ -77.081604743355371, 35.363659873292455 ], [ -77.081888445869112, 35.363805208613556 ], [ -77.081891550271607, 35.363806765063508 ], [ -77.081942266990183, 35.363831644206002 ], [ -77.081943709786401, 35.363832366469971 ], [ -77.082175853194229, 35.36395092922109 ], [ -77.082176130042711, 35.363951070345038 ], [ -77.082460991421726, 35.364096000179693 ], [ -77.082745743376293, 35.364240873693511 ], [ -77.08303074437562, 35.36438687288031 ], [ -77.083031239395297, 35.364387125599322 ], [ -77.083315991056423, 35.364531999487362 ], [ -77.0836008700864, 35.364676937897869 ], [ -77.083886869783043, 35.364822937727546 ], [ -77.083887112497962, 35.364823061422648 ], [ -77.084171991397099, 35.364968000287099 ], [ -77.084456743716714, 35.365112874102635 ], [ -77.084741743914989, 35.365258873527786 ], [ -77.084742239651106, 35.365259126612429 ], [ -77.085026991472745, 35.365403999786814 ], [ -77.08531186983447, 35.365548937603783 ], [ -77.085597870065158, 35.365694937790558 ], [ -77.085598112947778, 35.365695061571053 ], [ -77.085882991186253, 35.365839999845946 ], [ -77.086167743268987, 35.36598487419888 ], [ -77.08645274387149, 35.366130873024943 ], [ -77.086453239151055, 35.366131125875903 ], [ -77.086737865910351, 35.366275935538347 ], [ -77.086738117582442, 35.366276063358164 ], [ -77.087023865520692, 35.366420936124918 ], [ -77.087308743354299, 35.366565874366984 ], [ -77.087593743521964, 35.366711873098872 ], [ -77.08759423879826, 35.366712125948396 ], [ -77.087878990957421, 35.36685699954505 ], [ -77.088163869438532, 35.367001937673344 ], [ -77.08844986960267, 35.367147938025845 ], [ -77.088450112912582, 35.367148062023901 ], [ -77.088734991063234, 35.367292999592991 ], [ -77.089019743257296, 35.367437874253078 ], [ -77.089304816974902, 35.367583910766626 ], [ -77.089305166120752, 35.367584089193933 ], [ -77.089508734580178, 35.367687869174787 ], [ -77.089509248583212, 35.367688130282815 ], [ -77.089589698618212, 35.367728852268876 ], [ -77.089783651669904, 35.367827826227483 ], [ -77.089784332598683, 35.367828172067384 ], [ -77.089874767493143, 35.367873886444109 ], [ -77.09016386656802, 35.368020936514363 ], [ -77.090451991549287, 35.3681679999953 ], [ -77.09073999160006, 35.368315000166014 ], [ -77.091027746185105, 35.368461874371441 ], [ -77.091028237561105, 35.368462124323962 ], [ -77.09131587007262, 35.368607938213593 ], [ -77.091604866584461, 35.368754936323079 ], [ -77.091892991435174, 35.368902000004063 ], [ -77.092180991104271, 35.369049000247024 ], [ -77.0924687451772, 35.369195874457965 ], [ -77.092469236815177, 35.369196124543741 ], [ -77.092756869770952, 35.369341938393312 ], [ -77.093045866382596, 35.369488936803059 ], [ -77.093333990825016, 35.369635999087052 ], [ -77.093621990914883, 35.369782999811967 ], [ -77.093909991352234, 35.369929999493991 ], [ -77.094197621508627, 35.370076811325745 ], [ -77.094198362652037, 35.370077187679911 ], [ -77.09448662029925, 35.370222812825112 ], [ -77.094774991823314, 35.370370000687309 ], [ -77.095062991010977, 35.370516999762394 ], [ -77.095350866264098, 35.370663935815557 ], [ -77.095351115958039, 35.370664063042838 ], [ -77.095639866670737, 35.370810936305489 ], [ -77.095927745765607, 35.370957874567559 ], [ -77.095928237732466, 35.370958124820476 ], [ -77.096215745542111, 35.371103874798301 ], [ -77.096503991812384, 35.37125100031276 ], [ -77.096791866041713, 35.371397936110455 ], [ -77.096792116191168, 35.371398063569657 ], [ -77.097080866094558, 35.37154493575926 ], [ -77.097368745128037, 35.3716918742563 ], [ -77.097369236907085, 35.371692124414466 ], [ -77.097656745809317, 35.371837875591503 ], [ -77.097944991400169, 35.371985000116076 ], [ -77.098232866695213, 35.372131936180651 ], [ -77.098233116139113, 35.372132063280738 ], [ -77.098521866582985, 35.372278936906461 ], [ -77.09880974627356, 35.372425874552235 ], [ -77.098810237068136, 35.372426124209298 ], [ -77.099097745231944, 35.372571875826303 ], [ -77.099385610862299, 35.372718806137492 ], [ -77.099386372095822, 35.372719192635074 ], [ -77.099484603042143, 35.372768803561613 ], [ -77.099674985455081, 35.372865996459701 ], [ -77.09996299143296, 35.373012999727763 ], [ -77.100250991287666, 35.373160000105976 ], [ -77.100538745450294, 35.373306874403077 ], [ -77.100539237062748, 35.373307124475993 ], [ -77.10082649642959, 35.373452749028615 ], [ -77.100827487033214, 35.373453247762029 ], [ -77.100858304920237, 35.373468656505217 ], [ -77.101117944072413, 35.373600975825092 ], [ -77.101407746611272, 35.373748875189065 ], [ -77.101408235122065, 35.373749123655166 ], [ -77.101697747098456, 35.373895876132217 ], [ -77.101987991192175, 35.374044000472985 ], [ -77.102277991185204, 35.374191999843767 ], [ -77.102567747696369, 35.374339875174428 ], [ -77.102568235690683, 35.374340123377813 ], [ -77.102857746841323, 35.374486875949287 ], [ -77.103147991523926, 35.374635000014393 ], [ -77.103437747072505, 35.374782875512807 ], [ -77.103438235773979, 35.374783124075762 ], [ -77.10372774734924, 35.374929876075647 ], [ -77.10401799198344, 35.375077999862548 ], [ -77.10430799153113, 35.375225999632455 ], [ -77.104597747468418, 35.375373875296155 ], [ -77.104598235720488, 35.375374123631246 ], [ -77.104887747462925, 35.37552087659968 ], [ -77.105177991628679, 35.375669000115828 ], [ -77.105467746977013, 35.375816875226739 ], [ -77.105468235227178, 35.375817123560445 ], [ -77.105757746695659, 35.375963876142933 ], [ -77.106047867785975, 35.376111936962999 ], [ -77.106048115585963, 35.376112063208531 ], [ -77.106338867506039, 35.376259936730392 ], [ -77.106628747109639, 35.376407875000204 ], [ -77.106629235515143, 35.376408123412219 ], [ -77.106918747431095, 35.376554875651948 ], [ -77.107208991504052, 35.376702999742108 ], [ -77.107498747642452, 35.376850875334945 ], [ -77.10749923562048, 35.376851123530841 ], [ -77.107788746983175, 35.376997876693167 ], [ -77.108078991485925, 35.377146000208569 ], [ -77.108368747318352, 35.377293875393171 ], [ -77.108369235559124, 35.377294123721825 ], [ -77.108658747566267, 35.377440876424046 ], [ -77.108948991237767, 35.377588999261917 ], [ -77.109238748561694, 35.377736875866766 ], [ -77.109239234975504, 35.377737123270428 ], [ -77.109455987163926, 35.377846997536516 ], [ -77.109528744114257, 35.377883874279576 ], [ -77.109818868130134, 35.378031936687009 ], [ -77.109819115496151, 35.378032062711895 ], [ -77.11010986716613, 35.378179937091794 ], [ -77.110399746954016, 35.378327875031211 ], [ -77.1104002349025, 35.378328123210849 ], [ -77.110689747505688, 35.37847487630907 ], [ -77.110979991192067, 35.378622999777441 ], [ -77.111269746726848, 35.378770875180884 ], [ -77.1112702352235, 35.378771123639865 ], [ -77.11155974741753, 35.378917876283722 ], [ -77.11184999137862, 35.379065999639835 ], [ -77.112139747402111, 35.379213875407778 ], [ -77.112140235811339, 35.379214123822635 ], [ -77.112429746800345, 35.379360876148532 ], [ -77.112719991618945, 35.379509000057865 ], [ -77.113009747463082, 35.379656875482219 ], [ -77.113010235870391, 35.379657123895683 ], [ -77.113299870738217, 35.379803938768404 ], [ -77.113590867289247, 35.379951936263588 ], [ -77.113880991790722, 35.380100000268399 ], [ -77.114170747697429, 35.380247875688511 ], [ -77.114171236101654, 35.380248124100355 ], [ -77.11446074655835, 35.380394875879823 ], [ -77.114750992121898, 35.380543000247833 ], [ -77.115040747637892, 35.380690875216516 ], [ -77.115041235858584, 35.380691123534895 ], [ -77.115330747257005, 35.380837875915368 ], [ -77.115620991580286, 35.380985999942602 ], [ -77.115910746543705, 35.381133875288576 ], [ -77.115911235471614, 35.381134123966547 ], [ -77.116200871229523, 35.381280938597435 ], [ -77.116491876681906, 35.381428941498122 ], [ -77.116785868380646, 35.381578937538436 ], [ -77.11678611344378, 35.381579062358597 ], [ -77.117080991576799, 35.381728999981142 ], [ -77.117375868886739, 35.381878937905618 ], [ -77.117669868855188, 35.382028937774535 ], [ -77.11767011364941, 35.38202906245764 ], [ -77.117964990737335, 35.382178999717567 ], [ -77.118259990863692, 35.382328999175144 ], [ -77.118554750055907, 35.382478877755638 ], [ -77.118638826129782, 35.382521914844908 ], [ -77.118639158738787, 35.382522084709969 ], [ -77.118848916133416, 35.382628962038666 ], [ -77.119143991253523, 35.382779000245478 ], [ -77.119438990681658, 35.382928999695224 ], [ -77.119733629116752, 35.383078816136496 ], [ -77.120027629901301, 35.383229814294388 ], [ -77.120028353497304, 35.383230184075884 ], [ -77.120322991312321, 35.383379999648795 ], [ -77.120617869260187, 35.383529937501159 ], [ -77.120911869107687, 35.383679937491436 ], [ -77.120912113742548, 35.383680062093653 ], [ -77.121206991670292, 35.383830000295603 ], [ -77.121501990889726, 35.383979999980454 ], [ -77.121796868724743, 35.384129937580298 ], [ -77.122090868460461, 35.384279937331954 ], [ -77.122091113101732, 35.384280061937282 ], [ -77.122385990904121, 35.384429999880382 ], [ -77.122680974568297, 35.384579991829867 ], [ -77.122967865790173, 35.384725935928195 ], [ -77.123253619112361, 35.384871809678245 ], [ -77.123254364727075, 35.384872188342932 ], [ -77.123540617991424, 35.385016811690484 ], [ -77.123826866553188, 35.385162936478203 ], [ -77.123827117368819, 35.385163064292676 ], [ -77.124113991695026, 35.38530899988185 ], [ -77.124400865120435, 35.385454935801604 ], [ -77.12468686566902, 35.38560093555985 ], [ -77.124687116897391, 35.385601063585682 ], [ -77.124973991173505, 35.385746999891474 ], [ -77.125260865077564, 35.385892935342753 ], [ -77.125546865488275, 35.386038935782089 ], [ -77.125547117171578, 35.386039064039991 ], [ -77.125832134702492, 35.386184055629442 ], [ -77.125835866497383, 35.386185905376173 ], [ -77.125862367359801, 35.386198699119227 ], [ -77.125863610777216, 35.38619931005676 ], [ -77.125888220097181, 35.386211613889294 ], [ -77.126119846241934, 35.386329926209108 ], [ -77.126120140738252, 35.38633007632815 ], [ -77.126406991144066, 35.386475999365175 ], [ -77.126693865440089, 35.386621936255651 ], [ -77.126979865057891, 35.386767935725558 ], [ -77.12698011656795, 35.386768063894849 ], [ -77.12726699111586, 35.386913999955283 ], [ -77.127553865728615, 35.387059936294975 ], [ -77.127839865218775, 35.387205935540202 ], [ -77.127840116733623, 35.38720606371178 ], [ -77.12812674406986, 35.387351873843848 ], [ -77.128127238327096, 35.387352124416033 ], [ -77.128413618078795, 35.387496811181819 ], [ -77.128699866592854, 35.387642936021884 ], [ -77.128700116985698, 35.387643063621347 ], [ -77.128986865554836, 35.387788936169507 ], [ -77.129272865706753, 35.387934935553801 ], [ -77.129273116961215, 35.387935063592749 ], [ -77.129559735206698, 35.388080869428514 ], [ -77.129560247045362, 35.388081128882803 ], [ -77.12975519285672, 35.38817959688172 ], [ -77.129846455225504, 35.388226722575048 ], [ -77.129847543789822, 35.388227280473664 ], [ -77.130135990313036, 35.388373999787916 ], [ -77.130424866478108, 35.388520936416427 ], [ -77.130425115178014, 35.388521062699219 ], [ -77.130714622750475, 35.38866781263755 ], [ -77.131003748362787, 35.388815874921555 ], [ -77.131004236235697, 35.388816123920378 ], [ -77.131292867340747, 35.388962936581954 ], [ -77.131293115781418, 35.388963062733929 ], [ -77.131582866914357, 35.389109937344948 ], [ -77.131871746450457, 35.389256875698592 ], [ -77.132160623897221, 35.389404811421493 ], [ -77.132161360583993, 35.389405186762794 ], [ -77.132450866750418, 35.389551936962441 ], [ -77.132739991657857, 35.389699000264351 ], [ -77.133028746660628, 35.389845875492533 ], [ -77.133317623760391, 35.389993811032575 ], [ -77.133318360715393, 35.389994186509824 ], [ -77.133607867303695, 35.390140936371054 ], [ -77.133896991105146, 35.3902879996539 ], [ -77.13418586684837, 35.390434936666807 ], [ -77.134186115750964, 35.390435063052855 ], [ -77.134475774261972, 35.390581889686821 ], [ -77.134726416852232, 35.390709706429121 ], [ -77.134727563040656, 35.390710300292646 ], [ -77.134763756970642, 35.390729350482999 ], [ -77.134766234892894, 35.390730632712675 ], [ -77.13505386710149, 35.390876936973008 ], [ -77.135054116008959, 35.390877063361337 ], [ -77.13534386668448, 35.391023936474838 ], [ -77.135632746946953, 35.391170875795368 ], [ -77.135921623296142, 35.391318811166272 ], [ -77.135922360259215, 35.391319186648168 ], [ -77.136211866493468, 35.391465936527794 ], [ -77.136500983396274, 35.391612995445627 ], [ -77.136793991575956, 35.391761999741526 ], [ -77.137086868892965, 35.39191093768391 ], [ -77.137087114416332, 35.391911062328134 ], [ -77.137380627426367, 35.392059815300932 ], [ -77.137673751259555, 35.39220987730782 ], [ -77.137674233014835, 35.392210123116399 ], [ -77.137966991438148, 35.392359000267447 ], [ -77.138259991331736, 35.392507999497717 ], [ -77.138552991157525, 35.392656999800828 ], [ -77.138845868081702, 35.392805937799977 ], [ -77.138846113876369, 35.392806062581904 ], [ -77.139139868778798, 35.392954937841552 ], [ -77.139432750132983, 35.393103877357198 ], [ -77.139725750602281, 35.39325387678597 ], [ -77.13972623241672, 35.393254122625578 ], [ -77.140018990761959, 35.393403000188655 ], [ -77.140311869078204, 35.393551937502522 ], [ -77.140312113916721, 35.393552061798715 ], [ -77.140605868033518, 35.393700937244553 ], [ -77.140898991437055, 35.393850000280288 ], [ -77.141191990784321, 35.393999000268316 ], [ -77.141484991308417, 35.394147999595788 ], [ -77.141777873582697, 35.394296939896712 ], [ -77.142071873166728, 35.394446939332802 ], [ -77.142072109268838, 35.394447059595734 ], [ -77.14236499149925, 35.394596000260151 ], [ -77.142657857760128, 35.394744932630296 ], [ -77.142945621943909, 35.394891811161507 ], [ -77.142946362189477, 35.394892187057707 ], [ -77.143234620591159, 35.395037812701105 ], [ -77.143521426463892, 35.395184200893034 ], [ -77.143524527994828, 35.395185853306231 ], [ -77.143573043797787, 35.395212806464698 ], [ -77.143581034017274, 35.395217012290104 ], [ -77.143811344141241, 35.39533167787971 ], [ -77.144099871397913, 35.395477938758084 ], [ -77.144388866567581, 35.39562493650493 ], [ -77.144676990744742, 35.395771999856926 ], [ -77.144964838828713, 35.395918922198177 ], [ -77.144965143361645, 35.395919077308896 ], [ -77.145205642922392, 35.396041314613264 ], [ -77.145208350205749, 35.396042664960291 ], [ -77.145253234718382, 35.396064630238207 ], [ -77.145254740492518, 35.396065382898961 ], [ -77.145541866160301, 35.396211936068106 ], [ -77.145542115869148, 35.39621206330272 ], [ -77.145830869959781, 35.396358937968287 ], [ -77.145831111873733, 35.396359060811271 ], [ -77.146118870643591, 35.396504938178971 ], [ -77.146407866544067, 35.396651936098706 ], [ -77.146695866405679, 35.396798936189235 ], [ -77.146696116460333, 35.396799063600369 ], [ -77.146984870044406, 35.396945938023528 ], [ -77.146985111948482, 35.396946060861502 ], [ -77.147272745518521, 35.39709187479523 ], [ -77.147560866594219, 35.397238935917905 ], [ -77.147561116162436, 35.397239063080882 ], [ -77.1478498709712, 35.397385938281147 ], [ -77.147850112333174, 35.39738606084444 ], [ -77.148137870202476, 35.39753193904334 ], [ -77.148426866205483, 35.397678936274851 ], [ -77.148714867005239, 35.397825936124256 ], [ -77.148715116357323, 35.397826063177405 ], [ -77.149003869639586, 35.397972938159192 ], [ -77.149004111791172, 35.397973061123245 ], [ -77.149291870767556, 35.398118938837207 ], [ -77.149580865895686, 35.398265936180856 ], [ -77.149868620885471, 35.3984128105945 ], [ -77.149869361694698, 35.398413186776935 ], [ -77.150157620997348, 35.398558812305552 ], [ -77.150445863331981, 35.398705934222818 ], [ -77.150446120682702, 35.398706065343184 ], [ -77.150736867157491, 35.398853936523359 ], [ -77.151026867286475, 35.399001936695228 ], [ -77.15102711519738, 35.399002062998086 ], [ -77.151317990421632, 35.399150000087786 ], [ -77.151608747937075, 35.399297876070499 ], [ -77.151609235400585, 35.399298123151233 ], [ -77.151899623808845, 35.399444814049801 ], [ -77.152189868364374, 35.399592937229201 ], [ -77.152190115457842, 35.39959306311485 ], [ -77.152480990823193, 35.399741000220644 ], [ -77.152771867059954, 35.399888936528114 ], [ -77.153061867002876, 35.400036936302634 ], [ -77.153062114745637, 35.400037062519722 ], [ -77.15335299110599, 35.400185000229918 ], [ -77.153643747613998, 35.400332876285667 ], [ -77.153644235516325, 35.400333123589043 ], [ -77.153934623189073, 35.400479813802363 ], [ -77.15422486828399, 35.40062793732104 ], [ -77.154225115831508, 35.400628063437665 ], [ -77.154515991671857, 35.400775999916554 ], [ -77.154806867481057, 35.400923936592193 ], [ -77.155096866770705, 35.401071936643213 ], [ -77.155097114969237, 35.40107206309262 ], [ -77.155387990710793, 35.401220000162482 ], [ -77.155678748281957, 35.401367875890813 ], [ -77.155679235469421, 35.40136812283162 ], [ -77.155969623275439, 35.401514813708417 ], [ -77.156259867960429, 35.401662936718118 ], [ -77.156260115076805, 35.401663062615206 ], [ -77.156550990712034, 35.401810999575446 ], [ -77.156841991455494, 35.401958999834299 ], [ -77.157132788585216, 35.402106897292484 ], [ -77.157133193721521, 35.402107102763303 ], [ -77.157219525822669, 35.402150764163721 ], [ -77.157422729511921, 35.402254866275662 ], [ -77.157423254426675, 35.402255134216084 ], [ -77.157713747733141, 35.402402876127596 ], [ -77.157714235177423, 35.402403123199122 ], [ -77.158004623604143, 35.402549814447426 ], [ -77.158294871981852, 35.402697939040699 ], [ -77.158295110701303, 35.402698060666694 ], [ -77.158583870301626, 35.402844938250269 ], [ -77.158584111836717, 35.402845060901278 ], [ -77.158871745221973, 35.402990875588806 ], [ -77.159159866758202, 35.403137936269218 ], [ -77.159160115678773, 35.40313806310219 ], [ -77.159448869614252, 35.403284938501344 ], [ -77.159449112305282, 35.403285061738934 ], [ -77.159736870344688, 35.403430937968722 ], [ -77.160025870771591, 35.403577938091843 ], [ -77.160026112192057, 35.403578060684779 ], [ -77.160313745322185, 35.403723875518104 ], [ -77.160601867572609, 35.403870936286339 ], [ -77.160602116234756, 35.403871062987626 ], [ -77.160890632441365, 35.404017817715399 ], [ -77.160891350757097, 35.404018181271141 ], [ -77.161029533399471, 35.404087769604452 ], [ -77.161178967686581, 35.404163987370488 ], [ -77.161466620964575, 35.404310810862128 ], [ -77.161467361907114, 35.404311187114459 ], [ -77.161755620857477, 35.404456813183906 ], [ -77.162043746929982, 35.404603875088263 ], [ -77.16204423740119, 35.404604124578853 ], [ -77.162331870580445, 35.404749938738327 ], [ -77.162620866598303, 35.404896936348273 ], [ -77.162908744943294, 35.40504387477332 ], [ -77.162909237233777, 35.405044125191232 ], [ -77.163196870667136, 35.405189938740115 ], [ -77.163485871082273, 35.405336938372166 ], [ -77.163486112474004, 35.405337060950131 ], [ -77.16377374542175, 35.405482875267424 ], [ -77.164061621290514, 35.405629811286325 ], [ -77.164062362272944, 35.405630187556014 ], [ -77.164350620836572, 35.405775812267535 ], [ -77.164638863086424, 35.405922934679502 ], [ -77.164639120718988, 35.405923065943696 ], [ -77.164929867762794, 35.406070937376136 ], [ -77.164930115126523, 35.406071062967321 ], [ -77.165221867520899, 35.406218936701869 ], [ -77.165512991306088, 35.406366999947913 ], [ -77.165803871881863, 35.406514939017015 ], [ -77.166094680600281, 35.406663331288961 ], [ -77.166097281848721, 35.40666470725526 ], [ -77.166382486081659, 35.40682098368471 ], [ -77.166393674508228, 35.406826665452904 ], [ -77.166676605518347, 35.406959349958974 ], [ -77.16667935550106, 35.406960691305017 ], [ -77.166969867953483, 35.407107937281815 ], [ -77.167260991107725, 35.407255999652818 ], [ -77.1675518683343, 35.407403936831969 ], [ -77.16755211500552, 35.40740406207177 ], [ -77.167843867584821, 35.407551936860017 ], [ -77.16813499162177, 35.407699999771964 ], [ -77.168425867079605, 35.407847937229391 ], [ -77.16842611472687, 35.407848062964909 ], [ -77.168717867630619, 35.407995937090135 ], [ -77.169008991635565, 35.408143999708621 ], [ -77.169299871895305, 35.408291939331903 ], [ -77.169591872753827, 35.40844093912083 ], [ -77.169592110357485, 35.408441060163696 ], [ -77.169882991631752, 35.408589000180108 ], [ -77.170173868320518, 35.408736937165891 ], [ -77.170174115269958, 35.408737062546777 ], [ -77.170465868189027, 35.408884937015543 ], [ -77.170756991860898, 35.409032999821591 ], [ -77.17104786825962, 35.409180937294586 ], [ -77.171048115214361, 35.409181062678705 ], [ -77.171339868174272, 35.409328937792552 ], [ -77.171630991464241, 35.409477000128383 ], [ -77.171921867697918, 35.40962493724119 ], [ -77.171922114657548, 35.409625062627548 ], [ -77.172213867366679, 35.409772937327766 ], [ -77.172504991668745, 35.409921000269946 ], [ -77.172795872025986, 35.410068939203512 ], [ -77.173087872404963, 35.410217939400795 ], [ -77.173088110420238, 35.410218060653527 ], [ -77.173378990818634, 35.410366000028361 ], [ -77.173669868046957, 35.410513937460543 ], [ -77.173670114752312, 35.410514062717866 ], [ -77.17396186747591, 35.410661937761418 ], [ -77.174252991238504, 35.410809999874907 ], [ -77.174543868413437, 35.410957937003609 ], [ -77.174544114680501, 35.410958062038553 ], [ -77.174835867672613, 35.411105937842578 ], [ -77.17512699105373, 35.411253999486256 ], [ -77.175417867691138, 35.411401936976503 ], [ -77.175418114669895, 35.411402062372709 ], [ -77.175709867894881, 35.411549937467328 ], [ -77.176000868004593, 35.411697937050619 ], [ -77.176001114881856, 35.411698062394777 ], [ -77.176292867780873, 35.411845936828506 ], [ -77.176583991437752, 35.411993999668454 ], [ -77.176874872199278, 35.412141939402026 ], [ -77.177166741722118, 35.41229087298202 ], [ -77.177167240087059, 35.412291126407602 ], [ -77.17746299071878, 35.412440999855406 ], [ -77.177758751548296, 35.412590878642661 ], [ -77.178054752840055, 35.412741878161029 ], [ -77.17805523071145, 35.4127421211316 ], [ -77.178350752290584, 35.412891879018218 ], [ -77.178646752453247, 35.413042877932831 ], [ -77.17864723014749, 35.41304312081359 ], [ -77.178942990850061, 35.413193000219351 ], [ -77.179238751568676, 35.413342878894106 ], [ -77.179534752764567, 35.413493878298191 ], [ -77.179535230631743, 35.413494121266517 ], [ -77.179830752224504, 35.413643879103802 ], [ -77.180126753392258, 35.413794877921603 ], [ -77.180127230822436, 35.413795120667551 ], [ -77.180422991544987, 35.413945000027105 ], [ -77.180718752021178, 35.414094878522754 ], [ -77.181014751890956, 35.414245877729257 ], [ -77.181015230273459, 35.414246120959497 ], [ -77.181310752118435, 35.414395878327923 ], [ -77.181606752073122, 35.414546877915001 ], [ -77.18160723045284, 35.414547121144381 ], [ -77.181902991682648, 35.414697000163834 ], [ -77.182198916284548, 35.414846961775019 ], [ -77.182326702292684, 35.414911853321776 ], [ -77.182494642696327, 35.414997820809546 ], [ -77.182495342499266, 35.414998177301342 ], [ -77.182782991450253, 35.415144000045814 ], [ -77.183070745325992, 35.415289875310684 ], [ -77.183358746316401, 35.415436874713563 ], [ -77.183359237250301, 35.415437124440999 ], [ -77.18364699086473, 35.415583000050965 ], [ -77.183934745249601, 35.415728874839331 ], [ -77.184222746131709, 35.41587587489785 ], [ -77.184223237509769, 35.415876124851657 ], [ -77.184510990665203, 35.416022000035667 ], [ -77.184798745242944, 35.416167875639232 ], [ -77.185086745783764, 35.416314874416948 ], [ -77.185087236531942, 35.416315124049554 ], [ -77.185374990851756, 35.416461 ], [ -77.185662745106725, 35.416606875246678 ], [ -77.185950746505071, 35.416753874629364 ], [ -77.185951237430629, 35.416754124352181 ], [ -77.186238991424503, 35.416899999944157 ], [ -77.186526745219382, 35.417045874764263 ], [ -77.186814746375177, 35.417192874735036 ], [ -77.186815237745392, 35.417193124684481 ], [ -77.187102991282416, 35.417338999851566 ], [ -77.187390745050223, 35.417484875375472 ], [ -77.187678745623174, 35.417631874852098 ], [ -77.187679237259104, 35.417632124935906 ], [ -77.187966991526622, 35.417777999738867 ], [ -77.188254744836314, 35.417923874837314 ], [ -77.188542745164924, 35.418070874901147 ], [ -77.188543237245483, 35.418071125211569 ], [ -77.188830734610463, 35.418216869586729 ], [ -77.189112937211249, 35.418360951199105 ], [ -77.189117069333491, 35.41836300117523 ], [ -77.189444783834844, 35.41852089998914 ], [ -77.189770767146129, 35.418678891664051 ], [ -77.189771215174204, 35.418679108118347 ], [ -77.190096824295765, 35.418835919279701 ], [ -77.190406408009125, 35.418985717676556 ], [ -77.190407570874811, 35.418986289683687 ], [ -77.190418251373885, 35.418991629596803 ], [ -77.190422786626627, 35.418994205904227 ], [ -77.190425398051346, 35.418998721027265 ], [ -77.190525795077633, 35.419195691208003 ], [ -77.190527744393236, 35.419200020991404 ], [ -77.190526551606112, 35.419204617088972 ], [ -77.190417809793587, 35.419553339570648 ], [ -77.190412923944081, 35.419572193686548 ], [ -77.190409895182313, 35.419591433640136 ], [ -77.190381901016352, 35.419851016794027 ], [ -77.190380778720211, 35.419868958968358 ], [ -77.190381272082163, 35.419886929437524 ], [ -77.190383377116092, 35.419904783008612 ], [ -77.190425142344353, 35.420159818049967 ], [ -77.190427110132646, 35.420170129463663 ], [ -77.190472905916934, 35.420380026819352 ], [ -77.190473726731568, 35.420384988983677 ], [ -77.190472515796401, 35.420389870627602 ], [ -77.190393186192367, 35.420651845691403 ], [ -77.190388776457127, 35.420669162793274 ], [ -77.190385930039952, 35.420686804383088 ], [ -77.190357420444897, 35.420933017194884 ], [ -77.190356103102474, 35.420954010669469 ], [ -77.190356997955021, 35.420975026392277 ], [ -77.190375479208782, 35.421168640724083 ], [ -77.190375699440892, 35.421173965138962 ], [ -77.19037421845654, 35.421179084179776 ], [ -77.190263551492166, 35.421496525634439 ], [ -77.190261787342166, 35.421500906528919 ], [ -77.190259616608472, 35.421505100855349 ], [ -77.19012537800495, 35.421736879934365 ], [ -77.190122807049065, 35.421740868422681 ], [ -77.190119868560046, 35.421744594430727 ], [ -77.189782361712901, 35.422133009938953 ], [ -77.18977144438702, 35.422146747617411 ], [ -77.189761773224276, 35.422161389353136 ], [ -77.189753422671302, 35.422176822437038 ], [ -77.189597802117319, 35.422497271859072 ], [ -77.189595843607293, 35.422500912679411 ], [ -77.189593318928317, 35.422504168472003 ], [ -77.189353198262467, 35.422788820477777 ], [ -77.18934132589861, 35.422804379783621 ], [ -77.189331031154282, 35.422821025000985 ], [ -77.189322412613251, 35.422838596733186 ], [ -77.189315552807741, 35.422856926711098 ], [ -77.189310517428126, 35.422875839404561 ], [ -77.189239800547483, 35.423205585205274 ], [ -77.189236773435127, 35.42322373846978 ], [ -77.189235427826446, 35.423242093135634 ], [ -77.189235775115534, 35.423260493782678 ], [ -77.189237812361696, 35.423278784601401 ], [ -77.189278983611416, 35.423538948455217 ], [ -77.189325042819888, 35.423830985525022 ], [ -77.18932620257209, 35.423843084930468 ], [ -77.189341740627412, 35.424290794269631 ], [ -77.189341203193322, 35.424305166623881 ], [ -77.189332033479559, 35.424388616263066 ], [ -77.189299013974406, 35.424678804322753 ], [ -77.189257778625603, 35.425034928593377 ], [ -77.189256454051119, 35.42505899239687 ], [ -77.189258033541549, 35.425083040813583 ], [ -77.189295438313295, 35.425378633729458 ], [ -77.189295795780282, 35.425382990439907 ], [ -77.189295003846652, 35.425387289457383 ], [ -77.189218780462923, 35.425718531459104 ], [ -77.189215696282758, 35.425735101089941 ], [ -77.189214018155099, 35.425751871561644 ], [ -77.189190190137779, 35.426165206967433 ], [ -77.189190071854867, 35.426185950213295 ], [ -77.189192102759435, 35.426206594138947 ], [ -77.189230983246958, 35.426463947078695 ], [ -77.189272930645728, 35.426742599336464 ], [ -77.189273052734293, 35.426743399358926 ], [ -77.189315201043144, 35.42701589107606 ], [ -77.189317044440514, 35.427026061487489 ], [ -77.189382978809789, 35.42734293968487 ], [ -77.189449979204014, 35.427665939421367 ], [ -77.189516456292793, 35.427985426143046 ], [ -77.189517594666185, 35.427990558018053 ], [ -77.189631038427976, 35.428471958184538 ], [ -77.189631820255372, 35.428476025314687 ], [ -77.189631917473463, 35.428480151494398 ], [ -77.189624991735599, 35.428871999997412 ], [ -77.189618206945539, 35.429255809698105 ], [ -77.18961925834482, 35.429280126471568 ], [ -77.189624903763516, 35.429334162706041 ], [ -77.189625085772889, 35.429335836632042 ], [ -77.189643145601224, 35.429495667656148 ], [ -77.189645652600788, 35.429511869820949 ], [ -77.189649478231289, 35.429527812209173 ], [ -77.18965277789512, 35.429539439694778 ], [ -77.189658822607711, 35.429557438927894 ], [ -77.189666546922837, 35.429574783837786 ], [ -77.189675881222968, 35.429591318098701 ], [ -77.189686741380171, 35.429606892691105 ], [ -77.18969902951433, 35.429621367244707 ], [ -77.189891563963471, 35.429827472591974 ], [ -77.189894352701799, 35.429830585865901 ], [ -77.190265271207451, 35.430262503681512 ], [ -77.190273868137012, 35.43027411917739 ], [ -77.190535447540256, 35.430686984111915 ], [ -77.1905377900042, 35.430691101883276 ], [ -77.19053973107772, 35.430695423389174 ], [ -77.190692958976854, 35.431085114297922 ], [ -77.190700812678188, 35.43110258198287 ], [ -77.19071030116082, 35.431119218368885 ], [ -77.190863897781512, 35.431360852089185 ], [ -77.191025388396312, 35.431615888601563 ], [ -77.191027774178892, 35.431620096054097 ], [ -77.191029301387942, 35.431624685521918 ], [ -77.191175703193593, 35.432148393442468 ], [ -77.191176758086328, 35.432153007289152 ], [ -77.191176014492214, 35.432157681414502 ], [ -77.19109146913928, 35.432563119151077 ], [ -77.191087968950086, 35.432587093178753 ], [ -77.191051004422988, 35.433024191023456 ], [ -77.191050412343699, 35.433047950938573 ], [ -77.191052643000518, 35.433071613319989 ], [ -77.191120355001743, 35.433509421290339 ], [ -77.191124746916131, 35.433530343123472 ], [ -77.191198885032804, 35.433808603136526 ], [ -77.191199097985347, 35.433809395861353 ], [ -77.191275548871658, 35.434091674311503 ], [ -77.191276690245232, 35.434097047063844 ], [ -77.191277233111293, 35.434102512820893 ], [ -77.19129678939133, 35.434548389653941 ], [ -77.191296778793657, 35.434552989341832 ], [ -77.191296344419115, 35.434557568485658 ], [ -77.191230701345702, 35.435020990359298 ], [ -77.191229745516978, 35.435025925811459 ], [ -77.191227817345322, 35.4350305684885 ], [ -77.191043851123695, 35.435417092187983 ], [ -77.191041829879524, 35.435420904647813 ], [ -77.191039191118549, 35.435424298486609 ], [ -77.190969314732001, 35.435506618433962 ], [ -77.190968669699402, 35.435507382194594 ], [ -77.190729560780809, 35.435791942419179 ], [ -77.190726878197879, 35.435794887723837 ], [ -77.190723969209671, 35.435797609645363 ], [ -77.19045615107288, 35.436028861620088 ], [ -77.190455831789421, 35.436029137899475 ], [ -77.190185150474207, 35.436263861445802 ], [ -77.189918585729359, 35.436494032460068 ], [ -77.18991378534264, 35.436497693652704 ], [ -77.189908576860574, 35.436500746726026 ], [ -77.189442337312045, 35.436737287587214 ], [ -77.18943686813374, 35.436739661881774 ], [ -77.189431154298703, 35.436741365194713 ], [ -77.189094991491146, 35.43682000015346 ], [ -77.188760014661526, 35.436898356588912 ], [ -77.188746103870216, 35.436902144213086 ], [ -77.188329490480029, 35.437031879324891 ], [ -77.188308450086311, 35.437039752878135 ], [ -77.188288425442693, 35.437049936426419 ], [ -77.188269669205582, 35.437062301481127 ], [ -77.188153348614478, 35.437148734442047 ], [ -77.188152634746814, 35.437149267358997 ], [ -77.188021223574893, 35.437247825043052 ], [ -77.187746130539793, 35.437452896255344 ], [ -77.187470323698719, 35.43765775240449 ], [ -77.187469658700465, 35.437658248476943 ], [ -77.187154991679364, 35.437893999808416 ], [ -77.186843150475198, 35.438127632710561 ], [ -77.186839907388119, 35.438129868204051 ], [ -77.186836498089008, 35.438131840949303 ], [ -77.18643400965847, 35.438343989947313 ], [ -77.186036382414002, 35.438553683827728 ], [ -77.186031898032624, 35.438555771260276 ], [ -77.186027228841454, 35.438557403958704 ], [ -77.185798116254588, 35.438624963334199 ], [ -77.185797865780827, 35.438625037370237 ], [ -77.185663084662906, 35.438664972229155 ], [ -77.185558321950154, 35.438695902005016 ], [ -77.185096248028856, 35.438830593432762 ], [ -77.185079971790515, 35.438836106856783 ], [ -77.184755086133478, 35.438961962654822 ], [ -77.184754896267862, 35.438962036317101 ], [ -77.18444007176673, 35.43908436340579 ], [ -77.184423364468202, 35.439091750141131 ], [ -77.184407400837614, 35.439100630466648 ], [ -77.183963891508668, 35.439374590673545 ], [ -77.183959897937569, 35.439376811466445 ], [ -77.183955717851646, 35.439378657384673 ], [ -77.183630086574752, 35.439504962769064 ], [ -77.183299236532577, 35.439632905057735 ], [ -77.18296833177078, 35.439759869731297 ], [ -77.182967651544246, 35.439760132150454 ], [ -77.182652184199981, 35.43988249482733 ], [ -77.182638240262122, 35.439888522149197 ], [ -77.182624794016462, 35.439895590422623 ], [ -77.182331991079707, 35.44006400012627 ], [ -77.182032745178319, 35.44023611558935 ], [ -77.182019559937828, 35.440244398517478 ], [ -77.181697162221639, 35.440464883351922 ], [ -77.18169682136886, 35.44046511697519 ], [ -77.181446180740778, 35.440637288944828 ], [ -77.181430530567994, 35.44064921364086 ], [ -77.181416127830829, 35.440662618395464 ], [ -77.181403111921242, 35.440677373475317 ], [ -77.18139160880925, 35.440693336078425 ], [ -77.181381729823769, 35.44071035171622 ], [ -77.18137357057519, 35.440728255708684 ], [ -77.181367210029975, 35.440746874778171 ], [ -77.181362709746509, 35.440766028726387 ], [ -77.181360113279226, 35.440785532178424 ], [ -77.18135001843828, 35.440906669583143 ], [ -77.181349964532345, 35.440907329654159 ], [ -77.181344000542808, 35.440981879175254 ], [ -77.181328566944529, 35.441171914377676 ], [ -77.181326418304891, 35.441185932234411 ], [ -77.181237044160156, 35.44157976869343 ], [ -77.181236939748558, 35.441580231335017 ], [ -77.181148026950979, 35.441976385391513 ], [ -77.181146784221042, 35.441980909758207 ], [ -77.181144324770827, 35.441984905427802 ], [ -77.180977145870244, 35.442229773056908 ], [ -77.180976836813585, 35.442230227070922 ], [ -77.180808250251275, 35.442478618559086 ], [ -77.180638096506371, 35.442726846711032 ], [ -77.18063788571348, 35.442727154841734 ], [ -77.18047167657781, 35.442970601624324 ], [ -77.180464666260036, 35.442981626457026 ], [ -77.180254836844526, 35.443336723368539 ], [ -77.180247524315419, 35.443350261975567 ], [ -77.180241274265967, 35.443364322695466 ], [ -77.180152423751593, 35.443586906961258 ], [ -77.180146783591624, 35.443598722159216 ], [ -77.180127386763715, 35.44363332143061 ], [ -77.180118700409636, 35.443650755405493 ], [ -77.180111751139123, 35.443668951665195 ], [ -77.180106604865344, 35.443687737619889 ], [ -77.180099832089098, 35.443718215190309 ], [ -77.180098847290026, 35.443721955787765 ], [ -77.180097575744853, 35.443725608877919 ], [ -77.180082502950711, 35.443764045161956 ], [ -77.180076355048158, 35.443782251157032 ], [ -77.179979781041098, 35.444121152577473 ], [ -77.179975061041816, 35.444141813522542 ], [ -77.179972553828307, 35.44416285792618 ], [ -77.179972287553653, 35.444184049484456 ], [ -77.179984338865168, 35.444481866456854 ], [ -77.179985637673127, 35.44449792128119 ], [ -77.179988224217553, 35.444513819522427 ], [ -77.180050991681853, 35.444820999668401 ], [ -77.180116991077128, 35.445143999433355 ], [ -77.180151996388304, 35.445315313886212 ], [ -77.180157037691586, 35.445334885193496 ], [ -77.180164028426702, 35.445353847799595 ], [ -77.180172897209346, 35.445372008072219 ], [ -77.180183553477988, 35.445389180571922 ], [ -77.180195888418595, 35.445405189945667 ], [ -77.180209776075756, 35.445419872717409 ], [ -77.180225074638855, 35.445433078957407 ], [ -77.180241627890112, 35.445444673813164 ], [ -77.180259266799823, 35.445454538886487 ], [ -77.18027781125231, 35.445462573442441 ], [ -77.180297071885164, 35.445468695438009 ], [ -77.180316852022855, 35.445472842359834 ], [ -77.180336949685042, 35.445474971862581 ], [ -77.180622293157299, 35.445490686439115 ], [ -77.18062793677629, 35.445491321596052 ], [ -77.180633471369575, 35.4454925952273 ], [ -77.180972297398583, 35.445591215777362 ], [ -77.180977706205852, 35.445592708122383 ], [ -77.181066843983103, 35.445615961654141 ], [ -77.181306759908836, 35.445678939553176 ], [ -77.181634135503202, 35.445765712487919 ], [ -77.181638782162409, 35.445767197462146 ], [ -77.181640022402007, 35.445771915514435 ], [ -77.181702971546429, 35.446071908572165 ], [ -77.181768937634203, 35.446387742661933 ], [ -77.181769045589419, 35.446388256165832 ], [ -77.181830267338114, 35.446677580196365 ], [ -77.18183183383492, 35.446684393054348 ], [ -77.181906086506729, 35.446983304790969 ], [ -77.181913279982922, 35.447006261320645 ], [ -77.182023952080201, 35.447296896759902 ], [ -77.18202403089343, 35.44729710338737 ], [ -77.182137484164343, 35.447594054721691 ], [ -77.182138819883633, 35.447598048928171 ], [ -77.18213981394932, 35.447602141563522 ], [ -77.182195938951651, 35.447884737358983 ], [ -77.182196043974585, 35.447885262481037 ], [ -77.182252887252346, 35.448167517286507 ], [ -77.182253679551593, 35.448173027085097 ], [ -77.182253852052469, 35.448178590884687 ], [ -77.182245998732029, 35.448493688846128 ], [ -77.182245984180867, 35.44849431161812 ], [ -77.182239127279118, 35.448808747269744 ], [ -77.182238075761305, 35.448821187227743 ], [ -77.182168262641284, 35.449293167877165 ], [ -77.18216775468801, 35.449296836293421 ], [ -77.182164529385645, 35.449321830448227 ], [ -77.182163818482564, 35.449325962740893 ], [ -77.18216276309569, 35.449330020743339 ], [ -77.182058067659142, 35.449672748454716 ], [ -77.181951044876371, 35.450019825966514 ], [ -77.181950937701231, 35.450020174667237 ], [ -77.181849845410156, 35.450350155770778 ], [ -77.181845661024482, 35.450366145899579 ], [ -77.18184281126851, 35.450382426937423 ], [ -77.181802030843357, 35.45068969858832 ], [ -77.181801951817746, 35.450690301044673 ], [ -77.181759991528921, 35.451014000116288 ], [ -77.181719609869546, 35.451325509561478 ], [ -77.181717951288178, 35.451350593921291 ], [ -77.181716991756957, 35.451656687283403 ], [ -77.181714993389107, 35.451975688062547 ], [ -77.18171499045522, 35.451976311532817 ], [ -77.181713990694561, 35.45229399822059 ], [ -77.181712991657491, 35.452612685240773 ], [ -77.181711014901339, 35.452927294940515 ], [ -77.181710854690735, 35.45293098927074 ], [ -77.181710421360179, 35.452934661908728 ], [ -77.181653997080659, 35.453296959155537 ], [ -77.181597619842293, 35.453657971451769 ], [ -77.181596829053845, 35.453661960961732 ], [ -77.181595715968115, 35.453665872816991 ], [ -77.181492050916702, 35.453980818775413 ], [ -77.181491932325741, 35.453981180225078 ], [ -77.181389583385993, 35.454294130779317 ], [ -77.18138775600687, 35.454298880249041 ], [ -77.181385000664733, 35.454303158667479 ], [ -77.181213991557769, 35.454541000308865 ], [ -77.181040642475494, 35.454782093849225 ], [ -77.181039319522682, 35.454783891150306 ], [ -77.180821131997149, 35.455073485034681 ], [ -77.180818878654563, 35.455076535586663 ], [ -77.180801981130799, 35.455099871041426 ], [ -77.180798859717598, 35.455103749327058 ], [ -77.180793896369707, 35.455104135976185 ], [ -77.180688156571605, 35.455106968739976 ], [ -77.180685827321383, 35.455107044723292 ], [ -77.180677340978505, 35.455107371065552 ], [ -77.180656554342477, 35.455109260354632 ], [ -77.180636077804223, 35.455113305726258 ], [ -77.180616134380699, 35.455119463120916 ], [ -77.180596941282545, 35.455127665476304 ], [ -77.180487853081459, 35.455181180454595 ], [ -77.180464997914655, 35.455194328364691 ], [ -77.180203553328511, 35.455368625077348 ], [ -77.180202431760264, 35.455369378275009 ], [ -77.180033547412862, 35.455483623384268 ], [ -77.17993168846256, 35.455551535153525 ], [ -77.179930292050003, 35.455552474686172 ], [ -77.179745265781236, 35.455678098015326 ], [ -77.179740876700933, 35.455680757697657 ], [ -77.179736035338493, 35.455682460385262 ], [ -77.179633593920684, 35.455712643531484 ], [ -77.179628969364856, 35.455713768169794 ], [ -77.179624215801553, 35.455713533725991 ], [ -77.179011203796875, 35.455653728090937 ], [ -77.178992268440581, 35.45565278361758 ], [ -77.178973328730535, 35.455653636337686 ], [ -77.178954554858876, 35.455656278588727 ], [ -77.178936115527463, 35.455660686627439 ], [ -77.178768200060716, 35.455709347543781 ], [ -77.178748713051689, 35.455716101930712 ], [ -77.178730025255277, 35.45572482726903 ], [ -77.178712335399965, 35.455735430772343 ], [ -77.178695831601999, 35.455747799681603 ], [ -77.178546190854533, 35.455872500285608 ], [ -77.178541825731088, 35.455875750867563 ], [ -77.178537132039651, 35.455878505835365 ], [ -77.178259075678568, 35.45602189412849 ], [ -77.178254912274809, 35.456023804402541 ], [ -77.178250488194607, 35.456024915221086 ], [ -77.177644937108283, 35.456147947013648 ], [ -77.177625297909444, 35.456152985892253 ], [ -77.177606269796328, 35.456159987273509 ], [ -77.177448225143948, 35.456227420313589 ], [ -77.177429802044728, 35.456236423779181 ], [ -77.177412397661982, 35.456247266308353 ], [ -77.177396194947519, 35.456259833926339 ], [ -77.177381364221461, 35.456273994524558 ], [ -77.177368061381756, 35.456289599249274 ], [ -77.177261160353808, 35.456428871506795 ], [ -77.177257813470007, 35.456432791617921 ], [ -77.177253424360103, 35.456435494323486 ], [ -77.176764513115316, 35.456702529790661 ], [ -77.17675990092404, 35.456704748615365 ], [ -77.176754932333751, 35.456705976867518 ], [ -77.176427797201455, 35.456769173736163 ], [ -77.176408283201809, 35.456773971711691 ], [ -77.176389349175636, 35.456780703680501 ], [ -77.175975413536861, 35.456951758808543 ], [ -77.175969897287757, 35.456953668063129 ], [ -77.175964195479636, 35.456954918518868 ], [ -77.175888200468734, 35.456966966776307 ], [ -77.175887781480455, 35.456967033658437 ], [ -77.175780933345536, 35.456984205824092 ], [ -77.17577598938017, 35.456984748425967 ], [ -77.175771036239084, 35.456984297202951 ], [ -77.175388090837075, 35.456929985072641 ], [ -77.175369385701458, 35.45692822346745 ], [ -77.17535059779712, 35.456928224847168 ], [ -77.17533189292044, 35.456929989199622 ], [ -77.175198166642758, 35.456948975279062 ], [ -77.17519781523454, 35.456949025489195 ], [ -77.175049425081539, 35.456970362256889 ], [ -77.175044998373153, 35.456970797559173 ], [ -77.175040614972332, 35.456970041892859 ], [ -77.17484851102634, 35.456927989723752 ], [ -77.174844055693526, 35.456926796066675 ], [ -77.174839914659032, 35.456924809860695 ], [ -77.174563595053868, 35.4567763243898 ], [ -77.174562385947965, 35.456775679981959 ], [ -77.17450122398337, 35.456743351476668 ], [ -77.174484390332665, 35.456735432321139 ], [ -77.17421486031617, 35.45662363340341 ], [ -77.174198320143134, 35.456617611272293 ], [ -77.174181314525484, 35.456613066786069 ], [ -77.174163975190154, 35.456610035146703 ], [ -77.174146436449107, 35.456608539837532 ], [ -77.174048195449728, 35.456604506580383 ], [ -77.174028057023747, 35.456604694635935 ], [ -77.174008039610001, 35.456606907035578 ], [ -77.17398834618082, 35.45661112134605 ], [ -77.173969176423427, 35.456617294835119 ], [ -77.173950724715127, 35.456625364904916 ], [ -77.173933178152353, 35.456635249726638 ], [ -77.173916714653544, 35.456646849070275 ], [ -77.173901501155115, 35.456660045320923 ], [ -77.173887691918736, 35.456674704671386 ], [ -77.173875426967129, 35.456690678478942 ], [ -77.173864830664343, 35.456707804772556 ], [ -77.173856010454642, 35.456725909895212 ], [ -77.17384905577309, 35.456744810264794 ], [ -77.173844037138693, 35.456764314235528 ], [ -77.173841005439357, 35.456784224041272 ], [ -77.173839991415861, 35.45680433780079 ], [ -77.173839991268096, 35.456871000060566 ], [ -77.173839991091327, 35.457146999605015 ], [ -77.173839991358776, 35.457421999536237 ], [ -77.173839991161756, 35.457698000089962 ], [ -77.173839991428849, 35.457972637926083 ], [ -77.173838992006893, 35.458248638336194 ], [ -77.173838990695671, 35.458249362741213 ], [ -77.173838990959368, 35.458523999874608 ], [ -77.173838991223448, 35.458798999522259 ], [ -77.173838991023288, 35.459074636992355 ], [ -77.173837992037207, 35.459349637096075 ], [ -77.173837990717601, 35.459350364291552 ], [ -77.173837991634386, 35.459625999197328 ], [ -77.173837990793515, 35.459900998865329 ], [ -77.173837991691244, 35.460176999369786 ], [ -77.173837990851467, 35.460451638233891 ], [ -77.173836992489456, 35.460727638113049 ], [ -77.173836991181005, 35.460728361731753 ], [ -77.17383699141773, 35.461003000003686 ], [ -77.173836991675088, 35.461277999490136 ], [ -77.173836991468079, 35.461553636796999 ], [ -77.173835992443301, 35.461828637147484 ], [ -77.173835991123582, 35.461829363552624 ], [ -77.173835990913247, 35.462105000011483 ], [ -77.173835991167167, 35.462379999610562 ], [ -77.173835990956533, 35.46265599987025 ], [ -77.173835991210112, 35.462930636202415 ], [ -77.173834992146908, 35.463205637132454 ], [ -77.173834990827103, 35.463206364374493 ], [ -77.173834991733756, 35.4634819989897 ], [ -77.173834990862431, 35.463756999344788 ], [ -77.173834991748834, 35.464032636592783 ], [ -77.173833992688301, 35.464307637188384 ], [ -77.173833991368483, 35.464308363613917 ], [ -77.173833991151326, 35.464583999908733 ], [ -77.173833991398482, 35.46485899934099 ], [ -77.173833991181056, 35.465134999467644 ], [ -77.173833991407648, 35.465409636526971 ], [ -77.173832992325956, 35.465684636793178 ], [ -77.17383299100608, 35.465685363232517 ], [ -77.173832990785527, 35.465960999613642 ], [ -77.173832991531327, 35.466224999210858 ], [ -77.173832990789123, 35.466511637234099 ], [ -77.173831992788038, 35.466786637107006 ], [ -77.173831991471005, 35.466787362759042 ], [ -77.173831991247056, 35.467062999304623 ], [ -77.173831991467196, 35.467337999455985 ], [ -77.173831991242949, 35.467613999434356 ], [ -77.173831991462791, 35.467888636312949 ], [ -77.17383099232363, 35.468163637324317 ], [ -77.173830991003612, 35.468164363798543 ], [ -77.173830990776267, 35.468439999845423 ], [ -77.173830990993011, 35.46871499990413 ], [ -77.173830990765666, 35.46899063711529 ], [ -77.173829992707809, 35.469265637903952 ], [ -77.173829991390633, 35.469266363589917 ], [ -77.173829991159877, 35.469541999967454 ], [ -77.173829991373239, 35.469816999950936 ], [ -77.173829991142199, 35.470092999780498 ], [ -77.173829991355277, 35.470367636484653 ], [ -77.173828992180333, 35.470642636942564 ], [ -77.17382899086023, 35.470643364237695 ], [ -77.173828991726339, 35.470918999237057 ], [ -77.173828990834608, 35.47119399914834 ], [ -77.173828991700745, 35.471469635865247 ], [ -77.173827992508251, 35.471744636894165 ], [ -77.173827991188091, 35.471745363385061 ], [ -77.17382799093032, 35.472021000104803 ], [ -77.173827991136918, 35.472295999919957 ], [ -77.173827990899071, 35.472571999750343 ], [ -77.173827990661025, 35.472634000066819 ], [ -77.173827991104901, 35.472846636397342 ], [ -77.173826992990627, 35.473121637247381 ], [ -77.173826991673309, 35.473122362952097 ], [ -77.173826991412085, 35.473397999976939 ], [ -77.173826991615343, 35.473672999698877 ], [ -77.173826991374355, 35.473948636178342 ], [ -77.173825992144657, 35.474223636247359 ], [ -77.173825990824398, 35.474224363561291 ], [ -77.173825991660124, 35.474499999217997 ], [ -77.173825990758189, 35.474774999535519 ], [ -77.1738259909378, 35.475049999919925 ], [ -77.17382599069343, 35.475325636704071 ], [ -77.173824992540858, 35.475600637101074 ], [ -77.173824991223441, 35.475601362829913 ], [ -77.173824990955424, 35.47587699968831 ], [ -77.173824991151918, 35.476151999226303 ], [ -77.173824990883901, 35.476427636863207 ], [ -77.173823992714418, 35.476702637175627 ], [ -77.173823991396944, 35.476703362914513 ], [ -77.173823991125516, 35.476978999716948 ], [ -77.173823991298363, 35.477254000262505 ], [ -77.173823991491417, 35.47752899956641 ], [ -77.173823991220004, 35.477804637107141 ], [ -77.173822993030228, 35.478079637337288 ], [ -77.173822991712711, 35.478080363088694 ], [ -77.173822991441028, 35.478352850762654 ], [ -77.173823090581976, 35.478359147512712 ], [ -77.17382689961623, 35.478480075503548 ], [ -77.173826912679019, 35.478485924312317 ], [ -77.17382311512749, 35.478626430120343 ], [ -77.173823077044105, 35.478635571248141 ], [ -77.173824963025382, 35.478736474153443 ], [ -77.173824973484713, 35.478739526221815 ], [ -77.173823005359623, 35.478905816008776 ], [ -77.173822991353148, 35.478908183069045 ], [ -77.173822991521661, 35.479181637893895 ], [ -77.173821992839564, 35.479457638759953 ], [ -77.173821991530289, 35.479458362571158 ], [ -77.173821991716395, 35.479732999548311 ], [ -77.173821990780581, 35.480007999177026 ], [ -77.173821991602807, 35.480283636161396 ], [ -77.173820992279246, 35.480558636350487 ], [ -77.173820990958731, 35.480559363451334 ], [ -77.173820991392517, 35.480825999576183 ], [ -77.17382099083882, 35.481109999617011 ], [ -77.173820991658729, 35.481385998939658 ], [ -77.173820990720756, 35.481660638228163 ], [ -77.173819991999949, 35.481936638540496 ], [ -77.173819990690561, 35.481937362361521 ], [ -77.173819990849651, 35.482212000075421 ], [ -77.173819991008898, 35.482486999949849 ], [ -77.173819990723928, 35.482762637155417 ], [ -77.173818992459658, 35.483037637068577 ], [ -77.173818991141943, 35.483038362850479 ], [ -77.173818990833325, 35.483314000133738 ], [ -77.173818990989204, 35.483589000047495 ], [ -77.173818990700454, 35.483864999970983 ], [ -77.17381899085612, 35.484139636985184 ], [ -77.173817992551974, 35.484414637863466 ], [ -77.173817991234159, 35.484415363684001 ], [ -77.173817990942354, 35.484690999958765 ], [ -77.173817991092321, 35.484961390417467 ], [ -77.173817782222315, 35.484965919287994 ], [ -77.173814891775393, 35.484969412082279 ], [ -77.173506544708573, 35.485308876515212 ], [ -77.173492074597775, 35.485326776831286 ], [ -77.173479757005481, 35.485346221170879 ], [ -77.173351138320982, 35.48557773496222 ], [ -77.173350844308032, 35.485578266083031 ], [ -77.173212937431614, 35.485828283232721 ], [ -77.173211077804666, 35.485831734170695 ], [ -77.173202483943172, 35.485848063136601 ], [ -77.173201477830773, 35.485849926672188 ], [ -77.173073001491659, 35.486081980169679 ], [ -77.172933071888977, 35.486334852921118 ], [ -77.172793138696264, 35.486586734466968 ], [ -77.172792844819554, 35.486587265344227 ], [ -77.172654137555696, 35.486838734349384 ], [ -77.172513990746651, 35.487091000248739 ], [ -77.172374138803349, 35.487342734615375 ], [ -77.172373844642507, 35.487343266005794 ], [ -77.172235138276946, 35.487594734194509 ], [ -77.172094990953497, 35.487847000670911 ], [ -77.171955138613214, 35.488098734537701 ], [ -77.171954844448067, 35.488099265933336 ], [ -77.17181605654693, 35.488350880743539 ], [ -77.171676072027665, 35.488603853176869 ], [ -77.171536138661665, 35.48885573511398 ], [ -77.171535844915638, 35.488856265754485 ], [ -77.17139713742624, 35.489107734444048 ], [ -77.171257138032502, 35.489359735073677 ], [ -77.171256844172262, 35.489360265920901 ], [ -77.171118137253018, 35.489611734120359 ], [ -77.170977991203017, 35.489864000120704 ], [ -77.170838138430312, 35.490115733722057 ], [ -77.170837843788817, 35.490116265979083 ], [ -77.170699138029519, 35.490367733750439 ], [ -77.170558991029665, 35.490620000249464 ], [ -77.170419220263767, 35.490871587885685 ], [ -77.170418764741271, 35.490872412394772 ], [ -77.170280217848983, 35.491124587502576 ], [ -77.17013999017513, 35.491377000658538 ], [ -77.170000139064555, 35.491628734559626 ], [ -77.169999845211905, 35.491629265393485 ], [ -77.169861138258696, 35.491880733792343 ], [ -77.169720990432225, 35.49213300020746 ], [ -77.169581138615698, 35.492384734164553 ], [ -77.169580844618594, 35.492385265257717 ], [ -77.169442137002832, 35.492636734522158 ], [ -77.169301991503531, 35.492889000392921 ], [ -77.169162139138294, 35.49314073412306 ], [ -77.169161844996779, 35.493141265475472 ], [ -77.169023137113456, 35.493392734889291 ], [ -77.168883072424336, 35.493644854085836 ], [ -77.168882909983239, 35.493645147060683 ], [ -77.168743057203756, 35.493897881055368 ], [ -77.168742925909072, 35.493898118704294 ], [ -77.168604137800386, 35.494149734371334 ], [ -77.168463991043637, 35.494402000074032 ], [ -77.168324139019177, 35.494653734483762 ], [ -77.168323845152742, 35.494654265340209 ], [ -77.168185137477707, 35.494905733986819 ], [ -77.16804499041838, 35.495158000744297 ], [ -77.167905139004816, 35.495409734837907 ], [ -77.167904845321289, 35.495410265364406 ], [ -77.167766137051728, 35.495661734752886 ], [ -77.167625990890002, 35.495914000677431 ], [ -77.167486220371771, 35.496165587944425 ], [ -77.167485765022022, 35.496166412139324 ], [ -77.167347217233683, 35.496418587884023 ], [ -77.167206990638974, 35.49667100003375 ], [ -77.167146768796243, 35.496779399714008 ], [ -77.167138081194864, 35.496797025189025 ], [ -77.167131165158352, 35.496815418128605 ], [ -77.167126087449248, 35.496834400980283 ], [ -77.16712289708417, 35.496853790496992 ], [ -77.167121624860656, 35.496873399506008 ], [ -77.167122283059854, 35.496893038715804 ], [ -77.167124865327978, 35.496912518543283 ], [ -77.167129346737624, 35.496931650943942 ], [ -77.167135684028423, 35.496950251227084 ], [ -77.167143816024648, 35.496968139838678 ], [ -77.167153664225737, 35.496985144094694 ], [ -77.167165133564112, 35.497001099848042 ], [ -77.167178113322862, 35.497015853073123 ], [ -77.167192478204541, 35.497029261352715 ], [ -77.16730067382457, 35.497120730958656 ], [ -77.167301310345422, 35.497121266813068 ], [ -77.167535639903051, 35.497317705481656 ], [ -77.167769991176215, 35.497515999675237 ], [ -77.168003831007809, 35.497713864281344 ], [ -77.168004152145116, 35.497714135434578 ], [ -77.168238960673577, 35.497911974457466 ], [ -77.168472800229836, 35.498108839163677 ], [ -77.168705237806961, 35.498305515826907 ], [ -77.168708675550633, 35.498308562922922 ], [ -77.168929991639246, 35.498513999713438 ], [ -77.169133370839234, 35.498702786987586 ], [ -77.169146892084413, 35.49871426509791 ], [ -77.169161377048624, 35.498724500179719 ], [ -77.169176711818082, 35.498733411741505 ], [ -77.169323360400796, 35.498810146201016 ], [ -77.169326637995752, 35.498811822971732 ], [ -77.169338510202863, 35.498817759393056 ], [ -77.169343399303301, 35.498820376006591 ], [ -77.169359105586921, 35.498829350887029 ], [ -77.169364930946614, 35.498832552389331 ], [ -77.169509530526426, 35.498908920634364 ], [ -77.169527279886822, 35.498917209758361 ], [ -77.169545755031535, 35.498923722699203 ], [ -77.169564778714957, 35.498928396973469 ], [ -77.169584168428926, 35.498931187737405 ], [ -77.169603738153668, 35.498932068217179 ], [ -77.169623300142433, 35.498931029965689 ], [ -77.169642666722723, 35.49892808294365 ], [ -77.169661652096693, 35.498923255424003 ], [ -77.169680074123733, 35.498916593720701 ], [ -77.169891990738563, 35.498827999546592 ], [ -77.170186771863797, 35.49870476362458 ], [ -77.170191010587729, 35.498703215144381 ], [ -77.170195428385981, 35.498704105125206 ], [ -77.170738205923257, 35.498839310146948 ], [ -77.170751877405209, 35.498842212437111 ], [ -77.171136703964791, 35.498909949519813 ], [ -77.171527704704729, 35.498979948230911 ], [ -77.171528277819235, 35.498980049971955 ], [ -77.171919309303064, 35.499048880272127 ], [ -77.171920671068705, 35.499049129703948 ], [ -77.17225065065881, 35.499111935261766 ], [ -77.172251331280705, 35.499112063584839 ], [ -77.17256143102432, 35.499169973307893 ], [ -77.17258308189173, 35.499172803972023 ], [ -77.172604912306099, 35.499173257543703 ], [ -77.172966127562944, 35.499161029026958 ], [ -77.172967856292459, 35.499160985463718 ], [ -77.173386147178448, 35.499154063129581 ], [ -77.173389982687567, 35.499154147130014 ], [ -77.173393800412285, 35.499154525502611 ], [ -77.173595419644997, 35.499182369050232 ], [ -77.173599881833127, 35.499183196566051 ], [ -77.173602947048522, 35.499186543260166 ], [ -77.173832381868309, 35.499461499852515 ], [ -77.173846118278206, 35.499476363344606 ], [ -77.173861286531363, 35.499489762465856 ], [ -77.173877731300166, 35.499501560005143 ], [ -77.174122110726785, 35.499658783634167 ], [ -77.174138399648314, 35.499668210347551 ], [ -77.174155502523007, 35.499676064236205 ], [ -77.174428395885258, 35.499786145911401 ], [ -77.174437673052267, 35.499789623587468 ], [ -77.174675242483218, 35.499872028308076 ], [ -77.174694562192172, 35.499877658117917 ], [ -77.174714349841764, 35.499881318013699 ], [ -77.174734405108765, 35.499882970943929 ], [ -77.175074486401556, 35.499893824403927 ], [ -77.175079931855507, 35.499894299189435 ], [ -77.175085142012378, 35.499895952264659 ], [ -77.17519883329274, 35.499939044652486 ], [ -77.175203821190763, 35.499941256817614 ], [ -77.175207819959141, 35.499944969317042 ], [ -77.175445777720014, 35.500191669016935 ], [ -77.175448810173975, 35.500195118912487 ], [ -77.17545078095101, 35.50019926783925 ], [ -77.175559147375353, 35.500457604979403 ], [ -77.175560770103431, 35.500462056860009 ], [ -77.175561520118563, 35.500466735531425 ], [ -77.175570933860982, 35.500550960763469 ], [ -77.175574010855712, 35.500570064092557 ], [ -77.17557891949032, 35.500588780673048 ], [ -77.175585613819351, 35.500606935315368 ], [ -77.175594031183024, 35.500624358089759 ], [ -77.175604092793762, 35.500640885916845 ], [ -77.175615704473614, 35.500656364094063 ], [ -77.175628757535762, 35.500670647743711 ], [ -77.175643129801912, 35.500683603169009 ], [ -77.17575273810094, 35.500773186831893 ], [ -77.175767091629041, 35.500783883444491 ], [ -77.175782344098252, 35.500793253795266 ], [ -77.175798373320518, 35.500801222818026 ], [ -77.175815050885234, 35.500807726672683 ], [ -77.175832243187884, 35.50081271325665 ], [ -77.175977939943365, 35.500847987122285 ], [ -77.176180419121891, 35.500896895229999 ], [ -77.176184867690154, 35.500898193883636 ], [ -77.176187931939396, 35.500901670468039 ], [ -77.176327229789564, 35.501075552552138 ], [ -77.176329828704709, 35.501079107652501 ], [ -77.176332103914447, 35.501082878132408 ], [ -77.176381629832633, 35.50117379905133 ], [ -77.176392753398787, 35.501191867150119 ], [ -77.176405728485548, 35.501208655153022 ], [ -77.176420409061578, 35.501223974115298 ], [ -77.176539157794963, 35.501335402488564 ], [ -77.176542730016976, 35.501339126278118 ], [ -77.176543418723782, 35.501344240284432 ], [ -77.176553583434313, 35.501468989082646 ], [ -77.176553895066448, 35.50147902679555 ], [ -77.176550286894781, 35.501666640985441 ], [ -77.176550579641997, 35.501681966224055 ], [ -77.17655204519572, 35.501697224034899 ], [ -77.17659581521896, 35.502021691996084 ], [ -77.176596133555122, 35.502024312452789 ], [ -77.176636601013371, 35.502398638611666 ], [ -77.176639919064939, 35.502419220998455 ], [ -77.176645361693545, 35.502439346154503 ], [ -77.176652869759053, 35.502458795397793 ], [ -77.176709290205935, 35.502584949097638 ], [ -77.176717829382014, 35.502601847273624 ], [ -77.176727928184889, 35.50261786226848 ], [ -77.17673949611266, 35.502632850561476 ], [ -77.176752429497654, 35.502646677832814 ], [ -77.176766612435415, 35.502659220167374 ], [ -77.176850761916612, 35.50272681561993 ], [ -77.17685122106522, 35.502727183334429 ], [ -77.176976571972943, 35.502827269845895 ], [ -77.176979859381291, 35.502830138891198 ], [ -77.176982883480306, 35.502833284252247 ], [ -77.177094693997077, 35.502960254880499 ], [ -77.177097757513792, 35.502964105032632 ], [ -77.177098605567096, 35.502968951640696 ], [ -77.177142243210682, 35.503320964095835 ], [ -77.177142621196438, 35.503327000404447 ], [ -77.177142264184496, 35.503333037990075 ], [ -77.177109990867152, 35.503600999631537 ], [ -77.177077334874028, 35.503872145801211 ], [ -77.177076729644085, 35.503877861879005 ], [ -77.177063795770351, 35.504019414583219 ], [ -77.177062980812153, 35.504040039883819 ], [ -77.177064296033024, 35.504060639334675 ], [ -77.177067727423648, 35.504080993517043 ], [ -77.177073238433962, 35.504100885624702 ], [ -77.177080770362451, 35.504120103773282 ], [ -77.177163227137072, 35.504302224541235 ], [ -77.177171035476462, 35.504317657470452 ], [ -77.177180147995742, 35.504332358064339 ], [ -77.17719049654572, 35.50434621638248 ], [ -77.17737978795833, 35.504578076196658 ], [ -77.177382737341375, 35.504582087401651 ], [ -77.17738286806653, 35.5045870645029 ], [ -77.177379058903128, 35.504743228517412 ], [ -77.177378770220685, 35.504748763509191 ], [ -77.177347508066518, 35.505139539742878 ], [ -77.177346885911447, 35.505157921174799 ], [ -77.177347954951884, 35.505176282037226 ], [ -77.177350706147365, 35.505194467059631 ], [ -77.177355116232121, 35.505212322458512 ], [ -77.17736114791181, 35.50522969723783 ], [ -77.177368750178942, 35.505246444465989 ], [ -77.177528385594343, 35.505559062871178 ], [ -77.177543397429503, 35.505583845803585 ], [ -77.177771909652122, 35.505905885553545 ], [ -77.17800637967855, 35.506237308333858 ], [ -77.178008803995667, 35.506241086358095 ], [ -77.178010127440629, 35.506245375845829 ], [ -77.17810174874792, 35.506598213880743 ], [ -77.17810375571726, 35.506607884697097 ], [ -77.178176339996014, 35.507071838805693 ], [ -77.178176813948511, 35.507076012177201 ], [ -77.178176935173823, 35.507080210624522 ], [ -77.178172996008811, 35.507377669384923 ], [ -77.178172988343874, 35.507378330791873 ], [ -77.178170036815956, 35.507675414000204 ], [ -77.17816978187345, 35.507679978854505 ], [ -77.178169109934018, 35.50768450117598 ], [ -77.178114055204546, 35.507965670355198 ], [ -77.178056990552491, 35.508252000818906 ], [ -77.178000044221108, 35.508537735305033 ], [ -77.177999939391796, 35.508538265027319 ], [ -77.177945517907077, 35.508815229926903 ], [ -77.177943083505355, 35.508830866312842 ], [ -77.177898991373326, 35.509212999727026 ], [ -77.177855084657921, 35.509593522481154 ], [ -77.177853804652713, 35.509612537519999 ], [ -77.177847055669801, 35.509957696152107 ], [ -77.177846708501477, 35.509964291625096 ], [ -77.177807899833198, 35.510416413383354 ], [ -77.17780720921138, 35.510437622571722 ], [ -77.177813859941196, 35.510761606119445 ], [ -77.17781453064697, 35.510774372213298 ], [ -77.177829902555729, 35.510955953369887 ], [ -77.17783009070574, 35.510958045168515 ], [ -77.17783187557319, 35.510976785472494 ], [ -77.1778352060674, 35.510998745765406 ], [ -77.177840951105281, 35.511020201328698 ], [ -77.177938740534842, 35.511318097140091 ], [ -77.177946253502142, 35.511337510533252 ], [ -77.178061057143822, 35.511593683561671 ], [ -77.178062771571163, 35.511598051498552 ], [ -77.178063194740787, 35.511602724726806 ], [ -77.178075796884244, 35.511895489259757 ], [ -77.178075787344952, 35.511899990039701 ], [ -77.178075372081651, 35.511904471632057 ], [ -77.178036037598119, 35.512188663972175 ], [ -77.177995044945689, 35.512477617721999 ], [ -77.177994937989041, 35.512478382257591 ], [ -77.177956656738544, 35.512755922728466 ], [ -77.177954804407236, 35.512780189174165 ], [ -77.177952014387756, 35.512962468538831 ], [ -77.177951990963649, 35.512965530895343 ], [ -77.177951991615387, 35.513054900469847 ], [ -77.177950484245244, 35.513076108848793 ], [ -77.177950786080899, 35.513076130301542 ], [ -77.177949797719663, 35.513088679987391 ], [ -77.177948005875791, 35.51320601450805 ], [ -77.177935100177109, 35.513719644787088 ], [ -77.177934801867821, 35.513723978907642 ], [ -77.177933758498696, 35.513728181067663 ], [ -77.177851018424903, 35.514008908873372 ], [ -77.17776804998374, 35.514291396176745 ], [ -77.177765665870936, 35.514298513513545 ], [ -77.177664104174269, 35.514567700418176 ], [ -77.177560061725003, 35.5148408147247 ], [ -77.17755992078483, 35.514841185803057 ], [ -77.17746005568759, 35.51510490661618 ], [ -77.177454636781306, 35.515121327554745 ], [ -77.177311406738312, 35.515627990736391 ], [ -77.177308837319302, 35.515638075068892 ], [ -77.177300904685637, 35.515672980445594 ], [ -77.177299829158571, 35.515676948635068 ], [ -77.177298430572606, 35.515680814802145 ], [ -77.17725665235109, 35.515782939918516 ], [ -77.177253509970399, 35.515791129361226 ], [ -77.177130309675363, 35.516134537777866 ], [ -77.177124810474197, 35.51614708436351 ], [ -77.176935948633897, 35.516508342102526 ], [ -77.176929337005546, 35.51651923485403 ], [ -77.17676214843749, 35.516758775485883 ], [ -77.17659123369782, 35.517002229862008 ], [ -77.17658867267923, 35.517005715009752 ], [ -77.176274443126644, 35.517414500058955 ], [ -77.176262029211216, 35.51743262996807 ], [ -77.176251679020126, 35.517452012239481 ], [ -77.176121471603068, 35.517731836778388 ], [ -77.176113972809532, 35.517750307010743 ], [ -77.176108349944457, 35.517769431988548 ], [ -77.176104658868383, 35.517789021714044 ], [ -77.17610293625043, 35.517808881572428 ], [ -77.176103199204022, 35.517828814265251 ], [ -77.176123880100633, 35.518156397643018 ], [ -77.176125758752363, 35.51817388342802 ], [ -77.176129166215787, 35.518191136578523 ], [ -77.176209942380524, 35.518522697198527 ], [ -77.176210793263081, 35.518527012318195 ], [ -77.176210481283661, 35.518531399450545 ], [ -77.176180601301482, 35.518789460624696 ], [ -77.176179274515491, 35.518812002688463 ], [ -77.176180497247699, 35.518834550635731 ], [ -77.176209458387135, 35.519095199633675 ], [ -77.176209751451822, 35.519099892319801 ], [ -77.176206058533651, 35.51910280256805 ], [ -77.175956204799533, 35.519280848100962 ], [ -77.175702204278153, 35.519460848597213 ], [ -77.17570177787475, 35.519461151611516 ], [ -77.175447990992225, 35.519641999702237 ], [ -77.175194005373285, 35.519822989754289 ], [ -77.175048457653503, 35.519926667877272 ], [ -77.174940471418424, 35.520002662158731 ], [ -77.174939508863005, 35.520003343800667 ], [ -77.174686354166809, 35.520183740654112 ], [ -77.17443135493663, 35.520363742718168 ], [ -77.174430627144787, 35.520364258897253 ], [ -77.174176990711189, 35.520544999716456 ], [ -77.173923204530666, 35.520725848388452 ], [ -77.173669204437829, 35.520905849478218 ], [ -77.17366877876124, 35.520906151976114 ], [ -77.173415203882357, 35.521086848188027 ], [ -77.173161204265156, 35.521266848742599 ], [ -77.173160778211823, 35.521267151508624 ], [ -77.17290735393469, 35.521447741087499 ], [ -77.172652355336936, 35.521627743230162 ], [ -77.172651627881052, 35.521628259171344 ], [ -77.172397990991726, 35.521809000053651 ], [ -77.172144204351767, 35.521989847905118 ], [ -77.171890204540745, 35.5221698485486 ], [ -77.171889778151822, 35.522170151553681 ], [ -77.17163620477919, 35.522350848116801 ], [ -77.171382204535803, 35.522530848872712 ], [ -77.171381778490257, 35.522531151632784 ], [ -77.171128141699441, 35.522711892386745 ], [ -77.170873052497186, 35.522892956035875 ], [ -77.170619204691889, 35.523072848938966 ], [ -77.17061877869817, 35.523073151662395 ], [ -77.170365204580548, 35.523253847809265 ], [ -77.170111265361385, 35.523433805268624 ], [ -77.170110717524054, 35.523434194885709 ], [ -77.169856326359849, 35.5236157601977 ], [ -77.169603114717432, 35.523794911980978 ], [ -77.169602866325917, 35.523795088006274 ], [ -77.169348141894318, 35.523975892579244 ], [ -77.1693478396827, 35.523976107512063 ], [ -77.169094203375082, 35.524156847913581 ], [ -77.168840993597712, 35.524336289190998 ], [ -77.168838997189837, 35.524337722485498 ], [ -77.168829492120892, 35.524344635418508 ], [ -77.168828484971513, 35.524345358404254 ], [ -77.168582181034438, 35.52451986513384 ], [ -77.168581801682393, 35.524520134568697 ], [ -77.168332023733313, 35.524697976892142 ], [ -77.168078354685477, 35.524878741090767 ], [ -77.167823355317779, 35.525058743171911 ], [ -77.167822627511214, 35.525059259361257 ], [ -77.167568991115573, 35.525240000107658 ], [ -77.167315203513539, 35.525420848059284 ], [ -77.167061204074258, 35.525600848696001 ], [ -77.167060778044345, 35.525601151445692 ], [ -77.166807203527341, 35.525781848239255 ], [ -77.166553052590984, 35.525961956042224 ], [ -77.166298053297879, 35.526142956075013 ], [ -77.166044204570682, 35.526322848748372 ], [ -77.166043778216647, 35.52632315172707 ], [ -77.165789990679585, 35.526503999914738 ], [ -77.165536204223187, 35.526684848475753 ], [ -77.165282052734426, 35.526864956621822 ], [ -77.165027053233061, 35.527045955836478 ], [ -77.164773204681111, 35.527225848335519 ], [ -77.16477277799072, 35.527226151553819 ], [ -77.164519204538308, 35.527406847924667 ], [ -77.164265204691887, 35.527586848213303 ], [ -77.1642647779546, 35.527587151465994 ], [ -77.164011204773161, 35.527767848329233 ], [ -77.163757053058603, 35.527947956046731 ], [ -77.163502142578196, 35.528128892334905 ], [ -77.163501839953355, 35.528129107561867 ], [ -77.163248204338359, 35.528309848167972 ], [ -77.162994204108287, 35.528489848678895 ], [ -77.162993777753229, 35.52849015165912 ], [ -77.162740203834318, 35.528670848100823 ], [ -77.16248605321276, 35.528850955789757 ], [ -77.162231053208302, 35.529031955543147 ], [ -77.161977204204604, 35.529211848609641 ], [ -77.161976777562046, 35.529212151794283 ], [ -77.161723204716054, 35.529392847869183 ], [ -77.161469204074351, 35.529572848968776 ], [ -77.161468778103199, 35.529573151675933 ], [ -77.161215141723545, 35.529753892023884 ], [ -77.160960053459377, 35.529934955635291 ], [ -77.16070620418887, 35.530114848841563 ], [ -77.160705777551485, 35.530115152022432 ], [ -77.160452204677213, 35.530295848055786 ], [ -77.160198204222979, 35.530475848087576 ], [ -77.160197777159908, 35.530476151571257 ], [ -77.159944355116338, 35.530656740807714 ], [ -77.159689355396338, 35.530836742445516 ], [ -77.159688627194541, 35.530837258914516 ], [ -77.159435203608723, 35.531017848246002 ], [ -77.159181204070848, 35.531197848916264 ], [ -77.159180777730356, 35.531198151887203 ], [ -77.158926991428174, 35.531379000291679 ], [ -77.158673354055466, 35.531559741223838 ], [ -77.158418355589916, 35.531739742696693 ], [ -77.158417627722571, 35.531740258929432 ], [ -77.158164203757153, 35.531920848469746 ], [ -77.157910203835698, 35.532100849362124 ], [ -77.157909777877336, 35.532101152060683 ], [ -77.157656204016362, 35.532281848132428 ], [ -77.157402052788768, 35.532461956054142 ], [ -77.157147053030755, 35.532642956115566 ], [ -77.156893204221277, 35.532822848759828 ], [ -77.156892777561055, 35.53282315195657 ], [ -77.156639203722662, 35.533003848494211 ], [ -77.15638505325613, 35.533183956280794 ], [ -77.156130142656238, 35.533364892639696 ], [ -77.156129840363278, 35.533365107630132 ], [ -77.15587614888382, 35.533545887251229 ], [ -77.155752098874871, 35.533633923807727 ], [ -77.155622256940859, 35.533725812105679 ], [ -77.155621725565439, 35.533726189457525 ], [ -77.155368203482922, 35.53390684816727 ], [ -77.155114052790694, 35.534086956948407 ], [ -77.154859052667405, 35.534267955885966 ], [ -77.154605204798642, 35.534447849102577 ], [ -77.154604778866684, 35.534448151782449 ], [ -77.154351204460539, 35.534628848259715 ], [ -77.154097052718001, 35.534808955709224 ], [ -77.153842053145397, 35.534989955522185 ], [ -77.153588204958524, 35.535169848571051 ], [ -77.153587778653034, 35.535170151516446 ], [ -77.153334186405729, 35.535350861189201 ], [ -77.153333796424334, 35.535351139794848 ], [ -77.153260266360448, 35.535403803409878 ], [ -77.153080273740613, 35.535531799066597 ], [ -77.152825355265847, 35.535711742644963 ], [ -77.152824626672242, 35.535712259391119 ], [ -77.152571204138184, 35.535892848180438 ], [ -77.152317204316589, 35.536072849404754 ], [ -77.152316778721243, 35.536073151845301 ], [ -77.152063353973034, 35.53625374121205 ], [ -77.151808355345736, 35.536433743596703 ], [ -77.151807628217867, 35.536434259304777 ], [ -77.151554203725425, 35.536614848286042 ], [ -77.151300204286912, 35.536794848843371 ], [ -77.151299777975794, 35.536795151793314 ], [ -77.151046204475932, 35.536975848443006 ], [ -77.150792433566465, 35.537155686856764 ], [ -77.15060686818309, 35.537285684401787 ], [ -77.150603142318531, 35.537288358755937 ], [ -77.15053795261413, 35.537336292693574 ], [ -77.150536038497407, 35.537337717813564 ], [ -77.150473582928257, 35.537384799692859 ], [ -77.150470353278934, 35.537387134884092 ], [ -77.150283695007772, 35.537516512403002 ], [ -77.150282291528129, 35.537517494113054 ], [ -77.150064743638595, 35.537671056608666 ], [ -77.150059305572725, 35.537675034132896 ], [ -77.150030260166844, 35.537697039033098 ], [ -77.150027692614074, 35.537698920653931 ], [ -77.149775053241285, 35.537877955961889 ], [ -77.149520142315993, 35.538058892405495 ], [ -77.149519839605276, 35.538059107693471 ], [ -77.149266203757293, 35.538239848507345 ], [ -77.149012204718375, 35.538419849137355 ], [ -77.149011778757469, 35.538420151838338 ], [ -77.148758355274722, 35.538600741121193 ], [ -77.148503355029803, 35.538780742975504 ], [ -77.148502626838265, 35.538781259436753 ], [ -77.14824920361481, 35.538961848331439 ], [ -77.147995052964021, 35.539141956008891 ], [ -77.147740052491415, 35.53932295572384 ], [ -77.147486204491017, 35.5395028488443 ], [ -77.147485778585875, 35.539503151504739 ], [ -77.147232203741424, 35.539683848041101 ], [ -77.146978053101321, 35.539863956202275 ], [ -77.146723052836734, 35.540044956238148 ], [ -77.14646920470301, 35.540224848173878 ], [ -77.146468778045133, 35.54022515136856 ], [ -77.146215203580851, 35.540405848115988 ], [ -77.145961052780066, 35.540585955998118 ], [ -77.145706053256859, 35.540766955888763 ], [ -77.145452204791482, 35.540946848551762 ], [ -77.145451778515991, 35.540947151474782 ], [ -77.145198203509551, 35.541127848205377 ], [ -77.14494405253599, 35.541307956701218 ], [ -77.144689053026966, 35.541488956164223 ], [ -77.144435204593492, 35.541668848410644 ], [ -77.144434777979811, 35.541669151573998 ], [ -77.144181142497018, 35.541849891798101 ], [ -77.143926053026917, 35.542030955735498 ], [ -77.143672204534923, 35.542210849054683 ], [ -77.143671778303741, 35.542211151947207 ], [ -77.143418204443421, 35.542391848397308 ], [ -77.143164053049063, 35.542571956058453 ], [ -77.142909052857007, 35.542752955715464 ], [ -77.142655204133476, 35.54293284880486 ], [ -77.142654777905491, 35.542933151694449 ], [ -77.142401203522098, 35.543113848114146 ], [ -77.142147053246248, 35.543293956271391 ], [ -77.141892053415546, 35.543474956140898 ], [ -77.141638204566632, 35.543654848039992 ], [ -77.141637777585927, 35.54365515146381 ], [ -77.141384354179181, 35.543835740779691 ], [ -77.141129354954344, 35.544015742754311 ], [ -77.14112862708501, 35.544016258988364 ], [ -77.140875203574865, 35.544196848174558 ], [ -77.140621255510823, 35.544376812440099 ], [ -77.140620727519646, 35.544377187895428 ], [ -77.140429200242707, 35.544513850854109 ], [ -77.140367195906975, 35.544557854263147 ], [ -77.140112355637868, 35.544737742848717 ], [ -77.140111627433825, 35.544738259317896 ], [ -77.139858203576651, 35.544918848348566 ], [ -77.139604078728937, 35.545098937499674 ], [ -77.139603903476939, 35.545099061835948 ], [ -77.139497035313809, 35.545174968076502 ], [ -77.139349035193419, 35.545279969015198 ], [ -77.139095204520146, 35.54545984789771 ], [ -77.139094777192824, 35.545460151568292 ], [ -77.138841354805393, 35.545640740834138 ], [ -77.138586354980902, 35.545820743098325 ], [ -77.138585627143044, 35.545821259309569 ], [ -77.138331993914207, 35.546001997732795 ], [ -77.138245318448057, 35.546063766575259 ], [ -77.138078316423531, 35.546181770883301 ], [ -77.138077666656059, 35.546182231954802 ], [ -77.137824705983576, 35.546362490117268 ], [ -77.137823267278677, 35.546363496403607 ], [ -77.137707985155515, 35.546442631237397 ], [ -77.137704031536884, 35.546445416094762 ], [ -77.137569526184578, 35.546542613288317 ], [ -77.137315202445933, 35.546723848730288 ], [ -77.137061052503682, 35.546903956449853 ], [ -77.136806052564225, 35.547084955989078 ], [ -77.136552204031702, 35.547264849146224 ], [ -77.136551777827037, 35.547265152019534 ], [ -77.136298354131952, 35.547445741208335 ], [ -77.136043355187866, 35.547625743505684 ], [ -77.13604262768304, 35.547626259481483 ], [ -77.135789204247729, 35.547806848281851 ], [ -77.135535052755174, 35.547986956508289 ], [ -77.135280052386705, 35.548167955723137 ], [ -77.135026204925623, 35.548347848326031 ], [ -77.135025778690036, 35.548348151221724 ], [ -77.1347721090862, 35.548528915923249 ], [ -77.134513122549762, 35.548712906344015 ], [ -77.134263027409744, 35.548889974219868 ], [ -77.134009204498042, 35.549069849026004 ], [ -77.134008778273355, 35.549070151913284 ], [ -77.133755354338135, 35.549250741148711 ], [ -77.133500355003136, 35.549430742702071 ], [ -77.133499627115171, 35.549431258947969 ], [ -77.133246203270176, 35.54961184791582 ], [ -77.132992052842482, 35.549791956084789 ], [ -77.13273705364189, 35.549972955996253 ], [ -77.1324832045335, 35.550152847983831 ], [ -77.132482777246707, 35.550153151625615 ], [ -77.132229354874582, 35.550333740826559 ], [ -77.131974355282082, 35.550513742836301 ], [ -77.131973627051451, 35.550514259327173 ], [ -77.131720204747069, 35.550694848276628 ], [ -77.131466052633684, 35.550874956252116 ], [ -77.131211052641788, 35.551055956096079 ], [ -77.130957204400872, 35.551235848559607 ], [ -77.130956777839117, 35.55123615168656 ], [ -77.13070335467593, 35.551416740845205 ], [ -77.130448354826683, 35.551596743306071 ], [ -77.130447626969797, 35.551597259531391 ], [ -77.130194204064949, 35.55177784830272 ], [ -77.129940053022736, 35.551957955723502 ], [ -77.129685052738196, 35.552138956032927 ], [ -77.129431204062129, 35.552318849098235 ], [ -77.129430777884238, 35.552319151952148 ], [ -77.129177354122177, 35.552499740931552 ], [ -77.128922355328982, 35.552679742825987 ], [ -77.128921627429975, 35.552680259081825 ], [ -77.128668204278625, 35.552860848307191 ], [ -77.128414052975501, 35.553040956206686 ], [ -77.128159053718647, 35.553221955957824 ], [ -77.127905053491844, 35.553401955828988 ], [ -77.127650053625544, 35.553582955801517 ], [ -77.127447914339314, 35.553726204445532 ], [ -77.127431796310063, 35.553738917990231 ], [ -77.127417066426844, 35.553753216788294 ], [ -77.127403879878187, 35.553768950192904 ], [ -77.127392375592677, 35.553785952442773 ], [ -77.127382674775177, 35.553804044408551 ], [ -77.127374879629869, 35.553823035480015 ], [ -77.127365682756036, 35.553849188468014 ], [ -77.127363765292671, 35.553853864561766 ], [ -77.127360528342862, 35.553857745885566 ], [ -77.127258104464701, 35.553968550121688 ], [ -77.127253753118353, 35.553972719935757 ], [ -77.127248929672803, 35.553976333236605 ], [ -77.127093983239973, 35.554078370467522 ], [ -77.127089902835209, 35.554080786282569 ], [ -77.127085305740749, 35.554081949290612 ], [ -77.126946687190937, 35.554110047808109 ], [ -77.12694197828074, 35.554110769553922 ], [ -77.126937218101986, 35.554110581273861 ], [ -77.126636687518968, 35.554084236347158 ], [ -77.126631311263267, 35.554083618036486 ], [ -77.126210659331193, 35.554023664707685 ], [ -77.126206053844527, 35.554022785129249 ], [ -77.126201694868698, 35.554021057849603 ], [ -77.125731882542325, 35.55380875833557 ], [ -77.125724027868301, 35.553805408985674 ], [ -77.125302066398419, 35.553636030363073 ], [ -77.124903959064781, 35.553475850484929 ], [ -77.124885787493099, 35.553469536355628 ], [ -77.124867093350133, 35.553464997273643 ], [ -77.124848049591421, 35.553462275233898 ], [ -77.124318471354215, 35.553412421179615 ], [ -77.124314028595066, 35.553411800303223 ], [ -77.124309659596506, 35.553410782732492 ], [ -77.123905255642242, 35.553297197463344 ], [ -77.123896849496518, 35.553294429442388 ], [ -77.12350807042975, 35.553147030129857 ], [ -77.123118461025328, 35.552998939050468 ], [ -77.123113497659375, 35.552997127135086 ], [ -77.122799077576843, 35.552887030247469 ], [ -77.122468172583069, 35.552770819578164 ], [ -77.1224577180393, 35.552767467420935 ], [ -77.1221472715754, 35.552677243875877 ], [ -77.122143063318589, 35.552675814644473 ], [ -77.122139191407697, 35.552673668971714 ], [ -77.121909224046192, 35.552532596639317 ], [ -77.121901036096929, 35.552526996184994 ], [ -77.121670026457352, 35.552351545784305 ], [ -77.121666036736229, 35.552348351587085 ], [ -77.121483905995731, 35.552194735660422 ], [ -77.121469518016298, 35.552183677278038 ], [ -77.121454186930478, 35.552173968540707 ], [ -77.121238669745111, 35.552050816785489 ], [ -77.12122503831182, 35.552043707995544 ], [ -77.120877703226768, 35.551879231372062 ], [ -77.120873158105255, 35.551876781449309 ], [ -77.120869587150779, 35.551873052034999 ], [ -77.120745009288328, 35.551728575604017 ], [ -77.120727984357146, 35.551711108913032 ], [ -77.120708959825777, 35.551695844549911 ], [ -77.120415245742748, 35.551488299387827 ], [ -77.120408647158627, 35.551483831081306 ], [ -77.120101399942854, 35.551284586115649 ], [ -77.120081398540876, 35.551273194234334 ], [ -77.12006022068357, 35.551264175952852 ], [ -77.119790084433873, 35.551167096073662 ], [ -77.119771193514239, 35.551161343124413 ], [ -77.119751827340323, 35.551157481184724 ], [ -77.119732174714571, 35.551155547904969 ], [ -77.119109618461195, 35.551125225202881 ], [ -77.119105021488323, 35.551124787232098 ], [ -77.11910060340756, 35.551123513626713 ], [ -77.118737522030585, 35.551000534770722 ], [ -77.118728628258509, 35.550997040056714 ], [ -77.11822163583517, 35.550769274222581 ], [ -77.118200601972887, 35.55076121532494 ], [ -77.118178795322407, 35.550755572702506 ], [ -77.117845238314018, 35.550689046573268 ], [ -77.11783469528801, 35.550687235546711 ], [ -77.11745899134776, 35.550632999577225 ], [ -77.117079680929052, 35.550578243660055 ], [ -77.117076310466544, 35.550577698215832 ], [ -77.116476814479782, 35.550470147611549 ], [ -77.116475170501857, 35.550469838464302 ], [ -77.116053118939817, 35.550386811582356 ], [ -77.116049039483158, 35.550385829220303 ], [ -77.116045196295318, 35.5503841822296 ], [ -77.115717496492735, 35.550227241430555 ], [ -77.115716489674838, 35.550226752302926 ], [ -77.115384217212807, 35.550063024368249 ], [ -77.1153590612046, 35.550052690044282 ], [ -77.115336017776968, 35.550045008982167 ], [ -77.115329934004208, 35.550043088336039 ], [ -77.115117923866435, 35.549979857049465 ], [ -77.115091657880271, 35.54997391524536 ], [ -77.114803077593805, 35.549928794919623 ], [ -77.114792870715362, 35.54992746712233 ], [ -77.114424395213021, 35.549889145853811 ], [ -77.114421592512329, 35.549888814332355 ], [ -77.113769332066497, 35.5498023108116 ], [ -77.113764642684117, 35.549801745164409 ], [ -77.113191793043597, 35.549739499940117 ], [ -77.113164114020037, 35.54973842188442 ], [ -77.112816274443347, 35.549748991353241 ], [ -77.112455079778059, 35.549758941915385 ], [ -77.112450900757821, 35.549758969661895 ], [ -77.11182400534571, 35.549750028842119 ], [ -77.111819976766924, 35.549750011964747 ], [ -77.111321840615602, 35.549752942194026 ], [ -77.111302194466845, 35.549754025639544 ], [ -77.110970115123138, 35.549788788344557 ], [ -77.110949225690646, 35.549792099532262 ], [ -77.110928802736751, 35.549797598196498 ], [ -77.110704990442784, 35.54987075094725 ], [ -77.110679691969878, 35.549880978151194 ], [ -77.110300252959249, 35.550065414431472 ], [ -77.110293622281603, 35.550068345175831 ], [ -77.109719587401941, 35.550297563430441 ], [ -77.109715946534152, 35.550298856232601 ], [ -77.109712216567019, 35.550299863507767 ], [ -77.109138391061407, 35.550431222047742 ], [ -77.109131545709673, 35.550432539730124 ], [ -77.108628686702474, 35.550511264699125 ], [ -77.10861924650176, 35.550512286055792 ], [ -77.108197763138364, 35.550537711997201 ], [ -77.108192999661966, 35.550537771347024 ], [ -77.108188252266146, 35.550537375795649 ], [ -77.107917938314088, 35.550501782478193 ], [ -77.10790618090553, 35.550499510500579 ], [ -77.107593480276634, 35.550419381860884 ], [ -77.107590513918879, 35.550418572941993 ], [ -77.107035733011173, 35.550258082162998 ], [ -77.107028345738883, 35.550255629648994 ], [ -77.106726259826686, 35.550142100879548 ], [ -77.106725722807298, 35.550141899937024 ], [ -77.10643679754574, 35.550034261452694 ], [ -77.106419779008377, 35.550028774253057 ], [ -77.106402338389685, 35.550024829028985 ], [ -77.106101889291338, 35.549970855565427 ], [ -77.106085928175546, 35.549968647738254 ], [ -77.106069841129681, 35.549967731947206 ], [ -77.105744281344315, 35.549962336201986 ], [ -77.105724077776898, 35.549963023133522 ], [ -77.105704046757054, 35.549965746046574 ], [ -77.105378059990926, 35.550026976012724 ], [ -77.105357122787566, 35.550032090252053 ], [ -77.105336857486122, 35.550039427791496 ], [ -77.10531749942848, 35.550048903419849 ], [ -77.104925167116093, 35.550267902057541 ], [ -77.104645991361835, 35.550422999958776 ], [ -77.10437674148605, 35.550572582687977 ], [ -77.104357903206662, 35.550584467220595 ], [ -77.104093369957454, 35.550772730940245 ], [ -77.103947398807009, 35.550875598516846 ], [ -77.103943903656656, 35.550877849571307 ], [ -77.103940232137816, 35.550879802289586 ], [ -77.103704043682015, 35.550993056104844 ], [ -77.103699920081738, 35.550994810133453 ], [ -77.103695655685939, 35.550996186950663 ], [ -77.103470870434904, 35.551057759208639 ], [ -77.103469108320965, 35.551058224659101 ], [ -77.103191812612238, 35.551128773532554 ], [ -77.103186953930603, 35.551129755343894 ], [ -77.103182021757561, 35.551130249723471 ], [ -77.102692241187043, 35.551154837073817 ], [ -77.102685736775143, 35.551154951675031 ], [ -77.102306255831763, 35.55114928777099 ], [ -77.102287065805967, 35.551149923106728 ], [ -77.102268025136411, 35.551152395685307 ], [ -77.101668983248416, 35.551259643206336 ], [ -77.101665005978163, 35.551260396882142 ], [ -77.101266507567942, 35.55134009654612 ], [ -77.101257522299122, 35.551342109767603 ], [ -77.100809199432888, 35.551453457745872 ], [ -77.100796637787056, 35.551455737056578 ], [ -77.100472068705159, 35.551493410255958 ], [ -77.100466988047302, 35.551493738173434 ], [ -77.100461900445296, 35.551493546025604 ], [ -77.100017990670906, 35.551453999927368 ], [ -77.099569079667006, 35.551414007413008 ], [ -77.098983958546995, 35.551361357124023 ], [ -77.098980017664786, 35.551360843619207 ], [ -77.098976130132058, 35.551360018128435 ], [ -77.098520041623033, 35.551244012815879 ], [ -77.098062216066097, 35.551127818062831 ], [ -77.09805574160201, 35.551126289013119 ], [ -77.097651991249975, 35.55103799952041 ], [ -77.097255126575249, 35.550951216205497 ], [ -77.097234679881197, 35.550947844045275 ], [ -77.096790015870312, 35.550898002304727 ], [ -77.09634363164767, 35.550848078209562 ], [ -77.096324291802844, 35.55084685985868 ], [ -77.095991106974182, 35.550842045214281 ], [ -77.095984883802828, 35.550841761177068 ], [ -77.095882069980703, 35.550833852505676 ], [ -77.095859886533646, 35.550833380560995 ], [ -77.095727562910497, 35.550837911534096 ], [ -77.09572241781558, 35.55083795524132 ], [ -77.095437303411202, 35.550833039731195 ], [ -77.095432679115888, 35.550833013476044 ], [ -77.095094991464549, 35.550835000314272 ], [ -77.094754991497055, 35.550836999805504 ], [ -77.094416402757162, 35.550838991844444 ], [ -77.094413580441739, 35.550839028366475 ], [ -77.09396521323238, 35.550847995186928 ], [ -77.093964768684401, 35.550848004571748 ], [ -77.093526689157301, 35.550857740039042 ], [ -77.093503403058989, 35.550859622327735 ], [ -77.093165268200295, 35.550906961284781 ], [ -77.093164713614243, 35.550907039718894 ], [ -77.092825016537034, 35.550955567746463 ], [ -77.092805161364268, 35.550959437587309 ], [ -77.092203230940569, 35.551108708874807 ], [ -77.092185011033649, 35.551114158738358 ], [ -77.092049180561517, 35.551161933171976 ], [ -77.091862996080025, 35.551226997795439 ], [ -77.091532877612124, 35.551342341308022 ], [ -77.091529080943673, 35.551343583340248 ], [ -77.091105196677191, 35.551472937370825 ], [ -77.091104786169765, 35.551473063124533 ], [ -77.090683808192779, 35.551602518775596 ], [ -77.090678941576343, 35.551603750811552 ], [ -77.090673975709166, 35.551604487040656 ], [ -77.090196621391641, 35.551650841272242 ], [ -77.09019335737301, 35.551651104358868 ], [ -77.089851991456712, 35.551672999938852 ], [ -77.089510358138583, 35.55169491258998 ], [ -77.089507622311928, 35.551695050470563 ], [ -77.089100225747316, 35.551709991494938 ], [ -77.089099756910699, 35.551710009239919 ], [ -77.088692757050808, 35.551725891849117 ], [ -77.08868722397483, 35.551725954529623 ], [ -77.088322991282084, 35.551719999470109 ], [ -77.087956259871163, 35.551714004250471 ], [ -77.087955722509136, 35.551713996187985 ], [ -77.087590253081117, 35.551709003878344 ], [ -77.087159995110994, 35.551702000055762 ], [ -77.086747401057394, 35.55169526726705 ], [ -77.086731035215109, 35.551695670303381 ], [ -77.086714757161559, 35.551697410477125 ], [ -77.086351196433441, 35.551751404597184 ], [ -77.086327387779676, 35.551756437218728 ], [ -77.086304366566623, 35.551764324108035 ], [ -77.085868739668058, 35.551943866867184 ], [ -77.085863276879977, 35.551946213933213 ], [ -77.085486164914087, 35.5521149222524 ], [ -77.085313122393643, 35.552191941299313 ], [ -77.085312859537765, 35.552192058519822 ], [ -77.08517255272362, 35.55225474937739 ], [ -77.085108451700094, 35.552282919030276 ], [ -77.085103551521101, 35.552285151630592 ], [ -77.084795041484469, 35.552430760490779 ], [ -77.084777585906963, 35.552440081585637 ], [ -77.084761136887749, 35.552451082029386 ], [ -77.084745855454514, 35.552463654133192 ], [ -77.084731891204854, 35.552477674822434 ], [ -77.084719380841776, 35.55249300684158 ], [ -77.084708446835464, 35.552509500097834 ], [ -77.084699196224406, 35.552526993130463 ], [ -77.084691719567445, 35.552545314691429 ], [ -77.084686090057289, 35.552564285421809 ], [ -77.08468236280406, 35.552583719607647 ], [ -77.084680574295689, 35.552603426997969 ], [ -77.084680742040788, 35.552623214667292 ], [ -77.084682864397195, 35.552642888904224 ], [ -77.084686920588126, 35.552662257107826 ], [ -77.084692870905485, 35.552681129673068 ], [ -77.084700657098637, 35.552699321846987 ], [ -77.084710202944663, 35.552716655537282 ], [ -77.084721414994505, 35.552732961055803 ], [ -77.084734183487782, 35.552748078779672 ], [ -77.084748383427339, 35.552761860713943 ], [ -77.084763875802864, 35.552774171940364 ], [ -77.084780508951766, 35.552784891938181 ], [ -77.085238713096089, 35.553049073638782 ], [ -77.085259898654058, 35.553059669179582 ], [ -77.085554882141054, 35.55318595344724 ], [ -77.085841673258017, 35.553309132042557 ], [ -77.085860290521978, 35.553316054828613 ], [ -77.085879502651665, 35.553321096808148 ], [ -77.08634087106519, 35.553417974666907 ], [ -77.086341111985263, 35.553418025100392 ], [ -77.086570933768101, 35.553465987699376 ], [ -77.086656728178369, 35.553483945117229 ], [ -77.086810599764931, 35.553516583503637 ], [ -77.086833587635013, 35.553520077859112 ], [ -77.087176990827189, 35.553551999784865 ], [ -77.087526523542223, 35.553584491253417 ], [ -77.087531930823886, 35.553585295172006 ], [ -77.08753721744533, 35.553586686794816 ], [ -77.08809991602952, 35.55376836105075 ], [ -77.088104847020446, 35.55377024878991 ], [ -77.088108934106941, 35.553773591536626 ], [ -77.088340975858273, 35.553984986269974 ], [ -77.088577835398908, 35.554200858438229 ], [ -77.088810191558451, 35.554413522460123 ], [ -77.088813763535384, 35.554417146825905 ], [ -77.088815585330863, 35.554421898406062 ], [ -77.088963322567366, 35.554875871420442 ], [ -77.088966098758149, 35.554886277837042 ], [ -77.089024990509245, 35.555166999579519 ], [ -77.089084031996094, 35.555448426897129 ], [ -77.089084769384044, 35.555452993941437 ], [ -77.089083788461778, 35.555457514939441 ], [ -77.089012102494891, 35.55572658241551 ], [ -77.088939302908486, 35.555995162221834 ], [ -77.088937756681901, 35.555999910329014 ], [ -77.088935742794504, 35.556004480469419 ], [ -77.088807058655121, 35.556260864678478 ], [ -77.088675057910535, 35.556522867852486 ], [ -77.088674925128018, 35.556523131892696 ], [ -77.088548683363513, 35.556774628509046 ], [ -77.08854686918157, 35.55677792633584 ], [ -77.088544811639196, 35.556781078071168 ], [ -77.08837006319672, 35.557027897361749 ], [ -77.088369918316545, 35.557028102266784 ], [ -77.088197349705254, 35.557272492358003 ], [ -77.08802632398185, 35.557511534211926 ], [ -77.088025658976576, 35.557512469343884 ], [ -77.087853571226802, 35.55775593533955 ], [ -77.087846732565069, 35.557766276254576 ], [ -77.087682131688808, 35.558032773492158 ], [ -77.08768185238246, 35.558033227053258 ], [ -77.087535637981077, 35.558271371957083 ], [ -77.087526269555781, 35.558288442341748 ], [ -77.087518605549519, 35.558306342856639 ], [ -77.087512718610483, 35.558324903820349 ], [ -77.08750866454173, 35.558343949290986 ], [ -77.087499181675426, 35.558402327242213 ], [ -77.087497049862989, 35.558420900748025 ], [ -77.087496661667004, 35.558439592164412 ], [ -77.087498020479543, 35.55845823816589 ], [ -77.087501114427283, 35.558476675823819 ], [ -77.087505916475365, 35.558494744030064 ], [ -77.087512384663498, 35.558512284904751 ], [ -77.087520462472696, 35.558529145175832 ], [ -77.087530079319137, 35.558545177518369 ], [ -77.087541151170853, 35.55856024184186 ], [ -77.08755358128208, 35.558574206514336 ], [ -77.08756924533067, 35.558590229201847 ], [ -77.087584416623329, 35.558604224267214 ], [ -77.087600949524258, 35.558616581174661 ], [ -77.087618667945719, 35.558627168313869 ], [ -77.087637383173202, 35.558635872923873 ], [ -77.08765689587554, 35.55864260229405 ], [ -77.087676998227806, 35.558647284751565 ], [ -77.087835347477096, 35.558675645913851 ], [ -77.087853793419868, 35.558678070577521 ], [ -77.087872384859139, 35.558678770708987 ], [ -77.087890960917719, 35.558677740249813 ], [ -77.087909360851484, 35.558674988116856 ], [ -77.087927425440384, 35.558670538125142 ], [ -77.088231231609328, 35.558580520873164 ], [ -77.088234768219053, 35.558579543197744 ], [ -77.088633209378443, 35.558477227245 ], [ -77.088642869957582, 35.558475248785001 ], [ -77.088997341134373, 35.558420715069467 ], [ -77.089001938847971, 35.558420227669934 ], [ -77.089005873550022, 35.558422655559696 ], [ -77.089228752052364, 35.558575099775211 ], [ -77.08923279919108, 35.558578184383514 ], [ -77.089235720299882, 35.558582351068701 ], [ -77.089457053760128, 35.55893531523801 ], [ -77.089459707454992, 35.558940117766035 ], [ -77.089461243262107, 35.558945385372049 ], [ -77.089522948577724, 35.559210817409216 ], [ -77.089586651786931, 35.559487186996186 ], [ -77.089588630248656, 35.559498930212541 ], [ -77.08962295852038, 35.559817698193051 ], [ -77.089656963028546, 35.560142730155349 ], [ -77.089657020182855, 35.560143269399447 ], [ -77.089691401351075, 35.560463509039927 ], [ -77.089691683888603, 35.560468964869656 ], [ -77.089690176609949, 35.56047421596616 ], [ -77.089549546204069, 35.560878528785082 ], [ -77.089547786999333, 35.560882906926324 ], [ -77.089545621821429, 35.560887099172525 ], [ -77.089298369681785, 35.561314884676484 ], [ -77.089295818528569, 35.561318850854171 ], [ -77.089292254661558, 35.561321939187096 ], [ -77.088971633761744, 35.561574134686857 ], [ -77.08896787399442, 35.561576819755373 ], [ -77.088963881856728, 35.561579145326398 ], [ -77.088564824409985, 35.561787476765971 ], [ -77.088554911705344, 35.561791982541166 ], [ -77.088132049267685, 35.56195702580461 ], [ -77.088126914683485, 35.56195871503283 ], [ -77.088121627303707, 35.561959838002252 ], [ -77.08763118931941, 35.562036469166131 ], [ -77.087615148240729, 35.562039652326668 ], [ -77.087599420856293, 35.562044135416556 ], [ -77.087252977422082, 35.562158397913926 ], [ -77.087236307899374, 35.562164732922341 ], [ -77.087220268929144, 35.562172527584188 ], [ -77.086896973535261, 35.562347873795922 ], [ -77.086882389795562, 35.562356605313703 ], [ -77.086868600138132, 35.562366543634212 ], [ -77.086644830837301, 35.562542734503346 ], [ -77.086630270065953, 35.562555383009979 ], [ -77.086616995362604, 35.562569375259024 ], [ -77.086605130182264, 35.562584581122287 ], [ -77.086594784871309, 35.562600859184947 ], [ -77.086586055641376, 35.562618058060693 ], [ -77.086579023674446, 35.562636017799647 ], [ -77.086573754367947, 35.562654571375887 ], [ -77.086570296726549, 35.562673546240795 ], [ -77.086553640171957, 35.562798991268728 ], [ -77.086552099147752, 35.562816395475366 ], [ -77.086552083010233, 35.562833867764965 ], [ -77.086553591882591, 35.562851274788507 ], [ -77.086556614249034, 35.562868483695077 ], [ -77.086590821497126, 35.56302323407359 ], [ -77.086612475762394, 35.563124976389979 ], [ -77.086617665703841, 35.563144472889533 ], [ -77.086624793488681, 35.563163347307956 ], [ -77.086633786582965, 35.563181407574909 ], [ -77.086644553470947, 35.563198469905061 ], [ -77.086815894155379, 35.563441861781556 ], [ -77.086999162026203, 35.563703135490208 ], [ -77.087011790942839, 35.563719306922884 ], [ -77.087026010274556, 35.563734099332272 ], [ -77.087255784387409, 35.563949805929681 ], [ -77.087434808367178, 35.564118827695395 ], [ -77.087435174341877, 35.564119172353863 ], [ -77.087500976879909, 35.564180986354636 ], [ -77.087740094387428, 35.564405523101058 ], [ -77.087754469539206, 35.564417796426618 ], [ -77.088044954202843, 35.564642971588448 ], [ -77.088343826518042, 35.564874872058773 ], [ -77.088344156779769, 35.564875127762825 ], [ -77.088639967639693, 35.56510366469147 ], [ -77.088642892883072, 35.565106108615183 ], [ -77.088645623075337, 35.565108768664452 ], [ -77.089083090652551, 35.565568845437866 ], [ -77.089092112612533, 35.565579796295388 ], [ -77.089269884135831, 35.565829849140371 ], [ -77.089270098905828, 35.565830150643912 ], [ -77.089449600730632, 35.566081650321998 ], [ -77.089451846088608, 35.566085086994029 ], [ -77.089453801325277, 35.566088696619858 ], [ -77.089592930083626, 35.566372876199523 ], [ -77.089593051527245, 35.566373123823581 ], [ -77.089732172045387, 35.566656297106846 ], [ -77.089735498989896, 35.566663839912117 ], [ -77.0898728661099, 35.567013681750723 ], [ -77.089873116728612, 35.567014316829379 ], [ -77.090010491008712, 35.567360696542302 ], [ -77.090014615776781, 35.56737358247149 ], [ -77.090109694497116, 35.567758748979344 ], [ -77.090110697601659, 35.567764023344381 ], [ -77.090110545420373, 35.56776939009265 ], [ -77.090075470415655, 35.568193985023569 ], [ -77.090074821136682, 35.568213894793466 ], [ -77.090076155665983, 35.568233770394897 ], [ -77.090079460764343, 35.5682534146517 ], [ -77.090163779870551, 35.568636760697977 ], [ -77.090168780189046, 35.568655232279028 ], [ -77.090175522994159, 35.568673141412759 ], [ -77.090183946555101, 35.568690324139922 ], [ -77.090384244495311, 35.569053795537044 ], [ -77.090393731039157, 35.569069299128557 ], [ -77.090404585896238, 35.569083877466674 ], [ -77.090416719417391, 35.569097410150391 ], [ -77.090430031393112, 35.569109785414689 ], [ -77.090643531148075, 35.569290892523767 ], [ -77.090659823768149, 35.569303335399788 ], [ -77.090677304551988, 35.569314045060302 ], [ -77.090695789831372, 35.569322908980347 ], [ -77.090715085383934, 35.569329834027904 ], [ -77.090734988473898, 35.569334747442419 ], [ -77.09075528998217, 35.569337597599315 ], [ -77.090956820946218, 35.569355420047962 ], [ -77.090976183096728, 35.569356189967579 ], [ -77.090995528877443, 35.569355082530322 ], [ -77.091014676686783, 35.569352108131859 ], [ -77.091241310334823, 35.569305560571834 ], [ -77.091261586018987, 35.569300275720416 ], [ -77.09128119752161, 35.569292898594462 ], [ -77.091299929590264, 35.569283510164006 ], [ -77.091317576625045, 35.569272213474832 ], [ -77.091571753569056, 35.569090053460599 ], [ -77.091593014377068, 35.56907247596439 ], [ -77.091843991074953, 35.568833999854057 ], [ -77.092097322040345, 35.568593286773392 ], [ -77.092111848832587, 35.568577943969956 ], [ -77.09242167345792, 35.568213994213195 ], [ -77.092435833820602, 35.568195228611344 ], [ -77.092447694388241, 35.568174931059282 ], [ -77.092595817761506, 35.5678833412356 ], [ -77.092755875628555, 35.567571224719998 ], [ -77.092756106502193, 35.567570773101636 ], [ -77.092912577495866, 35.567263735840847 ], [ -77.092915228117946, 35.567259153915003 ], [ -77.092918349890709, 35.567254879061338 ], [ -77.093108701255872, 35.567021355374045 ], [ -77.0931092785261, 35.567020643855244 ], [ -77.093301703359487, 35.566782355635631 ], [ -77.093495429637699, 35.566544688954693 ], [ -77.093496565723328, 35.566543320254148 ], [ -77.093697700402956, 35.566305343676127 ], [ -77.093900833290931, 35.566067184666878 ], [ -77.093901148442399, 35.566066814262811 ], [ -77.094099224073375, 35.565833437528816 ], [ -77.094103222061932, 35.56582924754283 ], [ -77.094107679558689, 35.565825550162835 ], [ -77.094416869651482, 35.565598089721114 ], [ -77.094727547985954, 35.565370258539055 ], [ -77.094736766309708, 35.565364249763043 ], [ -77.09513796321248, 35.565133167801513 ], [ -77.095142072613967, 35.565130927285672 ], [ -77.095530567484772, 35.564930763766014 ], [ -77.095534048320289, 35.564929136728047 ], [ -77.095537644011131, 35.564927782300536 ], [ -77.095559013968767, 35.564920659250049 ], [ -77.095562954594953, 35.564919299967443 ], [ -77.09570335394956, 35.56486922729389 ], [ -77.095704632173607, 35.564868781152171 ], [ -77.095743736514606, 35.564855428730795 ], [ -77.095746240370715, 35.564854555195943 ], [ -77.095828152084806, 35.564825367611753 ], [ -77.095835929136356, 35.564822948659305 ], [ -77.096136150866016, 35.564742825766977 ], [ -77.096150020558625, 35.564740157871647 ], [ -77.096621353005929, 35.564683675952189 ], [ -77.096632669690877, 35.564682967788066 ], [ -77.097148542764316, 35.564680014294638 ], [ -77.097153437360859, 35.564680106119404 ], [ -77.097566760857973, 35.564697990052977 ], [ -77.097567220618586, 35.564698009416297 ], [ -77.097976277203259, 35.564714765882307 ], [ -77.09798764082484, 35.564715884373342 ], [ -77.098409991069076, 35.564781999957347 ], [ -77.09883371038751, 35.564848330200384 ], [ -77.098837945691585, 35.564849182567919 ], [ -77.098842091359131, 35.564850398204811 ], [ -77.099274302626185, 35.564997742541046 ], [ -77.099281571377091, 35.565000541114976 ], [ -77.099577795008088, 35.565128055042003 ], [ -77.099582208645785, 35.565129892746022 ], [ -77.100074261438294, 35.565327901428439 ], [ -77.100079651383709, 35.565330256937379 ], [ -77.100440895666111, 35.565500954399837 ], [ -77.100441086792642, 35.565501044588672 ], [ -77.100801837466975, 35.565671042725953 ], [ -77.100805884353164, 35.565673182008453 ], [ -77.100809718026241, 35.565675683361484 ], [ -77.101204120876545, 35.565959652465651 ], [ -77.101207798470455, 35.565962431243761 ], [ -77.101364952731785, 35.566086969443326 ], [ -77.101433671178469, 35.56614137107595 ], [ -77.10144007777825, 35.566146899802156 ], [ -77.101632257662402, 35.566327491353043 ], [ -77.101635754722423, 35.566331132258291 ], [ -77.101637018294738, 35.566336019896305 ], [ -77.10167102677984, 35.566502286628705 ], [ -77.101671749871272, 35.566506955359586 ], [ -77.101669403474688, 35.566511055887901 ], [ -77.101563225993488, 35.566677497345424 ], [ -77.101560854012561, 35.566680895583062 ], [ -77.101558208189417, 35.566684085243871 ], [ -77.101398091486274, 35.566861563903991 ], [ -77.101394846210283, 35.566864842524659 ], [ -77.101391068178884, 35.566867455169003 ], [ -77.10107279518158, 35.567066619462594 ], [ -77.101065296776056, 35.567071549195738 ], [ -77.100753832315021, 35.567286477721083 ], [ -77.100736787173375, 35.567299649319601 ], [ -77.100721257507971, 35.567314577727203 ], [ -77.100707423473736, 35.567331089763968 ], [ -77.10060456239647, 35.567468238721432 ], [ -77.100594843761385, 35.567482429627525 ], [ -77.100586380341198, 35.567497403077432 ], [ -77.100579234729992, 35.567513048329879 ], [ -77.100545410893844, 35.567596417288627 ], [ -77.100538835449228, 35.567615277296454 ], [ -77.100534173936452, 35.567634699105469 ], [ -77.100531472846669, 35.567654489014039 ], [ -77.100530759118953, 35.567674449649289 ], [ -77.100532039871624, 35.567694381935652 ], [ -77.100535302331195, 35.567714087080276 ], [ -77.100540513959828, 35.567733368555686 ], [ -77.100561431525108, 35.567797794653053 ], [ -77.100569019134753, 35.567817541571635 ], [ -77.100578650057329, 35.567836376590719 ], [ -77.100652437383459, 35.567963596671419 ], [ -77.100663501782904, 35.567980619387086 ], [ -77.100676234969768, 35.567996432664287 ], [ -77.10069050573054, 35.56801087354966 ], [ -77.10070616700726, 35.568023793232122 ], [ -77.100723057412907, 35.568035058576356 ], [ -77.100741002894466, 35.568044553494737 ], [ -77.100951145779248, 35.568142427992555 ], [ -77.100967931975845, 35.568149337438797 ], [ -77.100985275506673, 35.568154696429517 ], [ -77.101003033497108, 35.568158460817784 ], [ -77.101562698247037, 35.568250786394763 ], [ -77.101565277181237, 35.568251246609613 ], [ -77.101933952829086, 35.568322032509101 ], [ -77.101938901640565, 35.568323248705148 ], [ -77.101943498921074, 35.568325447541405 ], [ -77.102225690154782, 35.568478664330733 ], [ -77.102229826130056, 35.568481179377336 ], [ -77.102232689731451, 35.568485082137975 ], [ -77.102344590607643, 35.56865436779794 ], [ -77.102346816427215, 35.568658076438645 ], [ -77.10234800895276, 35.568662234102845 ], [ -77.102382972364552, 35.56880775745153 ], [ -77.102383803322454, 35.568812028318909 ], [ -77.1023838783927, 35.568816362071047 ], [ -77.102380115421681, 35.568961211444247 ], [ -77.102379765644869, 35.568965938388288 ], [ -77.102377674248501, 35.568970191904739 ], [ -77.102298356143038, 35.569113719088385 ], [ -77.102295812276452, 35.569117833453888 ], [ -77.102291891906702, 35.569120667172754 ], [ -77.10206915513146, 35.569265638500511 ], [ -77.102058452650979, 35.569271700902888 ], [ -77.10175007305152, 35.569422107519856 ], [ -77.101726807376153, 35.569435456166801 ], [ -77.101579185802322, 35.569533870278427 ], [ -77.101561756694835, 35.569546913544237 ], [ -77.101545848440125, 35.569561773826976 ], [ -77.10151305214778, 35.569595936496121 ], [ -77.101490422073553, 35.569619550522134 ], [ -77.101489562804531, 35.569620452765328 ], [ -77.101482135003593, 35.569628300854212 ], [ -77.101468434002996, 35.569644402770336 ], [ -77.101456509318595, 35.56966186103547 ], [ -77.101446494205462, 35.569680480558269 ], [ -77.101438500579789, 35.569700053270616 ], [ -77.101432617768154, 35.56972036045277 ], [ -77.101428911509387, 35.569741175177512 ], [ -77.101424128490208, 35.569779759767897 ], [ -77.10142274390941, 35.569797027803602 ], [ -77.101422858829466, 35.569814350878225 ], [ -77.101423664151511, 35.569830458085768 ], [ -77.1014247455565, 35.569843505664117 ], [ -77.101426298028741, 35.569856895428778 ], [ -77.101429459575641, 35.569876012929988 ], [ -77.101434456323631, 35.569894734755245 ], [ -77.101441241368946, 35.569912885165472 ], [ -77.101449751021335, 35.56993029378539 ], [ -77.101459905401938, 35.569946797202796 ], [ -77.101488765292473, 35.569988977252017 ], [ -77.101500618262122, 35.570004598545147 ], [ -77.101513944018578, 35.570018984020585 ], [ -77.101528614462097, 35.570031995391588 ], [ -77.10154448856656, 35.5700435075806 ], [ -77.101561413735126, 35.570053409921606 ], [ -77.101579227267123, 35.570061607223991 ], [ -77.101692750607782, 35.570107244865021 ], [ -77.101712455180859, 35.570113997291372 ], [ -77.101732755181843, 35.5701186637056 ], [ -77.101753430423997, 35.57012119349281 ], [ -77.101911209071304, 35.570132201519861 ], [ -77.101928332634841, 35.570132660858583 ], [ -77.101945432697477, 35.570131653248438 ], [ -77.101962383818531, 35.570129186080933 ], [ -77.1021934669361, 35.570085374476719 ], [ -77.102218112227945, 35.570079054764868 ], [ -77.102672828398369, 35.569931052839848 ], [ -77.102673154744195, 35.569930946310322 ], [ -77.103008411139527, 35.56982118961546 ], [ -77.103136181900609, 35.56978022097347 ], [ -77.103140028153589, 35.569779155542939 ], [ -77.103143949948489, 35.569778400606857 ], [ -77.103525080369494, 35.569720742799142 ], [ -77.103530004267498, 35.569720246372185 ], [ -77.10353495312377, 35.569720240651279 ], [ -77.103836583436234, 35.569734883071405 ], [ -77.103841390030325, 35.569735232685481 ], [ -77.104101621109095, 35.569760478590574 ], [ -77.104112274062331, 35.569762095722645 ], [ -77.104449856890724, 35.569832142368668 ], [ -77.104453940312368, 35.569833171166302 ], [ -77.104457922424913, 35.569834540668232 ], [ -77.104768383927365, 35.569956194395118 ], [ -77.104772879389984, 35.569958217758945 ], [ -77.104777153002985, 35.569960675281862 ], [ -77.10526218519108, 35.570272482381817 ], [ -77.105263786232243, 35.570273533428306 ], [ -77.105623499885766, 35.570514637794695 ], [ -77.105643145751628, 35.570526239115466 ], [ -77.106064573019864, 35.570743688096456 ], [ -77.106077630898596, 35.57074983960571 ], [ -77.106402757717419, 35.570888899779426 ], [ -77.106732979327134, 35.571031132850912 ], [ -77.10673696436956, 35.571032953821181 ], [ -77.10710515479569, 35.571211051599214 ], [ -77.107124669257587, 35.571219246878179 ], [ -77.107144940513521, 35.571225333995969 ], [ -77.107165741537187, 35.571229244780376 ], [ -77.107286296375548, 35.571245361696072 ], [ -77.107303547756104, 35.571246911322874 ], [ -77.107320868519821, 35.571246962497774 ], [ -77.107338128755984, 35.571245514836946 ], [ -77.107355199007884, 35.571242579198262 ], [ -77.107502344691341, 35.57121065834211 ], [ -77.107517485581312, 35.571206748214344 ], [ -77.107729652512589, 35.571143011403706 ], [ -77.107752397402265, 35.571134645521418 ], [ -77.10777396345226, 35.571123590048529 ], [ -77.107944496708313, 35.571022678029685 ], [ -77.107961464308843, 35.571011433968181 ], [ -77.107977201147435, 35.57099852349576 ], [ -77.107991544218606, 35.570984080341795 ], [ -77.108118172091579, 35.570842871415955 ], [ -77.108129384402531, 35.570829197060945 ], [ -77.108139345020973, 35.570814585764559 ], [ -77.108147976078797, 35.570799151752041 ], [ -77.108231410149699, 35.570633125454222 ], [ -77.108237993248792, 35.570618611557109 ], [ -77.108358649931674, 35.570321682551288 ], [ -77.108366075295777, 35.570299888807845 ], [ -77.10845061514064, 35.569995352786648 ], [ -77.1084513471381, 35.569992642253546 ], [ -77.108538742521347, 35.569659757818734 ], [ -77.108540215124776, 35.569655095378806 ], [ -77.108542570667069, 35.569650810716873 ], [ -77.108718872618496, 35.5693644407066 ], [ -77.108721122794847, 35.569361096277653 ], [ -77.108723635584283, 35.569357944390738 ], [ -77.108820504094695, 35.569246029269848 ], [ -77.108824164129146, 35.569242229964701 ], [ -77.108828832639631, 35.569239773222982 ], [ -77.108969101123776, 35.569175249350231 ], [ -77.108974083479012, 35.569173274764104 ], [ -77.108979249117112, 35.569171846816012 ], [ -77.109084074027322, 35.569148858713795 ], [ -77.109088012891974, 35.569148159095342 ], [ -77.109091995142833, 35.569147777256198 ], [ -77.109245060504165, 35.569139273931654 ], [ -77.109254924100725, 35.569139213492058 ], [ -77.109453912512322, 35.569147823432111 ], [ -77.109457969953709, 35.569148165290315 ], [ -77.109461986010174, 35.569148836847589 ], [ -77.109706145286637, 35.569199984750504 ], [ -77.109710917255484, 35.569201233773704 ], [ -77.109715542410029, 35.569202948326371 ], [ -77.110012507160334, 35.569330079866681 ], [ -77.110016876514919, 35.569332208109564 ], [ -77.110021017863957, 35.569334751710024 ], [ -77.11044859780641, 35.569626997485337 ], [ -77.110452770257311, 35.569630187572592 ], [ -77.11045525354065, 35.569634815672401 ], [ -77.110490025048691, 35.569708814159753 ], [ -77.110491766809872, 35.56971301509649 ], [ -77.110490622962573, 35.569717416597889 ], [ -77.110471279356247, 35.56977984138036 ], [ -77.110469815252131, 35.569783928080341 ], [ -77.110468001374954, 35.569787872008291 ], [ -77.110415946188297, 35.569889193451296 ], [ -77.110413835614111, 35.569892902145888 ], [ -77.1104111331735, 35.569896184334837 ], [ -77.110289393047566, 35.570031865485518 ], [ -77.110277301394405, 35.570046714541142 ], [ -77.110193302857951, 35.570160597138539 ], [ -77.110180251425589, 35.570180713630521 ], [ -77.110169701374829, 35.570202247547151 ], [ -77.110077003374982, 35.570424234098425 ], [ -77.110070052866519, 35.57044363378894 ], [ -77.110065135467067, 35.57046364570396 ], [ -77.110062303381881, 35.570484057388207 ], [ -77.110058476471394, 35.570528277529419 ], [ -77.110057740001835, 35.570547344207192 ], [ -77.110058823859617, 35.570566394294886 ], [ -77.110061718179452, 35.570585254398317 ], [ -77.110082198135245, 35.570686287819775 ], [ -77.110086861070684, 35.570704735312475 ], [ -77.110093255982193, 35.570722656195841 ], [ -77.110156951055671, 35.5708774600268 ], [ -77.110165970163521, 35.570896470953876 ], [ -77.110176936711653, 35.570914429085093 ], [ -77.110221868316785, 35.570979984469687 ], [ -77.110230541987818, 35.570991699790852 ], [ -77.110323381908586, 35.571107983534354 ], [ -77.110326652318122, 35.571111973150359 ], [ -77.110474794649832, 35.571288013340038 ], [ -77.110483503567977, 35.571297703249925 ], [ -77.110549656377302, 35.571366651831163 ], [ -77.110550326665432, 35.571367347079395 ], [ -77.110608275878647, 35.571427164488803 ], [ -77.110615906611073, 35.571434631672439 ], [ -77.110760816599523, 35.571569054373036 ], [ -77.110766900167548, 35.571575208618974 ], [ -77.111003229797461, 35.571835952774833 ], [ -77.111008493864645, 35.571842263711822 ], [ -77.111143247073144, 35.57201802922939 ], [ -77.111144746531252, 35.572019960485733 ], [ -77.111244435598863, 35.572146749401838 ], [ -77.111246848807198, 35.572150094468952 ], [ -77.111248671071181, 35.572153779075606 ], [ -77.111309346872318, 35.572290299612028 ], [ -77.111310836695665, 35.57229405430671 ], [ -77.111312017923595, 35.572297917208537 ], [ -77.111359013406542, 35.5724772681532 ], [ -77.111359844786563, 35.572481026654238 ], [ -77.111360384013778, 35.572484838052638 ], [ -77.111381511801781, 35.572691315749452 ], [ -77.111381769277386, 35.572696001239969 ], [ -77.111381585139995, 35.572700690184931 ], [ -77.111355513425437, 35.573001961962994 ], [ -77.11135374241988, 35.573013930208234 ], [ -77.111281688228232, 35.573356190068431 ], [ -77.111277987375672, 35.573382052217383 ], [ -77.111262186089448, 35.573587464020633 ], [ -77.111261629292727, 35.573606399886067 ], [ -77.111262866591019, 35.573625303486658 ], [ -77.111265886883359, 35.573644005220707 ], [ -77.111294274809794, 35.573778849788603 ], [ -77.111298378246389, 35.573794979711387 ], [ -77.111326795953161, 35.573889954119124 ], [ -77.1113322252816, 35.573905684342016 ], [ -77.111338943504023, 35.573920908763412 ], [ -77.111346904110576, 35.573935521985604 ], [ -77.111416614132267, 35.574051705088813 ], [ -77.111426108007592, 35.574066085377673 ], [ -77.111436804468923, 35.574079595081272 ], [ -77.111448624114743, 35.574092133914917 ], [ -77.111651336826753, 35.574289416107796 ], [ -77.111653888622129, 35.574292090541078 ], [ -77.111656235494095, 35.574294946490298 ], [ -77.111833059755909, 35.57452714952683 ], [ -77.111835779261213, 35.574531103845786 ], [ -77.11183725314983, 35.574535671120479 ], [ -77.111871693868153, 35.574663197482501 ], [ -77.111872746521115, 35.57466804008871 ], [ -77.111873313107395, 35.574672963287995 ], [ -77.111882634655515, 35.574816502692499 ], [ -77.111882687920101, 35.574821952536865 ], [ -77.111880969957355, 35.5748271247937 ], [ -77.111841541781615, 35.574927067983438 ], [ -77.111839830632604, 35.574930920193296 ], [ -77.111837503085795, 35.57493441640068 ], [ -77.11175959168996, 35.57504142846409 ], [ -77.111756844693247, 35.575044871119211 ], [ -77.111753804711071, 35.575048058025352 ], [ -77.111637765961135, 35.575159417537051 ], [ -77.111627654164749, 35.575167911675166 ], [ -77.111445387187587, 35.575301510679871 ], [ -77.111441898184779, 35.575303848865865 ], [ -77.111438079666357, 35.575305561865697 ], [ -77.111169355072505, 35.575412858336549 ], [ -77.111158416256401, 35.575416509409237 ], [ -77.110938702283391, 35.575475995626867 ], [ -77.110934964056369, 35.575476855020767 ], [ -77.110931170868838, 35.575477424780438 ], [ -77.110725300465148, 35.575500298509922 ], [ -77.110712644855909, 35.575500896280033 ], [ -77.110351100486739, 35.575495018310868 ], [ -77.110348882805667, 35.575494957642967 ], [ -77.110155276713002, 35.575487511222661 ], [ -77.110128755526176, 35.57548825228006 ], [ -77.110008281747866, 35.575499648259672 ], [ -77.109980040312919, 35.575504378743489 ], [ -77.109895269880212, 35.57552490881676 ], [ -77.109876162211535, 35.575530557618052 ], [ -77.109857711435197, 35.575538079639784 ], [ -77.109840100680671, 35.575547400223648 ], [ -77.109759370578914, 35.575595421032212 ], [ -77.109741275344803, 35.575607566182853 ], [ -77.109625466379015, 35.575694808803874 ], [ -77.109609324058965, 35.575708359684135 ], [ -77.109594697382391, 35.575723534043604 ], [ -77.109581748778879, 35.575740163370696 ], [ -77.109537645738669, 35.575803416135827 ], [ -77.109525243596764, 35.575823668468878 ], [ -77.10951532941101, 35.575845248066614 ], [ -77.109484911959299, 35.57592337949788 ], [ -77.10947814777947, 35.575943999502471 ], [ -77.109473657509639, 35.575965230993113 ], [ -77.109471494015864, 35.575986824001539 ], [ -77.109460484978555, 35.576228181215392 ], [ -77.109460669144156, 35.576249808541391 ], [ -77.109479715419653, 35.576553606886435 ], [ -77.109479797069937, 35.576557994543492 ], [ -77.109479110308911, 35.576562311692769 ], [ -77.109441969857855, 35.576744206531608 ], [ -77.109440768212295, 35.576748906129595 ], [ -77.1094382585012, 35.576753057216457 ], [ -77.109310905375892, 35.576942156753191 ], [ -77.109306885990591, 35.576947704679178 ], [ -77.109041547855455, 35.577288714197969 ], [ -77.109038863700363, 35.577291882454652 ], [ -77.109035925380795, 35.577294816532714 ], [ -77.108796524719082, 35.577514753250355 ], [ -77.108792852079688, 35.577517815864617 ], [ -77.108788902915904, 35.577520512527663 ], [ -77.108575132902402, 35.57765191216297 ], [ -77.108295052974483, 35.577823427612337 ], [ -77.108277767678047, 35.577835302021477 ], [ -77.108261820783014, 35.577848921111183 ], [ -77.108247387618761, 35.577864135145326 ], [ -77.108060165542085, 35.578083452547418 ], [ -77.108055650742074, 35.578088396045715 ], [ -77.107771275831126, 35.578379564981418 ], [ -77.107759309568877, 35.578392972679104 ], [ -77.107523223470906, 35.578682715015049 ], [ -77.107522760906079, 35.578683284840771 ], [ -77.107292130373878, 35.578968462419596 ], [ -77.107282526840365, 35.578981365931995 ], [ -77.107273991293823, 35.578994999454402 ], [ -77.107126128462809, 35.579253759887145 ], [ -77.107125854713402, 35.579254240491004 ], [ -77.106975251789336, 35.579519496331649 ], [ -77.106967392959348, 35.579534843354665 ], [ -77.106804487743503, 35.579889916637505 ], [ -77.106803506611229, 35.579892089212933 ], [ -77.106752042058403, 35.580007884877013 ], [ -77.106727679693662, 35.580062515777172 ], [ -77.106720070093502, 35.580082349972855 ], [ -77.106714607221591, 35.580102879423976 ], [ -77.106683394070757, 35.580251553569482 ], [ -77.106679938550911, 35.580274647454267 ], [ -77.10663639985161, 35.580756476013775 ], [ -77.106635788057915, 35.580765538333829 ], [ -77.10662296563099, 35.581052215227139 ], [ -77.106623174102737, 35.581073923901016 ], [ -77.106625734314321, 35.581095482085047 ], [ -77.106644870147761, 35.581205308404748 ], [ -77.106645101516406, 35.581206693763768 ], [ -77.106670503124079, 35.581365653062434 ], [ -77.106673948378344, 35.581382518443554 ], [ -77.106678831103579, 35.581399025104382 ], [ -77.106685115129707, 35.581415050767333 ], [ -77.106692753906074, 35.581430476717962 ], [ -77.106781710118682, 35.581592216629765 ], [ -77.106792756427964, 35.581610023143988 ], [ -77.10680560518297, 35.581626576161611 ], [ -77.106820115338763, 35.581641693974824 ], [ -77.107078975472348, 35.581884542349187 ], [ -77.107097979410312, 35.581900283425725 ], [ -77.107506263215114, 35.582197990096809 ], [ -77.107520364788996, 35.582207384179391 ], [ -77.107535210913198, 35.582215550927202 ], [ -77.107906713996286, 35.582399862322553 ], [ -77.107907269583393, 35.58240013689052 ], [ -77.10829449982991, 35.582590757961292 ], [ -77.108840750712076, 35.582863389770537 ], [ -77.108863846413428, 35.582873159661887 ], [ -77.10919359301819, 35.58298886038579 ], [ -77.109194389041065, 35.582989137809719 ], [ -77.109407049190153, 35.583062750294275 ], [ -77.109428261876133, 35.583068805643677 ], [ -77.109450012413646, 35.583072487955576 ], [ -77.109873824660227, 35.583120381548461 ], [ -77.109896986973524, 35.583121645256746 ], [ -77.109920139817305, 35.583120218533125 ], [ -77.110168555688048, 35.583090373432221 ], [ -77.110191193426999, 35.583086321984347 ], [ -77.110369379842112, 35.583043731678259 ], [ -77.110384792587311, 35.583039388612967 ], [ -77.110399808483848, 35.583033826438751 ], [ -77.110720387285937, 35.582900251769452 ], [ -77.110721594179068, 35.582899744254156 ], [ -77.110938968448011, 35.582807496886751 ], [ -77.110958416350357, 35.58279797010092 ], [ -77.110976720198622, 35.582786396437164 ], [ -77.111168656217629, 35.582649949294215 ], [ -77.111171310498207, 35.582648029452869 ], [ -77.111370002015889, 35.58250182252818 ], [ -77.111381631567269, 35.582492579995332 ], [ -77.111392543024508, 35.582482499768176 ], [ -77.111578650784622, 35.582297294804292 ], [ -77.111596030578937, 35.582277560405977 ], [ -77.111782296470395, 35.582035693487931 ], [ -77.111794694868905, 35.582017626901148 ], [ -77.112043347814392, 35.581608987832361 ], [ -77.112051435048912, 35.581597580293923 ], [ -77.112218447742762, 35.581393882134428 ], [ -77.112221624305988, 35.581390194649742 ], [ -77.112368602751744, 35.581227745507185 ], [ -77.112375741106831, 35.581220614939198 ], [ -77.112511902217577, 35.581097691016829 ], [ -77.112516168536942, 35.58109424609669 ], [ -77.112520787673773, 35.58109129101085 ], [ -77.1128544899736, 35.580902847680314 ], [ -77.112857521075952, 35.580901204271797 ], [ -77.113373974023915, 35.580632609533026 ], [ -77.11338427160797, 35.580627973338906 ], [ -77.113867932610404, 35.5804423254312 ], [ -77.113880298744618, 35.580438478048499 ], [ -77.114236651430076, 35.580352494737319 ], [ -77.114257007508527, 35.580346422601778 ], [ -77.114269980199154, 35.580341789500501 ], [ -77.114275057590461, 35.580340275300152 ], [ -77.114280267069788, 35.580339308847826 ], [ -77.114751195405589, 35.580277628113784 ], [ -77.114755987533499, 35.58027723485867 ], [ -77.114760765887851, 35.58027777008612 ], [ -77.114769082183528, 35.580279111330668 ], [ -77.11478704772243, 35.580281180624816 ], [ -77.114805126735192, 35.580281618648073 ], [ -77.115019635640195, 35.58027711272414 ], [ -77.115024966353843, 35.580277286302305 ], [ -77.115030247964782, 35.580278028747045 ], [ -77.11538996577346, 35.580348407626438 ], [ -77.115395974538075, 35.580349776788466 ], [ -77.115767825143024, 35.580446653997015 ], [ -77.115772890093027, 35.580448266571175 ], [ -77.115777754417195, 35.580450409575086 ], [ -77.116194317092123, 35.580661141115598 ], [ -77.116201499749977, 35.580665154175776 ], [ -77.11648290648526, 35.580837948478788 ], [ -77.116763704966928, 35.581009986923569 ], [ -77.116766903749578, 35.581012120444193 ], [ -77.116769928786894, 35.581014493894422 ], [ -77.116852417990501, 35.581084512903999 ], [ -77.116853557770341, 35.581085495227981 ], [ -77.116867890564222, 35.581098037167827 ], [ -77.116870105449379, 35.581099946895122 ], [ -77.117204624016793, 35.581384139444573 ], [ -77.117207851672632, 35.581387136721112 ], [ -77.117210802312997, 35.581390407065811 ], [ -77.117356304746821, 35.581566743889461 ], [ -77.117358844956712, 35.581570101558796 ], [ -77.117360776798762, 35.58157382561091 ], [ -77.117427264006622, 35.581716298772939 ], [ -77.117428834605462, 35.581720057616081 ], [ -77.117430093331222, 35.581723932056768 ], [ -77.117464584674536, 35.581846982820352 ], [ -77.117465713760112, 35.581852003859382 ], [ -77.11746471360803, 35.581857052162441 ], [ -77.11744538240346, 35.581933498481355 ], [ -77.117443689818458, 35.581938885882373 ], [ -77.117441398181924, 35.581944047019626 ], [ -77.117390587478297, 35.582042946194377 ], [ -77.117387731818269, 35.582047804471237 ], [ -77.117383855246686, 35.582051894683921 ], [ -77.117289266606178, 35.582140973813289 ], [ -77.117284785892465, 35.582144722672396 ], [ -77.117279896862541, 35.582147920816396 ], [ -77.117138676438628, 35.582228886398852 ], [ -77.117131139130151, 35.582232792206703 ], [ -77.11692769720554, 35.582327482572644 ], [ -77.116908822944254, 35.582337528044967 ], [ -77.116722259954486, 35.582450013973954 ], [ -77.116706240306456, 35.582460759045119 ], [ -77.116475933181988, 35.582631897272229 ], [ -77.11646156930604, 35.582643643222887 ], [ -77.116448355804437, 35.582656669798205 ], [ -77.116253401466125, 35.582867574735445 ], [ -77.116241652922668, 35.582881507859589 ], [ -77.11623122151488, 35.58289645262299 ], [ -77.11605111219761, 35.583181319251892 ], [ -77.116040015616051, 35.583201316775956 ], [ -77.115827812936359, 35.583641295187931 ], [ -77.115826200966453, 35.583644719875814 ], [ -77.115692161858547, 35.5839366279613 ], [ -77.115691821833281, 35.583937372476036 ], [ -77.115560443532857, 35.584226601306575 ], [ -77.115554917978983, 35.584237070165628 ], [ -77.11532466317486, 35.584616941695892 ], [ -77.115316500459798, 35.584628479278052 ], [ -77.115103108122071, 35.584888856849972 ], [ -77.11489418657122, 35.585142821754282 ], [ -77.114877500678915, 35.585166385792903 ], [ -77.114732140158708, 35.585406752872665 ], [ -77.114580631128817, 35.585655662682612 ], [ -77.114575574097799, 35.585664466354764 ], [ -77.114407044619426, 35.585975900195571 ], [ -77.114406937085164, 35.585976099182126 ], [ -77.114237045192041, 35.586290900728834 ], [ -77.114067491688843, 35.586604226714506 ], [ -77.114064578088772, 35.586609819812935 ], [ -77.11383325419213, 35.587071503677222 ], [ -77.113826599417166, 35.587086245487093 ], [ -77.113821157618872, 35.587101476830412 ], [ -77.113738696923349, 35.587365526586851 ], [ -77.113733229310469, 35.58738723898631 ], [ -77.113730222879298, 35.587409426470451 ], [ -77.113714550737456, 35.587608213652928 ], [ -77.113713973019216, 35.587627979885319 ], [ -77.113715350089109, 35.587647706552033 ], [ -77.113729987638067, 35.58776997304917 ], [ -77.113735217615087, 35.587813557506387 ], [ -77.113735923837808, 35.587826488466582 ], [ -77.113734558973917, 35.587958940900805 ], [ -77.113735491559112, 35.587980402514155 ], [ -77.113738720615629, 35.588001640304924 ], [ -77.11374420889058, 35.588022409257732 ], [ -77.113751893067032, 35.588042469766073 ], [ -77.113761684494477, 35.588061590396592 ], [ -77.113855405794709, 35.588222652493577 ], [ -77.113865088196818, 35.588237700347918 ], [ -77.113876076812801, 35.588251822569752 ], [ -77.113888283682385, 35.588264906115363 ], [ -77.114047691410335, 35.588421126252641 ], [ -77.114062445606578, 35.588434223033801 ], [ -77.114078418345528, 35.588445802480834 ], [ -77.114095454207671, 35.588455751922254 ], [ -77.11440637336176, 35.588617324456976 ], [ -77.114425393462255, 35.588625978232294 ], [ -77.11444521266958, 35.588632600246413 ], [ -77.114745826733269, 35.588715860740159 ], [ -77.114768195371639, 35.588720697469633 ], [ -77.114790970115621, 35.58872294712971 ], [ -77.115251442451424, 35.588741935835365 ], [ -77.115254537387401, 35.588742111553891 ], [ -77.115461828405444, 35.588757107444408 ], [ -77.115479203647595, 35.588757607062192 ], [ -77.115496556647741, 35.588756596100431 ], [ -77.115513756326237, 35.588754082195635 ], [ -77.115728327320653, 35.588713126900061 ], [ -77.115729653239441, 35.588712869177591 ], [ -77.115997703235095, 35.588659827585069 ], [ -77.11602571970208, 35.588652132437062 ], [ -77.11624287277337, 35.588575133105195 ], [ -77.116262499792384, 35.588566975325534 ], [ -77.116281150237683, 35.58855678071253 ], [ -77.116444941143143, 35.588455591185728 ], [ -77.116462396882596, 35.588443480688944 ], [ -77.116707876833473, 35.588253088393124 ], [ -77.11695477542483, 35.588062166914291 ], [ -77.117195529190113, 35.58787704357848 ], [ -77.117215304820348, 35.587859650073568 ], [ -77.117469858385348, 35.587604133718131 ], [ -77.117730980830189, 35.587343010283654 ], [ -77.117738768725417, 35.587334767719604 ], [ -77.118056259317967, 35.586979060078072 ], [ -77.118061594955094, 35.586972829553389 ], [ -77.118185354672775, 35.586822165777519 ], [ -77.118196296933121, 35.586807529464132 ], [ -77.118205857560824, 35.58679195547527 ], [ -77.118292751563359, 35.586634719716471 ], [ -77.118301156393116, 35.586617637796643 ], [ -77.118307898987808, 35.586599834129458 ], [ -77.118380270110947, 35.586377292656621 ], [ -77.118383415667864, 35.586366619132399 ], [ -77.11845369681204, 35.58610111299835 ], [ -77.118457508382491, 35.586083562580804 ], [ -77.118459730187226, 35.58606574099813 ], [ -77.118460344310435, 35.586047791956986 ], [ -77.118459345800048, 35.586029860191807 ], [ -77.118441566596502, 35.585853620025496 ], [ -77.118439385457393, 35.585838109603749 ], [ -77.11843599723754, 35.585822817432003 ], [ -77.118329956528271, 35.585419677733739 ], [ -77.118322716207814, 35.585397500574459 ], [ -77.118312942677548, 35.585376317403302 ], [ -77.118160062261367, 35.585090133586711 ], [ -77.117995482559408, 35.584780922105942 ], [ -77.117994490889856, 35.584779082207355 ], [ -77.117821991204394, 35.584462999915274 ], [ -77.117651107820137, 35.584149878538291 ], [ -77.117649170148553, 35.584145921836495 ], [ -77.117647964425004, 35.584141702221856 ], [ -77.117607233262135, 35.583971199370673 ], [ -77.117606277529134, 35.583965978164571 ], [ -77.117606451358952, 35.583960673053753 ], [ -77.117626630292065, 35.583727170941138 ], [ -77.11762716361801, 35.583723029298355 ], [ -77.117628376678141, 35.583719048823575 ], [ -77.117692391519213, 35.583536561300555 ], [ -77.117694194989667, 35.583532119715699 ], [ -77.117697193060948, 35.583528379161045 ], [ -77.117835365352633, 35.583372100397476 ], [ -77.117839192233205, 35.583368221917929 ], [ -77.117843419823274, 35.583364784607838 ], [ -77.118042862537493, 35.583219996650172 ], [ -77.11804708790504, 35.583217246814854 ], [ -77.118052057550528, 35.583216399496166 ], [ -77.118121894328539, 35.583208129654679 ], [ -77.118124090796115, 35.583207894127142 ], [ -77.118347070266154, 35.583186472479198 ], [ -77.118351928071078, 35.583186247162665 ], [ -77.118356082098856, 35.583188775618574 ], [ -77.11842950776861, 35.583238600407697 ], [ -77.118442798216122, 35.583246878281862 ], [ -77.118603966062935, 35.583338706574544 ], [ -77.118607846987572, 35.583341162560927 ], [ -77.11861056778875, 35.583344850503551 ], [ -77.1187758782782, 35.583591907504363 ], [ -77.118785814165136, 35.583605484260815 ], [ -77.118796855970174, 35.583618177909088 ], [ -77.118808925558696, 35.583629898625709 ], [ -77.119068969911439, 35.583861991079459 ], [ -77.119083372382576, 35.583873691612666 ], [ -77.119098797283129, 35.583884006945645 ], [ -77.119115111830311, 35.583892848280506 ], [ -77.119132175582934, 35.58390013950801 ], [ -77.119549062198828, 35.584055822585363 ], [ -77.119569201049558, 35.584062153979112 ], [ -77.119589895079869, 35.584066327342903 ], [ -77.119610913727286, 35.584068296179218 ], [ -77.120088685884156, 35.584087703067148 ], [ -77.120103299654403, 35.584087762317097 ], [ -77.12049599078837, 35.584074999884855 ], [ -77.12088864782524, 35.58406223820014 ], [ -77.120903289732496, 35.584062838070857 ], [ -77.121278735914785, 35.584105970809013 ], [ -77.121661262049585, 35.584150914600805 ], [ -77.121662719992401, 35.584151096769659 ], [ -77.122099961847198, 35.584208995622255 ], [ -77.122534263544125, 35.584266637771925 ], [ -77.122539694724523, 35.584267511278114 ], [ -77.122906782482431, 35.584336960477096 ], [ -77.122907199768321, 35.584337038964549 ], [ -77.12327573465133, 35.584405951858905 ], [ -77.123638086581451, 35.584474689749925 ], [ -77.123651970169547, 35.584476821414732 ], [ -77.124135984061539, 35.584533821674924 ], [ -77.124156066674374, 35.584535166917412 ], [ -77.124566017952915, 35.584541950265233 ], [ -77.124571963674796, 35.584541960256047 ], [ -77.125018619309046, 35.584536070966152 ], [ -77.12502933913143, 35.584536505605143 ], [ -77.125346496302598, 35.584566480368977 ], [ -77.125351895527444, 35.584567293123676 ], [ -77.125356737346337, 35.584569816809449 ], [ -77.12550235507409, 35.584656248255698 ], [ -77.125506777198169, 35.584659206347844 ], [ -77.125509558014144, 35.584663742045421 ], [ -77.125610012835722, 35.584849345186583 ], [ -77.125611832495139, 35.584853068893928 ], [ -77.125613336814752, 35.584856930782287 ], [ -77.125698512186901, 35.585105680521103 ], [ -77.125699781738618, 35.585110025813144 ], [ -77.125699414905853, 35.585114528484389 ], [ -77.12564539028422, 35.585539140029454 ], [ -77.125643891829071, 35.585558028574383 ], [ -77.125644187580079, 35.585576974155103 ], [ -77.125676667680267, 35.586091875738781 ], [ -77.12567672718491, 35.586096975545729 ], [ -77.125675745703731, 35.586101980369982 ], [ -77.125592136069187, 35.586436418744768 ], [ -77.125590789705825, 35.586440894708701 ], [ -77.125587887638787, 35.586444558716423 ], [ -77.125416994879615, 35.586640554488262 ], [ -77.125413846474686, 35.586643848599373 ], [ -77.125410166089367, 35.58664650291518 ], [ -77.125227382970294, 35.586766125722889 ], [ -77.125222864957436, 35.586768754853686 ], [ -77.125218096369991, 35.586770896195034 ], [ -77.125005449511647, 35.586853273044262 ], [ -77.125000950407539, 35.586854772924255 ], [ -77.124996210780452, 35.586854938795284 ], [ -77.124849947009821, 35.586853063841218 ], [ -77.124845081108901, 35.58685275993539 ], [ -77.124841220818297, 35.586849782099499 ], [ -77.124725487752187, 35.586750985380185 ], [ -77.124722156621459, 35.586747865983718 ], [ -77.124719800933903, 35.586743957300889 ], [ -77.124633481068273, 35.586584595677309 ], [ -77.124631263098763, 35.586579934863792 ], [ -77.124631128275766, 35.586574774980434 ], [ -77.124634839109561, 35.586432802975672 ], [ -77.124634805624012, 35.586421197766285 ], [ -77.124626364796285, 35.586156706321582 ], [ -77.124624253846051, 35.586133417736434 ], [ -77.124605993453827, 35.58601168150151 ], [ -77.124602397412488, 35.585993498060773 ], [ -77.124597133418746, 35.585975725627051 ], [ -77.124590246686225, 35.58595851685179 ], [ -77.124581796366655, 35.585942019545051 ], [ -77.124571855041722, 35.585926375405926 ], [ -77.124474278103293, 35.585787488881813 ], [ -77.12446113395805, 35.585770749947095 ], [ -77.124446285495495, 35.585755502532592 ], [ -77.124313256352281, 35.585632705997412 ], [ -77.124299283842916, 35.585620943231731 ], [ -77.124284296510311, 35.585610504192708 ], [ -77.124268419346436, 35.58560147594028 ], [ -77.124171258739892, 35.585551955608317 ], [ -77.124154450883552, 35.585544344321796 ], [ -77.124137013124127, 35.585538314374602 ], [ -77.124119093872508, 35.585533917086956 ], [ -77.124100845637543, 35.585531189883703 ], [ -77.124045871143096, 35.585525551368015 ], [ -77.124025194752122, 35.585524507799377 ], [ -77.124004521256765, 35.585525607239674 ], [ -77.12398407217465, 35.585528837908349 ], [ -77.123964066618811, 35.585534165188612 ], [ -77.123944718949872, 35.585541531998359 ], [ -77.12392623647915, 35.585550859401835 ], [ -77.123825915758474, 35.585608186082439 ], [ -77.123807686899028, 35.585619958523814 ], [ -77.123790840752719, 35.58563363657364 ], [ -77.123668223716081, 35.585744757708582 ], [ -77.123654789240234, 35.58575814636189 ], [ -77.123642683450385, 35.585772747424542 ], [ -77.123632015220295, 35.585788429581463 ], [ -77.123478900841789, 35.58603820359086 ], [ -77.123468971808407, 35.58605646804326 ], [ -77.123460992331928, 35.586075664498161 ], [ -77.123307649063662, 35.586506485985552 ], [ -77.123301257420025, 35.586528293665857 ], [ -77.12329738093797, 35.586550685649136 ], [ -77.123243014908383, 35.58702310116 ], [ -77.123241766371137, 35.587040954271799 ], [ -77.123224041637286, 35.58774800025666 ], [ -77.123223861463543, 35.587751995697751 ], [ -77.123203694375462, 35.588061510463305 ], [ -77.123203411170991, 35.588081996140787 ], [ -77.123205225213425, 35.58810240330709 ], [ -77.12320911746697, 35.588122517817993 ], [ -77.123215047087925, 35.588142128600282 ], [ -77.123254809695609, 35.58825281941342 ], [ -77.12326221591762, 35.588270673824766 ], [ -77.123271311123744, 35.588287729889799 ], [ -77.123282010357457, 35.588303828291181 ], [ -77.123294213679316, 35.588318818656894 ], [ -77.123307807100517, 35.588332560964901 ], [ -77.123322663647556, 35.588344926850993 ], [ -77.123379368355288, 35.588387660883626 ], [ -77.123396555537539, 35.588399267139863 ], [ -77.123414852205912, 35.588409031173043 ], [ -77.12343406162347, 35.588416847994317 ], [ -77.12345397723881, 35.588422633552462 ], [ -77.123642488344473, 35.588466941477193 ], [ -77.123646922769183, 35.588468202676061 ], [ -77.123651031138451, 35.588470250787928 ], [ -77.123716711064134, 35.588506843775939 ], [ -77.123717272609994, 35.588507155455801 ], [ -77.123801187087636, 35.588553555179303 ], [ -77.123843609835504, 35.588577523961206 ], [ -77.123847799553445, 35.58858017950331 ], [ -77.123850190312993, 35.588584543983671 ], [ -77.123995572505038, 35.588885001371679 ], [ -77.123997700278494, 35.588890102983719 ], [ -77.123999249648421, 35.588895408953881 ], [ -77.124053793905844, 35.589129852382264 ], [ -77.124054706199558, 35.5891349896565 ], [ -77.124053430791832, 35.589140049024216 ], [ -77.124005477411245, 35.589295190157799 ], [ -77.124003775305908, 35.589299851528821 ], [ -77.124000036056714, 35.589303113975639 ], [ -77.123847405145554, 35.5894233118877 ], [ -77.123843888009517, 35.589425842144948 ], [ -77.123840000460817, 35.589427717792042 ], [ -77.123557750500694, 35.589549191773884 ], [ -77.123538571816141, 35.589558692623363 ], [ -77.123520518227195, 35.589570188536037 ], [ -77.123503796487213, 35.589583547858389 ], [ -77.123415708264929, 35.589662001968655 ], [ -77.123400807995139, 35.589676743384935 ], [ -77.123387532339706, 35.589692963260596 ], [ -77.12329320696189, 35.589821390636686 ], [ -77.123282517283371, 35.589837527319141 ], [ -77.123273437560684, 35.589854621773895 ], [ -77.123266052839469, 35.589872513885005 ], [ -77.123260432289044, 35.589891036065232 ], [ -77.123228435324393, 35.590018357796353 ], [ -77.123224913696731, 35.590035519063626 ], [ -77.123222907367378, 35.590052922672399 ], [ -77.123222431730454, 35.59007043508872 ], [ -77.123222865479548, 35.59009647133432 ], [ -77.123223682066737, 35.590111498045204 ], [ -77.123255462848036, 35.590456267410154 ], [ -77.123255857811159, 35.590467755283008 ], [ -77.123248112867387, 35.59080173959849 ], [ -77.123247717215406, 35.59080694989165 ], [ -77.123246241997663, 35.590811962617956 ], [ -77.123138296292638, 35.591118270007641 ], [ -77.123132163399532, 35.591139273931667 ], [ -77.123128361701376, 35.591160822117047 ], [ -77.123121972719034, 35.591213852046273 ], [ -77.123120595713402, 35.591232921485641 ], [ -77.123121045867876, 35.59125203527708 ], [ -77.123123319068711, 35.591271018749367 ], [ -77.12312739454228, 35.591289698422209 ], [ -77.123133235044904, 35.59130790359157 ], [ -77.123140787203184, 35.591325467889661 ], [ -77.12314998200182, 35.591342230805289 ], [ -77.123160735414189, 35.591358039150698 ], [ -77.123172949170339, 35.59137274846146 ], [ -77.123186032288089, 35.591387054265326 ], [ -77.123199204272225, 35.591400176629172 ], [ -77.123213537935655, 35.5914120190821 ], [ -77.123228909400567, 35.591422479276432 ], [ -77.123245185819982, 35.591431466810562 ], [ -77.123262226525938, 35.591438904010261 ], [ -77.123494143712676, 35.591527529734464 ], [ -77.123501705003136, 35.591530782033892 ], [ -77.123741877812733, 35.59164602596946 ], [ -77.123745849790993, 35.591648159902952 ], [ -77.123748475798749, 35.591651825195044 ], [ -77.123819082091416, 35.591760522525199 ], [ -77.12382173620847, 35.591765129257212 ], [ -77.12382388431709, 35.591769992583757 ], [ -77.123864270571374, 35.591876465301375 ], [ -77.123865741448711, 35.591880993836917 ], [ -77.123864042604794, 35.591885441874986 ], [ -77.123817877202868, 35.591990700481624 ], [ -77.123815817606399, 35.591994854766227 ], [ -77.123812101639572, 35.591997628140923 ], [ -77.123709045640652, 35.592067261026344 ], [ -77.123704887665667, 35.592069783492533 ], [ -77.123700318614141, 35.592071449433661 ], [ -77.123551996799804, 35.592117447444316 ], [ -77.123546952091232, 35.592118726577588 ], [ -77.123541751648929, 35.592118928235777 ], [ -77.123331865151201, 35.59211606639515 ], [ -77.123327065169121, 35.592115766650139 ], [ -77.123322964301565, 35.592113254169405 ], [ -77.123178059988149, 35.592014456429254 ], [ -77.123167719468881, 35.592007861269565 ], [ -77.122893888639268, 35.591844802923568 ], [ -77.122878727260812, 35.591836637593481 ], [ -77.12286291968492, 35.591829806740201 ], [ -77.122846583101065, 35.591824361004264 ], [ -77.122829838620518, 35.591820340757621 ], [ -77.122522546018871, 35.591760423077112 ], [ -77.122504908284114, 35.591757793946933 ], [ -77.122487106471596, 35.591756746338326 ], [ -77.122251100395772, 35.591753398527423 ], [ -77.122232497675114, 35.591754000789699 ], [ -77.122214031497037, 35.591756329781454 ], [ -77.122195861789677, 35.591760365332227 ], [ -77.122041411610923, 35.591802297584707 ], [ -77.122022267257847, 35.591808545720937 ], [ -77.122003848285587, 35.59181668739901 ], [ -77.121986341437392, 35.591826640073407 ], [ -77.121969924208855, 35.59183830283758 ], [ -77.121937419041259, 35.591863951498816 ], [ -77.121922672542013, 35.591876806166738 ], [ -77.121909252446187, 35.591891040026198 ], [ -77.121897287151114, 35.591906516894134 ], [ -77.121886891135276, 35.591923088694934 ], [ -77.121878163862988, 35.591940596877187 ], [ -77.121871188832827, 35.591958873930601 ], [ -77.121866032778698, 35.591977744988675 ], [ -77.121862745031336, 35.591997029501755 ], [ -77.121861357046441, 35.592016542964416 ], [ -77.121861882103616, 35.592036098680772 ], [ -77.121864315179337, 35.592055509550661 ], [ -77.121868632995046, 35.592074589859742 ], [ -77.121874794239872, 35.59209315705634 ], [ -77.12190080038323, 35.592160340755484 ], [ -77.121908672768754, 35.592178071655319 ], [ -77.121918225990299, 35.592194956418297 ], [ -77.121929370161794, 35.592210836175987 ], [ -77.12194200042795, 35.592225561516038 ], [ -77.122001496606529, 35.592288476099867 ], [ -77.122081076884058, 35.592373852669368 ], [ -77.122092780364056, 35.592385416102921 ], [ -77.122105394676083, 35.59239597846873 ], [ -77.122118834457709, 35.592405468290089 ], [ -77.122418922804599, 35.592599370799149 ], [ -77.122426786321853, 35.592605009526018 ], [ -77.122683953451769, 35.592808969961077 ], [ -77.12292866433441, 35.593003243697538 ], [ -77.122946640457627, 35.593015966594706 ], [ -77.122965906455278, 35.593026635917674 ], [ -77.123282910228085, 35.593180025572195 ], [ -77.123286885193721, 35.593182176459628 ], [ -77.123290649113102, 35.593184678374463 ], [ -77.123507494801416, 35.593343440520883 ], [ -77.123510867164498, 35.593346141484545 ], [ -77.123513993148876, 35.593349124144147 ], [ -77.123729662693094, 35.593573536371608 ], [ -77.123732803160706, 35.593577135103217 ], [ -77.123735198675945, 35.593581267283497 ], [ -77.123851009468083, 35.593805169003062 ], [ -77.123852818927077, 35.593809070899887 ], [ -77.123854285546173, 35.593813114162238 ], [ -77.123997714088233, 35.594268940978843 ], [ -77.123998814375298, 35.594273038982188 ], [ -77.123999202090971, 35.594277248961447 ], [ -77.124018021920421, 35.594656335489667 ], [ -77.124019950878747, 35.594675833909939 ], [ -77.124023778508686, 35.594695050010536 ], [ -77.124029468073658, 35.594713799360491 ], [ -77.124036964966749, 35.594731902008569 ], [ -77.124182267215531, 35.595039239490873 ], [ -77.124186960329681, 35.595051060385501 ], [ -77.124300713525557, 35.595401068216262 ], [ -77.124301824932317, 35.595405039228559 ], [ -77.124302604623978, 35.595409088456641 ], [ -77.124354502707362, 35.595755078392564 ], [ -77.124358464581519, 35.595774722824878 ], [ -77.124427990701349, 35.596048000108226 ], [ -77.124498594256693, 35.596325510326736 ], [ -77.12450075826159, 35.596336612704356 ], [ -77.12454780927203, 35.596680778940474 ], [ -77.12455103473863, 35.596698429965564 ], [ -77.124555829219105, 35.596715720867174 ], [ -77.124562154122373, 35.596732512469835 ], [ -77.124569958538942, 35.596748669616971 ], [ -77.124579179650596, 35.596764062258757 ], [ -77.124617414183135, 35.596821838897824 ], [ -77.124628575377599, 35.59683708710547 ], [ -77.124641125839119, 35.596851213889039 ], [ -77.124654953529699, 35.596864093138691 ], [ -77.124669935009507, 35.596875609881344 ], [ -77.124685936538825, 35.596885661306999 ], [ -77.124721149889609, 35.596905525210822 ], [ -77.124737192898962, 35.596913646998154 ], [ -77.124753900545727, 35.596920295014286 ], [ -77.124771137772953, 35.596925415519721 ], [ -77.124788765242869, 35.596928967122658 ], [ -77.124806640463092, 35.596930921113561 ], [ -77.124809425669028, 35.596931099361932 ], [ -77.124829250257434, 35.596931383353486 ], [ -77.124849005552377, 35.596929703092115 ], [ -77.1248684974112, 35.596926075090387 ], [ -77.124887534280091, 35.596920535002013 ], [ -77.124905929076647, 35.596913137271535 ], [ -77.12492350102832, 35.596903954599199 ], [ -77.124940077448954, 35.596893077226568 ], [ -77.124955495435884, 35.596880612049645 ], [ -77.124969603470788, 35.596866681568393 ], [ -77.124982262908716, 35.596851422682846 ], [ -77.124993349340642, 35.596834985347797 ], [ -77.125002753816062, 35.596817531099063 ], [ -77.125057309951444, 35.596703023174108 ], [ -77.125063428943278, 35.596688783888773 ], [ -77.125068426963267, 35.596674113540999 ], [ -77.125121476933927, 35.596496079891693 ], [ -77.125123234933682, 35.596491150863756 ], [ -77.125126865050234, 35.596487381495663 ], [ -77.125240794842853, 35.596380985602309 ], [ -77.125244096702929, 35.596378161970719 ], [ -77.12524801798213, 35.596376291477476 ], [ -77.125445160364563, 35.59629262593657 ], [ -77.125449045903338, 35.596291164560739 ], [ -77.12545310600008, 35.596290371122329 ], [ -77.125673557571176, 35.596256677319474 ], [ -77.125678003859406, 35.596256200549313 ], [ -77.12568244582441, 35.59625652505342 ], [ -77.125867604010864, 35.596278364409883 ], [ -77.125872909753568, 35.596279284151819 ], [ -77.125877893162524, 35.596281324364597 ], [ -77.126062734272239, 35.596368981535328 ], [ -77.126066849029542, 35.596371175870743 ], [ -77.126069867742672, 35.596374730263229 ], [ -77.126208683533505, 35.596554710917545 ], [ -77.126211732108146, 35.596559140069253 ], [ -77.126213757497027, 35.596564120931774 ], [ -77.126289859485624, 35.596784817555076 ], [ -77.126293298868063, 35.59679740700939 ], [ -77.12633805856423, 35.597016729223675 ], [ -77.126342913114641, 35.597035715139164 ], [ -77.12634960243625, 35.59705413481948 ], [ -77.126397594301778, 35.597168485997379 ], [ -77.126406788140528, 35.597187508617878 ], [ -77.126417937410963, 35.59720545522007 ], [ -77.126430917690925, 35.597222125525811 ], [ -77.126445584124795, 35.597237333500004 ], [ -77.12646177304002, 35.597250909426698 ], [ -77.12647930377365, 35.597262701803039 ], [ -77.126524443136688, 35.59728971687116 ], [ -77.126539937577718, 35.597298086441747 ], [ -77.12655610819742, 35.597305060570562 ], [ -77.126572829621992, 35.597310585185909 ], [ -77.126589972207128, 35.597314617454401 ], [ -77.126673308779331, 35.597330383856296 ], [ -77.126693101618372, 35.597333112741133 ], [ -77.126713067966605, 35.597333853165196 ], [ -77.126733008558247, 35.597332597739005 ], [ -77.126814242264516, 35.597323391704272 ], [ -77.126833243004711, 35.597320306090104 ], [ -77.12685185909514, 35.597315408098702 ], [ -77.126869918081397, 35.597308743103731 ], [ -77.126887252669931, 35.59730037284789 ], [ -77.126931035069418, 35.59727656866162 ], [ -77.126947115283357, 35.597266819708594 ], [ -77.126962208804244, 35.597255603604417 ], [ -77.126976182199556, 35.597243019503765 ], [ -77.12701404898111, 35.597205547207146 ], [ -77.127028088438422, 35.597190124118846 ], [ -77.127040445418345, 35.597173322837293 ], [ -77.127050985545509, 35.597155326067188 ], [ -77.12705959420181, 35.597136329513525 ], [ -77.127066177772846, 35.597116539753372 ], [ -77.127089662448526, 35.597031350332436 ], [ -77.127093947478144, 35.597012175051752 ], [ -77.127096330302223, 35.596992671846429 ], [ -77.127096787923378, 35.596973028948192 ], [ -77.127095315924947, 35.596953435936967 ], [ -77.127091928513678, 35.596934081911208 ], [ -77.127038990829675, 35.596699999900572 ], [ -77.126975344514335, 35.596418564006974 ], [ -77.126974687252783, 35.596415424440266 ], [ -77.126912848269896, 35.596094449140388 ], [ -77.126912195451041, 35.596089979250621 ], [ -77.126912359939254, 35.596085483479612 ], [ -77.126944860622118, 35.59568759338952 ], [ -77.126945171762216, 35.595684411891028 ], [ -77.126983215644145, 35.595350580392179 ], [ -77.126984377779152, 35.595334978292357 ], [ -77.126984316792999, 35.595319333089982 ], [ -77.126971991344575, 35.59503301369223 ], [ -77.126959214746307, 35.594737167526389 ], [ -77.126959258819539, 35.594732015845004 ], [ -77.126959834543257, 35.594726896245099 ], [ -77.126995266866501, 35.594512385206585 ], [ -77.126996182546236, 35.594508049507162 ], [ -77.126997845282517, 35.594503960818678 ], [ -77.127133693836214, 35.594208004197746 ], [ -77.127136250914319, 35.594203156267277 ], [ -77.127139325154218, 35.594198618632596 ], [ -77.127254138701971, 35.59404774861423 ], [ -77.127257141348196, 35.594044166414221 ], [ -77.127261023814455, 35.594041563627258 ], [ -77.127397301295304, 35.593959229139415 ], [ -77.12740105867077, 35.593957174622702 ], [ -77.127405216498047, 35.593956149254275 ], [ -77.127543360911119, 35.593928334601337 ], [ -77.127556740868883, 35.593926570630707 ], [ -77.12778214032997, 35.593912244511998 ], [ -77.127789850512954, 35.593912052591961 ], [ -77.127982872086136, 35.59391469718642 ], [ -77.128004873648166, 35.593913786270463 ], [ -77.128026641712026, 35.593910462132087 ], [ -77.128229213380493, 35.593868001787442 ], [ -77.128234006007574, 35.593867239149191 ], [ -77.128238855532757, 35.593867420798638 ], [ -77.128496120566396, 35.593889665263184 ], [ -77.128499966064965, 35.593890148827313 ], [ -77.128503762440403, 35.593890929357777 ], [ -77.12877513684171, 35.593957803647186 ], [ -77.128779883532019, 35.59395922840929 ], [ -77.128783997361225, 35.593961991998448 ], [ -77.128938370083603, 35.59407729512025 ], [ -77.128941836772725, 35.594080137214 ], [ -77.128944068078439, 35.5940840147478 ], [ -77.128999696030647, 35.594191561649787 ], [ -77.129001743653205, 35.594196057320829 ], [ -77.129001880619256, 35.594200995443593 ], [ -77.129000107369635, 35.594280757147317 ], [ -77.128999721114255, 35.594285921198292 ], [ -77.128997265294274, 35.594290480316623 ], [ -77.128929655587726, 35.594401619196923 ], [ -77.128926812280156, 35.594405795022595 ], [ -77.128922286315799, 35.594408039474551 ], [ -77.128789121241638, 35.594465775200952 ], [ -77.128783915968754, 35.594467694184473 ], [ -77.128778414757718, 35.594468411151993 ], [ -77.128640929238472, 35.594478561900381 ], [ -77.128635007748898, 35.594478645860562 ], [ -77.128629118193871, 35.594478025999145 ], [ -77.128430517582601, 35.59444508251817 ], [ -77.128417664798604, 35.59444206618636 ], [ -77.128186007332076, 35.594371257578608 ], [ -77.12816788507925, 35.594366632768647 ], [ -77.12814941004936, 35.594363721036409 ], [ -77.128130743808782, 35.594362547845343 ], [ -77.128086830864234, 35.594361845456859 ], [ -77.128066186858035, 35.594362582186406 ], [ -77.128045728958497, 35.594365444372492 ], [ -77.128025675409361, 35.594370401481484 ], [ -77.128006240140763, 35.594377400631224 ], [ -77.12798763048707, 35.594386367155167 ], [ -77.127983798275068, 35.594388464011665 ], [ -77.127966669388172, 35.594398988107976 ], [ -77.127950683560471, 35.594411178624028 ], [ -77.127936002310904, 35.59442491238827 ], [ -77.127922773977104, 35.594440050636329 ], [ -77.127911132216653, 35.594456440413097 ], [ -77.12790119465653, 35.594473916118176 ], [ -77.127893061704697, 35.594492301179059 ], [ -77.127886815535547, 35.594511409835214 ], [ -77.127882519259671, 35.594531049015004 ], [ -77.127880216286144, 35.594551020286424 ], [ -77.127879929883917, 35.594571121862053 ], [ -77.127881662946777, 35.59459115063791 ], [ -77.127885397964079, 35.594610904245556 ], [ -77.127891097197605, 35.594630183096825 ], [ -77.127898703062982, 35.594648792400442 ], [ -77.127908138711433, 35.594666544130149 ], [ -77.127919308806241, 35.594683258924526 ], [ -77.127932100486063, 35.594698767899231 ], [ -77.12794638450525, 35.59471291435338 ], [ -77.128046575631501, 35.594802627561371 ], [ -77.128047408980819, 35.594803369581463 ], [ -77.128232482794516, 35.594967237305269 ], [ -77.128245974392129, 35.594978175691303 ], [ -77.128489759722683, 35.595158863389166 ], [ -77.128493792130243, 35.595162194795435 ], [ -77.128497038871814, 35.595166295679036 ], [ -77.128574058882663, 35.595274865390323 ], [ -77.128576753884445, 35.595279104088668 ], [ -77.128578056211722, 35.595283955226861 ], [ -77.128604114373516, 35.595405261467121 ], [ -77.128608640827039, 35.5954225367459 ], [ -77.12863215007917, 35.595498289013733 ], [ -77.128639786159567, 35.595518840093995 ], [ -77.1286496257718, 35.595538431894703 ], [ -77.12866155067897, 35.595556828992642 ], [ -77.128742974166556, 35.595668516939455 ], [ -77.128755762727565, 35.595684306793025 ], [ -77.128770087397754, 35.595698717573441 ], [ -77.128961581667511, 35.595872719374711 ], [ -77.128964424557765, 35.595875253580815 ], [ -77.129172117250988, 35.596056875669817 ], [ -77.129187470316097, 35.596069028244322 ], [ -77.129203938151221, 35.596079621264749 ], [ -77.129221362911466, 35.596088553196552 ], [ -77.129239577579781, 35.596095738426783 ], [ -77.129418473211899, 35.596156368349625 ], [ -77.129441282281761, 35.59616262208673 ], [ -77.129464670107069, 35.596166139546554 ], [ -77.129586631656792, 35.596177160154753 ], [ -77.129606979252685, 35.596177957914321 ], [ -77.129627302501106, 35.596176682511462 ], [ -77.129720483780588, 35.596166050992871 ], [ -77.1297379405583, 35.596163273053769 ], [ -77.129755083874741, 35.596158964604498 ], [ -77.129771779816593, 35.596153159300094 ], [ -77.129787897965173, 35.596145902488104 ], [ -77.129838723842411, 35.596120260430538 ], [ -77.129856886226392, 35.596109871452796 ], [ -77.12987386382251, 35.596097641805194 ], [ -77.129889470809687, 35.596083705342167 ], [ -77.129932216282299, 35.596041313299651 ], [ -77.129945597494327, 35.596026655831729 ], [ -77.129957460088235, 35.596010744292911 ], [ -77.129967687247643, 35.59599373537138 ], [ -77.12997617826106, 35.595975796561703 ], [ -77.129982849513624, 35.59595710451552 ], [ -77.129987635310457, 35.595937843301904 ], [ -77.129990488523674, 35.595918202594795 ], [ -77.129991381056357, 35.59589837580517 ], [ -77.129990304119332, 35.595878558176452 ], [ -77.129987268317706, 35.595858944861845 ], [ -77.129982303546385, 35.595839729002584 ], [ -77.129969920812229, 35.595800047375256 ], [ -77.12996266437284, 35.595780456431783 ], [ -77.129953403880464, 35.595761729332182 ], [ -77.129942240381169, 35.595744070417652 ], [ -77.12992929568577, 35.595727672373876 ], [ -77.129914711040612, 35.59571271412851 ], [ -77.129734251552833, 35.595546012051955 ], [ -77.129731152529317, 35.595542883288104 ], [ -77.129729339489387, 35.595538879518223 ], [ -77.129630438027647, 35.595292105471238 ], [ -77.129626365968505, 35.5952796267945 ], [ -77.129578302530206, 35.595091141005881 ], [ -77.129577276260704, 35.595085989240118 ], [ -77.129577913597359, 35.595080775055543 ], [ -77.129603109027485, 35.594938000389007 ], [ -77.129604236731311, 35.594933083133 ], [ -77.12960633293639, 35.59492849433726 ], [ -77.129668050044188, 35.594809734783112 ], [ -77.129670140980451, 35.594806094343127 ], [ -77.129672803843562, 35.594802867983887 ], [ -77.129763604847923, 35.59470177050602 ], [ -77.129767136417655, 35.594698218168837 ], [ -77.1297717826954, 35.594696346488689 ], [ -77.129904121376711, 35.594650680607948 ], [ -77.129909038230309, 35.594649262639336 ], [ -77.129914141171724, 35.59464888044382 ], [ -77.130077229928546, 35.594645087275303 ], [ -77.130080983778385, 35.594645141198136 ], [ -77.130084722955928, 35.594645477125212 ], [ -77.130247880680031, 35.594666346281763 ], [ -77.130252930269307, 35.594667258498092 ], [ -77.130257859284868, 35.594668685136583 ], [ -77.130482277753913, 35.594746368565247 ], [ -77.130486886688075, 35.594748226085194 ], [ -77.130491287766134, 35.594750533284447 ], [ -77.130925040383573, 35.595006260522361 ], [ -77.130930815684593, 35.595009937619515 ], [ -77.131201141421201, 35.595195359379282 ], [ -77.131204835092433, 35.595198155026154 ], [ -77.1312076121811, 35.595201862670784 ], [ -77.131316359681037, 35.595362122319578 ], [ -77.131318793111149, 35.595366097199438 ], [ -77.131320443305228, 35.59537045588106 ], [ -77.131361648531282, 35.595496881789344 ], [ -77.131362807938913, 35.595501042542054 ], [ -77.131363229828992, 35.595505324888236 ], [ -77.131373859386429, 35.595697622218289 ], [ -77.131374008899485, 35.595702380256562 ], [ -77.131375718232704, 35.595927129602977 ], [ -77.13137663986366, 35.595944846682585 ], [ -77.131379127918706, 35.595962412384829 ], [ -77.131383162820342, 35.595979688492093 ], [ -77.131388712819472, 35.595996539065467 ], [ -77.131426766482392, 35.596096862886853 ], [ -77.131435294853148, 35.596116198694375 ], [ -77.131445815884774, 35.59613452666354 ], [ -77.131458212108228, 35.596151642159569 ], [ -77.131472345117643, 35.596167354085139 ], [ -77.131589887045038, 35.596284895410157 ], [ -77.131604519968974, 35.596298150080585 ], [ -77.131620388470395, 35.596309897395756 ], [ -77.131637337907279, 35.596320022875524 ], [ -77.131686310349878, 35.596346088965284 ], [ -77.131705817761656, 35.59635516117919 ], [ -77.131726186789336, 35.596362085548506 ], [ -77.131747181740792, 35.596366781950636 ], [ -77.131768559681234, 35.596369196043014 ], [ -77.131790073244275, 35.596369299891926 ], [ -77.131908548742388, 35.596363491913323 ], [ -77.131928604618665, 35.596361491906727 ], [ -77.131948357353494, 35.596357483457417 ], [ -77.131967606339018, 35.596351507275031 ], [ -77.132026066603501, 35.596330072046186 ], [ -77.132043095869747, 35.596322919634112 ], [ -77.1320593926839, 35.596314226719983 ], [ -77.132074818053312, 35.596304067444123 ], [ -77.132089240417741, 35.596292528453198 ], [ -77.132102536771413, 35.596279708161205 ], [ -77.13211459371206, 35.596265715910157 ], [ -77.132125308408206, 35.596250671037474 ], [ -77.132179429916732, 35.596166726894275 ], [ -77.132192850150915, 35.596142336055621 ], [ -77.13230921122603, 35.595890846818037 ], [ -77.132311147545437, 35.595887088502863 ], [ -77.132313682151164, 35.595883723699878 ], [ -77.132469172173927, 35.595694431158329 ], [ -77.132472116907721, 35.595691154336777 ], [ -77.132476010532613, 35.595689111604564 ], [ -77.132666018716577, 35.595599865560835 ], [ -77.132670057436783, 35.595598180674813 ], [ -77.132674312209332, 35.595597232043993 ], [ -77.132861804661701, 35.595563921587285 ], [ -77.132866951533302, 35.595563284483916 ], [ -77.132871721110007, 35.595565320982153 ], [ -77.132970572830928, 35.595613831689086 ], [ -77.132974798118028, 35.595616169813987 ], [ -77.132976573381683, 35.595620660728969 ], [ -77.133010758524634, 35.595721369912965 ], [ -77.133012941313652, 35.595728713788198 ], [ -77.133051807289718, 35.595880558323358 ], [ -77.133059741231961, 35.595904931394259 ], [ -77.133135067096276, 35.596094167287859 ], [ -77.133139163084294, 35.596103726265611 ], [ -77.133195211029971, 35.596225668675643 ], [ -77.133203788994678, 35.596242246040021 ], [ -77.133213875018981, 35.596257951535947 ], [ -77.133225381255983, 35.596272648372278 ], [ -77.133238207489114, 35.59628620854307 ], [ -77.133277446476811, 35.596323993743809 ], [ -77.133291516465547, 35.596336327423465 ], [ -77.133306677469164, 35.596347292285799 ], [ -77.133322796796961, 35.596356792365178 ], [ -77.13333973337086, 35.596364744515903 ], [ -77.133357338960195, 35.596371079139907 ], [ -77.133375459478955, 35.596375740795892 ], [ -77.133389151152713, 35.596378587650477 ], [ -77.133409727722878, 35.596381759241595 ], [ -77.133430522513734, 35.596382774575787 ], [ -77.133451310185521, 35.596381622650512 ], [ -77.133480723111063, 35.596378450616683 ], [ -77.133500920711413, 35.596375220400375 ], [ -77.133520682757563, 35.596369944143291 ], [ -77.13353980254972, 35.59636267703209 ], [ -77.133558080105658, 35.596353495076642 ], [ -77.133580376251516, 35.596340826854998 ], [ -77.133599266791862, 35.596328640543248 ], [ -77.133616670413161, 35.596314411253935 ], [ -77.133632367238619, 35.596298318759438 ], [ -77.133696369488916, 35.596224861461138 ], [ -77.133699566622454, 35.59622109924895 ], [ -77.133816025530081, 35.596080578040905 ], [ -77.13381912313541, 35.596077175345222 ], [ -77.133823245064065, 35.596075130057585 ], [ -77.133995009437953, 35.595999629322293 ], [ -77.134007265465982, 35.595995171974629 ], [ -77.134123725432971, 35.595961242678683 ], [ -77.134128011939453, 35.595960197918956 ], [ -77.134132422267228, 35.595960319032756 ], [ -77.134246942412332, 35.595968564419046 ], [ -77.134252920338369, 35.595969361156982 ], [ -77.134258758011981, 35.595970875079288 ], [ -77.134411282764063, 35.596020468956709 ], [ -77.134415893014946, 35.596022224692732 ], [ -77.134420307137518, 35.596024427541096 ], [ -77.134652052262922, 35.596154783817475 ], [ -77.134655875736314, 35.596157168064494 ], [ -77.13465919355481, 35.596160189697493 ], [ -77.134920942248399, 35.596420962224919 ], [ -77.134923849959989, 35.596424119778945 ], [ -77.134926475457434, 35.596427515613982 ], [ -77.135104394620839, 35.59667932479659 ], [ -77.135109247246234, 35.596686893468487 ], [ -77.135221723615373, 35.596881019176728 ], [ -77.135232565902598, 35.596897750031069 ], [ -77.135245020047392, 35.596913318298682 ], [ -77.135258962293975, 35.596927569278982 ], [ -77.135274254099386, 35.596940361361156 ], [ -77.135365354428558, 35.59700915166686 ], [ -77.135381552268868, 35.597020179819523 ], [ -77.135398751584205, 35.597029569906482 ], [ -77.135416787265399, 35.597037231785215 ], [ -77.135546911952247, 35.597085130662869 ], [ -77.135556837943213, 35.597089407261237 ], [ -77.135694482584569, 35.597157760975506 ], [ -77.135698833989423, 35.597160202133281 ], [ -77.135702262411868, 35.597163827032766 ], [ -77.135797538699478, 35.597275300242181 ], [ -77.13580036591668, 35.597278761829742 ], [ -77.136009800537408, 35.597547219477661 ], [ -77.136019403928898, 35.597558625685082 ], [ -77.136029830409086, 35.597569284728522 ], [ -77.136272848291, 35.597799864903934 ], [ -77.136524009632225, 35.59803911226885 ], [ -77.136527866336209, 35.598042992774921 ], [ -77.136920896271874, 35.598460710044392 ], [ -77.136923830963326, 35.598464125770448 ], [ -77.136926445578553, 35.59846779229278 ], [ -77.13704224119077, 35.598646749564516 ], [ -77.137044756648891, 35.598651105566255 ], [ -77.137046344813854, 35.598655878407229 ], [ -77.137086759870044, 35.598801562727083 ], [ -77.137087777699691, 35.59880601867166 ], [ -77.137087541559396, 35.598810583280489 ], [ -77.137078465243164, 35.598903159495642 ], [ -77.137077767163476, 35.598907895148116 ], [ -77.137074575439115, 35.5989114625865 ], [ -77.137009506110786, 35.598977436464267 ], [ -77.137005831360327, 35.598980807090157 ], [ -77.137001838214488, 35.598983793675863 ], [ -77.136786974758493, 35.599128320928273 ], [ -77.136778769997591, 35.59913328535373 ], [ -77.136340014720389, 35.599370784935829 ], [ -77.136323512711741, 35.599380775388653 ], [ -77.136308049948894, 35.599392309182555 ], [ -77.136184075222872, 35.599494447133438 ], [ -77.136170104102121, 35.599507108963884 ], [ -77.136157387440434, 35.599521030195177 ], [ -77.136146038261643, 35.599536087097455 ], [ -77.136136157435587, 35.599552145847149 ], [ -77.136127832781625, 35.599569063716451 ], [ -77.136109301610119, 35.599611685972704 ], [ -77.136102128511155, 35.59963079692978 ], [ -77.136096940771779, 35.599650539507863 ], [ -77.136093792432959, 35.599670708047519 ], [ -77.136092561384942, 35.599682525505109 ], [ -77.136091485112999, 35.599703497009799 ], [ -77.136092613651186, 35.599724465766833 ], [ -77.136095934558455, 35.599745200615402 ], [ -77.136101411224899, 35.599765472973303 ], [ -77.136108983275449, 35.599785059356854 ], [ -77.136127741111252, 35.599826903509523 ], [ -77.136135941094906, 35.599843168003297 ], [ -77.136145586795635, 35.599858619020971 ], [ -77.136156598208743, 35.599873128406593 ], [ -77.136243905702429, 35.599977897946133 ], [ -77.136256990410843, 35.599992139080825 ], [ -77.136271389422646, 35.600005049850374 ], [ -77.13628696810008, 35.600016509532779 ], [ -77.136303580774907, 35.600026410974422 ], [ -77.136474074542733, 35.60011715728055 ], [ -77.136491316355801, 35.600125304437647 ], [ -77.136509255731639, 35.600131772442097 ], [ -77.136527729576045, 35.600136502490656 ], [ -77.136546569935803, 35.600139451580517 ], [ -77.136565605525519, 35.60014059290031 ], [ -77.136637582064665, 35.600141470550113 ], [ -77.136658928212682, 35.600140589665706 ], [ -77.136680058608718, 35.600137436832618 ], [ -77.136700732136973, 35.600132048027355 ], [ -77.136720712894927, 35.600124484740761 ], [ -77.136787373847852, 35.600095091049326 ], [ -77.136807354728106, 35.60008490639661 ], [ -77.136826069736927, 35.600072548760437 ], [ -77.13697272286106, 35.599963431382008 ], [ -77.136976079305157, 35.599961140292216 ], [ -77.136979611061989, 35.599959129942974 ], [ -77.137153593256954, 35.59986927129885 ], [ -77.137158048285826, 35.599867242919089 ], [ -77.137162940945302, 35.599867089656868 ], [ -77.137263275113853, 35.599868913699595 ], [ -77.137267956148406, 35.599869220005047 ], [ -77.137272496681121, 35.599870398762562 ], [ -77.137395722304305, 35.599908674293985 ], [ -77.137399897878026, 35.599910178915955 ], [ -77.137403525600291, 35.599912736049703 ], [ -77.137573728609325, 35.60004447416626 ], [ -77.137576876485255, 35.600047125280859 ], [ -77.137579795158373, 35.600050026811473 ], [ -77.137711958927113, 35.600192725551302 ], [ -77.137714818974956, 35.600196104133779 ], [ -77.137716313824043, 35.600200261381104 ], [ -77.137749639142953, 35.600307642516114 ], [ -77.137750781706458, 35.600312020177995 ], [ -77.137750285950176, 35.600316507837782 ], [ -77.137733744720023, 35.600422188603652 ], [ -77.137732771406732, 35.600426894496728 ], [ -77.137729709304651, 35.600430598048852 ], [ -77.137632107980366, 35.600537583248361 ], [ -77.137628847076172, 35.600540841529821 ], [ -77.137625057818298, 35.600543431937972 ], [ -77.137424176232813, 35.600667648279163 ], [ -77.137419841274749, 35.600670406423184 ], [ -77.137251176530413, 35.600780789305148 ], [ -77.137231924742139, 35.600795108665331 ], [ -77.137214526234501, 35.600811630389202 ], [ -77.13714471820299, 35.600886380844472 ], [ -77.137132224716737, 35.60090112708145 ], [ -77.137121212914721, 35.600917010372036 ], [ -77.137111785630282, 35.600933882390649 ], [ -77.137104030899835, 35.600951585578478 ], [ -77.137089659150774, 35.600989249230999 ], [ -77.137083439861684, 35.601008387728783 ], [ -77.137079175299291, 35.601028054328935 ], [ -77.137076908638193, 35.601048049925993 ], [ -77.137076662826146, 35.601068172083693 ], [ -77.137078440351786, 35.601088217084488 ], [ -77.137082223219352, 35.601107981991952 ], [ -77.137087973130946, 35.601127266705355 ], [ -77.137095631874203, 35.601145875985445 ], [ -77.137105121911731, 35.60116362143112 ], [ -77.137116347165957, 35.601180323386735 ], [ -77.137129193991967, 35.60119581276102 ], [ -77.137143532327954, 35.601209932738897 ], [ -77.137159217012027, 35.601222540369122 ], [ -77.137176089251767, 35.601233508011539 ], [ -77.13725093403086, 35.601276966972286 ], [ -77.13726667445934, 35.601285194769744 ], [ -77.137283082774061, 35.601291993662862 ], [ -77.137300029571776, 35.601297310032557 ], [ -77.137317381202521, 35.601301101951584 ], [ -77.137472840188494, 35.601327905031376 ], [ -77.137497308359428, 35.601330586597328 ], [ -77.137865912559121, 35.601348139074815 ], [ -77.137883956244309, 35.601348183429195 ], [ -77.137901930494507, 35.601346601382367 ], [ -77.138218384693758, 35.601304290152399 ], [ -77.138234597557044, 35.601301438931159 ], [ -77.13825052102159, 35.601297264044909 ], [ -77.138266047211346, 35.601291793777079 ], [ -77.138525282486242, 35.601188278798581 ], [ -77.138536548351709, 35.601183373811509 ], [ -77.138907372933758, 35.60100818173774 ], [ -77.138912078632174, 35.601006245870948 ], [ -77.138916957197694, 35.601004799919465 ], [ -77.139056579571573, 35.600971065545806 ], [ -77.139060984001787, 35.600970210775309 ], [ -77.139065317362977, 35.600971373366995 ], [ -77.139204311763663, 35.601015513722295 ], [ -77.139208873416734, 35.601017212961985 ], [ -77.139212745421659, 35.601020163160513 ], [ -77.139313396834922, 35.601104971342117 ], [ -77.139316776833212, 35.601108102289018 ], [ -77.139317107500631, 35.601112697707968 ], [ -77.139320867859752, 35.601264021373531 ], [ -77.139320745350034, 35.601268930950766 ], [ -77.139318292876268, 35.601273185869076 ], [ -77.139226074865761, 35.601416217474501 ], [ -77.139222741118715, 35.601420794123364 ], [ -77.139218909385491, 35.601424962744794 ], [ -77.139009800569127, 35.601627972680525 ], [ -77.138997161345088, 35.60164143100323 ], [ -77.138985817046304, 35.601655997516872 ], [ -77.138975864347898, 35.601671548086919 ], [ -77.138967388065851, 35.601687950192797 ], [ -77.13890714773683, 35.601819021629204 ], [ -77.138900392514998, 35.601835647717088 ], [ -77.138895154846722, 35.601852812409078 ], [ -77.138891476903069, 35.601870377503751 ], [ -77.138889388296974, 35.601888201575811 ], [ -77.138883499225656, 35.601970118996334 ], [ -77.138883006257132, 35.601987416922562 ], [ -77.138884010431283, 35.602004692712086 ], [ -77.138886504230371, 35.602021817029176 ], [ -77.138890468984471, 35.602038661672083 ], [ -77.138890903358046, 35.602040204497015 ], [ -77.138896954765741, 35.602058329736742 ], [ -77.138904708328056, 35.602075794733786 ], [ -77.138914093265868, 35.602092440057227 ], [ -77.138925023907859, 35.602108113758639 ], [ -77.138937400472614, 35.60212267275913 ], [ -77.138951109979459, 35.602135984155453 ], [ -77.138966027279864, 35.602147926433254 ], [ -77.138967938471254, 35.602149312010596 ], [ -77.138985320390631, 35.602160588009419 ], [ -77.139003775610917, 35.602170005233788 ], [ -77.139023106071022, 35.602177462618222 ], [ -77.139043104316812, 35.602182880130215 ], [ -77.139100645835853, 35.602195308934881 ], [ -77.139118249463849, 35.602198295864326 ], [ -77.139136049335164, 35.602199700872319 ], [ -77.139153903580606, 35.602199512760627 ], [ -77.139285558091373, 35.602192239559628 ], [ -77.13930778186797, 35.602189759796062 ], [ -77.139329589908328, 35.602184814611583 ], [ -77.139501966989457, 35.60213544794108 ], [ -77.139520631660872, 35.60212909160434 ], [ -77.139538579740233, 35.602120928307038 ], [ -77.139864202110545, 35.601952985583424 ], [ -77.139875573129402, 35.601946644042606 ], [ -77.140377268902355, 35.601645035176404 ], [ -77.140380754812327, 35.601643033791106 ], [ -77.140899601686925, 35.601358856316821 ], [ -77.140903052133964, 35.601357136266977 ], [ -77.140906625063678, 35.601355687705926 ], [ -77.141226990953385, 35.601239999612858 ], [ -77.141545395135694, 35.601125020897207 ], [ -77.141556457485436, 35.601120650126987 ], [ -77.141628372328654, 35.601089733518378 ], [ -77.141645958931392, 35.60108112985484 ], [ -77.141662620051747, 35.601070847895343 ], [ -77.141678196029659, 35.601058986169747 ], [ -77.141692537603831, 35.601045658346493 ], [ -77.141705507341925, 35.601030992143308 ], [ -77.141716980957696, 35.601015128103356 ], [ -77.141726848501861, 35.600998218248407 ], [ -77.141735015415804, 35.600980424622051 ], [ -77.141741403437734, 35.600961917736896 ], [ -77.141745951352547, 35.600942874940536 ], [ -77.141748615578521, 35.600923478716105 ], [ -77.141749370584961, 35.600903914933561 ], [ -77.141748209136793, 35.600884371068531 ], [ -77.141745142363916, 35.600865034405778 ], [ -77.141740199654578, 35.600846090244488 ], [ -77.14173342837374, 35.600827720122609 ], [ -77.141724893409162, 35.600810100077155 ], [ -77.141714676549611, 35.600793398957329 ], [ -77.141702875701128, 35.600777776806481 ], [ -77.141689603948748, 35.600763383328392 ], [ -77.141674988472928, 35.600750356452764 ], [ -77.141659169330694, 35.600738821013408 ], [ -77.141642298113567, 35.600728887552023 ], [ -77.141624536494902, 35.600720651258897 ], [ -77.141606054680551, 35.600714191060689 ], [ -77.141587029777895, 35.60070956886414 ], [ -77.141567644098572, 35.600706828962778 ], [ -77.141548083411493, 35.600705997612515 ], [ -77.141528535162621, 35.600707082779998 ], [ -77.141509186678746, 35.600710074066306 ], [ -77.141490223372315, 35.600714942806555 ], [ -77.141421031091838, 35.60073636790522 ], [ -77.141416925381023, 35.600737543741204 ], [ -77.141218774691552, 35.600789740144435 ], [ -77.141209106443156, 35.60079178175306 ], [ -77.141069174418163, 35.600814170311061 ], [ -77.141064005044967, 35.600814721201388 ], [ -77.141058919244713, 35.600813643920134 ], [ -77.140967828566431, 35.600789292812202 ], [ -77.140963168470151, 35.600787793439181 ], [ -77.140961002049409, 35.600783403537392 ], [ -77.140920079586579, 35.600688827101443 ], [ -77.140918281450652, 35.600683988134946 ], [ -77.140919684460684, 35.600679020192437 ], [ -77.140983393801207, 35.600491696109557 ], [ -77.140985205899909, 35.600487125015782 ], [ -77.140988278504807, 35.600483286044479 ], [ -77.141166593829965, 35.600281837570613 ], [ -77.141170159367491, 35.600278202923427 ], [ -77.141174390043247, 35.600275370062462 ], [ -77.141436261256061, 35.600118827344154 ], [ -77.141441103082798, 35.60011628387484 ], [ -77.141446383827045, 35.600114860406109 ], [ -77.141578687844273, 35.600086909355369 ], [ -77.141583014789745, 35.600086192317256 ], [ -77.141587383471801, 35.600086244920696 ], [ -77.141883397428472, 35.600102743524666 ], [ -77.141892541889035, 35.600103676537465 ], [ -77.14210078701754, 35.600134655453651 ], [ -77.142120226806341, 35.600136582802271 ], [ -77.142139761892551, 35.600136604431817 ], [ -77.142159205901663, 35.600134720135941 ], [ -77.142251775967424, 35.600121158705797 ], [ -77.142269066443319, 35.600117842501191 ], [ -77.142285998291499, 35.600113018572593 ], [ -77.142302440308015, 35.60010672430036 ], [ -77.142318265084583, 35.60009900845845 ], [ -77.142367176489159, 35.600072434527718 ], [ -77.142384927075014, 35.600061557428326 ], [ -77.142401450828288, 35.600048894088864 ], [ -77.142416568716385, 35.600034581714894 ], [ -77.142430116939011, 35.600018775379048 ], [ -77.142441948703009, 35.60000164634085 ], [ -77.142460172930356, 35.599972082489032 ], [ -77.142469701660517, 35.599954763058498 ], [ -77.142477474118422, 35.599936587573083 ], [ -77.142483414375064, 35.599917733588796 ], [ -77.142487464400176, 35.599898385289933 ], [ -77.142489584629118, 35.599878731689721 ], [ -77.142489754349398, 35.599858964783856 ], [ -77.142487971903037, 35.599839277674945 ], [ -77.142484254702708, 35.599819862686047 ], [ -77.142482775993216, 35.59981378357152 ], [ -77.142477016349872, 35.599794421422757 ], [ -77.142469332940877, 35.599775739037405 ], [ -77.142459804149738, 35.599757927006756 ], [ -77.142448527185934, 35.599741167043049 ], [ -77.14243561709317, 35.59972563012569 ], [ -77.142421205575786, 35.599711474756987 ], [ -77.142302770561756, 35.599606354638517 ], [ -77.142299216953319, 35.599602864188675 ], [ -77.142297796754576, 35.599598089839454 ], [ -77.142264203336765, 35.599459981191565 ], [ -77.142263259854545, 35.599455004236411 ], [ -77.142264378756721, 35.599450063760933 ], [ -77.142304505084056, 35.599307288477505 ], [ -77.142306265955753, 35.599302129042051 ], [ -77.142309108801527, 35.599297477303963 ], [ -77.142424700853923, 35.599129774243373 ], [ -77.142428244588686, 35.599125221859907 ], [ -77.142432291128344, 35.599121109954389 ], [ -77.142592939024695, 35.598975760862167 ], [ -77.142596093704043, 35.598973134331942 ], [ -77.142599624697866, 35.59897106820501 ], [ -77.142814018467291, 35.598857111170275 ], [ -77.142818069579761, 35.598855186273944 ], [ -77.142822382680194, 35.598854023716925 ], [ -77.143001239108628, 35.598814277743955 ], [ -77.14300702600309, 35.598813345257319 ], [ -77.143012882387865, 35.598813099414116 ], [ -77.143120280499531, 35.598814920106591 ], [ -77.143124935092047, 35.598815218685417 ], [ -77.143129153157361, 35.5988172092393 ], [ -77.143282721247488, 35.598898733176348 ], [ -77.143286862362643, 35.598901195096403 ], [ -77.143290746510331, 35.598904045233517 ], [ -77.143465352543132, 35.599045641499217 ], [ -77.143480902088129, 35.599057053891173 ], [ -77.143497478658531, 35.599066915349155 ], [ -77.143514928079369, 35.599075134153956 ], [ -77.143699047204777, 35.59915123653748 ], [ -77.143713167702387, 35.599156459818687 ], [ -77.143727641110715, 35.599160606090635 ], [ -77.143882033903239, 35.599198610401672 ], [ -77.143899401407637, 35.599202077930435 ], [ -77.143917007573094, 35.599203995455603 ], [ -77.143934714343516, 35.599204347941196 ], [ -77.144070062897299, 35.59920104667988 ], [ -77.144073919115527, 35.599201027006643 ], [ -77.144208462011619, 35.599202935313372 ], [ -77.144212932354364, 35.599203201508331 ], [ -77.144216835438414, 35.599205397131264 ], [ -77.14430959487332, 35.599263257166882 ], [ -77.14431381487492, 35.599266203562358 ], [ -77.144317338404136, 35.599269955148969 ], [ -77.144409654283436, 35.599379055985075 ], [ -77.144412727295716, 35.599383093246672 ], [ -77.144412883647121, 35.599388164581967 ], [ -77.144411101567499, 35.599473713121327 ], [ -77.144410718385913, 35.599478903531057 ], [ -77.144407769720104, 35.599483192184273 ], [ -77.144340768229071, 35.599570386269647 ], [ -77.144337854248676, 35.599573840599795 ], [ -77.14433390755525, 35.599576023066476 ], [ -77.144022040381017, 35.599730516806041 ], [ -77.144004438653056, 35.599740371746265 ], [ -77.143835519352422, 35.599846476681371 ], [ -77.14382163811824, 35.599856034612543 ], [ -77.143808610880754, 35.599866727310726 ], [ -77.14379653014727, 35.599878478846342 ], [ -77.143725578815847, 35.599953569255078 ], [ -77.143713770224593, 35.599967256226599 ], [ -77.143703245697267, 35.59998195351686 ], [ -77.143694091212922, 35.599997541057824 ], [ -77.14368638155824, 35.600013891508631 ], [ -77.143680179716469, 35.600030871295886 ], [ -77.143670988506159, 35.600060067515756 ], [ -77.143666339246167, 35.600077564990933 ], [ -77.143663291337617, 35.600095411209288 ], [ -77.143661869756386, 35.600113459931215 ], [ -77.143662086151522, 35.600131563257683 ], [ -77.143670292502364, 35.600274799682019 ], [ -77.143673170672074, 35.600299024606812 ], [ -77.143726463831442, 35.600593091689937 ], [ -77.143727603535297, 35.600598890797293 ], [ -77.143789777762208, 35.600892271920188 ], [ -77.143790649984979, 35.600898031506382 ], [ -77.143790843479991, 35.600903853547401 ], [ -77.1437854588617, 35.601116519507428 ], [ -77.143785841569979, 35.601134942744224 ], [ -77.143787918296056, 35.601153252559307 ], [ -77.143811644860179, 35.601301194685675 ], [ -77.143815348373693, 35.60131904195228 ], [ -77.143820661370086, 35.601336477921045 ], [ -77.143827539719467, 35.601353357768417 ], [ -77.143835926290109, 35.601369541289984 ], [ -77.143845751422973, 35.601384894065035 ], [ -77.143939302744997, 35.601517367454576 ], [ -77.143951083753336, 35.601532461111013 ], [ -77.143964254114351, 35.601546359032177 ], [ -77.1439786931182, 35.601558933839939 ], [ -77.144034734061279, 35.601603206078956 ], [ -77.144049300280599, 35.601613687369557 ], [ -77.144064747365334, 35.60162282081204 ], [ -77.144080950953992, 35.601630532874836 ], [ -77.144120446929406, 35.601647200935481 ], [ -77.144138252836285, 35.601653739057319 ], [ -77.144156598050188, 35.601658560932854 ], [ -77.144175317557128, 35.601661623189628 ], [ -77.144194242976397, 35.601662898282846 ], [ -77.144213204075072, 35.601662374743135 ], [ -77.144251213032064, 35.601659517076641 ], [ -77.144269502391424, 35.601657290973279 ], [ -77.144287509290578, 35.601653391257337 ], [ -77.1443050809157, 35.601647851023387 ], [ -77.144322068146863, 35.601640717288092 ], [ -77.144338326823544, 35.601632050591228 ], [ -77.144350413264092, 35.601624874217073 ], [ -77.144366954403239, 35.601613907667684 ], [ -77.144382327217926, 35.60160135573323 ], [ -77.144396380334157, 35.601587342010887 ], [ -77.144408975372841, 35.601572004491842 ], [ -77.14441998831235, 35.601555494202536 ], [ -77.144440427992464, 35.60152128881208 ], [ -77.144443170346776, 35.601517180375424 ], [ -77.144447295107682, 35.60151446263599 ], [ -77.144533642206596, 35.601463563477246 ], [ -77.144538025999069, 35.60146126912111 ], [ -77.144542849805148, 35.601462370301917 ], [ -77.144650808105723, 35.601492819681859 ], [ -77.144654924360324, 35.601494176291588 ], [ -77.14465872886278, 35.60149621790115 ], [ -77.144929391492312, 35.601656863684767 ], [ -77.144932889373223, 35.601659142908488 ], [ -77.144936184443978, 35.601661706604879 ], [ -77.14515201354061, 35.601844628711618 ], [ -77.145155774155342, 35.60184816875023 ], [ -77.145158262901916, 35.601852694260216 ], [ -77.145215151553444, 35.601970264382309 ], [ -77.145223702748567, 35.601986081253372 ], [ -77.145233639921003, 35.60200106621091 ], [ -77.145244882754454, 35.60201509814037 ], [ -77.145257340379757, 35.602028063629959 ], [ -77.145329861537675, 35.602097047495626 ], [ -77.145346602513186, 35.60211130365677 ], [ -77.145364807305668, 35.602123635887772 ], [ -77.145384255865466, 35.602133895123288 ], [ -77.145665328177913, 35.602262940445364 ], [ -77.145678136309726, 35.602269999159958 ], [ -77.145878256716244, 35.602400250399278 ], [ -77.145895813013482, 35.602410447599446 ], [ -77.145914312678244, 35.602418812338996 ], [ -77.145933565068489, 35.602425258417931 ], [ -77.146144472166185, 35.602484153219159 ], [ -77.146160902702263, 35.602488002188402 ], [ -77.146177599224501, 35.602490452336362 ], [ -77.146194442863234, 35.602491486219392 ], [ -77.146283897753847, 35.602493195322417 ], [ -77.146304624872002, 35.60249251594594 ], [ -77.14632517021181, 35.602489693891506 ], [ -77.146345312872384, 35.602484759501493 ], [ -77.146364836282331, 35.602477765829839 ], [ -77.146435009909865, 35.602448439772537 ], [ -77.146451231462621, 35.602440789092142 ], [ -77.14646670239749, 35.602431715952747 ], [ -77.146481298300444, 35.602421293318649 ], [ -77.1466322690802, 35.602302918205048 ], [ -77.146636094543595, 35.602300200563796 ], [ -77.146640527831707, 35.602298662480507 ], [ -77.146899919456942, 35.602222200064098 ], [ -77.146908151131754, 35.602220148880591 ], [ -77.147076687616817, 35.602185675982653 ], [ -77.147083332469379, 35.602184548719293 ], [ -77.14711687099819, 35.602180016200428 ], [ -77.147117110422798, 35.602179983696438 ], [ -77.147134819295346, 35.602177568666463 ], [ -77.147143196551141, 35.602176783634775 ], [ -77.147390926963169, 35.602164054929226 ], [ -77.147393054455932, 35.602163934248978 ], [ -77.147656707746677, 35.602147569215809 ], [ -77.147673410800394, 35.602145826018841 ], [ -77.147689908724232, 35.602142687667694 ], [ -77.147706085195153, 35.602138176290161 ], [ -77.148029910301972, 35.602033026397393 ], [ -77.148376744253397, 35.601920079885865 ], [ -77.148847790652269, 35.601768032667906 ], [ -77.148854253127084, 35.601766184132735 ], [ -77.149090476802073, 35.60170712857159 ], [ -77.149095023566133, 35.601706214200377 ], [ -77.149099635616082, 35.601705726210547 ], [ -77.149513822757854, 35.601681304525435 ], [ -77.149524137112465, 35.601680428010191 ], [ -77.149650650484105, 35.601666370847532 ], [ -77.149657348572191, 35.601665853720959 ], [ -77.149694705376206, 35.601664229682811 ], [ -77.149699943716797, 35.601664279179865 ], [ -77.149704905004754, 35.601665960930099 ], [ -77.149912567611054, 35.601748835171762 ], [ -77.149917828141909, 35.601751299445525 ], [ -77.149922765822197, 35.601754359697544 ], [ -77.15018220899772, 35.601936930478651 ], [ -77.15019314253226, 35.601945842407638 ], [ -77.15047028110321, 35.602206391954368 ], [ -77.150473623436724, 35.602209685342721 ], [ -77.150682925886329, 35.602425834307752 ], [ -77.150688765437678, 35.602432422195115 ], [ -77.150819704483439, 35.60259394561308 ], [ -77.150822728477294, 35.60259810167107 ], [ -77.150823278294368, 35.602603211960187 ], [ -77.150828719998472, 35.602702063120795 ], [ -77.150828746749227, 35.602706869179386 ], [ -77.150824747272509, 35.602709534343646 ], [ -77.150761495632736, 35.602747309664004 ], [ -77.150756901759422, 35.602749735992589 ], [ -77.150751782474785, 35.602750621243324 ], [ -77.150550872978627, 35.602774598595921 ], [ -77.150532765334958, 35.6027776079708 ], [ -77.150515009866467, 35.602782264840421 ], [ -77.150497756137696, 35.602788529977268 ], [ -77.150481149486765, 35.602796350606489 ], [ -77.150387712861402, 35.60284571328954 ], [ -77.150371948234422, 35.602854987643084 ], [ -77.150357096799553, 35.602865663409098 ], [ -77.150343282765689, 35.602877651301583 ], [ -77.150330621665518, 35.602890851060671 ], [ -77.150271955802907, 35.602957897731216 ], [ -77.15025838806217, 35.602975245056925 ], [ -77.150246809882972, 35.602993978958402 ], [ -77.15023736165459, 35.603013872280862 ], [ -77.150153512826165, 35.603218836602828 ], [ -77.150148885789577, 35.603231316960759 ], [ -77.150084974559675, 35.603423048987487 ], [ -77.150081383933454, 35.603435063948304 ], [ -77.150030146910282, 35.603628413473899 ], [ -77.149990328416564, 35.603775075749724 ], [ -77.149988752370746, 35.60377989341054 ], [ -77.149986231226762, 35.603784293576197 ], [ -77.149901521052158, 35.603916064592759 ], [ -77.149898825011576, 35.603919856171061 ], [ -77.1498954707927, 35.603923080131224 ], [ -77.149838784928534, 35.603972680004148 ], [ -77.149834874420975, 35.603975768119071 ], [ -77.149830065825725, 35.603977074232901 ], [ -77.149729268943943, 35.603999066885109 ], [ -77.149724966928019, 35.603999809984479 ], [ -77.149720617968484, 35.603999790862261 ], [ -77.149542860711406, 35.603991281254245 ], [ -77.149537048291776, 35.603990659417413 ], [ -77.149531348830223, 35.60398936055666 ], [ -77.149424349158309, 35.603958266723787 ], [ -77.149420084020065, 35.603956814449781 ], [ -77.149416366520015, 35.60395426872806 ], [ -77.149355060863002, 35.603908066534899 ], [ -77.149351198947045, 35.603904834938866 ], [ -77.149348934365491, 35.603900337241896 ], [ -77.149305552579321, 35.603802005799089 ], [ -77.149297630849759, 35.60378602117737 ], [ -77.149288316233751, 35.603770806057938 ], [ -77.149277682843504, 35.603756481500625 ], [ -77.149265815284082, 35.60374316147945 ], [ -77.149262900524676, 35.603740170008827 ], [ -77.149248061549585, 35.603726407809532 ], [ -77.14923190770719, 35.603714215734755 ], [ -77.149214604410147, 35.603703718629305 ], [ -77.149196328841327, 35.603695023981778 ], [ -77.149177268139496, 35.603688220823933 ], [ -77.149157617483041, 35.60368337881895 ], [ -77.149137578091413, 35.603680547548151 ], [ -77.14911735516462, 35.603679756003281 ], [ -77.149097155782059, 35.603681012289634 ], [ -77.149077186782023, 35.603684303543034 ], [ -77.149057652643734, 35.603689596061599 ], [ -77.149038753393512, 35.60369683565083 ], [ -77.149021080301083, 35.603704652577861 ], [ -77.14900482342226, 35.603712744562486 ], [ -77.148989367528742, 35.603722277750848 ], [ -77.14897484004139, 35.603733173549834 ], [ -77.1489613607271, 35.603745342132768 ], [ -77.148909304048686, 35.603796814268406 ], [ -77.148898469468293, 35.603808412856566 ], [ -77.148888588735261, 35.603820834068046 ], [ -77.148785790404133, 35.603961150281982 ], [ -77.148774451832807, 35.603978434663667 ], [ -77.148764957913258, 35.603996797085657 ], [ -77.148757410067361, 35.604016041385393 ], [ -77.148751888927464, 35.604035961979363 ], [ -77.148717591558054, 35.604190300172228 ], [ -77.148716243278471, 35.604195662609996 ], [ -77.148675360213758, 35.604341129273855 ], [ -77.148673770130316, 35.604345855258089 ], [ -77.148670089440429, 35.604349219156504 ], [ -77.148493992750204, 35.604494522889837 ], [ -77.148490904084483, 35.604496875641026 ], [ -77.148487641858409, 35.604498981151742 ], [ -77.148304013364907, 35.604607620552152 ], [ -77.148299925644778, 35.604609787872327 ], [ -77.148295328796877, 35.604610312964397 ], [ -77.148156222520669, 35.604619648889411 ], [ -77.148151076984661, 35.604619724013702 ], [ -77.148146871936703, 35.604616757575414 ], [ -77.148046756610569, 35.604537963107177 ], [ -77.14804319322829, 35.604534871106793 ], [ -77.148041883633297, 35.604530338655003 ], [ -77.148015194278415, 35.604418059658776 ], [ -77.148014270342514, 35.604413021608572 ], [ -77.148015971761907, 35.60440819037894 ], [ -77.148054131530401, 35.604315516390791 ], [ -77.148056181622721, 35.604311155356285 ], [ -77.148060038027822, 35.60430826578208 ], [ -77.148166782957489, 35.604236140342927 ], [ -77.148167199458584, 35.604235858157715 ], [ -77.148237741712734, 35.604187935251979 ], [ -77.148253656051367, 35.604175922225274 ], [ -77.148268295127167, 35.604162384262189 ], [ -77.148281513435421, 35.604147455922977 ], [ -77.148293179593082, 35.604131285587485 ], [ -77.148303177644678, 35.604114033980338 ], [ -77.148311408214823, 35.60409587257346 ], [ -77.148317789495977, 35.60407698188169 ], [ -77.148322258061555, 35.604057549668582 ], [ -77.148324769496369, 35.604037769080122 ], [ -77.148325298838074, 35.604017836724964 ], [ -77.148323840825284, 35.603997950720249 ], [ -77.148320409949889, 35.603978308722418 ], [ -77.148315040312994, 35.603959105962609 ], [ -77.148307785285951, 35.603940533306172 ], [ -77.148298716979937, 35.603922775355542 ], [ -77.148287925529118, 35.603906008615418 ], [ -77.148275518194879, 35.603890399738404 ], [ -77.1482616182996, 35.603876103868522 ], [ -77.148246364000912, 35.603863263099214 ], [ -77.148229906918559, 35.603852005060979 ], [ -77.148212410627266, 35.603842441652802 ], [ -77.148194049031005, 35.603834667929938 ], [ -77.148175004634368, 35.6038287611591 ], [ -77.148155466728667, 35.603824780050502 ], [ -77.148135629510421, 35.603822764174261 ], [ -77.148115690151158, 35.603822733567128 ], [ -77.148095846837634, 35.603824688533322 ], [ -77.148076296801946, 35.603828609641511 ], [ -77.147987273943372, 35.603851133411673 ], [ -77.147972190069538, 35.603855587695321 ], [ -77.147957502845443, 35.603861213470061 ], [ -77.147469940729366, 35.604070305709129 ], [ -77.147465948282402, 35.604071818344863 ], [ -77.147461702122058, 35.604072263114766 ], [ -77.147319953661508, 35.604080977364816 ], [ -77.147300655518876, 35.604083107927174 ], [ -77.147281654893291, 35.60408709964765 ], [ -77.147263130845502, 35.604092914908492 ], [ -77.147245257945031, 35.604100498907044 ], [ -77.147228204625037, 35.604109780172152 ], [ -77.147212131594955, 35.60412067123773 ], [ -77.147197190326096, 35.604133069467025 ], [ -77.147183521624058, 35.604146858019874 ], [ -77.147171254301867, 35.60416190695377 ], [ -77.147160503966049, 35.60417807444847 ], [ -77.147151371927123, 35.604195208142471 ], [ -77.14714394424486, 35.60421314656886 ], [ -77.147138290917312, 35.604231720676992 ], [ -77.1471344652211, 35.604250755425568 ], [ -77.147132503209335, 35.604270071432275 ], [ -77.147132423371929, 35.604289486664207 ], [ -77.147134226461233, 35.604308818153392 ], [ -77.147137895485059, 35.604327883721027 ], [ -77.147143395866749, 35.604346503694345 ], [ -77.14715067577103, 35.604364502599836 ], [ -77.147159666592515, 35.604381710816881 ], [ -77.14717028360225, 35.604397966176286 ], [ -77.14718242674617, 35.604413115488519 ], [ -77.147195981587998, 35.604427015987355 ], [ -77.147210820387741, 35.604439536675329 ], [ -77.147226803305415, 35.604450559558238 ], [ -77.147243779718977, 35.604459980757085 ], [ -77.147261589643719, 35.604467711487054 ], [ -77.147411705859753, 35.604524381818806 ], [ -77.147415877559553, 35.604526178983761 ], [ -77.147419120430769, 35.604529346126824 ], [ -77.147527426517556, 35.604645187040397 ], [ -77.147530736327226, 35.60464911971404 ], [ -77.147531645095015, 35.604654178854709 ], [ -77.147543349546524, 35.604746916907779 ], [ -77.147543726464718, 35.604751978814541 ], [ -77.147542554426394, 35.604756917568579 ], [ -77.147519316255327, 35.604836463549447 ], [ -77.147517786745581, 35.60484090749307 ], [ -77.147515449501668, 35.604844984909619 ], [ -77.147439424832413, 35.604964184317424 ], [ -77.147436829158863, 35.604967874570896 ], [ -77.147433623605977, 35.604971023169419 ], [ -77.147264944264776, 35.605122451686562 ], [ -77.14726082642359, 35.605125771120996 ], [ -77.147256379897755, 35.605128635326302 ], [ -77.147090167345681, 35.605223613456637 ], [ -77.14708591657427, 35.60522577836808 ], [ -77.147081225521049, 35.605226644346331 ], [ -77.146710625535263, 35.605276778362878 ], [ -77.146707349778239, 35.605277166594824 ], [ -77.146439833173176, 35.60530440536516 ], [ -77.146428120006235, 35.605304906612893 ], [ -77.146187642736251, 35.605301073973493 ], [ -77.146183014572486, 35.60530078456393 ], [ -77.146178433306289, 35.605300066471649 ], [ -77.145807743948637, 35.605224153818106 ], [ -77.145806240188264, 35.605223833802356 ], [ -77.145647918040325, 35.605188866902502 ], [ -77.145644038330943, 35.605187844852516 ], [ -77.145640253272902, 35.605186514413901 ], [ -77.145342549068715, 35.605068221171564 ], [ -77.145341436948343, 35.605067771526535 ], [ -77.144958397134573, 35.604910223876061 ], [ -77.144947880562555, 35.604905161175182 ], [ -77.144623988679029, 35.60472522027505 ], [ -77.144620109539446, 35.60472282689377 ], [ -77.144616465130497, 35.60472008932544 ], [ -77.144360388971322, 35.604508755417875 ], [ -77.144340721014402, 35.604494441860382 ], [ -77.143973925048641, 35.604260234031841 ], [ -77.143970030244205, 35.604257809538936 ], [ -77.143742637061365, 35.604119851894481 ], [ -77.14372274942879, 35.604109270187536 ], [ -77.143458281048652, 35.60398713712037 ], [ -77.14343094902938, 35.603976862842792 ], [ -77.143209517855567, 35.603911627686941 ], [ -77.143198379660703, 35.603908692085405 ], [ -77.142826543593117, 35.603822060096569 ], [ -77.142817394567444, 35.603820152721617 ], [ -77.142562392005587, 35.603773178639315 ], [ -77.142549527534186, 35.603771239132186 ], [ -77.142387998135021, 35.603752235912637 ], [ -77.142368971603958, 35.603750913193181 ], [ -77.142349905592098, 35.603751408837525 ], [ -77.142254437664874, 35.6037584565914 ], [ -77.142231842692738, 35.603761426542611 ], [ -77.142209732271525, 35.603766947652119 ], [ -77.142188393479287, 35.603774948234744 ], [ -77.142121921023985, 35.603804291995438 ], [ -77.14209699335764, 35.603817468702893 ], [ -77.141982130610998, 35.603888972696176 ], [ -77.141966636317363, 35.603899661584322 ], [ -77.141952215547761, 35.603911759801925 ], [ -77.141938996043351, 35.603925160181326 ], [ -77.141765913068468, 35.604117973384596 ], [ -77.141764084480073, 35.60412003889963 ], [ -77.141486308368698, 35.6044382002693 ], [ -77.141479869560129, 35.604445961786368 ], [ -77.141250635463862, 35.604736913071953 ], [ -77.141247239033291, 35.604740996007394 ], [ -77.141058431166257, 35.60495608075869 ], [ -77.141054806109636, 35.604959800048512 ], [ -77.141050813616772, 35.604963121817853 ], [ -77.140960468304669, 35.605030643170721 ], [ -77.140795285869501, 35.605152568519195 ], [ -77.140791903009315, 35.605154857526749 ], [ -77.140788342707893, 35.605156862881515 ], [ -77.140526500239631, 35.605290530275695 ], [ -77.140506722756456, 35.605302100094065 ], [ -77.140488398390133, 35.605315856079564 ], [ -77.140387715588432, 35.605400876951101 ], [ -77.140371856489722, 35.605415822965121 ], [ -77.140357717637841, 35.605432405703574 ], [ -77.140273087287838, 35.605543383561709 ], [ -77.140258378776252, 35.605565597551497 ], [ -77.14021417658175, 35.605643121662581 ], [ -77.14020557815229, 35.605660015737683 ], [ -77.140198617795008, 35.605677647986248 ], [ -77.140193358038758, 35.605695860007742 ], [ -77.140173065724397, 35.605781085957496 ], [ -77.140169797273941, 35.605798025633682 ], [ -77.140168000849854, 35.605815183962804 ], [ -77.140167689819123, 35.605832433271701 ], [ -77.140168866496097, 35.605849645210263 ], [ -77.140195530216161, 35.606088002293873 ], [ -77.140199182273321, 35.606109731580517 ], [ -77.140205202453387, 35.60613092726053 ], [ -77.140229889555172, 35.606202567717986 ], [ -77.140236927536463, 35.6062202202557 ], [ -77.140245609180468, 35.606237125116699 ], [ -77.140255856103835, 35.606253129673227 ], [ -77.140267575790872, 35.606268089426031 ], [ -77.140280662428836, 35.606281869309022 ], [ -77.140294997863279, 35.606294344908704 ], [ -77.140316930978798, 35.606311672064074 ], [ -77.140333345732557, 35.606323346999503 ], [ -77.140350851593638, 35.606333311591108 ], [ -77.140369270987748, 35.60634146476098 ], [ -77.140388417073936, 35.606347723805776 ], [ -77.140431542479462, 35.606359454104016 ], [ -77.140452700573206, 35.606363995928575 ], [ -77.140474225522141, 35.606366225205193 ], [ -77.140495865326642, 35.606366115834994 ], [ -77.140517366642442, 35.606363669098421 ], [ -77.140587524820845, 35.606351811220676 ], [ -77.140606191682707, 35.606347730511025 ], [ -77.140624383933101, 35.606341887057539 ], [ -77.140641935520478, 35.606334334196909 ], [ -77.140741263657603, 35.606285842773147 ], [ -77.140744749736257, 35.606284223111494 ], [ -77.140849263506738, 35.606238086520236 ], [ -77.140854005996147, 35.606236279473073 ], [ -77.140858915817958, 35.606237564103139 ], [ -77.140933873635859, 35.606261374587312 ], [ -77.140938830887066, 35.606263247630451 ], [ -77.140942557971329, 35.606267014787754 ], [ -77.141006486527388, 35.606338974588461 ], [ -77.141020289089624, 35.606353048446927 ], [ -77.141035410080605, 35.606365695179626 ], [ -77.141051702605878, 35.606376791928547 ], [ -77.141069008389991, 35.606386230893136 ], [ -77.141087159314083, 35.606393920377592 ], [ -77.141105979049073, 35.606399785681596 ], [ -77.141125284768677, 35.606403769826045 ], [ -77.141144888925439, 35.606405834106539 ], [ -77.141164601072717, 35.606405958469416 ], [ -77.141184229714767, 35.606404141706534 ], [ -77.141203584167087, 35.606400401467027 ], [ -77.141222476408814, 35.60639477408585 ], [ -77.141240722909274, 35.60638731423078 ], [ -77.141258146410891, 35.606378094371387 ], [ -77.141274577651259, 35.606367204074942 ], [ -77.141289857007337, 35.606354749136393 ], [ -77.141303836046205, 35.606340850550552 ], [ -77.141316378967034, 35.606325643336696 ], [ -77.141327363920297, 35.606309275226899 ], [ -77.141336684191501, 35.606291905230897 ], [ -77.141344249237875, 35.606273702091343 ], [ -77.141349985567999, 35.60625484264456 ], [ -77.141353837455696, 35.606235510102628 ], [ -77.141355257514746, 35.60622594374918 ], [ -77.141356195017892, 35.606221254814173 ], [ -77.141360975176113, 35.606221377749648 ], [ -77.141562123480341, 35.606236630308729 ], [ -77.141566915384914, 35.60623722997812 ], [ -77.141571118287061, 35.606239608542396 ], [ -77.141715583471296, 35.606330948807887 ], [ -77.141728687354927, 35.606338554930041 ], [ -77.141856349542891, 35.606406325941656 ], [ -77.14187509832513, 35.606415067716846 ], [ -77.141894649794622, 35.606421826082766 ], [ -77.141914794782167, 35.60642652873581 ], [ -77.142038991105679, 35.606448820085561 ], [ -77.142040993277007, 35.606449168953837 ], [ -77.142248061288925, 35.60648416643425 ], [ -77.142257813593375, 35.606486320848788 ], [ -77.142285707523001, 35.606493963015225 ], [ -77.142305217360615, 35.606498273360963 ], [ -77.142325059913716, 35.606500615567285 ], [ -77.142345037147265, 35.60650096625821 ], [ -77.142364949682047, 35.60649932193374 ], [ -77.14238459878456, 35.606495699004761 ], [ -77.142403788350464, 35.606490133629258 ], [ -77.142422326861734, 35.606482681351466 ], [ -77.142440029298058, 35.606473416547523 ], [ -77.142456718983468, 35.606462431683141 ], [ -77.142472229349508, 35.606449836390787 ], [ -77.142486405597751, 35.606435756375532 ], [ -77.142499106244713, 35.606420332160447 ], [ -77.142510204533835, 35.606403717684145 ], [ -77.14251958970064, 35.606386078764444 ], [ -77.142527168078146, 35.606367591443423 ], [ -77.142532864031708, 35.606348440230477 ], [ -77.142536620713884, 35.60632881626087 ], [ -77.142538400631778, 35.606308915388112 ], [ -77.142538186021255, 35.606288936229312 ], [ -77.14253597902416, 35.606269078182876 ], [ -77.142531801667062, 35.606249539438501 ], [ -77.142518313605692, 35.606198958555048 ], [ -77.142517263149657, 35.606194013004711 ], [ -77.142518775414445, 35.606189188589688 ], [ -77.142548320431374, 35.606109505042319 ], [ -77.142550161424936, 35.60610518812981 ], [ -77.142554640805955, 35.606103788081072 ], [ -77.142687101784745, 35.606069274097926 ], [ -77.142691991875182, 35.606068260531714 ], [ -77.142696886593754, 35.606069251505964 ], [ -77.142819977366713, 35.606100717724971 ], [ -77.14282485830222, 35.606102238371513 ], [ -77.142828715360551, 35.60610559381476 ], [ -77.14293700302612, 35.606210115817383 ], [ -77.142939861402326, 35.606213113780427 ], [ -77.142942175789116, 35.606216531915216 ], [ -77.142997447480681, 35.606305888606862 ], [ -77.142999758425091, 35.606310062903354 ], [ -77.142999864602956, 35.606314833012711 ], [ -77.142997128290702, 35.606419727463354 ], [ -77.142996715939333, 35.606424948760207 ], [ -77.142995219579717, 35.606429968011014 ], [ -77.142956179188843, 35.606539474034584 ], [ -77.142955807216765, 35.606540526673747 ], [ -77.142881894955522, 35.606751563218147 ], [ -77.14287747468272, 35.606762181447323 ], [ -77.142819274514835, 35.606882034478623 ], [ -77.142811312643659, 35.606900811150851 ], [ -77.14280530442754, 35.606920301049556 ], [ -77.142801312345156, 35.606940301501822 ], [ -77.14279937790964, 35.606960604525533 ], [ -77.142799521236952, 35.606980998992178 ], [ -77.142801740836646, 35.607001272822345 ], [ -77.142806013627379, 35.607021215191111 ], [ -77.142812295176981, 35.607040618720355 ], [ -77.142820520164406, 35.607059281635308 ], [ -77.142830603059082, 35.607077009862721 ], [ -77.142842439010309, 35.607093619049074 ], [ -77.142855904937548, 35.60710893647758 ], [ -77.142856900548836, 35.607109958782139 ], [ -77.142945242212633, 35.607203101462339 ], [ -77.142947867097419, 35.60720610026182 ], [ -77.142950244299982, 35.607209298968847 ], [ -77.143015411838874, 35.60730472274301 ], [ -77.143027149965633, 35.607320233429803 ], [ -77.143040339330369, 35.607334530481332 ], [ -77.143054855173247, 35.607347478659968 ], [ -77.143154217637687, 35.607427785079089 ], [ -77.143170560617236, 35.60743968036244 ], [ -77.143188020825008, 35.607449865247865 ], [ -77.143206419909021, 35.60745823569912 ], [ -77.143384062665163, 35.607528447501615 ], [ -77.143387911429869, 35.607530159931962 ], [ -77.143391602006915, 35.607532190953485 ], [ -77.143623558203018, 35.607672916969733 ], [ -77.143630246243561, 35.607677351289709 ], [ -77.143853054229524, 35.607838315605001 ], [ -77.143868031541317, 35.607848145872232 ], [ -77.143883828437126, 35.607856596440534 ], [ -77.143900318165052, 35.607863599503816 ], [ -77.143917368413952, 35.607869098870545 ], [ -77.143934842375202, 35.607873050414618 ], [ -77.144051472972336, 35.607893984010737 ], [ -77.144073782501991, 35.607896705285341 ], [ -77.144096256487728, 35.607896906317713 ], [ -77.144118611127794, 35.607894584569216 ], [ -77.144233908618403, 35.607876012750843 ], [ -77.14441054044535, 35.607847712702956 ], [ -77.144414968310954, 35.607847206630474 ], [ -77.144419174483644, 35.607848679909921 ], [ -77.14452740033127, 35.60789215572045 ], [ -77.144531821360559, 35.607894191072781 ], [ -77.144534347494158, 35.607898351218068 ], [ -77.14462835061839, 35.608071969564513 ], [ -77.144631419286881, 35.608078135507135 ], [ -77.144697332366803, 35.608222871832446 ], [ -77.144706333687793, 35.60824031370317 ], [ -77.14471700131088, 35.60825678927452 ], [ -77.144729232495493, 35.608272139869186 ], [ -77.144742909442286, 35.60828621764459 ], [ -77.144757900427692, 35.608298887016737 ], [ -77.144774061072525, 35.60831002596607 ], [ -77.144791235732555, 35.60831952721265 ], [ -77.144814002690111, 35.608330700033399 ], [ -77.144835445427233, 35.608339716182591 ], [ -77.144857789992059, 35.608346181655818 ], [ -77.145068031416017, 35.608393963449622 ], [ -77.14508610046876, 35.608397206025352 ], [ -77.14529097643846, 35.608424335754322 ], [ -77.14529589346985, 35.608425241841772 ], [ -77.145300056780698, 35.608428010421783 ], [ -77.145477748317532, 35.608559598593878 ], [ -77.145480883854432, 35.608562122617066 ], [ -77.14548380574611, 35.608564891160597 ], [ -77.145664506595807, 35.60875050206748 ], [ -77.145665479975747, 35.608751494967578 ], [ -77.145738509958065, 35.608825473318269 ], [ -77.145741672643609, 35.608829011659118 ], [ -77.14573877044883, 35.608832766615862 ], [ -77.145679906570905, 35.608901591666942 ], [ -77.145676851052215, 35.608904855902075 ], [ -77.145673275673715, 35.608907510662043 ], [ -77.145569960678955, 35.608977318216446 ], [ -77.145565910348054, 35.608979781037448 ], [ -77.145561232989024, 35.608980551089189 ], [ -77.145475704643999, 35.608990454391332 ], [ -77.145471041982134, 35.608990771190342 ], [ -77.145466943823408, 35.608988524888986 ], [ -77.145366051038138, 35.608926828051793 ], [ -77.145348763172336, 35.608917393033707 ], [ -77.145330631146152, 35.60890970411328 ], [ -77.145311830790348, 35.608903835851883 ], [ -77.145292544416591, 35.608899845155484 ], [ -77.145285234984811, 35.608898704670239 ], [ -77.14526557425053, 35.608896626006725 ], [ -77.145245804346956, 35.608896498618286 ], [ -77.145226118458368, 35.60889832374972 ], [ -77.14520670894801, 35.608902083566505 ], [ -77.145187765478497, 35.608907741329098 ], [ -77.145169473158461, 35.608915241751916 ], [ -77.145152010733739, 35.608924511543584 ], [ -77.145135548840742, 35.608935460123099 ], [ -77.145120248339026, 35.608947980504965 ], [ -77.14508217472131, 35.608982414614914 ], [ -77.1450693009822, 35.608995164326842 ], [ -77.145057633929071, 35.609009026800805 ], [ -77.145047269315853, 35.609023888264595 ], [ -77.14503829220709, 35.609039626747091 ], [ -77.144992099781362, 35.609129879527295 ], [ -77.144987510769269, 35.609137906942365 ], [ -77.144919260048695, 35.60924542589941 ], [ -77.144916848480278, 35.609248891588102 ], [ -77.144913897088472, 35.609251889669139 ], [ -77.144845440367092, 35.60931582008179 ], [ -77.144832242148127, 35.609329369480783 ], [ -77.144820382959168, 35.609344105112243 ], [ -77.144809968874512, 35.609359895173604 ], [ -77.14480109304273, 35.609376598430984 ], [ -77.144793834853502, 35.609394065482434 ], [ -77.144788259227568, 35.609412140094257 ], [ -77.144784416036018, 35.609430660598456 ], [ -77.144782339654171, 35.609449461338748 ], [ -77.144782048654193, 35.609468374152286 ], [ -77.144783545638944, 35.6094872298738 ], [ -77.144786817218659, 35.60950585984866 ], [ -77.144791834130757, 35.60952409744143 ], [ -77.144798551501566, 35.609541779526332 ], [ -77.144857828777731, 35.609678029716086 ], [ -77.144859699083099, 35.60968305681601 ], [ -77.144859865687692, 35.609688417974539 ], [ -77.144856090379648, 35.609851688410664 ], [ -77.144855806832467, 35.609855963088577 ], [ -77.144854439174736, 35.609860022987725 ], [ -77.144797060807917, 35.610008819310934 ], [ -77.144726551031781, 35.610190617290073 ], [ -77.144721029715498, 35.610206895957354 ], [ -77.144716926612887, 35.610223588605166 ], [ -77.144714272033553, 35.610240571924948 ], [ -77.144713085586886, 35.610257720460929 ], [ -77.144711253931504, 35.610327911601246 ], [ -77.144711556288513, 35.610345295640286 ], [ -77.14471336732727, 35.610362587730144 ], [ -77.144716673361046, 35.61037965718748 ], [ -77.144721449404784, 35.610396375011476 ], [ -77.144760687500906, 35.610514088094121 ], [ -77.144761826160291, 35.61051804005718 ], [ -77.144762297859117, 35.610522111583883 ], [ -77.144773660696501, 35.61067456838402 ], [ -77.144773793432492, 35.610678997079674 ], [ -77.144773142159792, 35.610683361962252 ], [ -77.144738732584116, 35.610860188767219 ], [ -77.14473784568321, 35.610863959435619 ], [ -77.144736669003976, 35.610867649958365 ], [ -77.144672743159134, 35.611044162265173 ], [ -77.14467075819843, 35.611048871546757 ], [ -77.144667853034747, 35.611053075999976 ], [ -77.144574769850422, 35.611173988747083 ], [ -77.144573186939596, 35.611175991493191 ], [ -77.14445750859359, 35.611318571685899 ], [ -77.14444581361461, 35.611334541051228 ], [ -77.144435754443933, 35.611351588228352 ], [ -77.144401043654483, 35.611417681434446 ], [ -77.14439257458281, 35.611435996816489 ], [ -77.144385994163088, 35.611455072362901 ], [ -77.144381369380469, 35.611474713894921 ], [ -77.144378747312714, 35.611494721472361 ], [ -77.144378154651079, 35.611514891428897 ], [ -77.144379597428511, 35.611535018445259 ], [ -77.144384452436213, 35.611574606357038 ], [ -77.144384795344536, 35.611579006816115 ], [ -77.144384358070241, 35.611583381533997 ], [ -77.144348135880207, 35.611834002321658 ], [ -77.144347827318597, 35.611835995111818 ], [ -77.144320279883956, 35.612002766981213 ], [ -77.144318112236633, 35.612021140648523 ], [ -77.14431765170923, 35.612039636006315 ], [ -77.144318902242603, 35.612058094785027 ], [ -77.144321853135622, 35.612076359028123 ], [ -77.144326479136723, 35.612094272443741 ], [ -77.144332740660019, 35.612111681742157 ], [ -77.144348129233165, 35.612148956384225 ], [ -77.144356922786088, 35.612167497594044 ], [ -77.144367569948358, 35.612185040141469 ], [ -77.144458062266068, 35.612318217287815 ], [ -77.144465076360333, 35.612330272638062 ], [ -77.144519875565422, 35.612441697698451 ], [ -77.144521762712685, 35.612446049885115 ], [ -77.144521884656228, 35.612450792034792 ], [ -77.14451809909562, 35.612621133702184 ], [ -77.144517755608589, 35.612625971459032 ], [ -77.144516943653699, 35.612630752944369 ], [ -77.144492951227619, 35.612739643330414 ], [ -77.144491807173296, 35.612743918510596 ], [ -77.144489245539688, 35.612747516664434 ], [ -77.144379506551829, 35.61288805948719 ], [ -77.144376382514963, 35.612891863557017 ], [ -77.144291619165571, 35.612990046948859 ], [ -77.144278986828681, 35.6130063004127 ], [ -77.144268092092219, 35.613023766257648 ], [ -77.144259050372597, 35.613042259454467 ], [ -77.144251957455737, 35.613061584090367 ], [ -77.144246888482442, 35.613081535444501 ], [ -77.144243897152251, 35.613101902156707 ], [ -77.144243015154643, 35.613122468466592 ], [ -77.144244251833314, 35.613143016499301 ], [ -77.14425237522363, 35.613215505577244 ], [ -77.144252684079902, 35.613220983636637 ], [ -77.14425178401811, 35.613226396068477 ], [ -77.144237101668978, 35.613292033987371 ], [ -77.144235763360641, 35.613296852038651 ], [ -77.144231904725999, 35.613300032545993 ], [ -77.144114446760852, 35.613387208495809 ], [ -77.144101941111373, 35.613397293594829 ], [ -77.143996352583059, 35.613489683950966 ], [ -77.143981182104582, 35.613504446669374 ], [ -77.143967656887753, 35.613520730089839 ], [ -77.143955928442494, 35.613538351804962 ], [ -77.143946128151214, 35.613557114415734 ], [ -77.143937140615236, 35.613576793918277 ], [ -77.14392959526063, 35.613595841569399 ], [ -77.143924038145769, 35.613615561200831 ], [ -77.143920527584982, 35.613635745881965 ], [ -77.143919100416809, 35.613656183802121 ], [ -77.143919771617433, 35.61367666049324 ], [ -77.143922534143513, 35.6136969610804 ], [ -77.143927359006128, 35.613716872536656 ], [ -77.143948699120912, 35.613788652965496 ], [ -77.143949783934261, 35.61379301708034 ], [ -77.143949249205406, 35.613797472852809 ], [ -77.143918188604786, 35.613984701553001 ], [ -77.143916121795144, 35.614001573743785 ], [ -77.143915495148576, 35.614018560498565 ], [ -77.143916313191667, 35.614035539112443 ], [ -77.143923701155671, 35.614116813701237 ], [ -77.143925917527952, 35.614133432860577 ], [ -77.143929518096712, 35.614149807984028 ], [ -77.143934477558176, 35.614165823991812 ], [ -77.144064495950445, 35.614530801228796 ], [ -77.144065799159932, 35.614535049338336 ], [ -77.144066324868518, 35.614539443881753 ], [ -77.144077628222803, 35.614690160384832 ], [ -77.144077753678729, 35.614694922914751 ], [ -77.144074859248562, 35.614698707053414 ], [ -77.143984741079819, 35.614805378164867 ], [ -77.143974468894584, 35.614815865269335 ], [ -77.143857160906109, 35.614919206856293 ], [ -77.143850941694396, 35.614924923365855 ], [ -77.143784603726075, 35.614988535526365 ], [ -77.143778919672997, 35.614993464650766 ], [ -77.143768243476003, 35.615001777374751 ], [ -77.143754495347338, 35.615014742366583 ], [ -77.143742032226029, 35.615028947037018 ], [ -77.14373096537723, 35.615044264573136 ], [ -77.143721393600799, 35.615060558226837 ], [ -77.143713402349263, 35.615077682535699 ], [ -77.143707062964936, 35.61509548462157 ], [ -77.143702432042986, 35.615113805555417 ], [ -77.143699550926229, 35.615132481776158 ], [ -77.143698445335957, 35.615151346550881 ], [ -77.143699125142405, 35.615170231463331 ], [ -77.143701584276556, 35.615188967917483 ], [ -77.14370580078436, 35.615207388642688 ], [ -77.14374040309616, 35.615331314126699 ], [ -77.143741646026953, 35.615337053509506 ], [ -77.143742204455236, 35.615342899324332 ], [ -77.143744846930247, 35.615415820519132 ], [ -77.143746462761996, 35.615434954958573 ], [ -77.143749906177376, 35.615453846241628 ], [ -77.143755145433488, 35.615472320220093 ], [ -77.143762132232524, 35.615490206592675 ], [ -77.143770802167111, 35.615507340474878 ], [ -77.143781075313953, 35.615523563918998 ], [ -77.14379285697062, 35.615538727370158 ], [ -77.143806038528609, 35.615552691044961 ], [ -77.143820498474483, 35.615565326220072 ], [ -77.143836103510068, 35.615576516418876 ], [ -77.143852709781257, 35.615586158485158 ], [ -77.143870164204088, 35.615594163534098 ], [ -77.14389747204747, 35.615605133351934 ], [ -77.143914827484636, 35.615611194695944 ], [ -77.143932666158932, 35.615615636856411 ], [ -77.143950837355376, 35.615618422302511 ], [ -77.143969187549587, 35.61561952750062 ], [ -77.144072990234335, 35.615620999590554 ], [ -77.144208706078942, 35.615622924972065 ], [ -77.144213913070075, 35.615623274539857 ], [ -77.144218518162134, 35.615625729754932 ], [ -77.144340510267043, 35.615699297926724 ], [ -77.14434478936991, 35.615702193956935 ], [ -77.144347522338961, 35.615706578998775 ], [ -77.144409838016173, 35.615819296295015 ], [ -77.144416509262328, 35.615830486348187 ], [ -77.144494542272511, 35.615952180864767 ], [ -77.144496808606903, 35.615956095270953 ], [ -77.144498323479141, 35.615960337447746 ], [ -77.144538626099248, 35.616091555709744 ], [ -77.144539760824685, 35.616095971688019 ], [ -77.14453760643913, 35.616099990031756 ], [ -77.144493712257997, 35.616173446864465 ], [ -77.144490800798152, 35.616177779782262 ], [ -77.144486097706846, 35.616180045109161 ], [ -77.144378880086123, 35.616224852002539 ], [ -77.144357680383905, 35.616235220512323 ], [ -77.144337849590684, 35.616248013987587 ], [ -77.144300713635914, 35.6162752030367 ], [ -77.144285939744606, 35.616287137312504 ], [ -77.14427236446285, 35.616300419124457 ], [ -77.144260110203987, 35.616314928705542 ], [ -77.144249287469208, 35.616330535217493 ], [ -77.14423999385113, 35.616347097930621 ], [ -77.144232313153722, 35.616364467492815 ], [ -77.144226314636683, 35.616382487276297 ], [ -77.144221600391944, 35.616399269519611 ], [ -77.1442196632959, 35.616404863689915 ], [ -77.144217075772247, 35.616410188330647 ], [ -77.144172017713089, 35.6164903935395 ], [ -77.14416984967518, 35.616493904365107 ], [ -77.144167141424447, 35.616496998781358 ], [ -77.144077201947781, 35.61659162217736 ], [ -77.144073870927699, 35.616594814761569 ], [ -77.144069606026477, 35.616596575133158 ], [ -77.143971539525097, 35.616631802632909 ], [ -77.143785694883093, 35.616697340978028 ], [ -77.143780955779476, 35.616698750702106 ], [ -77.143776010015216, 35.616698700292943 ], [ -77.143722985821483, 35.61669551080486 ], [ -77.143702461812296, 35.616695331325133 ], [ -77.143682027484587, 35.616697256271181 ], [ -77.143661898046147, 35.616701265370104 ], [ -77.143642285493755, 35.616707316399342 ], [ -77.143623396380519, 35.616715345631405 ], [ -77.14360542964053, 35.616725268505 ], [ -77.14358857449372, 35.616736980515597 ], [ -77.143471537494321, 35.616827552034884 ], [ -77.143457174305112, 35.616839793123127 ], [ -77.143444028829791, 35.616853333504373 ], [ -77.143432218110888, 35.616868052620006 ], [ -77.14325444147218, 35.617112385840883 ], [ -77.143239286658741, 35.617136702916177 ], [ -77.143134333426005, 35.617335561501918 ], [ -77.143131807297607, 35.617339816135193 ], [ -77.143127546139411, 35.61734233124114 ], [ -77.142991305519914, 35.617413785764832 ], [ -77.14298661617012, 35.617416091017553 ], [ -77.142703660692376, 35.617546122595336 ], [ -77.142688299836067, 35.617554001641608 ], [ -77.14267367567939, 35.617563176025406 ], [ -77.142659897185197, 35.617573577389479 ], [ -77.14254199865789, 35.617670843946271 ], [ -77.142528014568285, 35.617683536788959 ], [ -77.142515290042084, 35.617697492055015 ], [ -77.142503938538482, 35.617712585311239 ], [ -77.14242959180504, 35.61782181769086 ], [ -77.142419501465298, 35.617838302507479 ], [ -77.142411049458872, 35.617855684329101 ], [ -77.142404314719954, 35.617873800825087 ], [ -77.14239936014495, 35.617892482803619 ], [ -77.14239623200514, 35.617911555791757 ], [ -77.142394959514576, 35.617930841664908 ], [ -77.142395554557154, 35.617950160310293 ], [ -77.142406161469708, 35.618083924436242 ], [ -77.142409301135459, 35.618106741599938 ], [ -77.142415043265473, 35.618129046496335 ], [ -77.142501714055285, 35.618400008270605 ], [ -77.142503929163141, 35.618408085100143 ], [ -77.142554346321944, 35.618627592899465 ], [ -77.142559700857461, 35.618646565443619 ], [ -77.14256689720051, 35.618664918675726 ], [ -77.142575865433514, 35.618682474281073 ], [ -77.142586518423698, 35.61869906169445 ], [ -77.142598752669656, 35.618714519757326 ], [ -77.142612449307009, 35.618728698283604 ], [ -77.142697440971872, 35.618808414454854 ], [ -77.142713674832748, 35.618822095804944 ], [ -77.142731267468434, 35.618833979270313 ], [ -77.142971930050876, 35.618978559941738 ], [ -77.142975840329186, 35.618981168760698 ], [ -77.142978862152091, 35.618984769426945 ], [ -77.143072235628338, 35.619107381779671 ], [ -77.143074801829911, 35.619111089850122 ], [ -77.143075877091391, 35.619115459700389 ], [ -77.143133454475347, 35.619405173153076 ], [ -77.14313927527715, 35.619427585144386 ], [ -77.143147647524074, 35.61944917413625 ], [ -77.143213140872689, 35.619592786409264 ], [ -77.143221764824929, 35.619609554616936 ], [ -77.143231929591181, 35.619625436142933 ], [ -77.143415554750902, 35.619884561859223 ], [ -77.143417837953507, 35.619888089969393 ], [ -77.14341949001512, 35.619891937849083 ], [ -77.143475123789955, 35.62003809289051 ], [ -77.143476711477064, 35.620043028631535 ], [ -77.143476148758069, 35.620048182818067 ], [ -77.143454393126078, 35.620181936850628 ], [ -77.14345229446495, 35.620199974526855 ], [ -77.143451840528712, 35.620218128206488 ], [ -77.143453035059636, 35.620236248229617 ], [ -77.143464868844148, 35.620342187808518 ], [ -77.143468404102464, 35.620363411267455 ], [ -77.143474198805393, 35.620384132142888 ], [ -77.143482185888899, 35.620404110625259 ], [ -77.143492272915822, 35.620423115496962 ], [ -77.143504343145665, 35.620440926808321 ], [ -77.143519557259253, 35.620460964989142 ], [ -77.143533505669708, 35.620477413290189 ], [ -77.143549144050937, 35.620492264074485 ], [ -77.143566290565801, 35.620505344662767 ], [ -77.143584745841153, 35.620516502958935 ], [ -77.143604295286082, 35.620525609218582 ], [ -77.143645115085405, 35.62054200689812 ], [ -77.143661873210007, 35.6205478889554 ], [ -77.143679087083285, 35.620552261129276 ], [ -77.143696620959517, 35.620555088941515 ], [ -77.143897180796571, 35.62057835401221 ], [ -77.143919992989851, 35.620579686061419 ], [ -77.143942808230022, 35.620578407259821 ], [ -77.14435304301054, 35.620531789878214 ], [ -77.144366982582739, 35.620531186684296 ], [ -77.144880857807038, 35.620544890015601 ], [ -77.144884972924473, 35.620545170304709 ], [ -77.144889050828297, 35.620545789541254 ], [ -77.145237311185653, 35.620613506491466 ], [ -77.145252764720411, 35.620615888666741 ], [ -77.145754716465632, 35.620673282457766 ], [ -77.145767299361211, 35.620674320090323 ], [ -77.146278220692238, 35.620700250275604 ], [ -77.146292978692813, 35.620700453969825 ], [ -77.146307711529133, 35.620699568754418 ], [ -77.146504459944779, 35.620680440110874 ], [ -77.146508992627659, 35.620680206930913 ], [ -77.146513527738691, 35.620680386806264 ], [ -77.146589081293044, 35.620686836735956 ], [ -77.146592894375019, 35.620687236024089 ], [ -77.146862153022113, 35.620720661666489 ], [ -77.146881016756041, 35.620722101747617 ], [ -77.146899932164288, 35.620721753003494 ], [ -77.147098415535837, 35.620708684051195 ], [ -77.147115305535408, 35.620706848781658 ], [ -77.147131978835688, 35.620703586672256 ], [ -77.14714831512201, 35.620698921262409 ], [ -77.147389737359973, 35.620618737710856 ], [ -77.147411724485082, 35.620609958596489 ], [ -77.147572642070742, 35.6205343763367 ], [ -77.14758966441137, 35.620525355953781 ], [ -77.147605739918703, 35.620514739671364 ], [ -77.147620719441221, 35.620502625989289 ], [ -77.147835425911637, 35.620311178874928 ], [ -77.147839126015342, 35.620308184070133 ], [ -77.147843094862537, 35.620305555786025 ], [ -77.147970686913411, 35.620229563794922 ], [ -77.147975052034795, 35.620227251851816 ], [ -77.147979991134306, 35.620227320116364 ], [ -77.148095419197318, 35.620234707203068 ], [ -77.148099912624858, 35.620235202184027 ], [ -77.148103479667085, 35.62023796915927 ], [ -77.148311352350888, 35.620414902451117 ], [ -77.148314810895158, 35.620418143469564 ], [ -77.148317212006759, 35.620422230080642 ], [ -77.148406489588581, 35.620592282912718 ], [ -77.148416232058551, 35.620608852870618 ], [ -77.148427520218789, 35.620624411040964 ], [ -77.148440249800785, 35.620638813713235 ], [ -77.148562711692321, 35.620764630841826 ], [ -77.14856579774667, 35.620768115016276 ], [ -77.148567388554227, 35.620772489091777 ], [ -77.148619412508211, 35.620939595865522 ], [ -77.148626636001694, 35.620959145365291 ], [ -77.148635854697616, 35.620977837006336 ], [ -77.148646968489729, 35.620995467815284 ], [ -77.148659856692859, 35.621011846338398 ], [ -77.148690113580429, 35.621046425863504 ], [ -77.148703700615286, 35.621060501019343 ], [ -77.148718597775769, 35.621073181403332 ], [ -77.148734662526735, 35.621084345690328 ], [ -77.148751741161675, 35.621093887061136 ], [ -77.148769670273253, 35.621101714224501 ], [ -77.14890381246569, 35.621152618906933 ], [ -77.148918153913499, 35.621157448890813 ], [ -77.148932819505504, 35.621161180684027 ], [ -77.14920246285628, 35.621219028052991 ], [ -77.149206887358574, 35.621220193851535 ], [ -77.149210325295485, 35.621223213105978 ], [ -77.149344226329461, 35.621352262854899 ], [ -77.149345763818687, 35.621353728969545 ], [ -77.149750156784236, 35.621735268669291 ], [ -77.149753736513404, 35.621738820959045 ], [ -77.149953256887841, 35.621947058500119 ], [ -77.149962008261554, 35.621957541537192 ], [ -77.150171132788586, 35.622246055795401 ], [ -77.150173786677954, 35.622250119807084 ], [ -77.150176032765529, 35.622254422644723 ], [ -77.150183879556508, 35.622271424738621 ], [ -77.150187631701016, 35.622280764261369 ], [ -77.150310948983829, 35.622638877840444 ], [ -77.150311033013296, 35.622639121352641 ], [ -77.150346488501469, 35.622741654961473 ], [ -77.150347785534208, 35.622746050122444 ], [ -77.150348673629125, 35.622750545789451 ], [ -77.150388619497022, 35.623016524308767 ], [ -77.150389424766402, 35.62302146445203 ], [ -77.150419733106204, 35.623193790005921 ], [ -77.150425430552232, 35.623217560700951 ], [ -77.150433985263959, 35.623240458817484 ], [ -77.150511053662669, 35.623413645486679 ], [ -77.150512755725416, 35.62341802037237 ], [ -77.150511819260998, 35.623422620337024 ], [ -77.150479703005203, 35.623549193693108 ], [ -77.150478360648535, 35.623554824681889 ], [ -77.150453039588655, 35.623668298757565 ], [ -77.150451791947361, 35.623672847469805 ], [ -77.150447728632358, 35.623675242644765 ], [ -77.150358263316889, 35.623722330136367 ], [ -77.150341120113836, 35.623732473938304 ], [ -77.150325070981452, 35.623744272729709 ], [ -77.150310275121583, 35.623757609470672 ], [ -77.150296879304022, 35.623772351865341 ], [ -77.150285016410635, 35.623788353674271 ], [ -77.150274804117203, 35.623805456165066 ], [ -77.15026634372613, 35.623823489686956 ], [ -77.150259719161582, 35.623842275353653 ], [ -77.150254996136923, 35.623861626817856 ], [ -77.150252221502924, 35.623881352119753 ], [ -77.150251450122752, 35.623889906785934 ], [ -77.150250737850044, 35.623894922965789 ], [ -77.150248544141448, 35.623899489916404 ], [ -77.15016948989863, 35.624044568423784 ], [ -77.150161189306303, 35.624061693812834 ], [ -77.150154554013298, 35.624079530619433 ], [ -77.15014964409869, 35.624097917340769 ], [ -77.150146504019119, 35.624116687494826 ], [ -77.150145162206357, 35.624135671127817 ], [ -77.150145630809817, 35.62415469635301 ], [ -77.150147905586522, 35.624173590907091 ], [ -77.1501519659396, 35.624192183709894 ], [ -77.150157775104688, 35.624210306413445 ], [ -77.150165280482881, 35.624227794926277 ], [ -77.150174414116961, 35.624244490899187 ], [ -77.150185093306717, 35.624260243158993 ], [ -77.150197221357757, 35.624274909077343 ], [ -77.150210688457008, 35.62428835586212 ], [ -77.150267689920696, 35.624340095562353 ], [ -77.150275811193964, 35.624348376335554 ], [ -77.150419811856864, 35.62451335764532 ], [ -77.150422740344609, 35.624517059633547 ], [ -77.150421799034746, 35.624521685073169 ], [ -77.15038247466245, 35.624676271726656 ], [ -77.150378599723467, 35.62469534613119 ], [ -77.150376597258557, 35.624714706869675 ], [ -77.150376486233483, 35.624734170572665 ], [ -77.150378267699779, 35.624753552895491 ], [ -77.15038192478481, 35.624772670264285 ], [ -77.150387422851608, 35.624791341614582 ], [ -77.15039470982687, 35.624809390106265 ], [ -77.15042321132708, 35.624871143108898 ], [ -77.150424821489338, 35.624875060887646 ], [ -77.150426093502389, 35.624879101135157 ], [ -77.150465216679706, 35.62502467654263 ], [ -77.150471849689453, 35.625044967818653 ], [ -77.150506525730606, 35.625134547166525 ], [ -77.150514334648605, 35.625152151560407 ], [ -77.15052380057756, 35.625168923264958 ], [ -77.1505348357461, 35.625184706767094 ], [ -77.150547337832293, 35.625199355716717 ], [ -77.15056119091247, 35.625212734283686 ], [ -77.150576266536063, 35.625224718417272 ], [ -77.150649823724322, 35.625277618902949 ], [ -77.150666358415563, 35.625288315982509 ], [ -77.150683864973246, 35.625297335071366 ], [ -77.150702173660989, 35.625304588724148 ], [ -77.15090924794282, 35.625375045488667 ], [ -77.150920456280744, 35.6253796345487 ], [ -77.15102349458941, 35.62542931390734 ], [ -77.151026915470069, 35.625431130116787 ], [ -77.151030185201336, 35.625433206146397 ], [ -77.151330774874211, 35.625640850334847 ], [ -77.151687102392131, 35.625888382801726 ], [ -77.151688866671861, 35.625889636938908 ], [ -77.151903644410211, 35.62604583842991 ], [ -77.151907784594414, 35.626049203761319 ], [ -77.15191111180431, 35.626053374642709 ], [ -77.151975651412997, 35.626143850226711 ], [ -77.151987181608249, 35.626158515741494 ], [ -77.152000028108134, 35.626172043127312 ], [ -77.152014079140812, 35.62618431468821 ], [ -77.152029212454309, 35.626195223654655 ], [ -77.152045296380209, 35.626204675112426 ], [ -77.152062190979223, 35.626212586828473 ], [ -77.152079749258718, 35.626218889966374 ], [ -77.152143431721456, 35.626238449817819 ], [ -77.152166893830596, 35.626244132056179 ], [ -77.152351468131144, 35.626277190066361 ], [ -77.152355911139736, 35.626278198400101 ], [ -77.15235968616949, 35.626280732033592 ], [ -77.152542336270372, 35.626415776285292 ], [ -77.15254559453389, 35.626418290653866 ], [ -77.15291105761726, 35.626712511381157 ], [ -77.152925352876636, 35.62672301031629 ], [ -77.152940522077174, 35.62673220147699 ], [ -77.152956445919884, 35.626740012578885 ], [ -77.152972999170899, 35.626746382191158 ], [ -77.15342468240442, 35.626897557937198 ], [ -77.153428907670047, 35.626899188985192 ], [ -77.153432751840171, 35.626901548371684 ], [ -77.153821450541457, 35.627164923237657 ], [ -77.153830167608959, 35.6271715548584 ], [ -77.153955926198222, 35.627278599830113 ], [ -77.153971444100037, 35.627290549226352 ], [ -77.153988056368078, 35.627300923516579 ], [ -77.154005603693463, 35.627309623213073 ], [ -77.154023917800259, 35.627316564887188 ], [ -77.154042823059228, 35.627321681969427 ], [ -77.154093039811698, 35.627332666613775 ], [ -77.154112917609794, 35.6273359755806 ], [ -77.154133027486225, 35.627337267474054 ], [ -77.154153165287468, 35.627336529178947 ], [ -77.154173126576524, 35.627333768190397 ], [ -77.154192708708322, 35.627329012537672 ], [ -77.154211712886962, 35.627322310499714 ], [ -77.154301193871405, 35.62728558711261 ], [ -77.154317933918691, 35.627277795592853 ], [ -77.154333884059781, 35.627268493444575 ], [ -77.154348908344858, 35.627257759953935 ], [ -77.154487289850096, 35.627148910773791 ], [ -77.154491084991335, 35.627146204642202 ], [ -77.154495609399348, 35.627145083937783 ], [ -77.154717936411373, 35.627101001806253 ], [ -77.154722974172543, 35.627100270182581 ], [ -77.15472788316481, 35.627101617812023 ], [ -77.154977970548543, 35.627184338748251 ], [ -77.154982861942315, 35.627186248949151 ], [ -77.154987243400868, 35.62718914332644 ], [ -77.155123246558816, 35.627289698959892 ], [ -77.155139242998374, 35.627300376103975 ], [ -77.155156191028098, 35.627309467406036 ], [ -77.155173933926378, 35.62731688879709 ], [ -77.155192307621306, 35.627322571650147 ], [ -77.155211142207904, 35.627326463414811 ], [ -77.155230263519215, 35.627328528103192 ], [ -77.155254497305194, 35.627329970792211 ], [ -77.155397699349805, 35.627339206841128 ], [ -77.15541710741013, 35.627339514719509 ], [ -77.15543645391152, 35.627337939765972 ], [ -77.155455556625611, 35.627334496815308 ], [ -77.155474235620304, 35.627329218297334 ], [ -77.1554923149546, 35.627322153931395 ], [ -77.155509624335821, 35.627313370258108 ], [ -77.155526000723626, 35.627302950012549 ], [ -77.155541289865695, 35.627290991344999 ], [ -77.155555347750692, 35.627277606896413 ], [ -77.155568041964756, 35.627262922737458 ], [ -77.155581443928497, 35.627245806865382 ], [ -77.155590097845248, 35.627233873662057 ], [ -77.155823693385599, 35.626885426956534 ], [ -77.155826123855377, 35.626882106266052 ], [ -77.15582881970856, 35.626878997159828 ], [ -77.1561313397753, 35.626557875105462 ], [ -77.156135175603481, 35.626554214828239 ], [ -77.15613937867721, 35.626550982897179 ], [ -77.156258839456143, 35.626468854547404 ], [ -77.156263113297086, 35.626466222986089 ], [ -77.156267630132092, 35.626464034600133 ], [ -77.156375995700429, 35.626418116712259 ], [ -77.156381061280783, 35.626416287405235 ], [ -77.156386401898374, 35.626415591507673 ], [ -77.156588480481645, 35.626400340429534 ], [ -77.156592987969063, 35.626400204704943 ], [ -77.156597427841589, 35.626400881067944 ], [ -77.156868333094138, 35.626454677537303 ], [ -77.156881409543018, 35.62645821063704 ], [ -77.15725894479381, 35.62658826193951 ], [ -77.157263869687242, 35.626590258189232 ], [ -77.157268553945514, 35.626592767634207 ], [ -77.157475695618842, 35.626718394430135 ], [ -77.157479828869853, 35.626721194308608 ], [ -77.157483320198097, 35.626724762740899 ], [ -77.157591958419829, 35.626847571938697 ], [ -77.157594806845623, 35.626851105284274 ], [ -77.15759619704238, 35.626855415717671 ], [ -77.157654268696248, 35.627068046728546 ], [ -77.157661085741225, 35.627088569794921 ], [ -77.157670078811549, 35.627108236849651 ], [ -77.157785099201234, 35.627327577384051 ], [ -77.157793490620293, 35.627342069878992 ], [ -77.157963952786616, 35.627609939967762 ], [ -77.158019371625826, 35.627696890137024 ], [ -77.158021755481869, 35.627701066028116 ], [ -77.158021906904736, 35.627705872056303 ], [ -77.158021096252426, 35.62775292782095 ], [ -77.158020152449325, 35.627765013775793 ], [ -77.158009612642488, 35.627840549076296 ], [ -77.158007973801503, 35.627849376287564 ], [ -77.157999899473396, 35.627884096027429 ], [ -77.15799777386728, 35.627891819214128 ], [ -77.157950252335979, 35.628040862903404 ], [ -77.157945464873208, 35.628058678822931 ], [ -77.157942339363842, 35.628076860076455 ], [ -77.157940902400242, 35.628095251974784 ], [ -77.15794116620836, 35.628113698036522 ], [ -77.157943128543664, 35.628132041319454 ], [ -77.157946772710261, 35.628150125755809 ], [ -77.157955703244426, 35.628185847416354 ], [ -77.157961211790436, 35.628204125042743 ], [ -77.157968437825872, 35.628221794228274 ], [ -77.157977315518693, 35.628238693999741 ], [ -77.157987763989638, 35.628254670393588 ], [ -77.157999688049046, 35.628269577858589 ], [ -77.158012979064054, 35.628283280581883 ], [ -77.158238120618847, 35.628494247329698 ], [ -77.158241768828447, 35.628497845804539 ], [ -77.158392620268273, 35.628654467820638 ], [ -77.158408376250961, 35.628669154541051 ], [ -77.158425620287971, 35.628682061668336 ], [ -77.158444152369697, 35.628693039495694 ], [ -77.158463757546826, 35.62870196069386 ], [ -77.158841834814794, 35.628849981221158 ], [ -77.158846832783411, 35.628852264473878 ], [ -77.158851207238968, 35.62885558969144 ], [ -77.159018469933415, 35.628998001493329 ], [ -77.159021823542332, 35.629001135500076 ], [ -77.159024190514103, 35.629005068200946 ], [ -77.159099560272594, 35.629144501973904 ], [ -77.159101749916104, 35.629149100037047 ], [ -77.159103458862745, 35.629153897559711 ], [ -77.159175026050121, 35.629392779374569 ], [ -77.159176737199786, 35.629399277973015 ], [ -77.159227949376771, 35.629624222706617 ], [ -77.159233322048223, 35.629643368406654 ], [ -77.159240569395749, 35.629661885949211 ], [ -77.159249619775068, 35.62967959227754 ], [ -77.159260383717893, 35.629696312354199 ], [ -77.159272754816328, 35.629711880891442 ], [ -77.159286610774828, 35.629726143985167 ], [ -77.159301814619113, 35.629738960636338 ], [ -77.159318216050309, 35.629750204144841 ], [ -77.159335652930636, 35.629759763362024 ], [ -77.15935395288632, 35.629767543789413 ], [ -77.159372935011589, 35.629773468512923 ], [ -77.159423838203622, 35.62978661849278 ], [ -77.159443540448208, 35.629790663678072 ], [ -77.159463549357056, 35.629792709535458 ], [ -77.159483662569073, 35.629792735374053 ], [ -77.159503676668322, 35.629790740932542 ], [ -77.159523389241215, 35.629786746381811 ], [ -77.159542600923686, 35.62978079212094 ], [ -77.159561117417425, 35.629772938368639 ], [ -77.159601599265756, 35.629753310765054 ], [ -77.159618010751629, 35.629744383950204 ], [ -77.159633517684242, 35.629733964740375 ], [ -77.159647984755935, 35.629722144049673 ], [ -77.159826359278057, 35.629561937956332 ], [ -77.159842061503994, 35.629546171235987 ], [ -77.159855915058031, 35.629528757781117 ], [ -77.160100350646331, 35.629183727789112 ], [ -77.160103122237473, 35.629180171721906 ], [ -77.160107335718649, 35.629178584728095 ], [ -77.160361737735855, 35.629095710968329 ], [ -77.160367037169891, 35.629094303038066 ], [ -77.16037251633368, 35.629094090826527 ], [ -77.160482973183733, 35.629095916855782 ], [ -77.160487882359234, 35.629096244815074 ], [ -77.160491417397921, 35.629099666958176 ], [ -77.160606723218635, 35.629223080506677 ], [ -77.160626513611831, 35.629241575590633 ], [ -77.160819954790881, 35.62939922601938 ], [ -77.160835786803872, 35.629410882212682 ], [ -77.160852686749323, 35.629420927675426 ], [ -77.160870491323266, 35.62942926533843 ], [ -77.161007958268158, 35.62948557704371 ], [ -77.161025801212119, 35.62949191746862 ], [ -77.161044163819398, 35.629496542000027 ], [ -77.161062881482252, 35.629499409182294 ], [ -77.161081786410108, 35.629500493313166 ], [ -77.161100709133692, 35.629499784674167 ], [ -77.161119480024212, 35.62949728961776 ], [ -77.161137930813922, 35.629493030510339 ], [ -77.161155896104589, 35.629487045531789 ], [ -77.161173214850123, 35.629479388333202 ], [ -77.161183567495456, 35.629474211971363 ], [ -77.161203281680727, 35.629462911564595 ], [ -77.161221586784478, 35.629449447855187 ], [ -77.161360500777334, 35.629334561980997 ], [ -77.161374035415079, 35.629322285186412 ], [ -77.161386393057299, 35.62930882432525 ], [ -77.16139747054666, 35.629294291764097 ], [ -77.161407175412151, 35.629278808815727 ], [ -77.161460396086042, 35.629184594141805 ], [ -77.161463185745134, 35.629180212588054 ], [ -77.161467801885976, 35.629177831106325 ], [ -77.161580404592797, 35.629127067781418 ], [ -77.16158492143316, 35.629125299068562 ], [ -77.161588180392997, 35.629128892029925 ], [ -77.161641250372895, 35.629193668593352 ], [ -77.161653600966389, 35.62920739823894 ], [ -77.161667165303299, 35.62921993016186 ], [ -77.16178888299639, 35.629322383418206 ], [ -77.161791875156439, 35.629325117157443 ], [ -77.161794635576427, 35.629328084720321 ], [ -77.161977134478221, 35.629541000155314 ], [ -77.161978861008535, 35.629542987813224 ], [ -77.162121353504943, 35.629704866886321 ], [ -77.16212474313518, 35.629709174090863 ], [ -77.162127639007323, 35.629713827641424 ], [ -77.162190463583599, 35.629828390193289 ], [ -77.162192716917986, 35.629833066327713 ], [ -77.162192865298536, 35.629838254943266 ], [ -77.162186012779557, 35.630124107844154 ], [ -77.16218595411928, 35.630125890852362 ], [ -77.162165212698611, 35.6306217142237 ], [ -77.16216471884438, 35.630626913644711 ], [ -77.16216213360191, 35.630631451749444 ], [ -77.162115533930546, 35.630704039685 ], [ -77.16211283573341, 35.630707837096047 ], [ -77.162108930617975, 35.630710376913598 ], [ -77.162034974796853, 35.630753668668405 ], [ -77.16203090137472, 35.630755807225768 ], [ -77.16202652282189, 35.630757154331768 ], [ -77.161888859029474, 35.630792704674661 ], [ -77.161869490905744, 35.630798769864931 ], [ -77.161850837196397, 35.63080676673161 ], [ -77.161833089992982, 35.630816612924825 ], [ -77.16181643205212, 35.63082820705074 ], [ -77.161801811992362, 35.630839525786214 ], [ -77.161787507852154, 35.630851716723591 ], [ -77.161774411207745, 35.630865196533911 ], [ -77.161762637711476, 35.63087984618123 ], [ -77.161752291331354, 35.630895536299121 ], [ -77.161743463433027, 35.630912128333115 ], [ -77.161736231972853, 35.630929475764191 ], [ -77.161662199307102, 35.631133585192728 ], [ -77.161656545587093, 35.631151853988726 ], [ -77.161652662544114, 35.631170579250657 ], [ -77.161650585680206, 35.631189589776518 ], [ -77.161650333983786, 35.63120871175618 ], [ -77.161651856734721, 35.631252621264203 ], [ -77.1616534524304, 35.631271831432962 ], [ -77.161656890070944, 35.631290798758968 ], [ -77.161662137722658, 35.631309347046752 ], [ -77.161669146637905, 35.631327303993466 ], [ -77.161677851707921, 35.631344502789482 ], [ -77.161688172067642, 35.631360783667944 ], [ -77.161700011846918, 35.631375995388922 ], [ -77.161713261061038, 35.631389996644337 ], [ -77.161727796632505, 35.63140265737065 ], [ -77.161743483534252, 35.631413859957028 ], [ -77.161760176044069, 35.631423500337952 ], [ -77.161777719098211, 35.631431488959855 ], [ -77.161795949731854, 35.631437751613078 ], [ -77.161814698592977, 35.631442230121188 ], [ -77.161833791515519, 35.631444882881453 ], [ -77.161930111880849, 35.631453560255942 ], [ -77.161934873213639, 35.631454225537993 ], [ -77.16193813698078, 35.631457755511796 ], [ -77.162029731099324, 35.631567108124571 ], [ -77.162032745127931, 35.631571101852899 ], [ -77.162033438011647, 35.631576057067257 ], [ -77.162048578689848, 35.631747330051809 ], [ -77.162048770319245, 35.631751966957566 ], [ -77.162047250500862, 35.631756351905267 ], [ -77.161996929834885, 35.631882152283936 ], [ -77.161994767632549, 35.631886833344446 ], [ -77.161990892765388, 35.631890235233691 ], [ -77.161899835749679, 35.631962122662593 ], [ -77.161885317086714, 35.631974765339486 ], [ -77.161872081242961, 35.631988745371444 ], [ -77.161860250858055, 35.632003933223373 ], [ -77.161849935549057, 35.63202018816888 ], [ -77.161841230894723, 35.632037359594165 ], [ -77.161834217549966, 35.63205528839358 ], [ -77.161828960498482, 35.632073808443884 ], [ -77.161825508450661, 35.632092748143435 ], [ -77.161823893392196, 35.63211193200226 ], [ -77.161824130287783, 35.632131182268068 ], [ -77.161826216942401, 35.632150320573267 ], [ -77.161830134021699, 35.632169169587648 ], [ -77.161835845231096, 35.632187554661492 ], [ -77.16184329765214, 35.63220530544384 ], [ -77.161852422232769, 35.632222257460882 ], [ -77.161863134427136, 35.632238253639954 ], [ -77.161875334979072, 35.632253145764913 ], [ -77.16188891084164, 35.632266795849489 ], [ -77.162010556293708, 35.632377863773669 ], [ -77.162013793906198, 35.632381108357023 ], [ -77.162014822600113, 35.632385575038761 ], [ -77.162031077751863, 35.632474975182944 ], [ -77.162031731171282, 35.632480020280028 ], [ -77.162031866865746, 35.632485105704916 ], [ -77.162028221947708, 35.632634553860846 ], [ -77.162028716885118, 35.632654311452661 ], [ -77.16203115944576, 35.632673923726749 ], [ -77.162035525777569, 35.632693199165629 ], [ -77.162041773242507, 35.632711949541068 ], [ -77.162049840832921, 35.632729991752193 ], [ -77.162109768607522, 35.632847993546562 ], [ -77.162120117658048, 35.632865991716521 ], [ -77.162132276768659, 35.632882820055649 ], [ -77.16214611491371, 35.632898297223029 ], [ -77.162247619244582, 35.633000601517885 ], [ -77.162254023254846, 35.633007705801944 ], [ -77.162268993706604, 35.633026002801707 ], [ -77.16228525990681, 35.633043614372575 ], [ -77.162303516554346, 35.633059153082876 ], [ -77.162308851632858, 35.633063168374193 ], [ -77.162315753153422, 35.633069453082157 ], [ -77.162315767348915, 35.633069437493447 ], [ -77.162325079060764, 35.63307794847934 ], [ -77.162339362127142, 35.633088822626121 ], [ -77.162354562706824, 35.633098372255986 ], [ -77.162519895575116, 35.633192166635553 ], [ -77.162539466431866, 35.633201896306495 ], [ -77.162559982100106, 35.633209432372276 ], [ -77.162845401877519, 35.633296899397756 ], [ -77.162848940195047, 35.633298130778769 ], [ -77.162852376180069, 35.633299624095187 ], [ -77.163028432617352, 35.633384131729592 ], [ -77.163045598255906, 35.633391407379698 ], [ -77.163063366805602, 35.633397052986275 ], [ -77.163081583860276, 35.633401019489817 ], [ -77.163100091116377, 35.633403272421972 ], [ -77.163118727748497, 35.633403792205094 ], [ -77.163137331807022, 35.633402574322332 ], [ -77.163155741625332, 35.633399629356923 ], [ -77.163173797224772, 35.633394982900178 ], [ -77.163235677739465, 35.633375942468625 ], [ -77.1632566081243, 35.633368199566071 ], [ -77.163276545575599, 35.633358173022046 ], [ -77.163295241855366, 35.633345987675419 ], [ -77.1635072503299, 35.633190293636098 ], [ -77.163523268453048, 35.633177202930895 ], [ -77.163537848672917, 35.633162527644849 ], [ -77.163726031368682, 35.632952421005506 ], [ -77.163730223834904, 35.63294826478112 ], [ -77.163734878847237, 35.632944634101051 ], [ -77.163972016672929, 35.632781330172939 ], [ -77.163986813573018, 35.632770092406886 ], [ -77.164000503727308, 35.632757529950354 ], [ -77.164012968977545, 35.632743751228539 ], [ -77.164024101737525, 35.632728875164091 ], [ -77.164113139812613, 35.632597601325301 ], [ -77.164123228257793, 35.632581054681019 ], [ -77.164131667889436, 35.632563609315419 ], [ -77.16413837946611, 35.632545429026592 ], [ -77.164143299971443, 35.632526684512989 ], [ -77.164146383205804, 35.632507551770658 ], [ -77.164147600220105, 35.632488210440833 ], [ -77.164146939587511, 35.63246884212321 ], [ -77.164144407510875, 35.632449628670862 ], [ -77.164117161369759, 35.632299472889365 ], [ -77.164113232107056, 35.632282208304446 ], [ -77.164107791300609, 35.632265358894287 ], [ -77.164020683102351, 35.632031540688196 ], [ -77.164019240096181, 35.632027007333654 ], [ -77.164020961064281, 35.632022572039098 ], [ -77.164246935152605, 35.6315146219996 ], [ -77.16424920769721, 35.631510138856164 ], [ -77.164252334677272, 35.631506203753723 ], [ -77.164555808663764, 35.631161613531162 ], [ -77.164559133689323, 35.6311581857126 ], [ -77.164563297339669, 35.631155846962834 ], [ -77.164977873451164, 35.630948558826844 ], [ -77.164988367390137, 35.630944042101923 ], [ -77.165485859592209, 35.630762868867535 ], [ -77.165491046031491, 35.630761294865259 ], [ -77.165496450295691, 35.630760881872803 ], [ -77.165852816381445, 35.630753155781107 ], [ -77.165867114361532, 35.630753872086707 ], [ -77.166239725288435, 35.63079947803346 ], [ -77.166243952561558, 35.630800180869947 ], [ -77.166248103915578, 35.630801243919279 ], [ -77.166573381152119, 35.630899605761059 ], [ -77.166582445029576, 35.630902830357037 ], [ -77.166939959808161, 35.631049767025331 ], [ -77.16696031670827, 35.631056876875164 ], [ -77.166981320721717, 35.631061753837926 ], [ -77.16718786916806, 35.63109810643585 ], [ -77.167210069495496, 35.631100744954971 ], [ -77.167232425602037, 35.63110088925243 ], [ -77.16738394993844, 35.631093387805599 ], [ -77.167402453371665, 35.631091606834254 ], [ -77.167420711528834, 35.631088115617111 ], [ -77.167438566682776, 35.631082944313818 ], [ -77.167677202147971, 35.63100163189641 ], [ -77.167682010549299, 35.631000260556924 ], [ -77.16768697052467, 35.631000892965396 ], [ -77.167928398547829, 35.631044176805268 ], [ -77.167932922666097, 35.631045207717136 ], [ -77.167937177019084, 35.63104705998726 ], [ -77.168243448129445, 35.631197764845872 ], [ -77.16824785515837, 35.631200217815319 ], [ -77.168251991701652, 35.631203103637752 ], [ -77.168624668736243, 35.631492197971916 ], [ -77.168629204577854, 35.631495935149729 ], [ -77.168881959631165, 35.631716972741494 ], [ -77.169081160200193, 35.631891031188175 ], [ -77.169095334897932, 35.631902326229223 ], [ -77.169169172801588, 35.631955878902978 ], [ -77.169189598201129, 35.631968882277071 ], [ -77.169513720571913, 35.632148631546563 ], [ -77.169517825684323, 35.632151177724396 ], [ -77.16952065212179, 35.632155095149891 ], [ -77.169732840113369, 35.632481673122726 ], [ -77.169744697519249, 35.632498047400141 ], [ -77.169758147400429, 35.632513140966047 ], [ -77.16977305232767, 35.632526799596256 ], [ -77.169789260004279, 35.632538883728593 ], [ -77.169806604822242, 35.63254926988887 ], [ -77.170023224267396, 35.632664527617436 ], [ -77.170028660478422, 35.632667642469571 ], [ -77.170204068436377, 35.632775586106042 ], [ -77.170207813002889, 35.632778135300413 ], [ -77.17020927412392, 35.632782423108068 ], [ -77.170288551007289, 35.633055673325472 ], [ -77.170294678607647, 35.633073579994239 ], [ -77.170302471388794, 35.633090827279084 ], [ -77.170311859567107, 35.633107260732167 ], [ -77.170322759072334, 35.63312273319346 ], [ -77.170335072300404, 35.633137106108506 ], [ -77.170494445811443, 35.633306237886593 ], [ -77.170497778541048, 35.633310162526264 ], [ -77.170500688526573, 35.633314410098727 ], [ -77.170667333153261, 35.633586844834319 ], [ -77.170676546127893, 35.633600594068398 ], [ -77.17068686436906, 35.633613534479451 ], [ -77.170890131466223, 35.633847869709918 ], [ -77.17090585794233, 35.633864056603308 ], [ -77.170923307952918, 35.63387836865062 ], [ -77.171139321483196, 35.634036023019391 ], [ -77.171153362539698, 35.634045388996654 ], [ -77.171168143296342, 35.634053537740783 ], [ -77.171336736033567, 35.63413741116112 ], [ -77.17135225719143, 35.634144326586991 ], [ -77.171368309337225, 35.634149899563873 ], [ -77.171784019445695, 35.634274707888238 ], [ -77.171785957728261, 35.634275311331905 ], [ -77.172184706223675, 35.634403907423959 ], [ -77.172580486147794, 35.634532857864919 ], [ -77.172583939296587, 35.63453412551889 ], [ -77.172587289901145, 35.634535644139447 ], [ -77.172904990868844, 35.634693999889592 ], [ -77.173225879602882, 35.634853944517502 ], [ -77.173542029382546, 35.635012018935996 ], [ -77.173545887948023, 35.635014166790135 ], [ -77.173549541441034, 35.635016647551311 ], [ -77.173954921701835, 35.635318965380783 ], [ -77.173958806720108, 35.635322181887652 ], [ -77.173961963422826, 35.635326115653235 ], [ -77.174151099228908, 35.635587994913394 ], [ -77.174153731600811, 35.635592047177482 ], [ -77.174152704758981, 35.635596769022662 ], [ -77.174063312896905, 35.635928100464902 ], [ -77.174061754492115, 35.635932895191502 ], [ -77.174059261732367, 35.63593727744864 ], [ -77.173959932534601, 35.636092957364248 ], [ -77.173955836116164, 35.636098893971692 ], [ -77.173922994130848, 35.63614299639832 ], [ -77.173728286099987, 35.636404488617963 ], [ -77.173716899384729, 35.636421540896656 ], [ -77.17370731846195, 35.636439669421456 ], [ -77.173583040030721, 35.636707183138292 ], [ -77.173575476777927, 35.636725876133006 ], [ -77.173569834301361, 35.636745235712098 ], [ -77.173566169961177, 35.63676506507052 ], [ -77.173564521008188, 35.63678516262754 ], [ -77.173564904205278, 35.636805324076008 ], [ -77.173567315656967, 35.636825344459247 ], [ -77.173571730848991, 35.636845020254626 ], [ -77.173578104897501, 35.636864151442516 ], [ -77.173586373005392, 35.636882543539627 ], [ -77.173596451120957, 35.636900009576124 ], [ -77.173608236792404, 35.636916371996271 ], [ -77.173621610209267, 35.636931464463444 ], [ -77.173636435420477, 35.636945133551095 ], [ -77.17365256171631, 35.636957240302387 ], [ -77.17366539520971, 35.636965899073516 ], [ -77.173669791614074, 35.636969234083679 ], [ -77.173673792117796, 35.636973034956291 ], [ -77.173731601614165, 35.637034401703495 ], [ -77.173734686574335, 35.637038018989728 ], [ -77.173732086169395, 35.637041998893707 ], [ -77.173673706876812, 35.637122376337636 ], [ -77.173659729615835, 35.637144541577243 ], [ -77.173499991066521, 35.637438999429548 ], [ -77.173334892553314, 35.637743338907178 ], [ -77.173333027880616, 35.637746626410348 ], [ -77.173176990927118, 35.638009999959351 ], [ -77.173029248678361, 35.638259374639098 ], [ -77.17302073472932, 35.638275353132869 ], [ -77.173013700655702, 35.638292036100225 ], [ -77.17286312025405, 35.638699816863117 ], [ -77.172856219050288, 35.638722593429364 ], [ -77.172772054321484, 35.639074636947711 ], [ -77.172768765787723, 35.639091603484374 ], [ -77.172766954266265, 35.639108790578675 ], [ -77.172766633283644, 35.639126069895518 ], [ -77.17277298244845, 35.639383640332788 ], [ -77.172778990785432, 35.639668993104742 ], [ -77.172784966299346, 35.639951826854556 ], [ -77.1727850296094, 35.639954172033143 ], [ -77.172791914787155, 35.640163663052491 ], [ -77.172791959088002, 35.640168337105592 ], [ -77.17279111661253, 35.640228947800281 ], [ -77.172791683309541, 35.640247026587183 ], [ -77.172819918937904, 35.640615059973371 ], [ -77.172820071937224, 35.640616938168435 ], [ -77.172827122177011, 35.640698722745981 ], [ -77.172830224510079, 35.640720555487221 ], [ -77.172835711607931, 35.640741913970729 ], [ -77.172843516762143, 35.640762538534439 ], [ -77.172957656653111, 35.641020243889464 ], [ -77.172958332213554, 35.641021752307836 ], [ -77.173099332269928, 35.64133312747709 ], [ -77.173103873575357, 35.641345164453412 ], [ -77.173210269247434, 35.641693636982083 ], [ -77.173211594728983, 35.641698396249822 ], [ -77.173301844978653, 35.642056450898629 ], [ -77.173302769831466, 35.642061013129194 ], [ -77.173302391236547, 35.642065652737735 ], [ -77.173243720301912, 35.642520345790842 ], [ -77.173242675000495, 35.64252592166627 ], [ -77.173241002291604, 35.642531342467386 ], [ -77.173144063604113, 35.642791805079582 ], [ -77.173143918721095, 35.642792195606404 ], [ -77.173051568221624, 35.643041920083661 ], [ -77.173046612749673, 35.64305717431359 ], [ -77.173042895538643, 35.643072776575444 ], [ -77.17295292369532, 35.643531249807445 ], [ -77.172951769739683, 35.643535921288013 ], [ -77.172949738695877, 35.643540283535657 ], [ -77.172780840165004, 35.643861453342247 ], [ -77.172773020305769, 35.643878148837743 ], [ -77.172766771033722, 35.643895493472861 ], [ -77.172762145450463, 35.643913339865996 ], [ -77.172759182860702, 35.64393153637198 ], [ -77.172757908438271, 35.643949928370674 ], [ -77.172754687945414, 35.644089469582525 ], [ -77.172755236743797, 35.644109590772615 ], [ -77.172757805261412, 35.64412955489513 ], [ -77.172762367481511, 35.644149159731732 ], [ -77.172768877192951, 35.644168206703334 ], [ -77.172777268458333, 35.64418650288151 ], [ -77.172787456281768, 35.644203862942675 ], [ -77.172799337469939, 35.644220111045279 ], [ -77.173060397995869, 35.644541804188293 ], [ -77.173062851210375, 35.644545095121067 ], [ -77.173065025613695, 35.644548576567665 ], [ -77.173215932244219, 35.644813895131648 ], [ -77.173216051307691, 35.644814104172077 ], [ -77.173367303196386, 35.645079287011569 ], [ -77.173369713937845, 35.645084103012813 ], [ -77.173371031384292, 35.645089325069691 ], [ -77.173444159382868, 35.645463740290261 ], [ -77.173444803919125, 35.645468019614739 ], [ -77.173444698721909, 35.645472329637016 ], [ -77.173420079305203, 35.645836692909917 ], [ -77.17341986843104, 35.645839304599093 ], [ -77.173375172060062, 35.646315078993325 ], [ -77.173374737086917, 35.646318913080414 ], [ -77.173318740987341, 35.64673981288324 ], [ -77.173317139421385, 35.64675856817454 ], [ -77.173317308198889, 35.646777390966029 ], [ -77.1733192458248, 35.646796114522616 ], [ -77.173365984278021, 35.647104955794525 ], [ -77.173416120321917, 35.647435259431916 ], [ -77.173418194476554, 35.647446679832278 ], [ -77.17343443572355, 35.647523374435991 ], [ -77.173435617868179, 35.647528609227692 ], [ -77.173440722572124, 35.647549881536612 ], [ -77.173441233622896, 35.647552124594569 ], [ -77.173491855149052, 35.64778673630552 ], [ -77.17349269475072, 35.647791983170293 ], [ -77.173491267176672, 35.647797101427038 ], [ -77.173295619948348, 35.648376139058271 ], [ -77.173294289887338, 35.648379834537643 ], [ -77.173174539111272, 35.648693103636177 ], [ -77.173166989634993, 35.648717377726122 ], [ -77.173106668230915, 35.648966099980186 ], [ -77.173102899432749, 35.6489859843674 ], [ -77.173101159493896, 35.649006147832061 ], [ -77.173101466231032, 35.64902638390398 ], [ -77.173103816503215, 35.649046485369475 ], [ -77.173130337563649, 35.649203805820733 ], [ -77.17313482059501, 35.649223977295478 ], [ -77.17314136099661, 35.649243578548251 ], [ -77.173149888951926, 35.649262400342579 ], [ -77.173160313428056, 35.649280241762391 ], [ -77.173172523147358, 35.649296912356803 ], [ -77.173186387775374, 35.649312234173067 ], [ -77.173416683253478, 35.649541703619029 ], [ -77.173419780649127, 35.649545092409291 ], [ -77.173420178729017, 35.649549666170685 ], [ -77.173430931645186, 35.649817508324489 ], [ -77.173431006861506, 35.64982049302494 ], [ -77.173435989932656, 35.650305886918908 ], [ -77.173435992379993, 35.650306112875811 ], [ -77.173439987828033, 35.650656713194493 ], [ -77.173442991089757, 35.651009000218124 ], [ -77.173445874745923, 35.651347350432076 ], [ -77.173447960900361, 35.651374507428585 ], [ -77.173494981770276, 35.651696935163848 ], [ -77.173503983812168, 35.651758945511489 ], [ -77.173561045870088, 35.652150509569545 ], [ -77.173562080757023, 35.652163558036527 ], [ -77.173569983290648, 35.652745416847353 ], [ -77.173570002543897, 35.65274658372617 ], [ -77.173575750578834, 35.653042594458149 ], [ -77.173577763925238, 35.653067280919508 ], [ -77.173589988268304, 35.653151979803816 ], [ -77.173622890716601, 35.653379628057287 ], [ -77.173626492720174, 35.653398257602561 ], [ -77.173631843961758, 35.653416461959196 ], [ -77.173638896275577, 35.65343407727233 ], [ -77.173660347699979, 35.653481066195532 ], [ -77.173669922070445, 35.653499451911003 ], [ -77.173681348066921, 35.653516747855839 ], [ -77.173909155683418, 35.653825512729064 ], [ -77.173912668830738, 35.653830595998116 ], [ -77.174080746923025, 35.654090621904437 ], [ -77.174081236660825, 35.654091375833111 ], [ -77.174174531437771, 35.654234294629369 ], [ -77.174175439788783, 35.654235712062622 ], [ -77.174249786907851, 35.654353905196764 ], [ -77.174252663598153, 35.654359154384288 ], [ -77.174254889360867, 35.654364710938623 ], [ -77.174360283091019, 35.654681867937079 ], [ -77.174361603589404, 35.654686161654581 ], [ -77.174464614615061, 35.655050008899039 ], [ -77.174470895404497, 35.655068644273378 ], [ -77.174478975971013, 35.655086572740615 ], [ -77.174605855551377, 35.655334734746539 ], [ -77.174606127496972, 35.655335264692688 ], [ -77.174740172593246, 35.655595526354787 ], [ -77.174745117361624, 35.655606778172675 ], [ -77.17488335123754, 35.655982542518522 ], [ -77.174884752576688, 35.655986993348193 ], [ -77.174883109801641, 35.655991360833553 ], [ -77.174812408552327, 35.656155260632495 ], [ -77.174805654430685, 35.656173248144974 ], [ -77.17480065752116, 35.656191800763644 ], [ -77.174797463941317, 35.656210747262321 ], [ -77.17479610316542, 35.656229912779615 ], [ -77.174792994446264, 35.656366060816183 ], [ -77.174793669959072, 35.656387671008652 ], [ -77.174796674252207, 35.656409082009539 ], [ -77.174801972216201, 35.65643004360092 ], [ -77.174809501936863, 35.656450310816886 ], [ -77.174886147892465, 35.656626756191848 ], [ -77.17488777339824, 35.656631028814601 ], [ -77.174887321331227, 35.656635577793715 ], [ -77.174828757651937, 35.657035758933098 ], [ -77.174827724699341, 35.657040900447981 ], [ -77.174825137224047, 35.657045461932242 ], [ -77.1746047705998, 35.657390068318144 ], [ -77.174595696775668, 35.657405786373687 ], [ -77.174588085189626, 35.65742226227465 ], [ -77.174581998521489, 35.657439360345457 ], [ -77.174577486893668, 35.65745693978711 ], [ -77.174535728900565, 35.65765694084908 ], [ -77.174532766794798, 35.657675405841488 ], [ -77.174531542325795, 35.657694066781737 ], [ -77.17453206619939, 35.657712760512545 ], [ -77.174534333835254, 35.657731323589957 ], [ -77.174579991036623, 35.657999999909471 ], [ -77.174631411929212, 35.658302591158254 ], [ -77.174632333501791, 35.65830943988832 ], [ -77.174668674940293, 35.658674626443535 ], [ -77.1746719401945, 35.658695824530433 ], [ -77.174677456695193, 35.658716551059165 ], [ -77.174685160999729, 35.658736567663894 ], [ -77.174694964504624, 35.658755644143262 ], [ -77.174772306771715, 35.658888145196649 ], [ -77.17478270114961, 35.65890414697158 ], [ -77.17479457316351, 35.658919085350959 ], [ -77.174807814748448, 35.658932824358224 ], [ -77.174822305372942, 35.658945238934109 ], [ -77.174837913136116, 35.658956216074962 ], [ -77.174854495968347, 35.658965655861387 ], [ -77.174913427247773, 35.658995574712392 ], [ -77.174932378331107, 35.659003990478801 ], [ -77.174952098920087, 35.659010398836976 ], [ -77.17502829074138, 35.659030857810819 ], [ -77.175051985575649, 35.659035706148906 ], [ -77.175281257627077, 35.659068326309104 ], [ -77.175285937823688, 35.659069222206973 ], [ -77.175290511114326, 35.659070560819643 ], [ -77.175530169420796, 35.659153334477871 ], [ -77.175534856775329, 35.659155226029803 ], [ -77.175538756509795, 35.65915844182404 ], [ -77.175729082440526, 35.659332427496061 ], [ -77.175732748782721, 35.659336153852117 ], [ -77.175734559760357, 35.659341057743852 ], [ -77.175824756982578, 35.659631797656445 ], [ -77.175829761541763, 35.659646012960465 ], [ -77.1759742518569, 35.660011810828365 ], [ -77.175982220189127, 35.660029437436989 ], [ -77.175991854104154, 35.660046211802282 ], [ -77.176003063478717, 35.660061977003572 ], [ -77.176124720876118, 35.6602166565076 ], [ -77.176161559181324, 35.660263917566063 ], [ -77.176175384604733, 35.660279845653264 ], [ -77.176190810540774, 35.660294229213044 ], [ -77.176207665435172, 35.660306908283566 ], [ -77.176438453806284, 35.660462165599995 ], [ -77.176454510693716, 35.660471904850063 ], [ -77.176471410286908, 35.66048009511109 ], [ -77.176489003583583, 35.660486664170236 ], [ -77.177040044786864, 35.660663412898252 ], [ -77.177044856264814, 35.660665236731639 ], [ -77.177048876807362, 35.660668447950457 ], [ -77.177370016305161, 35.660953471354695 ], [ -77.177373782474447, 35.660957189823584 ], [ -77.177377132953524, 35.660961286814135 ], [ -77.177614889758345, 35.661285767304435 ], [ -77.177621310730061, 35.661294064775703 ], [ -77.177761806317548, 35.661466100064359 ], [ -77.177764740047479, 35.661470086058245 ], [ -77.177764890835519, 35.661475032995 ], [ -77.177759068166665, 35.661768136599136 ], [ -77.177758842747423, 35.661771985527913 ], [ -77.177758320874929, 35.661775805568965 ], [ -77.177682220967, 35.662207697937525 ], [ -77.177681779373273, 35.662210304847747 ], [ -77.177662020271427, 35.662331823642447 ], [ -77.177659819760393, 35.662351404788353 ], [ -77.177659556760972, 35.66237110743679 ], [ -77.177661233825987, 35.662390740342254 ], [ -77.177664834676861, 35.662410112936215 ], [ -77.177670324361628, 35.662429037176892 ], [ -77.177677649594159, 35.662447329374473 ], [ -77.177686739271437, 35.662464811974132 ], [ -77.177697505163735, 35.662481315279472 ], [ -77.177709842770952, 35.662496679099704 ], [ -77.177723632337006, 35.662510754304563 ], [ -77.177738740012288, 35.662523404271823 ], [ -77.177755019152798, 35.662534506213468 ], [ -77.177772311743624, 35.662543952367514 ], [ -77.177790449932715, 35.662551651044048 ], [ -77.177809257660144, 35.662557527515183 ], [ -77.177828552367046, 35.662561524740426 ], [ -77.177863247253399, 35.662566945800492 ], [ -77.177869017866684, 35.662568255762572 ], [ -77.177895130976751, 35.662572391627414 ], [ -77.177912093024034, 35.662573938306032 ], [ -77.178055924602958, 35.662596066431597 ], [ -77.178075043385832, 35.662598073052337 ], [ -77.178094266502313, 35.662598234849078 ], [ -77.178322142644561, 35.662589192213012 ], [ -77.178326942474882, 35.662589234686195 ], [ -77.178331369303137, 35.6625910903171 ], [ -77.178592810741577, 35.662715913632489 ], [ -77.178987113700543, 35.662905138704367 ], [ -77.178994694585171, 35.662909186550998 ], [ -77.179368817904901, 35.66313012595829 ], [ -77.179371913368712, 35.663132111315512 ], [ -77.179374854261766, 35.663134319184202 ], [ -77.179744847548406, 35.66343402347497 ], [ -77.179757507859605, 35.663443475545975 ], [ -77.180015845791061, 35.663620900001042 ], [ -77.180275395576473, 35.663799831153831 ], [ -77.180279773355551, 35.66380322443873 ], [ -77.180283291298494, 35.663807502812752 ], [ -77.180521488461096, 35.664132584079027 ], [ -77.180523837901632, 35.664136092864652 ], [ -77.180525555047367, 35.664139934131782 ], [ -77.180681333331052, 35.66453183050217 ], [ -77.180682791650455, 35.664536040111344 ], [ -77.180683078019811, 35.664540485952152 ], [ -77.180690880520316, 35.664941315841524 ], [ -77.180690669156292, 35.664946969203108 ], [ -77.180689817940461, 35.664952562109676 ], [ -77.18060604071664, 35.665349767657254 ], [ -77.180605943273392, 35.665350232387624 ], [ -77.180522900748997, 35.665748636370743 ], [ -77.180521801036321, 35.665752942105264 ], [ -77.180520322427157, 35.665757132860584 ], [ -77.180415040157854, 35.666017878450155 ], [ -77.180414942470634, 35.666018120841635 ], [ -77.18030938913347, 35.6662805248748 ], [ -77.18030786532205, 35.666283938012427 ], [ -77.180306090358656, 35.666287227543442 ], [ -77.180118341813497, 35.666606008618075 ], [ -77.180115827974944, 35.666609857523632 ], [ -77.180112354763722, 35.666612869211107 ], [ -77.1798645049453, 35.666808438406036 ], [ -77.179859817886282, 35.666811718196648 ], [ -77.179854785575117, 35.666814438746897 ], [ -77.179611724298084, 35.6669283139844 ], [ -77.179599964573157, 35.666932940798858 ], [ -77.179547679368284, 35.666949778699724 ], [ -77.179149560053844, 35.667074820917428 ], [ -77.179148418997343, 35.667075171810623 ], [ -77.178590536302039, 35.667243087599893 ], [ -77.178571471735054, 35.667249895720744 ], [ -77.178553193053688, 35.6672585961823 ], [ -77.178535887526778, 35.667269099846528 ], [ -77.178519732453012, 35.667281299101241 ], [ -77.178504893344439, 35.667295068962559 ], [ -77.178338849422758, 35.667465580507425 ], [ -77.178325769015501, 35.667480414490846 ], [ -77.178314217653636, 35.667496467844302 ], [ -77.17830430829332, 35.667513583588409 ], [ -77.178187460062261, 35.667740603038496 ], [ -77.178178985326909, 35.667759388322551 ], [ -77.178172488689455, 35.667778945974192 ], [ -77.178050187014279, 35.668222290070936 ], [ -77.17792327415782, 35.668669477210145 ], [ -77.177921784459059, 35.66867391954996 ], [ -77.177919883786899, 35.668678203458725 ], [ -77.177713203430599, 35.669090585079829 ], [ -77.177710790474521, 35.669094858972045 ], [ -77.177707585859181, 35.66909857635725 ], [ -77.17745678234084, 35.669362018250887 ], [ -77.177452821334882, 35.669365745540254 ], [ -77.177447866774926, 35.669367989329416 ], [ -77.176982680932838, 35.669548567510702 ], [ -77.176978946178593, 35.669549849698342 ], [ -77.176975121737868, 35.66955083257421 ], [ -77.176440753484371, 35.669665835497156 ], [ -77.176439226796433, 35.669666151628 ], [ -77.17587118247684, 35.669779165651981 ], [ -77.17586697131641, 35.669779817898515 ], [ -77.175862719854535, 35.669780108365785 ], [ -77.175516078170446, 35.669788946691838 ], [ -77.175511903844949, 35.669788965960031 ], [ -77.175149585818218, 35.669783074225649 ], [ -77.175145013685793, 35.669782789438685 ], [ -77.17514048697835, 35.66978208628921 ], [ -77.174931987556889, 35.669739810641666 ], [ -77.174928037093736, 35.66973884044652 ], [ -77.174924178790221, 35.669737551675468 ], [ -77.174633442721714, 35.669627071700894 ], [ -77.174628148529663, 35.669624698263277 ], [ -77.174623166399144, 35.669621725040884 ], [ -77.174517725289533, 35.669550153090299 ], [ -77.174502175962573, 35.669540604468999 ], [ -77.174485821083749, 35.669532512764839 ], [ -77.174468796790151, 35.669525945332708 ], [ -77.17445124479103, 35.669520956839541 ], [ -77.174433311188224, 35.669517588809271 ], [ -77.174415145260028, 35.669515869277198 ], [ -77.174396898218617, 35.669515812556604 ], [ -77.17423458515924, 35.669522719113836 ], [ -77.174221416726979, 35.669522410194801 ], [ -77.173864314792056, 35.669490387464641 ], [ -77.1738600408423, 35.669489816372774 ], [ -77.17385605801725, 35.66948816413219 ], [ -77.173848445787527, 35.669484611687054 ], [ -77.173841478090566, 35.669481520332724 ], [ -77.173698136751256, 35.669421166643687 ], [ -77.173693158828073, 35.669418735329273 ], [ -77.173688842855668, 35.66941526209007 ], [ -77.173443384381201, 35.669194068924462 ], [ -77.173429504748299, 35.669182648616946 ], [ -77.173414655855126, 35.669172520536925 ], [ -77.173096821021858, 35.66897605685535 ], [ -77.17308116970375, 35.66896732627027 ], [ -77.173064799674677, 35.668960031818791 ], [ -77.173047842380583, 35.668954232072984 ], [ -77.173030433982987, 35.668949973602885 ], [ -77.172753551696857, 35.668895260442689 ], [ -77.172731888224064, 35.668892199474058 ], [ -77.17271002002532, 35.668891523111292 ], [ -77.172413238997237, 35.668898589243931 ], [ -77.172396072264746, 35.66889973822277 ], [ -77.172379067803021, 35.668902358363624 ], [ -77.172040720880617, 35.668969504899096 ], [ -77.17201938037681, 35.668974977091032 ], [ -77.171998771218838, 35.668982763270812 ], [ -77.171979143479277, 35.668992768960543 ], [ -77.171806015288055, 35.66909340479625 ], [ -77.171803953142472, 35.669094571018519 ], [ -77.171786983330776, 35.669103904529692 ], [ -77.171783024634493, 35.669106140821263 ], [ -77.171708341043512, 35.669149457152891 ], [ -77.171693289911374, 35.669159110819685 ], [ -77.171679161155836, 35.669170070205062 ], [ -77.171666067711513, 35.669182247707958 ], [ -77.171396873768217, 35.669456050939132 ], [ -77.171392797344524, 35.669459762026342 ], [ -77.171388335782709, 35.669462999905932 ], [ -77.171023379665513, 35.669698172221764 ], [ -77.171018868430963, 35.66970075653721 ], [ -77.171014112480677, 35.6697028567418 ], [ -77.170637991218655, 35.66984599966694 ], [ -77.170261006879315, 35.669989471559106 ], [ -77.17025285811421, 35.669992178181175 ], [ -77.169806846248264, 35.670119330862953 ], [ -77.16980093406147, 35.670120633471534 ], [ -77.169794907455781, 35.670121208594018 ], [ -77.169248413629518, 35.670139951419081 ], [ -77.16924556729478, 35.670140008488126 ], [ -77.168903281332845, 35.670141997735776 ], [ -77.168579232385397, 35.670142940800382 ], [ -77.168559096471412, 35.670144015932657 ], [ -77.168539171161186, 35.670147113182011 ], [ -77.168270376082972, 35.670202900812676 ], [ -77.168251113771078, 35.670207910077131 ], [ -77.168232444718257, 35.670214809052148 ], [ -77.168214553808497, 35.670223529415566 ], [ -77.168197618219708, 35.670233984807574 ], [ -77.168181805668979, 35.670246071685966 ], [ -77.168167272751717, 35.670259670351555 ], [ -77.168154163390824, 35.670274646133564 ], [ -77.168142607411355, 35.670290850723298 ], [ -77.168125542692934, 35.670317491305745 ], [ -77.16811607405468, 35.670333943342627 ], [ -77.168108207785281, 35.670351218944894 ], [ -77.168102014745003, 35.67036916249193 ], [ -77.168097550721498, 35.670387612346182 ], [ -77.16809485592718, 35.670406402309233 ], [ -77.168093954637072, 35.670425363118923 ], [ -77.168094854970107, 35.670444323974088 ], [ -77.168097548815979, 35.670463114073137 ], [ -77.168102011908204, 35.670481564152695 ], [ -77.168108204042738, 35.670499508012306 ], [ -77.168116069440131, 35.67051678401161 ], [ -77.168125537247946, 35.67053323652641 ], [ -77.168136522179083, 35.670548717350542 ], [ -77.168273563803055, 35.670723625679884 ], [ -77.168276728243072, 35.670728162525023 ], [ -77.168279370095433, 35.670733022284558 ], [ -77.16833099092571, 35.670841999982905 ], [ -77.168419038377664, 35.671027877844217 ], [ -77.168420777834598, 35.671032029353434 ], [ -77.168420102395572, 35.671036473396931 ], [ -77.168364942312522, 35.671314211659649 ], [ -77.168363777622403, 35.671318872698926 ], [ -77.168360230441394, 35.671322112960929 ], [ -77.168042581650312, 35.671585028528305 ], [ -77.168038885609249, 35.671587808106501 ], [ -77.168034566082696, 35.671589459913143 ], [ -77.167651063704682, 35.671715975531413 ], [ -77.167332273254061, 35.671820873374202 ], [ -77.167313392980603, 35.671828163976997 ], [ -77.167295346206302, 35.67183732539349 ], [ -77.167278317738081, 35.671848263806751 ], [ -77.167262481954936, 35.671860867202611 ], [ -77.167248001022273, 35.671875006516743 ], [ -77.167235023231228, 35.67189053695634 ], [ -77.167223681480067, 35.671907299482868 ], [ -77.167012892924859, 35.672255592137702 ], [ -77.16700329551513, 35.672273431628177 ], [ -77.166995551914866, 35.672292150451568 ], [ -77.166989741565231, 35.672311556572531 ], [ -77.166985924074254, 35.672331450904807 ], [ -77.166984138605358, 35.672351629353578 ], [ -77.166984403475553, 35.672371884909303 ], [ -77.166986715967582, 35.672392009771407 ], [ -77.166991052357702, 35.672411797480088 ], [ -77.16699736815913, 35.672431045034379 ], [ -77.167005598578442, 35.672449554974733 ], [ -77.167069146771269, 35.672574950115525 ], [ -77.167079403759999, 35.67259283806721 ], [ -77.167091448031044, 35.672609574858072 ], [ -77.167105151558431, 35.672624982582448 ], [ -77.167120368678908, 35.672638897462157 ], [ -77.167136937640365, 35.672651171587368 ], [ -77.167304362217806, 35.6727623062215 ], [ -77.16731840251164, 35.67277081714743 ], [ -77.167333093588212, 35.672778147766778 ], [ -77.167348336442274, 35.672784248677452 ], [ -77.167605732558897, 35.672875201256673 ], [ -77.167610209898982, 35.672876905072052 ], [ -77.167899777227106, 35.672995114464534 ], [ -77.167916092908243, 35.67300096376735 ], [ -77.167932853760064, 35.673005378474642 ], [ -77.167949933901966, 35.673008325430224 ], [ -77.16813465017195, 35.673032007080955 ], [ -77.168158005686934, 35.673033619968955 ], [ -77.168181389666941, 35.673032492597358 ], [ -77.168488950406868, 35.672999539778239 ], [ -77.168493910278841, 35.672999261471297 ], [ -77.168497854416941, 35.673002281663116 ], [ -77.168586891393531, 35.673077915306145 ], [ -77.16858709029917, 35.673078084045997 ], [ -77.168655329430621, 35.673135897636591 ], [ -77.168658784439302, 35.673139121888745 ], [ -77.168659926608925, 35.673143707554893 ], [ -77.168687987929459, 35.673284949781625 ], [ -77.168688721088401, 35.673289982933802 ], [ -77.16868737847858, 35.67329488880182 ], [ -77.168575908511372, 35.673632837330523 ], [ -77.168570530825733, 35.673652438159344 ], [ -77.168567170286281, 35.673672483576979 ], [ -77.168565861600001, 35.673692766558361 ], [ -77.168566618282753, 35.673713077624917 ], [ -77.168601294881981, 35.67410578801973 ], [ -77.168603903357663, 35.674124829779686 ], [ -77.168608327549833, 35.674143533236361 ], [ -77.168688677136316, 35.674422597636401 ], [ -77.16869425576887, 35.674439200920112 ], [ -77.168701265681349, 35.674455252440247 ], [ -77.168709653109417, 35.674470629085576 ], [ -77.168944608470298, 35.67485980197015 ], [ -77.168955796407559, 35.674876395937503 ], [ -77.168968586746473, 35.674891788693039 ], [ -77.169216990672496, 35.675162000019256 ], [ -77.169467376384915, 35.675434365766485 ], [ -77.169479487460933, 35.675446458039083 ], [ -77.169492588004886, 35.675457470621296 ], [ -77.169752864783106, 35.675657902679404 ], [ -77.169753118449307, 35.675658097697799 ], [ -77.17001293578042, 35.675857514603727 ], [ -77.170036115958965, 35.675872869619631 ], [ -77.170436523306094, 35.676099735499015 ], [ -77.170437459428982, 35.67610026257843 ], [ -77.170511764574471, 35.6761418372907 ], [ -77.170530711044776, 35.676151160728658 ], [ -77.170805421265669, 35.676268762219074 ], [ -77.170820192051139, 35.67627440556155 ], [ -77.170835362491147, 35.67627886439189 ], [ -77.17116443479307, 35.67636160333366 ], [ -77.171175350931591, 35.676365023194045 ], [ -77.171582511919624, 35.676518686376156 ], [ -77.171585932761388, 35.676520124856935 ], [ -77.171589237273665, 35.6765218135194 ], [ -77.171619514428144, 35.676538733615494 ], [ -77.171880512358285, 35.676686464533866 ], [ -77.171884814513348, 35.676689201113781 ], [ -77.171888082115927, 35.676693116488721 ], [ -77.172128674184364, 35.677013577086477 ], [ -77.172129310877168, 35.677014420490117 ], [ -77.172421645932616, 35.677399545945498 ], [ -77.172451853864075, 35.677439817047912 ], [ -77.172454714585569, 35.677444078739882 ], [ -77.172454525227835, 35.677449213977219 ], [ -77.17243353118424, 35.677683964922089 ], [ -77.172431726582673, 35.677695924541958 ], [ -77.17239597589797, 35.677863385693598 ], [ -77.172394786486038, 35.677867902179671 ], [ -77.172392016480288, 35.677871662554061 ], [ -77.172277135939112, 35.678013127312049 ], [ -77.172273831062569, 35.678016805862732 ], [ -77.172269588572263, 35.678019346574736 ], [ -77.17185444510072, 35.678240625975462 ], [ -77.171849930455153, 35.678242747283583 ], [ -77.171844945433818, 35.678242924862111 ], [ -77.171652396944822, 35.678240065542198 ], [ -77.171648011129648, 35.678239806899597 ], [ -77.171643755505428, 35.678238785885291 ], [ -77.17135003702478, 35.678154585953301 ], [ -77.171345971810695, 35.678153326362093 ], [ -77.170836775776564, 35.677983595346824 ], [ -77.17082713116514, 35.677980648504445 ], [ -77.17046618614458, 35.677880241043091 ], [ -77.170445917478091, 35.677875721761694 ], [ -77.170425289457654, 35.677873328538247 ], [ -77.170404524475373, 35.677873087174241 ], [ -77.170383846399957, 35.677875000271854 ], [ -77.170363478163139, 35.677879047205842 ], [ -77.170129749246797, 35.677938248589015 ], [ -77.170111306384456, 35.677943878953016 ], [ -77.170093491469402, 35.677951259262734 ], [ -77.169792474995688, 35.67809333243509 ], [ -77.169772663901313, 35.678104087609228 ], [ -77.169754188948161, 35.678117003852378 ], [ -77.169574178042424, 35.678258601952479 ], [ -77.169558742616303, 35.678272079147533 ], [ -77.169544767207412, 35.678287064977908 ], [ -77.169532398518101, 35.678303402134659 ], [ -77.169521766384733, 35.678320919123721 ], [ -77.169512982414702, 35.678339432066124 ], [ -77.169434812581571, 35.678528647007987 ], [ -77.169427270403219, 35.67855036364125 ], [ -77.169422270148303, 35.678572802314676 ], [ -77.169358027697655, 35.678966493518864 ], [ -77.169355789750242, 35.678986497795172 ], [ -77.169355573924008, 35.679006625708581 ], [ -77.169357382405181, 35.679026673373656 ], [ -77.169361196874775, 35.679046437717837 ], [ -77.169366978694157, 35.679065718538453 ], [ -77.169374669296488, 35.679084320530684 ], [ -77.169488204013405, 35.679324005606169 ], [ -77.169496468527342, 35.679339628664238 ], [ -77.169639354382312, 35.679583063769968 ], [ -77.169649819518625, 35.679599084733738 ], [ -77.169661767890773, 35.679614032200455 ], [ -77.169675090114296, 35.679627769329656 ], [ -77.170124886239435, 35.680049216905076 ], [ -77.170134379517336, 35.680059448265055 ], [ -77.170391574162295, 35.680378757961613 ], [ -77.170394731295431, 35.680383146658833 ], [ -77.170396865433617, 35.68038811391235 ], [ -77.170496220869552, 35.680659170362048 ], [ -77.170497730442349, 35.680664051860404 ], [ -77.170498211124738, 35.680669138783131 ], [ -77.170511910959803, 35.680989118199861 ], [ -77.170512107457625, 35.680992878871834 ], [ -77.170535690646275, 35.681375127156983 ], [ -77.170535752782627, 35.681379980037214 ], [ -77.1705348721826, 35.681384752757133 ], [ -77.170463698257208, 35.681686999388674 ], [ -77.170462101753699, 35.68169295069292 ], [ -77.170444102621516, 35.681752632281921 ], [ -77.170407099087171, 35.681873645379795 ], [ -77.170406883036392, 35.68187435665763 ], [ -77.170373449819863, 35.681985164872685 ], [ -77.170371759704253, 35.681989889686378 ], [ -77.170369156156767, 35.681994179429232 ], [ -77.170219149268306, 35.682215343179116 ], [ -77.170215750193691, 35.682219793713777 ], [ -77.170211872950802, 35.682223834500164 ], [ -77.170077433345469, 35.682349026898052 ], [ -77.17006418741795, 35.682362589467331 ], [ -77.170052285134574, 35.682377345263887 ], [ -77.170041833436741, 35.682393161707665 ], [ -77.170032926232395, 35.68240989668876 ], [ -77.170025643552293, 35.682427399844244 ], [ -77.170020050830942, 35.682445513909201 ], [ -77.170016198318621, 35.682464076129712 ], [ -77.169993216171207, 35.68260904018473 ], [ -77.169990970104621, 35.682630958627946 ], [ -77.169991148671656, 35.682652991128528 ], [ -77.169993749705128, 35.6826748702874 ], [ -77.17007324845909, 35.683128636500577 ], [ -77.170078117584424, 35.683149673783049 ], [ -77.170085226352342, 35.683170063512179 ], [ -77.170129910925866, 35.683278932596835 ], [ -77.170133504216153, 35.683289264003314 ], [ -77.170153676332532, 35.683359426456114 ], [ -77.17015476349215, 35.683364020369432 ], [ -77.170154512974506, 35.683368734518304 ], [ -77.170135590686527, 35.683556062940859 ], [ -77.170134643149098, 35.6835619222988 ], [ -77.170133004916877, 35.683567627217215 ], [ -77.170066902673454, 35.683754916826288 ], [ -77.170060404202601, 35.6837774655991 ], [ -77.170026942542961, 35.683925783505885 ], [ -77.170025817493169, 35.683929927351741 ], [ -77.170023667578249, 35.683933644213695 ], [ -77.169907182290174, 35.68411633388758 ], [ -77.169897943263891, 35.684132424833642 ], [ -77.169890235206722, 35.684149302748402 ], [ -77.169884124461561, 35.684166822364425 ], [ -77.169879663623306, 35.684184832891177 ], [ -77.169858357428623, 35.684291923727969 ], [ -77.169855555948317, 35.684310550490331 ], [ -77.169854519238939, 35.684329358196251 ], [ -77.169855256496234, 35.684348180019221 ], [ -77.169857761180651, 35.684366849007517 ], [ -77.169862011075338, 35.684385199565092 ], [ -77.169895475103331, 35.684503944372182 ], [ -77.169901334531147, 35.684521559777259 ], [ -77.169908802048397, 35.684538555999673 ], [ -77.169917813315834, 35.684554786601936 ], [ -77.169928290693377, 35.684570111743042 ], [ -77.169940143909187, 35.684584399383347 ], [ -77.169953270837297, 35.684597526422188 ], [ -77.170115849740284, 35.684745670166031 ], [ -77.170135089861859, 35.684761140476944 ], [ -77.170319278473173, 35.684891374593214 ], [ -77.170322826569247, 35.68489413350467 ], [ -77.170324802774473, 35.684898170234987 ], [ -77.170403089356384, 35.685078393003458 ], [ -77.170411813182653, 35.685096043628782 ], [ -77.170422230230457, 35.685112750957529 ], [ -77.170434239545671, 35.685128353074923 ], [ -77.170447724743099, 35.685142698777049 ], [ -77.170773643743587, 35.685456881629143 ], [ -77.170786851778971, 35.685468536580757 ], [ -77.171038662603536, 35.68567173417901 ], [ -77.171296811155685, 35.685881853230576 ], [ -77.171297173331567, 35.685882147320669 ], [ -77.171551308115625, 35.686088015675985 ], [ -77.171558812093693, 35.686093805445736 ], [ -77.17185986556008, 35.686314907545864 ], [ -77.171860117270811, 35.686315092107094 ], [ -77.172147534732176, 35.686525489843824 ], [ -77.172166636235247, 35.686537867558862 ], [ -77.172187020418022, 35.686547994766862 ], [ -77.172493527541107, 35.686679091010966 ], [ -77.172497846079693, 35.686681191488468 ], [ -77.172501047966406, 35.686684770552787 ], [ -77.17265671747252, 35.686876762648026 ], [ -77.172671703420548, 35.6868932719143 ], [ -77.172688433877028, 35.686908010514529 ], [ -77.172706700909814, 35.68692079527203 ], [ -77.172798818310909, 35.686977892820238 ], [ -77.172799164173554, 35.686978106711457 ], [ -77.172849628110754, 35.687009244152925 ], [ -77.172867106261478, 35.687018859589671 ], [ -77.172885455344939, 35.687026686051986 ], [ -77.172904492814197, 35.687032645677846 ], [ -77.172924029273872, 35.687036679177552 ], [ -77.172943870364321, 35.687038746423603 ], [ -77.173242834974516, 35.68705488332612 ], [ -77.173247140482033, 35.687055209084178 ], [ -77.173746334549946, 35.687103838863898 ], [ -77.173749649403732, 35.687104133966201 ], [ -77.174364149799985, 35.687153689919747 ], [ -77.174371797414011, 35.68715460434052 ], [ -77.174751887707743, 35.687214983613707 ], [ -77.175260322439783, 35.687296297122799 ], [ -77.175280066314272, 35.687298456006893 ], [ -77.175299926960903, 35.687298645943834 ], [ -77.1753197085133, 35.687296865060468 ], [ -77.175339215885103, 35.687293130919919 ], [ -77.175358256693968, 35.687287480348417 ], [ -77.175376643158785, 35.687279969072087 ], [ -77.175456574106335, 35.687242582419472 ], [ -77.1754725962507, 35.687234185149514 ], [ -77.17548779413265, 35.687224374561509 ], [ -77.175502043424672, 35.687213230911773 ], [ -77.175515227559288, 35.687200845361836 ], [ -77.175527238682605, 35.687187319232692 ], [ -77.175537978536639, 35.687172763175951 ], [ -77.17567280348473, 35.686971583862942 ], [ -77.175682041266555, 35.686956378183567 ], [ -77.175689891149972, 35.686940411699034 ], [ -77.175696291013125, 35.686923810763822 ], [ -77.175701190209196, 35.686906706753298 ], [ -77.175704549967264, 35.686889235024019 ], [ -77.175731321683941, 35.686706516280161 ], [ -77.17573313150973, 35.686688526837344 ], [ -77.175733309334063, 35.686670447459569 ], [ -77.175731853703695, 35.686652425898529 ], [ -77.175728776514589, 35.686634609433405 ], [ -77.175724102914742, 35.68661714366727 ], [ -77.175663320904789, 35.686425200809488 ], [ -77.175662180310496, 35.68642095800373 ], [ -77.175661804165358, 35.686416597796331 ], [ -77.175657183893009, 35.686307547810394 ], [ -77.175657198280604, 35.686303009839634 ], [ -77.175657967580449, 35.686298908396438 ], [ -77.175659910725173, 35.686290720584736 ], [ -77.175662435297752, 35.686273614934677 ], [ -77.175663472953673, 35.686256355154825 ], [ -77.175664916567627, 35.686170468469506 ], [ -77.175665188990052, 35.686166043729415 ], [ -77.175666990301181, 35.686162002696975 ], [ -77.175750591884153, 35.685994797575638 ], [ -77.17575322523642, 35.685990169058229 ], [ -77.175756783473162, 35.685986207156091 ], [ -77.175941853181783, 35.685801137189735 ], [ -77.176190012005051, 35.685553941246916 ], [ -77.17620847957717, 35.685532758522747 ], [ -77.176422818349806, 35.685248877581266 ], [ -77.176427366232232, 35.685243285399991 ], [ -77.176594592937136, 35.685052170039349 ], [ -77.176606697955165, 35.685036893501547 ], [ -77.176617258472646, 35.68502051120808 ], [ -77.176626174189991, 35.685003178751451 ], [ -77.176735163685464, 35.684763224825133 ], [ -77.176740386961185, 35.684750596081884 ], [ -77.176843399083211, 35.684475255795419 ], [ -77.176845162570274, 35.684471124446297 ], [ -77.176848560337007, 35.68446818623049 ], [ -77.177063712798414, 35.684298584141281 ], [ -77.177067087735992, 35.684296144993837 ], [ -77.177070654321255, 35.684293995781644 ], [ -77.177232298052999, 35.684205567088469 ], [ -77.177237073145363, 35.684203277512395 ], [ -77.177242326656312, 35.684202610962032 ], [ -77.177383360324939, 35.684192336879292 ], [ -77.177387956138588, 35.684192215983522 ], [ -77.177392282542925, 35.684193771086086 ], [ -77.177901175580331, 35.684403837534397 ], [ -77.177906730963329, 35.684406331375833 ], [ -77.178365853593675, 35.68462947481936 ], [ -77.178372014177555, 35.684632739311652 ], [ -77.178824658442366, 35.68489320500192 ], [ -77.178841745753616, 35.68490197363775 ], [ -77.179090352920824, 35.685014816338033 ], [ -77.179106989756136, 35.685021485763578 ], [ -77.179124156890509, 35.685026638920228 ], [ -77.179141716443738, 35.685030234419692 ], [ -77.179384915577799, 35.685068769386646 ], [ -77.179413241632957, 35.68507121162213 ], [ -77.179662735097523, 35.685074921403803 ], [ -77.179667913851645, 35.685075271102683 ], [ -77.179672498848106, 35.685077704123742 ], [ -77.179828730533671, 35.685171443203096 ], [ -77.179832729094031, 35.685174121014242 ], [ -77.179832190458441, 35.685178903171817 ], [ -77.179785044385838, 35.685467673131249 ], [ -77.179737423053936, 35.685753406012715 ], [ -77.179735311119401, 35.685770687036246 ], [ -77.179713017577143, 35.686055663503296 ], [ -77.179690151003967, 35.686335796530493 ], [ -77.179689857794187, 35.686364224282691 ], [ -77.17970797130755, 35.686661682110248 ], [ -77.179724827467084, 35.686953833244864 ], [ -77.179726995930594, 35.686973840155758 ], [ -77.179731163971212, 35.686993527871593 ], [ -77.179764395341181, 35.687118973390156 ], [ -77.1797668265189, 35.687131177254443 ], [ -77.179778826850068, 35.68721998049665 ], [ -77.179781628852012, 35.687235860972727 ], [ -77.179785701130314, 35.687251464090515 ], [ -77.179980656923206, 35.687891617311479 ], [ -77.179982919639457, 35.687900485472397 ], [ -77.179991904875621, 35.687943913905244 ], [ -77.179997103440243, 35.687963818174424 ], [ -77.180051974335882, 35.688136945644963 ], [ -77.180141656925414, 35.688419351537256 ], [ -77.180152225426269, 35.688445890931924 ], [ -77.180322941104492, 35.688798896315724 ], [ -77.180496420700194, 35.689158667840815 ], [ -77.180500915046892, 35.689169597617223 ], [ -77.180632929158961, 35.689553820424564 ], [ -77.180685086515538, 35.689706564671106 ], [ -77.180694244429404, 35.689728881874977 ], [ -77.180700824406586, 35.689742512401416 ], [ -77.180702757347987, 35.689747085230948 ], [ -77.180704225809052, 35.689751827662299 ], [ -77.18071193294459, 35.6897819535629 ], [ -77.180716710224161, 35.689797848516797 ], [ -77.18076553150857, 35.689938785078681 ], [ -77.180766798418546, 35.689943048140186 ], [ -77.180767285215154, 35.689947450961853 ], [ -77.180785968428836, 35.690230655131963 ], [ -77.180803655011175, 35.690513627966808 ], [ -77.18080370111052, 35.690518986774627 ], [ -77.1808031712456, 35.690524319937317 ], [ -77.180744997755937, 35.690901961035344 ], [ -77.180689732819104, 35.691259775768977 ], [ -77.180687487054868, 35.691284046823043 ], [ -77.180688210474045, 35.69130841081671 ], [ -77.180712990811287, 35.69158100015602 ], [ -77.180739991570476, 35.691878000294821 ], [ -77.1807669887027, 35.692174969337159 ], [ -77.180793944813416, 35.692470496143258 ], [ -77.180805240439184, 35.692601662005082 ], [ -77.180808013118991, 35.692621808352797 ], [ -77.180812817321993, 35.692641568988243 ], [ -77.180871336454771, 35.692838132607264 ], [ -77.180877535081777, 35.692855862655144 ], [ -77.180885369599906, 35.692872933035936 ], [ -77.180894770913099, 35.692889193198447 ], [ -77.180905656107058, 35.692904499737161 ], [ -77.180917929180438, 35.692918717656994 ], [ -77.181032760954267, 35.693039756792679 ], [ -77.181053549844933, 35.693061816864223 ], [ -77.181068309247379, 35.693075955952722 ], [ -77.181084434635778, 35.693088514839339 ], [ -77.18110175759908, 35.693099362361018 ], [ -77.181120097218951, 35.69310838522793 ], [ -77.181255073528902, 35.693166424935953 ], [ -77.181273235060047, 35.693173211439223 ], [ -77.181291968368441, 35.6931782075374 ], [ -77.181311097408823, 35.693181366279902 ], [ -77.181539909614159, 35.693207833891819 ], [ -77.181560139153291, 35.693209139723557 ], [ -77.181762435573347, 35.693211923596138 ], [ -77.181767952912622, 35.693212306614356 ], [ -77.181773393772175, 35.693213298977973 ], [ -77.181950496324546, 35.693255880777464 ], [ -77.181951486590407, 35.693256116208907 ], [ -77.182185618360833, 35.693311150944183 ], [ -77.182202094272697, 35.693314301131615 ], [ -77.182218776214341, 35.693316059589826 ], [ -77.182450984658644, 35.69333072555164 ], [ -77.18246882281305, 35.69333105482859 ], [ -77.182486619336316, 35.693329793109243 ], [ -77.182504232608963, 35.693326950433985 ], [ -77.182521522469784, 35.693322549423989 ], [ -77.182789627609324, 35.693241412892171 ], [ -77.182792366575612, 35.693240626423147 ], [ -77.183077767800626, 35.693163060548549 ], [ -77.183078213808756, 35.693162938779437 ], [ -77.183310652556969, 35.693099189587862 ], [ -77.183315008635446, 35.693098203108811 ], [ -77.183319470052069, 35.693098413637237 ], [ -77.183493920133216, 35.693114531350766 ], [ -77.183498928106189, 35.693115252649598 ], [ -77.183503686683096, 35.693116971954929 ], [ -77.183593968917876, 35.693154890512467 ], [ -77.183598846936789, 35.693157259421426 ], [ -77.18360343855484, 35.693160144528107 ], [ -77.183759745065984, 35.693270664342464 ], [ -77.183774837389635, 35.693280350981603 ], [ -77.183790736742097, 35.693288646751732 ], [ -77.183807315288931, 35.693295484952955 ], [ -77.183824439734792, 35.693300810604555 ], [ -77.1838419723952, 35.693304580887059 ], [ -77.184060650082799, 35.693341436396594 ], [ -77.184067286217925, 35.693342787456935 ], [ -77.184242942758829, 35.693384792544983 ], [ -77.18424788826411, 35.693386250167151 ], [ -77.184252427176119, 35.693388695767872 ], [ -77.184439295561234, 35.693502267143224 ], [ -77.184455706496436, 35.69351121875615 ], [ -77.184472881521145, 35.69351859904711 ], [ -77.184490670589966, 35.693524343539998 ], [ -77.184508918293091, 35.693528402049466 ], [ -77.184527465213932, 35.693530739119346 ], [ -77.184894562325425, 35.693559651363529 ], [ -77.184898940203155, 35.693560192618165 ], [ -77.184903021030181, 35.693561867617476 ], [ -77.185280093397552, 35.693736584185473 ], [ -77.185724158495105, 35.693947701919292 ], [ -77.185728841290882, 35.693950243936989 ], [ -77.185733227333245, 35.693953272814554 ], [ -77.185922921789938, 35.694099855315748 ], [ -77.185926797925376, 35.694103182253762 ], [ -77.185929913044191, 35.694107230583889 ], [ -77.186087042263026, 35.694334730048908 ], [ -77.186089755201849, 35.694339129679378 ], [ -77.186091997804454, 35.694343786665229 ], [ -77.18619398406824, 35.694587108383537 ], [ -77.186202283177906, 35.694604505747428 ], [ -77.186212218507421, 35.694621023396152 ], [ -77.186223697771595, 35.694636507904072 ], [ -77.186236614344281, 35.694650815442003 ], [ -77.186250848248775, 35.694663813113117 ], [ -77.186266267272217, 35.694675380187419 ], [ -77.186457777317344, 35.694805112908639 ], [ -77.186472602447083, 35.694814240507313 ], [ -77.186935713234632, 35.695072273730304 ], [ -77.186956869258736, 35.695082482167074 ], [ -77.187409195835372, 35.695268844659438 ], [ -77.187429311032162, 35.695275903522976 ], [ -77.187450063290413, 35.695280781275983 ], [ -77.187817465981823, 35.695346702756758 ], [ -77.187837145487848, 35.695349233825176 ], [ -77.187856978941923, 35.695349802476478 ], [ -77.18787677113859, 35.695348403113869 ], [ -77.188334930996845, 35.695293061044865 ], [ -77.188351840666456, 35.695290278962112 ], [ -77.188368450097371, 35.695286059517215 ], [ -77.188818285105555, 35.695151023020458 ], [ -77.188836369809067, 35.695144633914005 ], [ -77.188853759336212, 35.695136541848264 ], [ -77.188870293756736, 35.695126821245381 ], [ -77.188885821004732, 35.695115561505069 ], [ -77.18890019827721, 35.695102866182367 ], [ -77.188913293347383, 35.695088852035248 ], [ -77.189028219774414, 35.69495338268738 ], [ -77.189040200814006, 35.694937762431685 ], [ -77.189050588177921, 35.694921039980656 ], [ -77.189059281228793, 35.694903377348794 ], [ -77.189066195744502, 35.694884945659503 ], [ -77.189071264734153, 35.694865923487143 ], [ -77.189074439087136, 35.694846495126924 ], [ -77.189075688048916, 35.694826848809406 ], [ -77.189074999518994, 35.6948071748768 ], [ -77.189059115768075, 35.694619017331476 ], [ -77.189056733420131, 35.694600813528595 ], [ -77.18905269184954, 35.694582904879063 ], [ -77.189047025111975, 35.694565442287434 ], [ -77.189039780957359, 35.694548572899635 ], [ -77.188897245019064, 35.694254648076026 ], [ -77.188895275924793, 35.694249989203982 ], [ -77.188896882062167, 35.694245193086438 ], [ -77.189000050487167, 35.693982933705165 ], [ -77.189002221766174, 35.693978171632672 ], [ -77.189006160046176, 35.693974724643049 ], [ -77.189306692591856, 35.693738591932004 ], [ -77.18931008849458, 35.693736146901543 ], [ -77.189313832384968, 35.693734310970058 ], [ -77.189731229189746, 35.693550774636556 ], [ -77.189734737336224, 35.693549191591202 ], [ -77.19018661554864, 35.693340025917777 ], [ -77.190191036936682, 35.693338232722823 ], [ -77.190195808122894, 35.693338234620356 ], [ -77.190371011639996, 35.693346757992387 ], [ -77.190375954867392, 35.693347246273881 ], [ -77.190380824949131, 35.693348224138674 ], [ -77.190604104295787, 35.693404762156163 ], [ -77.190608892357957, 35.693406234932006 ], [ -77.190613288499051, 35.693408636713173 ], [ -77.190970820241105, 35.693628054128702 ], [ -77.190977007712064, 35.693632175751048 ], [ -77.19128938059724, 35.693857462896418 ], [ -77.191304403915723, 35.693867303709098 ], [ -77.191320249450186, 35.693875757153954 ], [ -77.191683748258242, 35.69404918500075 ], [ -77.19170152363408, 35.694056636737912 ], [ -77.191719933762059, 35.694062342836425 ], [ -77.19173880766165, 35.694066250301994 ], [ -77.191757970045089, 35.694068322844778 ], [ -77.192013502379879, 35.694083553712233 ], [ -77.192028492262551, 35.694083884164229 ], [ -77.192472345008767, 35.694077025577464 ], [ -77.192475637847437, 35.694077028919359 ], [ -77.192755984717806, 35.694081930150915 ], [ -77.192759975578056, 35.694082160066316 ], [ -77.192763935228555, 35.694082708696783 ], [ -77.192921884230017, 35.694111082722621 ], [ -77.19292687507911, 35.694112249312894 ], [ -77.192930971843083, 35.694115329253151 ], [ -77.19298178820695, 35.694157830690294 ], [ -77.193021807050954, 35.694191481394782 ], [ -77.193025750984631, 35.694195184042385 ], [ -77.193028292293477, 35.694199960976761 ], [ -77.193088283537676, 35.694329317135207 ], [ -77.193089836819098, 35.694333056988171 ], [ -77.193091081711955, 35.694336910483173 ], [ -77.193132735780082, 35.694486323452338 ], [ -77.193140632564408, 35.694509197671877 ], [ -77.193195812419646, 35.694642319070255 ], [ -77.193204670701533, 35.694660918722157 ], [ -77.193215395336736, 35.694678508446685 ], [ -77.193227872532518, 35.694694901609729 ], [ -77.193241969900768, 35.694709924273184 ], [ -77.193257537862706, 35.694723417040514 ], [ -77.193512921463636, 35.694922681063559 ], [ -77.193530607222414, 35.694935006863538 ], [ -77.193549516862362, 35.694945357560421 ], [ -77.193791155415568, 35.6950611621468 ], [ -77.193794898869243, 35.695063156124377 ], [ -77.193798237861515, 35.695065746631151 ], [ -77.194005031631761, 35.695240650821923 ], [ -77.19400877660847, 35.695244166967548 ], [ -77.19401126553241, 35.695248660673052 ], [ -77.194087846451637, 35.695405605418216 ], [ -77.194089761996523, 35.695410072836765 ], [ -77.194090772922081, 35.695414827326282 ], [ -77.194118759154051, 35.695587571090087 ], [ -77.194119180771921, 35.695590435622542 ], [ -77.194145202551496, 35.695786938948281 ], [ -77.194149085111945, 35.695807735079214 ], [ -77.194155142631203, 35.695828004756024 ], [ -77.194202790673387, 35.695961298287664 ], [ -77.194210332530318, 35.695979510459139 ], [ -77.19421963056655, 35.695996891751328 ], [ -77.194230594460322, 35.696013273321135 ], [ -77.1942431177076, 35.696028496036845 ], [ -77.194257078656676, 35.696042412023935 ], [ -77.194272341689924, 35.696054886101543 ], [ -77.194288758541163, 35.696065797095592 ], [ -77.194504608656999, 35.696194388883022 ], [ -77.194508813620445, 35.696197193931098 ], [ -77.194511978155489, 35.696201135470396 ], [ -77.194635934658038, 35.696372768004728 ], [ -77.194638730882957, 35.696377099024104 ], [ -77.194639530757499, 35.69638219184273 ], [ -77.194693344956491, 35.696899783817052 ], [ -77.194693857814727, 35.696912247700503 ], [ -77.194687991132326, 35.697186999808594 ], [ -77.194682481681554, 35.697445020010278 ], [ -77.194683301754182, 35.697467877524346 ], [ -77.194686726197773, 35.69749049193689 ], [ -77.194749991354726, 35.697790999559075 ], [ -77.194809840517053, 35.69807528446055 ], [ -77.194814789841431, 35.698094168874285 ], [ -77.194821556718679, 35.698112480790236 ], [ -77.194830076674535, 35.698130045733905 ], [ -77.194840268531507, 35.69814669634787 ], [ -77.195142635226048, 35.698590476509764 ], [ -77.195143341578017, 35.698591527452834 ], [ -77.195321990673733, 35.698860999436498 ], [ -77.1954983573699, 35.699127026622904 ], [ -77.195500790823672, 35.699131106801339 ], [ -77.195502824889374, 35.699135400066766 ], [ -77.195635890763796, 35.699454757323444 ], [ -77.195636093190615, 35.699455241357299 ], [ -77.195770223397346, 35.699774789303618 ], [ -77.195771776212283, 35.699779020199692 ], [ -77.195770897239058, 35.699783434250541 ], [ -77.195699138111877, 35.70007435168732 ], [ -77.195697781427015, 35.70007890291302 ], [ -77.195695191055719, 35.700082883393343 ], [ -77.195475543151019, 35.70038746115965 ], [ -77.195472846771068, 35.70039087573052 ], [ -77.195469863098054, 35.700394042345913 ], [ -77.195184890663967, 35.700671206515807 ], [ -77.195180820840093, 35.700674755348679 ], [ -77.195176080968793, 35.70067734210344 ], [ -77.194879039246857, 35.700819068487014 ], [ -77.194874941745553, 35.700820802487918 ], [ -77.194870505097185, 35.700820985266013 ], [ -77.194316590121261, 35.700819150522271 ], [ -77.194298678395, 35.70081989465649 ], [ -77.194280905259546, 35.700822239721447 ], [ -77.19426341351479, 35.700826166875508 ], [ -77.194246343699774, 35.700831644565575 ], [ -77.194229832963472, 35.700838628780666 ], [ -77.193910561625174, 35.700990897067413 ], [ -77.193891563463595, 35.70100125458135 ], [ -77.193873795435593, 35.70101360388977 ], [ -77.193857465519557, 35.70102780044148 ], [ -77.193620710490435, 35.701257258378732 ], [ -77.193605953328955, 35.7012732041009 ], [ -77.193593012906902, 35.701290656474598 ], [ -77.193582041934164, 35.701309409544415 ], [ -77.193573169879144, 35.701329242005436 ], [ -77.193507336387498, 35.701500853839889 ], [ -77.193501003705109, 35.701520273935856 ], [ -77.193496684888757, 35.70154023867525 ], [ -77.193444934542597, 35.701856983218782 ], [ -77.193442820310068, 35.7018750584987 ], [ -77.193442357842699, 35.701893251130372 ], [ -77.193449895424266, 35.702268263116331 ], [ -77.193450310055766, 35.702277727350214 ], [ -77.193472222033861, 35.702602010961826 ], [ -77.193474608392918, 35.70262212044566 ], [ -77.193479016051995, 35.702641885530817 ], [ -77.193485399823103, 35.702661103582649 ], [ -77.193493694258862, 35.702679577574784 ], [ -77.193563723217039, 35.702816538106894 ], [ -77.193574158301416, 35.702834564326992 ], [ -77.193586411565519, 35.702851407518949 ], [ -77.193600350111822, 35.702866885003367 ], [ -77.193615822764357, 35.702880828913159 ], [ -77.193632661708463, 35.7028930880142 ], [ -77.193776777440661, 35.702986930364396 ], [ -77.193794665509287, 35.702997302784738 ], [ -77.193813528931543, 35.70300577281445 ], [ -77.193833166071556, 35.703012249915254 ], [ -77.194064576977595, 35.703075519417744 ], [ -77.19406985762663, 35.703077286966639 ], [ -77.194074612391958, 35.703080185534098 ], [ -77.194330346204225, 35.703256486992743 ], [ -77.194333865872224, 35.703259150657033 ], [ -77.194336848518972, 35.703262380936195 ], [ -77.194641740599806, 35.703623153284163 ], [ -77.194644694803344, 35.70362702891908 ], [ -77.194642546821626, 35.703631403166341 ], [ -77.194478990831612, 35.703925999906218 ], [ -77.194325654811095, 35.704202189889187 ], [ -77.194317923673879, 35.704217654938837 ], [ -77.194311557116734, 35.704233729925413 ], [ -77.194306602719863, 35.704250294713212 ], [ -77.194239011112799, 35.704517921816105 ], [ -77.194172167213651, 35.70478348853559 ], [ -77.194168341948, 35.704802562053004 ], [ -77.194166387798433, 35.704821916975462 ], [ -77.194166323252759, 35.704841370190053 ], [ -77.194184985585409, 35.705252746524287 ], [ -77.194186649138004, 35.705270961333561 ], [ -77.194189969791978, 35.705288947993651 ], [ -77.194194919774517, 35.705306556070113 ], [ -77.194201457685608, 35.705323638294871 ], [ -77.194209528844326, 35.705340051797876 ], [ -77.194219065746211, 35.705355659302057 ], [ -77.194229988627754, 35.705370330271442 ], [ -77.194445630054886, 35.705633892063275 ], [ -77.194448754939287, 35.705638153973695 ], [ -77.194451410824712, 35.705642722896577 ], [ -77.194591863106794, 35.705916847545708 ], [ -77.194593766854439, 35.705921033437775 ], [ -77.194593157097415, 35.705925591303981 ], [ -77.194517816594413, 35.70634045749582 ], [ -77.194516786225776, 35.706344942774912 ], [ -77.194514956054988, 35.70634914394924 ], [ -77.194378518834398, 35.706626890119786 ], [ -77.194375251831389, 35.706632996694992 ], [ -77.194211067944067, 35.706915867974693 ], [ -77.194050452846668, 35.707191622699312 ], [ -77.194040575597242, 35.707210913712792 ], [ -77.193886033291761, 35.707557905063524 ], [ -77.193885948799121, 35.707558095039147 ], [ -77.193738995595112, 35.707888971796493 ], [ -77.193731937947106, 35.707907220534487 ], [ -77.193726697205733, 35.707926071567975 ], [ -77.193723323528417, 35.707945344479931 ], [ -77.193690763532402, 35.708205819276102 ], [ -77.193689305034724, 35.708224762609838 ], [ -77.193689650646604, 35.708243758863709 ], [ -77.193691797249073, 35.70826263660738 ], [ -77.193695725470306, 35.708281225480036 ], [ -77.193793792526435, 35.708656241408271 ], [ -77.193794195219198, 35.708657757034423 ], [ -77.193871906712573, 35.708945688613461 ], [ -77.193947686692709, 35.709230105750386 ], [ -77.193948726136526, 35.709234988677665 ], [ -77.193947266430243, 35.709239763209318 ], [ -77.193807745099321, 35.70962515385515 ], [ -77.193805767701122, 35.709629845568543 ], [ -77.193802076279766, 35.709633352088986 ], [ -77.193621573418696, 35.709787932248297 ], [ -77.19361792428785, 35.709790770420732 ], [ -77.193613321528034, 35.709790339165352 ], [ -77.19330489552128, 35.709746694032589 ], [ -77.193300073357349, 35.70974576613591 ], [ -77.193295734195118, 35.709743467021518 ], [ -77.193179410683612, 35.709674249473927 ], [ -77.193178571486925, 35.709673752881557 ], [ -77.192978041874511, 35.709555749105341 ], [ -77.192961360668733, 35.709546963917859 ], [ -77.192943926355056, 35.709539788483916 ], [ -77.192925893855744, 35.709534286564818 ], [ -77.192907423408542, 35.709530507050893 ], [ -77.192888679142825, 35.709528483527116 ], [ -77.192869827621166, 35.70952823397463 ], [ -77.192851036359187, 35.70952976061097 ], [ -77.192703322465903, 35.709548804093679 ], [ -77.192683914119783, 35.709552286313915 ], [ -77.192664942999812, 35.70955766277779 ], [ -77.192646593509892, 35.709564881224772 ], [ -77.192629044011554, 35.709573871489788 ], [ -77.192612465090207, 35.709584546185269 ], [ -77.192597017896986, 35.709596801550575 ], [ -77.192582852582404, 35.709610518460565 ], [ -77.192462025652873, 35.709739656001005 ], [ -77.19245005617563, 35.709753694091923 ], [ -77.192439431129188, 35.709768775364097 ], [ -77.192430240915812, 35.709784771499891 ], [ -77.192314562515605, 35.710009518693724 ], [ -77.192307522544624, 35.710024731353002 ], [ -77.192301781202147, 35.710040480104702 ], [ -77.192297378819092, 35.710056654319281 ], [ -77.192248023215583, 35.710273465782016 ], [ -77.192246802225341, 35.710277872011709 ], [ -77.19224316109198, 35.71028063748161 ], [ -77.191978009688228, 35.710463232718297 ], [ -77.191973905690674, 35.710465773128888 ], [ -77.191969143809914, 35.710466561147058 ], [ -77.191642485704975, 35.710504363905223 ], [ -77.191637007161887, 35.710504692570133 ], [ -77.191631589972815, 35.710503811366657 ], [ -77.191442928492563, 35.710462306023992 ], [ -77.191437114389032, 35.710460651022196 ], [ -77.191431543823725, 35.710458303335017 ], [ -77.191153385732562, 35.710320620312153 ], [ -77.191137722125674, 35.710313685665348 ], [ -77.191121522563876, 35.71030811681409 ], [ -77.190847362236894, 35.710226819595213 ], [ -77.190829679404089, 35.710222441409648 ], [ -77.190811671553661, 35.710219690335663 ], [ -77.190793488083727, 35.710218589196941 ], [ -77.190732580598123, 35.710217680051215 ], [ -77.190714663467375, 35.710218215974635 ], [ -77.190696866282991, 35.710220353968097 ], [ -77.190679332005644, 35.7102240768576 ], [ -77.190662201484159, 35.710229354738019 ], [ -77.190645612324062, 35.710236145213372 ], [ -77.190352214469925, 35.710371896216074 ], [ -77.190021615323403, 35.710523873763243 ], [ -77.190012480283315, 35.710528358113727 ], [ -77.189711591443839, 35.710685685944362 ], [ -77.189710386847338, 35.710686305447339 ], [ -77.189375578512227, 35.710855634051846 ], [ -77.189351422124474, 35.710870069685896 ], [ -77.188924359462973, 35.711167952723166 ], [ -77.18891988074293, 35.711170734604558 ], [ -77.188914754963932, 35.711171969184967 ], [ -77.188654937489574, 35.711220083898084 ], [ -77.188649995527371, 35.71122074415608 ], [ -77.1886450806537, 35.711219905736179 ], [ -77.188377286869496, 35.711160230404353 ], [ -77.188356774807318, 35.711156767854071 ], [ -77.188336014041496, 35.711155454632348 ], [ -77.18831522916922, 35.711156304946073 ], [ -77.188294645048487, 35.711159309596262 ], [ -77.188274484365493, 35.711164436077553 ], [ -77.188254965225553, 35.71117162892989 ], [ -77.188236298793512, 35.711180810338483 ], [ -77.188218687009339, 35.711191880975662 ], [ -77.188164308753684, 35.711230147184374 ], [ -77.188147599958384, 35.711243286441523 ], [ -77.188132380008, 35.711258124804949 ], [ -77.188118820820961, 35.711274494666469 ], [ -77.188107075556431, 35.71129221111871 ], [ -77.188034649881985, 35.711415182425831 ], [ -77.18803142439539, 35.711420869551311 ], [ -77.187868167606283, 35.711720012504742 ], [ -77.187865839654947, 35.711723852495503 ], [ -77.187862062932481, 35.711726281745101 ], [ -77.187652501481523, 35.71184799176816 ], [ -77.187637454505804, 35.711857655366153 ], [ -77.187623330879532, 35.711868624403728 ], [ -77.187198888186941, 35.712229813735938 ], [ -77.187183223265237, 35.712244674669634 ], [ -77.187169251724185, 35.712261137754489 ], [ -77.187157136415067, 35.712279011097969 ], [ -77.187048838338015, 35.712458988301677 ], [ -77.187040352300357, 35.712474625867607 ], [ -77.18703328956191, 35.712490955718458 ], [ -77.187027706014774, 35.712507848625393 ], [ -77.186971511603403, 35.712707222192122 ], [ -77.186967530871627, 35.712724124193429 ], [ -77.186965031229207, 35.712741307780412 ], [ -77.186964031518684, 35.712758643421516 ], [ -77.186964539275991, 35.712776000439007 ], [ -77.186979457446839, 35.712980925086065 ], [ -77.186982087295021, 35.713001803186437 ], [ -77.186986896242345, 35.713022289406254 ], [ -77.187070012857532, 35.713307893811269 ], [ -77.187075728814122, 35.713324711980448 ], [ -77.187082914456099, 35.713340956657227 ], [ -77.187211121696208, 35.713599151133572 ], [ -77.187219657686185, 35.713614591852554 ], [ -77.18722952124773, 35.713629220218188 ], [ -77.187623690621251, 35.714161542891468 ], [ -77.187626715234003, 35.71416614003148 ], [ -77.187628654607238, 35.714171289867416 ], [ -77.187703724328642, 35.714409972646578 ], [ -77.1877048169478, 35.714414038785115 ], [ -77.187705208088573, 35.714418215898135 ], [ -77.187716746044444, 35.714642235179568 ], [ -77.18771676376042, 35.714646945066555 ], [ -77.187714617222653, 35.714651137407763 ], [ -77.187649832993301, 35.714764047000166 ], [ -77.187646728328289, 35.714768806472698 ], [ -77.187643101628169, 35.714773181237746 ], [ -77.187530325824937, 35.714894415664901 ], [ -77.18752683275234, 35.714897820344873 ], [ -77.187523023652616, 35.714900867336787 ], [ -77.187253798285752, 35.715095416527006 ], [ -77.18725217277337, 35.715096566702847 ], [ -77.186926968212006, 35.715321848783731 ], [ -77.18691172628786, 35.715333528909717 ], [ -77.186897674771444, 35.715346616937879 ], [ -77.186884943197228, 35.7153609922157 ], [ -77.186873648931723, 35.715376522224119 ], [ -77.186770126413606, 35.715534269856064 ], [ -77.186760050756405, 35.715551427032139 ], [ -77.186751729721649, 35.715569500436345 ], [ -77.186745245664227, 35.715588311192796 ], [ -77.186740662758055, 35.715607673127877 ], [ -77.186732206235959, 35.715653454527597 ], [ -77.186729567204992, 35.71567320765422 ], [ -77.18672890709513, 35.715693125353653 ], [ -77.18673023246042, 35.715713009867791 ], [ -77.186733530141652, 35.715732663768023 ], [ -77.186738767396918, 35.715751891915438 ], [ -77.186745892226767, 35.715770503398332 ], [ -77.186754833890433, 35.715788313427716 ], [ -77.186853670993017, 35.715962900441724 ], [ -77.186855779557476, 35.715967071700796 ], [ -77.18685664136504, 35.715971665472068 ], [ -77.18687725220471, 35.716119690016868 ], [ -77.186877701437382, 35.716124978095714 ], [ -77.186876456114547, 35.71613013704529 ], [ -77.186824599944913, 35.716303618461232 ], [ -77.186822706966041, 35.716308859341702 ], [ -77.186819694265211, 35.716313546967456 ], [ -77.186642865744432, 35.716557415227093 ], [ -77.186638956097397, 35.716562460052749 ], [ -77.186341484955562, 35.716921986742278 ], [ -77.186336617836417, 35.716928109089991 ], [ -77.186184660789678, 35.717127123487188 ], [ -77.186183331992368, 35.717128883819463 ], [ -77.185855785039536, 35.717567815965488 ], [ -77.185844244378089, 35.717585084373653 ], [ -77.185834556835644, 35.717603456534881 ], [ -77.185826826888658, 35.717622734312414 ], [ -77.185738114971642, 35.717882235748739 ], [ -77.185733389383444, 35.717898201827303 ], [ -77.185730008254438, 35.717914505655543 ], [ -77.185727995019818, 35.717931034228826 ], [ -77.185708102678362, 35.718180512657497 ], [ -77.185707477121284, 35.7181981070663 ], [ -77.18570840128109, 35.718215688319702 ], [ -77.18571086799659, 35.71823312018298 ], [ -77.185749759875506, 35.718441402502222 ], [ -77.185752663002717, 35.71845449907628 ], [ -77.18580477372187, 35.718657155334874 ], [ -77.185805215554794, 35.718658843049724 ], [ -77.18588856090058, 35.71897163126301 ], [ -77.185889682488295, 35.718977029377278 ], [ -77.185889586895669, 35.718982541950027 ], [ -77.185867410119585, 35.719286258351971 ], [ -77.185865914997748, 35.719297655310399 ], [ -77.185828995496166, 35.719491723283923 ], [ -77.185827719111344, 35.719496900995992 ], [ -77.185825368370104, 35.719501687631237 ], [ -77.185708311824143, 35.719710854199505 ], [ -77.185705811701226, 35.719714862338833 ], [ -77.185702599608163, 35.719718326188847 ], [ -77.185504928277595, 35.719912158320987 ], [ -77.185495400147104, 35.719922170239528 ], [ -77.185301991187757, 35.720139999822138 ], [ -77.185107331672569, 35.720359237561254 ], [ -77.185103819696522, 35.720362813413459 ], [ -77.185099966346428, 35.720366018470216 ], [ -77.185080188494766, 35.720380852048088 ], [ -77.184953595757008, 35.720475310086144 ], [ -77.184949899993171, 35.720477817164941 ], [ -77.184945669264678, 35.720479248392166 ], [ -77.184684718761815, 35.720554634275267 ], [ -77.184679958363645, 35.720555759086331 ], [ -77.184675069914789, 35.720555931308127 ], [ -77.184398553056965, 35.720552063243744 ], [ -77.184394032185779, 35.720551793467735 ], [ -77.184389752499158, 35.720550311800871 ], [ -77.184182735612609, 35.720467888422661 ], [ -77.184178149298873, 35.720465785268345 ], [ -77.184174775439388, 35.720462033654826 ], [ -77.184017559173938, 35.720268167065527 ], [ -77.18401512815025, 35.720264906120711 ], [ -77.184012970805753, 35.720261458004522 ], [ -77.183869054315608, 35.720009110523613 ], [ -77.183727463692293, 35.719760107007509 ], [ -77.183721407146763, 35.719747465972709 ], [ -77.183536852741639, 35.719280764683198 ], [ -77.183528128289879, 35.719261692611127 ], [ -77.183342248382658, 35.71890594168557 ], [ -77.183332410894891, 35.718889157241314 ], [ -77.183320989182533, 35.718873408012072 ], [ -77.183308091321763, 35.718858843022474 ], [ -77.183293839356551, 35.718845600091448 ], [ -77.183151579368257, 35.718725761764375 ], [ -77.183139655558236, 35.718716464570868 ], [ -77.183127063456226, 35.718708094742922 ], [ -77.182875195527458, 35.71855408081538 ], [ -77.182859358528333, 35.718545354789825 ], [ -77.182842798145955, 35.7185380947761 ], [ -77.182825649742455, 35.718532360116484 ], [ -77.18280805348634, 35.718528197685224 ], [ -77.182543949336292, 35.718478209340439 ], [ -77.182526915892083, 35.718475739083523 ], [ -77.182509733133884, 35.718474742483473 ], [ -77.182077259399392, 35.718468301296852 ], [ -77.182057079158113, 35.718469020246566 ], [ -77.182037074271648, 35.718471770436359 ], [ -77.181522657979514, 35.718569169336469 ], [ -77.181503549778611, 35.718573770142662 ], [ -77.181163120890005, 35.718673668163859 ], [ -77.181160853759195, 35.71867430455341 ], [ -77.180774709395891, 35.718777807329126 ], [ -77.180773274179842, 35.718778197752734 ], [ -77.180365665415778, 35.718890709558771 ], [ -77.180360973656548, 35.718891762893172 ], [ -77.180356176891991, 35.718891426488803 ], [ -77.180324519177589, 35.718887657585675 ], [ -77.180313569925957, 35.718885731227722 ], [ -77.180106202977697, 35.718837218800552 ], [ -77.180101116012679, 35.718835737713256 ], [ -77.180096756361408, 35.718832727020256 ], [ -77.179906586199309, 35.718685778190284 ], [ -77.179903131708201, 35.718682848903597 ], [ -77.17990027656559, 35.718679356979408 ], [ -77.179791696051481, 35.718533630859625 ], [ -77.179789178746205, 35.718529912241365 ], [ -77.179788146025473, 35.718525551458043 ], [ -77.179742253121915, 35.718283845754016 ], [ -77.179737683532593, 35.718264879679936 ], [ -77.179731287858019, 35.718246449040791 ], [ -77.179723126951927, 35.718228729200938 ], [ -77.17971327846395, 35.718211888761608 ], [ -77.179701836100733, 35.718196087956677 ], [ -77.179688908734406, 35.718181477128077 ], [ -77.179674619366622, 35.718168195295334 ], [ -77.179581030762506, 35.718089353894349 ], [ -77.179563304125793, 35.718076028184726 ], [ -77.179544211133489, 35.718064746968857 ], [ -77.179206846616111, 35.71788988298281 ], [ -77.179190011940562, 35.717882124698505 ], [ -77.179172531289439, 35.717875958329017 ], [ -77.179154554820343, 35.717871436843033 ], [ -77.178991484610663, 35.717838371788638 ], [ -77.178973792916636, 35.717835602495242 ], [ -77.178955924434661, 35.717834426750542 ], [ -77.178938022409682, 35.717834853980051 ], [ -77.178678338542099, 35.717852707539421 ], [ -77.178656439012798, 35.71785543358267 ], [ -77.17863497314346, 35.717860555803703 ], [ -77.178614202292124, 35.717868011836828 ], [ -77.178243316174928, 35.718024749791432 ], [ -77.178237897096267, 35.718026679183595 ], [ -77.178232291653046, 35.718027970684581 ], [ -77.177873153844587, 35.718089121145759 ], [ -77.177868032424684, 35.718089719446979 ], [ -77.177863297926933, 35.718087677037232 ], [ -77.177574656315571, 35.717944804256817 ], [ -77.177563724321075, 35.717938504029817 ], [ -77.177358325875758, 35.717802161682961 ], [ -77.177343797983454, 35.71779338272502 ], [ -77.177328577999248, 35.717785867285066 ], [ -77.177312775556373, 35.717779669498647 ], [ -77.177113127979439, 35.717710990820677 ], [ -77.177095564514602, 35.717705834822091 ], [ -77.177077603210904, 35.717702306198049 ], [ -77.177059394521009, 35.71770043450605 ], [ -77.176752768278007, 35.717683044349791 ], [ -77.176751215130992, 35.717682944132633 ], [ -77.176522257989745, 35.717666380504625 ], [ -77.176517100550129, 35.717665732380368 ], [ -77.176512971825375, 35.717662574393621 ], [ -77.176405940130678, 35.717571365253434 ], [ -77.176402186420148, 35.717567814497741 ], [ -77.176398820570114, 35.717563894132461 ], [ -77.176130482059548, 35.717216405054515 ], [ -77.176116647686129, 35.717200329860212 ], [ -77.17596798182079, 35.717045057164974 ], [ -77.175951234252651, 35.717029458796027 ], [ -77.175932814303849, 35.717015875878879 ], [ -77.175912963179059, 35.717004486278483 ], [ -77.175568085942913, 35.716832047660219 ], [ -77.175191086465702, 35.716643047095218 ], [ -77.175190896411436, 35.716642951941942 ], [ -77.174822242230064, 35.716458625090723 ], [ -77.17480747119474, 35.716451973103375 ], [ -77.174259069569175, 35.71623126285364 ], [ -77.174232304898695, 35.716222622760064 ], [ -77.173865167338221, 35.716132043656309 ], [ -77.173864814934049, 35.716131957051275 ], [ -77.173499597390759, 35.716042554339978 ], [ -77.173480859466778, 35.716038905388224 ], [ -77.173461859005897, 35.716037059546949 ], [ -77.17309188197018, 35.716018878920188 ], [ -77.17307402283862, 35.716018799673925 ], [ -77.173056227840902, 35.716020313911876 ], [ -77.172806411367489, 35.716052860444051 ], [ -77.172790135186176, 35.716055668698246 ], [ -77.172774146223944, 35.716059810371441 ], [ -77.172322529328127, 35.716196925937304 ], [ -77.172318960874179, 35.716197866783915 ], [ -77.172315332660219, 35.716198541407763 ], [ -77.172154662818073, 35.71622230902117 ], [ -77.172150001018323, 35.71622277511878 ], [ -77.172145394736404, 35.716221919672286 ], [ -77.171744443597007, 35.716127687194287 ], [ -77.171725424161195, 35.716124177817754 ], [ -77.171706154685822, 35.716122521925094 ], [ -77.171686815366783, 35.716122735001164 ], [ -77.171548867196094, 35.716130937030556 ], [ -77.17153110940238, 35.716132791211976 ], [ -77.171513587729308, 35.716136221692878 ], [ -77.171180399265623, 35.716217049038356 ], [ -77.171160360079782, 35.716223035527335 ], [ -77.171141055619131, 35.716231081943832 ], [ -77.170963716407428, 35.716316141125859 ], [ -77.170947714366562, 35.716324730937558 ], [ -77.170932557530946, 35.716334736961294 ], [ -77.170918370887705, 35.716346076684871 ], [ -77.170845306321283, 35.716410126784012 ], [ -77.170831586596833, 35.716423361975004 ], [ -77.170819189278703, 35.716437843260252 ], [ -77.170808226996854, 35.716453439076879 ], [ -77.170798799343942, 35.716470007736454 ], [ -77.170790991970435, 35.716487398712232 ], [ -77.170784875806561, 35.716505454006722 ], [ -77.170780506417842, 35.716524009587062 ], [ -77.170777923500282, 35.716542896875282 ], [ -77.170762010986181, 35.716722770136947 ], [ -77.170761970825012, 35.716723230163822 ], [ -77.170739483529488, 35.716984289424225 ], [ -77.170737850121967, 35.716995615949138 ], [ -77.170665227776382, 35.717352918408601 ], [ -77.170663135043981, 35.717365146379947 ], [ -77.170623991482287, 35.717645999865198 ], [ -77.170584623281727, 35.717928463084775 ], [ -77.170583790144235, 35.717932932836945 ], [ -77.17058177544483, 35.717937008838817 ], [ -77.170479466139554, 35.718122140095232 ], [ -77.170478524584809, 35.718123863801196 ], [ -77.170440127520166, 35.718194985250641 ], [ -77.170431872901645, 35.718212191512137 ], [ -77.170425295802502, 35.718230106196849 ], [ -77.170420456106243, 35.718248566194184 ], [ -77.170417397877614, 35.718267403428563 ], [ -77.170416148961337, 35.718286446389719 ], [ -77.170416720728596, 35.718305521694269 ], [ -77.170419107973558, 35.718324455664344 ], [ -77.170423288960691, 35.718343075908926 ], [ -77.170429225622726, 35.718361212893385 ], [ -77.170434862215899, 35.718374118417628 ], [ -77.17043872675228, 35.718383082368533 ], [ -77.170439747714184, 35.718388193655962 ], [ -77.170482327298174, 35.718680440948468 ], [ -77.170482779443688, 35.718685010889615 ], [ -77.170482386580503, 35.718689566763672 ], [ -77.170463599661531, 35.718831404492732 ], [ -77.170462789785446, 35.718835905237107 ], [ -77.170459728680939, 35.718839293988893 ], [ -77.17031389160924, 35.718986539644519 ], [ -77.170300856716082, 35.71900105231186 ], [ -77.170289297638547, 35.71901676579904 ], [ -77.170279324339845, 35.719033530621317 ], [ -77.170271031697467, 35.719051187292443 ], [ -77.170264498600545, 35.719069567841878 ], [ -77.170259787199399, 35.71908849741272 ], [ -77.170256942314296, 35.71910779592514 ], [ -77.170255991009043, 35.719127279789525 ], [ -77.170255991164581, 35.71944174911674 ], [ -77.170255025268531, 35.719826563916421 ], [ -77.170256755325042, 35.719853320050333 ], [ -77.170275332019457, 35.719993609919868 ], [ -77.170279231534508, 35.72001447671385 ], [ -77.170285320767761, 35.720034812656095 ], [ -77.170293531119526, 35.720054388647313 ], [ -77.170303770094193, 35.720072984149631 ], [ -77.170315922342198, 35.720090389671078 ], [ -77.170329850959575, 35.720106409125712 ], [ -77.170428536078504, 35.720208427697372 ], [ -77.170431773145381, 35.720212125188972 ], [ -77.170433326337843, 35.720216787553241 ], [ -77.170476599583608, 35.720372009325182 ], [ -77.17047771672965, 35.720377003027359 ], [ -77.17047672893348, 35.720382023917139 ], [ -77.170441397773416, 35.720522708235499 ], [ -77.170437410902068, 35.72054295340925 ], [ -77.170435531163264, 35.720563501615636 ], [ -77.17043577856505, 35.720584134138399 ], [ -77.17043815047407, 35.720604631363848 ], [ -77.170442621643588, 35.720624775118381 ], [ -77.170449144482234, 35.72064435099076 ], [ -77.170457649560561, 35.720663150614321 ], [ -77.170478322243412, 35.720703204511778 ], [ -77.170487740784125, 35.720719518845854 ], [ -77.170498652479608, 35.720734874669098 ], [ -77.170679644187103, 35.720965730562803 ], [ -77.170682741045397, 35.720970155101298 ], [ -77.170685340736483, 35.720974888881962 ], [ -77.170818867379097, 35.721252741861122 ], [ -77.170819116324878, 35.721253257992288 ], [ -77.170954140995903, 35.721532178377963 ], [ -77.170955822673847, 35.721536064677238 ], [ -77.170956818509367, 35.721540164764129 ], [ -77.171045741509388, 35.721987743883062 ], [ -77.171046208308638, 35.721990261696774 ], [ -77.171097981551, 35.722290946048069 ], [ -77.171144858143009, 35.722564087772291 ], [ -77.171149241550452, 35.722583674769325 ], [ -77.171155566108681, 35.722602723776568 ], [ -77.171163768119172, 35.722621042939686 ], [ -77.171215146125931, 35.722721896852029 ], [ -77.171223644459531, 35.722736935535679 ], [ -77.171233408759377, 35.722751184820858 ], [ -77.171244366187793, 35.72276453841372 ], [ -77.171256435006839, 35.722776896701902 ], [ -77.171375934985349, 35.722889129898455 ], [ -77.171378860239628, 35.722892117654908 ], [ -77.171381525031578, 35.722895339872309 ], [ -77.171595889707419, 35.723177865320466 ], [ -77.171812755761621, 35.723464689109036 ], [ -77.171813227208474, 35.723465310117653 ], [ -77.172028209693138, 35.723747350410264 ], [ -77.172033427392208, 35.723754889307031 ], [ -77.172271330967845, 35.72413475250486 ], [ -77.172273747029152, 35.724139077738542 ], [ -77.172274283897949, 35.724144002854764 ], [ -77.172285889237713, 35.724342252133717 ], [ -77.172286032622296, 35.72434575043733 ], [ -77.172293988038092, 35.724684858513619 ], [ -77.17229399487438, 35.724685141383567 ], [ -77.172297113334608, 35.724810504535256 ], [ -77.17229868828376, 35.724831066075062 ], [ -77.172302372118295, 35.724851356140285 ], [ -77.17230812567378, 35.724871159018434 ], [ -77.172315887781679, 35.724890264176508 ], [ -77.172325575919629, 35.724908468499258 ], [ -77.172337087088835, 35.724925578448627 ], [ -77.172350298909052, 35.724941412121304 ], [ -77.172371119325064, 35.724963898316936 ], [ -77.172373849959655, 35.724967109533793 ], [ -77.17237841437634, 35.724973500734698 ], [ -77.172393199098892, 35.724991818926696 ], [ -77.172410033749358, 35.725008273066699 ], [ -77.172422843765816, 35.72501939736776 ], [ -77.17243071977326, 35.725027034580904 ], [ -77.172491845933791, 35.725093195175468 ], [ -77.172505865952388, 35.725106948886257 ], [ -77.172521167350695, 35.725119261184645 ], [ -77.172537602575233, 35.725130013341456 ], [ -77.172569393329169, 35.725148649162641 ], [ -77.172570591698346, 35.725149346080613 ], [ -77.172595429882875, 35.725163675894677 ], [ -77.172746508514862, 35.725252147836152 ], [ -77.172761962283417, 35.725260312575045 ], [ -77.17277806987812, 35.725267096918522 ], [ -77.172794708284513, 35.725272449054231 ], [ -77.172811750434263, 35.72527632810764 ], [ -77.173134829002123, 35.725335149694516 ], [ -77.173155290923958, 35.72533779341947 ], [ -77.173802214511355, 35.725387631979757 ], [ -77.173806941233948, 35.725388224915328 ], [ -77.173811468525301, 35.725389707181691 ], [ -77.174176933473802, 35.72552907101575 ], [ -77.174181857281454, 35.725531260544386 ], [ -77.174186515788378, 35.725533969092304 ], [ -77.174433912956005, 35.72569632368382 ], [ -77.17443781293403, 35.725699164371136 ], [ -77.174440339511179, 35.725703274814158 ], [ -77.174524061151004, 35.725855666103186 ], [ -77.174526647403454, 35.725861137900573 ], [ -77.174528550351084, 35.725866883164365 ], [ -77.174587628791997, 35.726089856283089 ], [ -77.174588705290404, 35.726095012711177 ], [ -77.174588109475479, 35.726100246505887 ], [ -77.174550776949403, 35.726322327592797 ], [ -77.174548767544877, 35.726331577243769 ], [ -77.174478184646929, 35.72659553549326 ], [ -77.174476790411987, 35.72659992588131 ], [ -77.174474996993411, 35.726604168880733 ], [ -77.174303154412883, 35.726963475894586 ], [ -77.174300788078398, 35.726967846426817 ], [ -77.174297233068955, 35.726971319609667 ], [ -77.173906070913688, 35.727316910426225 ], [ -77.173889952860534, 35.727332866677465 ], [ -77.173875744992742, 35.727350545197872 ], [ -77.173714036454712, 35.727576937101745 ], [ -77.173567616602995, 35.727781590900506 ], [ -77.173556839887766, 35.727798361053019 ], [ -77.173547786130385, 35.727816120700638 ], [ -77.173540545274406, 35.727834693412099 ], [ -77.173535189253329, 35.727853894678844 ], [ -77.173531771275933, 35.727873533747989 ], [ -77.173530127292921, 35.727886891515475 ], [ -77.173529872060897, 35.727888790152385 ], [ -77.173528233725577, 35.727907831003023 ], [ -77.173528420260112, 35.727926941297113 ], [ -77.173530429961261, 35.727945946539471 ], [ -77.173534244478546, 35.727964673194094 ], [ -77.173539828981788, 35.727982950268782 ], [ -77.173565888559921, 35.728055616376565 ], [ -77.17357266391376, 35.72807214577437 ], [ -77.173580887181927, 35.728088004660592 ], [ -77.173590492757853, 35.728103066510492 ], [ -77.173640870404085, 35.728174781048182 ], [ -77.173654463167182, 35.728192032877523 ], [ -77.1736698656497, 35.72820769021947 ], [ -77.173686892101998, 35.728221564250838 ], [ -77.173806157506945, 35.728308302564123 ], [ -77.17382565416824, 35.728320822348834 ], [ -77.173846467994238, 35.728331003186611 ], [ -77.174051436293396, 35.72841692937503 ], [ -77.174056573889928, 35.728418999969435 ], [ -77.174464394280903, 35.728576833974643 ], [ -77.174469821693862, 35.728579318248762 ], [ -77.174474912705108, 35.728582434340964 ], [ -77.174648718207095, 35.728703715895087 ], [ -77.174651889916404, 35.72870612281163 ], [ -77.174654859633193, 35.728708774937409 ], [ -77.17477133312093, 35.728821460879736 ], [ -77.174774783848832, 35.728825157283431 ], [ -77.174777416127469, 35.72882947492544 ], [ -77.17486970497859, 35.72899978117848 ], [ -77.174871778842729, 35.729004089442313 ], [ -77.174873430462227, 35.729008576557419 ], [ -77.1749461142348, 35.729239674330913 ], [ -77.174955421117645, 35.729263724215002 ], [ -77.174987216144288, 35.729332371365942 ], [ -77.174994556422874, 35.729346680889059 ], [ -77.1750030226939, 35.729360354381534 ], [ -77.175085104554739, 35.729481730355793 ], [ -77.17508775016735, 35.729486113134683 ], [ -77.175089442875077, 35.729490944568916 ], [ -77.175113592709934, 35.729573232531749 ], [ -77.175114743229202, 35.72957802110141 ], [ -77.175114436981019, 35.729582936414829 ], [ -77.175105493325773, 35.729662532073256 ], [ -77.17510479316681, 35.729666959387224 ], [ -77.175103316950214, 35.729671172481233 ], [ -77.175043484249088, 35.729820278212479 ], [ -77.175041846715686, 35.729823928379751 ], [ -77.175039922030479, 35.729827435633482 ], [ -77.174988388928497, 35.729913017564172 ], [ -77.174985822675055, 35.729916863026254 ], [ -77.174982589885204, 35.729920167917719 ], [ -77.174916201969111, 35.729982008715673 ], [ -77.174912885614802, 35.729984836677858 ], [ -77.174908947631153, 35.729986704259495 ], [ -77.174814969073992, 35.730026322692787 ], [ -77.174810934016008, 35.730027822183338 ], [ -77.174806784704998, 35.730028968211933 ], [ -77.174663611045077, 35.730061935843949 ], [ -77.174654290480575, 35.730063621459173 ], [ -77.17447425917544, 35.730087435192139 ], [ -77.174465690559202, 35.730088195220276 ], [ -77.174214400339068, 35.730099617436309 ], [ -77.174194361998431, 35.730101542412271 ], [ -77.174174618671159, 35.73010547199948 ], [ -77.174155370377193, 35.730111366387234 ], [ -77.174076946338673, 35.730139772253459 ], [ -77.174057483017108, 35.730148009724651 ], [ -77.174038997635961, 35.73015825508952 ], [ -77.173809300741112, 35.730301929360316 ], [ -77.17380253007039, 35.730305805291174 ], [ -77.173595468473621, 35.730413838082114 ], [ -77.173576661160155, 35.730424999337295 ], [ -77.173559184935428, 35.73043814734956 ], [ -77.173429515816665, 35.730547298991006 ], [ -77.173418387494749, 35.730557404909497 ], [ -77.173408049643953, 35.730568318111501 ], [ -77.173385145952722, 35.730594393029278 ], [ -77.173373234959456, 35.730609336596061 ], [ -77.17336280454478, 35.730625348728914 ], [ -77.17335394993367, 35.730642283244286 ], [ -77.173346751964729, 35.730659985537692 ], [ -77.173341276352161, 35.73067829399519 ], [ -77.173326705257651, 35.730737118769078 ], [ -77.173325363625935, 35.730742901464296 ], [ -77.173311078690801, 35.730808906952454 ], [ -77.173308022608254, 35.730827013000962 ], [ -77.173306639983551, 35.730845323025044 ], [ -77.173306942471143, 35.730863682685559 ], [ -77.173308927521262, 35.730881937224972 ], [ -77.173312578401521, 35.73089993277182 ], [ -77.173317864337861, 35.730917517637756 ], [ -77.173324740773978, 35.730934543596156 ], [ -77.173338243457351, 35.730964003563763 ], [ -77.173344128863206, 35.730975801296502 ], [ -77.173413294965897, 35.731103712909423 ], [ -77.173414648694063, 35.73110630638616 ], [ -77.173483957368973, 35.731243960337949 ], [ -77.173485785644417, 35.731248040984269 ], [ -77.173485646961495, 35.73125251032797 ], [ -77.173475385016204, 35.731386843301792 ], [ -77.173474734959711, 35.731391896019979 ], [ -77.173471672099851, 35.731395966821054 ], [ -77.173414660246181, 35.731464103004932 ], [ -77.173401331474111, 35.731481968000644 ], [ -77.17339007337651, 35.731501205190533 ], [ -77.173381025782959, 35.731521575641864 ], [ -77.173371558555019, 35.731546558475799 ], [ -77.173365347114185, 35.731565846558247 ], [ -77.173361119272002, 35.731585664163362 ], [ -77.173358918428548, 35.731605807857413 ], [ -77.173358767176154, 35.731626070859278 ], [ -77.173362521888166, 35.731712898639884 ], [ -77.173364332557739, 35.731732453328988 ], [ -77.173368052291067, 35.73175173617043 ], [ -77.173373645223919, 35.731770561246584 ], [ -77.173381057431428, 35.731788747053407 ], [ -77.173390217447988, 35.731806118250454 ], [ -77.173401036956278, 35.731822507351424 ], [ -77.173413411638833, 35.73183775633899 ], [ -77.17342722218379, 35.731851718188373 ], [ -77.173442335435254, 35.731864258284865 ], [ -77.173533172738573, 35.731932386011522 ], [ -77.173542340501797, 35.731940166252919 ], [ -77.17374997070705, 35.732139064716563 ], [ -77.173753899433962, 35.732143044821321 ], [ -77.174014524445681, 35.732422285190246 ], [ -77.174017785470113, 35.73242615577297 ], [ -77.174020637121856, 35.732430337132804 ], [ -77.174076678777368, 35.732522208814309 ], [ -77.174078803535735, 35.732526067430008 ], [ -77.174079451088048, 35.732530415796035 ], [ -77.174088486484649, 35.732617158277066 ], [ -77.174088752428901, 35.732621978031091 ], [ -77.174087619650166, 35.732626670319036 ], [ -77.174058629446705, 35.732725420793699 ], [ -77.174056680108038, 35.732730867690528 ], [ -77.174054112092733, 35.732736051695156 ], [ -77.174051460822042, 35.73274070303605 ], [ -77.174042835179151, 35.732757663541584 ], [ -77.174035860359936, 35.732775366997757 ], [ -77.174030599497073, 35.732793653161522 ], [ -77.174027100209301, 35.73281235651546 ], [ -77.174025394170485, 35.732831307765942 ], [ -77.174025496822836, 35.73285033537551 ], [ -77.174027407237205, 35.732869267115532 ], [ -77.174031108121454, 35.732887931625143 ], [ -77.174036565976976, 35.732906159962326 ], [ -77.174043731401952, 35.732923787133068 ], [ -77.174090057486296, 35.733023824589971 ], [ -77.174091791446415, 35.733028070909576 ], [ -77.17409271344782, 35.733032544181718 ], [ -77.174122045364641, 35.733217052888463 ], [ -77.174122628091609, 35.733223013335653 ], [ -77.174122490720194, 35.733229000624739 ], [ -77.174106388405065, 35.733422236667899 ], [ -77.174105769423306, 35.73342693736376 ], [ -77.174103846288133, 35.733431271095476 ], [ -77.17399465782141, 35.733648672910171 ], [ -77.173993286145546, 35.733651305818306 ], [ -77.173931527991584, 35.733765673463097 ], [ -77.173923204626504, 35.733783038246173 ], [ -77.17391658983081, 35.733801123007041 ], [ -77.173911744926002, 35.733819760093589 ], [ -77.173908714826041, 35.733838776733457 ], [ -77.173905199493106, 35.733870648788354 ], [ -77.173903995564814, 35.733891778393655 ], [ -77.173905031167095, 35.733912916917532 ], [ -77.173908294703509, 35.733933827656251 ], [ -77.173913749629861, 35.733954276456757 ], [ -77.173921334863266, 35.733974034338672 ], [ -77.173930965466241, 35.733992880058345 ], [ -77.173965442912987, 35.734052354354191 ], [ -77.173974350664253, 35.734066348650821 ], [ -77.173984387518644, 35.734079556600122 ], [ -77.173995484425518, 35.734091887335239 ], [ -77.174196692377677, 35.734297626001222 ], [ -77.174199797032443, 35.73430111559987 ], [ -77.174201397213508, 35.734305503720172 ], [ -77.174279564145124, 35.734555976356262 ], [ -77.174285589490054, 35.734572646765351 ], [ -77.174293067207969, 35.734588718201373 ], [ -77.174301938560021, 35.734604064420246 ], [ -77.174312133860113, 35.734618564874616 ], [ -77.174323573022292, 35.734632105660758 ], [ -77.174477020056983, 35.734798215534965 ], [ -77.174492354327072, 35.734813129423586 ], [ -77.174509193705461, 35.73482632030106 ], [ -77.17452734556484, 35.73483763727566 ], [ -77.174783528107497, 35.734978920373685 ], [ -77.174800343061065, 35.734987191193618 ], [ -77.174817858290226, 35.734993851964852 ], [ -77.175196322537857, 35.735117815624307 ], [ -77.175209796487039, 35.735121711413136 ], [ -77.175342763071271, 35.735155152155059 ], [ -77.175360981810783, 35.735158843349694 ], [ -77.17537946456298, 35.735160827098227 ], [ -77.175398051661205, 35.735161086263673 ], [ -77.175583355489096, 35.735155053121481 ], [ -77.175586626102103, 35.73515491983563 ], [ -77.175723572786879, 35.735148215955839 ], [ -77.175727983209256, 35.735148195287898 ], [ -77.175732311182784, 35.7351489496751 ], [ -77.175913896023118, 35.73518887932368 ], [ -77.175918891603672, 35.735190254407996 ], [ -77.175923494049428, 35.735192634360914 ], [ -77.176103125659054, 35.735297737962888 ], [ -77.176106855339995, 35.735300150576563 ], [ -77.176109495918723, 35.73530371148491 ], [ -77.17635166825994, 35.735662558128382 ], [ -77.176353840426785, 35.735666084058821 ], [ -77.17635539341876, 35.735669907767701 ], [ -77.176453131568252, 35.735942245990074 ], [ -77.176462049930464, 35.735963244210204 ], [ -77.176613054123692, 35.736269026689875 ], [ -77.17662162052217, 35.736284591423079 ], [ -77.176764150649234, 35.736518342228479 ], [ -77.176766721213383, 35.73652312673017 ], [ -77.176768755608464, 35.736528162650686 ], [ -77.176816072378827, 35.736666580617694 ], [ -77.176822658553959, 35.736683341068165 ], [ -77.17683072561745, 35.736699441157903 ], [ -77.176840208167505, 35.73671475035929 ], [ -77.176851029326656, 35.736729144556648 ], [ -77.176863101364916, 35.736742507052483 ], [ -77.176876326411161, 35.736754729513557 ], [ -77.17694976632356, 35.736816710856978 ], [ -77.176967165759962, 35.736829841149053 ], [ -77.176985890787961, 35.736840999925157 ], [ -77.177005718979956, 35.736850054634381 ], [ -77.177230661786922, 35.736938300932451 ], [ -77.177234894285945, 35.736940192874258 ], [ -77.177238932781293, 35.736942469724589 ], [ -77.177372565925211, 35.737026226767583 ], [ -77.177376799140646, 35.737029198578902 ], [ -77.177379910498402, 35.737033330313189 ], [ -77.177456365293267, 35.737146723340857 ], [ -77.177466566873292, 35.737160535193638 ], [ -77.177477915571501, 35.737173421099172 ], [ -77.177668061481782, 35.737371489615569 ], [ -77.177682645360164, 35.737385231635692 ], [ -77.177698531143207, 35.73739744533794 ], [ -77.177930206354006, 35.737557764518492 ], [ -77.177933802194815, 35.737560195561585 ], [ -77.178033730809005, 35.737626185817113 ], [ -77.178037758804876, 35.737629151676934 ], [ -77.178038857358672, 35.737634031662395 ], [ -77.178069187134099, 35.737810324892592 ], [ -77.178071016365195, 35.737819631069243 ], [ -77.17812046753923, 35.73804307861792 ], [ -77.178124625358237, 35.738058804638747 ], [ -77.178130047394831, 35.738074140763075 ], [ -77.17821563689192, 35.738288113399321 ], [ -77.178223277147112, 35.738304919698891 ], [ -77.178232434542693, 35.738320949898863 ], [ -77.178243031051849, 35.738336067411836 ], [ -77.178466961349429, 35.738626075440855 ], [ -77.17846977577581, 35.738630119809834 ], [ -77.178471738427177, 35.738634639313759 ], [ -77.17852958239223, 35.738788258053781 ], [ -77.178530837636814, 35.738792044036188 ], [ -77.17853178648933, 35.738795918178766 ], [ -77.178608346785978, 35.739173186936661 ], [ -77.178612943840562, 35.739191403110681 ], [ -77.178619229886209, 35.739209107560306 ], [ -77.17862714945457, 35.739226144060645 ], [ -77.178697795127519, 35.739361139879904 ], [ -77.17870702882405, 35.739376973036542 ], [ -77.178717673245472, 35.739391894373384 ], [ -77.178729638991967, 35.739405778569861 ], [ -77.178742825566204, 35.739418509016062 ], [ -77.178992839763254, 35.739638657817366 ], [ -77.179008583289928, 35.739651173301525 ], [ -77.179025504184722, 35.739662044331624 ], [ -77.179407682062262, 35.73988124877738 ], [ -77.179410276944878, 35.739882789615031 ], [ -77.179795596769566, 35.740119528783978 ], [ -77.179800298520547, 35.740122602738516 ], [ -77.180059991232326, 35.740303000041699 ], [ -77.180316045167643, 35.740480869017311 ], [ -77.180327280211429, 35.740489945121844 ], [ -77.180651362605957, 35.740792996557666 ], [ -77.18067171715893, 35.740809661583405 ], [ -77.1807444442654, 35.740861609384247 ], [ -77.18078003142287, 35.740887391554374 ], [ -77.180797370307616, 35.74089863486256 ], [ -77.180815776807975, 35.740908028990923 ], [ -77.180835054412057, 35.740915473645643 ], [ -77.180854997307861, 35.740920889345951 ], [ -77.180910846290601, 35.740932996452884 ], [ -77.180929128656658, 35.740936080407224 ], [ -77.180947618049672, 35.740937458096909 ], [ -77.180966155573799, 35.740937117682215 ], [ -77.18098458191956, 35.740935062088639 ], [ -77.181002738732928, 35.740931308981729 ], [ -77.181121155972278, 35.740901046530695 ], [ -77.181136773913508, 35.740896369398968 ], [ -77.181151959019786, 35.7408904357494 ], [ -77.181433559162812, 35.740766943755908 ], [ -77.181442591004625, 35.740763493616811 ], [ -77.181660756372949, 35.740692041897297 ], [ -77.181673438376407, 35.740688791158291 ], [ -77.181758082674193, 35.74067292043614 ], [ -77.181762934937581, 35.740672259317677 ], [ -77.181767074574594, 35.740674875602082 ], [ -77.181829656049331, 35.740718946896578 ], [ -77.181833793649659, 35.740722201821107 ], [ -77.181837153645148, 35.740726254560997 ], [ -77.181970408873099, 35.740905525625315 ], [ -77.18197282284784, 35.740909085178195 ], [ -77.181974241715821, 35.740913145289731 ], [ -77.182103779597682, 35.741342667875003 ], [ -77.182108756157874, 35.741357141071468 ], [ -77.182195263707854, 35.741580538997589 ], [ -77.18219828460272, 35.741589605442883 ], [ -77.182253662309705, 35.741786783319178 ], [ -77.182261055012447, 35.741808314247251 ], [ -77.182270846582583, 35.741828865599324 ], [ -77.182282910162257, 35.741848171115713 ], [ -77.182291726326042, 35.741860639742143 ], [ -77.182303816023889, 35.741876073680125 ], [ -77.182317358751177, 35.741890249778791 ], [ -77.182332224373368, 35.741903031817444 ], [ -77.182348270044045, 35.741914296971167 ], [ -77.182365341577437, 35.74192393699105 ], [ -77.182383274930089, 35.741931859244403 ], [ -77.182401897777183, 35.741937987604857 ], [ -77.182551837588974, 35.741979304346145 ], [ -77.182564240189237, 35.741982299789086 ], [ -77.18277520086005, 35.742026179579838 ], [ -77.182797064997615, 35.742029478842255 ], [ -77.182819159714114, 35.742030344374925 ], [ -77.182841214942712, 35.74202876559832 ], [ -77.182951688345952, 35.742014685565479 ], [ -77.182971048703195, 35.742011243556469 ], [ -77.182989977476097, 35.742005916980197 ], [ -77.18300829168453, 35.741998757327451 ], [ -77.183025814289252, 35.741989833808965 ], [ -77.183042375903241, 35.741979232686347 ], [ -77.183057816429141, 35.741967056438227 ], [ -77.183310680476424, 35.741746649653173 ], [ -77.183324325315525, 35.741733571569206 ], [ -77.18333667471515, 35.741719263870451 ], [ -77.183347618389632, 35.741703854331085 ], [ -77.183357058607029, 35.741687480565176 ], [ -77.183364911062, 35.741670288797799 ], [ -77.183446334027238, 35.741467134515894 ], [ -77.183448168197785, 35.741463089689447 ], [ -77.183450681419998, 35.741459449301502 ], [ -77.183617282291749, 35.741239575131686 ], [ -77.183620139947379, 35.741236135635724 ], [ -77.18362329419233, 35.741232965924546 ], [ -77.183786989972489, 35.741082594399124 ], [ -77.183796670056651, 35.741073076624069 ], [ -77.183963407077968, 35.740897614814202 ], [ -77.184048578191522, 35.74080949567233 ], [ -77.184053575412378, 35.740804673412569 ], [ -77.184147279951887, 35.740720339610618 ], [ -77.184151118724472, 35.740717216882146 ], [ -77.184155707902605, 35.740715365651887 ], [ -77.18427307520399, 35.74067470317032 ], [ -77.184278010935614, 35.740673275838738 ], [ -77.184283102452824, 35.740673965166714 ], [ -77.184469471138243, 35.740709146743264 ], [ -77.184473933006046, 35.740710203560596 ], [ -77.184478278940688, 35.740711665743653 ], [ -77.184746317222604, 35.74081579526441 ], [ -77.184751816013943, 35.740818326421682 ], [ -77.1847569668316, 35.740821506443822 ], [ -77.184914736373315, 35.74093270608882 ], [ -77.18491788945181, 35.740935121866386 ], [ -77.184920840396217, 35.740937780778566 ], [ -77.184998016497005, 35.741013096502286 ], [ -77.185000860896068, 35.741016113048801 ], [ -77.185003445010238, 35.741019355349259 ], [ -77.185044361958333, 35.74107531559401 ], [ -77.185057333927404, 35.741091266370638 ], [ -77.185071874900572, 35.741105801134324 ], [ -77.185087831216393, 35.741118766289233 ], [ -77.185105034256793, 35.741130024826326 ], [ -77.185217883364061, 35.741195853656748 ], [ -77.185233651517905, 35.741204133729184 ], [ -77.185250093759251, 35.741210978214198 ], [ -77.185267079703465, 35.74121633283599 ], [ -77.185284474654452, 35.741220155133185 ], [ -77.185541789700096, 35.7412647910838 ], [ -77.185544186783801, 35.741265237070955 ], [ -77.18584556204209, 35.741325119505397 ], [ -77.185849933411035, 35.74132619523504 ], [ -77.185854023062845, 35.741328032630193 ], [ -77.186082046750954, 35.741443010810443 ], [ -77.186085887878221, 35.741445165412692 ], [ -77.186089276353172, 35.74144795178632 ], [ -77.186289358828034, 35.741627736032854 ], [ -77.186292814938781, 35.741631160737768 ], [ -77.186295920730174, 35.741634906050557 ], [ -77.186442649919115, 35.741830544605165 ], [ -77.186445723708985, 35.741835157019729 ], [ -77.186448265955562, 35.741840082416225 ], [ -77.186490298653283, 35.741934000408492 ], [ -77.186498832844563, 35.741950879843039 ], [ -77.186508923393362, 35.741966877610274 ], [ -77.186520480052906, 35.741981850631063 ], [ -77.186533399463983, 35.741995664991315 ], [ -77.186547566079341, 35.742008197139612 ], [ -77.186774657875077, 35.742190695670544 ], [ -77.186796330429473, 35.742205867735237 ], [ -77.187171722533449, 35.742433231650985 ], [ -77.187174270016968, 35.742434748890254 ], [ -77.187385740142332, 35.742558582684531 ], [ -77.187404767496986, 35.742568396910862 ], [ -77.187577935813621, 35.742646281276912 ], [ -77.187595530192553, 35.74265321420765 ], [ -77.187613700730367, 35.742658454365447 ], [ -77.187632284969879, 35.742661954899681 ], [ -77.187862500850869, 35.742694135310757 ], [ -77.187883028869464, 35.74269593289339 ], [ -77.187903632891832, 35.742695608682588 ], [ -77.188159659746148, 35.742678358890124 ], [ -77.188164979780737, 35.74267828519374 ], [ -77.18817027733796, 35.74267877924563 ], [ -77.188376834473573, 35.742709239841716 ], [ -77.188381909484221, 35.742710260794048 ], [ -77.188386663378054, 35.742712309835476 ], [ -77.188644856526409, 35.742839932891307 ], [ -77.188645126018898, 35.742840065847723 ], [ -77.188891311665813, 35.742961293744273 ], [ -77.188909331542419, 35.742969092801751 ], [ -77.188928029333837, 35.742975087286453 ], [ -77.189024988454136, 35.743000998690064 ], [ -77.189264410134797, 35.743064973700548 ], [ -77.189279708580287, 35.743068425084424 ], [ -77.18967329233601, 35.743141132125359 ], [ -77.189677928626892, 35.743142219872489 ], [ -77.189682439989426, 35.743143744994285 ], [ -77.190005756116079, 35.743270554349131 ], [ -77.190017843560653, 35.743276255586245 ], [ -77.190452131553073, 35.743517852860606 ], [ -77.190459645949446, 35.743522478908517 ], [ -77.1907849348502, 35.743743109399986 ], [ -77.190801440645174, 35.743753175542878 ], [ -77.190818841234517, 35.743761600980022 ], [ -77.191210368876753, 35.743928328071902 ], [ -77.191227919663604, 35.743934849308069 ], [ -77.191590451546219, 35.744050550541644 ], [ -77.191594871283726, 35.744052196892298 ], [ -77.191598361341377, 35.744055369280787 ], [ -77.191726527348536, 35.744183535963714 ], [ -77.191739992017432, 35.744195825717583 ], [ -77.191754519802714, 35.744206838383626 ], [ -77.191769990001973, 35.744216482464381 ], [ -77.192275377467226, 35.744500407470206 ], [ -77.192279829233129, 35.744503228151345 ], [ -77.192283958160004, 35.744506503273449 ], [ -77.192593277602256, 35.744779719181693 ], [ -77.192596802684676, 35.744783158216137 ], [ -77.192599581720799, 35.744787223941451 ], [ -77.192743217368843, 35.745021477077977 ], [ -77.192745729174746, 35.745026107877337 ], [ -77.192747209478895, 35.745031163781633 ], [ -77.192783028915585, 35.745182924896469 ], [ -77.19278381728472, 35.745187025981345 ], [ -77.192783909495134, 35.745191186502069 ], [ -77.19278007043178, 35.745388938548111 ], [ -77.192779827337716, 35.745392983395178 ], [ -77.192779256832154, 35.745396995179028 ], [ -77.192732909740457, 35.74564900612237 ], [ -77.192731752805656, 35.745653889079769 ], [ -77.192728760924808, 35.745657917779226 ], [ -77.192546764013144, 35.74587863621116 ], [ -77.192543855096417, 35.745881866308686 ], [ -77.192540676006786, 35.745884830885721 ], [ -77.192249236363537, 35.746133769986891 ], [ -77.192233884373266, 35.746148357765207 ], [ -77.192220160945197, 35.746164487067837 ], [ -77.192208219948768, 35.74618197705027 ], [ -77.192198195268475, 35.746200631611821 ], [ -77.192190199302772, 35.746220241594322 ], [ -77.192134661340106, 35.746380189522441 ], [ -77.192132755913434, 35.746384890219559 ], [ -77.192130382565978, 35.746389372900147 ], [ -77.192033023756338, 35.746552591633979 ], [ -77.192028694448879, 35.746559235556376 ], [ -77.191987862760584, 35.7466167714582 ], [ -77.191977872888373, 35.746632324148869 ], [ -77.191969361580973, 35.746648732725298 ], [ -77.191962401542781, 35.746665857023892 ], [ -77.191957052227082, 35.746683550767287 ], [ -77.191953359328238, 35.746701662813891 ], [ -77.191951354391321, 35.746720038448899 ], [ -77.191951054542713, 35.746738520705925 ], [ -77.191952462343721, 35.746756951707802 ], [ -77.191961314722292, 35.74682887649336 ], [ -77.191964369889078, 35.746846877123247 ], [ -77.19196905389515, 35.746864524128867 ], [ -77.191975327704398, 35.746881670441525 ], [ -77.191983139031407, 35.746898173165263 ], [ -77.191992422777219, 35.746913894767722 ], [ -77.192006859247414, 35.746935974159605 ], [ -77.192018701964017, 35.746952237597149 ], [ -77.192032118663761, 35.746967228978185 ], [ -77.192046973586628, 35.746980796608931 ], [ -77.192063116419604, 35.746992803202147 ], [ -77.192080383817682, 35.747003127266311 ], [ -77.192108604610198, 35.747018127451192 ], [ -77.192127502949376, 35.747026941373029 ], [ -77.192147216286372, 35.747033739665959 ], [ -77.192167530321214, 35.747038448427027 ], [ -77.192188224223855, 35.747041016468174 ], [ -77.192308679573742, 35.747049620737798 ], [ -77.192327295996265, 35.747050081363724 ], [ -77.192345874563131, 35.74704880848612 ], [ -77.192364254205884, 35.747045813140311 ], [ -77.192382275580655, 35.747041121294686 ], [ -77.192399782449627, 35.747034773625607 ], [ -77.192539058496109, 35.746976804018587 ], [ -77.192542955112614, 35.746975277035112 ], [ -77.192748068719197, 35.746899810891072 ], [ -77.192753045184901, 35.746898270891123 ], [ -77.192758233242586, 35.746897800924849 ], [ -77.192958892608274, 35.746890192883292 ], [ -77.19296393425455, 35.74689025902088 ], [ -77.19296853558177, 35.746892320661061 ], [ -77.193096678881304, 35.746957775975979 ], [ -77.193108784795839, 35.746965083721435 ], [ -77.193268219877893, 35.747077456089244 ], [ -77.193269766828635, 35.747078535521545 ], [ -77.193382553416313, 35.747156447552342 ], [ -77.193398114961681, 35.747166174072838 ], [ -77.193414502526736, 35.747174433286276 ], [ -77.193431578141755, 35.747181155656911 ], [ -77.193449198044178, 35.747186284587947 ], [ -77.193467213889022, 35.747189776898033 ], [ -77.193655189459633, 35.747217336925537 ], [ -77.193676334576253, 35.747219297661644 ], [ -77.193697568393418, 35.747219005340888 ], [ -77.19371865152084, 35.747216463258894 ], [ -77.193859043600796, 35.747191914344235 ], [ -77.193880659813374, 35.747186884455211 ], [ -77.193902497079591, 35.747180507173333 ], [ -77.193921244869131, 35.747174006675422 ], [ -77.193939256241805, 35.747165680419371 ], [ -77.193956353904426, 35.747155610363848 ], [ -77.193972369557841, 35.747143895632462 ], [ -77.193987145553521, 35.747130651538029 ], [ -77.194000536445401, 35.747116008447499 ], [ -77.194012410421536, 35.7471001104987 ], [ -77.194022650601624, 35.747083114181528 ], [ -77.194053908962402, 35.747024879289718 ], [ -77.194056153259922, 35.747021106570465 ], [ -77.194059013731632, 35.747017799152417 ], [ -77.194340470271271, 35.74671972802512 ], [ -77.194344090017708, 35.746716268366647 ], [ -77.194349088905454, 35.746716556330618 ], [ -77.194576776109358, 35.746741429835097 ], [ -77.194581918067257, 35.746742266278552 ], [ -77.194586773111325, 35.746744155171108 ], [ -77.19482581315026, 35.746851904069771 ], [ -77.194846367636814, 35.746859837966312 ], [ -77.1948676700937, 35.74686546281854 ], [ -77.195046940863435, 35.746902371628771 ], [ -77.195065398876139, 35.74690528061123 ], [ -77.195084047815868, 35.746906454263268 ], [ -77.195102724895833, 35.746905882340045 ], [ -77.195121267083607, 35.746903569833897 ], [ -77.195535822953403, 35.746832064091322 ], [ -77.195548244591691, 35.746830714410258 ], [ -77.195733892673132, 35.746822232713043 ], [ -77.195738949410213, 35.746822259867102 ], [ -77.195743762829565, 35.746823809809264 ], [ -77.196086536579315, 35.746953827790193 ], [ -77.196298934504043, 35.747035575167821 ], [ -77.196317384945175, 35.747041665091949 ], [ -77.196336339244866, 35.74704593597918 ], [ -77.19635561851905, 35.747048347522387 ], [ -77.196375040816733, 35.747048876962275 ], [ -77.196394422837088, 35.747047519302171 ], [ -77.196413581659414, 35.747044287355202 ], [ -77.196432336469471, 35.747039211623338 ], [ -77.19649825122255, 35.747017886520339 ], [ -77.196516090807336, 35.747011159836809 ], [ -77.196533208819545, 35.747002765033955 ], [ -77.196549449699631, 35.746992778399331 ], [ -77.196564665858972, 35.746981290686264 ], [ -77.196788119327763, 35.746795224446615 ], [ -77.196792133771964, 35.746792210636201 ], [ -77.196796431010952, 35.746789615920157 ], [ -77.197057053376199, 35.746649651974195 ], [ -77.197062092512255, 35.746647299333937 ], [ -77.197067528535015, 35.746646125679042 ], [ -77.197247512744354, 35.746617707491367 ], [ -77.197251986526481, 35.746617207657863 ], [ -77.197256430104161, 35.74661792819721 ], [ -77.197534601547204, 35.746676082225022 ], [ -77.197538932562821, 35.746677192397819 ], [ -77.197542979057886, 35.746679051357717 ], [ -77.197730576527405, 35.7467755556847 ], [ -77.19774730836653, 35.74678321109144 ], [ -77.197764672948139, 35.746789296401502 ], [ -77.198196470631657, 35.746918646112682 ], [ -77.198205570547799, 35.746921139753439 ], [ -77.198621272143356, 35.747024576739548 ], [ -77.198626867662497, 35.747026324721524 ], [ -77.198632218910248, 35.747028718343643 ], [ -77.199114557678897, 35.747279534609085 ], [ -77.199140205419098, 35.747290668563217 ], [ -77.199443779513302, 35.747397918840889 ], [ -77.199461195978074, 35.74740319389052 ], [ -77.199479019821666, 35.747406864039505 ], [ -77.199759793297474, 35.747451473549752 ], [ -77.199782048093837, 35.747453742655338 ], [ -77.199804417083797, 35.747453512244086 ], [ -77.200173530109353, 35.747429020906985 ], [ -77.200193579994973, 35.74742666950192 ], [ -77.200213290704596, 35.747422308888943 ], [ -77.200232461422047, 35.747415983494747 ], [ -77.20038859224681, 35.747355571021487 ], [ -77.200402734227325, 35.747349462869238 ], [ -77.200416364135677, 35.747342284378107 ], [ -77.200524925148258, 35.747279653051585 ], [ -77.200541246528772, 35.747269149608314 ], [ -77.200556472947326, 35.747257113580687 ], [ -77.20057046100537, 35.747243658320947 ], [ -77.200583078966972, 35.747228910547292 ], [ -77.200844951325536, 35.746890923745475 ], [ -77.200848154184996, 35.746887188464719 ], [ -77.200852311926582, 35.746884557149961 ], [ -77.201230843836825, 35.746670522580317 ], [ -77.201245162644881, 35.746661609242118 ], [ -77.201258679524358, 35.746651521138645 ], [ -77.201271298344579, 35.74664033001546 ], [ -77.201565664577601, 35.746356210970106 ], [ -77.201569094803176, 35.746353193574315 ], [ -77.201573510724998, 35.746352022779668 ], [ -77.201860500356318, 35.746289970923357 ], [ -77.201865016532594, 35.746289209621345 ], [ -77.201869576442633, 35.746289287755062 ], [ -77.202098683484408, 35.746303666873764 ], [ -77.202109233792484, 35.746304894619321 ], [ -77.202392586864377, 35.746353248189337 ], [ -77.202396922476595, 35.746354189035408 ], [ -77.202400854120825, 35.746356244490777 ], [ -77.202614626257812, 35.746480462903605 ], [ -77.202618820105286, 35.746483191847091 ], [ -77.202622009142473, 35.746487047431408 ], [ -77.202780031934324, 35.746699030260118 ], [ -77.202782774370149, 35.746703116646344 ], [ -77.202784659263202, 35.74670766270885 ], [ -77.202914962651306, 35.747071919173862 ], [ -77.203039383878703, 35.747418792434424 ], [ -77.203048126327616, 35.747439442141427 ], [ -77.203059125441527, 35.747458983387688 ], [ -77.203202203120171, 35.74768281608862 ], [ -77.203219450346523, 35.747705935945994 ], [ -77.203508213829195, 35.748039789310042 ], [ -77.203510845032923, 35.748043105971995 ], [ -77.203513185551827, 35.748046633782856 ], [ -77.203752570047044, 35.748442991721753 ], [ -77.203754788525643, 35.748447086560205 ], [ -77.203756205798726, 35.748451522852427 ], [ -77.203818767540653, 35.748684443162595 ], [ -77.203819769549526, 35.748689026494027 ], [ -77.203819894113437, 35.748693716422743 ], [ -77.203816086793424, 35.748878364405449 ], [ -77.203815779168934, 35.74888295062474 ], [ -77.203813832772667, 35.74888710387912 ], [ -77.203735920815689, 35.749035233837951 ], [ -77.203733992839432, 35.74903872829622 ], [ -77.203508779659813, 35.749428335999959 ], [ -77.203499050146604, 35.749447469197122 ], [ -77.203491427172111, 35.749467534912185 ], [ -77.20336531931585, 35.749862071794624 ], [ -77.203359408116611, 35.749885271995311 ], [ -77.20335631152011, 35.749909012312884 ], [ -77.203338315540478, 35.750166361623627 ], [ -77.203337786407133, 35.750170890846867 ], [ -77.203334330460081, 35.750173865788341 ], [ -77.203212456741355, 35.750269286523107 ], [ -77.203208885917064, 35.750271837133241 ], [ -77.20320493833016, 35.750273714419066 ], [ -77.203057155538076, 35.750336237649591 ], [ -77.203052950334836, 35.750337796659849 ], [ -77.203048474660832, 35.750337765061495 ], [ -77.202751225284601, 35.750322323350709 ], [ -77.202738846287517, 35.750320902176945 ], [ -77.202506583854927, 35.750279427044454 ], [ -77.202485935581052, 35.750276839619865 ], [ -77.202465130224013, 35.750276411719611 ], [ -77.202444393025715, 35.750278147976225 ], [ -77.202423948490178, 35.750282029592718 ], [ -77.202160870173913, 35.750346318779698 ], [ -77.202147248851318, 35.75035016299303 ], [ -77.201915886706303, 35.750424391308677 ], [ -77.201912107599071, 35.750425645392077 ], [ -77.20154757384968, 35.750550656493729 ], [ -77.201532263182941, 35.750556620599625 ], [ -77.20151749376322, 35.750563821385427 ], [ -77.201311022001207, 35.750675207396121 ], [ -77.201297285911892, 35.750683341559345 ], [ -77.20122008634182, 35.750733322820963 ], [ -77.201203649517083, 35.750745188436809 ], [ -77.201188498293774, 35.750758657010564 ], [ -77.201174788336346, 35.750773590165416 ], [ -77.201162660501581, 35.750789834477366 ], [ -77.20115223939149, 35.750807223051517 ], [ -77.201143632073084, 35.750825577236782 ], [ -77.201136926978407, 35.750844708461308 ], [ -77.201132192995928, 35.750864420169925 ], [ -77.201124205243858, 35.750907104698832 ], [ -77.201121357216351, 35.750928876495919 ], [ -77.201120912996501, 35.750950829287945 ], [ -77.201122877938516, 35.750972698476588 ], [ -77.201127228358843, 35.750994220471199 ], [ -77.201134058033347, 35.751020488064739 ], [ -77.201139948540856, 35.751039287584007 ], [ -77.201147660047411, 35.751057416364169 ], [ -77.201157117728243, 35.751074698501675 ], [ -77.20116822981548, 35.751090966307935 ], [ -77.201180888488537, 35.751106061936433 ], [ -77.201194970920326, 35.751119838914278 ], [ -77.20121034046899, 35.751132163563454 ], [ -77.201226848003799, 35.751142916297887 ], [ -77.201326900328127, 35.751201280267082 ], [ -77.201343487359296, 35.75120994258431 ], [ -77.201483343052203, 35.751274842843216 ], [ -77.201487768308567, 35.751277178916141 ], [ -77.201489080340934, 35.751282007860432 ], [ -77.201512026713758, 35.751387561181453 ], [ -77.201512780305464, 35.751391987150555 ], [ -77.201511515968278, 35.751396295114496 ], [ -77.201424554884525, 35.751649447260959 ], [ -77.201422779906835, 35.751653903981975 ], [ -77.201420584806186, 35.751658169476642 ], [ -77.201330022650964, 35.75181509854994 ], [ -77.201320591781055, 35.751833597086467 ], [ -77.201313129650401, 35.751852973715863 ], [ -77.201307716689016, 35.751873019588501 ], [ -77.201304411240145, 35.751893518641367 ], [ -77.201303248931325, 35.751914249926877 ], [ -77.201304242290419, 35.751934989994339 ], [ -77.201307380610587, 35.751955515298413 ], [ -77.201325597175483, 35.752043722091756 ], [ -77.201331111510498, 35.752064639169845 ], [ -77.201338852644355, 35.752084838350349 ], [ -77.201380488573747, 35.752178052516086 ], [ -77.201389525677399, 35.752195843775993 ], [ -77.201400290703177, 35.752212645930378 ], [ -77.201412676485731, 35.752228291714545 ], [ -77.201426559725164, 35.752242625375438 ], [ -77.201518959678083, 35.752328955727599 ], [ -77.201534628621374, 35.752342158965824 ], [ -77.201551566231586, 35.752353689735273 ], [ -77.201705033722064, 35.752447035926359 ], [ -77.201720639220895, 35.752455600675809 ], [ -77.201736944468465, 35.752462743884386 ], [ -77.201753820291941, 35.752468408962415 ], [ -77.201977695147377, 35.752532628552068 ], [ -77.201980291710726, 35.752533354483177 ], [ -77.202198184891913, 35.752592691188497 ], [ -77.20220289044903, 35.752594228000255 ], [ -77.2022071988346, 35.752596665596492 ], [ -77.202423547234957, 35.752733719189955 ], [ -77.202424431604754, 35.752734285955988 ], [ -77.20265599500128, 35.752884409472827 ], [ -77.202659795267465, 35.752887138607463 ], [ -77.202661094372658, 35.75289163332905 ], [ -77.202704877281462, 35.753075520273306 ], [ -77.20274830398796, 35.753261989613954 ], [ -77.202754589093502, 35.753283460583681 ], [ -77.202763232857563, 35.753304095273776 ], [ -77.202774127123973, 35.753323635490055 ], [ -77.20283178599216, 35.753414676588896 ], [ -77.20284194036212, 35.753429237499972 ], [ -77.202853345881266, 35.753442840642769 ], [ -77.202865912693667, 35.75345537884786 ], [ -77.202879541794417, 35.753466753335701 ], [ -77.202992950493027, 35.753553159720497 ], [ -77.203010832844981, 35.75356531491898 ], [ -77.203029922891133, 35.75357546861288 ], [ -77.203049997503499, 35.753583502123952 ], [ -77.203226973278561, 35.753643445542494 ], [ -77.203247004074953, 35.75364908710101 ], [ -77.203267512651507, 35.753652616729156 ], [ -77.203288276972117, 35.753653996213394 ], [ -77.20330907223186, 35.753653210618751 ], [ -77.203434298791379, 35.753641933893171 ], [ -77.203455657975383, 35.753638841327508 ], [ -77.203476559570007, 35.753633465265189 ], [ -77.203496760187306, 35.753625868307594 ], [ -77.203516024601853, 35.753616138917259 ], [ -77.203691850806848, 35.753515080509736 ], [ -77.203692131436469, 35.753514918911812 ], [ -77.203844068158404, 35.753427263712084 ], [ -77.203848044083756, 35.753425203967673 ], [ -77.203852520455598, 35.753425091603809 ], [ -77.203941619823937, 35.753426891007777 ], [ -77.203946907001225, 35.753427282459548 ], [ -77.203951550490558, 35.753429840874006 ], [ -77.204147341076364, 35.753551855571871 ], [ -77.204160945530475, 35.753559611340187 ], [ -77.204372376073451, 35.753669409583772 ], [ -77.204387253117829, 35.753676375238967 ], [ -77.204402651622615, 35.75368209650216 ], [ -77.20455124481461, 35.753730459725631 ], [ -77.204570225651651, 35.753735620292765 ], [ -77.204589621616051, 35.753738891407679 ], [ -77.204609245098581, 35.753740241430215 ], [ -77.204628906289344, 35.753739657302155 ], [ -77.204648415013679, 35.753737144673536 ], [ -77.204833983391339, 35.753703897228554 ], [ -77.204838997064414, 35.753703259973072 ], [ -77.204844036094784, 35.753703648796993 ], [ -77.20504385113243, 35.753729339057649 ], [ -77.205048873383078, 35.753730251305939 ], [ -77.205052784631434, 35.753733531143794 ], [ -77.20532093097188, 35.753983150945672 ], [ -77.205326802424878, 35.753989093689611 ], [ -77.205499734165926, 35.75417941488471 ], [ -77.205502749628863, 35.754183074934993 ], [ -77.205502343768813, 35.75418779979104 ], [ -77.205486634300499, 35.754304230827813 ], [ -77.205485780302297, 35.754308865357153 ], [ -77.205481941634758, 35.754311599000516 ], [ -77.205243856968764, 35.754464443571727 ], [ -77.205242113426138, 35.754465537707809 ], [ -77.205124291858766, 35.754537795552856 ], [ -77.205108193094517, 35.754548782732748 ], [ -77.205093240245503, 35.75456128475814 ], [ -77.20507957532206, 35.75457518289469 ], [ -77.2050673281028, 35.754590345148905 ], [ -77.205056614902119, 35.754606627521689 ], [ -77.205047537465518, 35.75462387537597 ], [ -77.205040182003302, 35.754641924905272 ], [ -77.205034618371826, 35.754660604689455 ], [ -77.205030899410062, 35.754679737322725 ], [ -77.205029060437766, 35.75469914109847 ], [ -77.205029118920024, 35.754718631734995 ], [ -77.205031074301445, 35.754738024125665 ], [ -77.205034908011342, 35.754757134096906 ], [ -77.205040583640184, 35.754775780157338 ], [ -77.205048047285331, 35.754793785221445 ], [ -77.205057228063012, 35.754810978291374 ], [ -77.205068038781448, 35.754827196080974 ], [ -77.20508037676899, 35.7548422845665 ], [ -77.205094124849225, 35.754856100449473 ], [ -77.205200158111964, 35.754952745768279 ], [ -77.205218832255369, 35.754967818449884 ], [ -77.205239177287709, 35.754980545940668 ], [ -77.205589981794176, 35.755171729949318 ], [ -77.205607357287903, 35.755180138489074 ], [ -77.205625462463487, 35.755186832810544 ], [ -77.206006199282868, 35.755307066018304 ], [ -77.206025190760613, 35.755312052580564 ], [ -77.206044579684345, 35.755315152849334 ], [ -77.206374554231886, 35.755351413120401 ], [ -77.206403506928098, 35.755352483533578 ], [ -77.206576067726118, 35.755346348070361 ], [ -77.20659474809554, 35.755344804984588 ], [ -77.206613201966988, 35.755341519875167 ], [ -77.206631267252121, 35.755336521596632 ], [ -77.206648785275718, 35.755329854051027 ], [ -77.206862372655991, 35.755236880678417 ], [ -77.206875955390714, 35.75523210033834 ], [ -77.207061700899061, 35.755181442731953 ], [ -77.207067021951801, 35.755180300638521 ], [ -77.207072464024165, 35.755180343405165 ], [ -77.207301800815429, 35.755194737131674 ], [ -77.207305965100957, 35.755195174551318 ], [ -77.20730998318453, 35.755196298976848 ], [ -77.20759291860611, 35.755288349638917 ], [ -77.207602859370738, 35.755292180976035 ], [ -77.208122200961157, 35.755524854215366 ], [ -77.208131529238301, 35.755529635868697 ], [ -77.208417769273794, 35.755695870661583 ], [ -77.208418214262593, 35.755696128325809 ], [ -77.208708768849334, 35.755863871321665 ], [ -77.208996223989104, 35.756030811908403 ], [ -77.208999882227502, 35.756033155241475 ], [ -77.209003322837276, 35.756035808132417 ], [ -77.20924183482866, 35.756236868136909 ], [ -77.209475301471826, 35.756434490983466 ], [ -77.2094912967586, 35.756446703980721 ], [ -77.209814991271543, 35.756669000108573 ], [ -77.210143988180235, 35.756894937831639 ], [ -77.210150066512085, 35.756898951211284 ], [ -77.210570565883145, 35.75716573064787 ], [ -77.210571413039489, 35.757166274111896 ], [ -77.2106428548325, 35.757212614280704 ], [ -77.21064705330069, 35.757215492017565 ], [ -77.211010566739418, 35.757478499549805 ], [ -77.211025198815676, 35.757488138727211 ], [ -77.21104061840451, 35.757496460246124 ], [ -77.211056707156175, 35.757503400236523 ], [ -77.21139191141431, 35.757630884156036 ], [ -77.211408193918686, 35.757636289409582 ], [ -77.211424879758894, 35.757640279328285 ], [ -77.211848864680505, 35.757722615676151 ], [ -77.211863198610985, 35.757724863160263 ], [ -77.212285510389862, 35.757775462981918 ], [ -77.212289930973384, 35.757776196223105 ], [ -77.21229399440432, 35.757778085066647 ], [ -77.212707885711168, 35.757993693530125 ], [ -77.212732840684708, 35.758004602415852 ], [ -77.213045995138273, 35.75811677742162 ], [ -77.21306425306409, 35.758122349895103 ], [ -77.213385859630947, 35.758203951331197 ], [ -77.213389931160606, 35.758205171206264 ], [ -77.213393722361431, 35.758207058359758 ], [ -77.213704810472521, 35.758378692996821 ], [ -77.213708852889894, 35.758381182012172 ], [ -77.213712349459357, 35.758384392983857 ], [ -77.213993855243459, 35.758668832109635 ], [ -77.213996837513605, 35.758672126916601 ], [ -77.213999177613672, 35.758675884194503 ], [ -77.214245536061256, 35.759113415075092 ], [ -77.214248291380599, 35.759118667045357 ], [ -77.214363501576628, 35.75935506116938 ], [ -77.21437356761156, 35.759373249252917 ], [ -77.214385467167375, 35.759390294252576 ], [ -77.214399071689769, 35.759406012026346 ], [ -77.214414234205194, 35.75942023277063 ], [ -77.214614910776888, 35.759589729112804 ], [ -77.214633759939417, 35.759603835719432 ], [ -77.214654136205752, 35.759615629575819 ], [ -77.214992566223273, 35.759785754323332 ], [ -77.215018160419334, 35.759796466224991 ], [ -77.215460491787965, 35.759946473474486 ], [ -77.215469559077064, 35.759949310172608 ], [ -77.215918191783999, 35.760078049086601 ], [ -77.215931912090142, 35.760081466262271 ], [ -77.216325004449061, 35.76016473225345 ], [ -77.216337043181042, 35.760166899958293 ], [ -77.21682374560902, 35.760239246742948 ], [ -77.216840570785806, 35.760241024274187 ], [ -77.216857485994822, 35.760241373409023 ], [ -77.216874370188222, 35.760240291649019 ], [ -77.217325425669245, 35.760192166870361 ], [ -77.217328560479928, 35.760191882230359 ], [ -77.217829494888989, 35.760154336620417 ], [ -77.217838499483705, 35.760154068832946 ], [ -77.21828977137902, 35.760160996776875 ], [ -77.218290210088711, 35.760161003030646 ], [ -77.218729100739978, 35.760166777875263 ], [ -77.218745940783279, 35.760166289828994 ], [ -77.218762680006847, 35.760164386242323 ], [ -77.219077945222324, 35.760115007459028 ], [ -77.219402660928466, 35.760063994795452 ], [ -77.219415244730754, 35.760061602669253 ], [ -77.219757990813932, 35.759985000228824 ], [ -77.220100975183868, 35.759908344539781 ], [ -77.220112912381325, 35.759905287653751 ], [ -77.22055119658468, 35.759778543002284 ], [ -77.220568516247511, 35.759772663831249 ], [ -77.220918640833105, 35.759635658555169 ], [ -77.220936927805397, 35.759627422939346 ], [ -77.221333596171462, 35.759424274769344 ], [ -77.221346135304472, 35.759417273731231 ], [ -77.221835346751831, 35.759120603438035 ], [ -77.221840728706226, 35.759117563164246 ], [ -77.222217284090746, 35.758919945593973 ], [ -77.222224848062666, 35.758916371375349 ], [ -77.222556484043892, 35.758776325003637 ], [ -77.222567736018391, 35.75877234715098 ], [ -77.222783124342385, 35.758710399518087 ], [ -77.222787998162858, 35.758709261323418 ], [ -77.222792926138737, 35.758710135775935 ], [ -77.223050328884469, 35.758769387214365 ], [ -77.223055615316255, 35.758770757139501 ], [ -77.223510151964376, 35.758901892296045 ], [ -77.223517729824778, 35.758904410493358 ], [ -77.224111474669243, 35.759128428164949 ], [ -77.224114516143018, 35.759129547635119 ], [ -77.224764991227147, 35.759363000108358 ], [ -77.225089706568994, 35.759479538397827 ], [ -77.225092263746816, 35.759480495761309 ], [ -77.225431661811271, 35.759612871577822 ], [ -77.225771662481037, 35.759746870519884 ], [ -77.225772321876846, 35.759747129048861 ], [ -77.226112661545045, 35.759879871067859 ], [ -77.226452662644959, 35.760013870035756 ], [ -77.226453321610634, 35.760014128396691 ], [ -77.22679343747761, 35.760146783888402 ], [ -77.226794542636995, 35.760147222521645 ], [ -77.227162991426283, 35.760295999934343 ], [ -77.227531773286827, 35.760444911505182 ], [ -77.227532210368722, 35.760445087397351 ], [ -77.227910674582546, 35.760596872691437 ], [ -77.228263718039443, 35.760739863946114 ], [ -77.228274376836595, 35.760743832111061 ], [ -77.228837309737457, 35.760935365403498 ], [ -77.22885901279561, 35.760941409374979 ], [ -77.229110761100202, 35.760996451161851 ], [ -77.229127082179133, 35.760999316881524 ], [ -77.229143584469881, 35.761000821662726 ], [ -77.22944504623932, 35.761015755002113 ], [ -77.229454941622265, 35.7610159999372 ], [ -77.229835991189901, 35.76101599949812 ], [ -77.230217423131322, 35.761015999735427 ], [ -77.230228551338897, 35.761015689909861 ], [ -77.230868467685283, 35.760980029455709 ], [ -77.231399302995001, 35.760953236342743 ], [ -77.231408682513546, 35.760953203682817 ], [ -77.231424109100274, 35.760953874568024 ], [ -77.231429875251663, 35.760954042061556 ], [ -77.231768898945674, 35.760958998124444 ], [ -77.232133991647103, 35.760964000228107 ], [ -77.232492799705696, 35.760968915066861 ], [ -77.232505176722114, 35.760968701476976 ], [ -77.232954980628719, 35.760947000807569 ], [ -77.23340981986334, 35.760925104552406 ], [ -77.2334141649213, 35.760924989962383 ], [ -77.233843759943625, 35.760923001240897 ], [ -77.233844223064139, 35.760922998560751 ], [ -77.234271848525282, 35.760920028695928 ], [ -77.234275978500321, 35.760920171154524 ], [ -77.23428001428401, 35.760920991207144 ], [ -77.234622570922042, 35.761005403633135 ], [ -77.234627378725392, 35.761006716291789 ], [ -77.235222084822453, 35.76118512764689 ], [ -77.235227922310827, 35.761186782796734 ], [ -77.235587990962955, 35.761282999559853 ], [ -77.235947081107042, 35.761378954718055 ], [ -77.235954802968635, 35.761381356729892 ], [ -77.236774152892934, 35.761673073042495 ], [ -77.236802399787678, 35.761680851941158 ], [ -77.237176748654989, 35.761754951549776 ], [ -77.237177233894741, 35.761755046976148 ], [ -77.237565990469889, 35.761831000040836 ], [ -77.237951738590411, 35.761906363955077 ], [ -77.237958263710283, 35.761907526872626 ], [ -77.238498234794292, 35.761994555895967 ], [ -77.238503758545477, 35.761995367247273 ], [ -77.238981542210198, 35.762058746789421 ], [ -77.239000515497239, 35.762060349332664 ], [ -77.239474773903424, 35.762077735377666 ], [ -77.239489207639323, 35.762077743328412 ], [ -77.239912831321021, 35.762062680834113 ], [ -77.239931871464137, 35.76206109062062 ], [ -77.239950672980171, 35.762057690793611 ], [ -77.240535057286564, 35.761922907006145 ], [ -77.240542886344585, 35.761920934048369 ], [ -77.240962991114003, 35.761805999652267 ], [ -77.241386933232917, 35.761690016030229 ], [ -77.241802673804827, 35.761576006489747 ], [ -77.241817134532639, 35.761571444863613 ], [ -77.242220918567213, 35.761427025670251 ], [ -77.242630917708055, 35.76128002585898 ], [ -77.243040815657423, 35.761133420828486 ], [ -77.243043177784713, 35.761132609114235 ], [ -77.243411760518214, 35.761011075704502 ], [ -77.243412222614495, 35.761010922712991 ], [ -77.24378199120288, 35.760887999689849 ], [ -77.244151375179158, 35.76076520429995 ], [ -77.244152608841716, 35.76076480305737 ], [ -77.244627721032131, 35.760613675876783 ], [ -77.244633051075766, 35.760612299672452 ], [ -77.244638500432487, 35.760611520047398 ], [ -77.245195326456823, 35.7605630573401 ], [ -77.245196656497043, 35.760562950517425 ], [ -77.245589739341241, 35.760534018008173 ], [ -77.245978888063163, 35.760506362414368 ], [ -77.245983982912207, 35.760506261542268 ], [ -77.245989061587153, 35.760506681502797 ], [ -77.24645459225367, 35.760569274224942 ], [ -77.246465278757455, 35.760571308540783 ], [ -77.246944371105471, 35.760689857134217 ], [ -77.246948905557574, 35.76069121103972 ], [ -77.246953101980267, 35.760693398355848 ], [ -77.247512876605541, 35.76101993274785 ], [ -77.24751310528967, 35.761020065943889 ], [ -77.247790870281335, 35.761181602887213 ], [ -77.247798865288559, 35.761186777345763 ], [ -77.248105817565389, 35.761406876023969 ], [ -77.24810616401416, 35.761407123885199 ], [ -77.24839987216518, 35.761616780152949 ], [ -77.248417534765579, 35.761628040464345 ], [ -77.248436278205759, 35.761637391695047 ], [ -77.248675733207449, 35.761741575115245 ], [ -77.248693453008855, 35.761748305198701 ], [ -77.248711730350678, 35.761753327564847 ], [ -77.248730401063341, 35.761756597102114 ], [ -77.248990392775198, 35.761789518172279 ], [ -77.249010018039641, 35.761791026890691 ], [ -77.249029696564008, 35.761790599205227 ], [ -77.249405578295452, 35.761763882533494 ], [ -77.249430199536732, 35.761760585946867 ], [ -77.249949771719855, 35.761657834293466 ], [ -77.249958265797886, 35.761656531051607 ], [ -77.25041277063545, 35.761606681693131 ], [ -77.250425248168654, 35.761606098767956 ], [ -77.250666202549311, 35.761609923920389 ], [ -77.25067094329134, 35.761610226576018 ], [ -77.250675403981333, 35.761611860125029 ], [ -77.250891408427918, 35.76170291133041 ], [ -77.25089650891546, 35.761705231718921 ], [ -77.251444481601283, 35.761973304245352 ], [ -77.25145565600765, 35.761978352406189 ], [ -77.251762740483883, 35.762105896140966 ], [ -77.252072489322046, 35.762235534076233 ], [ -77.252079372946568, 35.762238727294239 ], [ -77.252443799864153, 35.76242490236671 ], [ -77.252810602429278, 35.762613286816219 ], [ -77.252813390831975, 35.762614691502101 ], [ -77.253140851244609, 35.762776460761621 ], [ -77.253150807753258, 35.762782110871825 ], [ -77.253494699457761, 35.763004227805489 ], [ -77.25349882824716, 35.7630072039467 ], [ -77.253502631960458, 35.76301058567455 ], [ -77.253761582601271, 35.763265642516515 ], [ -77.253768063194784, 35.763272667081509 ], [ -77.253922134934001, 35.763456589761191 ], [ -77.253927533434023, 35.763463649495876 ], [ -77.254141237126362, 35.763770481335129 ], [ -77.254144587118745, 35.763775620508383 ], [ -77.254327413826871, 35.76407584094936 ], [ -77.25433951655279, 35.764093510208866 ], [ -77.25468308096869, 35.764541595954427 ], [ -77.254693400485024, 35.764553986597022 ], [ -77.255037633747463, 35.76493496345271 ], [ -77.255050986020137, 35.764948402632584 ], [ -77.255358120118089, 35.76522955569417 ], [ -77.255375756382065, 35.76524394419296 ], [ -77.255394913272113, 35.765256235664317 ], [ -77.255602687553264, 35.765373420627824 ], [ -77.25561781188901, 35.765381123905215 ], [ -77.255633534914438, 35.765387517064504 ], [ -77.255649743389952, 35.765392554061187 ], [ -77.255944408071244, 35.76547058045454 ], [ -77.255947580265328, 35.765471392712442 ], [ -77.256505326661056, 35.76560935152667 ], [ -77.256518753762847, 35.765612187709337 ], [ -77.256764924787944, 35.765655421758765 ], [ -77.256782312628999, 35.765657694989457 ], [ -77.256799832757608, 35.765658436398716 ], [ -77.256817350485775, 35.765657640286875 ], [ -77.25708562693913, 35.765633627860808 ], [ -77.25710494759069, 35.765630943505158 ], [ -77.257123914853096, 35.76562638979248 ], [ -77.257142348303404, 35.765620010039214 ], [ -77.257572346684313, 35.765447276178321 ], [ -77.257593076958713, 35.765437535212875 ], [ -77.258034712213359, 35.765198234951946 ], [ -77.258039331407119, 35.76519588481424 ], [ -77.258287738398181, 35.765077503001166 ], [ -77.258298499839597, 35.765073122822059 ], [ -77.258513769926168, 35.764999778737362 ], [ -77.258519023936969, 35.764998306355956 ], [ -77.258524471303645, 35.764998620573607 ], [ -77.259091079952768, 35.765062783655743 ], [ -77.259094891681499, 35.765063289704216 ], [ -77.259508616427595, 35.76512633355059 ], [ -77.259512944412577, 35.765127190441319 ], [ -77.259517179741962, 35.76512842644356 ], [ -77.259787513571183, 35.765220475720973 ], [ -77.259791868886367, 35.765222192479698 ], [ -77.259795282207591, 35.76522539642535 ], [ -77.260011837854577, 35.76544884143803 ], [ -77.260012144954615, 35.765449157610085 ], [ -77.260222041894352, 35.765664779188526 ], [ -77.260243290409349, 35.765683705224362 ], [ -77.26054817244659, 35.765918598485342 ], [ -77.26055174449138, 35.765921483624489 ], [ -77.260902262697584, 35.766218150985679 ], [ -77.260914067466203, 35.766227405256153 ], [ -77.261194825549097, 35.766430979226605 ], [ -77.261198803687861, 35.766434188349514 ], [ -77.261202042227154, 35.766438142577805 ], [ -77.261399897854986, 35.766706798683146 ], [ -77.261405631279828, 35.766715499917062 ], [ -77.26152240000728, 35.766914582124834 ], [ -77.261524739985092, 35.766919085019993 ], [ -77.261525608543181, 35.766924084736537 ], [ -77.261566987426932, 35.767264966000127 ], [ -77.261608987587692, 35.767611965852439 ], [ -77.261649661169216, 35.767947039867352 ], [ -77.261653520282238, 35.767968747001696 ], [ -77.26171499118422, 35.768229999912876 ], [ -77.261778911461619, 35.768501660848287 ], [ -77.261779072156358, 35.768502338506003 ], [ -77.261842248014389, 35.768766703170343 ], [ -77.261846276949669, 35.768781144729509 ], [ -77.261997732098536, 35.769254682044192 ], [ -77.262008062823355, 35.769280595397952 ], [ -77.262048592266368, 35.769364679562109 ], [ -77.262057361885525, 35.769380913258715 ], [ -77.2620675902306, 35.769396269693289 ], [ -77.262079190248372, 35.769410618167548 ], [ -77.262092063211327, 35.769423836561948 ], [ -77.262106099557968, 35.769435812375015 ], [ -77.262398144808202, 35.769662566135594 ], [ -77.262401768812197, 35.769665518257703 ], [ -77.262646838799355, 35.769874870070652 ], [ -77.262892838956574, 35.77008586965961 ], [ -77.262893143236028, 35.770086130118216 ], [ -77.263139990886742, 35.770297000054086 ], [ -77.263385076080979, 35.770506363727456 ], [ -77.263388946671157, 35.770509586759189 ], [ -77.263726723510587, 35.770783724490819 ], [ -77.263737536722914, 35.770791908317783 ], [ -77.264228923240921, 35.771138246776005 ], [ -77.264231039658483, 35.771139780253407 ], [ -77.264460465592947, 35.771310630138544 ], [ -77.264464759145511, 35.771314220914022 ], [ -77.264468140553305, 35.771318681221267 ], [ -77.264570966015171, 35.771471503990043 ], [ -77.264573731066577, 35.771476136869957 ], [ -77.264575978880643, 35.771481041604133 ], [ -77.264683729716097, 35.771754337448797 ], [ -77.264684256797665, 35.771755660497355 ], [ -77.264938110257958, 35.772386327972015 ], [ -77.264939738561168, 35.772391046019102 ], [ -77.264939889377146, 35.7723960348657 ], [ -77.264934028340875, 35.772687172051747 ], [ -77.264933887972248, 35.772690824847921 ], [ -77.264896998441046, 35.773340864873042 ], [ -77.264878059591979, 35.773666816807541 ], [ -77.264877894111891, 35.773669180739006 ], [ -77.264848992957297, 35.774021977464834 ], [ -77.264820324766859, 35.774372910347502 ], [ -77.26481982444524, 35.774376972819148 ], [ -77.264818669918128, 35.774380885427583 ], [ -77.264700555387336, 35.7747283392371 ], [ -77.264699368470161, 35.774731639637317 ], [ -77.264597459109396, 35.775000130697222 ], [ -77.264595836041693, 35.775003925720775 ], [ -77.264593616559196, 35.775007388964141 ], [ -77.264439605613532, 35.775227267046375 ], [ -77.264436832195983, 35.775230865834814 ], [ -77.264433465254669, 35.775233888390964 ], [ -77.264095360291847, 35.775510877870872 ], [ -77.264092583372417, 35.775513071874151 ], [ -77.263817172226112, 35.775722861835156 ], [ -77.263816809621204, 35.77572313869765 ], [ -77.263540172745138, 35.775934861260218 ], [ -77.263263172543006, 35.776145862280501 ], [ -77.263262810800569, 35.776146138483732 ], [ -77.262986171326958, 35.776357861276402 ], [ -77.262709828779833, 35.776568362186012 ], [ -77.262708139994018, 35.776569620712174 ], [ -77.262388111100904, 35.776802912607337 ], [ -77.262066110896711, 35.777036912437488 ], [ -77.262065871324225, 35.777037086807844 ], [ -77.261751301924633, 35.777266399562308 ], [ -77.261739058124022, 35.777276078586944 ], [ -77.261494990647805, 35.777484999516659 ], [ -77.261255539382645, 35.77768997093348 ], [ -77.261235791732574, 35.777709400688664 ], [ -77.260895075127792, 35.77809459900206 ], [ -77.260885451907043, 35.778106348966546 ], [ -77.260876748068171, 35.778118795300614 ], [ -77.260712990757654, 35.778372999713788 ], [ -77.26054108455628, 35.778639856152587 ], [ -77.260369886512137, 35.778904614895325 ], [ -77.260368049982219, 35.778907354894081 ], [ -77.260144074409297, 35.779229880943674 ], [ -77.259921373831588, 35.779549579522197 ], [ -77.25991885715662, 35.779552889224249 ], [ -77.259915835777619, 35.77955572464829 ], [ -77.25962988226739, 35.779802639785558 ], [ -77.259625850309376, 35.779805774610573 ], [ -77.259621263268187, 35.779808020243429 ], [ -77.259159807287205, 35.780005223514081 ], [ -77.25915614528077, 35.780006703635017 ], [ -77.258825049285775, 35.780132978022387 ], [ -77.258495195191372, 35.780259012061698 ], [ -77.258484906790201, 35.780263275084977 ], [ -77.258018514205588, 35.780471924048435 ], [ -77.258003864541266, 35.780479211038667 ], [ -77.257989859548061, 35.780487671124781 ], [ -77.257976592958926, 35.780497247684927 ], [ -77.257789560318599, 35.780644259685545 ], [ -77.257775196349101, 35.780656698149592 ], [ -77.257762077587913, 35.780670443589294 ], [ -77.257750322444664, 35.78068537193866 ], [ -77.257583140651334, 35.780919791082518 ], [ -77.257401275134711, 35.78117342020996 ], [ -77.257394212903719, 35.781182181654131 ], [ -77.257117121785541, 35.781488855208217 ], [ -77.257116860374879, 35.781489145095456 ], [ -77.256865110585636, 35.78176886744054 ], [ -77.256840111638567, 35.781796544998997 ], [ -77.256836844062619, 35.781799840405995 ], [ -77.256833283648632, 35.78180281819558 ], [ -77.256566132760923, 35.782005892228916 ], [ -77.256294132176848, 35.782211893116369 ], [ -77.256293849730156, 35.782212107422879 ], [ -77.256024368368912, 35.782416953108395 ], [ -77.256021632239325, 35.782419070560778 ], [ -77.255581555471082, 35.782765767122342 ], [ -77.255578451767519, 35.782768262728304 ], [ -77.255298344941181, 35.782998118491683 ], [ -77.255285960890362, 35.783009171952365 ], [ -77.255274536113703, 35.78302121430206 ], [ -77.255264149311827, 35.783034162585913 ], [ -77.255144879085435, 35.7831961891006 ], [ -77.255133496046497, 35.783213456596464 ], [ -77.255123957102441, 35.783231807305853 ], [ -77.255116364257944, 35.78325104499546 ], [ -77.255110798707108, 35.783270963947054 ], [ -77.255078374816492, 35.783415461987047 ], [ -77.255074983247695, 35.783435120803276 ], [ -77.25507356700183, 35.783455019698771 ], [ -77.255066479676643, 35.783789933200573 ], [ -77.255067312067254, 35.783812875369499 ], [ -77.255070768080472, 35.783835571007003 ], [ -77.255116832702285, 35.784053250247688 ], [ -77.255117138535383, 35.784054752209187 ], [ -77.255178986724033, 35.784370864056683 ], [ -77.25517971454596, 35.784375995772187 ], [ -77.255178822069311, 35.784381101427613 ], [ -77.255138421509145, 35.784557313868326 ], [ -77.255134453826201, 35.78458115338605 ], [ -77.255133390548366, 35.784605297423681 ], [ -77.255137985229169, 35.784884670529792 ], [ -77.255137997141773, 35.784885328933534 ], [ -77.25514398523751, 35.785188676693807 ], [ -77.255148920458851, 35.785487734125972 ], [ -77.255149243173719, 35.785496260074808 ], [ -77.255165989696465, 35.785778979458847 ], [ -77.255182990446926, 35.786064978599128 ], [ -77.255192083904817, 35.786218504540962 ], [ -77.255194206056942, 35.786238027366878 ], [ -77.255198232596996, 35.786257247960954 ], [ -77.255204124704662, 35.786275981015393 ], [ -77.255211825573483, 35.78629404592283 ], [ -77.255221260958606, 35.786311268517558 ], [ -77.25523233989243, 35.786327482754714 ], [ -77.255244955561807, 35.786342532311103 ], [ -77.255258986337722, 35.786356272092355 ], [ -77.25527429694796, 35.786368569631776 ], [ -77.255290739781287, 35.786379306367465 ], [ -77.255308156310619, 35.786388378785425 ], [ -77.255326378621319, 35.786395699417504 ], [ -77.256755955698424, 35.786889987837782 ], [ -77.258000982868836, 35.787320997296717 ], [ -77.258566951512577, 35.787516985814328 ], [ -77.260489986072372, 35.788181998070371 ], [ -77.262045990797475, 35.788719999799376 ], [ -77.263601955086386, 35.789257986996112 ], [ -77.264846901987241, 35.789688969254719 ], [ -77.265779857130966, 35.790010953873335 ], [ -77.266402907063423, 35.790226970464104 ], [ -77.2667529113196, 35.790347972093755 ], [ -77.267335902101451, 35.79054896903839 ], [ -77.268269961056134, 35.790871989118507 ], [ -77.269774947687722, 35.791392984758922 ], [ -77.272314977658311, 35.792270995727527 ], [ -77.273248985075853, 35.79259399784921 ], [ -77.274804959147801, 35.79313198861697 ], [ -77.276049832403501, 35.793561945380659 ], [ -77.27636087021898, 35.793669957777155 ], [ -77.276361113085798, 35.79367004194134 ], [ -77.2772949614113, 35.793992990029295 ], [ -77.279161966982372, 35.794637991238844 ], [ -77.280717863676472, 35.795175955924933 ], [ -77.281028824430678, 35.795283942139271 ], [ -77.28102915809859, 35.795284057680945 ], [ -77.282896951502039, 35.795928986462265 ], [ -77.284452982683391, 35.796466996788283 ], [ -77.285074963454619, 35.796681990238092 ], [ -77.285824976614492, 35.796940995017756 ], [ -77.287571975825657, 35.797543994572145 ], [ -77.291006989642113, 35.798728999460721 ], [ -77.295690967054227, 35.800344991146744 ], [ -77.297564973772793, 35.800990994111906 ], [ -77.299750991038721, 35.801744999718629 ], [ -77.301936977802939, 35.802498995372801 ], [ -77.304123982043279, 35.803252996990182 ], [ -77.305684895124131, 35.803790966434107 ], [ -77.306621863358217, 35.804114955569922 ], [ -77.306622118245599, 35.804115043513718 ], [ -77.307870946688496, 35.80454498503795 ], [ -77.309120990352753, 35.804975999322302 ], [ -77.31095397579999, 35.805607994112677 ], [ -77.3125569687721, 35.806160992668893 ], [ -77.313493886069736, 35.806483963795863 ], [ -77.314100714179361, 35.806693903931915 ], [ -77.314101269273607, 35.806694095062284 ], [ -77.31474278906515, 35.806913930871815 ], [ -77.316304963131998, 35.807452989807032 ], [ -77.316663825486756, 35.807576942217487 ], [ -77.316664157987745, 35.807577056737486 ], [ -77.316861977449165, 35.807644995227321 ], [ -77.316928713507252, 35.807667904245115 ], [ -77.3169292683083, 35.80766809378752 ], [ -77.317028120338023, 35.807701703907142 ], [ -77.317165620053558, 35.807749870301862 ], [ -77.317166373580548, 35.807750132577404 ], [ -77.320366988280654, 35.808856998376427 ], [ -77.325365968273616, 35.810585991607731 ], [ -77.329740973363229, 35.812097993855765 ], [ -77.332866975480499, 35.813178994360676 ], [ -77.334051901625941, 35.813588968861907 ], [ -77.334741925032077, 35.813826976663528 ], [ -77.336303955496675, 35.814366987408988 ], [ -77.337944939924157, 35.814934981894453 ], [ -77.338491984600239, 35.815123997625463 ], [ -77.340991979697748, 35.815987996195005 ], [ -77.343492945298138, 35.816851983839079 ], [ -77.344018948900285, 35.817033984733058 ], [ -77.344429984166879, 35.817175997740947 ], [ -77.346305880975407, 35.81782396186788 ], [ -77.346778838812554, 35.817987947266246 ], [ -77.346779143816832, 35.817988052742685 ], [ -77.34755591822622, 35.818255975027668 ], [ -77.348492960287288, 35.818579988854992 ], [ -77.350364435696207, 35.819226426160228 ], [ -77.350368764052092, 35.819228158823137 ], [ -77.350368920700433, 35.819232818463277 ], [ -77.350351991385693, 35.820393967214216 ], [ -77.350324001924022, 35.822358226515398 ], [ -77.350323985866922, 35.82235977314906 ], [ -77.35032199658913, 35.822665116410953 ], [ -77.350270992067422, 35.825986920615996 ], [ -77.350179993647288, 35.832236836970317 ], [ -77.350179989177875, 35.832237162091886 ], [ -77.35017699345309, 35.832468780814686 ], [ -77.35014099323557, 35.834848888209955 ], [ -77.350140989985405, 35.834849111320544 ], [ -77.349998996666343, 35.844984576655378 ], [ -77.349982998257346, 35.845861595201598 ], [ -77.349982985137046, 35.845862404172109 ], [ -77.349855009011279, 35.854877755229282 ], [ -77.349854989167369, 35.8548802453832 ], [ -77.349853993114195, 35.855451652043612 ], [ -77.349853952087841, 35.855454347158222 ], [ -77.349836036838894, 35.856078412024502 ], [ -77.34983589528612, 35.856081585033962 ], [ -77.349809169149083, 35.856523060259079 ], [ -77.349808899858218, 35.856528943535608 ], [ -77.34978300249297, 35.857363638041036 ], [ -77.349724994005967, 35.859037916166621 ], [ -77.349658992332238, 35.860989978961086 ], [ -77.349620996089214, 35.862106854158476 ], [ -77.349511991932744, 35.865178989357595 ], [ -77.349471992966514, 35.866302951651569 ], [ -77.349433181672936, 35.867408561346494 ], [ -77.349432700389883, 35.867413924804801 ], [ -77.349430524671362, 35.867418850712625 ], [ -77.349344556989948, 35.867587953497583 ], [ -77.349341733263799, 35.867592807070274 ], [ -77.349337892249594, 35.867596903068986 ], [ -77.349077295958196, 35.867845044696267 ], [ -77.34906342361846, 35.867859655272916 ], [ -77.348919817082731, 35.86802703705078 ], [ -77.348918177867191, 35.868028972348327 ], [ -77.348200206662099, 35.868887606648812 ], [ -77.348190004367993, 35.868900902353204 ], [ -77.348180951024176, 35.868915005527526 ], [ -77.348173110199269, 35.868929817145442 ], [ -77.348082047630271, 35.869120783952425 ], [ -77.348079988645097, 35.869125241892114 ], [ -77.348055784298808, 35.869179383395569 ], [ -77.348048319249273, 35.869198711228158 ], [ -77.348042893872417, 35.869218707661922 ], [ -77.34803956639503, 35.869239158089087 ], [ -77.34799253743887, 35.869667029421088 ], [ -77.34799174638502, 35.86967194787826 ], [ -77.347990468317008, 35.86967676280603 ], [ -77.34771846992561, 35.870527501054255 ], [ -77.347717535318182, 35.870530505531171 ], [ -77.347670507139696, 35.870685988574451 ], [ -77.347668738626737, 35.870690893364085 ], [ -77.3476664672787, 35.870695586505462 ], [ -77.347494043383307, 35.871008904979817 ], [ -77.347318043506618, 35.871327905295296 ], [ -77.347317939337699, 35.871328094342893 ], [ -77.347145161197233, 35.871642055867525 ], [ -77.347140999870732, 35.87165003771468 ], [ -77.347001175812679, 35.871933625818777 ], [ -77.346858177011924, 35.872220626624483 ], [ -77.346857806486653, 35.872221374176803 ], [ -77.346716113993352, 35.872508750427336 ], [ -77.346573053770328, 35.872796874516077 ], [ -77.34657292925381, 35.872797125734991 ], [ -77.346431052963041, 35.87308387390447 ], [ -77.346288115512721, 35.873371750291405 ], [ -77.346287868407828, 35.873372249706655 ], [ -77.346148945161033, 35.873654009495219 ], [ -77.346142266879539, 35.873665543525739 ], [ -77.346017068367402, 35.873851883850548 ], [ -77.345988770923739, 35.873893874123553 ], [ -77.345985815027333, 35.873897821558771 ], [ -77.345981828819703, 35.873900725551024 ], [ -77.345644804348126, 35.87412146761433 ], [ -77.345643167769779, 35.87412251693911 ], [ -77.345201834628284, 35.874399469995282 ], [ -77.345200152219718, 35.874400537487098 ], [ -77.34481112545113, 35.874650102446665 ], [ -77.344794854439058, 35.874661728281623 ], [ -77.344779825755978, 35.874674920876409 ], [ -77.344766189653356, 35.874689548336114 ], [ -77.344754082460128, 35.874705464420565 ], [ -77.344677539527609, 35.874817276795007 ], [ -77.344672612287354, 35.874824834654873 ], [ -77.34453637954428, 35.875044475636876 ], [ -77.344528553045919, 35.875058289489367 ], [ -77.344521846951523, 35.875072680628826 ], [ -77.344427750095832, 35.87529751459904 ], [ -77.344420435695184, 35.875318075526735 ], [ -77.344415405023312, 35.875339310981644 ], [ -77.344412717976937, 35.87536096812795 ], [ -77.344400994361877, 35.875530961513491 ], [ -77.344388992989153, 35.875705970189536 ], [ -77.343870003289794, 35.88330682876402 ], [ -77.343471027471196, 35.889006486411233 ], [ -77.343470958179012, 35.889007514298228 ], [ -77.343241019462411, 35.892554558938464 ], [ -77.343240964236614, 35.892555441042866 ], [ -77.343182019781295, 35.893531521245762 ], [ -77.343041993624198, 35.895678960449743 ], [ -77.342857019584642, 35.898498563537977 ], [ -77.342856964296345, 35.898499435461197 ], [ -77.342851014508753, 35.89859662734537 ], [ -77.34242262937093, 35.905190609374728 ], [ -77.342422319351627, 35.905210228912786 ], [ -77.342423933378626, 35.905229784405684 ], [ -77.34242745591601, 35.905249087620852 ], [ -77.342432853057389, 35.905267952754052 ], [ -77.342440072852241, 35.905286198217816 ], [ -77.342449045806021, 35.905303648389335 ], [ -77.342459685549002, 35.905320135300954 ], [ -77.34280583859865, 35.905802786668602 ], [ -77.344837962522192, 35.908651959707036 ], [ -77.346452978024303, 35.910913981184585 ], [ -77.350420879726997, 35.916468843726825 ], [ -77.350738904426336, 35.916915877704589 ], [ -77.350739078995531, 35.9169161226989 ], [ -77.355439864191666, 35.923502822379128 ], [ -77.358017979394901, 35.927131983571492 ], [ -77.358404839089047, 35.927676786290512 ], [ -77.358405142824523, 35.92767721284789 ], [ -77.360866977895881, 35.931124981894982 ], [ -77.367888156253528, 35.940953431618475 ], [ -77.367891905483845, 35.940958508588565 ], [ -77.367917980960144, 35.940992676747065 ], [ -77.367919955824973, 35.940995355827589 ], [ -77.368160969109908, 35.941333969545845 ], [ -77.368888980909219, 35.942355985049566 ], [ -77.369131925637234, 35.94269690907079 ], [ -77.369132055691438, 35.942697091359655 ], [ -77.369176494686599, 35.94275930503818 ], [ -77.369177493438613, 35.942760690721407 ], [ -77.36928849886759, 35.942913322959804 ], [ -77.369313840314902, 35.942948787912904 ], [ -77.369314162739556, 35.94294923782364 ], [ -77.369359410504288, 35.943012192291341 ], [ -77.369360579352829, 35.943013801596692 ], [ -77.370672524573308, 35.944801364773973 ], [ -77.370673446951741, 35.944802642527947 ], [ -77.372148788770389, 35.946880715767669 ], [ -77.372149193620288, 35.946881283911857 ], [ -77.373906980237066, 35.949338984325074 ], [ -77.374658989705949, 35.950389997332756 ], [ -77.375968916651388, 35.95222089568194 ], [ -77.375969066119552, 35.952221104312144 ], [ -77.378438974109457, 35.955663975531479 ], [ -77.381551935523973, 35.960005922488627 ], [ -77.382054944312983, 35.960708934159911 ], [ -77.38222490894978, 35.960946884918975 ], [ -77.382225073146614, 35.960947114452246 ], [ -77.383424970714415, 35.962621971069787 ], [ -77.385035687770298, 35.96486857660674 ], [ -77.385269952326141, 35.965198944715141 ], [ -77.386320936541949, 35.966678922942748 ], [ -77.386775957263424, 35.96732095239323 ], [ -77.387359974955544, 35.968143977183686 ], [ -77.38802581597615, 35.969081752353866 ], [ -77.388026167856381, 35.969082246355931 ], [ -77.393999871706228, 35.977441832375192 ], [ -77.394000111791982, 35.977442167619465 ], [ -77.394777964175375, 35.978525961593462 ], [ -77.395198987447699, 35.979111995908518 ], [ -77.395805921716729, 35.979956903564378 ], [ -77.396212975817249, 35.980524979034541 ], [ -77.397101953684526, 35.98176494757994 ], [ -77.398119978880047, 35.983182982832922 ], [ -77.398861963429709, 35.984216961915287 ], [ -77.398912964156253, 35.984287962976026 ], [ -77.399250987267393, 35.9847589950989 ], [ -77.399967952113968, 35.985757945634241 ], [ -77.400473748750414, 35.9864636614559 ], [ -77.40586864622594, 35.994057513713202 ], [ -77.405869339670218, 35.9940584836678 ], [ -77.409197201938511, 35.998684121814861 ], [ -77.409199702274705, 35.998687972546051 ] ], [ [ -76.978767272943415, 35.661976077031767 ], [ -76.978750056695432, 35.661984701325373 ], [ -76.978733749606491, 35.661994941270912 ], [ -76.978718502834184, 35.662006701949835 ], [ -76.978704457707565, 35.662019874347209 ], [ -76.978691744417091, 35.662034336362289 ], [ -76.978680480807881, 35.662049953940269 ], [ -76.97867077128727, 35.662066582314935 ], [ -76.978662705857104, 35.662084067350563 ], [ -76.978656359279398, 35.662102246970633 ], [ -76.978651790383395, 35.662120952660246 ], [ -76.978649041520185, 35.662140011028107 ], [ -76.9786481381702, 35.662159245413811 ], [ -76.978649088707002, 35.662178477525352 ], [ -76.978651884319646, 35.662197529091813 ], [ -76.978656499094342, 35.66221622351582 ], [ -76.978662890254725, 35.662234387510523 ], [ -76.978670998558314, 35.662251852705836 ], [ -76.978680748845676, 35.662268457209173 ], [ -76.978692050737081, 35.662284047106077 ], [ -76.978704799470307, 35.662298477886907 ], [ -76.978718876871753, 35.6623116157864 ], [ -76.978734152451764, 35.662323339023573 ], [ -76.978750484614267, 35.662333538930568 ], [ -76.979397320058865, 35.662695439341945 ], [ -76.979414678280847, 35.662704074401546 ], [ -76.979432791020855, 35.662710988211913 ], [ -76.979451488077032, 35.662716115805345 ], [ -76.979470593756844, 35.662719408998854 ], [ -76.979489928527968, 35.662720836846944 ], [ -76.979509310705367, 35.66272038593241 ], [ -76.979528558158535, 35.662718060492409 ], [ -76.979547490022938, 35.662713882378647 ], [ -76.97956592839958, 35.662707890852026 ], [ -76.979583700026666, 35.662700142213744 ], [ -76.979600637907708, 35.662690709276241 ], [ -76.979616582880794, 35.662679680678963 ], [ -76.979631385114132, 35.662667160055463 ], [ -76.97964490551405, 35.662653265059582 ], [ -76.979657017032025, 35.662638126259864 ], [ -76.979667605858481, 35.662621885912628 ], [ -76.979676572492338, 35.662604696625209 ], [ -76.980052118876742, 35.661790830274796 ], [ -76.980059365845989, 35.661772891475792 ], [ -76.980064845598761, 35.661754336385314 ], [ -76.980068506855673, 35.661735338641478 ], [ -76.980070315354766, 35.661716076024724 ], [ -76.980070254172148, 35.661696728794183 ], [ -76.980068323880346, 35.661677478000776 ], [ -76.980064542543005, 35.661658503792992 ], [ -76.980058945545792, 35.661639983731028 ], [ -76.980051585265272, 35.661622091125189 ], [ -76.980042530578771, 35.661604993414073 ], [ -76.980031866219846, 35.661588850597653 ], [ -76.980019691985333, 35.661573813740041 ], [ -76.980006121801409, 35.661560023555801 ], [ -76.979991282657565, 35.661547609093155 ], [ -76.979975313418137, 35.661536686526354 ], [ -76.979958363522925, 35.661527358068525 ], [ -76.979940591588644, 35.661519711015174 ], [ -76.979922163924655, 35.661513816927226 ], [ -76.979903252976584, 35.661509730961441 ], [ -76.979884035712672, 35.661507491354179 ], [ -76.97986469196762, 35.661507119063643 ], [ -76.979845402759736, 35.661508617573702 ], [ -76.979826348597001, 35.661511972861355 ], [ -76.979807707787799, 35.661517153527882 ], [ -76.979789654772418, 35.661524111092731 ], [ -76.978767272943415, 35.661976077031767 ] ] ] } }
]
}
