{
"type": "FeatureCollection",
"name": "nc_house_of_representatives_district_055_rep",
"crs": { "type": "name", "properties": { "name": "urn:ogc:def:crs:OGC:1.3:CRS84" } },
"features": [
{ "type": "Feature", "properties": { "county": "UNION", "precinct": "7", "enr_desc": "Mt. Carmel Methodist Church", "winner": "Clancy Baucom", "winner_votes": 405.0, "winner_share": 75.559701492537314, "runner_up": "John Powell", "runner_up_votes": 77.0, "runner_up_share": 14.365671641791044, "contest_votes": 536.0, "margin_of_victory": 61.194029850746269, "is_tie": false, "results": [ { "candidate": "Clancy Baucom", "votes": 405, "share": 75.55970149253731 }, { "candidate": "John Powell", "votes": 77, "share": 14.365671641791044 }, { "candidate": "Richard T. Miller", "votes": 54, "share": 10.074626865671641 } ], "participated": true, "map_key": "UNION_7" }, "geometry": { "type": "Polygon", "coordinates": [ [ [ -80.656345991438087, 34.900486000018553 ], [ -80.653983991719087, 34.938547000299778 ], [ -80.643629991805867, 34.937108000435117 ], [ -80.634461991357526, 34.937254999996874 ], [ -80.635573990932016, 34.941858999836462 ], [ -80.639496991530677, 34.94630500012186 ], [ -80.635851991361804, 34.948746000441375 ], [ -80.627848991729664, 34.958200999821749 ], [ -80.574233991593019, 34.98332700004935 ], [ -80.5705749916701, 34.982593000301016 ], [ -80.569808990781823, 34.981787999909926 ], [ -80.568263991128774, 34.981874000122197 ], [ -80.567609991674246, 34.978738000409024 ], [ -80.564297991418258, 34.97099799999431 ], [ -80.567103990871701, 34.969236000226658 ], [ -80.56682499168862, 34.968640000246488 ], [ -80.573831991510517, 34.963729999669248 ], [ -80.585110991471268, 34.951225000400953 ], [ -80.579074991646479, 34.939850000467636 ], [ -80.578956991436172, 34.931172000094726 ], [ -80.577264991550493, 34.927440000550334 ], [ -80.576633991004229, 34.920980999713663 ], [ -80.577671991783816, 34.91723599974187 ], [ -80.577074990789285, 34.914357000245325 ], [ -80.577854990944715, 34.905893999856815 ], [ -80.580916990931456, 34.895757000457941 ], [ -80.584616990846868, 34.889808000073089 ], [ -80.590681991794014, 34.889705999969593 ], [ -80.592363991493514, 34.887520000539034 ], [ -80.597338990769302, 34.886763000466999 ], [ -80.600236991788577, 34.887492999890554 ], [ -80.60459099079317, 34.892072999984805 ], [ -80.604839991362539, 34.896048999969651 ], [ -80.604090990965034, 34.898366000003385 ], [ -80.604774990811421, 34.89962499975077 ], [ -80.60322299126625, 34.900877000470722 ], [ -80.603198990918415, 34.902646000279795 ], [ -80.601446990812789, 34.902436000132695 ], [ -80.601377991451997, 34.903334999971548 ], [ -80.599189991723492, 34.904046000110696 ], [ -80.598882991561737, 34.905700999928726 ], [ -80.593908991126028, 34.907561000236427 ], [ -80.593773991241733, 34.910698000192177 ], [ -80.59510199104156, 34.911968000387908 ], [ -80.608929991310916, 34.908307000331348 ], [ -80.613086991110322, 34.908019000210331 ], [ -80.624123991729476, 34.899194999803875 ], [ -80.624236990757538, 34.899733000499232 ], [ -80.640801991297081, 34.900705999872692 ], [ -80.656345991438087, 34.900486000018553 ] ] ] } },
{ "type": "Feature", "properties": { "county": "UNION", "precinct": "8", "enr_desc": "Wingate Community Center", "winner": "Clancy Baucom", "winner_votes": 107.0, "winner_share": 74.825174825174827, "runner_up": "John Powell", "runner_up_votes": 25.0, "runner_up_share": 17.482517482517483, "contest_votes": 143.0, "margin_of_victory": 57.342657342657347, "is_tie": false, "results": [ { "candidate": "Clancy Baucom", "votes": 107, "share": 74.82517482517483 }, { "candidate": "John Powell", "votes": 25, "share": 17.482517482517483 }, { "candidate": "Richard T. Miller", "votes": 11, "share": 7.6923076923076925 } ], "participated": true, "map_key": "UNION_8" }, "geometry": { "type": "Polygon", "coordinates": [ [ [ -80.485119991325973, 34.980210000014978 ], [ -80.488184990857761, 34.979770000557302 ], [ -80.487330991346781, 34.982162999665221 ], [ -80.478466991754985, 34.981640999919733 ], [ -80.47714299109397, 34.987131000419552 ], [ -80.477453991739296, 34.988158000350353 ], [ -80.483326991662977, 34.989480000178112 ], [ -80.481372991667229, 34.993882999959602 ], [ -80.482089991111621, 34.996060000359719 ], [ -80.474923991321575, 34.998972000048759 ], [ -80.470167991176126, 35.001937999873029 ], [ -80.435184990882462, 35.007290999794641 ], [ -80.436255991720074, 34.991723999676346 ], [ -80.434691991595074, 34.99068700036679 ], [ -80.436438990985835, 34.989244000397335 ], [ -80.437159991449803, 34.981138000000676 ], [ -80.438779991533352, 34.954829000129905 ], [ -80.441073991765251, 34.955050000001798 ], [ -80.440917990764987, 34.960971999956044 ], [ -80.445387991167721, 34.965706000242342 ], [ -80.446205991786826, 34.967979000057198 ], [ -80.445500990883119, 34.968851000221136 ], [ -80.446893991060463, 34.970537999876505 ], [ -80.446541991144869, 34.971747999797678 ], [ -80.4500749913378, 34.972311000483217 ], [ -80.450489991610155, 34.971639000241154 ], [ -80.457425990980482, 34.970856000161568 ], [ -80.465723991731352, 34.966443000183425 ], [ -80.470585991459018, 34.965112999955423 ], [ -80.471689990854756, 34.965836999887024 ], [ -80.47128799172971, 34.96826999975125 ], [ -80.468396991345713, 34.968492999703876 ], [ -80.469708990981118, 34.970036999835365 ], [ -80.468755990789361, 34.971019000308395 ], [ -80.470546991124081, 34.974816999759028 ], [ -80.470039990854573, 34.978747000430893 ], [ -80.47636999152364, 34.98110599984345 ], [ -80.485119991325973, 34.980210000014978 ] ] ] } },
{ "type": "Feature", "properties": { "county": "UNION", "precinct": "2", "enr_desc": "Monroe Middle School", "winner": "Clancy Baucom", "winner_votes": 91.0, "winner_share": 66.423357664233578, "runner_up": "John Powell", "runner_up_votes": 32.0, "runner_up_share": 23.357664233576642, "contest_votes": 137.0, "margin_of_victory": 43.065693430656935, "is_tie": false, "results": [ { "candidate": "Clancy Baucom", "votes": 91, "share": 66.42335766423358 }, { "candidate": "John Powell", "votes": 32, "share": 23.357664233576642 }, { "candidate": "Richard T. Miller", "votes": 14, "share": 10.218978102189782 } ], "participated": true, "map_key": "UNION_2" }, "geometry": { "type": "Polygon", "coordinates": [ [ [ -80.545481990898793, 34.955674000453214 ], [ -80.553468991271245, 34.955325000185461 ], [ -80.558866990890778, 34.956685999871993 ], [ -80.555984991528305, 34.969222000130721 ], [ -80.560579991307279, 34.968669999688409 ], [ -80.562942990719222, 34.971171999847606 ], [ -80.56682499168862, 34.968640000246488 ], [ -80.567103990871701, 34.969236000226658 ], [ -80.564297991418258, 34.97099799999431 ], [ -80.567609991674246, 34.978738000409024 ], [ -80.567340991759963, 34.979461999746697 ], [ -80.565574991719288, 34.976980000473986 ], [ -80.563680991670239, 34.977853000028617 ], [ -80.561138991464048, 34.977741000293271 ], [ -80.561083991284008, 34.97659000019398 ], [ -80.556785991317355, 34.976653999894033 ], [ -80.556004991629493, 34.975543000040439 ], [ -80.551709991102513, 34.978261000325681 ], [ -80.541900991589927, 34.978703000204462 ], [ -80.53949399140005, 34.977783999784165 ], [ -80.539934991483108, 34.976511000323924 ], [ -80.541954991669314, 34.976414999756649 ], [ -80.541790991487062, 34.972355999971541 ], [ -80.538886991523356, 34.971629000252392 ], [ -80.539028990748108, 34.970088000469637 ], [ -80.540689991741701, 34.970276000037281 ], [ -80.54079099148089, 34.970892000269913 ], [ -80.542560991569871, 34.969932000534385 ], [ -80.543931991281326, 34.970533999729781 ], [ -80.543913991587743, 34.964144000178038 ], [ -80.546114991729027, 34.961048000249534 ], [ -80.545481990898793, 34.955674000453214 ] ] ] } },
{ "type": "Feature", "properties": { "county": "UNION", "precinct": "1", "enr_desc": "Benton Heights Church Of God", "winner": "Clancy Baucom", "winner_votes": 16.0, "winner_share": 53.333333333333336, "runner_up": "John Powell", "runner_up_votes": 9.0, "runner_up_share": 30.0, "contest_votes": 30.0, "margin_of_victory": 23.333333333333336, "is_tie": false, "results": [ { "candidate": "Clancy Baucom", "votes": 16, "share": 53.333333333333336 }, { "candidate": "John Powell", "votes": 9, "share": 30.0 }, { "candidate": "Richard T. Miller", "votes": 5, "share": 16.666666666666664 } ], "participated": true, "map_key": "UNION_1" }, "geometry": { "type": "Polygon", "coordinates": [ [ [ -80.569739991265862, 34.989884000006349 ], [ -80.570947991032455, 34.991136999753081 ], [ -80.57330399160486, 34.99029200028172 ], [ -80.574969991471974, 34.993290000174561 ], [ -80.572902991616075, 34.993179000223222 ], [ -80.571084991219266, 34.994337000217875 ], [ -80.571493991541629, 34.994840999666231 ], [ -80.570339991325127, 34.996110000372163 ], [ -80.565796991128025, 34.994692000182106 ], [ -80.563306991762744, 34.99786100013322 ], [ -80.573039991220242, 35.003536999938348 ], [ -80.569475991012808, 35.005548000131675 ], [ -80.567376991776712, 35.012770999843184 ], [ -80.556230990948706, 35.00479900000181 ], [ -80.550566991198764, 35.004609000023585 ], [ -80.547186991016488, 35.010260000110357 ], [ -80.545142991070591, 35.012217999717798 ], [ -80.543172991262523, 35.01231899969148 ], [ -80.54374699147688, 35.003874999856542 ], [ -80.540047990959337, 35.003387000127503 ], [ -80.539128991564453, 35.005219000253511 ], [ -80.538266991590547, 35.003798999788557 ], [ -80.538429991741111, 35.000111000159059 ], [ -80.546896990805223, 34.999722000113657 ], [ -80.548038991096959, 34.998597000099814 ], [ -80.548846990903485, 34.997515000567155 ], [ -80.548649991685792, 34.990621000549318 ], [ -80.549541990736117, 34.985251000335239 ], [ -80.564362991157765, 34.986369000136897 ], [ -80.56356699164688, 34.986880999712263 ], [ -80.565714991320917, 34.988515000412868 ], [ -80.569739991265862, 34.989884000006349 ] ] ] } },
{ "type": "Feature", "properties": { "county": "UNION", "precinct": "3", "enr_desc": "St. Lukes Lutheran Church", "winner": "Clancy Baucom", "winner_votes": 81.0, "winner_share": 63.779527559055119, "runner_up": "John Powell", "runner_up_votes": 34.0, "runner_up_share": 26.771653543307089, "contest_votes": 127.0, "margin_of_victory": 37.00787401574803, "is_tie": false, "results": [ { "candidate": "Clancy Baucom", "votes": 81, "share": 63.77952755905512 }, { "candidate": "John Powell", "votes": 34, "share": 26.77165354330709 }, { "candidate": "Richard T. Miller", "votes": 12, "share": 9.448818897637794 } ], "participated": true, "map_key": "UNION_3" }, "geometry": { "type": "Polygon", "coordinates": [ [ [ -80.522891990721419, 34.961085999752001 ], [ -80.523764990863498, 34.960200000153151 ], [ -80.523090991684242, 34.958264999930506 ], [ -80.52424099139651, 34.957018999934405 ], [ -80.527180990808247, 34.958560999786485 ], [ -80.530331991475336, 34.955879999978421 ], [ -80.539717991460975, 34.955561000493503 ], [ -80.54185899155901, 34.954147999836543 ], [ -80.544902991751826, 34.95441599984543 ], [ -80.545481990898793, 34.955674000453214 ], [ -80.546114991729027, 34.961048000249534 ], [ -80.543913991587743, 34.964144000178038 ], [ -80.543931991281326, 34.970533999729781 ], [ -80.542560991569871, 34.969932000534385 ], [ -80.54079099148089, 34.970892000269913 ], [ -80.540689991741701, 34.970276000037281 ], [ -80.539028990748108, 34.970088000469637 ], [ -80.538886991523356, 34.971629000252392 ], [ -80.541790991487062, 34.972355999971541 ], [ -80.541954991669314, 34.976414999756649 ], [ -80.539934991483108, 34.976511000323924 ], [ -80.53949399140005, 34.977783999784165 ], [ -80.538671991151446, 34.9793060003473 ], [ -80.53096599118031, 34.975226000168149 ], [ -80.520192991316691, 34.97343099995534 ], [ -80.518503991720436, 34.974047000332924 ], [ -80.51128799094775, 34.968259999990643 ], [ -80.506741990824779, 34.966643999709277 ], [ -80.503215991785723, 34.963372999810346 ], [ -80.506473991574765, 34.964442000014877 ], [ -80.507258991728364, 34.962354000420923 ], [ -80.51154899157612, 34.962483000063521 ], [ -80.511979990913005, 34.96345000019668 ], [ -80.511142991541718, 34.964484000011964 ], [ -80.510176991661851, 34.964395999971742 ], [ -80.511761991081215, 34.965875999714456 ], [ -80.514217991375247, 34.963491999848934 ], [ -80.516146991222882, 34.964666000142266 ], [ -80.515392991704061, 34.962907000518491 ], [ -80.518986991075565, 34.961758999963394 ], [ -80.519684991644326, 34.960385999933607 ], [ -80.522891990721419, 34.961085999752001 ] ] ] } },
{ "type": "Feature", "properties": { "county": "UNION", "precinct": "4", "enr_desc": "Sutton Park Recreation Center", "winner": "Clancy Baucom", "winner_votes": 19.0, "winner_share": 59.375, "runner_up": "John Powell", "runner_up_votes": 7.0, "runner_up_share": 21.875, "contest_votes": 32.0, "margin_of_victory": 37.5, "is_tie": false, "results": [ { "candidate": "Clancy Baucom", "votes": 19, "share": 59.375 }, { "candidate": "John Powell", "votes": 7, "share": 21.875 }, { "candidate": "Richard T. Miller", "votes": 6, "share": 18.75 } ], "participated": true, "map_key": "UNION_4" }, "geometry": { "type": "Polygon", "coordinates": [ [ [ -80.506741990824779, 34.966643999709277 ], [ -80.51128799094775, 34.968259999990643 ], [ -80.518503991720436, 34.974047000332924 ], [ -80.52101899072953, 34.977172000542396 ], [ -80.526207991388176, 34.98124400022057 ], [ -80.529090991122146, 34.986198000462089 ], [ -80.53296199116653, 34.99014500014124 ], [ -80.548038991096959, 34.998597000099814 ], [ -80.546896990805223, 34.999722000113657 ], [ -80.538429991741111, 35.000111000159059 ], [ -80.536563991584714, 35.000193000155136 ], [ -80.531842990909283, 35.008352000350612 ], [ -80.528286991670271, 35.007522000435856 ], [ -80.519405990738107, 35.002403999881061 ], [ -80.52226099124789, 34.997181999900619 ], [ -80.519777991161703, 34.996491999741544 ], [ -80.5190249915224, 34.997228999901225 ], [ -80.513378991080046, 34.993561000192088 ], [ -80.512536991674736, 34.99061100033817 ], [ -80.509827990990118, 34.990035000054327 ], [ -80.508235991388858, 34.993978999664265 ], [ -80.508148991078585, 34.999861000062879 ], [ -80.504935991649333, 34.99924199965524 ], [ -80.503715990963101, 34.996857000229291 ], [ -80.498695991350999, 34.999187000264818 ], [ -80.497427991440517, 34.999035000382385 ], [ -80.495486991129454, 34.996857999666055 ], [ -80.491236990783221, 34.996697000474462 ], [ -80.489263990887423, 34.998009000127723 ], [ -80.486422991773253, 34.998480999880833 ], [ -80.486023991591395, 34.99543299996445 ], [ -80.489533991542501, 34.993493999776554 ], [ -80.489052990934283, 34.992754000418635 ], [ -80.482089991111621, 34.996060000359719 ], [ -80.481372991667229, 34.993882999959602 ], [ -80.483326991662977, 34.989480000178112 ], [ -80.477453991739296, 34.988158000350353 ], [ -80.47714299109397, 34.987131000419552 ], [ -80.478466991754985, 34.981640999919733 ], [ -80.487330991346781, 34.982162999665221 ], [ -80.488184990857761, 34.979770000557302 ], [ -80.485119991325973, 34.980210000014978 ], [ -80.485291991534751, 34.976766000250969 ], [ -80.486887991155882, 34.976575999776585 ], [ -80.486851991174646, 34.978103000291348 ], [ -80.490789991142691, 34.978849000315606 ], [ -80.494631991327225, 34.976445999984037 ], [ -80.495333991167001, 34.972803000542775 ], [ -80.497892990777757, 34.972324000447308 ], [ -80.497395991650421, 34.970303999815933 ], [ -80.501564991453222, 34.969052999821876 ], [ -80.50341099124735, 34.96744099990444 ], [ -80.506715991653223, 34.967316000089092 ], [ -80.506741990824779, 34.966643999709277 ] ] ] } },
{ "type": "Feature", "properties": { "county": null, "precinct": null, "enr_desc": "Benton Heights Presbyterian Church", "winner": null, "winner_votes": null, "winner_share": null, "runner_up": null, "runner_up_votes": null, "runner_up_share": null, "contest_votes": null, "margin_of_victory": null, "is_tie": false, "results": null, "participated": false, "map_key": null }, "geometry": { "type": "Polygon", "coordinates": [ [ [ -80.538429991741111, 35.000111000159059 ], [ -80.538266991590547, 35.003798999788557 ], [ -80.539128991564453, 35.005219000253511 ], [ -80.540047990959337, 35.003387000127503 ], [ -80.54374699147688, 35.003874999856542 ], [ -80.543172991262523, 35.01231899969148 ], [ -80.545142991070591, 35.012217999717798 ], [ -80.547186991016488, 35.010260000110357 ], [ -80.550566991198764, 35.004609000023585 ], [ -80.556230990948706, 35.00479900000181 ], [ -80.557053990815092, 35.008604000535897 ], [ -80.556920991710072, 35.01407399988728 ], [ -80.562955991324571, 35.032192000521242 ], [ -80.570701991800505, 35.043666000041554 ], [ -80.568317991483553, 35.046524000518154 ], [ -80.570806991415452, 35.056576000111484 ], [ -80.530027991760932, 35.056933000055132 ], [ -80.491935991471109, 35.055506999813787 ], [ -80.49487499166267, 35.053950999911628 ], [ -80.505884990857524, 35.038363999963003 ], [ -80.510516991485218, 35.02834899983749 ], [ -80.519405990738107, 35.002403999881061 ], [ -80.528286991670271, 35.007522000435856 ], [ -80.531842990909283, 35.008352000350612 ], [ -80.536563991584714, 35.000193000155136 ], [ -80.538429991741111, 35.000111000159059 ] ] ] } },
{ "type": "Feature", "properties": { "county": "UNION", "precinct": "9", "enr_desc": "Beaver Lane Vfd", "winner": "Clancy Baucom", "winner_votes": 69.0, "winner_share": 85.18518518518519, "runner_up": "John Powell", "runner_up_votes": 9.0, "runner_up_share": 11.111111111111111, "contest_votes": 81.0, "margin_of_victory": 74.074074074074076, "is_tie": false, "results": [ { "candidate": "Clancy Baucom", "votes": 69, "share": 85.18518518518519 }, { "candidate": "John Powell", "votes": 9, "share": 11.11111111111111 }, { "candidate": "Richard T. Miller", "votes": 3, "share": 3.7037037037037033 } ], "participated": true, "map_key": "UNION_9" }, "geometry": { "type": "Polygon", "coordinates": [ [ [ -80.394864991335908, 34.984770999839469 ], [ -80.395447991340831, 34.986238999966062 ], [ -80.379844991226207, 34.987693000493529 ], [ -80.381422991646531, 34.988485999881128 ], [ -80.37807099170324, 34.989934999733663 ], [ -80.377616991707498, 34.987450000301557 ], [ -80.377870991679956, 34.994829000413382 ], [ -80.373142991165366, 34.994874000466275 ], [ -80.374175991697598, 34.996310999825013 ], [ -80.370778991300853, 34.996279999839416 ], [ -80.370238991194668, 34.99492100035274 ], [ -80.359683990789776, 34.995523000496483 ], [ -80.359314990738866, 34.99705499982614 ], [ -80.356585991516411, 34.995946000405937 ], [ -80.355822991462134, 34.996350999973494 ], [ -80.355293991532676, 34.995461999869597 ], [ -80.351616991501857, 34.995606999705707 ], [ -80.352213991715431, 34.994075000306736 ], [ -80.353705991140231, 34.993717000029527 ], [ -80.35371099133728, 34.991682000164474 ], [ -80.351250990994458, 34.991813999940881 ], [ -80.351364990851422, 34.990754000077239 ], [ -80.345179991049605, 34.991070000364282 ], [ -80.345055991654149, 34.990211000170518 ], [ -80.347169991461499, 34.990101999976368 ], [ -80.346944991237635, 34.988793000104927 ], [ -80.350974991556043, 34.988575000071116 ], [ -80.351030991602329, 34.987587000422472 ], [ -80.350258991030856, 34.987678000455048 ], [ -80.349975991063488, 34.986091999703227 ], [ -80.352047990737347, 34.986283000309783 ], [ -80.352955990829301, 34.987243999791701 ], [ -80.352634991356808, 34.985270000148674 ], [ -80.354313991329363, 34.985057000173384 ], [ -80.355391990760012, 34.986955000493751 ], [ -80.356543990788822, 34.986819999669173 ], [ -80.356156991432655, 34.985914999778146 ], [ -80.357061991576174, 34.98460200048379 ], [ -80.357596991582199, 34.985176999798938 ], [ -80.35765999127112, 34.980826000455309 ], [ -80.361854991132972, 34.980881000402441 ], [ -80.361425991761095, 34.979284000244817 ], [ -80.359321991682478, 34.979535000384331 ], [ -80.358779990714694, 34.977276999729852 ], [ -80.362097991241839, 34.977072999861029 ], [ -80.361978991333459, 34.979467999802033 ], [ -80.363023990881956, 34.980537999789327 ], [ -80.364097990923227, 34.979979000548774 ], [ -80.363524991018409, 34.980765999950862 ], [ -80.367034991388692, 34.980584000536368 ], [ -80.367126990986407, 34.976702000379895 ], [ -80.374346991364874, 34.977677000066016 ], [ -80.374444991214304, 34.975764999737272 ], [ -80.377046991508294, 34.976897000236548 ], [ -80.376805990892166, 34.978070000236698 ], [ -80.374346991325524, 34.978568000517342 ], [ -80.375281991143041, 34.980130000033057 ], [ -80.376378991332018, 34.98011100054859 ], [ -80.376899991566887, 34.978086000249263 ], [ -80.378731991606344, 34.977706000541062 ], [ -80.382238991792192, 34.97857600031098 ], [ -80.381141991336833, 34.979294000324181 ], [ -80.383088991195578, 34.980826000194753 ], [ -80.383155991023642, 34.9818630002204 ], [ -80.384320991089382, 34.981493000036146 ], [ -80.3846929907793, 34.982759999858949 ], [ -80.386295991751922, 34.983786000290856 ], [ -80.389431991245218, 34.983753000002558 ], [ -80.391571991098914, 34.984845999748721 ], [ -80.391420990881102, 34.982743999863757 ], [ -80.394307991374205, 34.982602000181494 ], [ -80.394864991335908, 34.984770999839469 ] ] ] } },
{ "type": "Feature", "properties": { "county": "UNION", "precinct": "10", "enr_desc": "Ellen Fitzgerald Senior Center", "winner": "Clancy Baucom", "winner_votes": 84.0, "winner_share": 56.756756756756758, "runner_up": "John Powell", "runner_up_votes": 34.0, "runner_up_share": 22.972972972972975, "contest_votes": 148.0, "margin_of_victory": 33.783783783783782, "is_tie": false, "results": [ { "candidate": "Clancy Baucom", "votes": 84, "share": 56.75675675675676 }, { "candidate": "John Powell", "votes": 34, "share": 22.972972972972975 }, { "candidate": "Richard T. Miller", "votes": 30, "share": 20.27027027027027 } ], "participated": true, "map_key": "UNION_10" }, "geometry": { "type": "Polygon", "coordinates": [ [ [ -80.53949399140005, 34.977783999784165 ], [ -80.541900991589927, 34.978703000204462 ], [ -80.551709991102513, 34.978261000325681 ], [ -80.556004991629493, 34.975543000040439 ], [ -80.556785991317355, 34.976653999894033 ], [ -80.561083991284008, 34.97659000019398 ], [ -80.561138991464048, 34.977741000293271 ], [ -80.563680991670239, 34.977853000028617 ], [ -80.565574991719288, 34.976980000473986 ], [ -80.567340991759963, 34.979461999746697 ], [ -80.567609991674246, 34.978738000409024 ], [ -80.568263991128774, 34.981874000122197 ], [ -80.569808990781823, 34.981787999909926 ], [ -80.5705749916701, 34.982593000301016 ], [ -80.571021991104217, 34.984800000078202 ], [ -80.569536990836525, 34.985343999920779 ], [ -80.570254990991884, 34.987313000403361 ], [ -80.568975991557551, 34.988949999975468 ], [ -80.56734399112635, 34.988841999676971 ], [ -80.569739991265862, 34.989884000006349 ], [ -80.565714991320917, 34.988515000412868 ], [ -80.56356699164688, 34.986880999712263 ], [ -80.564362991157765, 34.986369000136897 ], [ -80.549541990736117, 34.985251000335239 ], [ -80.549496991810855, 34.983351000518979 ], [ -80.5465099908876, 34.983420999777167 ], [ -80.545244991058382, 34.982120000342142 ], [ -80.538671991151446, 34.9793060003473 ], [ -80.53949399140005, 34.977783999784165 ] ] ] } },
{ "type": "Feature", "properties": { "county": "UNION", "precinct": "11", "enr_desc": "Euto Baptist Church", "winner": "Clancy Baucom", "winner_votes": 508.0, "winner_share": 92.531876138433518, "runner_up": "John Powell", "runner_up_votes": 32.0, "runner_up_share": 5.8287795992714022, "contest_votes": 549.0, "margin_of_victory": 86.703096539162118, "is_tie": false, "results": [ { "candidate": "Clancy Baucom", "votes": 508, "share": 92.53187613843352 }, { "candidate": "John Powell", "votes": 32, "share": 5.828779599271402 }, { "candidate": "Richard T. Miller", "votes": 9, "share": 1.639344262295082 } ], "participated": true, "map_key": "UNION_11" }, "geometry": { "type": "Polygon", "coordinates": [ [ [ -80.2900879912128, 35.081039999930724 ], [ -80.294161991151697, 35.088366000090637 ], [ -80.303973991315956, 35.094670999926329 ], [ -80.306605991088588, 35.097223000465817 ], [ -80.310536991143167, 35.098939000402176 ], [ -80.313919991395679, 35.098186000138114 ], [ -80.321823991747635, 35.0999689998741 ], [ -80.333699991182641, 35.090247000288308 ], [ -80.338432991751162, 35.089643000123949 ], [ -80.343738991641047, 35.084721000346313 ], [ -80.353658991102918, 35.079770999784635 ], [ -80.362761991340193, 35.078075000280741 ], [ -80.369654991720267, 35.074357000009876 ], [ -80.375330991070115, 35.070595000514643 ], [ -80.390844990823553, 35.057585000545245 ], [ -80.393127991543054, 35.06006600051623 ], [ -80.395576991475124, 35.067856000192023 ], [ -80.398736991631012, 35.068126000280465 ], [ -80.401896991288879, 35.067038000325965 ], [ -80.40654499081117, 35.068207000395674 ], [ -80.406498990874255, 35.070777000364352 ], [ -80.410842990782953, 35.078143000502664 ], [ -80.416942991493102, 35.080889000363129 ], [ -80.419672991593856, 35.085122999782669 ], [ -80.420337991702041, 35.087599000263985 ], [ -80.421809991666805, 35.088388000434051 ], [ -80.431217991663729, 35.089653000506949 ], [ -80.431553991080747, 35.071471000429547 ], [ -80.438810991279837, 35.067779999669156 ], [ -80.445281991575825, 35.066502999805003 ], [ -80.447355991302118, 35.065266000062941 ], [ -80.450239990724398, 35.068470000423254 ], [ -80.458400991416951, 35.074591000510296 ], [ -80.46206899131451, 35.078700000423687 ], [ -80.467341991311969, 35.080143000156909 ], [ -80.469588990825017, 35.081739999732939 ], [ -80.462949991673497, 35.085585999916553 ], [ -80.444149990864616, 35.110281999702153 ], [ -80.43471199142526, 35.122428000217965 ], [ -80.432074990765102, 35.128635999945182 ], [ -80.430371991747776, 35.130306000074505 ], [ -80.428191991409065, 35.167577999923999 ], [ -80.425476991307121, 35.17019799993362 ], [ -80.419104991039589, 35.172866000101671 ], [ -80.416425991121244, 35.170589999729565 ], [ -80.415743991656441, 35.166492000481611 ], [ -80.412352990982811, 35.163409999812124 ], [ -80.408555991159758, 35.163747000531309 ], [ -80.405434991557968, 35.166490000224044 ], [ -80.40290899151664, 35.167293000325209 ], [ -80.400755991162882, 35.167202999752945 ], [ -80.397780991755312, 35.165452000527033 ], [ -80.388926991241689, 35.165710000341647 ], [ -80.379592990990687, 35.17278400013226 ], [ -80.376771991639231, 35.177507000386647 ], [ -80.370121990954956, 35.179786000240476 ], [ -80.368683990904373, 35.179211999990351 ], [ -80.366010991614075, 35.17574000013321 ], [ -80.364482991502115, 35.170607000152337 ], [ -80.359519990743109, 35.165694999956642 ], [ -80.356981990743861, 35.164939999756683 ], [ -80.354167991180233, 35.16578600027875 ], [ -80.351550991248573, 35.169285999802376 ], [ -80.346105991520545, 35.169117000021295 ], [ -80.339894991666341, 35.17430199985337 ], [ -80.334894990972955, 35.173710000137632 ], [ -80.331382991612202, 35.175937000206886 ], [ -80.328244991332653, 35.176663999939656 ], [ -80.326118991573395, 35.176205000309949 ], [ -80.323169990838693, 35.173427999722804 ], [ -80.32147099123938, 35.17311999985553 ], [ -80.320440991006095, 35.174457999891757 ], [ -80.321344991371319, 35.177559999809134 ], [ -80.320930990818866, 35.178725000118654 ], [ -80.318207991341183, 35.180255000101575 ], [ -80.310451991177914, 35.18057700034521 ], [ -80.305351991190619, 35.181921000182001 ], [ -80.304346991745078, 35.183101000407895 ], [ -80.30388399095996, 35.188044999847101 ], [ -80.299639991215415, 35.190043000116518 ], [ -80.295746991617179, 35.194053000454318 ], [ -80.292475991329979, 35.194121999862674 ], [ -80.289196991622077, 35.191859999710466 ], [ -80.287093991183539, 35.191426999675627 ], [ -80.283849991004857, 35.192502999739133 ], [ -80.281633991753353, 35.19576000044578 ], [ -80.276828991076158, 35.195722000440547 ], [ -80.2900879912128, 35.081039999930724 ] ] ] } },
{ "type": "Feature", "properties": { "county": null, "precinct": null, "enr_desc": "Bethlehem Presbyterian Church", "winner": null, "winner_votes": null, "winner_share": null, "runner_up": null, "runner_up_votes": null, "runner_up_share": null, "contest_votes": null, "margin_of_victory": null, "is_tie": false, "results": null, "participated": false, "map_key": null }, "geometry": { "type": "Polygon", "coordinates": [ [ [ -80.444149990864616, 35.110281999702153 ], [ -80.449722991533136, 35.111985999850035 ], [ -80.45118799083599, 35.117197000002179 ], [ -80.453546991587345, 35.118735999747209 ], [ -80.457549990810065, 35.123332000366247 ], [ -80.465664990900763, 35.123557000359867 ], [ -80.472843991664405, 35.124870000060064 ], [ -80.474617991126422, 35.124389000269282 ], [ -80.477512991067556, 35.121374999921287 ], [ -80.479244991655136, 35.121434000043429 ], [ -80.480272990922131, 35.119283000325311 ], [ -80.484138990884617, 35.117094000193688 ], [ -80.48539199144264, 35.118788999787064 ], [ -80.489130991285037, 35.121097999869072 ], [ -80.499519990982449, 35.121232000135215 ], [ -80.504650991182743, 35.120269000418929 ], [ -80.51148899155514, 35.121417000085252 ], [ -80.511009991712868, 35.112095999693786 ], [ -80.511939991533666, 35.105034000328999 ], [ -80.516296990940717, 35.099083000201091 ], [ -80.536575991183355, 35.104063000205961 ], [ -80.565707990856509, 35.109670000303339 ], [ -80.576789991473447, 35.112556000299634 ], [ -80.577653991000119, 35.114599000075792 ], [ -80.577159991370678, 35.125506999982406 ], [ -80.576250991750157, 35.126719000245366 ], [ -80.573116991416427, 35.127637000423043 ], [ -80.571395990854441, 35.129278999719716 ], [ -80.573045991263783, 35.138817000425306 ], [ -80.566514991416611, 35.143643999735772 ], [ -80.561468991362176, 35.155119000265778 ], [ -80.558992990975653, 35.153285000089213 ], [ -80.552973991760197, 35.150781999977553 ], [ -80.548584991660135, 35.157145000138058 ], [ -80.541477991195094, 35.156662999846766 ], [ -80.538233991735396, 35.159789000363283 ], [ -80.542618990989055, 35.169204000051607 ], [ -80.542458991284207, 35.176075000305602 ], [ -80.539559990977935, 35.182007999929745 ], [ -80.529994990899354, 35.193321999751447 ], [ -80.5280149917334, 35.196961000373918 ], [ -80.504984991586085, 35.184997999949623 ], [ -80.50529699082368, 35.183299000137751 ], [ -80.503580990719598, 35.18174099967154 ], [ -80.493363990887033, 35.178855999780595 ], [ -80.489456990830547, 35.175602000068601 ], [ -80.485790991031052, 35.17637999983782 ], [ -80.482659991612081, 35.179982999672269 ], [ -80.47897499161455, 35.179313999939154 ], [ -80.476781990909046, 35.17682300022966 ], [ -80.476633991295188, 35.172312000315067 ], [ -80.471711990891933, 35.169419999763235 ], [ -80.469350991148303, 35.166755000191067 ], [ -80.467709991434617, 35.166903000506515 ], [ -80.465448991025511, 35.169773999715389 ], [ -80.463732990719066, 35.170372000322679 ], [ -80.461647991251056, 35.168985999952369 ], [ -80.459346990978588, 35.1650770004875 ], [ -80.455890991010534, 35.164257000352904 ], [ -80.452858991225725, 35.165522000540776 ], [ -80.44722899071472, 35.164796000479335 ], [ -80.439864991677553, 35.161042000273227 ], [ -80.435923990701511, 35.165043000190046 ], [ -80.430472991403263, 35.166108000464597 ], [ -80.428191991409065, 35.167577999923999 ], [ -80.430371991747776, 35.130306000074505 ], [ -80.432074990765102, 35.128635999945182 ], [ -80.43471199142526, 35.122428000217965 ], [ -80.444149990864616, 35.110281999702153 ] ] ] } },
{ "type": "Feature", "properties": { "county": "UNION", "precinct": "21", "enr_desc": "Walkersville Presbyterian Church", "winner": "Clancy Baucom", "winner_votes": 336.0, "winner_share": 81.553398058252426, "runner_up": "John Powell", "runner_up_votes": 54.0, "runner_up_share": 13.106796116504855, "contest_votes": 412.0, "margin_of_victory": 68.446601941747574, "is_tie": false, "results": [ { "candidate": "Clancy Baucom", "votes": 336, "share": 81.55339805825243 }, { "candidate": "John Powell", "votes": 54, "share": 13.106796116504855 }, { "candidate": "Richard T. Miller", "votes": 22, "share": 5.339805825242718 } ], "participated": true, "map_key": "UNION_21" }, "geometry": { "type": "Polygon", "coordinates": [ [ [ -80.693719990801682, 34.818993999967162 ], [ -80.698450991350938, 34.829513999749331 ], [ -80.69956799127057, 34.838029000199001 ], [ -80.701194990933672, 34.840797000506164 ], [ -80.702286990858795, 34.844952000113281 ], [ -80.702211991284187, 34.856673999904025 ], [ -80.704156991779413, 34.864558999709892 ], [ -80.711657991806845, 34.879059000387777 ], [ -80.707117990789556, 34.877389999799057 ], [ -80.704457990761085, 34.879261999979811 ], [ -80.702927991811933, 34.878663000265234 ], [ -80.702688991095158, 34.877809000141902 ], [ -80.699586990911016, 34.877776000306149 ], [ -80.697106991357472, 34.878849000153053 ], [ -80.700696991353411, 34.885362000016229 ], [ -80.701792991215044, 34.890286000562654 ], [ -80.70390299086452, 34.894719000059006 ], [ -80.708442990755628, 34.896837000434807 ], [ -80.710573991799237, 34.900157000304766 ], [ -80.714288991142453, 34.903049000214494 ], [ -80.706814991136866, 34.904000999831034 ], [ -80.697250991608698, 34.907791999791044 ], [ -80.692907990809218, 34.91075899982301 ], [ -80.689070991141833, 34.906878000141532 ], [ -80.685634991790508, 34.901705000492676 ], [ -80.678251991592063, 34.901655000544515 ], [ -80.668500991583187, 34.900200999707486 ], [ -80.656345991438087, 34.900486000018553 ], [ -80.640801991297081, 34.900705999872692 ], [ -80.624236990757538, 34.899733000499232 ], [ -80.624123991729476, 34.899194999803875 ], [ -80.613086991110322, 34.908019000210331 ], [ -80.608929991310916, 34.908307000331348 ], [ -80.59510199104156, 34.911968000387908 ], [ -80.593773991241733, 34.910698000192177 ], [ -80.593908991126028, 34.907561000236427 ], [ -80.598882991561737, 34.905700999928726 ], [ -80.599189991723492, 34.904046000110696 ], [ -80.601377991451997, 34.903334999971548 ], [ -80.601446990812789, 34.902436000132695 ], [ -80.603198990918415, 34.902646000279795 ], [ -80.60322299126625, 34.900877000470722 ], [ -80.604774990811421, 34.89962499975077 ], [ -80.604090990965034, 34.898366000003385 ], [ -80.604839991362539, 34.896048999969651 ], [ -80.60459099079317, 34.892072999984805 ], [ -80.600236991788577, 34.887492999890554 ], [ -80.597338990769302, 34.886763000466999 ], [ -80.603527991679542, 34.886399000554199 ], [ -80.608374991396033, 34.883513000369163 ], [ -80.617133990849894, 34.88087500023731 ], [ -80.6152789910997, 34.873471000410134 ], [ -80.617550990750161, 34.86769800004604 ], [ -80.618458991723827, 34.857731000081557 ], [ -80.62196999112814, 34.848853999936964 ], [ -80.620560991517152, 34.833775000242959 ], [ -80.62306699078178, 34.823307999775174 ], [ -80.62535699180259, 34.820477999680669 ], [ -80.626076991115696, 34.818208000369587 ], [ -80.693719990801682, 34.818993999967162 ] ] ] } },
{ "type": "Feature", "properties": { "county": null, "precinct": null, "enr_desc": "Unionville Vfd", "winner": null, "winner_votes": null, "winner_share": null, "runner_up": null, "runner_up_votes": null, "runner_up_share": null, "contest_votes": null, "margin_of_victory": null, "is_tie": false, "results": null, "participated": false, "map_key": null }, "geometry": { "type": "Polygon", "coordinates": [ [ [ -80.530027991760932, 35.056933000055132 ], [ -80.529750990976112, 35.067165999777444 ], [ -80.531682990750284, 35.087104999754779 ], [ -80.536575991183355, 35.104063000205961 ], [ -80.516296990940717, 35.099083000201091 ], [ -80.511939991533666, 35.105034000328999 ], [ -80.511009991712868, 35.112095999693786 ], [ -80.51148899155514, 35.121417000085252 ], [ -80.504650991182743, 35.120269000418929 ], [ -80.499519990982449, 35.121232000135215 ], [ -80.489130991285037, 35.121097999869072 ], [ -80.48539199144264, 35.118788999787064 ], [ -80.484138990884617, 35.117094000193688 ], [ -80.480272990922131, 35.119283000325311 ], [ -80.479244991655136, 35.121434000043429 ], [ -80.477512991067556, 35.121374999921287 ], [ -80.474617991126422, 35.124389000269282 ], [ -80.472843991664405, 35.124870000060064 ], [ -80.465664990900763, 35.123557000359867 ], [ -80.457549990810065, 35.123332000366247 ], [ -80.453546991587345, 35.118735999747209 ], [ -80.45118799083599, 35.117197000002179 ], [ -80.449722991533136, 35.111985999850035 ], [ -80.444149990864616, 35.110281999702153 ], [ -80.462949991673497, 35.085585999916553 ], [ -80.469588990825017, 35.081739999732939 ], [ -80.478140991658066, 35.074352000418102 ], [ -80.487175990969121, 35.058863000089239 ], [ -80.491935991471109, 35.055506999813787 ], [ -80.530027991760932, 35.056933000055132 ] ] ] } },
{ "type": "Feature", "properties": { "county": null, "precinct": null, "enr_desc": "Indian Trail Library", "winner": null, "winner_votes": null, "winner_share": null, "runner_up": null, "runner_up_votes": null, "runner_up_share": null, "contest_votes": null, "margin_of_victory": null, "is_tie": false, "results": null, "participated": false, "map_key": null }, "geometry": { "type": "Polygon", "coordinates": [ [ [ -80.641304991392488, 35.044954999963146 ], [ -80.654982991619136, 35.05373899990775 ], [ -80.665409991784756, 35.0620140000267 ], [ -80.667940990791024, 35.063868999690001 ], [ -80.678325991704241, 35.067707000194666 ], [ -80.685107991686721, 35.074522000262171 ], [ -80.681362990848086, 35.078510999885296 ], [ -80.682051991541144, 35.079913999686362 ], [ -80.687708991111933, 35.078387999730488 ], [ -80.690552991419452, 35.081730000498986 ], [ -80.692360990870441, 35.081989999814212 ], [ -80.683808991090046, 35.083801000554132 ], [ -80.683558991761657, 35.087288000195592 ], [ -80.689253990905286, 35.086590000425211 ], [ -80.689578990909837, 35.087614000280944 ], [ -80.68607199074961, 35.089384999976168 ], [ -80.686849991265319, 35.090036999933517 ], [ -80.685500991540408, 35.088982000142579 ], [ -80.684769991652971, 35.089583000374269 ], [ -80.683443991245582, 35.087321000221365 ], [ -80.682370991299322, 35.087639000387753 ], [ -80.677866991357931, 35.083014000087026 ], [ -80.676454991390742, 35.084241999679428 ], [ -80.674545991690024, 35.082752000544801 ], [ -80.672905991161954, 35.083999000552609 ], [ -80.674179991091478, 35.088749999746042 ], [ -80.673373991436478, 35.090558000286741 ], [ -80.670968991193789, 35.084838000533949 ], [ -80.669671990918545, 35.085442000520544 ], [ -80.669175991532015, 35.084748000560801 ], [ -80.66411999128691, 35.087256000326427 ], [ -80.660523990721643, 35.083899000059773 ], [ -80.645827991572048, 35.07019299996923 ], [ -80.616557990906443, 35.048760000525441 ], [ -80.616680991387526, 35.048648000286434 ], [ -80.616987990883132, 35.048224000569334 ], [ -80.617672991048067, 35.046220000455747 ], [ -80.62025299120981, 35.043127999996258 ], [ -80.622523990786107, 35.042619000219453 ], [ -80.628984991145231, 35.037638000365526 ], [ -80.641304991392488, 35.044954999963146 ] ] ] } },
{ "type": "Feature", "properties": { "county": null, "precinct": null, "enr_desc": "Stallings United Methodist Church", "winner": null, "winner_votes": null, "winner_share": null, "runner_up": null, "runner_up_votes": null, "runner_up_share": null, "contest_votes": null, "margin_of_victory": null, "is_tie": false, "results": null, "participated": false, "map_key": null }, "geometry": { "type": "Polygon", "coordinates": [ [ [ -80.72687399143193, 35.060036000118274 ], [ -80.736465990746126, 35.060113000379552 ], [ -80.68139799103264, 35.103409000571141 ], [ -80.66411999128691, 35.087256000326427 ], [ -80.669175991532015, 35.084748000560801 ], [ -80.669671990918545, 35.085442000520544 ], [ -80.670968991193789, 35.084838000533949 ], [ -80.673373991436478, 35.090558000286741 ], [ -80.674179991091478, 35.088749999746042 ], [ -80.672905991161954, 35.083999000552609 ], [ -80.674545991690024, 35.082752000544801 ], [ -80.676454991390742, 35.084241999679428 ], [ -80.677866991357931, 35.083014000087026 ], [ -80.682370991299322, 35.087639000387753 ], [ -80.683443991245582, 35.087321000221365 ], [ -80.684769991652971, 35.089583000374269 ], [ -80.685500991540408, 35.088982000142579 ], [ -80.686849991265319, 35.090036999933517 ], [ -80.68607199074961, 35.089384999976168 ], [ -80.689578990909837, 35.087614000280944 ], [ -80.689253990905286, 35.086590000425211 ], [ -80.683558991761657, 35.087288000195592 ], [ -80.683808991090046, 35.083801000554132 ], [ -80.692360990870441, 35.081989999814212 ], [ -80.690552991419452, 35.081730000498986 ], [ -80.687708991111933, 35.078387999730488 ], [ -80.682051991541144, 35.079913999686362 ], [ -80.681362990848086, 35.078510999885296 ], [ -80.685107991686721, 35.074522000262171 ], [ -80.686832991651244, 35.076270000074452 ], [ -80.695353991329853, 35.074307999889776 ], [ -80.693823991595735, 35.070817000236886 ], [ -80.692616991380646, 35.070062000478799 ], [ -80.699313991072842, 35.070238999899878 ], [ -80.699309990999083, 35.07200299997136 ], [ -80.706077991702713, 35.069461000220009 ], [ -80.706245991433491, 35.071785000451008 ], [ -80.708015991793829, 35.071034000093675 ], [ -80.707713991546527, 35.069265000118513 ], [ -80.709973991376941, 35.068422000118026 ], [ -80.709981991142087, 35.070858000564272 ], [ -80.710923990882051, 35.072777000117995 ], [ -80.713824991243143, 35.071866000027043 ], [ -80.715788991717289, 35.071095000052139 ], [ -80.715655991087402, 35.070539000440355 ], [ -80.711138991509202, 35.068609999779675 ], [ -80.711692991634052, 35.066709000164117 ], [ -80.718634990932799, 35.062932999707193 ], [ -80.727262991551768, 35.062717000412924 ], [ -80.72687399143193, 35.060036000118274 ] ] ] } },
{ "type": "Feature", "properties": { "county": null, "precinct": null, "enr_desc": "Hemby Bridge Elementary School", "winner": null, "winner_votes": null, "winner_share": null, "runner_up": null, "runner_up_votes": null, "runner_up_share": null, "contest_votes": null, "margin_of_victory": null, "is_tie": false, "results": null, "participated": false, "map_key": null }, "geometry": { "type": "Polygon", "coordinates": [ [ [ -80.612545990819257, 35.07561199969021 ], [ -80.615907991090168, 35.078523000375256 ], [ -80.620388990911138, 35.085548000409496 ], [ -80.626305991072726, 35.091391000151958 ], [ -80.628278991780761, 35.088361000277551 ], [ -80.629281990999957, 35.089413999990342 ], [ -80.631143991080734, 35.088226000058434 ], [ -80.635084991599939, 35.091152000252329 ], [ -80.634571991264835, 35.093505000540851 ], [ -80.638678990713103, 35.092522000101575 ], [ -80.63860499145288, 35.091366000123656 ], [ -80.642026991176152, 35.091383999670263 ], [ -80.642732991419663, 35.087934000468906 ], [ -80.645376991151082, 35.08698400037192 ], [ -80.64601499142077, 35.088182000219419 ], [ -80.646597990984418, 35.087292999725797 ], [ -80.647301991733016, 35.087946000190691 ], [ -80.64925599076912, 35.086811999821641 ], [ -80.648623990817043, 35.084424000024832 ], [ -80.65119699086938, 35.082049000055648 ], [ -80.656510991206261, 35.085111000136578 ], [ -80.655856990750991, 35.085653000005287 ], [ -80.65691999163964, 35.086418000289399 ], [ -80.653037991433479, 35.089330000431666 ], [ -80.653875991575447, 35.091182000312209 ], [ -80.652992990964194, 35.095613000399233 ], [ -80.657624991329541, 35.10097600027359 ], [ -80.655634991710642, 35.103258000398057 ], [ -80.651268991047658, 35.105648000222146 ], [ -80.648624991571566, 35.105560000452385 ], [ -80.647921991487479, 35.107006000035497 ], [ -80.643814991253876, 35.110000999871275 ], [ -80.645437990993116, 35.110871999784358 ], [ -80.645435990925833, 35.11264699995823 ], [ -80.641675991383607, 35.116993999944185 ], [ -80.632508990703883, 35.104988999823291 ], [ -80.626013991308866, 35.109994000125262 ], [ -80.619253991681958, 35.117228000240928 ], [ -80.615450991421127, 35.119022000150494 ], [ -80.609458991056314, 35.12342199972403 ], [ -80.605352990804548, 35.123639999902601 ], [ -80.602714991607598, 35.124898999818846 ], [ -80.602130991132839, 35.124236000365947 ], [ -80.603233991116639, 35.123878000486727 ], [ -80.603321990755674, 35.122949000071664 ], [ -80.602513991407662, 35.12151500040973 ], [ -80.596400990771897, 35.119489999875107 ], [ -80.592305991253184, 35.11505699975983 ], [ -80.590130991347507, 35.11614200016011 ], [ -80.59059199164129, 35.114179999737587 ], [ -80.589840991632656, 35.115907999956917 ], [ -80.587008991294113, 35.116294999911112 ], [ -80.586553990760322, 35.115961999736818 ], [ -80.586747991771333, 35.113092000001473 ], [ -80.584100991094402, 35.104576000150878 ], [ -80.585205991078155, 35.089702000403811 ], [ -80.596533991738582, 35.090236999798357 ], [ -80.599974990849901, 35.089559000563405 ], [ -80.604396990875017, 35.08608999973027 ], [ -80.60910699124031, 35.080784000278882 ], [ -80.610645991089115, 35.076680000366345 ], [ -80.612545990819257, 35.07561199969021 ] ] ] } },
{ "type": "Feature", "properties": { "county": "UNION", "precinct": "24", "enr_desc": "Prospect Elementary School", "winner": "Clancy Baucom", "winner_votes": 297.0, "winner_share": 73.880597014925371, "runner_up": "John Powell", "runner_up_votes": 70.0, "runner_up_share": 17.412935323383085, "contest_votes": 402.0, "margin_of_victory": 56.46766169154229, "is_tie": false, "results": [ { "candidate": "Clancy Baucom", "votes": 297, "share": 73.88059701492537 }, { "candidate": "John Powell", "votes": 70, "share": 17.412935323383085 }, { "candidate": "Richard T. Miller", "votes": 35, "share": 8.706467661691542 } ], "participated": true, "map_key": "UNION_24" }, "geometry": { "type": "Polygon", "coordinates": [ [ [ -80.626076991115696, 34.818208000369587 ], [ -80.62535699180259, 34.820477999680669 ], [ -80.62306699078178, 34.823307999775174 ], [ -80.620560991517152, 34.833775000242959 ], [ -80.62196999112814, 34.848853999936964 ], [ -80.618458991723827, 34.857731000081557 ], [ -80.617550990750161, 34.86769800004604 ], [ -80.6152789910997, 34.873471000410134 ], [ -80.617133990849894, 34.88087500023731 ], [ -80.608374991396033, 34.883513000369163 ], [ -80.603527991679542, 34.886399000554199 ], [ -80.597338990769302, 34.886763000466999 ], [ -80.592363991493514, 34.887520000539034 ], [ -80.590681991794014, 34.889705999969593 ], [ -80.584616990846868, 34.889808000073089 ], [ -80.584914991003231, 34.888266000461549 ], [ -80.578075991122162, 34.89001499998232 ], [ -80.575553991390862, 34.888132000227465 ], [ -80.571726991637078, 34.88840800002356 ], [ -80.57035299084545, 34.889329000071264 ], [ -80.570644991497971, 34.889826000537312 ], [ -80.563159991010849, 34.890557999969602 ], [ -80.56044799124237, 34.893000000505829 ], [ -80.559842991333753, 34.896583999954629 ], [ -80.55806599177167, 34.898898000190158 ], [ -80.559138991316587, 34.903428999862484 ], [ -80.557544991043244, 34.904890999935418 ], [ -80.557516990905114, 34.908004000239714 ], [ -80.555538990805616, 34.908619000439636 ], [ -80.555183991528239, 34.909517999838485 ], [ -80.556068991314248, 34.911136000060729 ], [ -80.554807991409945, 34.914553999721974 ], [ -80.555547991401255, 34.919013000441673 ], [ -80.545477990807413, 34.919038999845469 ], [ -80.546005990953461, 34.920790000139924 ], [ -80.54454999131525, 34.924166000160405 ], [ -80.53668099158061, 34.921322999675603 ], [ -80.528612991733013, 34.920636000515756 ], [ -80.525918991567949, 34.921142000157218 ], [ -80.520950991676429, 34.915392000214368 ], [ -80.515144991187952, 34.912495999910625 ], [ -80.510527990927343, 34.906850000450234 ], [ -80.503831991512683, 34.893555000084852 ], [ -80.503185991530415, 34.890795000248538 ], [ -80.491322991421043, 34.868704999811087 ], [ -80.488844991023583, 34.862482000217163 ], [ -80.484576991111823, 34.855092000165115 ], [ -80.483389990848863, 34.850764000387656 ], [ -80.480368991310996, 34.84578299978223 ], [ -80.480808990891376, 34.842261999872328 ], [ -80.487491991409456, 34.836373000125981 ], [ -80.486219990934146, 34.831973000105144 ], [ -80.485444991553408, 34.8239579998843 ], [ -80.48567599145241, 34.816686000452876 ], [ -80.626076991115696, 34.818208000369587 ] ] ] } },
{ "type": "Feature", "properties": { "county": "UNION", "precinct": "25", "enr_desc": "Rock Rest Elementary School", "winner": "Clancy Baucom", "winner_votes": 226.0, "winner_share": 84.014869888475843, "runner_up": "John Powell", "runner_up_votes": 24.0, "runner_up_share": 8.921933085501859, "contest_votes": 269.0, "margin_of_victory": 75.092936802973981, "is_tie": false, "results": [ { "candidate": "Clancy Baucom", "votes": 226, "share": 84.01486988847584 }, { "candidate": "John Powell", "votes": 24, "share": 8.921933085501859 }, { "candidate": "Richard T. Miller", "votes": 19, "share": 7.063197026022305 } ], "participated": true, "map_key": "UNION_25" }, "geometry": { "type": "Polygon", "coordinates": [ [ [ -80.491322991421043, 34.868704999811087 ], [ -80.503185991530415, 34.890795000248538 ], [ -80.503831991512683, 34.893555000084852 ], [ -80.510527990927343, 34.906850000450234 ], [ -80.515144991187952, 34.912495999910625 ], [ -80.520950991676429, 34.915392000214368 ], [ -80.525918991567949, 34.921142000157218 ], [ -80.521913991708985, 34.922521000550447 ], [ -80.518486991164323, 34.92583300019664 ], [ -80.51509999112487, 34.926271000546258 ], [ -80.510985991085391, 34.928473999817946 ], [ -80.513205991165478, 34.937112000131357 ], [ -80.518488991381616, 34.945682000382504 ], [ -80.518275990818907, 34.954011000337523 ], [ -80.522891990721419, 34.961085999752001 ], [ -80.519684991644326, 34.960385999933607 ], [ -80.518986991075565, 34.961758999963394 ], [ -80.515392991704061, 34.962907000518491 ], [ -80.516146991222882, 34.964666000142266 ], [ -80.514217991375247, 34.963491999848934 ], [ -80.511761991081215, 34.965875999714456 ], [ -80.510176991661851, 34.964395999971742 ], [ -80.511142991541718, 34.964484000011964 ], [ -80.511979990913005, 34.96345000019668 ], [ -80.51154899157612, 34.962483000063521 ], [ -80.507258991728364, 34.962354000420923 ], [ -80.506473991574765, 34.964442000014877 ], [ -80.503215991785723, 34.963372999810346 ], [ -80.506741990824779, 34.966643999709277 ], [ -80.506715991653223, 34.967316000089092 ], [ -80.50341099124735, 34.96744099990444 ], [ -80.501564991453222, 34.969052999821876 ], [ -80.497395991650421, 34.970303999815933 ], [ -80.497892990777757, 34.972324000447308 ], [ -80.495333991167001, 34.972803000542775 ], [ -80.494631991327225, 34.976445999984037 ], [ -80.490789991142691, 34.978849000315606 ], [ -80.486851991174646, 34.978103000291348 ], [ -80.486887991155882, 34.976575999776585 ], [ -80.485291991534751, 34.976766000250969 ], [ -80.485119991325973, 34.980210000014978 ], [ -80.47636999152364, 34.98110599984345 ], [ -80.470039990854573, 34.978747000430893 ], [ -80.470546991124081, 34.974816999759028 ], [ -80.468755990789361, 34.971019000308395 ], [ -80.469708990981118, 34.970036999835365 ], [ -80.468396991345713, 34.968492999703876 ], [ -80.47128799172971, 34.96826999975125 ], [ -80.471689990854756, 34.965836999887024 ], [ -80.470585991459018, 34.965112999955423 ], [ -80.465723991731352, 34.966443000183425 ], [ -80.457425990980482, 34.970856000161568 ], [ -80.450489991610155, 34.971639000241154 ], [ -80.4500749913378, 34.972311000483217 ], [ -80.446541991144869, 34.971747999797678 ], [ -80.446893991060463, 34.970537999876505 ], [ -80.445500990883119, 34.968851000221136 ], [ -80.446205991786826, 34.967979000057198 ], [ -80.445387991167721, 34.965706000242342 ], [ -80.440917990764987, 34.960971999956044 ], [ -80.441073991765251, 34.955050000001798 ], [ -80.438779991533352, 34.954829000129905 ], [ -80.441065990830964, 34.929615000100348 ], [ -80.438810990969017, 34.928740000344504 ], [ -80.441225991202401, 34.898630000069694 ], [ -80.442764991480644, 34.87857700021685 ], [ -80.45051899152142, 34.876825000243286 ], [ -80.454669991395306, 34.874097000350829 ], [ -80.463281991772618, 34.872422000374911 ], [ -80.462166990978545, 34.871174000291745 ], [ -80.470893991184568, 34.868625999748943 ], [ -80.480956991394748, 34.867513000510598 ], [ -80.491322991421043, 34.868704999811087 ] ] ] } },
{ "type": "Feature", "properties": { "county": null, "precinct": null, "enr_desc": "Wesley Chapel Elementary School", "winner": null, "winner_votes": null, "winner_share": null, "runner_up": null, "runner_up_votes": null, "runner_up_share": null, "contest_votes": null, "margin_of_victory": null, "is_tie": false, "results": null, "participated": false, "map_key": null }, "geometry": { "type": "Polygon", "coordinates": [ [ [ -80.645298991420489, 35.014056999728119 ], [ -80.649015991440706, 35.015031000343235 ], [ -80.654284990752473, 35.012825000252462 ], [ -80.657967991761723, 35.012633999807534 ], [ -80.657842991022648, 35.010732999980995 ], [ -80.66051799085929, 35.007931000127797 ], [ -80.66021499150726, 35.006998999794838 ], [ -80.661222990855819, 35.005779000400949 ], [ -80.672092991540367, 35.0069879998413 ], [ -80.671122990824216, 35.003382999755239 ], [ -80.66133199091496, 34.98898599972388 ], [ -80.660792990996711, 34.986479999969212 ], [ -80.661689990771393, 34.980525999767963 ], [ -80.660537991140401, 34.975404000563337 ], [ -80.673490990805888, 34.978668999967269 ], [ -80.680451990858586, 34.982492000052297 ], [ -80.684133991028929, 34.984052000231202 ], [ -80.677940990819891, 34.991422000294612 ], [ -80.679080990811684, 34.99260500017796 ], [ -80.679220991357042, 34.994319000210261 ], [ -80.680808991161811, 34.99531699980561 ], [ -80.679978991498288, 34.995887000195026 ], [ -80.681828991555349, 35.003702999828256 ], [ -80.684658991273778, 35.006043000464032 ], [ -80.687444991782158, 35.006281999867902 ], [ -80.68403399171288, 35.011017000429419 ], [ -80.681058991690463, 35.012737000009963 ], [ -80.682538990848116, 35.019064999704888 ], [ -80.681768991409484, 35.019677999809403 ], [ -80.678991991408793, 35.019548999707808 ], [ -80.678187991743215, 35.020502000310287 ], [ -80.673615991712381, 35.018368999962973 ], [ -80.670137991798711, 35.019136000448668 ], [ -80.657859990895801, 35.030780000436188 ], [ -80.656035991675836, 35.03779799989784 ], [ -80.654741991382664, 35.039301999931688 ], [ -80.643264991681221, 35.029998999948802 ], [ -80.645298991420489, 35.014056999728119 ] ] ] } },
{ "type": "Feature", "properties": { "county": null, "precinct": null, "enr_desc": "Siler Presbyterian Church", "winner": null, "winner_votes": null, "winner_share": null, "runner_up": null, "runner_up_votes": null, "runner_up_share": null, "contest_votes": null, "margin_of_victory": null, "is_tie": false, "results": null, "participated": false, "map_key": null }, "geometry": { "type": "Polygon", "coordinates": [ [ [ -80.723477990796468, 34.981738000420087 ], [ -80.731003991446173, 34.982126000281376 ], [ -80.736177991324269, 34.984251999709883 ], [ -80.738323990860493, 34.98602400057576 ], [ -80.734403991624319, 34.993935000392142 ], [ -80.733145991528232, 35.001024999966347 ], [ -80.729795991471249, 35.006050999906847 ], [ -80.725020991138351, 35.010891000254148 ], [ -80.724626991310359, 35.017826000156234 ], [ -80.72182199160612, 35.020736000291556 ], [ -80.712698991811621, 35.01783100038719 ], [ -80.710392990903912, 35.018110999788071 ], [ -80.70575999171777, 35.020361999747244 ], [ -80.700510991196396, 35.018819000264514 ], [ -80.694241990975499, 35.019440000313622 ], [ -80.68936299178435, 35.029478999786839 ], [ -80.682222991816175, 35.02271200048849 ], [ -80.678187991743215, 35.020502000310287 ], [ -80.678991991408793, 35.019548999707808 ], [ -80.681768991409484, 35.019677999809403 ], [ -80.682538990848116, 35.019064999704888 ], [ -80.681058991690463, 35.012737000009963 ], [ -80.68403399171288, 35.011017000429419 ], [ -80.687444991782158, 35.006281999867902 ], [ -80.684658991273778, 35.006043000464032 ], [ -80.681828991555349, 35.003702999828256 ], [ -80.679978991498288, 34.995887000195026 ], [ -80.680808991161811, 34.99531699980561 ], [ -80.679220991357042, 34.994319000210261 ], [ -80.679080990811684, 34.99260500017796 ], [ -80.677940990819891, 34.991422000294612 ], [ -80.684133991028929, 34.984052000231202 ], [ -80.695619991670824, 34.982875000062528 ], [ -80.702796991450242, 34.984731000088573 ], [ -80.711023991304202, 34.983264999772679 ], [ -80.714527990769355, 34.983888000340592 ], [ -80.720134991287964, 34.983074000403327 ], [ -80.723477990796468, 34.981738000420087 ] ] ] } },
{ "type": "Feature", "properties": { "county": null, "precinct": null, "enr_desc": "Providence Vfd", "winner": null, "winner_votes": null, "winner_share": null, "runner_up": null, "runner_up_votes": null, "runner_up_share": null, "contest_votes": null, "margin_of_victory": null, "is_tie": false, "results": null, "participated": false, "map_key": null }, "geometry": { "type": "Polygon", "coordinates": [ [ [ -80.767554991547499, 35.036286000122544 ], [ -80.736465990746126, 35.060113000379552 ], [ -80.72687399143193, 35.060036000118274 ], [ -80.721725991446348, 35.05422499969368 ], [ -80.717181991313652, 35.052135000469896 ], [ -80.712909991580929, 35.046956000488208 ], [ -80.711980991559301, 35.043889000539068 ], [ -80.706439990824805, 35.041196999873762 ], [ -80.706637990813931, 35.04028400005781 ], [ -80.710307990857686, 35.038081000066413 ], [ -80.710446991078243, 35.037090000444969 ], [ -80.708845991112497, 35.033852999802022 ], [ -80.709704991623411, 35.032932000484927 ], [ -80.709127991341447, 35.031356000239256 ], [ -80.709820991656244, 35.030759000048953 ], [ -80.70666599127938, 35.027896000442325 ], [ -80.706500991451577, 35.02579699975518 ], [ -80.704667991158317, 35.023820999815264 ], [ -80.70575999171777, 35.020361999747244 ], [ -80.710392990903912, 35.018110999788071 ], [ -80.712698991811621, 35.01783100038719 ], [ -80.72182199160612, 35.020736000291556 ], [ -80.730758990753117, 35.03072700053508 ], [ -80.733860991713001, 35.032522999984124 ], [ -80.740152990982722, 35.034225000320511 ], [ -80.746082991589503, 35.037547000528733 ], [ -80.749579991283383, 35.038452000230791 ], [ -80.753901990735045, 35.038010999934478 ], [ -80.758769991365085, 35.034035000406725 ], [ -80.765231991095106, 35.030955999864403 ], [ -80.767554991547499, 35.036286000122544 ] ] ] } },
{ "type": "Feature", "properties": { "county": null, "precinct": null, "enr_desc": "Kensington Elementary School", "winner": null, "winner_votes": null, "winner_share": null, "runner_up": null, "runner_up_votes": null, "runner_up_share": null, "contest_votes": null, "margin_of_victory": null, "is_tie": false, "results": null, "participated": false, "map_key": null }, "geometry": { "type": "Polygon", "coordinates": [ [ [ -80.803053990752957, 34.959097000183036 ], [ -80.800618991210825, 34.960400000463579 ], [ -80.80098599084458, 34.962334000058291 ], [ -80.799596990743126, 34.963394000342078 ], [ -80.79961099117611, 34.969490000043869 ], [ -80.790412990720924, 34.968598000068816 ], [ -80.78662799175585, 34.971137000496952 ], [ -80.775934990786709, 34.974489000172241 ], [ -80.769281991210676, 34.97481500018776 ], [ -80.766149991767676, 34.975949000159289 ], [ -80.7588899911472, 34.973973999690983 ], [ -80.756787991443971, 34.971706000482477 ], [ -80.754881991497584, 34.971956000450177 ], [ -80.752509991176083, 34.96856100052365 ], [ -80.751118991085491, 34.969910000413506 ], [ -80.749093990853339, 34.969536000381737 ], [ -80.748767991583563, 34.970755000435922 ], [ -80.747674991607838, 34.971271000556875 ], [ -80.748429991269347, 34.969382000113114 ], [ -80.75250899179396, 34.967238999853983 ], [ -80.748828991213642, 34.963434000346176 ], [ -80.748105990805612, 34.961099000103417 ], [ -80.748682991587017, 34.959964999831286 ], [ -80.749664991091223, 34.961176999873473 ], [ -80.752862991074437, 34.96164399989091 ], [ -80.751140991648157, 34.953784999751178 ], [ -80.753504990976822, 34.952490000146582 ], [ -80.759399991297357, 34.951221000060535 ], [ -80.762969991740661, 34.949219000052466 ], [ -80.764378990793432, 34.949379000419306 ], [ -80.767220991260274, 34.948076000167291 ], [ -80.768187991562229, 34.948204000478782 ], [ -80.769881991018948, 34.947915000085871 ], [ -80.772715990784548, 34.943945999779615 ], [ -80.774053990845928, 34.939559000363651 ], [ -80.773680991445374, 34.938136000120437 ], [ -80.77738499076311, 34.940126000109693 ], [ -80.779119991743869, 34.940087999760742 ], [ -80.780374991075107, 34.941654000147153 ], [ -80.783003990786668, 34.941780000012741 ], [ -80.783541990744894, 34.940614000483876 ], [ -80.781148991114179, 34.936707000232708 ], [ -80.781923991670197, 34.935828000556739 ], [ -80.803053990752957, 34.959097000183036 ] ] ] } },
{ "type": "Feature", "properties": { "county": null, "precinct": null, "enr_desc": "Tirzah Presbyterian Church", "winner": null, "winner_votes": null, "winner_share": null, "runner_up": null, "runner_up_votes": null, "runner_up_share": null, "contest_votes": null, "margin_of_victory": null, "is_tie": false, "results": null, "participated": false, "map_key": null }, "geometry": { "type": "Polygon", "coordinates": [ [ [ -80.693719990801682, 34.818993999967162 ], [ -80.797483991109317, 34.819803000015902 ], [ -80.795391991384264, 34.835466999785154 ], [ -80.790195991456571, 34.837031000011159 ], [ -80.789146991277661, 34.838351000537273 ], [ -80.788129990803313, 34.837844000011955 ], [ -80.787130990875369, 34.838396999957091 ], [ -80.785151991334189, 34.841827000188374 ], [ -80.782118990952895, 34.843181999734995 ], [ -80.782096991163726, 34.844908000074142 ], [ -80.779769991403072, 34.847025999701025 ], [ -80.778865991252957, 34.849124000309502 ], [ -80.777183990869403, 34.850047000441272 ], [ -80.776765991817641, 34.851392000099246 ], [ -80.773164990891431, 34.850777999725111 ], [ -80.775534991440139, 34.852171000050824 ], [ -80.775720990789182, 34.853434000387587 ], [ -80.773514991465532, 34.862666999828576 ], [ -80.769344991717276, 34.86826300032844 ], [ -80.768916990853867, 34.871337999884098 ], [ -80.764624991120016, 34.868090000109369 ], [ -80.761921991575491, 34.862110000250638 ], [ -80.762486990910773, 34.859934999810775 ], [ -80.756818991129606, 34.858241999783246 ], [ -80.755917991136656, 34.862191000407037 ], [ -80.75355999152687, 34.867170000133768 ], [ -80.751424991755655, 34.867996000207484 ], [ -80.748418991196772, 34.872041999807919 ], [ -80.742516991646937, 34.871536999961918 ], [ -80.740030991121515, 34.873562000197069 ], [ -80.740695991260282, 34.869559000516041 ], [ -80.739378991777585, 34.869554999728145 ], [ -80.737309991154007, 34.871285000512955 ], [ -80.735079991717598, 34.874838000181484 ], [ -80.73020999170609, 34.8773950001885 ], [ -80.721400991809176, 34.885712000553511 ], [ -80.721140991384644, 34.88759600001454 ], [ -80.718826991757354, 34.891492000024186 ], [ -80.717566991808596, 34.891989999729034 ], [ -80.711657991806845, 34.879059000387777 ], [ -80.704156991779413, 34.864558999709892 ], [ -80.702211991284187, 34.856673999904025 ], [ -80.702286990858795, 34.844952000113281 ], [ -80.701194990933672, 34.840797000506164 ], [ -80.69956799127057, 34.838029000199001 ], [ -80.698450991350938, 34.829513999749331 ], [ -80.693719990801682, 34.818993999967162 ] ] ] } },
{ "type": "Feature", "properties": { "county": "UNION", "precinct": "23", "enr_desc": "Griffith Road Vfd", "winner": "Clancy Baucom", "winner_votes": 236.0, "winner_share": 71.084337349397586, "runner_up": "John Powell", "runner_up_votes": 71.0, "runner_up_share": 21.385542168674696, "contest_votes": 332.0, "margin_of_victory": 49.69879518072289, "is_tie": false, "results": [ { "candidate": "Clancy Baucom", "votes": 236, "share": 71.08433734939759 }, { "candidate": "John Powell", "votes": 71, "share": 21.385542168674696 }, { "candidate": "Richard T. Miller", "votes": 25, "share": 7.530120481927711 } ], "participated": true, "map_key": "UNION_23" }, "geometry": { "type": "Polygon", "coordinates": [ [ [ -80.584616990846868, 34.889808000073089 ], [ -80.580916990931456, 34.895757000457941 ], [ -80.577854990944715, 34.905893999856815 ], [ -80.577074990789285, 34.914357000245325 ], [ -80.577671991783816, 34.91723599974187 ], [ -80.576633991004229, 34.920980999713663 ], [ -80.577264991550493, 34.927440000550334 ], [ -80.578956991436172, 34.931172000094726 ], [ -80.579074991646479, 34.939850000467636 ], [ -80.585110991471268, 34.951225000400953 ], [ -80.573831991510517, 34.963729999669248 ], [ -80.56682499168862, 34.968640000246488 ], [ -80.562942990719222, 34.971171999847606 ], [ -80.560579991307279, 34.968669999688409 ], [ -80.555984991528305, 34.969222000130721 ], [ -80.558866990890778, 34.956685999871993 ], [ -80.553468991271245, 34.955325000185461 ], [ -80.545481990898793, 34.955674000453214 ], [ -80.544902991751826, 34.95441599984543 ], [ -80.54185899155901, 34.954147999836543 ], [ -80.539717991460975, 34.955561000493503 ], [ -80.530331991475336, 34.955879999978421 ], [ -80.527180990808247, 34.958560999786485 ], [ -80.52424099139651, 34.957018999934405 ], [ -80.523090991684242, 34.958264999930506 ], [ -80.523764990863498, 34.960200000153151 ], [ -80.522891990721419, 34.961085999752001 ], [ -80.518275990818907, 34.954011000337523 ], [ -80.518488991381616, 34.945682000382504 ], [ -80.513205991165478, 34.937112000131357 ], [ -80.510985991085391, 34.928473999817946 ], [ -80.51509999112487, 34.926271000546258 ], [ -80.518486991164323, 34.92583300019664 ], [ -80.521913991708985, 34.922521000550447 ], [ -80.525918991567949, 34.921142000157218 ], [ -80.528612991733013, 34.920636000515756 ], [ -80.53668099158061, 34.921322999675603 ], [ -80.54454999131525, 34.924166000160405 ], [ -80.546005990953461, 34.920790000139924 ], [ -80.545477990807413, 34.919038999845469 ], [ -80.555547991401255, 34.919013000441673 ], [ -80.554807991409945, 34.914553999721974 ], [ -80.556068991314248, 34.911136000060729 ], [ -80.555183991528239, 34.909517999838485 ], [ -80.555538990805616, 34.908619000439636 ], [ -80.557516990905114, 34.908004000239714 ], [ -80.557544991043244, 34.904890999935418 ], [ -80.559138991316587, 34.903428999862484 ], [ -80.55806599177167, 34.898898000190158 ], [ -80.559842991333753, 34.896583999954629 ], [ -80.56044799124237, 34.893000000505829 ], [ -80.563159991010849, 34.890557999969602 ], [ -80.570644991497971, 34.889826000537312 ], [ -80.57035299084545, 34.889329000071264 ], [ -80.571726991637078, 34.88840800002356 ], [ -80.575553991390862, 34.888132000227465 ], [ -80.578075991122162, 34.89001499998232 ], [ -80.584914991003231, 34.888266000461549 ], [ -80.584616990846868, 34.889808000073089 ] ] ] } },
{ "type": "Feature", "properties": { "county": "UNION", "precinct": "26", "enr_desc": "Union Baptist Church", "winner": "Clancy Baucom", "winner_votes": 201.0, "winner_share": 77.60617760617761, "runner_up": "John Powell", "runner_up_votes": 33.0, "runner_up_share": 12.741312741312742, "contest_votes": 259.0, "margin_of_victory": 64.86486486486487, "is_tie": false, "results": [ { "candidate": "Clancy Baucom", "votes": 201, "share": 77.60617760617761 }, { "candidate": "John Powell", "votes": 33, "share": 12.741312741312742 }, { "candidate": "Richard T. Miller", "votes": 25, "share": 9.652509652509652 } ], "participated": true, "map_key": "UNION_26" }, "geometry": { "type": "Polygon", "coordinates": [ [ [ -80.48567599145241, 34.816686000452876 ], [ -80.485444991553408, 34.8239579998843 ], [ -80.486219990934146, 34.831973000105144 ], [ -80.487491991409456, 34.836373000125981 ], [ -80.480808990891376, 34.842261999872328 ], [ -80.480368991310996, 34.84578299978223 ], [ -80.483389990848863, 34.850764000387656 ], [ -80.484576991111823, 34.855092000165115 ], [ -80.488844991023583, 34.862482000217163 ], [ -80.491322991421043, 34.868704999811087 ], [ -80.480956991394748, 34.867513000510598 ], [ -80.470893991184568, 34.868625999748943 ], [ -80.462166990978545, 34.871174000291745 ], [ -80.463281991772618, 34.872422000374911 ], [ -80.454669991395306, 34.874097000350829 ], [ -80.45051899152142, 34.876825000243286 ], [ -80.442764991480644, 34.87857700021685 ], [ -80.441225991202401, 34.898630000069694 ], [ -80.432402990992244, 34.891438000480704 ], [ -80.420628991253281, 34.897524000439319 ], [ -80.413967991563169, 34.903769000291568 ], [ -80.412846991245104, 34.902965000014959 ], [ -80.412216991597063, 34.900817000301039 ], [ -80.413261991190197, 34.899929000030284 ], [ -80.413515991674203, 34.897966000136279 ], [ -80.412055990732355, 34.89352100035898 ], [ -80.405674991051796, 34.890916999900455 ], [ -80.404806990980489, 34.888564999867221 ], [ -80.40548899167274, 34.88762899966887 ], [ -80.403699991480366, 34.885884000359439 ], [ -80.401312991803408, 34.886851000319197 ], [ -80.399712991662398, 34.888707999827673 ], [ -80.39818999163073, 34.887272000532079 ], [ -80.395028991575643, 34.886726000074546 ], [ -80.391825991814201, 34.889632999898225 ], [ -80.392278991200186, 34.890404999691008 ], [ -80.391493990914142, 34.890978000219718 ], [ -80.388813991787032, 34.890400000409407 ], [ -80.383505991092775, 34.891696999669712 ], [ -80.384152991703758, 34.893747000332709 ], [ -80.383683990843281, 34.898129999659879 ], [ -80.38179999104338, 34.898687000316301 ], [ -80.377725991368138, 34.897284999701547 ], [ -80.37343499176005, 34.897178000014215 ], [ -80.361557991400815, 34.902221999995852 ], [ -80.342069991796691, 34.901332000331514 ], [ -80.323040990793629, 34.907008000393596 ], [ -80.310200990949056, 34.906453000283882 ], [ -80.320827990929615, 34.813906000419735 ], [ -80.48567599145241, 34.816686000452876 ] ] ] } },
{ "type": "Feature", "properties": { "county": "UNION", "precinct": "27", "enr_desc": "Allens Crossroads Vfd", "winner": "Clancy Baucom", "winner_votes": 247.0, "winner_share": 84.87972508591065, "runner_up": "John Powell", "runner_up_votes": 28.0, "runner_up_share": 9.6219931271477677, "contest_votes": 291.0, "margin_of_victory": 75.257731958762889, "is_tie": false, "results": [ { "candidate": "Clancy Baucom", "votes": 247, "share": 84.87972508591065 }, { "candidate": "John Powell", "votes": 28, "share": 9.621993127147768 }, { "candidate": "Richard T. Miller", "votes": 16, "share": 5.498281786941581 } ], "participated": true, "map_key": "UNION_27" }, "geometry": { "type": "Polygon", "coordinates": [ [ [ -80.310200990949056, 34.906453000283882 ], [ -80.323040990793629, 34.907008000393596 ], [ -80.342069991796691, 34.901332000331514 ], [ -80.361557991400815, 34.902221999995852 ], [ -80.37343499176005, 34.897178000014215 ], [ -80.377725991368138, 34.897284999701547 ], [ -80.38179999104338, 34.898687000316301 ], [ -80.383683990843281, 34.898129999659879 ], [ -80.384152991703758, 34.893747000332709 ], [ -80.383505991092775, 34.891696999669712 ], [ -80.388813991787032, 34.890400000409407 ], [ -80.391493990914142, 34.890978000219718 ], [ -80.392278991200186, 34.890404999691008 ], [ -80.391825991814201, 34.889632999898225 ], [ -80.395028991575643, 34.886726000074546 ], [ -80.39818999163073, 34.887272000532079 ], [ -80.399712991662398, 34.888707999827673 ], [ -80.401312991803408, 34.886851000319197 ], [ -80.403699991480366, 34.885884000359439 ], [ -80.40548899167274, 34.88762899966887 ], [ -80.404806990980489, 34.888564999867221 ], [ -80.405674991051796, 34.890916999900455 ], [ -80.412055990732355, 34.89352100035898 ], [ -80.413515991674203, 34.897966000136279 ], [ -80.413261991190197, 34.899929000030284 ], [ -80.412216991597063, 34.900817000301039 ], [ -80.412846991245104, 34.902965000014959 ], [ -80.413967991563169, 34.903769000291568 ], [ -80.420628991253281, 34.897524000439319 ], [ -80.432402990992244, 34.891438000480704 ], [ -80.441225991202401, 34.898630000069694 ], [ -80.438810990969017, 34.928740000344504 ], [ -80.441065990830964, 34.929615000100348 ], [ -80.438779991533352, 34.954829000129905 ], [ -80.437159991449803, 34.981138000000676 ], [ -80.43065599149547, 34.980881999740475 ], [ -80.394864991335908, 34.984770999839469 ], [ -80.394307991374205, 34.982602000181494 ], [ -80.391420990881102, 34.982743999863757 ], [ -80.391571991098914, 34.984845999748721 ], [ -80.389431991245218, 34.983753000002558 ], [ -80.386295991751922, 34.983786000290856 ], [ -80.3846929907793, 34.982759999858949 ], [ -80.384320991089382, 34.981493000036146 ], [ -80.383155991023642, 34.9818630002204 ], [ -80.383088991195578, 34.980826000194753 ], [ -80.381141991336833, 34.979294000324181 ], [ -80.382238991792192, 34.97857600031098 ], [ -80.378731991606344, 34.977706000541062 ], [ -80.376899991566887, 34.978086000249263 ], [ -80.376378991332018, 34.98011100054859 ], [ -80.375281991143041, 34.980130000033057 ], [ -80.374346991325524, 34.978568000517342 ], [ -80.376805990892166, 34.978070000236698 ], [ -80.377046991508294, 34.976897000236548 ], [ -80.374444991214304, 34.975764999737272 ], [ -80.374346991364874, 34.977677000066016 ], [ -80.367126990986407, 34.976702000379895 ], [ -80.367034991388692, 34.980584000536368 ], [ -80.363524991018409, 34.980765999950862 ], [ -80.364097990923227, 34.979979000548774 ], [ -80.363023990881956, 34.980537999789327 ], [ -80.361978991333459, 34.979467999802033 ], [ -80.362097991241839, 34.977072999861029 ], [ -80.358779990714694, 34.977276999729852 ], [ -80.359321991682478, 34.979535000384331 ], [ -80.361425991761095, 34.979284000244817 ], [ -80.361854991132972, 34.980881000402441 ], [ -80.35765999127112, 34.980826000455309 ], [ -80.357596991582199, 34.985176999798938 ], [ -80.357061991576174, 34.98460200048379 ], [ -80.356156991432655, 34.985914999778146 ], [ -80.356543990788822, 34.986819999669173 ], [ -80.355391990760012, 34.986955000493751 ], [ -80.354313991329363, 34.985057000173384 ], [ -80.352634991356808, 34.985270000148674 ], [ -80.352955990829301, 34.987243999791701 ], [ -80.352047990737347, 34.986283000309783 ], [ -80.349975991063488, 34.986091999703227 ], [ -80.350258991030856, 34.987678000455048 ], [ -80.343035991712867, 34.98826400001947 ], [ -80.328434991269006, 34.986784000458556 ], [ -80.300702991187109, 34.988990999693179 ], [ -80.307023991270555, 34.934103999689427 ], [ -80.310200990949056, 34.906453000283882 ] ] ] } },
{ "type": "Feature", "properties": { "county": null, "precinct": null, "enr_desc": "Sandy Ridge Elementary School", "winner": null, "winner_votes": null, "winner_share": null, "runner_up": null, "runner_up_votes": null, "runner_up_share": null, "contest_votes": null, "margin_of_victory": null, "is_tie": false, "results": null, "participated": false, "map_key": null }, "geometry": { "type": "Polygon", "coordinates": [ [ [ -80.803053990752957, 34.959097000183036 ], [ -80.831535991587799, 34.991335000487673 ], [ -80.829736991128115, 34.991971000004526 ], [ -80.825467990998291, 34.996279999974512 ], [ -80.822128990999005, 34.995640000086993 ], [ -80.815005990801779, 34.991646000258143 ], [ -80.813132991039652, 34.99181900011137 ], [ -80.80142699101944, 34.991441999832652 ], [ -80.792794990838729, 34.992626999920859 ], [ -80.78658399157176, 34.990020999800336 ], [ -80.787589991661847, 34.988704999996024 ], [ -80.786077990961672, 34.985592000200214 ], [ -80.778572991504319, 34.981510000390614 ], [ -80.778559991680808, 34.982184999773374 ], [ -80.774167991349572, 34.981996000038208 ], [ -80.774515991347343, 34.984328000153965 ], [ -80.773711991439484, 34.984554000541102 ], [ -80.773919990906336, 34.985369999936793 ], [ -80.778268991189435, 34.985526999813388 ], [ -80.775594991046191, 34.993329000099244 ], [ -80.780630991500942, 34.994418000218616 ], [ -80.780195990910329, 34.997268000163395 ], [ -80.770532990937966, 34.997378999973371 ], [ -80.769999990935062, 34.998812000363699 ], [ -80.768515991278903, 34.998712000147954 ], [ -80.761550991641286, 34.995502999797729 ], [ -80.756341991586254, 34.990565999911098 ], [ -80.753932991685588, 34.989733000403383 ], [ -80.749911990935061, 34.986107000322995 ], [ -80.746888991646628, 34.985515999943928 ], [ -80.738323990860493, 34.98602400057576 ], [ -80.736177991324269, 34.984251999709883 ], [ -80.735091991016276, 34.982867000542313 ], [ -80.741587991340253, 34.982589999970315 ], [ -80.744333991569462, 34.978475000214068 ], [ -80.745770991044068, 34.978535999810944 ], [ -80.747116990757874, 34.97747500010157 ], [ -80.74812299147851, 34.973335000006792 ], [ -80.747674991607838, 34.971271000556875 ], [ -80.748767991583563, 34.970755000435922 ], [ -80.749093990853339, 34.969536000381737 ], [ -80.751118991085491, 34.969910000413506 ], [ -80.752509991176083, 34.96856100052365 ], [ -80.754881991497584, 34.971956000450177 ], [ -80.756787991443971, 34.971706000482477 ], [ -80.7588899911472, 34.973973999690983 ], [ -80.766149991767676, 34.975949000159289 ], [ -80.769281991210676, 34.97481500018776 ], [ -80.775934990786709, 34.974489000172241 ], [ -80.78662799175585, 34.971137000496952 ], [ -80.790412990720924, 34.968598000068816 ], [ -80.79961099117611, 34.969490000043869 ], [ -80.799596990743126, 34.963394000342078 ], [ -80.80098599084458, 34.962334000058291 ], [ -80.800618991210825, 34.960400000463579 ], [ -80.803053990752957, 34.959097000183036 ] ] ] } },
{ "type": "Feature", "properties": { "county": null, "precinct": null, "enr_desc": "Marvin Elementary School", "winner": null, "winner_votes": null, "winner_share": null, "runner_up": null, "runner_up_votes": null, "runner_up_share": null, "contest_votes": null, "margin_of_victory": null, "is_tie": false, "results": null, "participated": false, "map_key": null }, "geometry": { "type": "Polygon", "coordinates": [ [ [ -80.813132991039652, 34.99181900011137 ], [ -80.815005990801779, 34.991646000258143 ], [ -80.822128990999005, 34.995640000086993 ], [ -80.825467990998291, 34.996279999974512 ], [ -80.829736991128115, 34.991971000004526 ], [ -80.831535991587799, 34.991335000487673 ], [ -80.840277991539168, 35.001692000436584 ], [ -80.838017991641678, 35.005027000329861 ], [ -80.833983990852076, 35.007485999923176 ], [ -80.83107799142681, 35.007827000530625 ], [ -80.830101991353047, 35.009460000336411 ], [ -80.825058991673231, 35.011972000252022 ], [ -80.822205991430565, 35.014650000044455 ], [ -80.822319991451209, 35.016138999828769 ], [ -80.821009991432803, 35.017325999727305 ], [ -80.814348991057003, 35.020614000503301 ], [ -80.811609990787403, 35.020927999823627 ], [ -80.806370991649544, 35.025061000447664 ], [ -80.804505990893119, 35.027748999687631 ], [ -80.800368991635068, 35.027945999873687 ], [ -80.796418991424517, 35.029952000530386 ], [ -80.79280599124553, 35.029913999989098 ], [ -80.793570990733954, 35.025832000315226 ], [ -80.795415991249385, 35.022500000148767 ], [ -80.798207991443832, 35.019773000226266 ], [ -80.803406991418512, 35.016698000524961 ], [ -80.800359991335583, 35.012882000443938 ], [ -80.796391991740094, 35.009992999842623 ], [ -80.797565991556723, 35.007630000546648 ], [ -80.799352990716855, 35.006146999854202 ], [ -80.805217990986662, 35.003717000070907 ], [ -80.805726991684281, 35.001196000322167 ], [ -80.813132991039652, 34.99181900011137 ] ] ] } },
{ "type": "Feature", "properties": { "county": null, "precinct": null, "enr_desc": "Marvin Ame Zion Church", "winner": null, "winner_votes": null, "winner_share": null, "runner_up": null, "runner_up_votes": null, "runner_up_share": null, "contest_votes": null, "margin_of_victory": null, "is_tie": false, "results": null, "participated": false, "map_key": null }, "geometry": { "type": "MultiPolygon", "coordinates": [ [ [ [ -80.774401991161128, 35.01894599999509 ], [ -80.772604990726464, 35.017371000073325 ], [ -80.773973991771882, 35.013257000485758 ], [ -80.778480990714627, 35.012458000012515 ], [ -80.779326990951333, 35.017086999786763 ], [ -80.77626299083164, 35.016730999798824 ], [ -80.774401991161128, 35.01894599999509 ] ] ], [ [ [ -80.813132991039652, 34.99181900011137 ], [ -80.805726991684281, 35.001196000322167 ], [ -80.805217990986662, 35.003717000070907 ], [ -80.799352990716855, 35.006146999854202 ], [ -80.797565991556723, 35.007630000546648 ], [ -80.796391991740094, 35.009992999842623 ], [ -80.800359991335583, 35.012882000443938 ], [ -80.803406991418512, 35.016698000524961 ], [ -80.798207991443832, 35.019773000226266 ], [ -80.795415991249385, 35.022500000148767 ], [ -80.793570990733954, 35.025832000315226 ], [ -80.79280599124553, 35.029913999989098 ], [ -80.78497799178011, 35.032512000296627 ], [ -80.780960991041241, 35.033280999972924 ], [ -80.779794991395576, 35.03273800031981 ], [ -80.781432991416608, 35.031930999964636 ], [ -80.780192991191569, 35.025490999882891 ], [ -80.775844990891173, 35.023954000479883 ], [ -80.772629991146104, 35.021382999832291 ], [ -80.773636990872433, 35.020673000243875 ], [ -80.77271199126946, 35.019983000081375 ], [ -80.774347991381049, 35.019011000243026 ], [ -80.781857991109078, 35.018879000422118 ], [ -80.781622991182275, 35.021046000024079 ], [ -80.785723991458056, 35.02462399975073 ], [ -80.78713899086587, 35.020351000243899 ], [ -80.791437991178128, 35.018735000316596 ], [ -80.784260991015216, 35.012364000451846 ], [ -80.783764991670211, 35.010482999777814 ], [ -80.779753990732914, 35.010504999921473 ], [ -80.775915991741897, 35.012257000067819 ], [ -80.775722991249623, 35.01121800039374 ], [ -80.777397990794213, 35.010728000344052 ], [ -80.780957991615239, 35.007709000308544 ], [ -80.779338991453869, 35.008026000525639 ], [ -80.775220991614191, 35.004074000382893 ], [ -80.786191991448902, 34.99987799973114 ], [ -80.785163991735104, 34.995400000049074 ], [ -80.78658399157176, 34.990020999800336 ], [ -80.792794990838729, 34.992626999920859 ], [ -80.80142699101944, 34.991441999832652 ], [ -80.813132991039652, 34.99181900011137 ] ] ] ] } },
{ "type": "Feature", "properties": { "county": null, "precinct": null, "enr_desc": "Shiloh Elementary School", "winner": null, "winner_votes": null, "winner_share": null, "runner_up": null, "runner_up_votes": null, "runner_up_share": null, "contest_votes": null, "margin_of_victory": null, "is_tie": false, "results": null, "participated": false, "map_key": null }, "geometry": { "type": "Polygon", "coordinates": [ [ [ -80.643264991681221, 35.029998999948802 ], [ -80.654741991382664, 35.039301999931688 ], [ -80.656035991675836, 35.03779799989784 ], [ -80.657859990895801, 35.030780000436188 ], [ -80.670137991798711, 35.019136000448668 ], [ -80.673615991712381, 35.018368999962973 ], [ -80.678187991743215, 35.020502000310287 ], [ -80.677835991177076, 35.02367600043101 ], [ -80.677088991211463, 35.023919000330309 ], [ -80.676688990808387, 35.026153000032402 ], [ -80.67478299115804, 35.028795000053776 ], [ -80.67664199131417, 35.030601000564943 ], [ -80.675463991758036, 35.032293000537479 ], [ -80.654982991619136, 35.05373899990775 ], [ -80.641304991392488, 35.044954999963146 ], [ -80.643264991681221, 35.029998999948802 ] ] ] } },
{ "type": "Feature", "properties": { "county": null, "precinct": null, "enr_desc": "Brandon Oaks Clubhouse", "winner": null, "winner_votes": null, "winner_share": null, "runner_up": null, "runner_up_votes": null, "runner_up_share": null, "contest_votes": null, "margin_of_victory": null, "is_tie": false, "results": null, "participated": false, "map_key": null }, "geometry": { "type": "Polygon", "coordinates": [ [ [ -80.665409991784756, 35.0620140000267 ], [ -80.654982991619136, 35.05373899990775 ], [ -80.675463991758036, 35.032293000537479 ], [ -80.674962991677603, 35.036145000215178 ], [ -80.673225991630545, 35.037454999927363 ], [ -80.673956990883497, 35.039036999729923 ], [ -80.673174991187381, 35.046325999704841 ], [ -80.674631991543436, 35.049236000383019 ], [ -80.671793991447245, 35.056034000562093 ], [ -80.669130991708286, 35.057942999894998 ], [ -80.668407991234403, 35.057702000281523 ], [ -80.665409991784756, 35.0620140000267 ] ] ] } },
{ "type": "Feature", "properties": { "county": null, "precinct": null, "enr_desc": "Stallings Vfd", "winner": null, "winner_votes": null, "winner_share": null, "runner_up": null, "runner_up_votes": null, "runner_up_share": null, "contest_votes": null, "margin_of_victory": null, "is_tie": false, "results": null, "participated": false, "map_key": null }, "geometry": { "type": "Polygon", "coordinates": [ [ [ -80.678187991743215, 35.020502000310287 ], [ -80.682222991816175, 35.02271200048849 ], [ -80.68936299178435, 35.029478999786839 ], [ -80.686129991694557, 35.033683000348645 ], [ -80.684682991164351, 35.037392999751425 ], [ -80.683865990969807, 35.050029000315867 ], [ -80.682498991769421, 35.05603299986219 ], [ -80.694560990883744, 35.056722000035101 ], [ -80.696861991181819, 35.061122000567011 ], [ -80.698646991342244, 35.062256000493221 ], [ -80.69832799131845, 35.067627999761029 ], [ -80.699313991072842, 35.070238999899878 ], [ -80.692616991380646, 35.070062000478799 ], [ -80.693823991595735, 35.070817000236886 ], [ -80.695353991329853, 35.074307999889776 ], [ -80.686832991651244, 35.076270000074452 ], [ -80.685107991686721, 35.074522000262171 ], [ -80.678325991704241, 35.067707000194666 ], [ -80.667940990791024, 35.063868999690001 ], [ -80.665409991784756, 35.0620140000267 ], [ -80.668407991234403, 35.057702000281523 ], [ -80.669130991708286, 35.057942999894998 ], [ -80.671793991447245, 35.056034000562093 ], [ -80.674631991543436, 35.049236000383019 ], [ -80.673174991187381, 35.046325999704841 ], [ -80.673956990883497, 35.039036999729923 ], [ -80.673225991630545, 35.037454999927363 ], [ -80.674962991677603, 35.036145000215178 ], [ -80.675463991758036, 35.032293000537479 ], [ -80.67664199131417, 35.030601000564943 ], [ -80.67478299115804, 35.028795000053776 ], [ -80.676688990808387, 35.026153000032402 ], [ -80.677088991211463, 35.023919000330309 ], [ -80.677835991177076, 35.02367600043101 ], [ -80.678187991743215, 35.020502000310287 ] ] ] } },
{ "type": "Feature", "properties": { "county": null, "precinct": null, "enr_desc": "Rock Hill Ame Zion Church", "winner": null, "winner_votes": null, "winner_share": null, "runner_up": null, "runner_up_votes": null, "runner_up_share": null, "contest_votes": null, "margin_of_victory": null, "is_tie": false, "results": null, "participated": false, "map_key": null }, "geometry": { "type": "Polygon", "coordinates": [ [ [ -80.631085991061084, 35.130745999792438 ], [ -80.632348990943825, 35.131663000399072 ], [ -80.63251599142508, 35.134821999947782 ], [ -80.631632991276675, 35.135781000492827 ], [ -80.632723991733272, 35.138610000238899 ], [ -80.636180991076586, 35.139381999987798 ], [ -80.628301990954952, 35.145724999687239 ], [ -80.61708299080415, 35.137296000539038 ], [ -80.610647990698638, 35.134386000009037 ], [ -80.607592990919812, 35.132061000080675 ], [ -80.602006990742453, 35.131488000570918 ], [ -80.600548991014392, 35.126738000402625 ], [ -80.587008991294113, 35.116294999911112 ], [ -80.589840991632656, 35.115907999956917 ], [ -80.59059199164129, 35.114179999737587 ], [ -80.590130991347507, 35.11614200016011 ], [ -80.592305991253184, 35.11505699975983 ], [ -80.596400990771897, 35.119489999875107 ], [ -80.602513991407662, 35.12151500040973 ], [ -80.603321990755674, 35.122949000071664 ], [ -80.603233991116639, 35.123878000486727 ], [ -80.602130991132839, 35.124236000365947 ], [ -80.602714991607598, 35.124898999818846 ], [ -80.604189991643807, 35.126409999854985 ], [ -80.610507991046077, 35.127058000104029 ], [ -80.61285599170256, 35.125767999848549 ], [ -80.612960991615566, 35.124041999904925 ], [ -80.616216990903965, 35.122032999893285 ], [ -80.615869990781576, 35.120566000193861 ], [ -80.61699099077336, 35.119936999761208 ], [ -80.623221991657516, 35.126470000040648 ], [ -80.625815991163975, 35.125866000051779 ], [ -80.629876991778687, 35.127073000319683 ], [ -80.631085991061084, 35.130745999792438 ] ] ] } },
{ "type": "Feature", "properties": { "county": "UNION", "precinct": "36", "enr_desc": "Crossroads Ame Zion Church", "winner": "Clancy Baucom", "winner_votes": 254.0, "winner_share": 91.696750902527086, "runner_up": "John Powell", "runner_up_votes": 12.0, "runner_up_share": 4.3321299638989164, "contest_votes": 277.0, "margin_of_victory": 87.364620938628164, "is_tie": false, "results": [ { "candidate": "Clancy Baucom", "votes": 254, "share": 91.69675090252709 }, { "candidate": "John Powell", "votes": 12, "share": 4.332129963898916 }, { "candidate": "Richard T. Miller", "votes": 11, "share": 3.9711191335740073 } ], "participated": true, "map_key": "UNION_36" }, "geometry": { "type": "Polygon", "coordinates": [ [ [ -80.394864991335908, 34.984770999839469 ], [ -80.43065599149547, 34.980881999740475 ], [ -80.437159991449803, 34.981138000000676 ], [ -80.436438990985835, 34.989244000397335 ], [ -80.434691991595074, 34.99068700036679 ], [ -80.432322991454839, 34.994743000005975 ], [ -80.431419991063208, 34.998553999679991 ], [ -80.428773991512813, 35.002043999690471 ], [ -80.420197990980327, 35.008234999720429 ], [ -80.415435990825685, 35.038836000205606 ], [ -80.41142699163575, 35.051795000049438 ], [ -80.41223499176381, 35.055324999933774 ], [ -80.393914990811794, 35.054989000142911 ], [ -80.390844990823553, 35.057585000545245 ], [ -80.375330991070115, 35.070595000514643 ], [ -80.369654991720267, 35.074357000009876 ], [ -80.362761991340193, 35.078075000280741 ], [ -80.353658991102918, 35.079770999784635 ], [ -80.343738991641047, 35.084721000346313 ], [ -80.338432991751162, 35.089643000123949 ], [ -80.333699991182641, 35.090247000288308 ], [ -80.321823991747635, 35.0999689998741 ], [ -80.313919991395679, 35.098186000138114 ], [ -80.310536991143167, 35.098939000402176 ], [ -80.306605991088588, 35.097223000465817 ], [ -80.303973991315956, 35.094670999926329 ], [ -80.294161991151697, 35.088366000090637 ], [ -80.2900879912128, 35.081039999930724 ], [ -80.293440991528641, 35.051986000013706 ], [ -80.300702991187109, 34.988990999693179 ], [ -80.328434991269006, 34.986784000458556 ], [ -80.343035991712867, 34.98826400001947 ], [ -80.350258991030856, 34.987678000455048 ], [ -80.351030991602329, 34.987587000422472 ], [ -80.350974991556043, 34.988575000071116 ], [ -80.346944991237635, 34.988793000104927 ], [ -80.347169991461499, 34.990101999976368 ], [ -80.345055991654149, 34.990211000170518 ], [ -80.345179991049605, 34.991070000364282 ], [ -80.351364990851422, 34.990754000077239 ], [ -80.351250990994458, 34.991813999940881 ], [ -80.35371099133728, 34.991682000164474 ], [ -80.353705991140231, 34.993717000029527 ], [ -80.352213991715431, 34.994075000306736 ], [ -80.351616991501857, 34.995606999705707 ], [ -80.355293991532676, 34.995461999869597 ], [ -80.355822991462134, 34.996350999973494 ], [ -80.356585991516411, 34.995946000405937 ], [ -80.359314990738866, 34.99705499982614 ], [ -80.359683990789776, 34.995523000496483 ], [ -80.370238991194668, 34.99492100035274 ], [ -80.370778991300853, 34.996279999839416 ], [ -80.374175991697598, 34.996310999825013 ], [ -80.373142991165366, 34.994874000466275 ], [ -80.377870991679956, 34.994829000413382 ], [ -80.377616991707498, 34.987450000301557 ], [ -80.37807099170324, 34.989934999733663 ], [ -80.381422991646531, 34.988485999881128 ], [ -80.379844991226207, 34.987693000493529 ], [ -80.395447991340831, 34.986238999966062 ], [ -80.394864991335908, 34.984770999839469 ] ] ] } },
{ "type": "Feature", "properties": { "county": null, "precinct": null, "enr_desc": "Grace Baptist Church", "winner": null, "winner_votes": null, "winner_share": null, "runner_up": null, "runner_up_votes": null, "runner_up_share": null, "contest_votes": null, "margin_of_victory": null, "is_tie": false, "results": null, "participated": false, "map_key": null }, "geometry": { "type": "Polygon", "coordinates": [ [ [ -80.660537991140401, 34.975404000563337 ], [ -80.661689990771393, 34.980525999767963 ], [ -80.660792990996711, 34.986479999969212 ], [ -80.66133199091496, 34.98898599972388 ], [ -80.671122990824216, 35.003382999755239 ], [ -80.672092991540367, 35.0069879998413 ], [ -80.661222990855819, 35.005779000400949 ], [ -80.654149991480409, 35.004961000163931 ], [ -80.650187991251443, 35.007021000134785 ], [ -80.644507991614319, 35.006234000561541 ], [ -80.636633990793314, 35.008264000112334 ], [ -80.628648990802262, 35.004351000114966 ], [ -80.624291991289525, 35.000806999786711 ], [ -80.623952991166433, 34.999488999885941 ], [ -80.621601990793124, 34.998961000278676 ], [ -80.619733991729433, 34.993568000023942 ], [ -80.614124991554505, 34.993364000319907 ], [ -80.61416199167023, 34.992098999751711 ], [ -80.612312991126331, 34.9919539998481 ], [ -80.613468991180071, 34.987147999951937 ], [ -80.598868991053209, 34.984723999993783 ], [ -80.578052990808899, 34.984367999815952 ], [ -80.574233991593019, 34.98332700004935 ], [ -80.627848991729664, 34.958200999821749 ], [ -80.621964991603747, 34.965315000052868 ], [ -80.643458991451581, 34.968047000320787 ], [ -80.654736991123116, 34.973889000006565 ], [ -80.660537991140401, 34.975404000563337 ] ] ] } },
{ "type": "Feature", "properties": { "county": null, "precinct": null, "enr_desc": "Lifeline Community Church", "winner": null, "winner_votes": null, "winner_share": null, "runner_up": null, "runner_up_votes": null, "runner_up_share": null, "contest_votes": null, "margin_of_victory": null, "is_tie": false, "results": null, "participated": false, "map_key": null }, "geometry": { "type": "Polygon", "coordinates": [ [ [ -80.654171991348093, 35.125048000350183 ], [ -80.636180991076586, 35.139381999987798 ], [ -80.632723991733272, 35.138610000238899 ], [ -80.631632991276675, 35.135781000492827 ], [ -80.63251599142508, 35.134821999947782 ], [ -80.632348990943825, 35.131663000399072 ], [ -80.631085991061084, 35.130745999792438 ], [ -80.635640991431501, 35.124964000411445 ], [ -80.645711991309724, 35.119692000237258 ], [ -80.654171991348093, 35.125048000350183 ] ] ] } },
{ "type": "Feature", "properties": { "county": null, "precinct": null, "enr_desc": "Fairview Elementary School", "winner": null, "winner_votes": null, "winner_share": null, "runner_up": null, "runner_up_votes": null, "runner_up_share": null, "contest_votes": null, "margin_of_victory": null, "is_tie": false, "results": null, "participated": false, "map_key": null }, "geometry": { "type": "Polygon", "coordinates": [ [ [ -80.586553990760322, 35.115961999736818 ], [ -80.587008991294113, 35.116294999911112 ], [ -80.600548991014392, 35.126738000402625 ], [ -80.602006990742453, 35.131488000570918 ], [ -80.607592990919812, 35.132061000080675 ], [ -80.610647990698638, 35.134386000009037 ], [ -80.61708299080415, 35.137296000539038 ], [ -80.628301990954952, 35.145724999687239 ], [ -80.550348991547978, 35.208412000480017 ], [ -80.5280149917334, 35.196961000373918 ], [ -80.529994990899354, 35.193321999751447 ], [ -80.539559990977935, 35.182007999929745 ], [ -80.542458991284207, 35.176075000305602 ], [ -80.542618990989055, 35.169204000051607 ], [ -80.538233991735396, 35.159789000363283 ], [ -80.541477991195094, 35.156662999846766 ], [ -80.548584991660135, 35.157145000138058 ], [ -80.552973991760197, 35.150781999977553 ], [ -80.558992990975653, 35.153285000089213 ], [ -80.561468991362176, 35.155119000265778 ], [ -80.566514991416611, 35.143643999735772 ], [ -80.573045991263783, 35.138817000425306 ], [ -80.571395990854441, 35.129278999719716 ], [ -80.573116991416427, 35.127637000423043 ], [ -80.576250991750157, 35.126719000245366 ], [ -80.577159991370678, 35.125506999982406 ], [ -80.577653991000119, 35.114599000075792 ], [ -80.576789991473447, 35.112556000299634 ], [ -80.582924991318905, 35.113427000165217 ], [ -80.586553990760322, 35.115961999736818 ] ] ] } },
{ "type": "Feature", "properties": { "county": null, "precinct": null, "enr_desc": "Waxhaw Elementary School", "winner": null, "winner_votes": null, "winner_share": null, "runner_up": null, "runner_up_votes": null, "runner_up_share": null, "contest_votes": null, "margin_of_victory": null, "is_tie": false, "results": null, "participated": false, "map_key": null }, "geometry": { "type": "Polygon", "coordinates": [ [ [ -80.795391991384264, 34.835466999785154 ], [ -80.786650991045377, 34.902456000402495 ], [ -80.78660399133129, 34.902386000491269 ], [ -80.784169991397889, 34.899642000425729 ], [ -80.782569990884085, 34.900765999848417 ], [ -80.77946499075334, 34.905814000221469 ], [ -80.777695991620405, 34.904768000324367 ], [ -80.775035991808579, 34.90466300001507 ], [ -80.770298991772435, 34.90565899987218 ], [ -80.766728991207998, 34.907803999815918 ], [ -80.759825991221064, 34.907422000555847 ], [ -80.75668099120611, 34.911305000073611 ], [ -80.755414991245786, 34.911862000286106 ], [ -80.755034991803896, 34.913848999894888 ], [ -80.749337991699761, 34.924053999737396 ], [ -80.741686991076222, 34.924925999713153 ], [ -80.737271991344528, 34.922504000469701 ], [ -80.730797990811794, 34.924625000001157 ], [ -80.724428991369152, 34.924582999988864 ], [ -80.714469991734262, 34.92472099984024 ], [ -80.699282991427637, 34.928370000130535 ], [ -80.692495990969093, 34.92480399991755 ], [ -80.687428991367383, 34.920024000423552 ], [ -80.686986991182536, 34.918472000474274 ], [ -80.689416991493275, 34.916535000432482 ], [ -80.689296991003815, 34.915074000116768 ], [ -80.690646991282122, 34.912695999954309 ], [ -80.692907990809218, 34.91075899982301 ], [ -80.697250991608698, 34.907791999791044 ], [ -80.706814991136866, 34.904000999831034 ], [ -80.714288991142453, 34.903049000214494 ], [ -80.710573991799237, 34.900157000304766 ], [ -80.708442990755628, 34.896837000434807 ], [ -80.70390299086452, 34.894719000059006 ], [ -80.701792991215044, 34.890286000562654 ], [ -80.700696991353411, 34.885362000016229 ], [ -80.697106991357472, 34.878849000153053 ], [ -80.699586990911016, 34.877776000306149 ], [ -80.702688991095158, 34.877809000141902 ], [ -80.702927991811933, 34.878663000265234 ], [ -80.704457990761085, 34.879261999979811 ], [ -80.707117990789556, 34.877389999799057 ], [ -80.711657991806845, 34.879059000387777 ], [ -80.717566991808596, 34.891989999729034 ], [ -80.718826991757354, 34.891492000024186 ], [ -80.721140991384644, 34.88759600001454 ], [ -80.721400991809176, 34.885712000553511 ], [ -80.73020999170609, 34.8773950001885 ], [ -80.735079991717598, 34.874838000181484 ], [ -80.737309991154007, 34.871285000512955 ], [ -80.739378991777585, 34.869554999728145 ], [ -80.740695991260282, 34.869559000516041 ], [ -80.740030991121515, 34.873562000197069 ], [ -80.742516991646937, 34.871536999961918 ], [ -80.748418991196772, 34.872041999807919 ], [ -80.751424991755655, 34.867996000207484 ], [ -80.75355999152687, 34.867170000133768 ], [ -80.755917991136656, 34.862191000407037 ], [ -80.756818991129606, 34.858241999783246 ], [ -80.762486990910773, 34.859934999810775 ], [ -80.761921991575491, 34.862110000250638 ], [ -80.764624991120016, 34.868090000109369 ], [ -80.768916990853867, 34.871337999884098 ], [ -80.769344991717276, 34.86826300032844 ], [ -80.773514991465532, 34.862666999828576 ], [ -80.775720990789182, 34.853434000387587 ], [ -80.775534991440139, 34.852171000050824 ], [ -80.773164990891431, 34.850777999725111 ], [ -80.776765991817641, 34.851392000099246 ], [ -80.777183990869403, 34.850047000441272 ], [ -80.778865991252957, 34.849124000309502 ], [ -80.779769991403072, 34.847025999701025 ], [ -80.782096991163726, 34.844908000074142 ], [ -80.782118990952895, 34.843181999734995 ], [ -80.785151991334189, 34.841827000188374 ], [ -80.787130990875369, 34.838396999957091 ], [ -80.788129990803313, 34.837844000011955 ], [ -80.789146991277661, 34.838351000537273 ], [ -80.790195991456571, 34.837031000011159 ], [ -80.795391991384264, 34.835466999785154 ] ] ] } },
{ "type": "Feature", "properties": { "county": "UNION", "precinct": "34", "enr_desc": "Midway Baptist Church", "winner": "Clancy Baucom", "winner_votes": 546.0, "winner_share": 83.231707317073173, "runner_up": "John Powell", "runner_up_votes": 85.0, "runner_up_share": 12.957317073170731, "contest_votes": 656.0, "margin_of_victory": 70.274390243902445, "is_tie": false, "results": [ { "candidate": "Clancy Baucom", "votes": 546, "share": 83.23170731707317 }, { "candidate": "John Powell", "votes": 85, "share": 12.957317073170731 }, { "candidate": "Richard T. Miller", "votes": 25, "share": 3.8109756097560976 } ], "participated": true, "map_key": "UNION_34" }, "geometry": { "type": "Polygon", "coordinates": [ [ [ -80.482089991111621, 34.996060000359719 ], [ -80.489052990934283, 34.992754000418635 ], [ -80.489533991542501, 34.993493999776554 ], [ -80.486023991591395, 34.99543299996445 ], [ -80.486422991773253, 34.998480999880833 ], [ -80.489263990887423, 34.998009000127723 ], [ -80.491236990783221, 34.996697000474462 ], [ -80.495486991129454, 34.996857999666055 ], [ -80.497427991440517, 34.999035000382385 ], [ -80.498695991350999, 34.999187000264818 ], [ -80.503715990963101, 34.996857000229291 ], [ -80.504935991649333, 34.99924199965524 ], [ -80.508148991078585, 34.999861000062879 ], [ -80.508235991388858, 34.993978999664265 ], [ -80.509827990990118, 34.990035000054327 ], [ -80.512536991674736, 34.99061100033817 ], [ -80.513378991080046, 34.993561000192088 ], [ -80.5190249915224, 34.997228999901225 ], [ -80.519777991161703, 34.996491999741544 ], [ -80.52226099124789, 34.997181999900619 ], [ -80.519405990738107, 35.002403999881061 ], [ -80.510516991485218, 35.02834899983749 ], [ -80.505884990857524, 35.038363999963003 ], [ -80.49487499166267, 35.053950999911628 ], [ -80.491935991471109, 35.055506999813787 ], [ -80.487175990969121, 35.058863000089239 ], [ -80.478140991658066, 35.074352000418102 ], [ -80.469588990825017, 35.081739999732939 ], [ -80.467341991311969, 35.080143000156909 ], [ -80.46206899131451, 35.078700000423687 ], [ -80.458400991416951, 35.074591000510296 ], [ -80.450239990724398, 35.068470000423254 ], [ -80.447355991302118, 35.065266000062941 ], [ -80.445281991575825, 35.066502999805003 ], [ -80.438810991279837, 35.067779999669156 ], [ -80.431553991080747, 35.071471000429547 ], [ -80.431217991663729, 35.089653000506949 ], [ -80.421809991666805, 35.088388000434051 ], [ -80.420337991702041, 35.087599000263985 ], [ -80.419672991593856, 35.085122999782669 ], [ -80.416942991493102, 35.080889000363129 ], [ -80.410842990782953, 35.078143000502664 ], [ -80.406498990874255, 35.070777000364352 ], [ -80.40654499081117, 35.068207000395674 ], [ -80.401896991288879, 35.067038000325965 ], [ -80.398736991631012, 35.068126000280465 ], [ -80.395576991475124, 35.067856000192023 ], [ -80.393127991543054, 35.06006600051623 ], [ -80.390844990823553, 35.057585000545245 ], [ -80.393914990811794, 35.054989000142911 ], [ -80.41223499176381, 35.055324999933774 ], [ -80.41142699163575, 35.051795000049438 ], [ -80.415435990825685, 35.038836000205606 ], [ -80.420197990980327, 35.008234999720429 ], [ -80.428773991512813, 35.002043999690471 ], [ -80.431419991063208, 34.998553999679991 ], [ -80.432322991454839, 34.994743000005975 ], [ -80.434691991595074, 34.99068700036679 ], [ -80.436255991720074, 34.991723999676346 ], [ -80.435184990882462, 35.007290999794641 ], [ -80.470167991176126, 35.001937999873029 ], [ -80.474923991321575, 34.998972000048759 ], [ -80.482089991111621, 34.996060000359719 ] ] ] } },
{ "type": "Feature", "properties": { "county": null, "precinct": null, "enr_desc": "Next Level Church", "winner": null, "winner_votes": null, "winner_share": null, "runner_up": null, "runner_up_votes": null, "runner_up_share": null, "contest_votes": null, "margin_of_victory": null, "is_tie": false, "results": null, "participated": false, "map_key": null }, "geometry": { "type": "Polygon", "coordinates": [ [ [ -80.65691999163964, 35.086418000289399 ], [ -80.660523990721643, 35.083899000059773 ], [ -80.66411999128691, 35.087256000326427 ], [ -80.68139799103264, 35.103409000571141 ], [ -80.654171991348093, 35.125048000350183 ], [ -80.645711991309724, 35.119692000237258 ], [ -80.635640991431501, 35.124964000411445 ], [ -80.631085991061084, 35.130745999792438 ], [ -80.629876991778687, 35.127073000319683 ], [ -80.625815991163975, 35.125866000051779 ], [ -80.623221991657516, 35.126470000040648 ], [ -80.61699099077336, 35.119936999761208 ], [ -80.615869990781576, 35.120566000193861 ], [ -80.616216990903965, 35.122032999893285 ], [ -80.612960991615566, 35.124041999904925 ], [ -80.61285599170256, 35.125767999848549 ], [ -80.610507991046077, 35.127058000104029 ], [ -80.604189991643807, 35.126409999854985 ], [ -80.602714991607598, 35.124898999818846 ], [ -80.605352990804548, 35.123639999902601 ], [ -80.609458991056314, 35.12342199972403 ], [ -80.615450991421127, 35.119022000150494 ], [ -80.619253991681958, 35.117228000240928 ], [ -80.626013991308866, 35.109994000125262 ], [ -80.632508990703883, 35.104988999823291 ], [ -80.641675991383607, 35.116993999944185 ], [ -80.645435990925833, 35.11264699995823 ], [ -80.645437990993116, 35.110871999784358 ], [ -80.643814991253876, 35.110000999871275 ], [ -80.647921991487479, 35.107006000035497 ], [ -80.648624991571566, 35.105560000452385 ], [ -80.651268991047658, 35.105648000222146 ], [ -80.655634991710642, 35.103258000398057 ], [ -80.657624991329541, 35.10097600027359 ], [ -80.652992990964194, 35.095613000399233 ], [ -80.653875991575447, 35.091182000312209 ], [ -80.653037991433479, 35.089330000431666 ], [ -80.65691999163964, 35.086418000289399 ] ] ] } },
{ "type": "Feature", "properties": { "county": null, "precinct": null, "enr_desc": "Lake Park Community Center", "winner": null, "winner_votes": null, "winner_share": null, "runner_up": null, "runner_up_votes": null, "runner_up_share": null, "contest_votes": null, "margin_of_victory": null, "is_tie": false, "results": null, "participated": false, "map_key": null }, "geometry": { "type": "Polygon", "coordinates": [ [ [ -80.646597990984418, 35.087292999725797 ], [ -80.64601499142077, 35.088182000219419 ], [ -80.645376991151082, 35.08698400037192 ], [ -80.642732991419663, 35.087934000468906 ], [ -80.642026991176152, 35.091383999670263 ], [ -80.63860499145288, 35.091366000123656 ], [ -80.638678990713103, 35.092522000101575 ], [ -80.634571991264835, 35.093505000540851 ], [ -80.635084991599939, 35.091152000252329 ], [ -80.631143991080734, 35.088226000058434 ], [ -80.629281990999957, 35.089413999990342 ], [ -80.628278991780761, 35.088361000277551 ], [ -80.623548991464801, 35.084949999938047 ], [ -80.624541991050052, 35.083464999698677 ], [ -80.624217991790104, 35.082703000279416 ], [ -80.628491991133785, 35.078558999866431 ], [ -80.630605990794706, 35.079011999920361 ], [ -80.633196991089889, 35.081437000294471 ], [ -80.635028991105642, 35.078651000475794 ], [ -80.632665990888583, 35.077524999689807 ], [ -80.634538990971066, 35.0749970004197 ], [ -80.638485991528597, 35.076117000000522 ], [ -80.63715799158156, 35.081629000276628 ], [ -80.638951990732238, 35.081699000539729 ], [ -80.638474990914816, 35.083103000311148 ], [ -80.63923299156906, 35.084199999997637 ], [ -80.643833990832633, 35.081834999784228 ], [ -80.646597990984418, 35.087292999725797 ] ] ] } },
{ "type": "Feature", "properties": { "county": null, "precinct": null, "enr_desc": "Sardis Elementary School", "winner": null, "winner_votes": null, "winner_share": null, "runner_up": null, "runner_up_votes": null, "runner_up_share": null, "contest_votes": null, "margin_of_victory": null, "is_tie": false, "results": null, "participated": false, "map_key": null }, "geometry": { "type": "Polygon", "coordinates": [ [ [ -80.616557990906443, 35.048760000525441 ], [ -80.645827991572048, 35.07019299996923 ], [ -80.660523990721643, 35.083899000059773 ], [ -80.65691999163964, 35.086418000289399 ], [ -80.655856990750991, 35.085653000005287 ], [ -80.656510991206261, 35.085111000136578 ], [ -80.65119699086938, 35.082049000055648 ], [ -80.648623990817043, 35.084424000024832 ], [ -80.64925599076912, 35.086811999821641 ], [ -80.647301991733016, 35.087946000190691 ], [ -80.646597990984418, 35.087292999725797 ], [ -80.643833990832633, 35.081834999784228 ], [ -80.63923299156906, 35.084199999997637 ], [ -80.638474990914816, 35.083103000311148 ], [ -80.638951990732238, 35.081699000539729 ], [ -80.63715799158156, 35.081629000276628 ], [ -80.638485991528597, 35.076117000000522 ], [ -80.634538990971066, 35.0749970004197 ], [ -80.632665990888583, 35.077524999689807 ], [ -80.635028991105642, 35.078651000475794 ], [ -80.633196991089889, 35.081437000294471 ], [ -80.630605990794706, 35.079011999920361 ], [ -80.628491991133785, 35.078558999866431 ], [ -80.624217991790104, 35.082703000279416 ], [ -80.624541991050052, 35.083464999698677 ], [ -80.623548991464801, 35.084949999938047 ], [ -80.628278991780761, 35.088361000277551 ], [ -80.626305991072726, 35.091391000151958 ], [ -80.620388990911138, 35.085548000409496 ], [ -80.615907991090168, 35.078523000375256 ], [ -80.612545990819257, 35.07561199969021 ], [ -80.60132099101483, 35.062672000251865 ], [ -80.599042991432484, 35.061184000438224 ], [ -80.601208991375046, 35.05688699991785 ], [ -80.600938991245727, 35.055876000187105 ], [ -80.603258990991407, 35.054204999814594 ], [ -80.603816991038201, 35.05409600011928 ], [ -80.604808991173357, 35.056295999762334 ], [ -80.611828990945924, 35.055899999742067 ], [ -80.613813990727706, 35.05247799989646 ], [ -80.612598991051684, 35.04944800027851 ], [ -80.614950991590035, 35.04759600012131 ], [ -80.616557990906443, 35.048760000525441 ] ] ] } },
{ "type": "Feature", "properties": { "county": null, "precinct": null, "enr_desc": "Porter Ridge Elementary School", "winner": null, "winner_votes": null, "winner_share": null, "runner_up": null, "runner_up_votes": null, "runner_up_share": null, "contest_votes": null, "margin_of_victory": null, "is_tie": false, "results": null, "participated": false, "map_key": null }, "geometry": { "type": "Polygon", "coordinates": [ [ [ -80.570701991800505, 35.043666000041554 ], [ -80.575172991608028, 35.046745999784868 ], [ -80.59038699126269, 35.052691000528156 ], [ -80.594329991074233, 35.057779000016836 ], [ -80.599042991432484, 35.061184000438224 ], [ -80.60132099101483, 35.062672000251865 ], [ -80.612545990819257, 35.07561199969021 ], [ -80.610645991089115, 35.076680000366345 ], [ -80.60910699124031, 35.080784000278882 ], [ -80.604396990875017, 35.08608999973027 ], [ -80.599974990849901, 35.089559000563405 ], [ -80.596533991738582, 35.090236999798357 ], [ -80.585205991078155, 35.089702000403811 ], [ -80.584100991094402, 35.104576000150878 ], [ -80.586747991771333, 35.113092000001473 ], [ -80.586553990760322, 35.115961999736818 ], [ -80.582924991318905, 35.113427000165217 ], [ -80.576789991473447, 35.112556000299634 ], [ -80.565707990856509, 35.109670000303339 ], [ -80.536575991183355, 35.104063000205961 ], [ -80.531682990750284, 35.087104999754779 ], [ -80.529750990976112, 35.067165999777444 ], [ -80.530027991760932, 35.056933000055132 ], [ -80.570806991415452, 35.056576000111484 ], [ -80.568317991483553, 35.046524000518154 ], [ -80.570701991800505, 35.043666000041554 ] ] ] } },
{ "type": "Feature", "properties": { "county": null, "precinct": null, "enr_desc": "Weddington Elementary School", "winner": null, "winner_votes": null, "winner_share": null, "runner_up": null, "runner_up_votes": null, "runner_up_share": null, "contest_votes": null, "margin_of_victory": null, "is_tie": false, "results": null, "participated": false, "map_key": null }, "geometry": { "type": "Polygon", "coordinates": [ [ [ -80.78658399157176, 34.990020999800336 ], [ -80.785163991735104, 34.995400000049074 ], [ -80.786191991448902, 34.99987799973114 ], [ -80.775220991614191, 35.004074000382893 ], [ -80.779338991453869, 35.008026000525639 ], [ -80.780957991615239, 35.007709000308544 ], [ -80.777397990794213, 35.010728000344052 ], [ -80.775722991249623, 35.01121800039374 ], [ -80.775915991741897, 35.012257000067819 ], [ -80.779753990732914, 35.010504999921473 ], [ -80.783764991670211, 35.010482999777814 ], [ -80.784260991015216, 35.012364000451846 ], [ -80.791437991178128, 35.018735000316596 ], [ -80.78713899086587, 35.020351000243899 ], [ -80.785723991458056, 35.02462399975073 ], [ -80.781622991182275, 35.021046000024079 ], [ -80.781857991109078, 35.018879000422118 ], [ -80.774347991381049, 35.019011000243026 ], [ -80.77271199126946, 35.019983000081375 ], [ -80.773636990872433, 35.020673000243875 ], [ -80.772629991146104, 35.021382999832291 ], [ -80.775844990891173, 35.023954000479883 ], [ -80.780192991191569, 35.025490999882891 ], [ -80.781432991416608, 35.031930999964636 ], [ -80.779794991395576, 35.03273800031981 ], [ -80.772753990718257, 35.033047000383021 ], [ -80.767554991547499, 35.036286000122544 ], [ -80.765231991095106, 35.030955999864403 ], [ -80.758769991365085, 35.034035000406725 ], [ -80.753901990735045, 35.038010999934478 ], [ -80.749579991283383, 35.038452000230791 ], [ -80.746082991589503, 35.037547000528733 ], [ -80.740152990982722, 35.034225000320511 ], [ -80.733860991713001, 35.032522999984124 ], [ -80.730758990753117, 35.03072700053508 ], [ -80.72182199160612, 35.020736000291556 ], [ -80.724626991310359, 35.017826000156234 ], [ -80.725020991138351, 35.010891000254148 ], [ -80.729795991471249, 35.006050999906847 ], [ -80.733145991528232, 35.001024999966347 ], [ -80.734403991624319, 34.993935000392142 ], [ -80.738323990860493, 34.98602400057576 ], [ -80.746888991646628, 34.985515999943928 ], [ -80.749911990935061, 34.986107000322995 ], [ -80.753932991685588, 34.989733000403383 ], [ -80.756341991586254, 34.990565999911098 ], [ -80.761550991641286, 34.995502999797729 ], [ -80.768515991278903, 34.998712000147954 ], [ -80.769999990935062, 34.998812000363699 ], [ -80.770532990937966, 34.997378999973371 ], [ -80.780195990910329, 34.997268000163395 ], [ -80.780630991500942, 34.994418000218616 ], [ -80.775594991046191, 34.993329000099244 ], [ -80.778268991189435, 34.985526999813388 ], [ -80.773919990906336, 34.985369999936793 ], [ -80.773711991439484, 34.984554000541102 ], [ -80.774515991347343, 34.984328000153965 ], [ -80.774167991349572, 34.981996000038208 ], [ -80.778559991680808, 34.982184999773374 ], [ -80.778572991504319, 34.981510000390614 ], [ -80.786077990961672, 34.985592000200214 ], [ -80.787589991661847, 34.988704999996024 ], [ -80.78658399157176, 34.990020999800336 ] ], [ [ -80.774401991161128, 35.01894599999509 ], [ -80.77626299083164, 35.016730999798824 ], [ -80.779326990951333, 35.017086999786763 ], [ -80.778480990714627, 35.012458000012515 ], [ -80.773973991771882, 35.013257000485758 ], [ -80.772604990726464, 35.017371000073325 ], [ -80.774401991161128, 35.01894599999509 ] ] ] } },
{ "type": "Feature", "properties": { "county": "UNION", "precinct": "43", "enr_desc": "The Bazemore Center", "winner": "Clancy Baucom", "winner_votes": 7.0, "winner_share": 50.0, "runner_up": "John Powell", "runner_up_votes": 7.0, "runner_up_share": 50.0, "contest_votes": 14.0, "margin_of_victory": 0.0, "is_tie": true, "results": [ { "candidate": "Clancy Baucom", "votes": 7, "share": 50.0 }, { "candidate": "John Powell", "votes": 7, "share": 50.0 }, { "candidate": "Richard T. Miller", "votes": 0, "share": 0.0 } ], "participated": true, "map_key": "UNION_43" }, "geometry": { "type": "Polygon", "coordinates": [ [ [ -80.538671991151446, 34.9793060003473 ], [ -80.545244991058382, 34.982120000342142 ], [ -80.5465099908876, 34.983420999777167 ], [ -80.549496991810855, 34.983351000518979 ], [ -80.549541990736117, 34.985251000335239 ], [ -80.548649991685792, 34.990621000549318 ], [ -80.548846990903485, 34.997515000567155 ], [ -80.548038991096959, 34.998597000099814 ], [ -80.53296199116653, 34.99014500014124 ], [ -80.529090991122146, 34.986198000462089 ], [ -80.526207991388176, 34.98124400022057 ], [ -80.52101899072953, 34.977172000542396 ], [ -80.518503991720436, 34.974047000332924 ], [ -80.520192991316691, 34.97343099995534 ], [ -80.53096599118031, 34.975226000168149 ], [ -80.538671991151446, 34.9793060003473 ] ] ] } },
{ "type": "Feature", "properties": { "county": null, "precinct": null, "enr_desc": "Spirit Of Joy Lutheran Church", "winner": null, "winner_votes": null, "winner_share": null, "runner_up": null, "runner_up_votes": null, "runner_up_share": null, "contest_votes": null, "margin_of_victory": null, "is_tie": false, "results": null, "participated": false, "map_key": null }, "geometry": { "type": "Polygon", "coordinates": [ [ [ -80.68936299178435, 35.029478999786839 ], [ -80.694241990975499, 35.019440000313622 ], [ -80.700510991196396, 35.018819000264514 ], [ -80.70575999171777, 35.020361999747244 ], [ -80.704667991158317, 35.023820999815264 ], [ -80.706500991451577, 35.02579699975518 ], [ -80.70666599127938, 35.027896000442325 ], [ -80.709820991656244, 35.030759000048953 ], [ -80.709127991341447, 35.031356000239256 ], [ -80.709704991623411, 35.032932000484927 ], [ -80.708845991112497, 35.033852999802022 ], [ -80.710446991078243, 35.037090000444969 ], [ -80.710307990857686, 35.038081000066413 ], [ -80.706637990813931, 35.04028400005781 ], [ -80.706439990824805, 35.041196999873762 ], [ -80.711980991559301, 35.043889000539068 ], [ -80.712909991580929, 35.046956000488208 ], [ -80.717181991313652, 35.052135000469896 ], [ -80.721725991446348, 35.05422499969368 ], [ -80.72687399143193, 35.060036000118274 ], [ -80.727262991551768, 35.062717000412924 ], [ -80.718634990932799, 35.062932999707193 ], [ -80.711692991634052, 35.066709000164117 ], [ -80.711138991509202, 35.068609999779675 ], [ -80.715655991087402, 35.070539000440355 ], [ -80.715788991717289, 35.071095000052139 ], [ -80.713824991243143, 35.071866000027043 ], [ -80.710923990882051, 35.072777000117995 ], [ -80.709981991142087, 35.070858000564272 ], [ -80.709973991376941, 35.068422000118026 ], [ -80.707713991546527, 35.069265000118513 ], [ -80.708015991793829, 35.071034000093675 ], [ -80.706245991433491, 35.071785000451008 ], [ -80.706077991702713, 35.069461000220009 ], [ -80.699309990999083, 35.07200299997136 ], [ -80.699313991072842, 35.070238999899878 ], [ -80.69832799131845, 35.067627999761029 ], [ -80.698646991342244, 35.062256000493221 ], [ -80.696861991181819, 35.061122000567011 ], [ -80.694560990883744, 35.056722000035101 ], [ -80.682498991769421, 35.05603299986219 ], [ -80.683865990969807, 35.050029000315867 ], [ -80.684682991164351, 35.037392999751425 ], [ -80.686129991694557, 35.033683000348645 ], [ -80.68936299178435, 35.029478999786839 ] ] ] } },
{ "type": "Feature", "properties": { "county": null, "precinct": null, "enr_desc": "New Salem Baptist Church", "winner": null, "winner_votes": null, "winner_share": null, "runner_up": null, "runner_up_votes": null, "runner_up_share": null, "contest_votes": null, "margin_of_victory": null, "is_tie": false, "results": null, "participated": false, "map_key": null }, "geometry": { "type": "Polygon", "coordinates": [ [ [ -80.661222990855819, 35.005779000400949 ], [ -80.66021499150726, 35.006998999794838 ], [ -80.66051799085929, 35.007931000127797 ], [ -80.657842991022648, 35.010732999980995 ], [ -80.657967991761723, 35.012633999807534 ], [ -80.654284990752473, 35.012825000252462 ], [ -80.649015991440706, 35.015031000343235 ], [ -80.645298991420489, 35.014056999728119 ], [ -80.640611991684878, 35.012790999691411 ], [ -80.632335991492553, 35.012144000299926 ], [ -80.622598991748006, 35.009516999870911 ], [ -80.621706991018868, 35.009552999731646 ], [ -80.601540990908376, 35.007579999889479 ], [ -80.588756991426209, 35.002541999849285 ], [ -80.577639991029031, 34.995960000006811 ], [ -80.570339991325127, 34.996110000372163 ], [ -80.571493991541629, 34.994840999666231 ], [ -80.571084991219266, 34.994337000217875 ], [ -80.572902991616075, 34.993179000223222 ], [ -80.574969991471974, 34.993290000174561 ], [ -80.57330399160486, 34.99029200028172 ], [ -80.570947991032455, 34.991136999753081 ], [ -80.569739991265862, 34.989884000006349 ], [ -80.56734399112635, 34.988841999676971 ], [ -80.568975991557551, 34.988949999975468 ], [ -80.570254990991884, 34.987313000403361 ], [ -80.569536990836525, 34.985343999920779 ], [ -80.571021991104217, 34.984800000078202 ], [ -80.5705749916701, 34.982593000301016 ], [ -80.574233991593019, 34.98332700004935 ], [ -80.578052990808899, 34.984367999815952 ], [ -80.598868991053209, 34.984723999993783 ], [ -80.613468991180071, 34.987147999951937 ], [ -80.612312991126331, 34.9919539998481 ], [ -80.61416199167023, 34.992098999751711 ], [ -80.614124991554505, 34.993364000319907 ], [ -80.619733991729433, 34.993568000023942 ], [ -80.621601990793124, 34.998961000278676 ], [ -80.623952991166433, 34.999488999885941 ], [ -80.624291991289525, 35.000806999786711 ], [ -80.628648990802262, 35.004351000114966 ], [ -80.636633990793314, 35.008264000112334 ], [ -80.644507991614319, 35.006234000561541 ], [ -80.650187991251443, 35.007021000134785 ], [ -80.654149991480409, 35.004961000163931 ], [ -80.661222990855819, 35.005779000400949 ] ] ] } },
{ "type": "Feature", "properties": { "county": "ANSON", "precinct": "ANS", "enr_desc": "Ansonville", "winner": "Clancy Baucom", "winner_votes": 52.0, "winner_share": 80.0, "runner_up": "John Powell", "runner_up_votes": 9.0, "runner_up_share": 13.846153846153847, "contest_votes": 65.0, "margin_of_victory": 66.15384615384616, "is_tie": false, "results": [ { "candidate": "Clancy Baucom", "votes": 52, "share": 80.0 }, { "candidate": "John Powell", "votes": 9, "share": 13.846153846153847 }, { "candidate": "Richard T. Miller", "votes": 4, "share": 6.153846153846154 } ], "participated": true, "map_key": "ANSON_ANS" }, "geometry": { "type": "Polygon", "coordinates": [ [ [ -80.163203991436248, 35.046375999641228 ], [ -80.183677990753807, 35.056491000317088 ], [ -80.188503991420404, 35.060374000071974 ], [ -80.192757991680068, 35.061659000120841 ], [ -80.193709991216906, 35.063025999686324 ], [ -80.193513990826105, 35.065013999759572 ], [ -80.190541990996749, 35.06335500026011 ], [ -80.187992990862924, 35.064141000393747 ], [ -80.187320990876387, 35.065085000485723 ], [ -80.187834991624428, 35.066616999715784 ], [ -80.192663991428219, 35.067626000444832 ], [ -80.195764990971654, 35.070380999643149 ], [ -80.194239990887965, 35.07240800040087 ], [ -80.189169991476803, 35.073290000103995 ], [ -80.186919991484686, 35.074446000419329 ], [ -80.187421990753279, 35.076341000094772 ], [ -80.191747990918728, 35.077795000213797 ], [ -80.191349991011649, 35.079088999659255 ], [ -80.187395991411563, 35.080997000524953 ], [ -80.183918991009833, 35.080705000072832 ], [ -80.181672991245833, 35.081460999670277 ], [ -80.180379991123857, 35.082790999694637 ], [ -80.180528991595168, 35.084704999729283 ], [ -80.183083991551584, 35.086312000201701 ], [ -80.188347990888275, 35.085864000498972 ], [ -80.190028991351937, 35.086545999724024 ], [ -80.189224991306304, 35.091504000453959 ], [ -80.193189991114238, 35.097661999684739 ], [ -80.189777990989981, 35.100529000355166 ], [ -80.18468099100852, 35.100555000060965 ], [ -80.180750991271552, 35.098621000169381 ], [ -80.179297990988815, 35.099188000016625 ], [ -80.182119991711559, 35.102465000248024 ], [ -80.182175991653921, 35.106714000224287 ], [ -80.183187991270415, 35.10879799963984 ], [ -80.184391991035156, 35.109296999899485 ], [ -80.185078991658614, 35.118137000198317 ], [ -80.186834991204833, 35.11957900008877 ], [ -80.190453990926571, 35.126019000411681 ], [ -80.188758991157414, 35.130090000157082 ], [ -80.18284999170163, 35.13283599997208 ], [ -80.181594991277862, 35.137920000330773 ], [ -80.181650991422714, 35.141790000502517 ], [ -80.179752991612943, 35.148601999983768 ], [ -80.178533991180757, 35.1499639998056 ], [ -80.172818991335305, 35.147847000368152 ], [ -80.165495991709079, 35.147435000313138 ], [ -80.160878991140706, 35.148700000296216 ], [ -80.159692991000611, 35.150195000311108 ], [ -80.160192991624882, 35.151892000473715 ], [ -80.166329991716609, 35.158096000282427 ], [ -80.167573991177704, 35.162171000265268 ], [ -80.165587991082489, 35.164666000469978 ], [ -80.15914399170083, 35.167332000433206 ], [ -80.157019990780825, 35.173797000290129 ], [ -80.154564990725319, 35.174895000193239 ], [ -80.151639991384073, 35.174548999826541 ], [ -80.141894991231212, 35.168251000331963 ], [ -80.135741991497042, 35.167636000497147 ], [ -80.13176699140736, 35.173362000327607 ], [ -80.125923991479254, 35.173945000395641 ], [ -80.124174991189705, 35.175281000032051 ], [ -80.12474299097596, 35.177470000282092 ], [ -80.129113991476913, 35.18462899992192 ], [ -80.129433991353835, 35.186564999646009 ], [ -80.128667990831886, 35.188051000055758 ], [ -80.122147990765782, 35.192482999887829 ], [ -80.115497991107731, 35.194217000012351 ], [ -80.112643990848341, 35.193881999812319 ], [ -80.110003990807002, 35.192093999974048 ], [ -80.108499990926305, 35.189735000070314 ], [ -80.10803599098368, 35.185087999771575 ], [ -80.108877991354063, 35.178669999642572 ], [ -80.107070990824312, 35.173062000152711 ], [ -80.1023069907625, 35.168902999862254 ], [ -80.09194899102414, 35.162749000188022 ], [ -80.077677991506619, 35.147595000504644 ], [ -80.076175991128665, 35.143184999908122 ], [ -80.075364991283251, 35.143081000348175 ], [ -80.075465991427322, 35.137460999738785 ], [ -80.074217990747258, 35.132402000393689 ], [ -80.069024991756393, 35.122291000394142 ], [ -80.069685991408605, 35.115001999936879 ], [ -80.068149991744733, 35.112040999873336 ], [ -80.042205991306403, 35.10296699975239 ], [ -80.031134990914879, 35.094382000022144 ], [ -80.024354991260125, 35.090375000273959 ], [ -80.013095991678085, 35.089198999695967 ], [ -79.999377991774864, 35.085541000227295 ], [ -80.002277991362121, 35.071839000104234 ], [ -80.015169991343924, 35.042755000340506 ], [ -80.081528990776434, 35.046770000007108 ], [ -80.162856991228281, 35.050345000104578 ], [ -80.163203991436248, 35.046375999641228 ] ] ] } },
{ "type": "Feature", "properties": { "county": "ANSON", "precinct": "BURN", "enr_desc": "Burnsville", "winner": "Clancy Baucom", "winner_votes": 121.0, "winner_share": 78.064516129032256, "runner_up": "John Powell", "runner_up_votes": 26.0, "runner_up_share": 16.7741935483871, "contest_votes": 155.0, "margin_of_victory": 61.290322580645153, "is_tie": false, "results": [ { "candidate": "Clancy Baucom", "votes": 121, "share": 78.06451612903226 }, { "candidate": "John Powell", "votes": 26, "share": 16.7741935483871 }, { "candidate": "Richard T. Miller", "votes": 8, "share": 5.161290322580645 } ], "participated": true, "map_key": "ANSON_BURN" }, "geometry": { "type": "Polygon", "coordinates": [ [ [ -80.2900879912128, 35.081039999930724 ], [ -80.276828991076158, 35.195722000440547 ], [ -80.274782991724038, 35.196805999637327 ], [ -80.271506991408074, 35.201669999906144 ], [ -80.265011990746899, 35.204049999666019 ], [ -80.263854990708609, 35.208410000091398 ], [ -80.259194991493132, 35.208796000051414 ], [ -80.255871991103064, 35.211067000168548 ], [ -80.253456991169358, 35.211067999794551 ], [ -80.251092990799705, 35.20833399989597 ], [ -80.251669991219927, 35.204546000062393 ], [ -80.250544991211697, 35.202097000213811 ], [ -80.239998990713573, 35.188066999693824 ], [ -80.242099991392465, 35.18157300037327 ], [ -80.241240990798616, 35.179070000152286 ], [ -80.236638991773873, 35.171498000232639 ], [ -80.231246991691194, 35.166681999698369 ], [ -80.230338990779828, 35.164049999976108 ], [ -80.225203991223708, 35.156403000085788 ], [ -80.221610991003985, 35.155429000512726 ], [ -80.207837991349436, 35.155986000220913 ], [ -80.206183990979198, 35.159143000213213 ], [ -80.206102990900604, 35.163777000431679 ], [ -80.205251990718835, 35.165433000012143 ], [ -80.20215099143833, 35.166611000114379 ], [ -80.197802991621998, 35.166653999975338 ], [ -80.194919991355619, 35.165381000127901 ], [ -80.193527991404181, 35.158877000191822 ], [ -80.19155499075886, 35.156219000110141 ], [ -80.185929991228278, 35.15462900032098 ], [ -80.178533991180757, 35.1499639998056 ], [ -80.179752991612943, 35.148601999983768 ], [ -80.181650991422714, 35.141790000502517 ], [ -80.181594991277862, 35.137920000330773 ], [ -80.18284999170163, 35.13283599997208 ], [ -80.188758991157414, 35.130090000157082 ], [ -80.190453990926571, 35.126019000411681 ], [ -80.186834991204833, 35.11957900008877 ], [ -80.185078991658614, 35.118137000198317 ], [ -80.184391991035156, 35.109296999899485 ], [ -80.183187991270415, 35.10879799963984 ], [ -80.182175991653921, 35.106714000224287 ], [ -80.182119991711559, 35.102465000248024 ], [ -80.179297990988815, 35.099188000016625 ], [ -80.180750991271552, 35.098621000169381 ], [ -80.18468099100852, 35.100555000060965 ], [ -80.189777990989981, 35.100529000355166 ], [ -80.193189991114238, 35.097661999684739 ], [ -80.189224991306304, 35.091504000453959 ], [ -80.190028991351937, 35.086545999724024 ], [ -80.188347990888275, 35.085864000498972 ], [ -80.183083991551584, 35.086312000201701 ], [ -80.180528991595168, 35.084704999729283 ], [ -80.180379991123857, 35.082790999694637 ], [ -80.181672991245833, 35.081460999670277 ], [ -80.183918991009833, 35.080705000072832 ], [ -80.187395991411563, 35.080997000524953 ], [ -80.191349991011649, 35.079088999659255 ], [ -80.191747990918728, 35.077795000213797 ], [ -80.187421990753279, 35.076341000094772 ], [ -80.186919991484686, 35.074446000419329 ], [ -80.189169991476803, 35.073290000103995 ], [ -80.194239990887965, 35.07240800040087 ], [ -80.195764990971654, 35.070380999643149 ], [ -80.192663991428219, 35.067626000444832 ], [ -80.187834991624428, 35.066616999715784 ], [ -80.187320990876387, 35.065085000485723 ], [ -80.187992990862924, 35.064141000393747 ], [ -80.190541990996749, 35.06335500026011 ], [ -80.193513990826105, 35.065013999759572 ], [ -80.197109991760854, 35.066079999680994 ], [ -80.199455991287849, 35.065503000025849 ], [ -80.200599991782482, 35.063819999772186 ], [ -80.196638991203741, 35.058267999792449 ], [ -80.195771990756953, 35.058102999962585 ], [ -80.193456990846101, 35.060064999977101 ], [ -80.190424991575625, 35.059146999836152 ], [ -80.189632991640195, 35.057731999961121 ], [ -80.190771991235877, 35.057117000048692 ], [ -80.19573799179166, 35.057230999648105 ], [ -80.198740990934652, 35.053019999940346 ], [ -80.202635991127309, 35.052476999758014 ], [ -80.203825990944821, 35.049498000520472 ], [ -80.202182991197006, 35.047555000456761 ], [ -80.202757990777187, 35.046697000269404 ], [ -80.204673991333053, 35.046967000103692 ], [ -80.207867990759226, 35.049571000324896 ], [ -80.209507991010227, 35.049935000278765 ], [ -80.207193990962182, 35.043624000465954 ], [ -80.20923299141937, 35.044344999898868 ], [ -80.21074299156507, 35.047438999871169 ], [ -80.215334990720038, 35.050761999886099 ], [ -80.270388991339885, 35.05270500030975 ], [ -80.293440991528641, 35.051986000013706 ], [ -80.2900879912128, 35.081039999930724 ] ] ] } },
{ "type": "Feature", "properties": { "county": "ANSON", "precinct": "GULL", "enr_desc": "Gulledge", "winner": "Clancy Baucom", "winner_votes": 40.0, "winner_share": 74.074074074074076, "runner_up": "John Powell", "runner_up_votes": 8.0, "runner_up_share": 14.814814814814813, "contest_votes": 54.0, "margin_of_victory": 59.259259259259267, "is_tie": false, "results": [ { "candidate": "Clancy Baucom", "votes": 40, "share": 74.07407407407408 }, { "candidate": "John Powell", "votes": 8, "share": 14.814814814814813 }, { "candidate": "Richard T. Miller", "votes": 6, "share": 11.11111111111111 } ], "participated": true, "map_key": "ANSON_GULL" }, "geometry": { "type": "Polygon", "coordinates": [ [ [ -80.043171991428224, 34.809060999845379 ], [ -80.189213990901976, 34.811832000198933 ], [ -80.185279991553941, 34.842520000155403 ], [ -80.183072990757339, 34.845137000292965 ], [ -80.182364990752191, 34.847492999847603 ], [ -80.183218991740716, 34.856543000319036 ], [ -80.184458991675484, 34.860091000077873 ], [ -80.183489991579748, 34.86260999987563 ], [ -80.181251990796255, 34.864939000377696 ], [ -80.169600991679118, 34.879595000452944 ], [ -80.158445990872693, 34.889810999824299 ], [ -80.154040991333858, 34.898824000032945 ], [ -80.153236991204054, 34.90234800001793 ], [ -80.151365991426488, 34.904691999761617 ], [ -80.147364991468635, 34.907341999748311 ], [ -80.141478991241542, 34.908426000331147 ], [ -80.130733991202803, 34.902159000281813 ], [ -80.123613991189416, 34.901211999762836 ], [ -80.109055991375101, 34.896390000079656 ], [ -80.091939990809493, 34.894771000478336 ], [ -80.077989991589234, 34.896302000411538 ], [ -80.070412991491423, 34.898655000086073 ], [ -80.072335990743298, 34.905749000070344 ], [ -80.06808899169701, 34.906443999732609 ], [ -80.065369991695661, 34.911698000079397 ], [ -80.065868991589724, 34.916140999789853 ], [ -80.060487991306857, 34.918895000200813 ], [ -80.055306990765018, 34.918727000451014 ], [ -80.054299990743104, 34.91796600010985 ], [ -80.05186699086839, 34.918711000522293 ], [ -80.043794991140331, 34.913410999673793 ], [ -80.041002990834059, 34.915388999854564 ], [ -80.039732990982074, 34.915075000064782 ], [ -80.03872599150877, 34.913700000124727 ], [ -80.036873991564519, 34.909607999731882 ], [ -80.036915991456368, 34.907282000134593 ], [ -80.034791990935929, 34.903839000425002 ], [ -80.034856991131093, 34.865244999853779 ], [ -80.037313990998243, 34.816696999707787 ], [ -80.043171991428224, 34.809060999845379 ] ] ] } },
{ "type": "Feature", "properties": { "county": "ANSON", "precinct": "LILE", "enr_desc": "Lilesville", "winner": "Clancy Baucom", "winner_votes": 113.0, "winner_share": 72.435897435897431, "runner_up": "John Powell", "runner_up_votes": 27.0, "runner_up_share": 17.307692307692307, "contest_votes": 156.0, "margin_of_victory": 55.128205128205124, "is_tie": false, "results": [ { "candidate": "Clancy Baucom", "votes": 113, "share": 72.43589743589743 }, { "candidate": "John Powell", "votes": 27, "share": 17.307692307692307 }, { "candidate": "Richard T. Miller", "votes": 16, "share": 10.256410256410255 } ], "participated": true, "map_key": "ANSON_LILE" }, "geometry": { "type": "Polygon", "coordinates": [ [ [ -79.890855991734128, 34.861844000359078 ], [ -79.891594991239131, 34.863500000107031 ], [ -79.889455991243125, 34.86576900000756 ], [ -79.885759991396995, 34.867143000442013 ], [ -79.885870991239912, 34.868737999776478 ], [ -79.888963990808236, 34.870947000324449 ], [ -79.892109990974888, 34.870576999973331 ], [ -79.893625991136673, 34.872557000289838 ], [ -79.892773991162841, 34.873649999624213 ], [ -79.894090991200059, 34.874583000274058 ], [ -79.893895991066813, 34.875978999978315 ], [ -79.894870991224209, 34.877548999780245 ], [ -79.897434991415309, 34.877259999695063 ], [ -79.899658990812839, 34.878985000111768 ], [ -79.900106991294905, 34.880424000147343 ], [ -79.903302991578997, 34.881304000143473 ], [ -79.90313899086739, 34.884946000140793 ], [ -79.904984990780406, 34.883693999721395 ], [ -79.90824999162335, 34.883728999907788 ], [ -79.911417991777739, 34.885542000331647 ], [ -79.91427799082193, 34.885577000004432 ], [ -79.91710299110639, 34.887407000294729 ], [ -79.921120991486191, 34.888021000383908 ], [ -79.928416991076517, 34.885797000368491 ], [ -79.927527990911045, 34.891468000456982 ], [ -79.928738991601676, 34.894492000261494 ], [ -79.928462991802363, 34.897283999948172 ], [ -79.93084499176959, 34.900729000040769 ], [ -79.930905991546624, 34.903246999802171 ], [ -79.934608991625979, 34.898295999813215 ], [ -79.953216991132564, 34.885773999987912 ], [ -79.972488991230577, 34.874178999626452 ], [ -79.974125991593468, 34.882057999649959 ], [ -79.977226991135609, 34.886681000339877 ], [ -79.980740990734532, 34.895683000193252 ], [ -79.982768991683884, 34.896268000011212 ], [ -79.983336990771448, 34.894638000229826 ], [ -79.98743599161979, 34.892450000011181 ], [ -79.986783990768714, 34.89064299976345 ], [ -79.990939991715649, 34.887227000087179 ], [ -79.991972991221346, 34.887202000354378 ], [ -79.993897991421875, 34.888937999892626 ], [ -79.997466991193434, 34.888505000250937 ], [ -79.999404990780917, 34.887339000273748 ], [ -80.001061991197147, 34.890751000277028 ], [ -80.003727990872051, 34.892099999896487 ], [ -80.003668990965565, 34.892714000304927 ], [ -80.001069991159724, 34.894549999759533 ], [ -79.995906991022153, 34.89437799965863 ], [ -79.994627990914779, 34.895289999821038 ], [ -79.996179991113991, 34.897500000130727 ], [ -79.99906799104096, 34.899236999914912 ], [ -79.999042991757591, 34.901448999726803 ], [ -80.00016099103847, 34.902309000471924 ], [ -79.999573990763579, 34.904067999687634 ], [ -80.008257991096613, 34.902762000210231 ], [ -80.010082991084658, 34.903528000248606 ], [ -80.010485991348702, 34.905144000370363 ], [ -80.012741991434069, 34.90535499973295 ], [ -80.022710991633687, 34.904010999913893 ], [ -80.034791990935929, 34.903839000425002 ], [ -80.036915991456368, 34.907282000134593 ], [ -80.036873991564519, 34.909607999731882 ], [ -80.03872599150877, 34.913700000124727 ], [ -80.02989199150862, 34.915541000242506 ], [ -80.02822399152447, 34.914509999843929 ], [ -80.027953991220215, 34.915060999971004 ], [ -80.02400399146677, 34.914697000253796 ], [ -80.016730991126479, 34.916037000445733 ], [ -80.015461990728667, 34.915496000109414 ], [ -80.020098990750583, 34.926829000111155 ], [ -80.019845991023047, 34.931615999879398 ], [ -80.021539991397361, 34.935945000049443 ], [ -80.020314990784044, 34.939609000235926 ], [ -80.020132990919308, 34.943919999852469 ], [ -80.016978991601277, 34.947788000245289 ], [ -80.016747990808739, 34.949500999880058 ], [ -80.018157991409467, 34.957693000147458 ], [ -80.021523991334817, 34.966359000123752 ], [ -80.021498991600296, 34.970516999835361 ], [ -80.020406991331143, 34.97371100047809 ], [ -80.021360991026654, 34.977535000238312 ], [ -80.019306990817924, 34.977696999765143 ], [ -80.008788991149189, 35.02566000031306 ], [ -80.008454990734549, 35.029838999717754 ], [ -80.00469699160405, 35.034713999632082 ], [ -80.006338991788425, 35.039696000266716 ], [ -80.005262991379041, 35.043861000259746 ], [ -80.010225991268015, 35.044590000239495 ], [ -80.012597990890626, 35.042791999733808 ], [ -80.015169991343924, 35.042755000340506 ], [ -80.002277991362121, 35.071839000104234 ], [ -79.999377991774864, 35.085541000227295 ], [ -79.993376991544793, 35.085459999757347 ], [ -79.986067991578764, 35.08911599986439 ], [ -79.983310991694935, 35.091815999809242 ], [ -79.981737990910574, 35.096821999956788 ], [ -79.978771990730465, 35.100784000049188 ], [ -79.958474991497127, 35.113719000445741 ], [ -79.943649991603209, 35.119080999987034 ], [ -79.933089991759687, 35.118947000425784 ], [ -79.927924991564225, 35.117922999982248 ], [ -79.923570990835088, 35.114873999891323 ], [ -79.921899991192092, 35.106685000184626 ], [ -79.915698991347256, 35.101162000485736 ], [ -79.912517990785602, 35.09606700009774 ], [ -79.911757991594413, 35.091781999772813 ], [ -79.912340991659008, 35.075338000485765 ], [ -79.91169399115509, 35.07231499994451 ], [ -79.908982990984484, 35.066963000030356 ], [ -79.90313199078669, 35.062067999684039 ], [ -79.883785991115218, 35.051856999958048 ], [ -79.878971991153179, 35.047609000284432 ], [ -79.876659991585527, 35.04447199975202 ], [ -79.875594991282156, 35.040116999834282 ], [ -79.876743990940312, 35.035945000464217 ], [ -79.879627991185629, 35.033237999834654 ], [ -79.885302990882792, 35.030383999958872 ], [ -79.892426990740731, 35.024870000226414 ], [ -79.89464499105658, 35.016434999945204 ], [ -79.900016991115208, 35.00904000032407 ], [ -79.900626990805705, 35.005737000306183 ], [ -79.899289991345896, 35.003674000491628 ], [ -79.880495991270081, 34.98883300019174 ], [ -79.872672991581283, 34.984005000508006 ], [ -79.867137991545619, 34.982260000440689 ], [ -79.864792991226295, 34.979988000340441 ], [ -79.863812991446565, 34.974207999897779 ], [ -79.866182990890863, 34.969648999771117 ], [ -79.867484991166748, 34.964028000178295 ], [ -79.872340991763195, 34.955003000070612 ], [ -79.872302990747087, 34.950370999867175 ], [ -79.86699399107566, 34.9398099996612 ], [ -79.860108991814158, 34.933189000149476 ], [ -79.855647991643764, 34.925073000212826 ], [ -79.849609991726751, 34.911361999941512 ], [ -79.848478990841869, 34.904331000147153 ], [ -79.850535991173146, 34.898376000424669 ], [ -79.855694991048551, 34.893003999881643 ], [ -79.865783990869531, 34.879357999672138 ], [ -79.876723991746303, 34.870878999772657 ], [ -79.883135990806551, 34.864451000085545 ], [ -79.886667991268993, 34.862639999857144 ], [ -79.890855991734128, 34.861844000359078 ] ] ] } },
{ "type": "Feature", "properties": { "county": "ANSON", "precinct": "MM", "enr_desc": "Morven/Mcfarlan", "winner": "Clancy Baucom", "winner_votes": 15.0, "winner_share": 65.217391304347828, "runner_up": "John Powell", "runner_up_votes": 6.0, "runner_up_share": 26.086956521739129, "contest_votes": 23.0, "margin_of_victory": 39.130434782608702, "is_tie": false, "results": [ { "candidate": "Clancy Baucom", "votes": 15, "share": 65.21739130434783 }, { "candidate": "John Powell", "votes": 6, "share": 26.08695652173913 }, { "candidate": "Richard T. Miller", "votes": 2, "share": 8.695652173913043 } ], "participated": true, "map_key": "ANSON_MM" }, "geometry": { "type": "Polygon", "coordinates": [ [ [ -80.043171991428224, 34.809060999845379 ], [ -80.037313990998243, 34.816696999707787 ], [ -80.034856991131093, 34.865244999853779 ], [ -80.034791990935929, 34.903839000425002 ], [ -80.022710991633687, 34.904010999913893 ], [ -80.012741991434069, 34.90535499973295 ], [ -80.010485991348702, 34.905144000370363 ], [ -80.010082991084658, 34.903528000248606 ], [ -80.008257991096613, 34.902762000210231 ], [ -79.999573990763579, 34.904067999687634 ], [ -80.00016099103847, 34.902309000471924 ], [ -79.999042991757591, 34.901448999726803 ], [ -79.99906799104096, 34.899236999914912 ], [ -79.996179991113991, 34.897500000130727 ], [ -79.994627990914779, 34.895289999821038 ], [ -79.995906991022153, 34.89437799965863 ], [ -80.001069991159724, 34.894549999759533 ], [ -80.003668990965565, 34.892714000304927 ], [ -80.003727990872051, 34.892099999896487 ], [ -80.001061991197147, 34.890751000277028 ], [ -79.999404990780917, 34.887339000273748 ], [ -79.997466991193434, 34.888505000250937 ], [ -79.993897991421875, 34.888937999892626 ], [ -79.991972991221346, 34.887202000354378 ], [ -79.990939991715649, 34.887227000087179 ], [ -79.986783990768714, 34.89064299976345 ], [ -79.98743599161979, 34.892450000011181 ], [ -79.983336990771448, 34.894638000229826 ], [ -79.982768991683884, 34.896268000011212 ], [ -79.980740990734532, 34.895683000193252 ], [ -79.977226991135609, 34.886681000339877 ], [ -79.974125991593468, 34.882057999649959 ], [ -79.972488991230577, 34.874178999626452 ], [ -79.953216991132564, 34.885773999987912 ], [ -79.934608991625979, 34.898295999813215 ], [ -79.930905991546624, 34.903246999802171 ], [ -79.93084499176959, 34.900729000040769 ], [ -79.928462991802363, 34.897283999948172 ], [ -79.928738991601676, 34.894492000261494 ], [ -79.927527990911045, 34.891468000456982 ], [ -79.928416991076517, 34.885797000368491 ], [ -79.921120991486191, 34.888021000383908 ], [ -79.91710299110639, 34.887407000294729 ], [ -79.91427799082193, 34.885577000004432 ], [ -79.911417991777739, 34.885542000331647 ], [ -79.90824999162335, 34.883728999907788 ], [ -79.904984990780406, 34.883693999721395 ], [ -79.90313899086739, 34.884946000140793 ], [ -79.903302991578997, 34.881304000143473 ], [ -79.900106991294905, 34.880424000147343 ], [ -79.899658990812839, 34.878985000111768 ], [ -79.897434991415309, 34.877259999695063 ], [ -79.894870991224209, 34.877548999780245 ], [ -79.893895991066813, 34.875978999978315 ], [ -79.894090991200059, 34.874583000274058 ], [ -79.892773991162841, 34.873649999624213 ], [ -79.893625991136673, 34.872557000289838 ], [ -79.892109990974888, 34.870576999973331 ], [ -79.888963990808236, 34.870947000324449 ], [ -79.885870991239912, 34.868737999776478 ], [ -79.885759991396995, 34.867143000442013 ], [ -79.889455991243125, 34.86576900000756 ], [ -79.891594991239131, 34.863500000107031 ], [ -79.890855991734128, 34.861844000359078 ], [ -79.899140991540193, 34.858870000145785 ], [ -79.902962991121385, 34.854545000460917 ], [ -79.908856991227651, 34.841166999878098 ], [ -79.909965991759435, 34.834813999677188 ], [ -79.912713991828696, 34.826519000461111 ], [ -79.913902991453497, 34.818451999948763 ], [ -79.923088991006566, 34.808756000479207 ], [ -79.927411991065171, 34.806734000396233 ], [ -80.043171991428224, 34.809060999845379 ] ] ] } },
{ "type": "Feature", "properties": { "county": "ANSON", "precinct": "WADES", "enr_desc": "Wadesboro", "winner": "Clancy Baucom", "winner_votes": 240.0, "winner_share": 74.303405572755423, "runner_up": "John Powell", "runner_up_votes": 54.0, "runner_up_share": 16.718266253869967, "contest_votes": 323.0, "margin_of_victory": 57.585139318885453, "is_tie": false, "results": [ { "candidate": "Clancy Baucom", "votes": 240, "share": 74.30340557275542 }, { "candidate": "John Powell", "votes": 54, "share": 16.718266253869967 }, { "candidate": "Richard T. Miller", "votes": 29, "share": 8.978328173374612 } ], "participated": true, "map_key": "ANSON_WADES" }, "geometry": { "type": "Polygon", "coordinates": [ [ [ -80.03872599150877, 34.913700000124727 ], [ -80.039732990982074, 34.915075000064782 ], [ -80.041002990834059, 34.915388999854564 ], [ -80.043794991140331, 34.913410999673793 ], [ -80.05186699086839, 34.918711000522293 ], [ -80.054299990743104, 34.91796600010985 ], [ -80.055306990765018, 34.918727000451014 ], [ -80.060487991306857, 34.918895000200813 ], [ -80.065868991589724, 34.916140999789853 ], [ -80.065369991695661, 34.911698000079397 ], [ -80.06808899169701, 34.906443999732609 ], [ -80.072335990743298, 34.905749000070344 ], [ -80.070412991491423, 34.898655000086073 ], [ -80.077989991589234, 34.896302000411538 ], [ -80.091939990809493, 34.894771000478336 ], [ -80.109055991375101, 34.896390000079656 ], [ -80.123613991189416, 34.901211999762836 ], [ -80.130733991202803, 34.902159000281813 ], [ -80.141478991241542, 34.908426000331147 ], [ -80.147364991468635, 34.907341999748311 ], [ -80.151365991426488, 34.904691999761617 ], [ -80.153236991204054, 34.90234800001793 ], [ -80.154040991333858, 34.898824000032945 ], [ -80.158445990872693, 34.889810999824299 ], [ -80.169600991679118, 34.879595000452944 ], [ -80.181251990796255, 34.864939000377696 ], [ -80.174973991123494, 34.930373999964459 ], [ -80.173863991012141, 34.935812999933461 ], [ -80.169504991581022, 34.942278000460448 ], [ -80.170124991478119, 34.945592000435646 ], [ -80.175687991727486, 34.952353999850594 ], [ -80.17536699117133, 34.962361999857194 ], [ -80.178454991355366, 34.971841999890657 ], [ -80.181423990735922, 34.969414999987613 ], [ -80.188610991684456, 34.966923000383943 ], [ -80.190642991579864, 34.971881999920754 ], [ -80.188200990836577, 34.979216999850976 ], [ -80.187755991471676, 34.983650000321028 ], [ -80.189764991630398, 34.988788000105735 ], [ -80.189393990974764, 34.98935299978757 ], [ -80.187278991364309, 34.989052000470977 ], [ -80.187027991333252, 34.990031000019599 ], [ -80.187969990917011, 34.991383999985011 ], [ -80.185200991137492, 34.999502000117474 ], [ -80.175344990849439, 34.995638000254587 ], [ -80.171550991044469, 35.021481000432146 ], [ -80.16696899122266, 35.021076000431023 ], [ -80.158490991652087, 35.045193000339516 ], [ -80.163203991436248, 35.046375999641228 ], [ -80.162856991228281, 35.050345000104578 ], [ -80.081528990776434, 35.046770000007108 ], [ -80.015169991343924, 35.042755000340506 ], [ -80.012597990890626, 35.042791999733808 ], [ -80.010225991268015, 35.044590000239495 ], [ -80.005262991379041, 35.043861000259746 ], [ -80.006338991788425, 35.039696000266716 ], [ -80.00469699160405, 35.034713999632082 ], [ -80.008454990734549, 35.029838999717754 ], [ -80.008788991149189, 35.02566000031306 ], [ -80.019306990817924, 34.977696999765143 ], [ -80.021360991026654, 34.977535000238312 ], [ -80.020406991331143, 34.97371100047809 ], [ -80.021498991600296, 34.970516999835361 ], [ -80.021523991334817, 34.966359000123752 ], [ -80.018157991409467, 34.957693000147458 ], [ -80.016747990808739, 34.949500999880058 ], [ -80.016978991601277, 34.947788000245289 ], [ -80.020132990919308, 34.943919999852469 ], [ -80.020314990784044, 34.939609000235926 ], [ -80.021539991397361, 34.935945000049443 ], [ -80.019845991023047, 34.931615999879398 ], [ -80.020098990750583, 34.926829000111155 ], [ -80.015461990728667, 34.915496000109414 ], [ -80.016730991126479, 34.916037000445733 ], [ -80.02400399146677, 34.914697000253796 ], [ -80.027953991220215, 34.915060999971004 ], [ -80.02822399152447, 34.914509999843929 ], [ -80.02989199150862, 34.915541000242506 ], [ -80.03872599150877, 34.913700000124727 ] ] ] } },
{ "type": "Feature", "properties": { "county": "ANSON", "precinct": "PEAC", "enr_desc": "Peachland", "winner": "Clancy Baucom", "winner_votes": 112.0, "winner_share": 88.888888888888886, "runner_up": "John Powell", "runner_up_votes": 10.0, "runner_up_share": 7.9365079365079358, "contest_votes": 126.0, "margin_of_victory": 80.952380952380949, "is_tie": false, "results": [ { "candidate": "Clancy Baucom", "votes": 112, "share": 88.88888888888889 }, { "candidate": "John Powell", "votes": 10, "share": 7.936507936507936 }, { "candidate": "Richard T. Miller", "votes": 4, "share": 3.1746031746031744 } ], "participated": true, "map_key": "ANSON_PEAC" }, "geometry": { "type": "Polygon", "coordinates": [ [ [ -80.226500991558026, 34.930465000110409 ], [ -80.27917699136195, 34.933711000070986 ], [ -80.287764991394397, 34.929848999773704 ], [ -80.291165991076682, 34.931873999720345 ], [ -80.292884991512494, 34.929911999846126 ], [ -80.300464991019041, 34.935723000364092 ], [ -80.303955991774771, 34.935471000482075 ], [ -80.307023991270555, 34.934103999689427 ], [ -80.300702991187109, 34.988990999693179 ], [ -80.293440991528641, 35.051986000013706 ], [ -80.270388991339885, 35.05270500030975 ], [ -80.215334990720038, 35.050761999886099 ], [ -80.21074299156507, 35.047438999871169 ], [ -80.20923299141937, 35.044344999898868 ], [ -80.207193990962182, 35.043624000465954 ], [ -80.208032990973578, 35.040361000504724 ], [ -80.211236991743533, 35.040173999656183 ], [ -80.215128990997485, 35.042078999768002 ], [ -80.219915991183271, 35.038957000056485 ], [ -80.219798990763223, 35.038034999855007 ], [ -80.218036991179758, 35.037400000337975 ], [ -80.217626990759186, 35.036495000141663 ], [ -80.22035699115267, 35.033812000403422 ], [ -80.22085699079318, 35.032045999917131 ], [ -80.227092991698726, 35.02767400010876 ], [ -80.227992991589645, 35.026137999843684 ], [ -80.230642991786382, 35.025759000116715 ], [ -80.223525991431742, 35.020709000352049 ], [ -80.219929990761727, 35.017019999927761 ], [ -80.227250991611413, 35.012724000407239 ], [ -80.236693991738846, 35.011873000260515 ], [ -80.238744991635158, 35.010836000390043 ], [ -80.235952991014116, 35.007356999642248 ], [ -80.232712991224346, 35.007065000264326 ], [ -80.229306991542131, 35.004658999863722 ], [ -80.231944990937308, 34.999687999963044 ], [ -80.231722991497591, 34.99660200010478 ], [ -80.214665990909381, 35.001691999962787 ], [ -80.213797990765187, 34.999892000388236 ], [ -80.216943990966442, 34.996930000514133 ], [ -80.213943991531082, 34.995018000015605 ], [ -80.208905991502377, 34.993851000032514 ], [ -80.205645991694894, 34.991269000259813 ], [ -80.207248990914039, 34.990277999986297 ], [ -80.20670299106763, 34.989295999720461 ], [ -80.207730991410315, 34.989565999699451 ], [ -80.207812991109876, 34.987444000010896 ], [ -80.208926991787422, 34.987558000141739 ], [ -80.209692991026671, 34.988954000173038 ], [ -80.209557991754011, 34.984962000117093 ], [ -80.212473990891922, 34.984797000430376 ], [ -80.211829991114101, 34.9839819999575 ], [ -80.214004991399875, 34.98242200006414 ], [ -80.215924991306167, 34.98321300037999 ], [ -80.215795990944827, 34.982175000259979 ], [ -80.217119991426486, 34.981964000330919 ], [ -80.215815991429295, 34.980947999909517 ], [ -80.218669991609161, 34.980907999837314 ], [ -80.219269990834576, 34.980497000341302 ], [ -80.218319990837628, 34.98026700051873 ], [ -80.218818991126625, 34.97905599979822 ], [ -80.219996991628392, 34.980084000018998 ], [ -80.220117991250177, 34.978897000030649 ], [ -80.221192990831611, 34.978969999905999 ], [ -80.219789991471131, 34.9771850001028 ], [ -80.220713990746205, 34.97733100052163 ], [ -80.22069799124823, 34.974554999655695 ], [ -80.221600991081331, 34.974982999837906 ], [ -80.222143991707526, 34.974104000266216 ], [ -80.221118991301424, 34.974009999938097 ], [ -80.221200991171486, 34.972730000319963 ], [ -80.222924991717562, 34.972021999665472 ], [ -80.223731991362698, 34.970210000109752 ], [ -80.226591991765901, 34.969130000278781 ], [ -80.22722899118574, 34.97034999993371 ], [ -80.228073991336743, 34.970259000304672 ], [ -80.227860991471374, 34.969554000210508 ], [ -80.230783991513889, 34.968172000087556 ], [ -80.232492991452474, 34.969277999700161 ], [ -80.235247991535502, 34.969322000310349 ], [ -80.240382991629446, 34.967241999643591 ], [ -80.243481991611759, 34.964983000276611 ], [ -80.245509991470328, 34.960836999849143 ], [ -80.241473991177003, 34.957197000011604 ], [ -80.240971991242063, 34.955869000014168 ], [ -80.238412991391854, 34.955595000104786 ], [ -80.237993991462588, 34.952778000036041 ], [ -80.236267990958254, 34.951266999646535 ], [ -80.235072991195111, 34.952320999902717 ], [ -80.232928991271265, 34.949000999641811 ], [ -80.230313991341873, 34.948406000283605 ], [ -80.227422991521081, 34.938706000032965 ], [ -80.227569991693102, 34.934181000234013 ], [ -80.226500991558026, 34.930465000110409 ] ] ] } },
{ "type": "Feature", "properties": { "county": "ANSON", "precinct": "POLK", "enr_desc": "Polkton", "winner": "Clancy Baucom", "winner_votes": 68.0, "winner_share": 91.891891891891902, "runner_up": "John Powell", "runner_up_votes": 3.0, "runner_up_share": 4.0540540540540544, "contest_votes": 74.0, "margin_of_victory": 87.837837837837853, "is_tie": false, "results": [ { "candidate": "Clancy Baucom", "votes": 68, "share": 91.8918918918919 }, { "candidate": "John Powell", "votes": 3, "share": 4.054054054054054 }, { "candidate": "Richard T. Miller", "votes": 3, "share": 4.054054054054054 } ], "participated": true, "map_key": "ANSON_POLK" }, "geometry": { "type": "Polygon", "coordinates": [ [ [ -80.207193990962182, 35.043624000465954 ], [ -80.209507991010227, 35.049935000278765 ], [ -80.207867990759226, 35.049571000324896 ], [ -80.204673991333053, 35.046967000103692 ], [ -80.202757990777187, 35.046697000269404 ], [ -80.202182991197006, 35.047555000456761 ], [ -80.203825990944821, 35.049498000520472 ], [ -80.202635991127309, 35.052476999758014 ], [ -80.198740990934652, 35.053019999940346 ], [ -80.19573799179166, 35.057230999648105 ], [ -80.190771991235877, 35.057117000048692 ], [ -80.189632991640195, 35.057731999961121 ], [ -80.190424991575625, 35.059146999836152 ], [ -80.193456990846101, 35.060064999977101 ], [ -80.195771990756953, 35.058102999962585 ], [ -80.196638991203741, 35.058267999792449 ], [ -80.200599991782482, 35.063819999772186 ], [ -80.199455991287849, 35.065503000025849 ], [ -80.197109991760854, 35.066079999680994 ], [ -80.193513990826105, 35.065013999759572 ], [ -80.193709991216906, 35.063025999686324 ], [ -80.192757991680068, 35.061659000120841 ], [ -80.188503991420404, 35.060374000071974 ], [ -80.183677990753807, 35.056491000317088 ], [ -80.163203991436248, 35.046375999641228 ], [ -80.158490991652087, 35.045193000339516 ], [ -80.16696899122266, 35.021076000431023 ], [ -80.171550991044469, 35.021481000432146 ], [ -80.175344990849439, 34.995638000254587 ], [ -80.185200991137492, 34.999502000117474 ], [ -80.187969990917011, 34.991383999985011 ], [ -80.187027991333252, 34.990031000019599 ], [ -80.187278991364309, 34.989052000470977 ], [ -80.189393990974764, 34.98935299978757 ], [ -80.189764991630398, 34.988788000105735 ], [ -80.187755991471676, 34.983650000321028 ], [ -80.188200990836577, 34.979216999850976 ], [ -80.190642991579864, 34.971881999920754 ], [ -80.188610991684456, 34.966923000383943 ], [ -80.181423990735922, 34.969414999987613 ], [ -80.178454991355366, 34.971841999890657 ], [ -80.17536699117133, 34.962361999857194 ], [ -80.175687991727486, 34.952353999850594 ], [ -80.170124991478119, 34.945592000435646 ], [ -80.169504991581022, 34.942278000460448 ], [ -80.173863991012141, 34.935812999933461 ], [ -80.174973991123494, 34.930373999964459 ], [ -80.175928990914457, 34.929257999981665 ], [ -80.184639990899825, 34.926821000478931 ], [ -80.193311990859598, 34.928860999747599 ], [ -80.195707991225319, 34.928377000486662 ], [ -80.226500991558026, 34.930465000110409 ], [ -80.227569991693102, 34.934181000234013 ], [ -80.227422991521081, 34.938706000032965 ], [ -80.230313991341873, 34.948406000283605 ], [ -80.232928991271265, 34.949000999641811 ], [ -80.235072991195111, 34.952320999902717 ], [ -80.236267990958254, 34.951266999646535 ], [ -80.237993991462588, 34.952778000036041 ], [ -80.238412991391854, 34.955595000104786 ], [ -80.240971991242063, 34.955869000014168 ], [ -80.241473991177003, 34.957197000011604 ], [ -80.245509991470328, 34.960836999849143 ], [ -80.243481991611759, 34.964983000276611 ], [ -80.240382991629446, 34.967241999643591 ], [ -80.235247991535502, 34.969322000310349 ], [ -80.232492991452474, 34.969277999700161 ], [ -80.230783991513889, 34.968172000087556 ], [ -80.227860991471374, 34.969554000210508 ], [ -80.228073991336743, 34.970259000304672 ], [ -80.22722899118574, 34.97034999993371 ], [ -80.226591991765901, 34.969130000278781 ], [ -80.223731991362698, 34.970210000109752 ], [ -80.222924991717562, 34.972021999665472 ], [ -80.221200991171486, 34.972730000319963 ], [ -80.221118991301424, 34.974009999938097 ], [ -80.222143991707526, 34.974104000266216 ], [ -80.221600991081331, 34.974982999837906 ], [ -80.22069799124823, 34.974554999655695 ], [ -80.220713990746205, 34.97733100052163 ], [ -80.219789991471131, 34.9771850001028 ], [ -80.221192990831611, 34.978969999905999 ], [ -80.220117991250177, 34.978897000030649 ], [ -80.219996991628392, 34.980084000018998 ], [ -80.218818991126625, 34.97905599979822 ], [ -80.218319990837628, 34.98026700051873 ], [ -80.219269990834576, 34.980497000341302 ], [ -80.218669991609161, 34.980907999837314 ], [ -80.215815991429295, 34.980947999909517 ], [ -80.217119991426486, 34.981964000330919 ], [ -80.215795990944827, 34.982175000259979 ], [ -80.215924991306167, 34.98321300037999 ], [ -80.214004991399875, 34.98242200006414 ], [ -80.211829991114101, 34.9839819999575 ], [ -80.212473990891922, 34.984797000430376 ], [ -80.209557991754011, 34.984962000117093 ], [ -80.209692991026671, 34.988954000173038 ], [ -80.208926991787422, 34.987558000141739 ], [ -80.207812991109876, 34.987444000010896 ], [ -80.207730991410315, 34.989565999699451 ], [ -80.20670299106763, 34.989295999720461 ], [ -80.207248990914039, 34.990277999986297 ], [ -80.205645991694894, 34.991269000259813 ], [ -80.208905991502377, 34.993851000032514 ], [ -80.213943991531082, 34.995018000015605 ], [ -80.216943990966442, 34.996930000514133 ], [ -80.213797990765187, 34.999892000388236 ], [ -80.214665990909381, 35.001691999962787 ], [ -80.231722991497591, 34.99660200010478 ], [ -80.231944990937308, 34.999687999963044 ], [ -80.229306991542131, 35.004658999863722 ], [ -80.232712991224346, 35.007065000264326 ], [ -80.235952991014116, 35.007356999642248 ], [ -80.238744991635158, 35.010836000390043 ], [ -80.236693991738846, 35.011873000260515 ], [ -80.227250991611413, 35.012724000407239 ], [ -80.219929990761727, 35.017019999927761 ], [ -80.223525991431742, 35.020709000352049 ], [ -80.230642991786382, 35.025759000116715 ], [ -80.227992991589645, 35.026137999843684 ], [ -80.227092991698726, 35.02767400010876 ], [ -80.22085699079318, 35.032045999917131 ], [ -80.22035699115267, 35.033812000403422 ], [ -80.217626990759186, 35.036495000141663 ], [ -80.218036991179758, 35.037400000337975 ], [ -80.219798990763223, 35.038034999855007 ], [ -80.219915991183271, 35.038957000056485 ], [ -80.215128990997485, 35.042078999768002 ], [ -80.211236991743533, 35.040173999656183 ], [ -80.208032990973578, 35.040361000504724 ], [ -80.207193990962182, 35.043624000465954 ] ] ] } },
{ "type": "Feature", "properties": { "county": "ANSON", "precinct": "WS", "enr_desc": "White Store", "winner": "Clancy Baucom", "winner_votes": 25.0, "winner_share": 78.125, "runner_up": "John Powell", "runner_up_votes": 6.0, "runner_up_share": 18.75, "contest_votes": 32.0, "margin_of_victory": 59.375, "is_tie": false, "results": [ { "candidate": "Clancy Baucom", "votes": 25, "share": 78.125 }, { "candidate": "John Powell", "votes": 6, "share": 18.75 }, { "candidate": "Richard T. Miller", "votes": 1, "share": 3.125 } ], "participated": true, "map_key": "ANSON_WS" }, "geometry": { "type": "Polygon", "coordinates": [ [ [ -80.320827990929615, 34.813906000419735 ], [ -80.310200990949056, 34.906453000283882 ], [ -80.307023991270555, 34.934103999689427 ], [ -80.303955991774771, 34.935471000482075 ], [ -80.300464991019041, 34.935723000364092 ], [ -80.292884991512494, 34.929911999846126 ], [ -80.291165991076682, 34.931873999720345 ], [ -80.287764991394397, 34.929848999773704 ], [ -80.27917699136195, 34.933711000070986 ], [ -80.226500991558026, 34.930465000110409 ], [ -80.195707991225319, 34.928377000486662 ], [ -80.193311990859598, 34.928860999747599 ], [ -80.184639990899825, 34.926821000478931 ], [ -80.175928990914457, 34.929257999981665 ], [ -80.174973991123494, 34.930373999964459 ], [ -80.181251990796255, 34.864939000377696 ], [ -80.183489991579748, 34.86260999987563 ], [ -80.184458991675484, 34.860091000077873 ], [ -80.183218991740716, 34.856543000319036 ], [ -80.182364990752191, 34.847492999847603 ], [ -80.183072990757339, 34.845137000292965 ], [ -80.185279991553941, 34.842520000155403 ], [ -80.189213990901976, 34.811832000198933 ], [ -80.320827990929615, 34.813906000419735 ] ] ] } },
{ "type": "Feature", "properties": { "county": null, "precinct": null, "enr_desc": "0044", "winner": null, "winner_votes": null, "winner_share": null, "runner_up": null, "runner_up_votes": null, "runner_up_share": null, "contest_votes": null, "margin_of_victory": null, "is_tie": false, "results": null, "participated": false, "map_key": null }, "geometry": { "type": "Polygon", "coordinates": [ [ [ -80.761148991083772, 34.927821999745618 ], [ -80.760671991516446, 34.927044999701458 ], [ -80.763341990906085, 34.923450000179976 ], [ -80.764647990819014, 34.922842000227782 ], [ -80.764806990831687, 34.92283399972812 ], [ -80.769486991236434, 34.92208799997389 ], [ -80.769698572290679, 34.922023127305486 ], [ -80.769898991737975, 34.921908000370031 ], [ -80.769977990891874, 34.921801000399093 ], [ -80.769986991321304, 34.921743000153093 ], [ -80.769995991272864, 34.921641999875057 ], [ -80.778821990937118, 34.919900000569662 ], [ -80.779158990902616, 34.919833000057189 ], [ -80.780020990799585, 34.919779999804831 ], [ -80.780317991761862, 34.919795000445873 ], [ -80.783643500138894, 34.920359080252844 ], [ -80.783824742113438, 34.920380530901134 ], [ -80.781923991670197, 34.935828000556739 ], [ -80.781134972588447, 34.936468046652884 ], [ -80.783541972045327, 34.94061404674413 ], [ -80.782925972202776, 34.941838046546458 ], [ -80.780374972373565, 34.941654046406917 ], [ -80.779119973041986, 34.940088046020321 ], [ -80.77738497206019, 34.940126046369045 ], [ -80.773849972657231, 34.938064046752814 ], [ -80.773983972996007, 34.939848046474815 ], [ -80.772111991060385, 34.944824000415025 ], [ -80.764064990847089, 34.938187000118333 ], [ -80.7629709915999, 34.934379000092434 ], [ -80.762970991747054, 34.934269000434568 ], [ -80.76275599165406, 34.931173999963228 ], [ -80.761148991083772, 34.927821999745618 ] ] ] } },
{ "type": "Feature", "properties": { "county": null, "precinct": null, "enr_desc": "0020A", "winner": null, "winner_votes": null, "winner_share": null, "runner_up": null, "runner_up_votes": null, "runner_up_share": null, "contest_votes": null, "margin_of_victory": null, "is_tie": false, "results": null, "participated": false, "map_key": null }, "geometry": { "type": "Polygon", "coordinates": [ [ [ -80.783643500138894, 34.920359080252844 ], [ -80.780317991761862, 34.919795000445873 ], [ -80.780020990799585, 34.919779999804831 ], [ -80.779158990902616, 34.919833000057189 ], [ -80.778821990937118, 34.919900000569662 ], [ -80.769995991272864, 34.921641999875057 ], [ -80.769986991321304, 34.921743000153093 ], [ -80.769977990891874, 34.921801000399093 ], [ -80.769898991737975, 34.921908000370031 ], [ -80.769698572290679, 34.922023127305486 ], [ -80.769486991236434, 34.92208799997389 ], [ -80.764806990831687, 34.92283399972812 ], [ -80.764647990819014, 34.922842000227782 ], [ -80.763341990906085, 34.923450000179976 ], [ -80.760671991516446, 34.927044999701458 ], [ -80.761148991083772, 34.927821999745618 ], [ -80.76275599165406, 34.931173999963228 ], [ -80.762970991747054, 34.934269000434568 ], [ -80.7629709915999, 34.934379000092434 ], [ -80.764031560038745, 34.938132103653594 ], [ -80.772114483308272, 34.944821880995008 ], [ -80.769881972309989, 34.947915046344043 ], [ -80.768187991562229, 34.948204000478782 ], [ -80.767220991260274, 34.948076000167291 ], [ -80.764378972081033, 34.94937904667659 ], [ -80.762969973027495, 34.949219046309544 ], [ -80.759399972581775, 34.951221046317009 ], [ -80.753504990976822, 34.952490000146582 ], [ -80.753172991369993, 34.952304000517401 ], [ -80.753126991649665, 34.952278000020812 ], [ -80.752966991100465, 34.951992000368179 ], [ -80.752263990726533, 34.951637000093456 ], [ -80.752106991462654, 34.951645000103412 ], [ -80.751905991384561, 34.951649000423352 ], [ -80.750548972266884, 34.948458046285282 ], [ -80.748842991065246, 34.94712500029447 ], [ -80.74837099094178, 34.946887000121464 ], [ -80.748531991316312, 34.946759999726169 ], [ -80.748484991772457, 34.946104000169825 ], [ -80.74650299174597, 34.946806000014497 ], [ -80.746293991221393, 34.946768999803631 ], [ -80.74624099151319, 34.946450999694882 ], [ -80.74611299096189, 34.946250999809784 ], [ -80.742707972527583, 34.942152046374268 ], [ -80.741806972434375, 34.941747046800124 ], [ -80.74114597220975, 34.942709046639216 ], [ -80.740303972900904, 34.941560046484561 ], [ -80.739683991043847, 34.941875999790341 ], [ -80.738799991687387, 34.942515000304674 ], [ -80.738683990985351, 34.942635000116418 ], [ -80.738671991747012, 34.942664000171092 ], [ -80.738607991806333, 34.942786999741287 ], [ -80.738596991793727, 34.942801000250427 ], [ -80.738575991000843, 34.942874999843355 ], [ -80.738344991131186, 34.943220000230831 ], [ -80.737776972843321, 34.943567045986562 ], [ -80.735734972811471, 34.941785046790713 ], [ -80.736969972761386, 34.940859046072312 ], [ -80.736118972574786, 34.93899004641478 ], [ -80.73429397285976, 34.938028046054917 ], [ -80.733574972357729, 34.93860904601506 ], [ -80.728414972368554, 34.930223046766663 ], [ -80.725796972913287, 34.929364046362451 ], [ -80.725865973816852, 34.926758046238383 ], [ -80.724293972198922, 34.925745046816331 ], [ -80.724428972639828, 34.924583046240073 ], [ -80.730797972086094, 34.92462504625329 ], [ -80.737271972623006, 34.922504046722878 ], [ -80.741686972356575, 34.924926045967041 ], [ -80.749337972984691, 34.924054045992371 ], [ -80.755034973094325, 34.913849046150851 ], [ -80.75541497253694, 34.91186204654209 ], [ -80.756680972498103, 34.911305046329858 ], [ -80.759825972515685, 34.907422046812556 ], [ -80.766728972506485, 34.9078040460737 ], [ -80.770298973073437, 34.905659046130509 ], [ -80.775035973112438, 34.904663046274095 ], [ -80.777695972925741, 34.90476804658384 ], [ -80.779464972059486, 34.905814046481282 ], [ -80.782569972193102, 34.900766046108707 ], [ -80.784169972708099, 34.899642046686246 ], [ -80.78660399133129, 34.902386000491269 ], [ -80.786650991045377, 34.902456000402495 ], [ -80.783824742113438, 34.920380530901134 ], [ -80.783643500138894, 34.920359080252844 ] ] ] } },
{ "type": "Feature", "properties": { "county": null, "precinct": null, "enr_desc": "030", "winner": null, "winner_votes": null, "winner_share": null, "runner_up": null, "runner_up_votes": null, "runner_up_share": null, "contest_votes": null, "margin_of_victory": null, "is_tie": false, "results": null, "participated": false, "map_key": null }, "geometry": { "type": "Polygon", "coordinates": [ [ [ -80.57692097189819, 35.019765046093482 ], [ -80.6145439720773, 35.047298046218927 ], [ -80.614950972770458, 35.047596046355004 ], [ -80.61259897332647, 35.049448046497176 ], [ -80.613813973002522, 35.052478046115262 ], [ -80.611828990945924, 35.055899999742067 ], [ -80.604808972346092, 35.056296045994308 ], [ -80.603816973289312, 35.054096045435209 ], [ -80.603258973259884, 35.054205046031839 ], [ -80.600938972398637, 35.055876045517145 ], [ -80.601208973641775, 35.056887046134733 ], [ -80.599042972583121, 35.061184045768002 ], [ -80.594329972240686, 35.057779046247269 ], [ -80.590386972428078, 35.052691046757936 ], [ -80.575172972766183, 35.046746046012309 ], [ -80.570557972678984, 35.043564046067253 ], [ -80.563479972346997, 35.033489046573749 ], [ -80.560974972516874, 35.026829046571677 ], [ -80.556920972865399, 35.014074046112029 ], [ -80.557053971971797, 35.008604046760716 ], [ -80.556246972886754, 35.004646046551549 ], [ -80.57692097189819, 35.019765046093482 ] ] ] } },
{ "type": "Feature", "properties": { "county": null, "precinct": null, "enr_desc": "005", "winner": null, "winner_votes": null, "winner_share": null, "runner_up": null, "runner_up_votes": null, "runner_up_share": null, "contest_votes": null, "margin_of_victory": null, "is_tie": false, "results": null, "participated": false, "map_key": null }, "geometry": { "type": "Polygon", "coordinates": [ [ [ -80.616987990883132, 35.048224000569334 ], [ -80.616680991387526, 35.048648000286434 ], [ -80.6145439720773, 35.047298046218927 ], [ -80.57692097189819, 35.019765046093482 ], [ -80.567376972938234, 35.012771046069552 ], [ -80.569475972177244, 35.005548046358427 ], [ -80.573039972387164, 35.003537046165697 ], [ -80.56330697292546, 34.99786104635902 ], [ -80.565796972292873, 34.994692046408332 ], [ -80.570257972836941, 34.996102046652766 ], [ -80.577639972200259, 34.995960046234863 ], [ -80.588756972602255, 35.002542046079085 ], [ -80.601540972090433, 35.007580046121234 ], [ -80.621706991018868, 35.009552999731646 ], [ -80.622598991748006, 35.009516999870911 ], [ -80.632799972525007, 35.012221046020493 ], [ -80.639512971993994, 35.013033046343878 ], [ -80.640164973118075, 35.012157045908367 ], [ -80.641266973629442, 35.013267045783657 ], [ -80.645298972625824, 35.014057045966624 ], [ -80.641304972588458, 35.044955046200904 ], [ -80.628984972335942, 35.037638046601373 ], [ -80.622523971971958, 35.04261904645432 ], [ -80.620252972394312, 35.043128046230777 ], [ -80.617672965600605, 35.04622004407387 ], [ -80.616987990883132, 35.048224000569334 ] ] ] } },
{ "type": "Feature", "properties": { "county": null, "precinct": null, "enr_desc": "0020B", "winner": null, "winner_votes": null, "winner_share": null, "runner_up": null, "runner_up_votes": null, "runner_up_share": null, "contest_votes": null, "margin_of_victory": null, "is_tie": false, "results": null, "participated": false, "map_key": null }, "geometry": { "type": "Polygon", "coordinates": [ [ [ -80.723477990796468, 34.981738000420087 ], [ -80.723817990766889, 34.981239999808601 ], [ -80.723405991402274, 34.981014000402453 ], [ -80.722830991566383, 34.981258000347253 ], [ -80.721506991586125, 34.981439000472719 ], [ -80.721187991385833, 34.980880999857746 ], [ -80.719757991353077, 34.981309000153551 ], [ -80.719584745255901, 34.981276731736507 ], [ -80.7172499065464, 34.98084357024598 ], [ -80.718926554246025, 34.977814246226487 ], [ -80.719689685023155, 34.976521827589025 ], [ -80.720358972968228, 34.975330045825338 ], [ -80.719754208042104, 34.975055191336487 ], [ -80.71962336233311, 34.974995854819404 ], [ -80.719442470619938, 34.974918247094159 ], [ -80.718295424315571, 34.974059814118952 ], [ -80.718557129260176, 34.97319256885843 ], [ -80.71872928753001, 34.97262206146241 ], [ -80.718894872630088, 34.972073328880285 ], [ -80.719823973101455, 34.968997045628321 ], [ -80.721539972262732, 34.969352045735185 ], [ -80.721846973326819, 34.968348045806117 ], [ -80.720120163895203, 34.968014082618076 ], [ -80.720594546532681, 34.96644219181664 ], [ -80.720224448480366, 34.965284987627221 ], [ -80.720035971976088, 34.964697046269499 ], [ -80.718367972787604, 34.966995045905868 ], [ -80.716512972373977, 34.966116045983917 ], [ -80.715523972566288, 34.964546045436428 ], [ -80.715440972353804, 34.96439104558722 ], [ -80.714805973563514, 34.963678046244141 ], [ -80.71427097242433, 34.964644046117435 ], [ -80.713251972315433, 34.964603045847554 ], [ -80.712260972645026, 34.963521046076565 ], [ -80.712179972595123, 34.963538046009631 ], [ -80.710297972990617, 34.963755046011734 ], [ -80.707799973136659, 34.962332046124772 ], [ -80.707718972808976, 34.962232046289586 ], [ -80.707262972157693, 34.960853046664241 ], [ -80.707136973103658, 34.960723045473095 ], [ -80.706599972167041, 34.960755046467952 ], [ -80.706426972396514, 34.960796046759398 ], [ -80.70556597228618, 34.960714046422474 ], [ -80.705431972840728, 34.960714046657507 ], [ -80.705107972709072, 34.961105045990024 ], [ -80.705131972906329, 34.961237046279933 ], [ -80.704879002797554, 34.961694001424441 ], [ -80.703823892207367, 34.961597127055057 ], [ -80.702900991771514, 34.962057999713252 ], [ -80.702162991215943, 34.961154000511321 ], [ -80.699375990728115, 34.96297900018385 ], [ -80.698890494858787, 34.963565001176981 ], [ -80.6983689913788, 34.964198000440092 ], [ -80.699881972870898, 34.964459046149308 ], [ -80.697177973059411, 34.966188046093308 ], [ -80.696349991092092, 34.965155000117043 ], [ -80.696406990825793, 34.960748000004507 ], [ -80.694030991226043, 34.958502999961041 ], [ -80.695152991567412, 34.958148000298522 ], [ -80.70258399142169, 34.954968000278384 ], [ -80.706074991750143, 34.951053999893894 ], [ -80.706972991091718, 34.947933999764729 ], [ -80.709400991583792, 34.945267000063339 ], [ -80.719446991808468, 34.942619000429922 ], [ -80.714367990777845, 34.940490999798079 ], [ -80.704886991742242, 34.939546000365077 ], [ -80.701146990995937, 34.937231000549218 ], [ -80.694776991801561, 34.93560300030866 ], [ -80.690555990754916, 34.930763000295308 ], [ -80.699282991427637, 34.928370000130535 ], [ -80.714469991734262, 34.92472099984024 ], [ -80.724428991369152, 34.924582999988864 ], [ -80.724293990928601, 34.925745000565207 ], [ -80.725865991451414, 34.926758000002657 ], [ -80.725796991642937, 34.929364000111043 ], [ -80.728414991096869, 34.930223000514879 ], [ -80.73357499108505, 34.938608999762508 ], [ -80.734293991586554, 34.938027999802209 ], [ -80.736118991300756, 34.93899000016183 ], [ -80.7369699914873, 34.94085899981922 ], [ -80.735734991538351, 34.94178500053777 ], [ -80.737776991569447, 34.943566999733385 ], [ -80.738344991131186, 34.943220000230831 ], [ -80.738575991000843, 34.942874999843355 ], [ -80.738596991793727, 34.942801000250427 ], [ -80.738607991806333, 34.942786999741287 ], [ -80.738671991747012, 34.942664000171092 ], [ -80.738683990985351, 34.942635000116418 ], [ -80.738799991687387, 34.942515000304674 ], [ -80.739683991043847, 34.941875999790341 ], [ -80.740303991625098, 34.941560000230972 ], [ -80.741145990933788, 34.942709000385491 ], [ -80.741806991157802, 34.941747000546322 ], [ -80.742707991250541, 34.942152000120274 ], [ -80.74611299096189, 34.946250999809784 ], [ -80.74624099151319, 34.946450999694882 ], [ -80.746293991221393, 34.946768999803631 ], [ -80.74650299174597, 34.946806000014497 ], [ -80.748484991772457, 34.946104000169825 ], [ -80.748531991316312, 34.946759999726169 ], [ -80.74837099094178, 34.946887000121464 ], [ -80.748842991065246, 34.94712500029447 ], [ -80.750548990986857, 34.948458000030115 ], [ -80.751905991384561, 34.951649000423352 ], [ -80.752106991462654, 34.951645000103412 ], [ -80.752263990726533, 34.951637000093456 ], [ -80.752966991100465, 34.951992000368179 ], [ -80.753126991649665, 34.952278000020812 ], [ -80.753172991369993, 34.952304000517401 ], [ -80.753504990976822, 34.952490000146582 ], [ -80.751140991648157, 34.953784999751178 ], [ -80.752862991074437, 34.96164399989091 ], [ -80.749664991091223, 34.961176999873473 ], [ -80.748682991587017, 34.959964999831286 ], [ -80.748105990805612, 34.961099000103417 ], [ -80.748828991213642, 34.963434000346176 ], [ -80.75250899179396, 34.967238999853983 ], [ -80.748429991269347, 34.969382000113114 ], [ -80.747674991607838, 34.971271000556875 ], [ -80.74812299147851, 34.973335000006792 ], [ -80.747116990757874, 34.97747500010157 ], [ -80.745770991044068, 34.978535999810944 ], [ -80.744333991569462, 34.978475000214068 ], [ -80.741587991340253, 34.982589999970315 ], [ -80.735091991016276, 34.982867000542313 ], [ -80.736177991324269, 34.984251999709883 ], [ -80.731003991446173, 34.982126000281376 ], [ -80.723477990796468, 34.981738000420087 ] ] ] } },
{ "type": "Feature", "properties": { "county": null, "precinct": null, "enr_desc": "019", "winner": null, "winner_votes": null, "winner_share": null, "runner_up": null, "runner_up_votes": null, "runner_up_share": null, "contest_votes": null, "margin_of_victory": null, "is_tie": false, "results": null, "participated": false, "map_key": null }, "geometry": { "type": "Polygon", "coordinates": [ [ [ -80.695152991567412, 34.958148000298522 ], [ -80.69516197289461, 34.958062046607481 ], [ -80.695801972789525, 34.956762045755973 ], [ -80.693085568759997, 34.95583560662643 ], [ -80.690591990822426, 34.954986999917516 ], [ -80.689842820933151, 34.95621873578137 ], [ -80.685030972165265, 34.954516046038258 ], [ -80.685120973324345, 34.955507046643703 ], [ -80.683300972304252, 34.956064046214436 ], [ -80.682846972618336, 34.957457045983645 ], [ -80.682610535942075, 34.958138302777286 ], [ -80.681363972907178, 34.961738045517215 ], [ -80.680785972238596, 34.963906046314165 ], [ -80.680506972212783, 34.96593804617418 ], [ -80.68062997267846, 34.966072045716402 ], [ -80.682828972511984, 34.967488046085201 ], [ -80.683178972571568, 34.96787104585237 ], [ -80.683458972590884, 34.968264046267265 ], [ -80.683770972275525, 34.96895804563637 ], [ -80.683891973513155, 34.969327046018229 ], [ -80.684375972763021, 34.971189046017905 ], [ -80.684393972684674, 34.971260046142774 ], [ -80.6848509734331, 34.973082046765477 ], [ -80.68488997308711, 34.973794046175449 ], [ -80.684859972925395, 34.975061046074025 ], [ -80.684595973313904, 34.976124046503841 ], [ -80.684338972876148, 34.976069045355267 ], [ -80.682760972728957, 34.975950045270757 ], [ -80.682657973036399, 34.976044046504761 ], [ -80.680323972537565, 34.978830045930309 ], [ -80.680528973113908, 34.982485045209039 ], [ -80.680451990858586, 34.982492000052297 ], [ -80.673490990805888, 34.978668999967269 ], [ -80.660537991140401, 34.975404000563337 ], [ -80.654736991123116, 34.973889000006565 ], [ -80.643458991451581, 34.968047000320787 ], [ -80.621964991603747, 34.965315000052868 ], [ -80.627848991729664, 34.958200999821749 ], [ -80.635851991361804, 34.948746000441375 ], [ -80.639496991530677, 34.94630500012186 ], [ -80.635573990932016, 34.941858999836462 ], [ -80.634461991357526, 34.937254999996874 ], [ -80.643629991805867, 34.937108000435117 ], [ -80.653983991719087, 34.938547000299778 ], [ -80.656345991438087, 34.900486000018553 ], [ -80.668500991583187, 34.900200999707486 ], [ -80.678251991592063, 34.901655000544515 ], [ -80.685634991790508, 34.901705000492676 ], [ -80.689070991141833, 34.906878000141532 ], [ -80.692907990809218, 34.91075899982301 ], [ -80.690646991282122, 34.912695999954309 ], [ -80.689296991003815, 34.915074000116768 ], [ -80.689416991493275, 34.916535000432482 ], [ -80.686986991182536, 34.918472000474274 ], [ -80.687428991367383, 34.920024000423552 ], [ -80.692495990969093, 34.92480399991755 ], [ -80.699282991427637, 34.928370000130535 ], [ -80.690555990754916, 34.930763000295308 ], [ -80.694776991801561, 34.93560300030866 ], [ -80.701146990995937, 34.937231000549218 ], [ -80.704886991742242, 34.939546000365077 ], [ -80.714367990777845, 34.940490999798079 ], [ -80.719446991808468, 34.942619000429922 ], [ -80.709400991583792, 34.945267000063339 ], [ -80.706972991091718, 34.947933999764729 ], [ -80.706074991750143, 34.951053999893894 ], [ -80.70258399142169, 34.954968000278384 ], [ -80.695152991567412, 34.958148000298522 ] ] ] } },
{ "type": "Feature", "properties": { "county": null, "precinct": null, "enr_desc": "0045", "winner": null, "winner_votes": null, "winner_share": null, "runner_up": null, "runner_up_votes": null, "runner_up_share": null, "contest_votes": null, "margin_of_victory": null, "is_tie": false, "results": null, "participated": false, "map_key": null }, "geometry": { "type": "Polygon", "coordinates": [ [ [ -80.720120163895203, 34.968014082618076 ], [ -80.721846973326819, 34.968348045806117 ], [ -80.721539972262732, 34.969352045735185 ], [ -80.719823973101455, 34.968997045628321 ], [ -80.718894872630088, 34.972073328880285 ], [ -80.71872928753001, 34.97262206146241 ], [ -80.718557129260176, 34.97319256885843 ], [ -80.718295424315571, 34.974059814118952 ], [ -80.719442470619938, 34.974918247094159 ], [ -80.71962336233311, 34.974995854819404 ], [ -80.719754208042104, 34.975055191336487 ], [ -80.720358972968228, 34.975330045825338 ], [ -80.719689685023155, 34.976521827589025 ], [ -80.718926554246025, 34.977814246226487 ], [ -80.7172499065464, 34.98084357024598 ], [ -80.719584745255901, 34.981276731736507 ], [ -80.719757991353077, 34.981309000153551 ], [ -80.721187991385833, 34.980880999857746 ], [ -80.721506991586125, 34.981439000472719 ], [ -80.722830991566383, 34.981258000347253 ], [ -80.723405991402274, 34.981014000402453 ], [ -80.723817990766889, 34.981239999808601 ], [ -80.723477990796468, 34.981738000420087 ], [ -80.720134991287964, 34.983074000403327 ], [ -80.714527972020875, 34.983888046590003 ], [ -80.711023972553889, 34.98326504602155 ], [ -80.702796972694884, 34.984731046336144 ], [ -80.695526972451617, 34.982872046756157 ], [ -80.685174972666616, 34.984352046716765 ], [ -80.680528973113908, 34.982485045209039 ], [ -80.680323972537565, 34.978830045930309 ], [ -80.682657973036399, 34.976044046504761 ], [ -80.682760972728957, 34.975950045270757 ], [ -80.684338972876148, 34.976069045355267 ], [ -80.684595973313904, 34.976124046503841 ], [ -80.684859972925395, 34.975061046074025 ], [ -80.68488997308711, 34.973794046175449 ], [ -80.6848509734331, 34.973082046765477 ], [ -80.684393972684674, 34.971260046142774 ], [ -80.684375972763021, 34.971189046017905 ], [ -80.683891973513155, 34.969327046018229 ], [ -80.683770972275525, 34.96895804563637 ], [ -80.683458972590884, 34.968264046267265 ], [ -80.683178972571568, 34.96787104585237 ], [ -80.682828972511984, 34.967488046085201 ], [ -80.68062997267846, 34.966072045716402 ], [ -80.680506972212783, 34.96593804617418 ], [ -80.680785972238596, 34.963906046314165 ], [ -80.681363972907178, 34.961738045517215 ], [ -80.682610535942075, 34.958138302777286 ], [ -80.682846972618336, 34.957457045983645 ], [ -80.683300972304252, 34.956064046214436 ], [ -80.685120973324345, 34.955507046643703 ], [ -80.685030972165265, 34.954516046038258 ], [ -80.689842820933151, 34.95621873578137 ], [ -80.690591990822426, 34.954986999917516 ], [ -80.693085568759997, 34.95583560662643 ], [ -80.695801972789525, 34.956762045755973 ], [ -80.69516197289461, 34.958062046607481 ], [ -80.694030972471793, 34.958503046207383 ], [ -80.696406973167171, 34.960748046235842 ], [ -80.696349972337586, 34.965155046363698 ], [ -80.697177973059411, 34.966188046093308 ], [ -80.699881972870898, 34.964459046149308 ], [ -80.6983689913788, 34.964198000440092 ], [ -80.698890494858787, 34.963565001176981 ], [ -80.699375990728115, 34.96297900018385 ], [ -80.702162991215943, 34.961154000511321 ], [ -80.702900991771514, 34.962057999713252 ], [ -80.703823892207367, 34.961597127055057 ], [ -80.704879002797554, 34.961694001424441 ], [ -80.705131972906329, 34.961237046279933 ], [ -80.705107972709072, 34.961105045990024 ], [ -80.705431972840728, 34.960714046657507 ], [ -80.70556597228618, 34.960714046422474 ], [ -80.706426972396514, 34.960796046759398 ], [ -80.706599972167041, 34.960755046467952 ], [ -80.707136973103658, 34.960723045473095 ], [ -80.707262972157693, 34.960853046664241 ], [ -80.707718972808976, 34.962232046289586 ], [ -80.707799973136659, 34.962332046124772 ], [ -80.710297972990617, 34.963755046011734 ], [ -80.712179972595123, 34.963538046009631 ], [ -80.712260972645026, 34.963521046076565 ], [ -80.713251972315433, 34.964603045847554 ], [ -80.71427097242433, 34.964644046117435 ], [ -80.714805973563514, 34.963678046244141 ], [ -80.715440972353804, 34.96439104558722 ], [ -80.715523972566288, 34.964546045436428 ], [ -80.716512972373977, 34.966116045983917 ], [ -80.718367972787604, 34.966995045905868 ], [ -80.720035971976088, 34.964697046269499 ], [ -80.720224448480366, 34.965284987627221 ], [ -80.720594546532681, 34.96644219181664 ], [ -80.720120163895203, 34.968014082618076 ] ], [ [ -80.720120163895203, 34.968014082618076 ], [ -80.720119972535855, 34.968014045676242 ], [ -80.720120119866564, 34.968014228408144 ], [ -80.720120163895203, 34.968014082618076 ] ] ] } }
]
}
