{
"type": "FeatureCollection",
"name": "robeson_county_board_of_commissioners_district_08_rep",
"crs": { "type": "name", "properties": { "name": "urn:ogc:def:crs:OGC:1.3:CRS84" } },
"features": [
{ "type": "Feature", "properties": { "county": null, "precinct": null, "enr_desc": "Alfordsville", "winner": null, "winner_votes": null, "winner_share": null, "runner_up": null, "runner_up_votes": null, "runner_up_share": null, "contest_votes": null, "margin_of_victory": null, "is_tie": false, "results": null, "participated": false, "map_key": null }, "geometry": { "type": "Polygon", "coordinates": [ [ [ -79.310152990913579, 34.599731000382448 ], [ -79.314807991745369, 34.593867999792614 ], [ -79.31749799114543, 34.593347999875469 ], [ -79.319517991596484, 34.590982000012247 ], [ -79.322492991014016, 34.590251999774985 ], [ -79.327630991493805, 34.584019999820235 ], [ -79.330948991715502, 34.583106000438924 ], [ -79.335366991126037, 34.579820000129594 ], [ -79.347921990944513, 34.573362000408913 ], [ -79.350604991423552, 34.567917000025332 ], [ -79.353373990782671, 34.568145000204666 ], [ -79.355504990927727, 34.567388999753852 ], [ -79.356667991485196, 34.568076000270622 ], [ -79.359545991249774, 34.566998000374049 ], [ -79.365687991368446, 34.561110000060602 ], [ -79.366017991165037, 34.557904000301193 ], [ -79.363330991198822, 34.553874999820174 ], [ -79.364353991174397, 34.551722000442716 ], [ -79.36540699087864, 34.551649999816128 ], [ -79.419308991415662, 34.596242999590558 ], [ -79.419311991292702, 34.598640999723152 ], [ -79.416126991666971, 34.6071770003362 ], [ -79.417663991475351, 34.6149949999527 ], [ -79.419082991491891, 34.616947999989399 ], [ -79.410112991203334, 34.635053000138612 ], [ -79.405533991056487, 34.633349000392897 ], [ -79.404017991258442, 34.63142700021249 ], [ -79.402927991683669, 34.631278999640195 ], [ -79.383403991170937, 34.641660000361618 ], [ -79.385607991500592, 34.646440999640589 ], [ -79.384637991111489, 34.657935000103151 ], [ -79.378930991755865, 34.677203999919698 ], [ -79.380397991415123, 34.682035999702407 ], [ -79.371114991792169, 34.684435000422447 ], [ -79.363276991461419, 34.690180999745763 ], [ -79.356639991772639, 34.684927000115756 ], [ -79.351737991405912, 34.684497000192664 ], [ -79.346837991597596, 34.682795000298377 ], [ -79.338261991205385, 34.675553999766386 ], [ -79.329489991352602, 34.66982700011765 ], [ -79.320985990894073, 34.665512000080938 ], [ -79.297287990866096, 34.679759999705567 ], [ -79.293086991298978, 34.684549999835255 ], [ -79.291384991662198, 34.685444999791883 ], [ -79.289127990927057, 34.685223000384134 ], [ -79.282883991642223, 34.68212999965516 ], [ -79.278296991425336, 34.674709999873336 ], [ -79.280165991170193, 34.671781000201861 ], [ -79.284401991350023, 34.668812000311391 ], [ -79.286424990846768, 34.660577999637191 ], [ -79.287748990873283, 34.649422000195713 ], [ -79.289752991684892, 34.643882000053324 ], [ -79.290418991796329, 34.636338000255996 ], [ -79.294679990853155, 34.629760000023992 ], [ -79.298703991147136, 34.631446999744661 ], [ -79.300228991634285, 34.626139999600163 ], [ -79.300840991318893, 34.620179999963113 ], [ -79.305172990929762, 34.615181999854109 ], [ -79.306005990774366, 34.615163000082028 ], [ -79.308654991120505, 34.606027999783024 ], [ -79.30890199093291, 34.602407000017259 ], [ -79.310152990913579, 34.599731000382448 ] ] ] } },
{ "type": "Feature", "properties": { "county": null, "precinct": null, "enr_desc": "Back Swamp", "winner": null, "winner_votes": null, "winner_share": null, "runner_up": null, "runner_up_votes": null, "runner_up_share": null, "contest_votes": null, "margin_of_victory": null, "is_tie": false, "results": null, "participated": false, "map_key": null }, "geometry": { "type": "Polygon", "coordinates": [ [ [ -79.136189991449328, 34.532103000379443 ], [ -79.135960991133885, 34.534457000363851 ], [ -79.133108991737785, 34.539311000274544 ], [ -79.128203991754347, 34.55240600029785 ], [ -79.1425029916916, 34.563838000112561 ], [ -79.146450990829948, 34.568541000352148 ], [ -79.150116991125742, 34.570995999937828 ], [ -79.150483991358968, 34.572178999585923 ], [ -79.155057991850356, 34.574933000275891 ], [ -79.151858990833091, 34.576735999796554 ], [ -79.155409991324817, 34.579270000222216 ], [ -79.156630991649052, 34.58134999966115 ], [ -79.157798990988383, 34.581256000154518 ], [ -79.161328991110906, 34.586993999583868 ], [ -79.168202991790736, 34.59348500011842 ], [ -79.172716991103599, 34.596418999796917 ], [ -79.185548991593748, 34.601865999746167 ], [ -79.192317991454985, 34.606121000239781 ], [ -79.191263990984794, 34.607734999830093 ], [ -79.192569991420555, 34.61440599974172 ], [ -79.192583991525524, 34.620297000434071 ], [ -79.191974991329303, 34.621629999827647 ], [ -79.185248990792104, 34.627234000020799 ], [ -79.184770991261217, 34.632168999969203 ], [ -79.182660991430296, 34.637900000141229 ], [ -79.1799529914218, 34.641750999902328 ], [ -79.177593991034186, 34.642361999991394 ], [ -79.177421991297322, 34.640817000057453 ], [ -79.176402991587807, 34.641058000329039 ], [ -79.175805991412787, 34.640324999682093 ], [ -79.175286991130591, 34.640934999692433 ], [ -79.174429991602437, 34.638642000121877 ], [ -79.172399991149291, 34.637283000369457 ], [ -79.171737990907758, 34.637665000170507 ], [ -79.172760990817181, 34.635789999944109 ], [ -79.169927990755681, 34.636352999882916 ], [ -79.16973099163809, 34.63554000014836 ], [ -79.167529990867607, 34.634956999701238 ], [ -79.16588899101049, 34.63335700033759 ], [ -79.165254991445195, 34.63409400023766 ], [ -79.164216991722071, 34.631324999786642 ], [ -79.162478990859654, 34.631102999735305 ], [ -79.162761991207702, 34.632396000249955 ], [ -79.161806991218256, 34.632375000167514 ], [ -79.160846991610228, 34.63104899966099 ], [ -79.161535991219807, 34.630603999643952 ], [ -79.161260991808078, 34.629307000046424 ], [ -79.15996299085127, 34.628552999889862 ], [ -79.161194991436403, 34.627716000356536 ], [ -79.159018991058218, 34.627041000116385 ], [ -79.158049991115746, 34.627986999833432 ], [ -79.157629991540475, 34.627246000047386 ], [ -79.15676999104204, 34.627480999649201 ], [ -79.157849991162777, 34.626221000339257 ], [ -79.1567189913617, 34.626506000279335 ], [ -79.157196991005264, 34.625643000016403 ], [ -79.156003991309873, 34.625223999846902 ], [ -79.156294991001971, 34.624355000383481 ], [ -79.155134990839244, 34.625567000227768 ], [ -79.155726991718169, 34.626062000360804 ], [ -79.154138990843194, 34.625383999624646 ], [ -79.149048991251135, 34.626688999997931 ], [ -79.149326991001544, 34.628251000025877 ], [ -79.148746990770817, 34.626622999592918 ], [ -79.148171990970113, 34.62781200026987 ], [ -79.14658499121937, 34.627519000010068 ], [ -79.145205991388536, 34.626362999614386 ], [ -79.143857991059576, 34.626659999812702 ], [ -79.142452991387714, 34.624732999910343 ], [ -79.14070999106589, 34.626074999605706 ], [ -79.140940991106049, 34.624917999711741 ], [ -79.139791991672197, 34.623585999760344 ], [ -79.138625991416646, 34.624551000426116 ], [ -79.138291991429909, 34.623679000022136 ], [ -79.137247991480677, 34.62383199975622 ], [ -79.137909991053704, 34.623140999666909 ], [ -79.136539991574239, 34.622533999582579 ], [ -79.13058499114203, 34.624456999906805 ], [ -79.126912991785005, 34.628005000305272 ], [ -79.118424990890361, 34.63215800027632 ], [ -79.116151991258405, 34.629419999986673 ], [ -79.116094991151158, 34.627087999712771 ], [ -79.114820991790225, 34.625199000405779 ], [ -79.110613991239305, 34.622961000106365 ], [ -79.108003991744241, 34.62228500006011 ], [ -79.099644990915579, 34.624522000339098 ], [ -79.095170991274543, 34.623771000174209 ], [ -79.090954991411365, 34.624303000353976 ], [ -79.086829991367253, 34.622357000201525 ], [ -79.086320991721792, 34.618842000456524 ], [ -79.084056991066035, 34.616326000380646 ], [ -79.08318199142839, 34.616752999649115 ], [ -79.082644991636442, 34.615891000444876 ], [ -79.08239599140866, 34.61664299957625 ], [ -79.08125299146613, 34.616324999759691 ], [ -79.081273991342854, 34.61732500026519 ], [ -79.080180990792897, 34.61682599998273 ], [ -79.077597990847934, 34.617995000453895 ], [ -79.075433990818055, 34.617600000434635 ], [ -79.075121991650889, 34.619043999620587 ], [ -79.073087991248343, 34.618100000014586 ], [ -79.07273699107138, 34.618846000186288 ], [ -79.074287991291541, 34.619403000170848 ], [ -79.073277991212095, 34.619950000417326 ], [ -79.073408991468298, 34.620656999755873 ], [ -79.071794991813618, 34.620177999559147 ], [ -79.072631991299787, 34.621289000443824 ], [ -79.071796991513509, 34.621393000266075 ], [ -79.068744991000088, 34.605727999872478 ], [ -79.063582991666706, 34.603964999716467 ], [ -79.058493991017158, 34.605581999666171 ], [ -79.056185991062165, 34.603849999637703 ], [ -79.054896991292992, 34.602938000280083 ], [ -79.049339990957066, 34.602837999573694 ], [ -79.044914991228936, 34.599440999901837 ], [ -79.04411699146749, 34.597274000083743 ], [ -79.040570990834723, 34.597283000143754 ], [ -79.037682991401411, 34.596004999961274 ], [ -79.042428991250191, 34.591077000127456 ], [ -79.044578991838904, 34.58547400007879 ], [ -79.057586991322225, 34.565006000048186 ], [ -79.071603990962601, 34.552739999805034 ], [ -79.088016991459085, 34.540657000166547 ], [ -79.09826799103493, 34.530771000197078 ], [ -79.108321991379611, 34.512827000011207 ], [ -79.115859991048723, 34.520099999607595 ], [ -79.12757799106538, 34.523342999704404 ], [ -79.132278991231487, 34.527135999612 ], [ -79.136189991449328, 34.532103000379443 ] ] ] } },
{ "type": "Feature", "properties": { "county": null, "precinct": null, "enr_desc": "Britts", "winner": null, "winner_votes": null, "winner_share": null, "runner_up": null, "runner_up_votes": null, "runner_up_share": null, "contest_votes": null, "margin_of_victory": null, "is_tie": false, "results": null, "participated": false, "map_key": null }, "geometry": { "type": "Polygon", "coordinates": [ [ [ -78.945592991082663, 34.450308999594114 ], [ -78.945729991547424, 34.449069000314225 ], [ -78.948320991122756, 34.449967999681206 ], [ -78.94948399185958, 34.44902400022454 ], [ -78.951807991037882, 34.448755999854903 ], [ -78.954199990969727, 34.445701000219607 ], [ -78.953955991365675, 34.443413000238174 ], [ -78.955373991616639, 34.444516000092804 ], [ -78.956313991292049, 34.442909999644328 ], [ -78.959886991458902, 34.442831999792787 ], [ -78.969256991609626, 34.45108700023814 ], [ -78.973716991518089, 34.457653000306678 ], [ -78.972112991516667, 34.458616999907413 ], [ -78.971095991252582, 34.460818000221401 ], [ -78.971397991677563, 34.470218000142175 ], [ -78.969178991643872, 34.478109999951002 ], [ -78.971374990797898, 34.486492999655667 ], [ -78.968849991108669, 34.489761999950851 ], [ -78.98812799151824, 34.480779999687982 ], [ -78.998806991448149, 34.500942000247221 ], [ -79.011250991038779, 34.519164999742578 ], [ -79.008180991188212, 34.523864000349654 ], [ -79.010011991459393, 34.526754999667176 ], [ -79.014752991350221, 34.529242999747176 ], [ -79.013915990964435, 34.532604999740698 ], [ -79.014181991105616, 34.536960999887278 ], [ -79.011474991077947, 34.541414999806541 ], [ -79.00590099181602, 34.543396000091704 ], [ -79.006992991335736, 34.547164999889731 ], [ -79.008735991025674, 34.548402000351295 ], [ -79.00959199077306, 34.551676999581389 ], [ -79.012107991318331, 34.555273000425473 ], [ -79.012132991134493, 34.558432999933231 ], [ -79.01010799167949, 34.565428999620551 ], [ -79.013332991100981, 34.568654999634489 ], [ -79.008268991605902, 34.588633999549884 ], [ -79.006031991117851, 34.587091000213697 ], [ -79.001132991624388, 34.58584900021129 ], [ -78.999419991399108, 34.581337000348761 ], [ -78.997794991381511, 34.582519000209587 ], [ -78.995441991762917, 34.582794000265459 ], [ -78.991845991849829, 34.579315999997789 ], [ -78.98420399110924, 34.578053999711805 ], [ -78.984528991208578, 34.578880999787444 ], [ -78.980835991665771, 34.579411000071062 ], [ -78.97420599154195, 34.582945999866382 ], [ -78.97254499145383, 34.580037000064245 ], [ -78.97394499154457, 34.579855999930118 ], [ -78.973556991056114, 34.578578000372111 ], [ -78.974619991468387, 34.578303000383485 ], [ -78.974421991766818, 34.576893000259993 ], [ -78.973075990916016, 34.575924000056375 ], [ -78.973760990986719, 34.57496100014734 ], [ -78.97081099169641, 34.572832999548723 ], [ -78.968763991187473, 34.572827000407479 ], [ -78.97093999168834, 34.570232000165056 ], [ -78.96993599127822, 34.568866000193808 ], [ -78.971388991404311, 34.568585000343305 ], [ -78.970461991040096, 34.56795099959453 ], [ -78.969023991768893, 34.568331999849015 ], [ -78.969051991020095, 34.567554000136134 ], [ -78.969945990951047, 34.56741700032331 ], [ -78.969144991638288, 34.566654999988458 ], [ -78.970001990857938, 34.565302000171869 ], [ -78.969209991472965, 34.564983999669209 ], [ -78.971209991079405, 34.564276000296942 ], [ -78.970380990782104, 34.56316199975744 ], [ -78.97215899142266, 34.563429000372828 ], [ -78.969403991474323, 34.562192999793915 ], [ -78.970390990917025, 34.560340000013021 ], [ -78.968059991238135, 34.559760000128826 ], [ -78.969218991079003, 34.559238000100223 ], [ -78.967974990924958, 34.558273999808719 ], [ -78.966896991019226, 34.559459000041187 ], [ -78.96553799160337, 34.559003000134823 ], [ -78.965052990997464, 34.559912000283305 ], [ -78.963446991630221, 34.559690000196902 ], [ -78.963571991747216, 34.560614000201547 ], [ -78.962058991494857, 34.559142000103947 ], [ -78.958859991328055, 34.560533000202099 ], [ -78.959262991424822, 34.559630000304402 ], [ -78.958392991442054, 34.558075999915751 ], [ -78.956956990919039, 34.558300999604633 ], [ -78.95747199112445, 34.557340000257753 ], [ -78.956269990872528, 34.557366999904843 ], [ -78.957020991129809, 34.555901000443498 ], [ -78.954942991202202, 34.554002999847306 ], [ -78.955919991215922, 34.55384199998241 ], [ -78.955890991366488, 34.553085000380328 ], [ -78.95457599140893, 34.551876999826071 ], [ -78.956287991119765, 34.55171400032696 ], [ -78.954829990872923, 34.550716000400513 ], [ -78.955036991624368, 34.549834000152003 ], [ -78.953926990805499, 34.550374999844635 ], [ -78.954496991568192, 34.549819000279534 ], [ -78.953262991415485, 34.549520000255619 ], [ -78.953901990979688, 34.54877300026493 ], [ -78.952623991454644, 34.548164000282299 ], [ -78.952888991071461, 34.547284999870399 ], [ -78.951640990903115, 34.547320999565628 ], [ -78.951258990783671, 34.545441000051554 ], [ -78.949683991092826, 34.545357000049549 ], [ -78.949917991839698, 34.543300999562376 ], [ -78.947413991515063, 34.541445999779228 ], [ -78.946593991391936, 34.541611000167372 ], [ -78.94734499168149, 34.542167999783032 ], [ -78.946898990833532, 34.542577000245167 ], [ -78.945036991484614, 34.54213400040841 ], [ -78.945516991587297, 34.541720999837352 ], [ -78.944962991491636, 34.541072000346809 ], [ -78.944038991055336, 34.541450999752485 ], [ -78.943525990948984, 34.540662999998148 ], [ -78.942728991553736, 34.541070999723637 ], [ -78.941590991293367, 34.540339999908831 ], [ -78.941236991782887, 34.539661999937437 ], [ -78.941979991226034, 34.53941600030732 ], [ -78.941313991547531, 34.538541999833392 ], [ -78.940286991455466, 34.539030000166882 ], [ -78.940101991848309, 34.534654999866305 ], [ -78.940700991495888, 34.533751000004294 ], [ -78.93977399122808, 34.533015999903441 ], [ -78.939277991156317, 34.533817999583576 ], [ -78.938866990983556, 34.532009000375737 ], [ -78.937561990886437, 34.532520000053204 ], [ -78.938084991085063, 34.531276999964746 ], [ -78.939759991827373, 34.531574000117082 ], [ -78.939754990903253, 34.530943999754484 ], [ -78.936351991213954, 34.530227999577811 ], [ -78.934475991737628, 34.528730000135859 ], [ -78.932233991011515, 34.522730999900112 ], [ -78.934254991235733, 34.520144000384022 ], [ -78.932089991297104, 34.520287999943697 ], [ -78.93117299138413, 34.51796199970245 ], [ -78.929508991806713, 34.518223999800846 ], [ -78.929640991391707, 34.516556000207551 ], [ -78.92839599130059, 34.516745000436593 ], [ -78.928825991627846, 34.51454199970825 ], [ -78.92771499085535, 34.514265000388662 ], [ -78.928597991440967, 34.513778000066345 ], [ -78.927545991202649, 34.512638000214679 ], [ -78.928363991520001, 34.512473000330971 ], [ -78.927841991713365, 34.510431000100922 ], [ -78.93046499180123, 34.509096000401151 ], [ -78.929984991622845, 34.50832099963619 ], [ -78.932463991365395, 34.507514999996502 ], [ -78.931341991142588, 34.506951999670761 ], [ -78.932218991274553, 34.505821000259914 ], [ -78.931187991012209, 34.505009999716385 ], [ -78.932531990776198, 34.504684000000353 ], [ -78.932243991267271, 34.505484999784741 ], [ -78.933183991790642, 34.506666000209819 ], [ -78.934694991011099, 34.505112999680705 ], [ -78.936556991634262, 34.506694999660716 ], [ -78.939754991571462, 34.504844999693816 ], [ -78.941694991068772, 34.505857999630862 ], [ -78.943826990784444, 34.505191999563401 ], [ -78.946161990773206, 34.502118999684456 ], [ -78.9457249908302, 34.499990999752811 ], [ -78.947052991837737, 34.499514999840919 ], [ -78.946719991286983, 34.498876000296399 ], [ -78.947627991311876, 34.49892499995574 ], [ -78.948163991808073, 34.497858999883213 ], [ -78.947772991739157, 34.496406999761092 ], [ -78.949622991564723, 34.49607799997235 ], [ -78.950492991406591, 34.494307999554884 ], [ -78.95184599133448, 34.494908999624755 ], [ -78.951957990957681, 34.493783000356089 ], [ -78.953813991587012, 34.493702000122404 ], [ -78.954010990838739, 34.492419000311102 ], [ -78.953219991380166, 34.49194299965805 ], [ -78.953812991034695, 34.490903999568047 ], [ -78.955376990983083, 34.492555000395491 ], [ -78.955394991612835, 34.491968000351719 ], [ -78.95459599102648, 34.491058999707462 ], [ -78.955652991354398, 34.48996999991806 ], [ -78.95491599142477, 34.489363999757515 ], [ -78.956743991776193, 34.48706799965386 ], [ -78.955648991481624, 34.487186999854387 ], [ -78.955746991483508, 34.486084000411743 ], [ -78.953981991248654, 34.48566999967214 ], [ -78.95411899095312, 34.485028000438263 ], [ -78.952981991432623, 34.484473000045959 ], [ -78.954268991786051, 34.483162999682513 ], [ -78.953171991330805, 34.48335599996971 ], [ -78.953218991629015, 34.481070000402568 ], [ -78.952041991374131, 34.48099399999785 ], [ -78.952310991632984, 34.480202999977578 ], [ -78.951116991738431, 34.480510999611305 ], [ -78.95209999098762, 34.4795779999478 ], [ -78.950642991057762, 34.479482999911262 ], [ -78.951425991726438, 34.47927499972154 ], [ -78.951260990822419, 34.478191000328323 ], [ -78.950186991458949, 34.478200000196345 ], [ -78.950782991860777, 34.475242000412067 ], [ -78.951912990843724, 34.476132000254538 ], [ -78.951868991570919, 34.474135000115623 ], [ -78.950429991833801, 34.472917000135347 ], [ -78.951822991068966, 34.473622999752912 ], [ -78.952542990952423, 34.472875999863604 ], [ -78.951201991497626, 34.472041999666345 ], [ -78.950928991274537, 34.469353999702918 ], [ -78.948684990975892, 34.467530000020744 ], [ -78.949011991708019, 34.466663999869958 ], [ -78.950307991193981, 34.46662200000209 ], [ -78.950645991482858, 34.465186999883642 ], [ -78.949474991714183, 34.464864999745082 ], [ -78.949231991347389, 34.46374300025645 ], [ -78.947747991571433, 34.463635000021533 ], [ -78.947769991772731, 34.462564000391581 ], [ -78.946470991110957, 34.462401999565635 ], [ -78.946574991156467, 34.461171999919046 ], [ -78.945885991091217, 34.461685999896588 ], [ -78.944339991739952, 34.461211000076055 ], [ -78.94498299079936, 34.460626999570366 ], [ -78.942885991250904, 34.459476000024367 ], [ -78.943576990839389, 34.459034999592369 ], [ -78.943231991181833, 34.457502999910155 ], [ -78.941682991218656, 34.455157999635091 ], [ -78.943056990839793, 34.453850000299695 ], [ -78.942795991253732, 34.452704000381608 ], [ -78.944240991044751, 34.452847999831562 ], [ -78.94603399108864, 34.451850999997177 ], [ -78.946358991376755, 34.450664000171898 ], [ -78.945592991082663, 34.450308999594114 ] ] ] } },
{ "type": "Feature", "properties": { "county": null, "precinct": null, "enr_desc": "Burnt Swamp", "winner": null, "winner_votes": null, "winner_share": null, "runner_up": null, "runner_up_votes": null, "runner_up_share": null, "contest_votes": null, "margin_of_victory": null, "is_tie": false, "results": null, "participated": false, "map_key": null }, "geometry": { "type": "Polygon", "coordinates": [ [ [ -79.075199991170251, 34.708453999555431 ], [ -79.08321999106181, 34.708870999973328 ], [ -79.086229991133678, 34.69476499978046 ], [ -79.100379990987022, 34.684659999565177 ], [ -79.105246990879692, 34.683081000413551 ], [ -79.115933991617254, 34.681997999703214 ], [ -79.123204991245075, 34.678545999926648 ], [ -79.136250991248644, 34.675966999975032 ], [ -79.142847991394191, 34.670663000028398 ], [ -79.143493991797328, 34.675214000257107 ], [ -79.148341991789223, 34.681671999673831 ], [ -79.1520739917665, 34.693147999971906 ], [ -79.156331991183364, 34.698260000378255 ], [ -79.157374991675454, 34.702875999825736 ], [ -79.16612299123733, 34.717712999626819 ], [ -79.167177991717011, 34.718776999739454 ], [ -79.17082799107601, 34.718556000442277 ], [ -79.173659991259584, 34.720219000136012 ], [ -79.174094991745818, 34.722441999625318 ], [ -79.177913991360526, 34.723677000367843 ], [ -79.174062991742417, 34.735316000221111 ], [ -79.17611499166901, 34.740411000057243 ], [ -79.175718990905807, 34.742366999841956 ], [ -79.171289990772763, 34.738576000427052 ], [ -79.169643990929856, 34.734227999632935 ], [ -79.163586990902346, 34.729237000030537 ], [ -79.162164990850954, 34.723705999585547 ], [ -79.157990991125004, 34.715597000423152 ], [ -79.141875991143792, 34.73496899965366 ], [ -79.134242991538869, 34.731140999982536 ], [ -79.123935991542851, 34.734062999828062 ], [ -79.120854990835227, 34.735662999591888 ], [ -79.113418990937362, 34.748945000301802 ], [ -79.104694990881057, 34.761272999885378 ], [ -79.100879990911963, 34.756846000341703 ], [ -79.100279991298464, 34.745306000029764 ], [ -79.090959991547336, 34.741484999854464 ], [ -79.082421991277585, 34.741380000410977 ], [ -79.082528990761176, 34.743982000262243 ], [ -79.080170991441008, 34.742722999625009 ], [ -79.081389990894493, 34.736677999782358 ], [ -79.079808991451713, 34.734801000037123 ], [ -79.079193990959368, 34.731176000051924 ], [ -79.076812991066262, 34.728711000276483 ], [ -79.075785991765088, 34.724978999996452 ], [ -79.076312991194683, 34.721543999650073 ], [ -79.075286990784079, 34.718795999656322 ], [ -79.075840991735745, 34.715567999798139 ], [ -79.074980991606097, 34.713095000007861 ], [ -79.076255991254015, 34.71137800034041 ], [ -79.076338991325457, 34.709752000215822 ], [ -79.075199991170251, 34.708453999555431 ] ] ] } },
{ "type": "Feature", "properties": { "county": null, "precinct": null, "enr_desc": "Fairmont", "winner": null, "winner_votes": null, "winner_share": null, "runner_up": null, "runner_up_votes": null, "runner_up_share": null, "contest_votes": null, "margin_of_victory": null, "is_tie": false, "results": null, "participated": false, "map_key": null }, "geometry": { "type": "Polygon", "coordinates": [ [ [ -79.112674991223741, 34.403666999587642 ], [ -79.114401991470302, 34.404877999945136 ], [ -79.115021991014515, 34.407142999880406 ], [ -79.117482991602685, 34.410002999887567 ], [ -79.122030991853222, 34.412244000265588 ], [ -79.124284991380677, 34.414447000050529 ], [ -79.131389991768756, 34.417561000396304 ], [ -79.133791991262555, 34.420882000354652 ], [ -79.138985990937655, 34.423152000157458 ], [ -79.142686990968983, 34.426289000295085 ], [ -79.144840991763573, 34.429542000085128 ], [ -79.151415991561535, 34.432727000217646 ], [ -79.156111990945064, 34.438338999780804 ], [ -79.159841991426234, 34.440515000008816 ], [ -79.162505991060399, 34.443950000045 ], [ -79.165531991798403, 34.445911000445861 ], [ -79.167686991036746, 34.449804999740259 ], [ -79.181592990891687, 34.457258000379341 ], [ -79.184630991216068, 34.461440999740105 ], [ -79.190520991800895, 34.466485999962231 ], [ -79.191324990906864, 34.468090999700266 ], [ -79.191163991384826, 34.475336000194368 ], [ -79.192020991594418, 34.477734999890785 ], [ -79.187184991632762, 34.484673999857471 ], [ -79.177545991399484, 34.481815999818238 ], [ -79.175341991737724, 34.485957999847898 ], [ -79.175761991771878, 34.49609700034344 ], [ -79.169223991293336, 34.494513999998198 ], [ -79.165531991728187, 34.49547099995231 ], [ -79.166862991414405, 34.501000000088602 ], [ -79.165555991448983, 34.503165000337354 ], [ -79.163436991348036, 34.503774999581047 ], [ -79.156653991788858, 34.503289000366614 ], [ -79.149883991653482, 34.504321000335651 ], [ -79.148336991215714, 34.505193999761893 ], [ -79.14738699164721, 34.509334000107152 ], [ -79.148103991587774, 34.514984000139556 ], [ -79.143372990873345, 34.527038999625148 ], [ -79.138688991442208, 34.531893999633674 ], [ -79.136189991449328, 34.532103000379443 ], [ -79.132278991231487, 34.527135999612 ], [ -79.12757799106538, 34.523342999704404 ], [ -79.115859991048723, 34.520099999607595 ], [ -79.108321991379611, 34.512827000011207 ], [ -79.09826799103493, 34.530771000197078 ], [ -79.088016991459085, 34.540657000166547 ], [ -79.071603990962601, 34.552739999805034 ], [ -79.070629991511211, 34.551265000223658 ], [ -79.072449990974931, 34.546580999885528 ], [ -79.070847991214606, 34.540779000071915 ], [ -79.069131991817557, 34.528141999957839 ], [ -79.070277991498756, 34.522450000124906 ], [ -79.073083991301345, 34.517568999659559 ], [ -79.078898991009751, 34.512649999678437 ], [ -79.072813991416567, 34.509742000173325 ], [ -79.062619991609225, 34.50165100024843 ], [ -79.064712991790969, 34.499642000198961 ], [ -79.06501799166459, 34.497513000257257 ], [ -79.069602991001389, 34.493881000266938 ], [ -79.071684991049423, 34.489628999963053 ], [ -79.077043990787658, 34.486197000042509 ], [ -79.078404991064801, 34.481899000215648 ], [ -79.080886991207876, 34.478976000243861 ], [ -79.08245899167089, 34.478389000155289 ], [ -79.083902991283836, 34.473080000412722 ], [ -79.092442991261748, 34.462980000399853 ], [ -79.094017991430974, 34.459659000271131 ], [ -79.093657991050208, 34.457736000283639 ], [ -79.094348991777096, 34.45663699963292 ], [ -79.101256991708794, 34.449879999940713 ], [ -79.104569991707862, 34.441657999754113 ], [ -79.108630991703166, 34.43748900029702 ], [ -79.10807599152669, 34.433939999963499 ], [ -79.108707991628592, 34.427437000305339 ], [ -79.110857991490761, 34.422619000063911 ], [ -79.112614991812634, 34.420948000450224 ], [ -79.112488991561506, 34.417337000026919 ], [ -79.110440991131739, 34.412322999817903 ], [ -79.111766991415223, 34.41058199972727 ], [ -79.110023991182942, 34.407904000106988 ], [ -79.112565990868262, 34.405773000269441 ], [ -79.112674991223741, 34.403666999587642 ] ] ] } },
{ "type": "Feature", "properties": { "county": null, "precinct": null, "enr_desc": "Gaddys", "winner": null, "winner_votes": null, "winner_share": null, "runner_up": null, "runner_up_votes": null, "runner_up_share": null, "contest_votes": null, "margin_of_victory": null, "is_tie": false, "results": null, "participated": false, "map_key": null }, "geometry": { "type": "Polygon", "coordinates": [ [ [ -79.192194991691295, 34.401108999885622 ], [ -79.275186991330898, 34.472281999983906 ], [ -79.267590991263731, 34.474787000343063 ], [ -79.264411991556685, 34.475101999967258 ], [ -79.255134991192094, 34.472509000365065 ], [ -79.248657991345766, 34.47310599990589 ], [ -79.248893991234013, 34.477213000027355 ], [ -79.24780599129457, 34.479923000434191 ], [ -79.246277991188933, 34.481553999782321 ], [ -79.241869991081856, 34.482464999829737 ], [ -79.238333991760072, 34.484226000362433 ], [ -79.238031991472937, 34.486582999582787 ], [ -79.234135991563221, 34.493180000105198 ], [ -79.22926799149009, 34.4931810002643 ], [ -79.223541990816301, 34.490916000118219 ], [ -79.221384991764211, 34.490870999790367 ], [ -79.214112991111861, 34.496527999793706 ], [ -79.210821991437271, 34.494581999829599 ], [ -79.20191399094314, 34.486866000120543 ], [ -79.197737991141295, 34.481003999652792 ], [ -79.193451991093724, 34.477661000418557 ], [ -79.192020991594418, 34.477734999890785 ], [ -79.191163991384826, 34.475336000194368 ], [ -79.191324990906864, 34.468090999700266 ], [ -79.190520991800895, 34.466485999962231 ], [ -79.184630991216068, 34.461440999740105 ], [ -79.181592990891687, 34.457258000379341 ], [ -79.167686991036746, 34.449804999740259 ], [ -79.165531991798403, 34.445911000445861 ], [ -79.162505991060399, 34.443950000045 ], [ -79.183003991122945, 34.427987000224725 ], [ -79.181466991177984, 34.422381999575769 ], [ -79.1766719915626, 34.418720999985773 ], [ -79.172829991254986, 34.417487000222174 ], [ -79.174412990954323, 34.414961999989025 ], [ -79.180566991638912, 34.41058499967464 ], [ -79.180798991559953, 34.409018000332175 ], [ -79.186166990824773, 34.402560000174468 ], [ -79.188711990848617, 34.402581000093527 ], [ -79.192194991691295, 34.401108999885622 ] ] ] } },
{ "type": "Feature", "properties": { "county": null, "precinct": null, "enr_desc": "East Howellsville", "winner": null, "winner_votes": null, "winner_share": null, "runner_up": null, "runner_up_votes": null, "runner_up_share": null, "contest_votes": null, "margin_of_victory": null, "is_tie": false, "results": null, "participated": false, "map_key": null }, "geometry": { "type": "Polygon", "coordinates": [ [ [ -78.82975699119342, 34.6310759997803 ], [ -78.851057991259708, 34.631442000288082 ], [ -78.853686991148209, 34.633372000427968 ], [ -78.855727990987049, 34.63318999978965 ], [ -78.884195991057368, 34.629077999997882 ], [ -78.889831991458692, 34.629433000096149 ], [ -78.900276991813428, 34.623663999739172 ], [ -78.903628991297069, 34.623508000287494 ], [ -78.909903991444708, 34.62746500032263 ], [ -78.914404991362588, 34.634456000193133 ], [ -78.924154990934724, 34.64584699991989 ], [ -78.930135991616652, 34.645050999688706 ], [ -78.918999990812708, 34.657822000323712 ], [ -78.919151991626606, 34.661678999556628 ], [ -78.922203991325247, 34.670726999770991 ], [ -78.920986991277061, 34.673778999780055 ], [ -78.921385991299019, 34.682122999812847 ], [ -78.919019990839757, 34.692452999589925 ], [ -78.917566991706295, 34.695495999745361 ], [ -78.908050990923982, 34.704209999920764 ], [ -78.904859991391135, 34.711253999845589 ], [ -78.898531990762052, 34.720242999868482 ], [ -78.896167991639871, 34.725791999742547 ], [ -78.898536990868806, 34.730316000221421 ], [ -78.893859990780086, 34.733205999865802 ], [ -78.888769990821316, 34.733209999590613 ], [ -78.885495991554478, 34.734559999696785 ], [ -78.876178990767272, 34.733478999992322 ], [ -78.854416990798171, 34.736835000204003 ], [ -78.853247991064578, 34.73440499982928 ], [ -78.848789991591516, 34.732617999841104 ], [ -78.847406990973212, 34.730271999545472 ], [ -78.845916990983056, 34.729370999549566 ], [ -78.845029991516995, 34.727173999893772 ], [ -78.840818991466435, 34.727292000079004 ], [ -78.844455991242341, 34.724123999762348 ], [ -78.841702991699151, 34.722310000427079 ], [ -78.83781299159773, 34.71785900015108 ], [ -78.835827991128397, 34.717521999910495 ], [ -78.832374990911646, 34.719742000225793 ], [ -78.831896991653025, 34.718363000195211 ], [ -78.832815991413995, 34.717423999994431 ], [ -78.83267099094067, 34.71561700036802 ], [ -78.830347991118074, 34.713899999787706 ], [ -78.827576990759397, 34.713280000201429 ], [ -78.825408990881499, 34.710913000217218 ], [ -78.824027991256145, 34.711243999932321 ], [ -78.823467991343378, 34.709873999885708 ], [ -78.821628991306852, 34.709594999869502 ], [ -78.82045199114313, 34.706417999595132 ], [ -78.817496991329094, 34.704661999723804 ], [ -78.811937991735491, 34.694408000346826 ], [ -78.805751991392171, 34.689396999696456 ], [ -78.805430990960332, 34.686603000161 ], [ -78.807202991577839, 34.681388999697432 ], [ -78.806129991376409, 34.676075000380344 ], [ -78.806679991054835, 34.674630999955198 ], [ -78.809482991050785, 34.673985999930885 ], [ -78.81031699130385, 34.673034999701891 ], [ -78.809209991140378, 34.670509000316699 ], [ -78.809430990775553, 34.668276000377816 ], [ -78.813725991298654, 34.66784799963181 ], [ -78.814775991602332, 34.665918000086073 ], [ -78.818416991736328, 34.664047000053792 ], [ -78.819378991049348, 34.662078999632392 ], [ -78.819725991319487, 34.659468000431147 ], [ -78.818417990802047, 34.655032000317362 ], [ -78.817675990857808, 34.654374000282637 ], [ -78.815383990839919, 34.65470300010643 ], [ -78.813742991482897, 34.653211999766228 ], [ -78.813602990946279, 34.651741000154118 ], [ -78.818244991173813, 34.650709999873591 ], [ -78.819804991672697, 34.645572999577574 ], [ -78.821598991187514, 34.645838000191425 ], [ -78.822217991048277, 34.644635000409039 ], [ -78.821374991761331, 34.643590000329525 ], [ -78.819094991519293, 34.643645000010068 ], [ -78.819307991267621, 34.642622999891472 ], [ -78.81850099118391, 34.641706999957933 ], [ -78.822095991527192, 34.64295500013737 ], [ -78.823522991234, 34.642656999642 ], [ -78.826364991529118, 34.638818000160882 ], [ -78.825501990860246, 34.63699299990315 ], [ -78.827755990942947, 34.63688400029514 ], [ -78.827178991052705, 34.634894999755247 ], [ -78.829080991817648, 34.634153999571993 ], [ -78.82975699119342, 34.6310759997803 ] ] ] } },
{ "type": "Feature", "properties": { "county": "ROBESON", "precinct": "9", "enr_desc": "West Howellsville", "winner": "Lance Herndon", "winner_votes": 14.0, "winner_share": 60.869565217391312, "runner_up": "Harold Smith", "runner_up_votes": 9.0, "runner_up_share": 39.130434782608695, "contest_votes": 23.0, "margin_of_victory": 21.739130434782616, "is_tie": false, "results": [ { "candidate": "Lance Herndon", "votes": 14, "share": 60.86956521739131 }, { "candidate": "Harold Smith", "votes": 9, "share": 39.130434782608695 } ], "participated": true, "map_key": "ROBESON_9" }, "geometry": { "type": "Polygon", "coordinates": [ [ [ -78.980770991459096, 34.672090999951052 ], [ -78.977672991798073, 34.680553999627612 ], [ -78.97237299180216, 34.687993000211222 ], [ -78.977607991265444, 34.691536000061703 ], [ -78.988087991020194, 34.692200000012257 ], [ -78.982626990779053, 34.697363999918664 ], [ -78.962568991470221, 34.703719000359264 ], [ -78.963753991610616, 34.708858000097003 ], [ -78.969040991140716, 34.714913000439147 ], [ -78.965423990991795, 34.722722999587369 ], [ -78.963246990989518, 34.731306999864678 ], [ -78.970136991630625, 34.7500819995795 ], [ -78.960843991606765, 34.75144800034986 ], [ -78.956426991794416, 34.753769999576164 ], [ -78.958704991326144, 34.75866200038589 ], [ -78.958237991380528, 34.761966000140767 ], [ -78.954451991188336, 34.762238999783108 ], [ -78.950151991594083, 34.765838999650924 ], [ -78.948689991204105, 34.771788999976437 ], [ -78.950505990760732, 34.774528000357279 ], [ -78.943412991336544, 34.771755999668137 ], [ -78.935023990941147, 34.770274000048033 ], [ -78.926920990998937, 34.768995000410619 ], [ -78.916691990813575, 34.768949000214249 ], [ -78.922644991141667, 34.781959999714971 ], [ -78.92149399175355, 34.782346999659694 ], [ -78.916176991067147, 34.781941999801319 ], [ -78.912342991665753, 34.78290399988807 ], [ -78.9096549911484, 34.782186999584326 ], [ -78.905065991479518, 34.782624000073838 ], [ -78.899691991132372, 34.781967999747387 ], [ -78.886466991694931, 34.783547000321299 ], [ -78.882055991585574, 34.78320099999079 ], [ -78.874323991230312, 34.77940200026503 ], [ -78.871596991194878, 34.777022000362564 ], [ -78.87098499107158, 34.774823999757999 ], [ -78.869396991803868, 34.773775000284736 ], [ -78.866101991774599, 34.773099000392534 ], [ -78.863641990799266, 34.77056199984191 ], [ -78.865295991301664, 34.767775000163674 ], [ -78.863016991054835, 34.76090899964202 ], [ -78.861981990918295, 34.759810999785003 ], [ -78.862197990835341, 34.756655000073252 ], [ -78.860525991341134, 34.754628000230497 ], [ -78.858351991528906, 34.753512000084179 ], [ -78.858514991513502, 34.751449999777279 ], [ -78.856063991487346, 34.747772000227876 ], [ -78.855693991169204, 34.741706999637479 ], [ -78.854416990798171, 34.736835000204003 ], [ -78.876178990767272, 34.733478999992322 ], [ -78.885495991554478, 34.734559999696785 ], [ -78.888769990821316, 34.733209999590613 ], [ -78.893859990780086, 34.733205999865802 ], [ -78.898536990868806, 34.730316000221421 ], [ -78.896167991639871, 34.725791999742547 ], [ -78.898531990762052, 34.720242999868482 ], [ -78.904859991391135, 34.711253999845589 ], [ -78.908050990923982, 34.704209999920764 ], [ -78.917566991706295, 34.695495999745361 ], [ -78.919019990839757, 34.692452999589925 ], [ -78.921385991299019, 34.682122999812847 ], [ -78.920986991277061, 34.673778999780055 ], [ -78.922203991325247, 34.670726999770991 ], [ -78.919151991626606, 34.661678999556628 ], [ -78.918999990812708, 34.657822000323712 ], [ -78.930135991616652, 34.645050999688706 ], [ -78.943306990995481, 34.641967999553565 ], [ -78.945170991011736, 34.649711000403059 ], [ -78.948256991472576, 34.655718999783254 ], [ -78.948623990754953, 34.660776999773077 ], [ -78.943906991604393, 34.667340999637226 ], [ -78.935980991533015, 34.682548999675525 ], [ -78.943243991745348, 34.684368000125126 ], [ -78.971985990814034, 34.679877999554115 ], [ -78.980770991459096, 34.672090999951052 ] ] ] } },
{ "type": "Feature", "properties": { "county": "ROBESON", "precinct": "10", "enr_desc": "Lumber Bridge", "winner": "Lance Herndon", "winner_votes": 26.0, "winner_share": 74.285714285714292, "runner_up": "Harold Smith", "runner_up_votes": 9.0, "runner_up_share": 25.714285714285712, "contest_votes": 35.0, "margin_of_victory": 48.571428571428584, "is_tie": false, "results": [ { "candidate": "Lance Herndon", "votes": 26, "share": 74.28571428571429 }, { "candidate": "Harold Smith", "votes": 9, "share": 25.71428571428571 } ], "participated": true, "map_key": "ROBESON_10" }, "geometry": { "type": "Polygon", "coordinates": [ [ [ -79.093071990863066, 34.850840000191212 ], [ -79.094794991478494, 34.853009000425395 ], [ -79.10677799156754, 34.860797000418984 ], [ -79.110472990780025, 34.857902000402852 ], [ -79.113547991640658, 34.861816000282182 ], [ -79.121318990833657, 34.868335000114485 ], [ -79.130759991733314, 34.881052999699918 ], [ -79.066757991305465, 34.930918999677708 ], [ -79.05928299105517, 34.925585999554031 ], [ -79.060204991347703, 34.916243000437596 ], [ -79.052347990738241, 34.920605000330355 ], [ -79.042361991764096, 34.914639000412031 ], [ -79.035893991026796, 34.912707000151585 ], [ -79.036724991041652, 34.911151999599802 ], [ -79.037285991161568, 34.900704999864594 ], [ -79.038115990851253, 34.898448999653766 ], [ -79.03977099162087, 34.89694100032181 ], [ -79.04370499166059, 34.895810000127831 ], [ -79.045065991592068, 34.893985000216738 ], [ -79.044866991416825, 34.892181999834335 ], [ -79.043645990758478, 34.890820999714784 ], [ -79.041062990983065, 34.888875999653003 ], [ -79.036515990759966, 34.887148000281783 ], [ -79.040771991538719, 34.884891999876132 ], [ -79.041766991784712, 34.881489999835068 ], [ -79.037939991105304, 34.881358000279967 ], [ -79.030376991321731, 34.883131999778257 ], [ -79.020134991752712, 34.88141499992966 ], [ -79.014855991690709, 34.87953599961336 ], [ -79.011217990865035, 34.877244999726273 ], [ -79.00826499165224, 34.876964000179697 ], [ -79.00790099165097, 34.873653999735673 ], [ -79.022157991131536, 34.864169999757692 ], [ -79.024131991567501, 34.858746999891046 ], [ -79.025973990922211, 34.857143999717728 ], [ -79.027930991626718, 34.852845999688149 ], [ -79.030271991276408, 34.850804000365805 ], [ -79.034161991194267, 34.849435000348691 ], [ -79.035846991437197, 34.844265999870096 ], [ -79.044441991463529, 34.851388999812357 ], [ -79.04659699082778, 34.849244000338423 ], [ -79.049634991090016, 34.842399000044693 ], [ -79.055651990799248, 34.841355999775182 ], [ -79.062447991713356, 34.83647400023068 ], [ -79.053274991824679, 34.826417999816002 ], [ -79.056989991726041, 34.823119000397696 ], [ -79.065890990927642, 34.829234000172711 ], [ -79.066334991357564, 34.831088000219538 ], [ -79.073443991584369, 34.840818999951509 ], [ -79.078887991772461, 34.845650000377645 ], [ -79.086831990905637, 34.85080099999302 ], [ -79.088452990994725, 34.853479000041695 ], [ -79.093071990863066, 34.850840000191212 ] ] ] } },
{ "type": "Feature", "properties": { "county": null, "precinct": null, "enr_desc": "Lumberton  1", "winner": null, "winner_votes": null, "winner_share": null, "runner_up": null, "runner_up_votes": null, "runner_up_share": null, "contest_votes": null, "margin_of_victory": null, "is_tie": false, "results": null, "participated": false, "map_key": null }, "geometry": { "type": "Polygon", "coordinates": [ [ [ -79.029204990758913, 34.635356999598748 ], [ -79.029981991084099, 34.638753000282314 ], [ -79.02962099166453, 34.641520000402217 ], [ -79.028622990909142, 34.643073999773449 ], [ -79.023821991098458, 34.645667999615796 ], [ -79.022153991822748, 34.647534999912594 ], [ -79.020764991175028, 34.652597000006615 ], [ -79.019931991495241, 34.652816000302153 ], [ -79.020374991347651, 34.653424000112679 ], [ -79.017157991650677, 34.662297999957168 ], [ -79.017090990983831, 34.667385999851298 ], [ -79.019306990923241, 34.674402000256201 ], [ -79.023460991834924, 34.680124000058683 ], [ -78.992723990954858, 34.683269999787669 ], [ -78.988087991020194, 34.692200000012257 ], [ -78.977607991265444, 34.691536000061703 ], [ -78.97237299180216, 34.687993000211222 ], [ -78.977672991798073, 34.680553999627612 ], [ -78.980770991459096, 34.672090999951052 ], [ -78.980397991405624, 34.656096000106842 ], [ -78.977545991705114, 34.650693000199823 ], [ -78.979076991689283, 34.644260000376576 ], [ -78.994942991754584, 34.64405299983828 ], [ -78.999999990981337, 34.645453000046672 ], [ -79.000065990923815, 34.642088000410702 ], [ -79.001202991179824, 34.63909299975596 ], [ -79.00889999121766, 34.642024000402898 ], [ -79.01358399114244, 34.646619000334688 ], [ -79.016153991841279, 34.641752000301693 ], [ -79.020817991021559, 34.637051000012043 ], [ -79.025544991703654, 34.634237999599847 ], [ -79.029204990758913, 34.635356999598748 ] ] ] } },
{ "type": "Feature", "properties": { "county": null, "precinct": null, "enr_desc": "Lumberton  1A", "winner": null, "winner_votes": null, "winner_share": null, "runner_up": null, "runner_up_votes": null, "runner_up_share": null, "contest_votes": null, "margin_of_victory": null, "is_tie": false, "results": null, "participated": false, "map_key": null }, "geometry": { "type": "Polygon", "coordinates": [ [ [ -79.029204990758913, 34.635356999598748 ], [ -79.031968991804419, 34.635152000300501 ], [ -79.033246991182082, 34.634296000253073 ], [ -79.033527991385398, 34.632520999847642 ], [ -79.040739991349156, 34.634124999856589 ], [ -79.042353991762909, 34.635458999754007 ], [ -79.043909991714273, 34.63479600018637 ], [ -79.046476990863866, 34.634863000191288 ], [ -79.046894991792939, 34.635504000365913 ], [ -79.047728990780371, 34.634497999965127 ], [ -79.049581991769927, 34.634649999568232 ], [ -79.055358990841839, 34.637029999886387 ], [ -79.056660991593517, 34.638792999725737 ], [ -79.064361991658615, 34.640853999664422 ], [ -79.064610991724834, 34.641976000282256 ], [ -79.06660599116961, 34.642755000106412 ], [ -79.06765899102902, 34.644426000004174 ], [ -79.070899990919415, 34.644745999927714 ], [ -79.068711991770641, 34.646784000374069 ], [ -79.068628991324246, 34.648547999683487 ], [ -79.06934899111728, 34.648914000397873 ], [ -79.068766990886445, 34.65056300024434 ], [ -79.070401991537821, 34.651936000412043 ], [ -79.069265991318417, 34.652668999787181 ], [ -79.069847991206899, 34.653378999752569 ], [ -79.069542991013719, 34.655943000154942 ], [ -79.066716991565258, 34.657249000268138 ], [ -79.067047991718027, 34.660036000011999 ], [ -79.064607991159946, 34.664672000108162 ], [ -79.065162990951634, 34.666081000259716 ], [ -79.066215991266901, 34.666348999822709 ], [ -79.065219991147984, 34.669145000211273 ], [ -79.066882990880472, 34.670752000263604 ], [ -79.065996991480731, 34.673230999679589 ], [ -79.076279990908333, 34.677214999720903 ], [ -79.077887991162271, 34.67968699965818 ], [ -79.077582991518511, 34.680306000236705 ], [ -79.07996699092655, 34.682205999936258 ], [ -79.079107991130087, 34.684609999621507 ], [ -79.079772991436641, 34.684725000013664 ], [ -79.079662991730885, 34.686167000436257 ], [ -79.081006990983724, 34.687933000096301 ], [ -79.080106991465783, 34.689968000424308 ], [ -79.080468990967589, 34.698827000015214 ], [ -79.078527990994701, 34.700199999687769 ], [ -79.078556991107476, 34.701872000346512 ], [ -79.076754991112097, 34.70344999997539 ], [ -79.074620990924913, 34.707296000195726 ], [ -79.075199991170251, 34.708453999555431 ], [ -79.070148991626638, 34.708410999985709 ], [ -79.06717499151604, 34.706987000085128 ], [ -79.059279990808392, 34.690365999842136 ], [ -79.050190991172386, 34.683318000130555 ], [ -79.020374991347651, 34.653424000112679 ], [ -79.019931991495241, 34.652816000302153 ], [ -79.020764991175028, 34.652597000006615 ], [ -79.022153991822748, 34.647534999912594 ], [ -79.023821991098458, 34.645667999615796 ], [ -79.028622990909142, 34.643073999773449 ], [ -79.02962099166453, 34.641520000402217 ], [ -79.029981991084099, 34.638753000282314 ], [ -79.029204990758913, 34.635356999598748 ] ] ] } },
{ "type": "Feature", "properties": { "county": null, "precinct": null, "enr_desc": "Lumberton  2", "winner": null, "winner_votes": null, "winner_share": null, "runner_up": null, "runner_up_votes": null, "runner_up_share": null, "contest_votes": null, "margin_of_victory": null, "is_tie": false, "results": null, "participated": false, "map_key": null }, "geometry": { "type": "Polygon", "coordinates": [ [ [ -79.000559991162646, 34.624404000045068 ], [ -79.008456991638269, 34.624007000108286 ], [ -79.007907990982346, 34.639983999727058 ], [ -79.00889999121766, 34.642024000402898 ], [ -79.001202991179824, 34.63909299975596 ], [ -79.000065990923815, 34.642088000410702 ], [ -78.999999990981337, 34.645453000046672 ], [ -78.994942991754584, 34.64405299983828 ], [ -78.979076991689283, 34.644260000376576 ], [ -78.977545991705114, 34.650693000199823 ], [ -78.980397991405624, 34.656096000106842 ], [ -78.980770991459096, 34.672090999951052 ], [ -78.971985990814034, 34.679877999554115 ], [ -78.943243991745348, 34.684368000125126 ], [ -78.935980991533015, 34.682548999675525 ], [ -78.943906991604393, 34.667340999637226 ], [ -78.948623990754953, 34.660776999773077 ], [ -78.948256991472576, 34.655718999783254 ], [ -78.945170991011736, 34.649711000403059 ], [ -78.943306990995481, 34.641967999553565 ], [ -78.963655991048199, 34.638067999840985 ], [ -78.98911099115476, 34.634476000192251 ], [ -79.000786991249782, 34.626851999797999 ], [ -79.000559991162646, 34.624404000045068 ] ] ] } },
{ "type": "Feature", "properties": { "county": null, "precinct": null, "enr_desc": "Lumberton  3", "winner": null, "winner_votes": null, "winner_share": null, "runner_up": null, "runner_up_votes": null, "runner_up_share": null, "contest_votes": null, "margin_of_victory": null, "is_tie": false, "results": null, "participated": false, "map_key": null }, "geometry": { "type": "Polygon", "coordinates": [ [ [ -78.996475991184312, 34.617626000398083 ], [ -78.995907991270784, 34.61997800024416 ], [ -78.99736399152836, 34.620377999764408 ], [ -78.995863991846747, 34.624291999833147 ], [ -79.000559991162646, 34.624404000045068 ], [ -79.000786991249782, 34.626851999797999 ], [ -78.98911099115476, 34.634476000192251 ], [ -78.963655991048199, 34.638067999840985 ], [ -78.964774991389532, 34.620397999633958 ], [ -78.967711991095626, 34.619853999910916 ], [ -78.972412990897368, 34.620769000301557 ], [ -78.987222990861142, 34.621121000180075 ], [ -78.989288991465273, 34.616453000230457 ], [ -78.996475991184312, 34.617626000398083 ] ] ] } },
{ "type": "Feature", "properties": { "county": null, "precinct": null, "enr_desc": "Orrum", "winner": null, "winner_votes": null, "winner_share": null, "runner_up": null, "runner_up_votes": null, "runner_up_share": null, "contest_votes": null, "margin_of_victory": null, "is_tie": false, "results": null, "participated": false, "map_key": null }, "geometry": { "type": "Polygon", "coordinates": [ [ [ -79.08245899167089, 34.478389000155289 ], [ -79.080886991207876, 34.478976000243861 ], [ -79.078404991064801, 34.481899000215648 ], [ -79.077043990787658, 34.486197000042509 ], [ -79.071684991049423, 34.489628999963053 ], [ -79.069602991001389, 34.493881000266938 ], [ -79.06501799166459, 34.497513000257257 ], [ -79.064712991790969, 34.499642000198961 ], [ -79.062619991609225, 34.50165100024843 ], [ -79.052821990814877, 34.497096999734403 ], [ -79.048862991320803, 34.502298999819772 ], [ -79.043426991322136, 34.505458999918829 ], [ -79.023002991170131, 34.501252000275095 ], [ -79.011250991038779, 34.519164999742578 ], [ -78.998806991448149, 34.500942000247221 ], [ -78.98812799151824, 34.480779999687982 ], [ -78.968849991108669, 34.489761999950851 ], [ -78.971374990797898, 34.486492999655667 ], [ -78.969178991643872, 34.478109999951002 ], [ -78.971397991677563, 34.470218000142175 ], [ -78.971095991252582, 34.460818000221401 ], [ -78.972112991516667, 34.458616999907413 ], [ -78.973716991518089, 34.457653000306678 ], [ -78.969256991609626, 34.45108700023814 ], [ -78.959886991458902, 34.442831999792787 ], [ -78.96078299078907, 34.439285000383734 ], [ -78.96215799106875, 34.437590000210371 ], [ -78.966067991109796, 34.435443000323161 ], [ -78.966783991634571, 34.431233000275967 ], [ -78.968281991631912, 34.429692000103387 ], [ -78.969599991104346, 34.429682999642225 ], [ -78.971186991429008, 34.427470000325961 ], [ -78.968182991690625, 34.425089000309185 ], [ -78.969992991246315, 34.424338999976847 ], [ -78.969278991743778, 34.422439999927114 ], [ -78.967390991017666, 34.422189999913421 ], [ -78.969144991794394, 34.420736000212266 ], [ -78.969268991797165, 34.419216999631558 ], [ -78.971077990832597, 34.419069999643433 ], [ -78.971848990808326, 34.418059999782123 ], [ -78.971234991713558, 34.417236000313309 ], [ -78.968029990800417, 34.416605000410378 ], [ -78.970230991158871, 34.415254000058653 ], [ -78.969695991767651, 34.412983999743908 ], [ -78.967874991099393, 34.412984000279245 ], [ -78.970555991541161, 34.411279999771004 ], [ -78.970946991325022, 34.409975000102762 ], [ -78.969551991285115, 34.40981700025651 ], [ -78.968322991679756, 34.411419000429717 ], [ -78.967283990946015, 34.410779999679058 ], [ -78.968803990850205, 34.40870500018584 ], [ -78.968335990976044, 34.407047000098466 ], [ -78.969630991757754, 34.405955000314393 ], [ -78.967866991404634, 34.405602000162929 ], [ -78.968314991754355, 34.403445000021875 ], [ -78.967175991429983, 34.402137999805078 ], [ -78.969889991491968, 34.401213000367406 ], [ -78.969085991114738, 34.399748999946105 ], [ -78.969454991191583, 34.398490000200511 ], [ -78.968014991245681, 34.397609999746237 ], [ -78.970348991079874, 34.396601000261114 ], [ -78.969735990815252, 34.395211000131006 ], [ -78.972470991136092, 34.395757999723578 ], [ -78.973955991641972, 34.394748999705996 ], [ -78.975529991798368, 34.396055000120548 ], [ -78.975686991377032, 34.39392499977189 ], [ -78.973509991079524, 34.392127999772924 ], [ -78.977250991100604, 34.390350999964745 ], [ -78.979694991274243, 34.390860000058794 ], [ -78.978522990820466, 34.392648000222366 ], [ -78.982887990901972, 34.392286999568213 ], [ -78.98353499118376, 34.393842999718984 ], [ -78.987598991198439, 34.392991999966405 ], [ -78.988413991490518, 34.394148999769641 ], [ -78.991278990988661, 34.392678999794491 ], [ -78.994991991861539, 34.392573999993751 ], [ -78.99489599147914, 34.390352000024279 ], [ -78.998595991636037, 34.390980000229604 ], [ -79.001967991680075, 34.38447800012468 ], [ -79.006125991710761, 34.383712000353704 ], [ -79.007514991175583, 34.384798000413433 ], [ -79.00720999103973, 34.38639999977984 ], [ -79.008705991153548, 34.387228000284608 ], [ -79.003259991086949, 34.388430999912018 ], [ -79.002797991825489, 34.389928000119838 ], [ -79.007471991698338, 34.39261400042809 ], [ -79.023341991695489, 34.412417000172795 ], [ -79.033145991031319, 34.420478000149146 ], [ -79.035682991383567, 34.43763000013292 ], [ -79.038789991423869, 34.437026999614972 ], [ -79.040043991753663, 34.438965999997272 ], [ -79.040581991567251, 34.442897999657617 ], [ -79.052002990934994, 34.451968000000157 ], [ -79.062636991376166, 34.466024999620274 ], [ -79.067374991218131, 34.462111000309505 ], [ -79.07513299150726, 34.451119000226491 ], [ -79.082327991381575, 34.457065999560129 ], [ -79.078645991221265, 34.464382000077919 ], [ -79.07563599158189, 34.474724000047956 ], [ -79.08245899167089, 34.478389000155289 ] ] ] } },
{ "type": "Feature", "properties": { "county": null, "precinct": null, "enr_desc": "Lumberton  4", "winner": null, "winner_votes": null, "winner_share": null, "runner_up": null, "runner_up_votes": null, "runner_up_share": null, "contest_votes": null, "margin_of_victory": null, "is_tie": false, "results": null, "participated": false, "map_key": null }, "geometry": { "type": "Polygon", "coordinates": [ [ [ -78.97420599154195, 34.582945999866382 ], [ -78.980835991665771, 34.579411000071062 ], [ -78.984528991208578, 34.578880999787444 ], [ -78.986184991585617, 34.583156999829427 ], [ -78.98972099110847, 34.586506999824522 ], [ -78.992363991663169, 34.590721000130159 ], [ -78.999927991687827, 34.606104999664367 ], [ -78.99993199118741, 34.613679999962422 ], [ -78.998044991809834, 34.613043000285636 ], [ -78.996595991333194, 34.614345999887831 ], [ -78.996475991184312, 34.617626000398083 ], [ -78.989288991465273, 34.616453000230457 ], [ -78.987222990861142, 34.621121000180075 ], [ -78.972412990897368, 34.620769000301557 ], [ -78.967711991095626, 34.619853999910916 ], [ -78.964774991389532, 34.620397999633958 ], [ -78.965653991321105, 34.610002000111919 ], [ -78.971307990925268, 34.609484000342469 ], [ -78.977698991150987, 34.604559999604334 ], [ -78.979820991574428, 34.601302000137963 ], [ -78.979547991402612, 34.59425599969066 ], [ -78.983400991424602, 34.591000999885196 ], [ -78.981294991268371, 34.589246999619562 ], [ -78.980070991452848, 34.589711000050713 ], [ -78.978724991734879, 34.58802699973247 ], [ -78.978845990988773, 34.586504000074797 ], [ -78.97420599154195, 34.582945999866382 ] ] ] } },
{ "type": "Feature", "properties": { "county": null, "precinct": null, "enr_desc": "Lumberton  5", "winner": null, "winner_votes": null, "winner_share": null, "runner_up": null, "runner_up_votes": null, "runner_up_share": null, "contest_votes": null, "margin_of_victory": null, "is_tie": false, "results": null, "participated": false, "map_key": null }, "geometry": { "type": "Polygon", "coordinates": [ [ [ -78.984528991208578, 34.578880999787444 ], [ -78.98420399110924, 34.578053999711805 ], [ -78.991845991849829, 34.579315999997789 ], [ -78.995441991762917, 34.582794000265459 ], [ -78.997794991381511, 34.582519000209587 ], [ -78.999419991399108, 34.581337000348761 ], [ -79.001132991624388, 34.58584900021129 ], [ -79.006031991117851, 34.587091000213697 ], [ -79.008268991605902, 34.588633999549884 ], [ -79.017777990881271, 34.590615000090679 ], [ -79.020003991797466, 34.593004000408982 ], [ -79.02300599178443, 34.592449999562241 ], [ -79.025278991665104, 34.593475999776658 ], [ -79.027166991407952, 34.5958270004488 ], [ -79.022343991310578, 34.602272000180925 ], [ -79.022401991776405, 34.603339000130958 ], [ -79.026283990844036, 34.603807999938894 ], [ -79.026501990830269, 34.604931999836595 ], [ -79.023943991774416, 34.607108000035581 ], [ -79.014348990906072, 34.61915699972004 ], [ -79.011460991373568, 34.618052000422665 ], [ -79.010838991060936, 34.620203000034721 ], [ -79.008588991631868, 34.620138999733307 ], [ -79.008456991638269, 34.624007000108286 ], [ -79.000559991162646, 34.624404000045068 ], [ -78.995863991846747, 34.624291999833147 ], [ -78.99736399152836, 34.620377999764408 ], [ -78.995907991270784, 34.61997800024416 ], [ -78.996475991184312, 34.617626000398083 ], [ -78.996595991333194, 34.614345999887831 ], [ -78.998044991809834, 34.613043000285636 ], [ -78.99993199118741, 34.613679999962422 ], [ -78.999927991687827, 34.606104999664367 ], [ -78.992363991663169, 34.590721000130159 ], [ -78.98972099110847, 34.586506999824522 ], [ -78.986184991585617, 34.583156999829427 ], [ -78.984528991208578, 34.578880999787444 ] ] ] } },
{ "type": "Feature", "properties": { "county": null, "precinct": null, "enr_desc": "Lumberton  7", "winner": null, "winner_votes": null, "winner_share": null, "runner_up": null, "runner_up_votes": null, "runner_up_share": null, "contest_votes": null, "margin_of_victory": null, "is_tie": false, "results": null, "participated": false, "map_key": null }, "geometry": { "type": "Polygon", "coordinates": [ [ [ -79.056185991062165, 34.603849999637703 ], [ -79.058493991017158, 34.605581999666171 ], [ -79.063582991666706, 34.603964999716467 ], [ -79.068744991000088, 34.605727999872478 ], [ -79.071796991513509, 34.621393000266075 ], [ -79.069891990954488, 34.620991999901285 ], [ -79.070261990900136, 34.620259999916016 ], [ -79.069671991449596, 34.619982999750164 ], [ -79.067385991592516, 34.621721000073258 ], [ -79.068595991405118, 34.622428000141753 ], [ -79.065896991549991, 34.622299000425123 ], [ -79.066269991443008, 34.623028000047761 ], [ -79.064398991073332, 34.623965000082976 ], [ -79.064633991210997, 34.624650999631996 ], [ -79.063433991524846, 34.623388999573955 ], [ -79.062393991541128, 34.623806999607709 ], [ -79.062583991808083, 34.624704999971684 ], [ -79.061733990830447, 34.624070999885582 ], [ -79.059874991671862, 34.624839000068377 ], [ -79.058898991570842, 34.624253999570186 ], [ -79.058803990841824, 34.624992000080738 ], [ -79.055660991458993, 34.623454000083548 ], [ -79.055717990915412, 34.624412000088775 ], [ -79.05457799139549, 34.624858999880139 ], [ -79.055144990865301, 34.625747000188468 ], [ -79.053248991239172, 34.625549999926577 ], [ -79.053411991549453, 34.626664999928103 ], [ -79.051238991714968, 34.62594899955424 ], [ -79.051065991428928, 34.627156000427611 ], [ -79.051860990909077, 34.62749599966002 ], [ -79.050412991355614, 34.627463000185067 ], [ -79.051219991058659, 34.630010000204159 ], [ -79.048878991677853, 34.630715000045669 ], [ -79.050252990882058, 34.631625999811305 ], [ -79.049788991642004, 34.633064999913287 ], [ -79.049069990904741, 34.633038999957783 ], [ -79.049581991769927, 34.634649999568232 ], [ -79.047728990780371, 34.634497999965127 ], [ -79.046894991792939, 34.635504000365913 ], [ -79.046476990863866, 34.634863000191288 ], [ -79.043909991714273, 34.63479600018637 ], [ -79.042353991762909, 34.635458999754007 ], [ -79.040739991349156, 34.634124999856589 ], [ -79.033527991385398, 34.632520999847642 ], [ -79.031631990800477, 34.632102999727906 ], [ -79.030590991502137, 34.632844000018267 ], [ -79.02847699148812, 34.631402999643932 ], [ -79.02743599082936, 34.632528000118121 ], [ -79.027181991340285, 34.631394999610606 ], [ -79.025528990960481, 34.631765000148796 ], [ -79.023248991835473, 34.62971800027821 ], [ -79.023522990789388, 34.627624999830488 ], [ -79.020417990896377, 34.628503999905021 ], [ -79.018561991636076, 34.627980000132418 ], [ -79.017303990800329, 34.624120999696217 ], [ -79.013193991400669, 34.623952999615312 ], [ -79.010838991060936, 34.620203000034721 ], [ -79.018359990883866, 34.621390999618903 ], [ -79.030449990914747, 34.62564299985835 ], [ -79.035371990767928, 34.626064000343689 ], [ -79.02125699079356, 34.621107999637466 ], [ -79.021443991543663, 34.618659000161458 ], [ -79.025913991326973, 34.617632000403276 ], [ -79.024681991731299, 34.615092999684371 ], [ -79.027061991806562, 34.614265999584383 ], [ -79.026057990982821, 34.613968999756828 ], [ -79.056185991062165, 34.603849999637703 ] ] ] } },
{ "type": "Feature", "properties": { "county": null, "precinct": null, "enr_desc": "Lumberton  6", "winner": null, "winner_votes": null, "winner_share": null, "runner_up": null, "runner_up_votes": null, "runner_up_share": null, "contest_votes": null, "margin_of_victory": null, "is_tie": false, "results": null, "participated": false, "map_key": null }, "geometry": { "type": "Polygon", "coordinates": [ [ [ -79.037682991401411, 34.596004999961274 ], [ -79.040570990834723, 34.597283000143754 ], [ -79.04411699146749, 34.597274000083743 ], [ -79.044914991228936, 34.599440999901837 ], [ -79.049339990957066, 34.602837999573694 ], [ -79.054896991292992, 34.602938000280083 ], [ -79.056185991062165, 34.603849999637703 ], [ -79.026057990982821, 34.613968999756828 ], [ -79.027061991806562, 34.614265999584383 ], [ -79.024681991731299, 34.615092999684371 ], [ -79.025913991326973, 34.617632000403276 ], [ -79.021443991543663, 34.618659000161458 ], [ -79.02125699079356, 34.621107999637466 ], [ -79.035371990767928, 34.626064000343689 ], [ -79.030449990914747, 34.62564299985835 ], [ -79.018359990883866, 34.621390999618903 ], [ -79.010838991060936, 34.620203000034721 ], [ -79.011460991373568, 34.618052000422665 ], [ -79.014348990906072, 34.61915699972004 ], [ -79.023943991774416, 34.607108000035581 ], [ -79.026501990830269, 34.604931999836595 ], [ -79.026283990844036, 34.603807999938894 ], [ -79.022401991776405, 34.603339000130958 ], [ -79.022343991310578, 34.602272000180925 ], [ -79.027166991407952, 34.5958270004488 ], [ -79.034311991711121, 34.596918000385791 ], [ -79.036466991617928, 34.595724000320047 ], [ -79.037682991401411, 34.596004999961274 ] ] ] } },
{ "type": "Feature", "properties": { "county": null, "precinct": null, "enr_desc": "Lumberton  8A", "winner": null, "winner_votes": null, "winner_share": null, "runner_up": null, "runner_up_votes": null, "runner_up_share": null, "contest_votes": null, "margin_of_victory": null, "is_tie": false, "results": null, "participated": false, "map_key": null }, "geometry": { "type": "Polygon", "coordinates": [ [ [ -79.010838991060936, 34.620203000034721 ], [ -79.013193991400669, 34.623952999615312 ], [ -79.017303990800329, 34.624120999696217 ], [ -79.018561991636076, 34.627980000132418 ], [ -79.020417990896377, 34.628503999905021 ], [ -79.023522990789388, 34.627624999830488 ], [ -79.023248991835473, 34.62971800027821 ], [ -79.025528990960481, 34.631765000148796 ], [ -79.027181991340285, 34.631394999610606 ], [ -79.02743599082936, 34.632528000118121 ], [ -79.02847699148812, 34.631402999643932 ], [ -79.030590991502137, 34.632844000018267 ], [ -79.031631990800477, 34.632102999727906 ], [ -79.033527991385398, 34.632520999847642 ], [ -79.033246991182082, 34.634296000253073 ], [ -79.031968991804419, 34.635152000300501 ], [ -79.029204990758913, 34.635356999598748 ], [ -79.025544991703654, 34.634237999599847 ], [ -79.020817991021559, 34.637051000012043 ], [ -79.016153991841279, 34.641752000301693 ], [ -79.01358399114244, 34.646619000334688 ], [ -79.00889999121766, 34.642024000402898 ], [ -79.007907990982346, 34.639983999727058 ], [ -79.008456991638269, 34.624007000108286 ], [ -79.008588991631868, 34.620138999733307 ], [ -79.010838991060936, 34.620203000034721 ] ] ] } },
{ "type": "Feature", "properties": { "county": null, "precinct": null, "enr_desc": "Maxton", "winner": null, "winner_votes": null, "winner_share": null, "runner_up": null, "runner_up_votes": null, "runner_up_share": null, "contest_votes": null, "margin_of_victory": null, "is_tie": false, "results": null, "participated": false, "map_key": null }, "geometry": { "type": "Polygon", "coordinates": [ [ [ -79.272243991797211, 34.68518500033084 ], [ -79.274937991004236, 34.683708999765891 ], [ -79.278296991425336, 34.674709999873336 ], [ -79.282883991642223, 34.68212999965516 ], [ -79.289127990927057, 34.685223000384134 ], [ -79.291384991662198, 34.685444999791883 ], [ -79.293086991298978, 34.684549999835255 ], [ -79.297287990866096, 34.679759999705567 ], [ -79.320985990894073, 34.665512000080938 ], [ -79.329489991352602, 34.66982700011765 ], [ -79.338261991205385, 34.675553999766386 ], [ -79.346837991597596, 34.682795000298377 ], [ -79.351737991405912, 34.684497000192664 ], [ -79.356639991772639, 34.684927000115756 ], [ -79.363276991461419, 34.690180999745763 ], [ -79.371114991792169, 34.684435000422447 ], [ -79.380397991415123, 34.682035999702407 ], [ -79.378930991755865, 34.677203999919698 ], [ -79.384637991111489, 34.657935000103151 ], [ -79.385607991500592, 34.646440999640589 ], [ -79.383403991170937, 34.641660000361618 ], [ -79.402927991683669, 34.631278999640195 ], [ -79.404017991258442, 34.63142700021249 ], [ -79.405533991056487, 34.633349000392897 ], [ -79.410112991203334, 34.635053000138612 ], [ -79.419082991491891, 34.616947999989399 ], [ -79.417663991475351, 34.6149949999527 ], [ -79.416126991666971, 34.6071770003362 ], [ -79.419311991292702, 34.598640999723152 ], [ -79.419308991415662, 34.596242999590558 ], [ -79.461505991205414, 34.630379000237369 ], [ -79.369030991489083, 34.73204000003372 ], [ -79.367403991247656, 34.732769000074192 ], [ -79.366794991688906, 34.734484999953494 ], [ -79.331692991802029, 34.77300800001462 ], [ -79.318397990964399, 34.778548999749063 ], [ -79.317434991681779, 34.772880000275286 ], [ -79.313207991217382, 34.763312999641656 ], [ -79.310211991160358, 34.751430000320298 ], [ -79.307069991661848, 34.743622000030378 ], [ -79.301661991345597, 34.733637000423862 ], [ -79.307338991528567, 34.731171999693551 ], [ -79.310721991769825, 34.724999999952878 ], [ -79.312383990746397, 34.724372999860293 ], [ -79.25130799181666, 34.702639999945298 ], [ -79.252769991436864, 34.699170000458892 ], [ -79.251421990780202, 34.695252999807138 ], [ -79.254887991342628, 34.691082999682422 ], [ -79.262502991017413, 34.690252999811513 ], [ -79.272243991797211, 34.68518500033084 ] ] ] } },
{ "type": "Feature", "properties": { "county": "ROBESON", "precinct": "21", "enr_desc": "Parkton", "winner": "Lance Herndon", "winner_votes": 57.0, "winner_share": 67.058823529411754, "runner_up": "Harold Smith", "runner_up_votes": 28.0, "runner_up_share": 32.941176470588232, "contest_votes": 85.0, "margin_of_victory": 34.117647058823522, "is_tie": false, "results": [ { "candidate": "Lance Herndon", "votes": 57, "share": 67.05882352941175 }, { "candidate": "Harold Smith", "votes": 28, "share": 32.94117647058823 } ], "participated": true, "map_key": "ROBESON_21" }, "geometry": { "type": "Polygon", "coordinates": [ [ [ -79.00826499165224, 34.876964000179697 ], [ -79.011217990865035, 34.877244999726273 ], [ -79.014855991690709, 34.87953599961336 ], [ -79.020134991752712, 34.88141499992966 ], [ -79.030376991321731, 34.883131999778257 ], [ -79.037939991105304, 34.881358000279967 ], [ -79.041766991784712, 34.881489999835068 ], [ -79.040771991538719, 34.884891999876132 ], [ -79.036515990759966, 34.887148000281783 ], [ -79.041062990983065, 34.888875999653003 ], [ -79.043645990758478, 34.890820999714784 ], [ -79.044866991416825, 34.892181999834335 ], [ -79.045065991592068, 34.893985000216738 ], [ -79.04370499166059, 34.895810000127831 ], [ -79.03977099162087, 34.89694100032181 ], [ -79.038115990851253, 34.898448999653766 ], [ -79.037285991161568, 34.900704999864594 ], [ -79.036724991041652, 34.911151999599802 ], [ -79.035893991026796, 34.912707000151585 ], [ -79.042361991764096, 34.914639000412031 ], [ -79.052347990738241, 34.920605000330355 ], [ -79.060204991347703, 34.916243000437596 ], [ -79.05928299105517, 34.925585999554031 ], [ -79.066757991305465, 34.930918999677708 ], [ -79.03874699082543, 34.952715000151542 ], [ -78.954981991574201, 34.913329000049593 ], [ -78.953090990828372, 34.909288000031935 ], [ -78.948531991085019, 34.906402999835464 ], [ -78.940843991621975, 34.9033679997235 ], [ -78.93866499103251, 34.897714000148966 ], [ -78.934975991462267, 34.895302999805217 ], [ -78.926656991176912, 34.886784999929525 ], [ -78.925465991765989, 34.88137700032172 ], [ -78.92232099136433, 34.875482999600571 ], [ -78.921592991669968, 34.870663000214776 ], [ -78.923073991589774, 34.868088000183846 ], [ -78.926291991589068, 34.86636299986769 ], [ -78.927017991750489, 34.863956999751828 ], [ -78.929800990991566, 34.863222999859552 ], [ -78.932764990799427, 34.864859000011791 ], [ -78.933416991301144, 34.862337999637489 ], [ -78.932037991620959, 34.851139000208882 ], [ -78.934285990733642, 34.851113999899781 ], [ -78.94103599119525, 34.852306000357572 ], [ -78.946809990842624, 34.856879000095162 ], [ -78.946321991808702, 34.858544999666051 ], [ -78.94706799110638, 34.860016000016564 ], [ -78.953049991036579, 34.86190999975144 ], [ -78.956222991221651, 34.865913999793911 ], [ -78.958630991194937, 34.864943000005262 ], [ -78.967518991582693, 34.865138999778679 ], [ -78.975020991480079, 34.866810000244932 ], [ -78.975637991320482, 34.86362599962326 ], [ -78.977848990891971, 34.8631190003413 ], [ -78.978773991677215, 34.863478999873443 ], [ -78.980164991727591, 34.866868000405077 ], [ -78.985444990734848, 34.86968199994633 ], [ -78.986973991445126, 34.871696000163354 ], [ -78.996315991166298, 34.876786000439161 ], [ -78.999022991529557, 34.877699999927749 ], [ -79.004812991225464, 34.876598000202513 ], [ -79.00826499165224, 34.876964000179697 ] ] ] } },
{ "type": "Feature", "properties": { "county": null, "precinct": null, "enr_desc": "North Pembroke", "winner": null, "winner_votes": null, "winner_share": null, "runner_up": null, "runner_up_votes": null, "runner_up_share": null, "contest_votes": null, "margin_of_victory": null, "is_tie": false, "results": null, "participated": false, "map_key": null }, "geometry": { "type": "Polygon", "coordinates": [ [ [ -79.223088991651153, 34.69246799980619 ], [ -79.221473990790628, 34.6955279997863 ], [ -79.211124991126994, 34.72784499988655 ], [ -79.207487990868486, 34.730786999815585 ], [ -79.202207991514115, 34.7324279996134 ], [ -79.194747991264123, 34.730358999594422 ], [ -79.177913991360526, 34.723677000367843 ], [ -79.174094991745818, 34.722441999625318 ], [ -79.173659991259584, 34.720219000136012 ], [ -79.17082799107601, 34.718556000442277 ], [ -79.167177991717011, 34.718776999739454 ], [ -79.16612299123733, 34.717712999626819 ], [ -79.157374991675454, 34.702875999825736 ], [ -79.156331991183364, 34.698260000378255 ], [ -79.1520739917665, 34.693147999971906 ], [ -79.148341991789223, 34.681671999673831 ], [ -79.143493991797328, 34.675214000257107 ], [ -79.142847991394191, 34.670663000028398 ], [ -79.152650991276531, 34.667295999724651 ], [ -79.223088991651153, 34.69246799980619 ] ] ] } },
{ "type": "Feature", "properties": { "county": null, "precinct": null, "enr_desc": "Sterlings", "winner": null, "winner_votes": null, "winner_share": null, "runner_up": null, "runner_up_votes": null, "runner_up_share": null, "contest_votes": null, "margin_of_victory": null, "is_tie": false, "results": null, "participated": false, "map_key": null }, "geometry": { "type": "Polygon", "coordinates": [ [ [ -79.108760991500816, 34.330934999813039 ], [ -79.086165991344203, 34.343955000097942 ], [ -79.082041991159201, 34.347890999884548 ], [ -79.078349991228649, 34.355408999854355 ], [ -79.074429991596205, 34.358845000386616 ], [ -79.07661199165878, 34.364019000129815 ], [ -79.0804229914243, 34.369079999999677 ], [ -79.08652699087979, 34.37166600028894 ], [ -79.091498991524404, 34.372019999830812 ], [ -79.094910991277644, 34.375164000293921 ], [ -79.097303991454027, 34.37933000029367 ], [ -79.10184299120634, 34.383812999956298 ], [ -79.103331991797745, 34.386308000288764 ], [ -79.103911991666763, 34.393319999975652 ], [ -79.104795991004679, 34.395173999752942 ], [ -79.108001991275913, 34.39766899969365 ], [ -79.109965991007229, 34.401126000058944 ], [ -79.112674991223741, 34.403666999587642 ], [ -79.112565990868262, 34.405773000269441 ], [ -79.110023991182942, 34.407904000106988 ], [ -79.111766991415223, 34.41058199972727 ], [ -79.110440991131739, 34.412322999817903 ], [ -79.112488991561506, 34.417337000026919 ], [ -79.112614991812634, 34.420948000450224 ], [ -79.110857991490761, 34.422619000063911 ], [ -79.108707991628592, 34.427437000305339 ], [ -79.10807599152669, 34.433939999963499 ], [ -79.108630991703166, 34.43748900029702 ], [ -79.104569991707862, 34.441657999754113 ], [ -79.101256991708794, 34.449879999940713 ], [ -79.094348991777096, 34.45663699963292 ], [ -79.093657991050208, 34.457736000283639 ], [ -79.094017991430974, 34.459659000271131 ], [ -79.092442991261748, 34.462980000399853 ], [ -79.083902991283836, 34.473080000412722 ], [ -79.08245899167089, 34.478389000155289 ], [ -79.07563599158189, 34.474724000047956 ], [ -79.078645991221265, 34.464382000077919 ], [ -79.082327991381575, 34.457065999560129 ], [ -79.07513299150726, 34.451119000226491 ], [ -79.067374991218131, 34.462111000309505 ], [ -79.062636991376166, 34.466024999620274 ], [ -79.052002990934994, 34.451968000000157 ], [ -79.040581991567251, 34.442897999657617 ], [ -79.040043991753663, 34.438965999997272 ], [ -79.038789991423869, 34.437026999614972 ], [ -79.035682991383567, 34.43763000013292 ], [ -79.033145991031319, 34.420478000149146 ], [ -79.023341991695489, 34.412417000172795 ], [ -79.007471991698338, 34.39261400042809 ], [ -79.002797991825489, 34.389928000119838 ], [ -79.003259991086949, 34.388430999912018 ], [ -79.008705991153548, 34.387228000284608 ], [ -79.00720999103973, 34.38639999977984 ], [ -79.007514991175583, 34.384798000413433 ], [ -79.006125991710761, 34.383712000353704 ], [ -79.007134991611565, 34.383053999600769 ], [ -79.006766991584996, 34.381535000203286 ], [ -79.008764991097109, 34.382312999826048 ], [ -79.011688991370136, 34.380451000382536 ], [ -79.009592990785535, 34.380034000238965 ], [ -79.010042991398976, 34.379163999857703 ], [ -79.00943099093324, 34.378092999732843 ], [ -79.010223990860936, 34.37695199983051 ], [ -79.008762991259076, 34.37774599981433 ], [ -79.007591991405263, 34.377020000056405 ], [ -79.006668990892294, 34.373943000141445 ], [ -79.00740799167103, 34.372500999948656 ], [ -79.006594990997684, 34.372139999644411 ], [ -79.005627991437791, 34.372895000280394 ], [ -79.004528991457178, 34.370900999608146 ], [ -79.004919991338312, 34.36970400032223 ], [ -79.002892991604639, 34.368892000009737 ], [ -79.002827991058126, 34.364550000322517 ], [ -79.00204699142401, 34.364379999707772 ], [ -79.001656991429741, 34.365626999742659 ], [ -79.000807991315469, 34.364452999631389 ], [ -79.004055991863368, 34.362785000325438 ], [ -79.003821991810511, 34.361231000158028 ], [ -79.004982991422537, 34.361829999651022 ], [ -79.008064991243884, 34.361449000239922 ], [ -79.005567991836784, 34.359434000048438 ], [ -79.007371991147394, 34.358494999854955 ], [ -79.007927991249531, 34.356803000266268 ], [ -79.009527990980487, 34.356454999816123 ], [ -79.009273991296041, 34.355192000371559 ], [ -79.010705991610038, 34.355215000324556 ], [ -79.009107990940521, 34.353670000170283 ], [ -79.009536990857896, 34.352584999872157 ], [ -79.010638991647895, 34.352998000393953 ], [ -79.011321991701664, 34.351897000235802 ], [ -79.016773991019477, 34.351799000065348 ], [ -79.016470991590111, 34.350464000211581 ], [ -79.017172991593497, 34.350019000297976 ], [ -79.018664991392939, 34.350634000050384 ], [ -79.017884991087342, 34.351394999591861 ], [ -79.018518991584301, 34.35215500029674 ], [ -79.021854991436925, 34.351684999726992 ], [ -79.022000990827095, 34.353214999828666 ], [ -79.023678991190522, 34.352170999846173 ], [ -79.025872991124018, 34.353384000211044 ], [ -79.027247991823913, 34.352897999730637 ], [ -79.027003991837816, 34.351869999790758 ], [ -79.024965991279842, 34.351669000208958 ], [ -79.02591099132232, 34.349879000247164 ], [ -79.025061991388583, 34.348155000365438 ], [ -79.025802991110282, 34.347880000352667 ], [ -79.026817991558872, 34.348859000443753 ], [ -79.028503990791151, 34.346827000042133 ], [ -79.030424990932303, 34.346827000400978 ], [ -79.030336991086827, 34.346073999977769 ], [ -79.028737991805286, 34.345491000449599 ], [ -79.028716991052548, 34.342747000152578 ], [ -79.032247991799395, 34.342738000069751 ], [ -79.031983991462226, 34.341273000333167 ], [ -79.030442991422674, 34.340123999686895 ], [ -79.034458991243454, 34.338422999764376 ], [ -79.033571991715647, 34.337161000270804 ], [ -79.035647990812151, 34.336722999586947 ], [ -79.035003991039048, 34.333874000216476 ], [ -79.035665991606677, 34.333509000087084 ], [ -79.036604991757656, 34.334286999600124 ], [ -79.037148990902139, 34.333508999634901 ], [ -79.037098991323617, 34.332019000240471 ], [ -79.034758991380343, 34.329886000316804 ], [ -79.036463990926237, 34.328822000304839 ], [ -79.034912991446177, 34.327187999884231 ], [ -79.03644399186507, 34.32696899988882 ], [ -79.036920991790481, 34.326054000395104 ], [ -79.033829991145197, 34.324784000264366 ], [ -79.034871991349675, 34.32320499999318 ], [ -79.034286991139766, 34.321829000376262 ], [ -79.035377991206303, 34.319295000217572 ], [ -79.036751991362891, 34.319844999608719 ], [ -79.0360799915548, 34.320994999814495 ], [ -79.036547991000234, 34.321310000213273 ], [ -79.039091991509508, 34.319876999727136 ], [ -79.038545991192208, 34.318273999630797 ], [ -79.040328991737539, 34.317440000226632 ], [ -79.037218991872905, 34.316452999832023 ], [ -79.038596991223031, 34.313041000084652 ], [ -79.04555999169888, 34.310727000205389 ], [ -79.04945999101767, 34.311891000152265 ], [ -79.050397991877333, 34.314530000363909 ], [ -79.052880991171904, 34.31463500041454 ], [ -79.055835990965249, 34.313183999888068 ], [ -79.057559991616486, 34.310852000287404 ], [ -79.057188991100688, 34.309653999584178 ], [ -79.054965991151434, 34.309767999755039 ], [ -79.054780990973498, 34.308959000149123 ], [ -79.058386991838134, 34.308875999996133 ], [ -79.060900991639684, 34.306713999819898 ], [ -79.061690990947156, 34.307223000424536 ], [ -79.061622991091284, 34.308275999817191 ], [ -79.063750991624843, 34.30753600038679 ], [ -79.065258991283201, 34.308686999827117 ], [ -79.066651991560803, 34.306977999844392 ], [ -79.068357991182239, 34.306977000198351 ], [ -79.068307991387982, 34.305551999597164 ], [ -79.069554991042637, 34.305640000146326 ], [ -79.069632991775094, 34.305016999994372 ], [ -79.067174991526556, 34.303626000356978 ], [ -79.070352991699238, 34.303470999558698 ], [ -79.068878991257677, 34.301180999643364 ], [ -79.071210991036637, 34.299341999951949 ], [ -79.108760991500816, 34.330934999813039 ] ] ] } },
{ "type": "Feature", "properties": { "county": null, "precinct": null, "enr_desc": "South Pembroke", "winner": null, "winner_votes": null, "winner_share": null, "runner_up": null, "runner_up_votes": null, "runner_up_share": null, "contest_votes": null, "margin_of_victory": null, "is_tie": false, "results": null, "participated": false, "map_key": null }, "geometry": { "type": "Polygon", "coordinates": [ [ [ -79.192583991525524, 34.620297000434071 ], [ -79.19383299125532, 34.620271999808608 ], [ -79.205016991316285, 34.625607000112915 ], [ -79.209094991521013, 34.622898000250451 ], [ -79.213929991785037, 34.624519000333173 ], [ -79.218894990784818, 34.628321000197779 ], [ -79.221889991199674, 34.634274000243295 ], [ -79.231200991424899, 34.64111800014669 ], [ -79.232975991131525, 34.643818999932599 ], [ -79.234804990866763, 34.644505999952173 ], [ -79.239048991429669, 34.650640999998089 ], [ -79.242599990978306, 34.651510999891038 ], [ -79.248811991265313, 34.655720999924448 ], [ -79.255786990780919, 34.66261299994607 ], [ -79.255561991715325, 34.666963999639577 ], [ -79.259160991789159, 34.670379000093618 ], [ -79.259719990893785, 34.672759000336484 ], [ -79.262550991486677, 34.677166000196976 ], [ -79.267488991413046, 34.679796000316529 ], [ -79.272243991797211, 34.68518500033084 ], [ -79.262502991017413, 34.690252999811513 ], [ -79.254887991342628, 34.691082999682422 ], [ -79.251421990780202, 34.695252999807138 ], [ -79.252769991436864, 34.699170000458892 ], [ -79.25130799181666, 34.702639999945298 ], [ -79.223088991651153, 34.69246799980619 ], [ -79.152650991276531, 34.667295999724651 ], [ -79.156702990930697, 34.665990000293291 ], [ -79.152845991098857, 34.661282000263697 ], [ -79.148382991779641, 34.656759999563917 ], [ -79.142730991615238, 34.652751000054288 ], [ -79.131899991557489, 34.648852999734956 ], [ -79.1294349917018, 34.646790999845209 ], [ -79.128324991586496, 34.64396899973255 ], [ -79.123647991445495, 34.640434000189678 ], [ -79.120608991371043, 34.634133000347049 ], [ -79.118424990890361, 34.63215800027632 ], [ -79.126912991785005, 34.628005000305272 ], [ -79.13058499114203, 34.624456999906805 ], [ -79.136539991574239, 34.622533999582579 ], [ -79.137909991053704, 34.623140999666909 ], [ -79.137247991480677, 34.62383199975622 ], [ -79.138291991429909, 34.623679000022136 ], [ -79.138625991416646, 34.624551000426116 ], [ -79.139791991672197, 34.623585999760344 ], [ -79.140940991106049, 34.624917999711741 ], [ -79.14070999106589, 34.626074999605706 ], [ -79.142452991387714, 34.624732999910343 ], [ -79.143857991059576, 34.626659999812702 ], [ -79.145205991388536, 34.626362999614386 ], [ -79.14658499121937, 34.627519000010068 ], [ -79.148171990970113, 34.62781200026987 ], [ -79.148746990770817, 34.626622999592918 ], [ -79.149326991001544, 34.628251000025877 ], [ -79.149048991251135, 34.626688999997931 ], [ -79.154138990843194, 34.625383999624646 ], [ -79.155726991718169, 34.626062000360804 ], [ -79.155134990839244, 34.625567000227768 ], [ -79.156294991001971, 34.624355000383481 ], [ -79.156003991309873, 34.625223999846902 ], [ -79.157196991005264, 34.625643000016403 ], [ -79.1567189913617, 34.626506000279335 ], [ -79.157849991162777, 34.626221000339257 ], [ -79.15676999104204, 34.627480999649201 ], [ -79.157629991540475, 34.627246000047386 ], [ -79.158049991115746, 34.627986999833432 ], [ -79.159018991058218, 34.627041000116385 ], [ -79.161194991436403, 34.627716000356536 ], [ -79.15996299085127, 34.628552999889862 ], [ -79.161260991808078, 34.629307000046424 ], [ -79.161535991219807, 34.630603999643952 ], [ -79.160846991610228, 34.63104899966099 ], [ -79.161806991218256, 34.632375000167514 ], [ -79.162761991207702, 34.632396000249955 ], [ -79.162478990859654, 34.631102999735305 ], [ -79.164216991722071, 34.631324999786642 ], [ -79.165254991445195, 34.63409400023766 ], [ -79.16588899101049, 34.63335700033759 ], [ -79.167529990867607, 34.634956999701238 ], [ -79.16973099163809, 34.63554000014836 ], [ -79.169927990755681, 34.636352999882916 ], [ -79.172760990817181, 34.635789999944109 ], [ -79.171737990907758, 34.637665000170507 ], [ -79.172399991149291, 34.637283000369457 ], [ -79.174429991602437, 34.638642000121877 ], [ -79.175286991130591, 34.640934999692433 ], [ -79.175805991412787, 34.640324999682093 ], [ -79.176402991587807, 34.641058000329039 ], [ -79.177421991297322, 34.640817000057453 ], [ -79.177593991034186, 34.642361999991394 ], [ -79.1799529914218, 34.641750999902328 ], [ -79.182660991430296, 34.637900000141229 ], [ -79.184770991261217, 34.632168999969203 ], [ -79.185248990792104, 34.627234000020799 ], [ -79.191974991329303, 34.621629999827647 ], [ -79.192583991525524, 34.620297000434071 ] ] ] } },
{ "type": "Feature", "properties": { "county": null, "precinct": null, "enr_desc": "Philadelphus", "winner": null, "winner_votes": null, "winner_share": null, "runner_up": null, "runner_up_votes": null, "runner_up_share": null, "contest_votes": null, "margin_of_victory": null, "is_tie": false, "results": null, "participated": false, "map_key": null }, "geometry": { "type": "Polygon", "coordinates": [ [ [ -79.177913991360526, 34.723677000367843 ], [ -79.194747991264123, 34.730358999594422 ], [ -79.202207991514115, 34.7324279996134 ], [ -79.207487990868486, 34.730786999815585 ], [ -79.211124991126994, 34.72784499988655 ], [ -79.213786990948094, 34.751758000399676 ], [ -79.213363991346682, 34.756580000333848 ], [ -79.211751991658815, 34.760217999686432 ], [ -79.197498990961535, 34.782056000170499 ], [ -79.194676991735065, 34.785166999588348 ], [ -79.190689991126192, 34.78992699980212 ], [ -79.189601991404587, 34.789107999669433 ], [ -79.185030990940632, 34.793808000205097 ], [ -79.177504991195747, 34.796090000013415 ], [ -79.17312399143394, 34.795789999868148 ], [ -79.169911990952727, 34.796628999703003 ], [ -79.166336991025091, 34.782618999800427 ], [ -79.157679991358449, 34.776453999647835 ], [ -79.156102991180234, 34.777988999598762 ], [ -79.155075990961691, 34.781974999740818 ], [ -79.153328991566426, 34.784016000084378 ], [ -79.152360991557231, 34.788539000330978 ], [ -79.150646990836805, 34.786535999937477 ], [ -79.144268991361287, 34.784002000235873 ], [ -79.137597991714244, 34.780151000073737 ], [ -79.129032991240578, 34.7853880003019 ], [ -79.129114991080698, 34.788918000186754 ], [ -79.122286990876674, 34.784646999616541 ], [ -79.107308991312706, 34.772311999912823 ], [ -79.099313990958962, 34.769597999577833 ], [ -79.092899990769453, 34.769990000234934 ], [ -79.091194990955827, 34.76656099970586 ], [ -79.088086991570719, 34.765003999785812 ], [ -79.088113991767628, 34.763837000121335 ], [ -79.086615991122954, 34.762805999825879 ], [ -79.088056991186107, 34.757792000300704 ], [ -79.086724991375462, 34.755708 ], [ -79.087638991547337, 34.75341799989306 ], [ -79.086223991145829, 34.751450000132003 ], [ -79.086540990881275, 34.750162000162476 ], [ -79.085330990840006, 34.746362999941844 ], [ -79.08427599138885, 34.746018999770193 ], [ -79.08344399154376, 34.744050000180081 ], [ -79.082528990761176, 34.743982000262243 ], [ -79.082421991277585, 34.741380000410977 ], [ -79.090959991547336, 34.741484999854464 ], [ -79.100279991298464, 34.745306000029764 ], [ -79.100879990911963, 34.756846000341703 ], [ -79.104694990881057, 34.761272999885378 ], [ -79.113418990937362, 34.748945000301802 ], [ -79.120854990835227, 34.735662999591888 ], [ -79.123935991542851, 34.734062999828062 ], [ -79.134242991538869, 34.731140999982536 ], [ -79.141875991143792, 34.73496899965366 ], [ -79.157990991125004, 34.715597000423152 ], [ -79.162164990850954, 34.723705999585547 ], [ -79.163586990902346, 34.729237000030537 ], [ -79.169643990929856, 34.734227999632935 ], [ -79.171289990772763, 34.738576000427052 ], [ -79.175718990905807, 34.742366999841956 ], [ -79.17611499166901, 34.740411000057243 ], [ -79.174062991742417, 34.735316000221111 ], [ -79.177913991360526, 34.723677000367843 ] ] ] } },
{ "type": "Feature", "properties": { "county": null, "precinct": null, "enr_desc": "Raft Swamp", "winner": null, "winner_votes": null, "winner_share": null, "runner_up": null, "runner_up_votes": null, "runner_up_share": null, "contest_votes": null, "margin_of_victory": null, "is_tie": false, "results": null, "participated": false, "map_key": null }, "geometry": { "type": "Polygon", "coordinates": [ [ [ -79.071796991513509, 34.621393000266075 ], [ -79.072631991299787, 34.621289000443824 ], [ -79.071794991813618, 34.620177999559147 ], [ -79.073408991468298, 34.620656999755873 ], [ -79.073277991212095, 34.619950000417326 ], [ -79.074287991291541, 34.619403000170848 ], [ -79.07273699107138, 34.618846000186288 ], [ -79.073087991248343, 34.618100000014586 ], [ -79.075121991650889, 34.619043999620587 ], [ -79.075433990818055, 34.617600000434635 ], [ -79.077597990847934, 34.617995000453895 ], [ -79.080180990792897, 34.61682599998273 ], [ -79.081273991342854, 34.61732500026519 ], [ -79.08125299146613, 34.616324999759691 ], [ -79.08239599140866, 34.61664299957625 ], [ -79.082644991636442, 34.615891000444876 ], [ -79.08318199142839, 34.616752999649115 ], [ -79.084056991066035, 34.616326000380646 ], [ -79.086320991721792, 34.618842000456524 ], [ -79.086829991367253, 34.622357000201525 ], [ -79.090954991411365, 34.624303000353976 ], [ -79.095170991274543, 34.623771000174209 ], [ -79.099644990915579, 34.624522000339098 ], [ -79.108003991744241, 34.62228500006011 ], [ -79.110613991239305, 34.622961000106365 ], [ -79.114820991790225, 34.625199000405779 ], [ -79.116094991151158, 34.627087999712771 ], [ -79.116151991258405, 34.629419999986673 ], [ -79.118424990890361, 34.63215800027632 ], [ -79.120608991371043, 34.634133000347049 ], [ -79.123647991445495, 34.640434000189678 ], [ -79.128324991586496, 34.64396899973255 ], [ -79.1294349917018, 34.646790999845209 ], [ -79.131899991557489, 34.648852999734956 ], [ -79.142730991615238, 34.652751000054288 ], [ -79.148382991779641, 34.656759999563917 ], [ -79.152845991098857, 34.661282000263697 ], [ -79.156702990930697, 34.665990000293291 ], [ -79.152650991276531, 34.667295999724651 ], [ -79.142847991394191, 34.670663000028398 ], [ -79.136250991248644, 34.675966999975032 ], [ -79.123204991245075, 34.678545999926648 ], [ -79.115933991617254, 34.681997999703214 ], [ -79.105246990879692, 34.683081000413551 ], [ -79.100379990987022, 34.684659999565177 ], [ -79.086229991133678, 34.69476499978046 ], [ -79.08321999106181, 34.708870999973328 ], [ -79.075199991170251, 34.708453999555431 ], [ -79.074620990924913, 34.707296000195726 ], [ -79.076754991112097, 34.70344999997539 ], [ -79.078556991107476, 34.701872000346512 ], [ -79.078527990994701, 34.700199999687769 ], [ -79.080468990967589, 34.698827000015214 ], [ -79.080106991465783, 34.689968000424308 ], [ -79.081006990983724, 34.687933000096301 ], [ -79.079662991730885, 34.686167000436257 ], [ -79.079772991436641, 34.684725000013664 ], [ -79.079107991130087, 34.684609999621507 ], [ -79.07996699092655, 34.682205999936258 ], [ -79.077582991518511, 34.680306000236705 ], [ -79.077887991162271, 34.67968699965818 ], [ -79.076279990908333, 34.677214999720903 ], [ -79.065996991480731, 34.673230999679589 ], [ -79.066882990880472, 34.670752000263604 ], [ -79.065219991147984, 34.669145000211273 ], [ -79.066215991266901, 34.666348999822709 ], [ -79.065162990951634, 34.666081000259716 ], [ -79.064607991159946, 34.664672000108162 ], [ -79.067047991718027, 34.660036000011999 ], [ -79.066716991565258, 34.657249000268138 ], [ -79.069542991013719, 34.655943000154942 ], [ -79.069847991206899, 34.653378999752569 ], [ -79.069265991318417, 34.652668999787181 ], [ -79.070401991537821, 34.651936000412043 ], [ -79.068766990886445, 34.65056300024434 ], [ -79.06934899111728, 34.648914000397873 ], [ -79.068628991324246, 34.648547999683487 ], [ -79.068711991770641, 34.646784000374069 ], [ -79.070899990919415, 34.644745999927714 ], [ -79.06765899102902, 34.644426000004174 ], [ -79.06660599116961, 34.642755000106412 ], [ -79.064610991724834, 34.641976000282256 ], [ -79.064361991658615, 34.640853999664422 ], [ -79.056660991593517, 34.638792999725737 ], [ -79.055358990841839, 34.637029999886387 ], [ -79.049581991769927, 34.634649999568232 ], [ -79.049069990904741, 34.633038999957783 ], [ -79.049788991642004, 34.633064999913287 ], [ -79.050252990882058, 34.631625999811305 ], [ -79.048878991677853, 34.630715000045669 ], [ -79.051219991058659, 34.630010000204159 ], [ -79.050412991355614, 34.627463000185067 ], [ -79.051860990909077, 34.62749599966002 ], [ -79.051065991428928, 34.627156000427611 ], [ -79.051238991714968, 34.62594899955424 ], [ -79.053411991549453, 34.626664999928103 ], [ -79.053248991239172, 34.625549999926577 ], [ -79.055144990865301, 34.625747000188468 ], [ -79.05457799139549, 34.624858999880139 ], [ -79.055717990915412, 34.624412000088775 ], [ -79.055660991458993, 34.623454000083548 ], [ -79.058803990841824, 34.624992000080738 ], [ -79.058898991570842, 34.624253999570186 ], [ -79.059874991671862, 34.624839000068377 ], [ -79.061733990830447, 34.624070999885582 ], [ -79.062583991808083, 34.624704999971684 ], [ -79.062393991541128, 34.623806999607709 ], [ -79.063433991524846, 34.623388999573955 ], [ -79.064633991210997, 34.624650999631996 ], [ -79.064398991073332, 34.623965000082976 ], [ -79.066269991443008, 34.623028000047761 ], [ -79.065896991549991, 34.622299000425123 ], [ -79.068595991405118, 34.622428000141753 ], [ -79.067385991592516, 34.621721000073258 ], [ -79.069671991449596, 34.619982999750164 ], [ -79.070261990900136, 34.620259999916016 ], [ -79.069891990954488, 34.620991999901285 ], [ -79.071796991513509, 34.621393000266075 ] ] ] } },
{ "type": "Feature", "properties": { "county": null, "precinct": null, "enr_desc": "Red Springs", "winner": null, "winner_votes": null, "winner_share": null, "runner_up": null, "runner_up_votes": null, "runner_up_share": null, "contest_votes": null, "margin_of_victory": null, "is_tie": false, "results": null, "participated": false, "map_key": null }, "geometry": { "type": "Polygon", "coordinates": [ [ [ -79.128213990849332, 34.817309999820004 ], [ -79.124755990886996, 34.813521999934657 ], [ -79.120774991390988, 34.811362000189007 ], [ -79.113762990810628, 34.804648000025487 ], [ -79.123183991231912, 34.794049000356623 ], [ -79.127101991182315, 34.794714999880732 ], [ -79.129114991080698, 34.788918000186754 ], [ -79.129032991240578, 34.7853880003019 ], [ -79.137597991714244, 34.780151000073737 ], [ -79.144268991361287, 34.784002000235873 ], [ -79.150646990836805, 34.786535999937477 ], [ -79.152360991557231, 34.788539000330978 ], [ -79.153328991566426, 34.784016000084378 ], [ -79.155075990961691, 34.781974999740818 ], [ -79.156102991180234, 34.777988999598762 ], [ -79.157679991358449, 34.776453999647835 ], [ -79.166336991025091, 34.782618999800427 ], [ -79.169911990952727, 34.796628999703003 ], [ -79.17312399143394, 34.795789999868148 ], [ -79.177504991195747, 34.796090000013415 ], [ -79.185030990940632, 34.793808000205097 ], [ -79.189601991404587, 34.789107999669433 ], [ -79.190689991126192, 34.78992699980212 ], [ -79.194676991735065, 34.785166999588348 ], [ -79.195890991173968, 34.787308000255528 ], [ -79.199636991183468, 34.790328999798689 ], [ -79.20146899110587, 34.790902000081054 ], [ -79.204196990895099, 34.790459999985018 ], [ -79.206741991477784, 34.792126000251017 ], [ -79.215961991082494, 34.794952000280283 ], [ -79.220069991008017, 34.798226999615586 ], [ -79.22131799106451, 34.798684000293079 ], [ -79.223566991601686, 34.797789999818946 ], [ -79.228674991353174, 34.801568000189128 ], [ -79.226366990802873, 34.811044999908518 ], [ -79.228487991491903, 34.818077000449641 ], [ -79.228490990999376, 34.822522000128856 ], [ -79.231062991549337, 34.829826999915554 ], [ -79.23009299111223, 34.832900999735777 ], [ -79.231687991502341, 34.83498000035403 ], [ -79.191390990960315, 34.833717000299934 ], [ -79.166705991475524, 34.853006999828494 ], [ -79.162805991384658, 34.85015399992016 ], [ -79.15932199173821, 34.846109000034055 ], [ -79.157379990849222, 34.842245999624446 ], [ -79.152270990855087, 34.836663000049697 ], [ -79.152906991794097, 34.836226000443226 ], [ -79.149490991822248, 34.831906000291752 ], [ -79.147299991279198, 34.826731000448426 ], [ -79.143524990964821, 34.825309999678851 ], [ -79.140249991459783, 34.822858000414222 ], [ -79.131542991045023, 34.821124999731417 ], [ -79.130732990768792, 34.819266000238507 ], [ -79.128213990849332, 34.817309999820004 ] ] ] } },
{ "type": "Feature", "properties": { "county": "ROBESON", "precinct": "28", "enr_desc": "Rennert", "winner": "Harold Smith", "winner_votes": 3.0, "winner_share": 75.0, "runner_up": "Lance Herndon", "runner_up_votes": 1.0, "runner_up_share": 25.0, "contest_votes": 4.0, "margin_of_victory": 50.0, "is_tie": false, "results": [ { "candidate": "Harold Smith", "votes": 3, "share": 75.0 }, { "candidate": "Lance Herndon", "votes": 1, "share": 25.0 } ], "participated": true, "map_key": "ROBESON_28" }, "geometry": { "type": "Polygon", "coordinates": [ [ [ -79.045280990764056, 34.784653000335616 ], [ -79.047081991636901, 34.781729000172071 ], [ -79.050821991712397, 34.779178999881481 ], [ -79.064813991192452, 34.778662000273322 ], [ -79.092899990769453, 34.769990000234934 ], [ -79.099313990958962, 34.769597999577833 ], [ -79.107308991312706, 34.772311999912823 ], [ -79.122286990876674, 34.784646999616541 ], [ -79.129114991080698, 34.788918000186754 ], [ -79.127101991182315, 34.794714999880732 ], [ -79.123183991231912, 34.794049000356623 ], [ -79.113762990810628, 34.804648000025487 ], [ -79.120774991390988, 34.811362000189007 ], [ -79.124755990886996, 34.813521999934657 ], [ -79.128213990849332, 34.817309999820004 ], [ -79.12609099074777, 34.819836000063056 ], [ -79.122981991211532, 34.830061999623403 ], [ -79.116289991567797, 34.829465999748116 ], [ -79.106947991525203, 34.827150000426876 ], [ -79.0996239909623, 34.827019000157712 ], [ -79.09677899084069, 34.827885000126216 ], [ -79.093752991098469, 34.832424999799706 ], [ -79.084828991052433, 34.835777000171497 ], [ -79.093071990863066, 34.850840000191212 ], [ -79.088452990994725, 34.853479000041695 ], [ -79.086831990905637, 34.85080099999302 ], [ -79.078887991772461, 34.845650000377645 ], [ -79.073443991584369, 34.840818999951509 ], [ -79.066334991357564, 34.831088000219538 ], [ -79.065890990927642, 34.829234000172711 ], [ -79.056989991726041, 34.823119000397696 ], [ -79.054114990770358, 34.821752000254435 ], [ -79.041931991333939, 34.819226000205795 ], [ -79.033573991747346, 34.819704000377854 ], [ -79.029271990955053, 34.817893999637676 ], [ -79.016659991742557, 34.815672000350688 ], [ -79.02304499131705, 34.806653999835433 ], [ -79.040836991817926, 34.807654999622564 ], [ -79.037964991298068, 34.800686000344072 ], [ -79.030921990848384, 34.794748999688338 ], [ -79.022591991377382, 34.79099000044247 ], [ -79.027264991053755, 34.789056999644636 ], [ -79.034015991245113, 34.787683999997846 ], [ -79.038599991624451, 34.785198999803043 ], [ -79.045280990764056, 34.784653000335616 ] ] ] } },
{ "type": "Feature", "properties": { "county": null, "precinct": null, "enr_desc": "Rowland", "winner": null, "winner_votes": null, "winner_share": null, "runner_up": null, "runner_up_votes": null, "runner_up_share": null, "contest_votes": null, "margin_of_victory": null, "is_tie": false, "results": null, "participated": false, "map_key": null }, "geometry": { "type": "Polygon", "coordinates": [ [ [ -79.275186991330898, 34.472281999983906 ], [ -79.36540699087864, 34.551649999816128 ], [ -79.364353991174397, 34.551722000442716 ], [ -79.363330991198822, 34.553874999820174 ], [ -79.366017991165037, 34.557904000301193 ], [ -79.365687991368446, 34.561110000060602 ], [ -79.359545991249774, 34.566998000374049 ], [ -79.356667991485196, 34.568076000270622 ], [ -79.355504990927727, 34.567388999753852 ], [ -79.353373990782671, 34.568145000204666 ], [ -79.350604991423552, 34.567917000025332 ], [ -79.347921990944513, 34.573362000408913 ], [ -79.335366991126037, 34.579820000129594 ], [ -79.330948991715502, 34.583106000438924 ], [ -79.327630991493805, 34.584019999820235 ], [ -79.322492991014016, 34.590251999774985 ], [ -79.319517991596484, 34.590982000012247 ], [ -79.31749799114543, 34.593347999875469 ], [ -79.314807991745369, 34.593867999792614 ], [ -79.310152990913579, 34.599731000382448 ], [ -79.305762990818096, 34.599147000417972 ], [ -79.299047991673319, 34.593837000015363 ], [ -79.293397991021919, 34.594898999638161 ], [ -79.288614990891816, 34.596867000296577 ], [ -79.286886990837218, 34.589943999596315 ], [ -79.286898991079212, 34.584728999653109 ], [ -79.291017991753037, 34.584497999817664 ], [ -79.291015991067653, 34.583313000417867 ], [ -79.286922991067129, 34.5787950000514 ], [ -79.286426991328952, 34.577208000040123 ], [ -79.290235991397864, 34.565618999589034 ], [ -79.254152991291207, 34.560720000094832 ], [ -79.251735991471662, 34.551801999907489 ], [ -79.247931991610983, 34.547981999842655 ], [ -79.243817991632866, 34.537115000195925 ], [ -79.242786990777191, 34.53472099974779 ], [ -79.238382991818057, 34.530321000005394 ], [ -79.232385990929487, 34.527230999782269 ], [ -79.230484991064884, 34.525436999732122 ], [ -79.216505991511809, 34.49898099996193 ], [ -79.214112991111861, 34.496527999793706 ], [ -79.221384991764211, 34.490870999790367 ], [ -79.223541990816301, 34.490916000118219 ], [ -79.22926799149009, 34.4931810002643 ], [ -79.234135991563221, 34.493180000105198 ], [ -79.238031991472937, 34.486582999582787 ], [ -79.238333991760072, 34.484226000362433 ], [ -79.241869991081856, 34.482464999829737 ], [ -79.246277991188933, 34.481553999782321 ], [ -79.24780599129457, 34.479923000434191 ], [ -79.248893991234013, 34.477213000027355 ], [ -79.248657991345766, 34.47310599990589 ], [ -79.255134991192094, 34.472509000365065 ], [ -79.264411991556685, 34.475101999967258 ], [ -79.267590991263731, 34.474787000343063 ], [ -79.275186991330898, 34.472281999983906 ] ] ] } },
{ "type": "Feature", "properties": { "county": "ROBESON", "precinct": "30", "enr_desc": "Saddletree", "winner": "Harold Smith", "winner_votes": 1.0, "winner_share": 100.0, "runner_up": "Lance Herndon", "runner_up_votes": 0.0, "runner_up_share": 0.0, "contest_votes": 1.0, "margin_of_victory": 100.0, "is_tie": false, "results": [ { "candidate": "Harold Smith", "votes": 1, "share": 100.0 }, { "candidate": "Lance Herndon", "votes": 0, "share": 0.0 } ], "participated": true, "map_key": "ROBESON_30" }, "geometry": { "type": "Polygon", "coordinates": [ [ [ -79.020374991347651, 34.653424000112679 ], [ -79.050190991172386, 34.683318000130555 ], [ -79.059279990808392, 34.690365999842136 ], [ -79.06717499151604, 34.706987000085128 ], [ -79.070148991626638, 34.708410999985709 ], [ -79.075199991170251, 34.708453999555431 ], [ -79.076338991325457, 34.709752000215822 ], [ -79.076255991254015, 34.71137800034041 ], [ -79.074980991606097, 34.713095000007861 ], [ -79.075840991735745, 34.715567999798139 ], [ -79.075286990784079, 34.718795999656322 ], [ -79.076312991194683, 34.721543999650073 ], [ -79.075785991765088, 34.724978999996452 ], [ -79.076812991066262, 34.728711000276483 ], [ -79.079193990959368, 34.731176000051924 ], [ -79.079808991451713, 34.734801000037123 ], [ -79.081389990894493, 34.736677999782358 ], [ -79.080170991441008, 34.742722999625009 ], [ -79.082528990761176, 34.743982000262243 ], [ -79.08344399154376, 34.744050000180081 ], [ -79.08427599138885, 34.746018999770193 ], [ -79.085330990840006, 34.746362999941844 ], [ -79.086540990881275, 34.750162000162476 ], [ -79.086223991145829, 34.751450000132003 ], [ -79.087638991547337, 34.75341799989306 ], [ -79.086724991375462, 34.755708 ], [ -79.088056991186107, 34.757792000300704 ], [ -79.086615991122954, 34.762805999825879 ], [ -79.088113991767628, 34.763837000121335 ], [ -79.088086991570719, 34.765003999785812 ], [ -79.091194990955827, 34.76656099970586 ], [ -79.092899990769453, 34.769990000234934 ], [ -79.064813991192452, 34.778662000273322 ], [ -79.050821991712397, 34.779178999881481 ], [ -79.047081991636901, 34.781729000172071 ], [ -79.045280990764056, 34.784653000335616 ], [ -79.042490991520694, 34.783724999894439 ], [ -79.035387991367131, 34.770043000160307 ], [ -79.031807991455466, 34.765109999789829 ], [ -79.02676499142332, 34.763591000334301 ], [ -79.025630991501984, 34.761696999910754 ], [ -79.021977991183476, 34.759785000022291 ], [ -79.020972990955343, 34.758241000142426 ], [ -79.009646990789562, 34.75569099997584 ], [ -79.003805991720583, 34.75217199984246 ], [ -79.002362990769683, 34.750163000153933 ], [ -79.001643990905364, 34.744079999656371 ], [ -79.000241990928131, 34.742361999986279 ], [ -78.999287991406746, 34.742936999929256 ], [ -78.998127990745687, 34.737854999698612 ], [ -78.998833991144238, 34.730719000407447 ], [ -78.99490599106305, 34.727808000022506 ], [ -78.991656991062115, 34.726575999863883 ], [ -78.989668991202691, 34.729328999858964 ], [ -78.987304990896888, 34.750233000406809 ], [ -78.982710991063826, 34.750310000128643 ], [ -78.977076991115084, 34.754912000384373 ], [ -78.971607991123918, 34.752044999555515 ], [ -78.970136991630625, 34.7500819995795 ], [ -78.963246990989518, 34.731306999864678 ], [ -78.965423990991795, 34.722722999587369 ], [ -78.969040991140716, 34.714913000439147 ], [ -78.963753991610616, 34.708858000097003 ], [ -78.962568991470221, 34.703719000359264 ], [ -78.982626990779053, 34.697363999918664 ], [ -78.988087991020194, 34.692200000012257 ], [ -78.992723990954858, 34.683269999787669 ], [ -79.023460991834924, 34.680124000058683 ], [ -79.019306990923241, 34.674402000256201 ], [ -79.017090990983831, 34.667385999851298 ], [ -79.017157991650677, 34.662297999957168 ], [ -79.020374991347651, 34.653424000112679 ] ] ] } },
{ "type": "Feature", "properties": { "county": "ROBESON", "precinct": "32A", "enr_desc": "St Pauls", "winner": "Harold Smith", "winner_votes": 62.0, "winner_share": 51.239669421487598, "runner_up": "Lance Herndon", "runner_up_votes": 59.0, "runner_up_share": 48.760330578512395, "contest_votes": 121.0, "margin_of_victory": 2.4793388429752028, "is_tie": false, "results": [ { "candidate": "Harold Smith", "votes": 62, "share": 51.2396694214876 }, { "candidate": "Lance Herndon", "votes": 59, "share": 48.760330578512395 } ], "participated": true, "map_key": "ROBESON_32A" }, "geometry": { "type": "Polygon", "coordinates": [ [ [ -78.970136991630625, 34.7500819995795 ], [ -78.971607991123918, 34.752044999555515 ], [ -78.977076991115084, 34.754912000384373 ], [ -78.982710991063826, 34.750310000128643 ], [ -78.987304990896888, 34.750233000406809 ], [ -78.989668991202691, 34.729328999858964 ], [ -78.991656991062115, 34.726575999863883 ], [ -78.99490599106305, 34.727808000022506 ], [ -78.998833991144238, 34.730719000407447 ], [ -78.998127990745687, 34.737854999698612 ], [ -78.999287991406746, 34.742936999929256 ], [ -79.000241990928131, 34.742361999986279 ], [ -79.001643990905364, 34.744079999656371 ], [ -79.002362990769683, 34.750163000153933 ], [ -79.003805991720583, 34.75217199984246 ], [ -79.009646990789562, 34.75569099997584 ], [ -79.020972990955343, 34.758241000142426 ], [ -79.021977991183476, 34.759785000022291 ], [ -79.025630991501984, 34.761696999910754 ], [ -79.02676499142332, 34.763591000334301 ], [ -79.031807991455466, 34.765109999789829 ], [ -79.035387991367131, 34.770043000160307 ], [ -79.042490991520694, 34.783724999894439 ], [ -79.045280990764056, 34.784653000335616 ], [ -79.038599991624451, 34.785198999803043 ], [ -79.034015991245113, 34.787683999997846 ], [ -79.027264991053755, 34.789056999644636 ], [ -79.022591991377382, 34.79099000044247 ], [ -79.030921990848384, 34.794748999688338 ], [ -79.037964991298068, 34.800686000344072 ], [ -79.040836991817926, 34.807654999622564 ], [ -79.02304499131705, 34.806653999835433 ], [ -79.016659991742557, 34.815672000350688 ], [ -79.029271990955053, 34.817893999637676 ], [ -79.033573991747346, 34.819704000377854 ], [ -79.041931991333939, 34.819226000205795 ], [ -79.054114990770358, 34.821752000254435 ], [ -79.056989991726041, 34.823119000397696 ], [ -79.053274991824679, 34.826417999816002 ], [ -79.062447991713356, 34.83647400023068 ], [ -79.055651990799248, 34.841355999775182 ], [ -79.049634991090016, 34.842399000044693 ], [ -79.04659699082778, 34.849244000338423 ], [ -79.044441991463529, 34.851388999812357 ], [ -79.035846991437197, 34.844265999870096 ], [ -79.034161991194267, 34.849435000348691 ], [ -79.030271991276408, 34.850804000365805 ], [ -79.027930991626718, 34.852845999688149 ], [ -79.025973990922211, 34.857143999717728 ], [ -79.024131991567501, 34.858746999891046 ], [ -79.022157991131536, 34.864169999757692 ], [ -79.00790099165097, 34.873653999735673 ], [ -79.00826499165224, 34.876964000179697 ], [ -79.004812991225464, 34.876598000202513 ], [ -78.999022991529557, 34.877699999927749 ], [ -78.996315991166298, 34.876786000439161 ], [ -78.986973991445126, 34.871696000163354 ], [ -78.985444990734848, 34.86968199994633 ], [ -78.980164991727591, 34.866868000405077 ], [ -78.978773991677215, 34.863478999873443 ], [ -78.977848990891971, 34.8631190003413 ], [ -78.975637991320482, 34.86362599962326 ], [ -78.975020991480079, 34.866810000244932 ], [ -78.967518991582693, 34.865138999778679 ], [ -78.958630991194937, 34.864943000005262 ], [ -78.956222991221651, 34.865913999793911 ], [ -78.953049991036579, 34.86190999975144 ], [ -78.94706799110638, 34.860016000016564 ], [ -78.946321991808702, 34.858544999666051 ], [ -78.946809990842624, 34.856879000095162 ], [ -78.94103599119525, 34.852306000357572 ], [ -78.934285990733642, 34.851113999899781 ], [ -78.932037991620959, 34.851139000208882 ], [ -78.933416991301144, 34.862337999637489 ], [ -78.932764990799427, 34.864859000011791 ], [ -78.929800990991566, 34.863222999859552 ], [ -78.927017991750489, 34.863956999751828 ], [ -78.921546991030382, 34.85765400001344 ], [ -78.921651990788959, 34.856763000115549 ], [ -78.9168569913749, 34.84997199964355 ], [ -78.906168990776678, 34.838333000104953 ], [ -78.904219991621261, 34.834862000377825 ], [ -78.901997991430648, 34.835268000113615 ], [ -78.901711991291023, 34.833537000398529 ], [ -78.900320990820973, 34.832447999983629 ], [ -78.900742991802815, 34.829519999819617 ], [ -78.899793990771045, 34.824783999908824 ], [ -78.895893991265822, 34.820672999946353 ], [ -78.893432991168837, 34.81664499981283 ], [ -78.892835991184484, 34.814193999933202 ], [ -78.891330990820705, 34.81361700023767 ], [ -78.890625991596295, 34.81217200027065 ], [ -78.887914991095329, 34.811999999819086 ], [ -78.887136991119434, 34.810851999858372 ], [ -78.884236991663997, 34.812641000359569 ], [ -78.883338991160215, 34.81212099976532 ], [ -78.884474991425535, 34.810570999833431 ], [ -78.886698991374729, 34.809564000396989 ], [ -78.883912991078432, 34.804607000039866 ], [ -78.884765991012216, 34.802298000049191 ], [ -78.877587991311032, 34.792080000208124 ], [ -78.877881990821663, 34.790212000103551 ], [ -78.877124990810984, 34.788013999813799 ], [ -78.875747990879688, 34.78708399987184 ], [ -78.874751990885159, 34.784934000127407 ], [ -78.873464991733329, 34.784440000234866 ], [ -78.872903991700653, 34.78225100006663 ], [ -78.869995991467675, 34.778692000110276 ], [ -78.870781991678797, 34.776878999767739 ], [ -78.868659990909464, 34.775077000207062 ], [ -78.869396991803868, 34.773775000284736 ], [ -78.87098499107158, 34.774823999757999 ], [ -78.871596991194878, 34.777022000362564 ], [ -78.874323991230312, 34.77940200026503 ], [ -78.882055991585574, 34.78320099999079 ], [ -78.886466991694931, 34.783547000321299 ], [ -78.899691991132372, 34.781967999747387 ], [ -78.905065991479518, 34.782624000073838 ], [ -78.9096549911484, 34.782186999584326 ], [ -78.912342991665753, 34.78290399988807 ], [ -78.916176991067147, 34.781941999801319 ], [ -78.92149399175355, 34.782346999659694 ], [ -78.922644991141667, 34.781959999714971 ], [ -78.916691990813575, 34.768949000214249 ], [ -78.926920990998937, 34.768995000410619 ], [ -78.935023990941147, 34.770274000048033 ], [ -78.943412991336544, 34.771755999668137 ], [ -78.950505990760732, 34.774528000357279 ], [ -78.948689991204105, 34.771788999976437 ], [ -78.950151991594083, 34.765838999650924 ], [ -78.954451991188336, 34.762238999783108 ], [ -78.958237991380528, 34.761966000140767 ], [ -78.958704991326144, 34.75866200038589 ], [ -78.956426991794416, 34.753769999576164 ], [ -78.960843991606765, 34.75144800034986 ], [ -78.970136991630625, 34.7500819995795 ] ] ] } },
{ "type": "Feature", "properties": { "county": null, "precinct": null, "enr_desc": "Shannon", "winner": null, "winner_votes": null, "winner_share": null, "runner_up": null, "runner_up_votes": null, "runner_up_share": null, "contest_votes": null, "margin_of_victory": null, "is_tie": false, "results": null, "participated": false, "map_key": null }, "geometry": { "type": "Polygon", "coordinates": [ [ [ -79.128213990849332, 34.817309999820004 ], [ -79.130732990768792, 34.819266000238507 ], [ -79.131542991045023, 34.821124999731417 ], [ -79.140249991459783, 34.822858000414222 ], [ -79.143524990964821, 34.825309999678851 ], [ -79.147299991279198, 34.826731000448426 ], [ -79.149490991822248, 34.831906000291752 ], [ -79.152906991794097, 34.836226000443226 ], [ -79.152270990855087, 34.836663000049697 ], [ -79.157379990849222, 34.842245999624446 ], [ -79.15932199173821, 34.846109000034055 ], [ -79.162805991384658, 34.85015399992016 ], [ -79.166705991475524, 34.853006999828494 ], [ -79.130759991733314, 34.881052999699918 ], [ -79.121318990833657, 34.868335000114485 ], [ -79.113547991640658, 34.861816000282182 ], [ -79.110472990780025, 34.857902000402852 ], [ -79.10677799156754, 34.860797000418984 ], [ -79.094794991478494, 34.853009000425395 ], [ -79.093071990863066, 34.850840000191212 ], [ -79.084828991052433, 34.835777000171497 ], [ -79.093752991098469, 34.832424999799706 ], [ -79.09677899084069, 34.827885000126216 ], [ -79.0996239909623, 34.827019000157712 ], [ -79.106947991525203, 34.827150000426876 ], [ -79.116289991567797, 34.829465999748116 ], [ -79.122981991211532, 34.830061999623403 ], [ -79.12609099074777, 34.819836000063056 ], [ -79.128213990849332, 34.817309999820004 ] ] ] } },
{ "type": "Feature", "properties": { "county": null, "precinct": null, "enr_desc": "Oxendine", "winner": null, "winner_votes": null, "winner_share": null, "runner_up": null, "runner_up_votes": null, "runner_up_share": null, "contest_votes": null, "margin_of_victory": null, "is_tie": false, "results": null, "participated": false, "map_key": null }, "geometry": { "type": "Polygon", "coordinates": [ [ [ -79.310211991160358, 34.751430000320298 ], [ -79.313207991217382, 34.763312999641656 ], [ -79.317434991681779, 34.772880000275286 ], [ -79.318397990964399, 34.778548999749063 ], [ -79.331692991802029, 34.77300800001462 ], [ -79.330824991410566, 34.774078000080152 ], [ -79.331605990903782, 34.774744000022942 ], [ -79.331129991392132, 34.775340000186922 ], [ -79.332197991054187, 34.775658999881642 ], [ -79.331789990944259, 34.776468000241522 ], [ -79.33313099164215, 34.776434000358044 ], [ -79.331864991504915, 34.777024999664775 ], [ -79.334307991309529, 34.777257999670859 ], [ -79.335251991112841, 34.781148999910677 ], [ -79.336371991691806, 34.78131199979579 ], [ -79.336460990980399, 34.78302099961126 ], [ -79.337232991094496, 34.783359999658629 ], [ -79.336773991215452, 34.783895999893545 ], [ -79.337852991588022, 34.784520999958794 ], [ -79.33717799075211, 34.785524000223141 ], [ -79.338876991504847, 34.785675000153915 ], [ -79.338007991462604, 34.78581099983078 ], [ -79.338299990924455, 34.787767999971948 ], [ -79.33961299171132, 34.78714400039857 ], [ -79.339562990825712, 34.789114000110132 ], [ -79.34175699151848, 34.789083999768138 ], [ -79.341539990889004, 34.790325000412949 ], [ -79.342411990744594, 34.790197000143849 ], [ -79.341909991371082, 34.792142999863337 ], [ -79.344175991131735, 34.792280999979425 ], [ -79.343280990791357, 34.792418999657464 ], [ -79.342962991376382, 34.794092000341593 ], [ -79.344409991076873, 34.795092999662806 ], [ -79.344045991402609, 34.796075999697464 ], [ -79.345446991230432, 34.795882000078237 ], [ -79.345588991244824, 34.797659999963848 ], [ -79.346635991013542, 34.798112000277484 ], [ -79.346467990987691, 34.800392999637438 ], [ -79.348131991603182, 34.800875999592563 ], [ -79.347175991479432, 34.801133000310777 ], [ -79.347566991769554, 34.802004999805817 ], [ -79.346809990980432, 34.802529000379131 ], [ -79.347647991107848, 34.80351499968657 ], [ -79.348595991028688, 34.803201000054507 ], [ -79.348482991114111, 34.803910999783689 ], [ -79.34939999093676, 34.803964999777641 ], [ -79.350189991019548, 34.805233999779091 ], [ -79.348988990853243, 34.80728600028818 ], [ -79.349597990903391, 34.807857999695656 ], [ -79.349146991381133, 34.808725000319193 ], [ -79.350596991569688, 34.809190999742981 ], [ -79.350405991751884, 34.809910999777976 ], [ -79.351760991312219, 34.810833999669633 ], [ -79.350775991775947, 34.811238999925372 ], [ -79.351401991104964, 34.812685999670144 ], [ -79.353520991015913, 34.812457000076492 ], [ -79.352816991639799, 34.813216000467818 ], [ -79.353629991575204, 34.813371000355112 ], [ -79.353083991085441, 34.814280000137906 ], [ -79.354318991303046, 34.814597000474578 ], [ -79.35396699134985, 34.81530500037659 ], [ -79.35551099154857, 34.815304999878471 ], [ -79.354868991552692, 34.816696999645309 ], [ -79.355992991500088, 34.816435999710095 ], [ -79.355889990760176, 34.817773999661128 ], [ -79.357414991640667, 34.818962999657707 ], [ -79.356905990797685, 34.819509000317488 ], [ -79.357662991510978, 34.82069300033497 ], [ -79.356746991596864, 34.821273999988485 ], [ -79.356081990994056, 34.820730000149652 ], [ -79.356104991557388, 34.822062000096572 ], [ -79.355331991276515, 34.821896000338711 ], [ -79.35295899100403, 34.824024999706104 ], [ -79.353558991145547, 34.824958999599239 ], [ -79.352648990974785, 34.825132000116461 ], [ -79.353657990988552, 34.826193000119098 ], [ -79.35219999159051, 34.825889000377913 ], [ -79.35245799088689, 34.826967999601706 ], [ -79.351630991578375, 34.827699999772271 ], [ -79.353059991334135, 34.827588999813258 ], [ -79.353615991507951, 34.828750000283364 ], [ -79.351909991548794, 34.830484000234719 ], [ -79.351984990971744, 34.831662999944768 ], [ -79.351203991435113, 34.832044000310411 ], [ -79.352029991542764, 34.832571000251875 ], [ -79.350940991777307, 34.83290200011087 ], [ -79.351929991262011, 34.833789000330938 ], [ -79.349971991266017, 34.835390999723501 ], [ -79.350526991236507, 34.836264999583683 ], [ -79.349253991780017, 34.837002999872219 ], [ -79.34972599086079, 34.837594000371368 ], [ -79.348831991611036, 34.838854999627451 ], [ -79.231687991502341, 34.83498000035403 ], [ -79.23009299111223, 34.832900999735777 ], [ -79.231062991549337, 34.829826999915554 ], [ -79.228490990999376, 34.822522000128856 ], [ -79.228487991491903, 34.818077000449641 ], [ -79.226366990802873, 34.811044999908518 ], [ -79.228674991353174, 34.801568000189128 ], [ -79.223566991601686, 34.797789999818946 ], [ -79.22131799106451, 34.798684000293079 ], [ -79.220069991008017, 34.798226999615586 ], [ -79.215961991082494, 34.794952000280283 ], [ -79.206741991477784, 34.792126000251017 ], [ -79.204196990895099, 34.790459999985018 ], [ -79.206065990988577, 34.787243000116604 ], [ -79.209399991610908, 34.784918999812703 ], [ -79.214537991700638, 34.77960899968329 ], [ -79.226363990977589, 34.774243999823113 ], [ -79.233189991270464, 34.77401200014382 ], [ -79.24118299117562, 34.768440999750425 ], [ -79.256369991650217, 34.764560000085453 ], [ -79.259749991451287, 34.762546999963625 ], [ -79.267080991627239, 34.760716000005068 ], [ -79.277757991739023, 34.763436999604714 ], [ -79.298672991298261, 34.753988999739349 ], [ -79.310211991160358, 34.751430000320298 ] ] ] } },
{ "type": "Feature", "properties": { "county": null, "precinct": null, "enr_desc": "Prospect", "winner": null, "winner_votes": null, "winner_share": null, "runner_up": null, "runner_up_votes": null, "runner_up_share": null, "contest_votes": null, "margin_of_victory": null, "is_tie": false, "results": null, "participated": false, "map_key": null }, "geometry": { "type": "Polygon", "coordinates": [ [ [ -79.25130799181666, 34.702639999945298 ], [ -79.312383990746397, 34.724372999860293 ], [ -79.310721991769825, 34.724999999952878 ], [ -79.307338991528567, 34.731171999693551 ], [ -79.301661991345597, 34.733637000423862 ], [ -79.307069991661848, 34.743622000030378 ], [ -79.310211991160358, 34.751430000320298 ], [ -79.298672991298261, 34.753988999739349 ], [ -79.277757991739023, 34.763436999604714 ], [ -79.267080991627239, 34.760716000005068 ], [ -79.259749991451287, 34.762546999963625 ], [ -79.256369991650217, 34.764560000085453 ], [ -79.24118299117562, 34.768440999750425 ], [ -79.233189991270464, 34.77401200014382 ], [ -79.226363990977589, 34.774243999823113 ], [ -79.214537991700638, 34.77960899968329 ], [ -79.209399991610908, 34.784918999812703 ], [ -79.206065990988577, 34.787243000116604 ], [ -79.204196990895099, 34.790459999985018 ], [ -79.20146899110587, 34.790902000081054 ], [ -79.199636991183468, 34.790328999798689 ], [ -79.195890991173968, 34.787308000255528 ], [ -79.194676991735065, 34.785166999588348 ], [ -79.197498990961535, 34.782056000170499 ], [ -79.211751991658815, 34.760217999686432 ], [ -79.213363991346682, 34.756580000333848 ], [ -79.213786990948094, 34.751758000399676 ], [ -79.211124991126994, 34.72784499988655 ], [ -79.221473990790628, 34.6955279997863 ], [ -79.223088991651153, 34.69246799980619 ], [ -79.25130799181666, 34.702639999945298 ] ] ] } },
{ "type": "Feature", "properties": { "county": null, "precinct": null, "enr_desc": "Smyrna", "winner": null, "winner_votes": null, "winner_share": null, "runner_up": null, "runner_up_votes": null, "runner_up_share": null, "contest_votes": null, "margin_of_victory": null, "is_tie": false, "results": null, "participated": false, "map_key": null }, "geometry": { "type": "Polygon", "coordinates": [ [ [ -79.062619991609225, 34.50165100024843 ], [ -79.072813991416567, 34.509742000173325 ], [ -79.078898991009751, 34.512649999678437 ], [ -79.073083991301345, 34.517568999659559 ], [ -79.070277991498756, 34.522450000124906 ], [ -79.069131991817557, 34.528141999957839 ], [ -79.070847991214606, 34.540779000071915 ], [ -79.072449990974931, 34.546580999885528 ], [ -79.070629991511211, 34.551265000223658 ], [ -79.071603990962601, 34.552739999805034 ], [ -79.057586991322225, 34.565006000048186 ], [ -79.044578991838904, 34.58547400007879 ], [ -79.042428991250191, 34.591077000127456 ], [ -79.037682991401411, 34.596004999961274 ], [ -79.036466991617928, 34.595724000320047 ], [ -79.034311991711121, 34.596918000385791 ], [ -79.027166991407952, 34.5958270004488 ], [ -79.025278991665104, 34.593475999776658 ], [ -79.02300599178443, 34.592449999562241 ], [ -79.020003991797466, 34.593004000408982 ], [ -79.017777990881271, 34.590615000090679 ], [ -79.008268991605902, 34.588633999549884 ], [ -79.013332991100981, 34.568654999634489 ], [ -79.01010799167949, 34.565428999620551 ], [ -79.012132991134493, 34.558432999933231 ], [ -79.012107991318331, 34.555273000425473 ], [ -79.00959199077306, 34.551676999581389 ], [ -79.008735991025674, 34.548402000351295 ], [ -79.006992991335736, 34.547164999889731 ], [ -79.00590099181602, 34.543396000091704 ], [ -79.011474991077947, 34.541414999806541 ], [ -79.014181991105616, 34.536960999887278 ], [ -79.013915990964435, 34.532604999740698 ], [ -79.014752991350221, 34.529242999747176 ], [ -79.010011991459393, 34.526754999667176 ], [ -79.008180991188212, 34.523864000349654 ], [ -79.011250991038779, 34.519164999742578 ], [ -79.023002991170131, 34.501252000275095 ], [ -79.043426991322136, 34.505458999918829 ], [ -79.048862991320803, 34.502298999819772 ], [ -79.052821990814877, 34.497096999734403 ], [ -79.062619991609225, 34.50165100024843 ] ] ] } },
{ "type": "Feature", "properties": { "county": null, "precinct": null, "enr_desc": "Thompson", "winner": null, "winner_votes": null, "winner_share": null, "runner_up": null, "runner_up_votes": null, "runner_up_share": null, "contest_votes": null, "margin_of_victory": null, "is_tie": false, "results": null, "participated": false, "map_key": null }, "geometry": { "type": "Polygon", "coordinates": [ [ [ -79.243817991632866, 34.537115000195925 ], [ -79.194819991022442, 34.553306000005989 ], [ -79.155057991850356, 34.574933000275891 ], [ -79.150483991358968, 34.572178999585923 ], [ -79.150116991125742, 34.570995999937828 ], [ -79.146450990829948, 34.568541000352148 ], [ -79.1425029916916, 34.563838000112561 ], [ -79.128203991754347, 34.55240600029785 ], [ -79.133108991737785, 34.539311000274544 ], [ -79.135960991133885, 34.534457000363851 ], [ -79.136189991449328, 34.532103000379443 ], [ -79.138688991442208, 34.531893999633674 ], [ -79.143372990873345, 34.527038999625148 ], [ -79.148103991587774, 34.514984000139556 ], [ -79.14738699164721, 34.509334000107152 ], [ -79.148336991215714, 34.505193999761893 ], [ -79.149883991653482, 34.504321000335651 ], [ -79.156653991788858, 34.503289000366614 ], [ -79.163436991348036, 34.503774999581047 ], [ -79.165555991448983, 34.503165000337354 ], [ -79.166862991414405, 34.501000000088602 ], [ -79.165531991728187, 34.49547099995231 ], [ -79.169223991293336, 34.494513999998198 ], [ -79.175761991771878, 34.49609700034344 ], [ -79.175341991737724, 34.485957999847898 ], [ -79.177545991399484, 34.481815999818238 ], [ -79.187184991632762, 34.484673999857471 ], [ -79.192020991594418, 34.477734999890785 ], [ -79.193451991093724, 34.477661000418557 ], [ -79.197737991141295, 34.481003999652792 ], [ -79.20191399094314, 34.486866000120543 ], [ -79.210821991437271, 34.494581999829599 ], [ -79.214112991111861, 34.496527999793706 ], [ -79.216505991511809, 34.49898099996193 ], [ -79.230484991064884, 34.525436999732122 ], [ -79.232385990929487, 34.527230999782269 ], [ -79.238382991818057, 34.530321000005394 ], [ -79.242786990777191, 34.53472099974779 ], [ -79.243817991632866, 34.537115000195925 ] ] ] } },
{ "type": "Feature", "properties": { "county": null, "precinct": null, "enr_desc": "Union", "winner": null, "winner_votes": null, "winner_share": null, "runner_up": null, "runner_up_votes": null, "runner_up_share": null, "contest_votes": null, "margin_of_victory": null, "is_tie": false, "results": null, "participated": false, "map_key": null }, "geometry": { "type": "Polygon", "coordinates": [ [ [ -79.243817991632866, 34.537115000195925 ], [ -79.247931991610983, 34.547981999842655 ], [ -79.251735991471662, 34.551801999907489 ], [ -79.254152991291207, 34.560720000094832 ], [ -79.290235991397864, 34.565618999589034 ], [ -79.286426991328952, 34.577208000040123 ], [ -79.286922991067129, 34.5787950000514 ], [ -79.291015991067653, 34.583313000417867 ], [ -79.291017991753037, 34.584497999817664 ], [ -79.286898991079212, 34.584728999653109 ], [ -79.286886990837218, 34.589943999596315 ], [ -79.288614990891816, 34.596867000296577 ], [ -79.293397991021919, 34.594898999638161 ], [ -79.299047991673319, 34.593837000015363 ], [ -79.305762990818096, 34.599147000417972 ], [ -79.310152990913579, 34.599731000382448 ], [ -79.30890199093291, 34.602407000017259 ], [ -79.308654991120505, 34.606027999783024 ], [ -79.306005990774366, 34.615163000082028 ], [ -79.305172990929762, 34.615181999854109 ], [ -79.300840991318893, 34.620179999963113 ], [ -79.300228991634285, 34.626139999600163 ], [ -79.298703991147136, 34.631446999744661 ], [ -79.294679990853155, 34.629760000023992 ], [ -79.290418991796329, 34.636338000255996 ], [ -79.289752991684892, 34.643882000053324 ], [ -79.287748990873283, 34.649422000195713 ], [ -79.286424990846768, 34.660577999637191 ], [ -79.284401991350023, 34.668812000311391 ], [ -79.280165991170193, 34.671781000201861 ], [ -79.278296991425336, 34.674709999873336 ], [ -79.274937991004236, 34.683708999765891 ], [ -79.272243991797211, 34.68518500033084 ], [ -79.267488991413046, 34.679796000316529 ], [ -79.262550991486677, 34.677166000196976 ], [ -79.259719990893785, 34.672759000336484 ], [ -79.259160991789159, 34.670379000093618 ], [ -79.255561991715325, 34.666963999639577 ], [ -79.255786990780919, 34.66261299994607 ], [ -79.248811991265313, 34.655720999924448 ], [ -79.242599990978306, 34.651510999891038 ], [ -79.239048991429669, 34.650640999998089 ], [ -79.234804990866763, 34.644505999952173 ], [ -79.232975991131525, 34.643818999932599 ], [ -79.231200991424899, 34.64111800014669 ], [ -79.221889991199674, 34.634274000243295 ], [ -79.218894990784818, 34.628321000197779 ], [ -79.213929991785037, 34.624519000333173 ], [ -79.209094991521013, 34.622898000250451 ], [ -79.205016991316285, 34.625607000112915 ], [ -79.19383299125532, 34.620271999808608 ], [ -79.192583991525524, 34.620297000434071 ], [ -79.192569991420555, 34.61440599974172 ], [ -79.191263990984794, 34.607734999830093 ], [ -79.192317991454985, 34.606121000239781 ], [ -79.185548991593748, 34.601865999746167 ], [ -79.172716991103599, 34.596418999796917 ], [ -79.168202991790736, 34.59348500011842 ], [ -79.161328991110906, 34.586993999583868 ], [ -79.157798990988383, 34.581256000154518 ], [ -79.156630991649052, 34.58134999966115 ], [ -79.155409991324817, 34.579270000222216 ], [ -79.151858990833091, 34.576735999796554 ], [ -79.155057991850356, 34.574933000275891 ], [ -79.194819991022442, 34.553306000005989 ], [ -79.243817991632866, 34.537115000195925 ] ] ] } },
{ "type": "Feature", "properties": { "county": null, "precinct": null, "enr_desc": "Whitehouse", "winner": null, "winner_votes": null, "winner_share": null, "runner_up": null, "runner_up_votes": null, "runner_up_share": null, "contest_votes": null, "margin_of_victory": null, "is_tie": false, "results": null, "participated": false, "map_key": null }, "geometry": { "type": "Polygon", "coordinates": [ [ [ -79.108760991500816, 34.330934999813039 ], [ -79.192194991691295, 34.401108999885622 ], [ -79.188711990848617, 34.402581000093527 ], [ -79.186166990824773, 34.402560000174468 ], [ -79.180798991559953, 34.409018000332175 ], [ -79.180566991638912, 34.41058499967464 ], [ -79.174412990954323, 34.414961999989025 ], [ -79.172829991254986, 34.417487000222174 ], [ -79.1766719915626, 34.418720999985773 ], [ -79.181466991177984, 34.422381999575769 ], [ -79.183003991122945, 34.427987000224725 ], [ -79.162505991060399, 34.443950000045 ], [ -79.159841991426234, 34.440515000008816 ], [ -79.156111990945064, 34.438338999780804 ], [ -79.151415991561535, 34.432727000217646 ], [ -79.144840991763573, 34.429542000085128 ], [ -79.142686990968983, 34.426289000295085 ], [ -79.138985990937655, 34.423152000157458 ], [ -79.133791991262555, 34.420882000354652 ], [ -79.131389991768756, 34.417561000396304 ], [ -79.124284991380677, 34.414447000050529 ], [ -79.122030991853222, 34.412244000265588 ], [ -79.117482991602685, 34.410002999887567 ], [ -79.115021991014515, 34.407142999880406 ], [ -79.114401991470302, 34.404877999945136 ], [ -79.112674991223741, 34.403666999587642 ], [ -79.109965991007229, 34.401126000058944 ], [ -79.108001991275913, 34.39766899969365 ], [ -79.104795991004679, 34.395173999752942 ], [ -79.103911991666763, 34.393319999975652 ], [ -79.103331991797745, 34.386308000288764 ], [ -79.10184299120634, 34.383812999956298 ], [ -79.097303991454027, 34.37933000029367 ], [ -79.094910991277644, 34.375164000293921 ], [ -79.091498991524404, 34.372019999830812 ], [ -79.08652699087979, 34.37166600028894 ], [ -79.0804229914243, 34.369079999999677 ], [ -79.07661199165878, 34.364019000129815 ], [ -79.074429991596205, 34.358845000386616 ], [ -79.078349991228649, 34.355408999854355 ], [ -79.082041991159201, 34.347890999884548 ], [ -79.086165991344203, 34.343955000097942 ], [ -79.108760991500816, 34.330934999813039 ] ] ] } },
{ "type": "Feature", "properties": { "county": null, "precinct": null, "enr_desc": "Wisharts", "winner": null, "winner_votes": null, "winner_share": null, "runner_up": null, "runner_up_votes": null, "runner_up_share": null, "contest_votes": null, "margin_of_victory": null, "is_tie": false, "results": null, "participated": false, "map_key": null }, "geometry": { "type": "Polygon", "coordinates": [ [ [ -78.97420599154195, 34.582945999866382 ], [ -78.978845990988773, 34.586504000074797 ], [ -78.978724991734879, 34.58802699973247 ], [ -78.980070991452848, 34.589711000050713 ], [ -78.981294991268371, 34.589246999619562 ], [ -78.983400991424602, 34.591000999885196 ], [ -78.979547991402612, 34.59425599969066 ], [ -78.979820991574428, 34.601302000137963 ], [ -78.977698991150987, 34.604559999604334 ], [ -78.971307990925268, 34.609484000342469 ], [ -78.965653991321105, 34.610002000111919 ], [ -78.964774991389532, 34.620397999633958 ], [ -78.963655991048199, 34.638067999840985 ], [ -78.943306990995481, 34.641967999553565 ], [ -78.930135991616652, 34.645050999688706 ], [ -78.924154990934724, 34.64584699991989 ], [ -78.914404991362588, 34.634456000193133 ], [ -78.909903991444708, 34.62746500032263 ], [ -78.903628991297069, 34.623508000287494 ], [ -78.900276991813428, 34.623663999739172 ], [ -78.889831991458692, 34.629433000096149 ], [ -78.884195991057368, 34.629077999997882 ], [ -78.855727990987049, 34.63318999978965 ], [ -78.853686991148209, 34.633372000427968 ], [ -78.851057991259708, 34.631442000288082 ], [ -78.82975699119342, 34.6310759997803 ], [ -78.82838599104339, 34.629697999606456 ], [ -78.830587991802091, 34.627901999747486 ], [ -78.829846990926626, 34.625820000216407 ], [ -78.832177991147674, 34.62557900043354 ], [ -78.83455299118377, 34.620747999715704 ], [ -78.833237991119461, 34.61945099970221 ], [ -78.833097991118322, 34.61806199966928 ], [ -78.834333991321159, 34.616781999709168 ], [ -78.834686990839018, 34.614805000384308 ], [ -78.831416990828842, 34.611129999720767 ], [ -78.832233991050643, 34.606477000167828 ], [ -78.83418199122012, 34.60139699960525 ], [ -78.837178991226878, 34.598435999979245 ], [ -78.838839991446008, 34.598914000280352 ], [ -78.84124599117834, 34.597223000156788 ], [ -78.839896991573781, 34.59667400030493 ], [ -78.835252990892357, 34.597491999776821 ], [ -78.835158990969717, 34.596047000042574 ], [ -78.836831990993005, 34.594200999768383 ], [ -78.836044991079262, 34.59341600037596 ], [ -78.838464991634439, 34.591696000367406 ], [ -78.837909991506365, 34.590899999682897 ], [ -78.838978990936496, 34.589701999885143 ], [ -78.842142990813556, 34.589256000293084 ], [ -78.843304991185235, 34.587830000278416 ], [ -78.842533990782044, 34.583781999746222 ], [ -78.843809991791858, 34.58204599978685 ], [ -78.842905991226004, 34.580474999644018 ], [ -78.843616991752654, 34.578476000344779 ], [ -78.847953991848613, 34.575684999786503 ], [ -78.85079099156205, 34.575202000110117 ], [ -78.852591991049167, 34.575827999661719 ], [ -78.854185990843959, 34.574954999710556 ], [ -78.8569479909021, 34.568860000362541 ], [ -78.857040991546526, 34.563108000407219 ], [ -78.859747991783195, 34.562488000034833 ], [ -78.861349990953727, 34.563716999849611 ], [ -78.8627079908902, 34.561990000216937 ], [ -78.862691991228019, 34.559975000284034 ], [ -78.860858991642445, 34.558582999625443 ], [ -78.859316991051784, 34.55866300005907 ], [ -78.858671990858355, 34.558067000186007 ], [ -78.859388990795253, 34.557715000264118 ], [ -78.858034991059924, 34.556938000327179 ], [ -78.859871991138348, 34.555270999827762 ], [ -78.860802990798405, 34.552542999851454 ], [ -78.860482991394335, 34.550083000174389 ], [ -78.858496991645211, 34.54902299979608 ], [ -78.857553991193484, 34.547040000066829 ], [ -78.858270991466426, 34.54558599975752 ], [ -78.859038991768259, 34.54741899969919 ], [ -78.859946990931405, 34.547730000166233 ], [ -78.860588990804203, 34.54633199958635 ], [ -78.86008899148365, 34.544930999749035 ], [ -78.861051991633218, 34.545383999638595 ], [ -78.861217990846129, 34.544853999696613 ], [ -78.860054991012618, 34.537367000270521 ], [ -78.855718990990241, 34.533984000004516 ], [ -78.855517990784193, 34.530562000272077 ], [ -78.852987990926266, 34.527761999779017 ], [ -78.854690991566997, 34.526733000286036 ], [ -78.85464699099542, 34.525337999891185 ], [ -78.856592991401442, 34.524728000023231 ], [ -78.855436991615449, 34.520817999755344 ], [ -78.853902991547002, 34.518771999851303 ], [ -78.85507099184656, 34.517268999887889 ], [ -78.857174990868813, 34.516511999860441 ], [ -78.857254991466206, 34.515380000238103 ], [ -78.853841991436383, 34.513852999957045 ], [ -78.850336991635885, 34.513770999568635 ], [ -78.849632991416456, 34.512452999936478 ], [ -78.851033991069855, 34.512793999816907 ], [ -78.851133990918882, 34.512040999733344 ], [ -78.846338991033321, 34.510575000405169 ], [ -78.844720991448213, 34.508970000307201 ], [ -78.844959991098946, 34.505938000018084 ], [ -78.846412991455367, 34.504131000203209 ], [ -78.84633799122669, 34.499813000138474 ], [ -78.849424990929663, 34.499957999761492 ], [ -78.849831991032005, 34.501349000071983 ], [ -78.848608991560397, 34.50223899998867 ], [ -78.849369991338051, 34.502610999966691 ], [ -78.857446990916472, 34.501295999777383 ], [ -78.861847991716616, 34.498008000403999 ], [ -78.863546990951605, 34.497951999573615 ], [ -78.86658399131808, 34.492926999584895 ], [ -78.86687199150532, 34.490405000274897 ], [ -78.869357990802683, 34.487143000190009 ], [ -78.86873299144267, 34.485410999979834 ], [ -78.869834990914384, 34.482188999779801 ], [ -78.881588991088748, 34.475263000356797 ], [ -78.88182199155294, 34.47277400011891 ], [ -78.883744991043244, 34.472686999561311 ], [ -78.885741991180652, 34.471087000328481 ], [ -78.887738991705476, 34.470658999827386 ], [ -78.888879991714461, 34.468719999746888 ], [ -78.891858991215088, 34.46742299993673 ], [ -78.894518991818757, 34.468377999833024 ], [ -78.893137991271601, 34.465352000162724 ], [ -78.895531991793092, 34.462280999690847 ], [ -78.901125991785193, 34.459907000359635 ], [ -78.906191991661373, 34.462344999588183 ], [ -78.907279991580197, 34.460091000137346 ], [ -78.903732991430033, 34.457829999681678 ], [ -78.90685399186269, 34.455841000011276 ], [ -78.908538991674405, 34.455872000207719 ], [ -78.914055991587801, 34.459159999662482 ], [ -78.916996991636097, 34.458299999893441 ], [ -78.919899990788721, 34.459297999974147 ], [ -78.920886991794262, 34.458333000408516 ], [ -78.919866991279051, 34.45654899990145 ], [ -78.918379991137385, 34.455879999975728 ], [ -78.91707399160866, 34.453279000361619 ], [ -78.918347991691007, 34.451898000330623 ], [ -78.919476991320394, 34.451927999679135 ], [ -78.921643991629509, 34.453860999848565 ], [ -78.925211991745385, 34.452823999998124 ], [ -78.927182991775766, 34.453820000297753 ], [ -78.92893899136601, 34.453701999673861 ], [ -78.929367991355065, 34.455025000192478 ], [ -78.932935991649131, 34.453897999659183 ], [ -78.936824991390921, 34.455341000395627 ], [ -78.937236991729208, 34.454686999927439 ], [ -78.935050991841322, 34.453705999928594 ], [ -78.936755990905326, 34.451731000394936 ], [ -78.938960990919512, 34.451612999841949 ], [ -78.941124991670918, 34.453601000260349 ], [ -78.942499991653023, 34.451780999843379 ], [ -78.944711991475842, 34.451374000025702 ], [ -78.945592991082663, 34.450308999594114 ], [ -78.946358991376755, 34.450664000171898 ], [ -78.94603399108864, 34.451850999997177 ], [ -78.944240991044751, 34.452847999831562 ], [ -78.942795991253732, 34.452704000381608 ], [ -78.943056990839793, 34.453850000299695 ], [ -78.941682991218656, 34.455157999635091 ], [ -78.943231991181833, 34.457502999910155 ], [ -78.943576990839389, 34.459034999592369 ], [ -78.942885991250904, 34.459476000024367 ], [ -78.94498299079936, 34.460626999570366 ], [ -78.944339991739952, 34.461211000076055 ], [ -78.945885991091217, 34.461685999896588 ], [ -78.946574991156467, 34.461171999919046 ], [ -78.946470991110957, 34.462401999565635 ], [ -78.947769991772731, 34.462564000391581 ], [ -78.947747991571433, 34.463635000021533 ], [ -78.949231991347389, 34.46374300025645 ], [ -78.949474991714183, 34.464864999745082 ], [ -78.950645991482858, 34.465186999883642 ], [ -78.950307991193981, 34.46662200000209 ], [ -78.949011991708019, 34.466663999869958 ], [ -78.948684990975892, 34.467530000020744 ], [ -78.950928991274537, 34.469353999702918 ], [ -78.951201991497626, 34.472041999666345 ], [ -78.952542990952423, 34.472875999863604 ], [ -78.951822991068966, 34.473622999752912 ], [ -78.950429991833801, 34.472917000135347 ], [ -78.951868991570919, 34.474135000115623 ], [ -78.951912990843724, 34.476132000254538 ], [ -78.950782991860777, 34.475242000412067 ], [ -78.950186991458949, 34.478200000196345 ], [ -78.951260990822419, 34.478191000328323 ], [ -78.951425991726438, 34.47927499972154 ], [ -78.950642991057762, 34.479482999911262 ], [ -78.95209999098762, 34.4795779999478 ], [ -78.951116991738431, 34.480510999611305 ], [ -78.952310991632984, 34.480202999977578 ], [ -78.952041991374131, 34.48099399999785 ], [ -78.953218991629015, 34.481070000402568 ], [ -78.953171991330805, 34.48335599996971 ], [ -78.954268991786051, 34.483162999682513 ], [ -78.952981991432623, 34.484473000045959 ], [ -78.95411899095312, 34.485028000438263 ], [ -78.953981991248654, 34.48566999967214 ], [ -78.955746991483508, 34.486084000411743 ], [ -78.955648991481624, 34.487186999854387 ], [ -78.956743991776193, 34.48706799965386 ], [ -78.95491599142477, 34.489363999757515 ], [ -78.955652991354398, 34.48996999991806 ], [ -78.95459599102648, 34.491058999707462 ], [ -78.955394991612835, 34.491968000351719 ], [ -78.955376990983083, 34.492555000395491 ], [ -78.953812991034695, 34.490903999568047 ], [ -78.953219991380166, 34.49194299965805 ], [ -78.954010990838739, 34.492419000311102 ], [ -78.953813991587012, 34.493702000122404 ], [ -78.951957990957681, 34.493783000356089 ], [ -78.95184599133448, 34.494908999624755 ], [ -78.950492991406591, 34.494307999554884 ], [ -78.949622991564723, 34.49607799997235 ], [ -78.947772991739157, 34.496406999761092 ], [ -78.948163991808073, 34.497858999883213 ], [ -78.947627991311876, 34.49892499995574 ], [ -78.946719991286983, 34.498876000296399 ], [ -78.947052991837737, 34.499514999840919 ], [ -78.9457249908302, 34.499990999752811 ], [ -78.946161990773206, 34.502118999684456 ], [ -78.943826990784444, 34.505191999563401 ], [ -78.941694991068772, 34.505857999630862 ], [ -78.939754991571462, 34.504844999693816 ], [ -78.936556991634262, 34.506694999660716 ], [ -78.934694991011099, 34.505112999680705 ], [ -78.933183991790642, 34.506666000209819 ], [ -78.932243991267271, 34.505484999784741 ], [ -78.932531990776198, 34.504684000000353 ], [ -78.931187991012209, 34.505009999716385 ], [ -78.932218991274553, 34.505821000259914 ], [ -78.931341991142588, 34.506951999670761 ], [ -78.932463991365395, 34.507514999996502 ], [ -78.929984991622845, 34.50832099963619 ], [ -78.93046499180123, 34.509096000401151 ], [ -78.927841991713365, 34.510431000100922 ], [ -78.928363991520001, 34.512473000330971 ], [ -78.927545991202649, 34.512638000214679 ], [ -78.928597991440967, 34.513778000066345 ], [ -78.92771499085535, 34.514265000388662 ], [ -78.928825991627846, 34.51454199970825 ], [ -78.92839599130059, 34.516745000436593 ], [ -78.929640991391707, 34.516556000207551 ], [ -78.929508991806713, 34.518223999800846 ], [ -78.93117299138413, 34.51796199970245 ], [ -78.932089991297104, 34.520287999943697 ], [ -78.934254991235733, 34.520144000384022 ], [ -78.932233991011515, 34.522730999900112 ], [ -78.934475991737628, 34.528730000135859 ], [ -78.936351991213954, 34.530227999577811 ], [ -78.939754990903253, 34.530943999754484 ], [ -78.939759991827373, 34.531574000117082 ], [ -78.938084991085063, 34.531276999964746 ], [ -78.937561990886437, 34.532520000053204 ], [ -78.938866990983556, 34.532009000375737 ], [ -78.939277991156317, 34.533817999583576 ], [ -78.93977399122808, 34.533015999903441 ], [ -78.940700991495888, 34.533751000004294 ], [ -78.940101991848309, 34.534654999866305 ], [ -78.940286991455466, 34.539030000166882 ], [ -78.941313991547531, 34.538541999833392 ], [ -78.941979991226034, 34.53941600030732 ], [ -78.941236991782887, 34.539661999937437 ], [ -78.941590991293367, 34.540339999908831 ], [ -78.942728991553736, 34.541070999723637 ], [ -78.943525990948984, 34.540662999998148 ], [ -78.944038991055336, 34.541450999752485 ], [ -78.944962991491636, 34.541072000346809 ], [ -78.945516991587297, 34.541720999837352 ], [ -78.945036991484614, 34.54213400040841 ], [ -78.946898990833532, 34.542577000245167 ], [ -78.94734499168149, 34.542167999783032 ], [ -78.946593991391936, 34.541611000167372 ], [ -78.947413991515063, 34.541445999779228 ], [ -78.949917991839698, 34.543300999562376 ], [ -78.949683991092826, 34.545357000049549 ], [ -78.951258990783671, 34.545441000051554 ], [ -78.951640990903115, 34.547320999565628 ], [ -78.952888991071461, 34.547284999870399 ], [ -78.952623991454644, 34.548164000282299 ], [ -78.953901990979688, 34.54877300026493 ], [ -78.953262991415485, 34.549520000255619 ], [ -78.954496991568192, 34.549819000279534 ], [ -78.953926990805499, 34.550374999844635 ], [ -78.955036991624368, 34.549834000152003 ], [ -78.954829990872923, 34.550716000400513 ], [ -78.956287991119765, 34.55171400032696 ], [ -78.95457599140893, 34.551876999826071 ], [ -78.955890991366488, 34.553085000380328 ], [ -78.955919991215922, 34.55384199998241 ], [ -78.954942991202202, 34.554002999847306 ], [ -78.957020991129809, 34.555901000443498 ], [ -78.956269990872528, 34.557366999904843 ], [ -78.95747199112445, 34.557340000257753 ], [ -78.956956990919039, 34.558300999604633 ], [ -78.958392991442054, 34.558075999915751 ], [ -78.959262991424822, 34.559630000304402 ], [ -78.958859991328055, 34.560533000202099 ], [ -78.962058991494857, 34.559142000103947 ], [ -78.963571991747216, 34.560614000201547 ], [ -78.963446991630221, 34.559690000196902 ], [ -78.965052990997464, 34.559912000283305 ], [ -78.96553799160337, 34.559003000134823 ], [ -78.966896991019226, 34.559459000041187 ], [ -78.967974990924958, 34.558273999808719 ], [ -78.969218991079003, 34.559238000100223 ], [ -78.968059991238135, 34.559760000128826 ], [ -78.970390990917025, 34.560340000013021 ], [ -78.969403991474323, 34.562192999793915 ], [ -78.97215899142266, 34.563429000372828 ], [ -78.970380990782104, 34.56316199975744 ], [ -78.971209991079405, 34.564276000296942 ], [ -78.969209991472965, 34.564983999669209 ], [ -78.970001990857938, 34.565302000171869 ], [ -78.969144991638288, 34.566654999988458 ], [ -78.969945990951047, 34.56741700032331 ], [ -78.969051991020095, 34.567554000136134 ], [ -78.969023991768893, 34.568331999849015 ], [ -78.970461991040096, 34.56795099959453 ], [ -78.971388991404311, 34.568585000343305 ], [ -78.96993599127822, 34.568866000193808 ], [ -78.97093999168834, 34.570232000165056 ], [ -78.968763991187473, 34.572827000407479 ], [ -78.97081099169641, 34.572832999548723 ], [ -78.973760990986719, 34.57496100014734 ], [ -78.973075990916016, 34.575924000056375 ], [ -78.974421991766818, 34.576893000259993 ], [ -78.974619991468387, 34.578303000383485 ], [ -78.973556991056114, 34.578578000372111 ], [ -78.97394499154457, 34.579855999930118 ], [ -78.97254499145383, 34.580037000064245 ], [ -78.97420599154195, 34.582945999866382 ] ] ] } }
]
}
