{
"type": "FeatureCollection",
"name": "tyrrell_county_board_of_education_focus_mask",
"crs": { "type": "name", "properties": { "name": "urn:ogc:def:crs:OGC:1.3:CRS84" } },
"features": [
{ "type": "Feature", "properties": { }, "geometry": { "type": "Polygon", "coordinates": [ [ [ -76.405970771349189, 35.697579206144354 ], [ -76.40597094592691, 35.6975837731719 ], [ -76.405969992578704, 35.697683876254011 ], [ -76.405969990378622, 35.697684123287026 ], [ -76.405966994835168, 35.698045539313831 ], [ -76.405879994313949, 35.704793796933643 ], [ -76.405772003560926, 35.712030207437977 ], [ -76.405769000598838, 35.712161608340473 ], [ -76.405768984073603, 35.712162400052577 ], [ -76.405637003557956, 35.719148349549357 ], [ -76.405636983213441, 35.719149650464558 ], [ -76.405632992455025, 35.719471868234542 ], [ -76.405554992723168, 35.725164922647508 ], [ -76.4055309999207, 35.727020360062355 ], [ -76.405530987473199, 35.727021638912682 ], [ -76.405528996429766, 35.727326273057791 ], [ -76.405475010509917, 35.731237619956083 ], [ -76.405474991462043, 35.731240380055411 ], [ -76.405474991386484, 35.73137181930813 ], [ -76.40547499171268, 35.731372180637266 ], [ -76.405480991132279, 35.734693982719442 ], [ -76.405485991526632, 35.737748922379474 ], [ -76.405488990595799, 35.738991927211558 ], [ -76.405500990661167, 35.746105994100702 ], [ -76.405502990656174, 35.747254984715916 ], [ -76.405507991251568, 35.749895972082115 ], [ -76.405510991522007, 35.751753976835843 ], [ -76.405514991018606, 35.753919992064212 ], [ -76.405564990958382, 35.782162644514905 ], [ -76.405564993476261, 35.782163354636126 ], [ -76.405577985836985, 35.784605046479861 ], [ -76.405578005069799, 35.784606953001756 ], [ -76.405596990464431, 35.785884981381692 ], [ -76.405602918874237, 35.786289088740439 ], [ -76.40560275250715, 35.786293918197536 ], [ -76.405599930287678, 35.786297840750066 ], [ -76.40525415593271, 35.786731793147837 ], [ -76.405253827749746, 35.786732206139106 ], [ -76.404940610109151, 35.787127433733531 ], [ -76.404933644339408, 35.787136769470699 ], [ -76.404737017998372, 35.787416962273731 ], [ -76.404449042922039, 35.787826926286172 ], [ -76.404130020200924, 35.788281958515505 ], [ -76.403930308009038, 35.788567119697689 ], [ -76.403927717570113, 35.78857091034876 ], [ -76.40337340615622, 35.789402376666757 ], [ -76.403372566050294, 35.789403616603998 ], [ -76.403247040135668, 35.78958592881331 ], [ -76.402713258002009, 35.790362611567119 ], [ -76.40235208458131, 35.790882865623978 ], [ -76.40181047762222, 35.791660301711936 ], [ -76.401809510626066, 35.791661702432812 ], [ -76.400907828318708, 35.792979775680919 ], [ -76.400906117789617, 35.792982198234945 ], [ -76.400128118501144, 35.794050080139506 ], [ -76.400123971508449, 35.794055993790501 ], [ -76.399591022885986, 35.794845952939987 ], [ -76.399412038523607, 35.795110930379792 ], [ -76.399234715717171, 35.795373925793129 ], [ -76.399233240005259, 35.795376054481416 ], [ -76.399053105114859, 35.795628839679814 ], [ -76.399052877598692, 35.795629159619615 ], [ -76.398333901443081, 35.796642308613514 ], [ -76.398330171467876, 35.796647752866384 ], [ -76.397813627792416, 35.797429037692524 ], [ -76.397812333415317, 35.797430947220761 ], [ -76.394218238578773, 35.802603643214653 ], [ -76.394217744740416, 35.802604357259455 ], [ -76.3922651553777, 35.805440761103853 ], [ -76.380127115096016, 35.822963820094891 ], [ -76.37532300429362, 35.829866981472598 ], [ -76.37483450387893, 35.830569262645767 ], [ -76.374833465162709, 35.830570727690308 ], [ -76.373043076159988, 35.833048498975934 ], [ -76.373040934920823, 35.833051520848784 ], [ -76.371039172178655, 35.835932739883084 ], [ -76.371038811823027, 35.835933260313396 ], [ -76.365940617718564, 35.843321091992074 ], [ -76.365939374328718, 35.843322915234729 ], [ -76.365754297237572, 35.84359754564889 ], [ -76.365753687473699, 35.843598455828655 ], [ -76.365110738239707, 35.844563878459255 ], [ -76.365109214376091, 35.844566101110182 ], [ -76.363926717727651, 35.846241970625485 ], [ -76.36392523909754, 35.84624401111175 ], [ -76.362620655134336, 35.84799738745906 ], [ -76.362610073378676, 35.848013114256212 ], [ -76.362235640604084, 35.848630928018956 ], [ -76.362234314532458, 35.848633055410083 ], [ -76.361797485454233, 35.849314668161405 ], [ -76.361794370325867, 35.849319244825978 ], [ -76.361178066907542, 35.850172895170253 ], [ -76.361177915939209, 35.850173104563169 ], [ -76.360624010250845, 35.850942417240766 ], [ -76.360616364646148, 35.8509538449864 ], [ -76.360352889596825, 35.851378551706425 ], [ -76.360351043655257, 35.851381417060189 ], [ -76.360011271381339, 35.851889589003669 ], [ -76.360006438999449, 35.851896211577255 ], [ -76.359723386670666, 35.852252467065789 ], [ -76.359714996104714, 35.852263829370592 ], [ -76.359510238377638, 35.852562639609459 ], [ -76.35950974593446, 35.852563361627425 ], [ -76.358879451456517, 35.853491848101619 ], [ -76.358876587023815, 35.853496188055544 ], [ -76.35857319426907, 35.85396912439662 ], [ -76.358570706113255, 35.853972819229973 ], [ -76.358372009555012, 35.854254142286884 ], [ -76.358368074767597, 35.854259925346589 ], [ -76.357992792685636, 35.854832775714748 ], [ -76.357991153822724, 35.854835199259156 ], [ -76.357808734478368, 35.855096635062758 ], [ -76.357801606867682, 35.855107596991026 ], [ -76.357651084019167, 35.855356538883584 ], [ -76.357646625473237, 35.855363281025895 ], [ -76.357512027747944, 35.855549948891166 ], [ -76.357324999774448, 35.855808988029075 ], [ -76.357156109438861, 35.856042835164914 ], [ -76.357155872571269, 35.856043163834819 ], [ -76.356987145106586, 35.856277785292697 ], [ -76.356603099149183, 35.856808850203272 ], [ -76.356602882790838, 35.856809149970132 ], [ -76.356110998780693, 35.857491989683865 ], [ -76.355935991000635, 35.857735000135804 ], [ -76.355760991486719, 35.857977999640582 ], [ -76.355589862840716, 35.858215623310798 ], [ -76.355582483261699, 35.858226620708358 ], [ -76.35542502804698, 35.858478940815594 ], [ -76.355285960239129, 35.858701449095868 ], [ -76.355283966087754, 35.858704513610249 ], [ -76.354114251688529, 35.86043213713004 ], [ -76.354111771889833, 35.86043588991889 ], [ -76.353660367895927, 35.861136011323431 ], [ -76.353650636977889, 35.861152848615887 ], [ -76.353642587297742, 35.861170551379303 ], [ -76.353636294962229, 35.86118895224061 ], [ -76.353631819463047, 35.861207877226477 ], [ -76.35362920311438, 35.861227147408172 ], [ -76.353628470652851, 35.861246580593274 ], [ -76.353629629003592, 35.861265993048207 ], [ -76.353632667214839, 35.861285201235404 ], [ -76.353637556561424, 35.86130402354857 ], [ -76.353644250816387, 35.861322282029711 ], [ -76.353652686688022, 35.861339804051646 ], [ -76.353662784418304, 35.861356423950149 ], [ -76.353669007301036, 35.861365626096465 ], [ -76.353671192204217, 35.861369783699324 ], [ -76.35388787996861, 35.861840757733624 ], [ -76.353888103614025, 35.861841242127618 ], [ -76.354007929670658, 35.862099866608354 ], [ -76.35412788128076, 35.862359761574083 ], [ -76.354128102221793, 35.862360238630394 ], [ -76.354239967056913, 35.862600947255423 ], [ -76.354368882266684, 35.862878764702835 ], [ -76.354369100971425, 35.862879234425776 ], [ -76.354489795012654, 35.863137579872358 ], [ -76.354609930090334, 35.863397867585945 ], [ -76.354610052663233, 35.863398132646751 ], [ -76.354729919511769, 35.863656845720705 ], [ -76.354730062780732, 35.863657154255257 ], [ -76.354850919676124, 35.863916845275952 ], [ -76.354970857365373, 35.864175711673077 ], [ -76.354971125331801, 35.864176287636148 ], [ -76.355091795069086, 35.864434580059644 ], [ -76.355211930745341, 35.864694868075063 ], [ -76.355212053143404, 35.864695132757518 ], [ -76.355331919628327, 35.864953845473551 ], [ -76.35533206266534, 35.86495415351019 ], [ -76.355452919328656, 35.865213846323975 ], [ -76.355572919471697, 35.86547284558528 ], [ -76.355573062426672, 35.865473153443354 ], [ -76.355693919477233, 35.865732845822158 ], [ -76.35581392963671, 35.865991866415563 ], [ -76.355933796294124, 35.866251578113307 ], [ -76.355934187262619, 35.866252420072698 ], [ -76.356054856590205, 35.866510713208193 ], [ -76.356174920110448, 35.86676984658007 ], [ -76.356175062568838, 35.866770153367966 ], [ -76.356295919331842, 35.867029846457399 ], [ -76.356415929851707, 35.867288866858075 ], [ -76.356535797107085, 35.867548578858241 ], [ -76.356536187906315, 35.867549420452107 ], [ -76.35665679480195, 35.867807580328119 ], [ -76.35677679738059, 35.86806757965801 ], [ -76.356777187496718, 35.86806841977085 ], [ -76.356897672276418, 35.868326317963856 ], [ -76.357017734986201, 35.868588439814388 ], [ -76.357140659260025, 35.868861264275623 ], [ -76.35714132906277, 35.868862734976574 ], [ -76.357256911515279, 35.86911382755023 ], [ -76.357376930903271, 35.869375869218771 ], [ -76.357496932147257, 35.869638869553121 ], [ -76.357497051367133, 35.869639130345774 ], [ -76.357616990630731, 35.869901000007452 ], [ -76.357736931453147, 35.870162868840211 ], [ -76.357856931770357, 35.870425868788381 ], [ -76.357857051447468, 35.870426130580938 ], [ -76.35797699168161, 35.870688000192978 ], [ -76.358096931611001, 35.870949868725681 ], [ -76.358216820916184, 35.871212625586224 ], [ -76.358217163979333, 35.871213373388109 ], [ -76.358341759750616, 35.871483497272713 ], [ -76.358456932453095, 35.871736871218459 ], [ -76.358457050346303, 35.871737130088547 ], [ -76.35857693112834, 35.871999868981007 ], [ -76.358577051094485, 35.872000131405571 ], [ -76.35869699145816, 35.872261999816359 ], [ -76.358816931482991, 35.872523869003302 ], [ -76.358936946295913, 35.872786902794623 ], [ -76.358937035323834, 35.872787097638756 ], [ -76.359060958735654, 35.873057929305553 ], [ -76.359176974793812, 35.873310963653815 ], [ -76.359296931374388, 35.873572868758004 ], [ -76.359416931577485, 35.873835868891312 ], [ -76.359417051481344, 35.873836131179388 ], [ -76.359536991732909, 35.874097999377135 ], [ -76.35965693159423, 35.874359868238862 ], [ -76.359776930785713, 35.874622868766807 ], [ -76.359777050974088, 35.874623131678703 ], [ -76.359896991175702, 35.874884999990194 ], [ -76.360016587024703, 35.875146117017756 ], [ -76.360121637082912, 35.875381484339854 ], [ -76.360128955310799, 35.875396220501813 ], [ -76.360152650962164, 35.875439381240312 ], [ -76.360153321650955, 35.875440623583941 ], [ -76.36020298181856, 35.875534185108151 ], [ -76.360213226663276, 35.875551355044422 ], [ -76.360225134654456, 35.87556741628039 ], [ -76.360238586782557, 35.875582208298646 ], [ -76.360253448605846, 35.875595583266438 ], [ -76.360462834433392, 35.87576587180947 ], [ -76.360463148700745, 35.875766126867781 ], [ -76.360704912255173, 35.875961935914049 ], [ -76.361187942861434, 35.876353960400806 ], [ -76.362153952140361, 35.87713896830175 ], [ -76.363118905534861, 35.877923930256124 ], [ -76.363119076327635, 35.877924069035075 ], [ -76.367721427342644, 35.881659542049682 ], [ -76.367948544532851, 35.881846631837945 ], [ -76.367949443589666, 35.881847368070176 ], [ -76.368190954612587, 35.882043970664469 ], [ -76.368431834298136, 35.882239872189793 ], [ -76.368432148615398, 35.882240127288199 ], [ -76.368673834012782, 35.882435872649417 ], [ -76.368914834885103, 35.882631871969416 ], [ -76.368915149000998, 35.882632126903779 ], [ -76.369155790580052, 35.882827026643348 ], [ -76.369158207596868, 35.882828953488179 ], [ -76.36922157312749, 35.882878672478547 ], [ -76.369428103763568, 35.883042502819187 ], [ -76.369431805406762, 35.883045587438865 ], [ -76.369642466462793, 35.883229915201653 ], [ -76.369645793976517, 35.883233113884124 ], [ -76.369646905254612, 35.883237593725362 ], [ -76.369752901840471, 35.883770551532898 ], [ -76.369753082158994, 35.883771447481557 ], [ -76.369808803242407, 35.884045075185405 ], [ -76.369809188349365, 35.884046921739838 ], [ -76.369865965741923, 35.884312882827956 ], [ -76.369924797758429, 35.884590089485627 ], [ -76.369925167091324, 35.884591913107833 ], [ -76.369978729222083, 35.884869639148057 ], [ -76.369979272799981, 35.884872356296945 ], [ -76.370035905782174, 35.885145589975849 ], [ -76.370091908387323, 35.885421590128267 ], [ -76.370092076677309, 35.885422410698162 ], [ -76.370148920716971, 35.885696658824536 ], [ -76.37020492181415, 35.885971659224403 ], [ -76.370205062048086, 35.885972341777538 ], [ -76.370261990802959, 35.886247000099182 ], [ -76.370318920040617, 35.886521658826304 ], [ -76.3703749211043, 35.886796658664316 ], [ -76.370375061495963, 35.886797341977491 ], [ -76.370431906240597, 35.887071589237657 ], [ -76.370487908386124, 35.887347589769632 ], [ -76.370488076645941, 35.887348410201682 ], [ -76.370544990663049, 35.887622999494226 ], [ -76.370601920744988, 35.887897658017003 ], [ -76.370657921562554, 35.88817265882043 ], [ -76.370658061985552, 35.888173342290052 ], [ -76.370714920709773, 35.888447658027161 ], [ -76.370770921186519, 35.888722658702513 ], [ -76.370771061609901, 35.888723342177762 ], [ -76.370827990828829, 35.888997999497718 ], [ -76.37088490619567, 35.889272589105396 ], [ -76.370940907973164, 35.889548589592735 ], [ -76.370941076421332, 35.889549410938649 ], [ -76.370997920612211, 35.889823658630903 ], [ -76.371053921896106, 35.890098659017241 ], [ -76.371054062137873, 35.890099341605868 ], [ -76.371110991139943, 35.890373999954654 ], [ -76.371167920595767, 35.890648658568367 ], [ -76.371223921922251, 35.890923658766496 ], [ -76.371224062165766, 35.89092434136262 ], [ -76.371280678354211, 35.89119749007682 ], [ -76.371281327317789, 35.891200503969571 ], [ -76.371343974213971, 35.891480925650818 ], [ -76.371406991195556, 35.891762000149576 ], [ -76.371469990969231, 35.892042999498905 ], [ -76.371532991103336, 35.892323999471266 ], [ -76.371595990665611, 35.89260499979229 ], [ -76.371658990617632, 35.892885999835357 ], [ -76.371721974457003, 35.893166925995125 ], [ -76.371784974953243, 35.893448925881941 ], [ -76.371847991589661, 35.893729999466402 ], [ -76.371910991051877, 35.894011000118148 ], [ -76.371973990981729, 35.894291999807706 ], [ -76.372036917222943, 35.894572668808401 ], [ -76.372098934977274, 35.894853743703315 ], [ -76.37209904891894, 35.894854256899578 ], [ -76.372161974720512, 35.895135926381407 ], [ -76.372224990691322, 35.895416999658757 ], [ -76.372287967264768, 35.895697891050723 ], [ -76.372288016203683, 35.895698108761614 ], [ -76.372422839104658, 35.896296325503343 ], [ -76.372423147845666, 35.896297673653905 ], [ -76.372479792779075, 35.896541147918583 ], [ -76.3724801742365, 35.896542855034618 ], [ -76.372539808761871, 35.896821149124946 ], [ -76.372540180892855, 35.896822849581092 ], [ -76.372602975281183, 35.897103926516664 ], [ -76.372665990837774, 35.89738499960297 ], [ -76.37272899160233, 35.89766599952074 ], [ -76.372791586121451, 35.897945191382675 ], [ -76.372792430599617, 35.89794880098647 ], [ -76.372947936556244, 35.898586774806624 ], [ -76.373044845483534, 35.898988394365418 ], [ -76.373045141573456, 35.898989604897906 ], [ -76.373100160798401, 35.899211546778311 ], [ -76.373104591583029, 35.899226799079031 ], [ -76.37311021868986, 35.899241651694908 ], [ -76.373222941053797, 35.899506880784671 ], [ -76.373223042017841, 35.899507117922568 ], [ -76.373341940883179, 35.899785881467878 ], [ -76.373460940341403, 35.900065880761126 ], [ -76.373461041522617, 35.900066118408631 ], [ -76.37357999138078, 35.900344999934653 ], [ -76.373698941006253, 35.900623881415349 ], [ -76.373817940825617, 35.900903881440108 ], [ -76.373818041842895, 35.900904118703188 ], [ -76.373936940424031, 35.901182881505406 ], [ -76.374055886042697, 35.901462752414858 ], [ -76.374056096789175, 35.901463246443107 ], [ -76.374210924449372, 35.901824844672767 ], [ -76.374337446027042, 35.902121719816193 ], [ -76.374338555120076, 35.902124272829468 ], [ -76.3751376447334, 35.903929217604698 ], [ -76.375138344185544, 35.90393077940837 ], [ -76.376226943888284, 35.906333895130381 ], [ -76.376227039151047, 35.906334105103603 ], [ -76.377257989243645, 35.90860299479742 ], [ -76.3793219104885, 35.913145822221402 ], [ -76.380006903700419, 35.914661380318456 ], [ -76.380008700303804, 35.914665960466984 ], [ -76.380005763058591, 35.914669907409959 ], [ -76.379819318102648, 35.914895603908704 ], [ -76.379627154324936, 35.915125804018494 ], [ -76.379626826823952, 35.915126197366078 ], [ -76.379436154518416, 35.915355802670256 ], [ -76.379244291534476, 35.915585639663796 ], [ -76.379243691193366, 35.915586362268975 ], [ -76.379053126996268, 35.915816835423016 ], [ -76.378862853118989, 35.916045961700071 ], [ -76.378861142801611, 35.916048049758764 ], [ -76.377878679699904, 35.917264148134677 ], [ -76.37787728522467, 35.917265836082102 ], [ -76.374603980134509, 35.921140829754094 ], [ -76.374602021039024, 35.92114318532996 ], [ -76.374246883128947, 35.92157691060045 ], [ -76.374245069402477, 35.921579063146488 ], [ -76.374044152031829, 35.921810813939842 ], [ -76.374043830392338, 35.921811185861891 ], [ -76.373843151974739, 35.922043814108541 ], [ -76.373641129578175, 35.922276839641391 ], [ -76.373640852221442, 35.922277160248235 ], [ -76.373439129180341, 35.922510839397567 ], [ -76.373236991142377, 35.922744000317593 ], [ -76.373034991688797, 35.922976999436159 ], [ -76.372835353729215, 35.923207274690981 ], [ -76.372830727731923, 35.923212809186815 ], [ -76.372634145778491, 35.923456808400168 ], [ -76.372633837910868, 35.923457191490606 ], [ -76.372436114429036, 35.923703845768564 ], [ -76.372435867886622, 35.923704153945586 ], [ -76.372238113952022, 35.923951846168528 ], [ -76.372040114357205, 35.924198846014853 ], [ -76.372039868316065, 35.924199153565439 ], [ -76.371842113784638, 35.924446845627742 ], [ -76.371643990888145, 35.924694000114869 ], [ -76.371446114279351, 35.92494084629503 ], [ -76.371445867953838, 35.924941154201484 ], [ -76.371248114516604, 35.925188845805259 ], [ -76.371050114451108, 35.925435845714873 ], [ -76.371049868067502, 35.925436153693745 ], [ -76.370852114487462, 35.925683845431422 ], [ -76.370669912472565, 35.925911137700709 ], [ -76.370659922811626, 35.925924737709224 ], [ -76.370651115162929, 35.925939131419035 ], [ -76.370643552226738, 35.925954216363635 ], [ -76.370605699600773, 35.926038405464872 ], [ -76.370597322865706, 35.926060418344377 ], [ -76.370591592048598, 35.926083263350172 ], [ -76.370561873983632, 35.926240439972794 ], [ -76.370559235979954, 35.926259243906543 ], [ -76.370558393105242, 35.92627821326473 ], [ -76.370559352956889, 35.926297177063731 ], [ -76.370562106883128, 35.926315964370033 ], [ -76.370566630060935, 35.926334405840969 ], [ -76.370572881719866, 35.926352335251117 ], [ -76.370605413803787, 35.926433083753288 ], [ -76.37060682114253, 35.926437052487145 ], [ -76.370607537662181, 35.926441186728987 ], [ -76.370609105690789, 35.926453208898906 ], [ -76.370609941975431, 35.926466848272604 ], [ -76.370608046937562, 35.92672926836083 ], [ -76.370608532358176, 35.926744713078996 ], [ -76.370620934770159, 35.926921449714342 ], [ -76.37062358707874, 35.926942766363283 ], [ -76.370628510302097, 35.92696367559892 ], [ -76.370635647646623, 35.926983936215301 ], [ -76.370644916776925, 35.927003314488864 ], [ -76.370692802268437, 35.927090991865271 ], [ -76.370694799577677, 35.927095082325188 ], [ -76.370696014053891, 35.927099449689671 ], [ -76.370713917396799, 35.927177330722209 ], [ -76.370714750790796, 35.927181961648643 ], [ -76.370712525897218, 35.927186107715833 ], [ -76.370646795113942, 35.927295659717196 ], [ -76.370645208365474, 35.927298351763802 ], [ -76.370637238929731, 35.9273121172684 ], [ -76.370634836175853, 35.92731586877008 ], [ -76.370631522327685, 35.927318846252874 ], [ -76.370521531384711, 35.927409095213015 ], [ -76.370517873278487, 35.927411826436085 ], [ -76.370513980733648, 35.927414211685523 ], [ -76.370112803882236, 35.927635448490577 ], [ -76.370107230238077, 35.927638639954864 ], [ -76.369943496808929, 35.927735917441332 ], [ -76.369936573521088, 35.927740224028696 ], [ -76.369814144991565, 35.927819886259989 ], [ -76.36979491490095, 35.927834104940061 ], [ -76.369777519514017, 35.927850517367091 ], [ -76.369752144735202, 35.927877503189016 ], [ -76.369739624436434, 35.927892176216041 ], [ -76.369728575840696, 35.927907987102664 ], [ -76.369719101715305, 35.92792478878566 ], [ -76.369711290182778, 35.927942424986021 ], [ -76.369705213901256, 35.927960731662566 ], [ -76.369700929388571, 35.927979538537762 ], [ -76.369698476496666, 35.927998670681518 ], [ -76.369697878040839, 35.928017950138312 ], [ -76.369699139587553, 35.928037197582384 ], [ -76.369702249402692, 35.92805623398575 ], [ -76.369707178560631, 35.928074882283404 ], [ -76.369713881213372, 35.928092969020256 ], [ -76.369722295016899, 35.928110325964504 ], [ -76.369807137276041, 35.928265770863831 ], [ -76.369812203683054, 35.928276530863499 ], [ -76.369850154624189, 35.928371407778293 ], [ -76.369851700788203, 35.928375906255134 ], [ -76.369847818813824, 35.928378655289549 ], [ -76.369723811572854, 35.928457568800972 ], [ -76.369719930085864, 35.92845979868838 ], [ -76.369715464226218, 35.928460105995114 ], [ -76.369669970916092, 35.92846117206355 ], [ -76.369649923811167, 35.928462652308987 ], [ -76.369630126552678, 35.928466137434285 ], [ -76.369610779131307, 35.928471592232924 ], [ -76.369592076993499, 35.92847896160086 ], [ -76.369574209067125, 35.9284881710932 ], [ -76.369557355852862, 35.928499127676218 ], [ -76.369541687600858, 35.928511720667174 ], [ -76.369527362590816, 35.928525822852457 ], [ -76.369514525533134, 35.928541291772653 ], [ -76.369503306106949, 35.92855797116168 ], [ -76.369493817650238, 35.928575692525385 ], [ -76.369486156014787, 35.928594276843626 ], [ -76.369480398597986, 35.928613536378769 ], [ -76.369476603560898, 35.928633276572178 ], [ -76.369474809240756, 35.928653298009621 ], [ -76.369475033763678, 35.928673398435777 ], [ -76.369477274861524, 35.928693374797376 ], [ -76.369481509894882, 35.928713025294435 ], [ -76.369487696081706, 35.928732151418842 ], [ -76.369495770929518, 35.92875055995966 ], [ -76.369499474173651, 35.928757966440934 ], [ -76.36950169318095, 35.928763108600329 ], [ -76.369503320806601, 35.928768467390512 ], [ -76.369527718871012, 35.928868766845333 ], [ -76.369528695212495, 35.928873990420996 ], [ -76.36952740143397, 35.928879144557655 ], [ -76.369496512324901, 35.928979080145751 ], [ -76.369494757039092, 35.928983870046167 ], [ -76.369491628652028, 35.928987899607996 ], [ -76.369405780189922, 35.929087447018304 ], [ -76.369395442807729, 35.929097793957723 ], [ -76.369306567812345, 35.929174581985194 ], [ -76.369292156767102, 35.929188345108926 ], [ -76.369279186869491, 35.929203474006968 ], [ -76.369267786878765, 35.929219818486509 ], [ -76.369258069968836, 35.929237216286992 ], [ -76.369239281060445, 35.929275185389422 ], [ -76.36923244167636, 35.929290611645207 ], [ -76.369226927023945, 35.929306559533821 ], [ -76.369222776360175, 35.929322915527607 ], [ -76.369211023954321, 35.929379065513267 ], [ -76.369209765565387, 35.929383858955688 ], [ -76.369206004678986, 35.929387086395657 ], [ -76.369090174463992, 35.929476761660432 ], [ -76.369085844333071, 35.929479761838216 ], [ -76.369081221643285, 35.929482288068172 ], [ -76.368966709578743, 35.929537216028393 ], [ -76.368962930587529, 35.929538840636212 ], [ -76.368958949439687, 35.929539818276282 ], [ -76.368428314341031, 35.929647300963907 ], [ -76.368402155036122, 35.929654476507366 ], [ -76.368063233827812, 35.92977268372195 ], [ -76.368048253822877, 35.92977859503543 ], [ -76.368033797978129, 35.9297856924101 ], [ -76.367809341058873, 35.929907344510504 ], [ -76.367794253936694, 35.929916402033427 ], [ -76.36778002137477, 35.929926750664151 ], [ -76.367766753554434, 35.929938310288748 ], [ -76.367744804428284, 35.929959201583017 ], [ -76.367731859520674, 35.929972732903501 ], [ -76.367720236910984, 35.929987415621603 ], [ -76.367710038490941, 35.930003121018629 ], [ -76.367701353666845, 35.930019711410345 ], [ -76.367694258575796, 35.930037041354083 ], [ -76.367688815418163, 35.930054958923726 ], [ -76.367523792232731, 35.93070641190964 ], [ -76.367520028321906, 35.930724891392643 ], [ -76.367518021720755, 35.93074364324238 ], [ -76.367517790270895, 35.930762500727567 ], [ -76.367519336030256, 35.930781296177678 ], [ -76.367522645254766, 35.930799862473748 ], [ -76.367643770596899, 35.931332631243215 ], [ -76.367644684123619, 35.931338001179441 ], [ -76.367643806810918, 35.93134337715086 ], [ -76.36742015922195, 35.932358697160218 ], [ -76.367418720342073, 35.932363874175344 ], [ -76.367415700611261, 35.932368318619851 ], [ -76.366641231985497, 35.933384809260332 ], [ -76.366630903619139, 35.93339972277672 ], [ -76.366621969062265, 35.933415510804345 ], [ -76.366614501821303, 35.933432043451901 ], [ -76.366608563330757, 35.933449184701942 ], [ -76.366242074291634, 35.934685718427687 ], [ -76.36624190838981, 35.934686281208855 ], [ -76.366196907010789, 35.93483976705825 ], [ -76.366192404226283, 35.934858384771857 ], [ -76.366189703110464, 35.934877347849181 ], [ -76.366188828438965, 35.934896482354084 ], [ -76.36618978823455, 35.934915612778035 ], [ -76.366316355951326, 35.936202537982567 ], [ -76.366316785167896, 35.936215488879803 ], [ -76.36630399233421, 35.936617969927809 ], [ -76.366214107425691, 35.939419368670066 ], [ -76.366213611125275, 35.93942661304704 ], [ -76.365883741114729, 35.94256486017315 ], [ -76.365881226745145, 35.942578958705816 ], [ -76.365501174172564, 35.944078331239119 ], [ -76.365499772209802, 35.944082921823146 ], [ -76.365497935288545, 35.944087356310995 ], [ -76.364446016018846, 35.946316708937687 ], [ -76.364443802791001, 35.946320875252447 ], [ -76.36444084349543, 35.946324549368398 ], [ -76.363349853107891, 35.947554772510628 ], [ -76.363346863191452, 35.947557864524889 ], [ -76.363343618030825, 35.947560687481776 ], [ -76.362213620631195, 35.948461107453561 ], [ -76.362209872900166, 35.94846381940004 ], [ -76.362205889978711, 35.948466172371994 ], [ -76.360834343892236, 35.949192812810161 ], [ -76.359562658194704, 35.949860057146637 ], [ -76.359546736764415, 35.949869371614938 ], [ -76.359531741205075, 35.949880113330934 ], [ -76.35951779907316, 35.949892190922576 ], [ -76.358533453918255, 35.950827749773829 ], [ -76.358518186091572, 35.950843972602527 ], [ -76.358504817195225, 35.950861792796502 ], [ -76.358493513099361, 35.95088098925762 ], [ -76.35816359684226, 35.951520200922722 ], [ -76.358155574380163, 35.951537779602219 ], [ -76.358149285722007, 35.951556050416364 ], [ -76.358144789567703, 35.951574842820882 ], [ -76.358142127885444, 35.951593981402816 ], [ -76.358141325520037, 35.95161328751793 ], [ -76.358147990564007, 35.952594942521003 ], [ -76.358497954985452, 36.000157067132015 ], [ -76.358497751430818, 36.000161915485826 ], [ -76.358496755032263, 36.000163271304913 ], [ -76.358485758999706, 36.000176860317808 ], [ -76.358474413186784, 36.000194324412782 ], [ -76.358464944954818, 36.000212873662555 ], [ -76.35845745696831, 36.00023230693666 ], [ -76.358452030419912, 36.000252413519078 ], [ -76.35844872414998, 36.000272975393095 ], [ -76.358447574008551, 36.000293769605243 ], [ -76.358439991277663, 36.002688954575028 ], [ -76.358393004185572, 36.020014220884939 ], [ -76.358392775400404, 36.020018747917277 ], [ -76.358388267225678, 36.020018275978913 ], [ -76.356259444228272, 36.019691988644482 ], [ -76.356246487832593, 36.019690433489878 ], [ -76.353875003492305, 36.019484000580704 ], [ -76.349155044141042, 36.019073699879364 ], [ -76.349138908431058, 36.01907295198162 ], [ -76.342904338784464, 36.019036019498785 ], [ -76.342897645780411, 36.019036091856435 ], [ -76.339100609699045, 36.019140706857307 ], [ -76.339079463084545, 36.019142415154576 ], [ -76.333659944776301, 36.01987119941969 ], [ -76.333648097285177, 36.019873156325168 ], [ -76.32585705420631, 36.021401614629447 ], [ -76.32584304684255, 36.021404889808636 ], [ -76.322122008657573, 36.022417362144573 ], [ -76.322110087365445, 36.022421008516034 ], [ -76.319294425171961, 36.023379171095968 ], [ -76.319289517219232, 36.023380701641443 ], [ -76.316451061091129, 36.024186412810622 ], [ -76.316446898707525, 36.024187498142723 ], [ -76.312586268069921, 36.025105933958741 ], [ -76.312585714567746, 36.02510606646814 ], [ -76.304998750412622, 36.026933816863483 ], [ -76.304997229864156, 36.026934170638832 ], [ -76.296966122890908, 36.028736746060282 ], [ -76.296963854625858, 36.028737227616119 ], [ -76.283840069580492, 36.031364783535231 ], [ -76.283837908337247, 36.031365191576704 ], [ -76.267089989113543, 36.03433682294159 ], [ -76.267087988819469, 36.034337156974011 ], [ -76.2555497268674, 36.036143884371413 ], [ -76.249657914569696, 36.037021564617575 ], [ -76.249652081383744, 36.037022521884467 ], [ -76.24361176937191, 36.038105680408741 ], [ -76.243608217924432, 36.0381063504352 ], [ -76.238722255026786, 36.039073947615861 ], [ -76.238721726721948, 36.039074052978918 ], [ -76.233944325933692, 36.040033530923665 ], [ -76.233939636351849, 36.040034357110237 ], [ -76.229787521630314, 36.040664312155094 ], [ -76.229778416546054, 36.040665269456504 ], [ -76.22656309240233, 36.040854993722249 ], [ -76.222321538392535, 36.041100967805711 ], [ -76.215672717912639, 36.041449961850951 ], [ -76.215671263856606, 36.041450043483458 ], [ -76.212953632482296, 36.041612542473551 ], [ -76.21293840683731, 36.041614039076372 ], [ -76.209934816813558, 36.042025789796291 ], [ -76.209917307844577, 36.042028989445846 ], [ -76.204892129803085, 36.043180509464918 ], [ -76.204887864495788, 36.043181536225354 ], [ -76.198955098953562, 36.044678720220709 ], [ -76.198952886794586, 36.044679291938337 ], [ -76.193988205090136, 36.045992678768059 ], [ -76.19398576954606, 36.04599329046539 ], [ -76.186706804833221, 36.047724568525425 ], [ -76.186703185275832, 36.047725465157988 ], [ -76.1817413317752, 36.049003820438131 ], [ -76.181717154304991, 36.049011719623778 ], [ -76.179833069938383, 36.049762968556465 ], [ -76.179126645858034, 36.050045339653543 ], [ -76.179113544392308, 36.050051128926931 ], [ -76.173984020263461, 36.052540985351918 ], [ -76.167852250847886, 36.05551487355109 ], [ -76.167851731938157, 36.055515126146062 ], [ -76.163657783256767, 36.057564147413821 ], [ -76.163650056936063, 36.057567526323467 ], [ -76.160258747100102, 36.058883154139508 ], [ -76.160249071050018, 36.058886350594442 ], [ -76.157953099094016, 36.059516970617665 ], [ -76.157952884278203, 36.059517029748463 ], [ -76.156449739236706, 36.05993169046728 ], [ -76.156440137761095, 36.05993383679283 ], [ -76.153203218121334, 36.06049175414369 ], [ -76.153188658780138, 36.06049317637509 ], [ -76.152669815600774, 36.06050566675173 ], [ -76.152642344189289, 36.060508231780986 ], [ -76.125756057188781, 36.064905988531059 ], [ -76.124780878669384, 36.065066171605672 ], [ -76.124762211195389, 36.065070161115507 ], [ -76.124744009094954, 36.065075912142689 ], [ -76.124726438185007, 36.065083372296691 ], [ -76.124709658532481, 36.06509247361722 ], [ -76.124693822996164, 36.065103133193354 ], [ -76.124679075834109, 36.065115253918805 ], [ -76.124665551389583, 36.065128725376567 ], [ -76.124653372867144, 36.06514342484477 ], [ -76.124647847983681, 36.065150781576783 ], [ -76.124643118250916, 36.065151903881038 ], [ -76.101070499136256, 36.069524978293529 ], [ -76.101059549158109, 36.069527328593693 ], [ -76.090484005401549, 36.072108995824962 ], [ -76.076077056526273, 36.075628250991436 ], [ -76.076070949994374, 36.07562984516926 ], [ -76.058229392555774, 36.080589551865685 ], [ -76.058205132999362, 36.080598008353526 ], [ -76.049530330965425, 36.084262433820655 ], [ -76.049527635956238, 36.084263526347641 ], [ -76.043692005806889, 36.08653099421759 ], [ -76.041894583422675, 36.087229715739433 ], [ -76.041868308363178, 36.087242199569587 ], [ -76.031210002530571, 36.093292994029078 ], [ -76.030147413812259, 36.093896056950918 ], [ -76.030143924931807, 36.093897859375176 ], [ -76.030140305127716, 36.093899381885585 ], [ -76.023323037691114, 36.096455982659137 ], [ -76.022695725286937, 36.096691592951224 ], [ -76.022672899435705, 36.096701837717795 ], [ -76.022668705520957, 36.096704044968135 ], [ -76.022664921934634, 36.096705837735072 ], [ -76.022661001352645, 36.09670730694431 ], [ -76.022611660036361, 36.096723470625705 ], [ -76.022607211144177, 36.096724689689673 ], [ -76.02260688909837, 36.096720088054717 ], [ -76.022402131030006, 36.086853461897519 ], [ -76.022400765118533, 36.086833913407617 ], [ -76.022397492687588, 36.08681459242505 ], [ -76.02239234515325, 36.086795684435685 ], [ -76.022385371933041, 36.086777370960547 ], [ -76.022376639971469, 36.086759827813211 ], [ -76.022366233097358, 36.086743223411901 ], [ -76.022354251219099, 36.086727717162674 ], [ -76.02234080936546, 36.086713457929093 ], [ -76.022326036581319, 36.086700582603058 ], [ -76.022310074688804, 36.086689214790653 ], [ -76.022293076925735, 36.086679463625487 ], [ -76.022275206474518, 36.086671422720983 ], [ -76.022256634895612, 36.086665169271662 ], [ -76.022237540480418, 36.086660763312075 ], [ -76.022218106539697, 36.086658247140441 ], [ -76.022198519643737, 36.086657644912584 ], [ -76.003520009700267, 36.086998999311938 ], [ -75.99942999407584, 36.087072999359222 ], [ -75.986899997584473, 36.08730000006679 ], [ -75.950462248032309, 36.087957941317896 ], [ -75.950455737633959, 36.087957846811562 ], [ -75.906299848501433, 36.085877228505488 ], [ -75.906295153293442, 36.085876777794937 ], [ -75.90629329238341, 36.085872443613162 ], [ -75.906094147564232, 36.085338418441559 ], [ -75.905799029241436, 36.084536102109674 ], [ -75.905798953428445, 36.084535896350694 ], [ -75.905503045381423, 36.083734147281852 ], [ -75.905110029453027, 36.082664104978605 ], [ -75.905109951718345, 36.082663893702261 ], [ -75.904716027941262, 36.081595098540724 ], [ -75.904421043412981, 36.080792140366349 ], [ -75.904420939640318, 36.080791858547407 ], [ -75.904125035672365, 36.079990118965817 ], [ -75.903732009487925, 36.078921048420305 ], [ -75.903338003654, 36.077851032756037 ], [ -75.903043119340623, 36.077049346998713 ], [ -75.902735348533469, 36.07620298151425 ], [ -75.902734624299484, 36.076201021812118 ], [ -75.90255122804848, 36.075712631089502 ], [ -75.902256028556877, 36.074910102245546 ], [ -75.902255953015583, 36.074909897224806 ], [ -75.90196806192516, 36.074129868187846 ], [ -75.901958783302632, 36.074108612044597 ], [ -75.901947106244791, 36.074088573013121 ], [ -75.901637038727088, 36.073621070841099 ], [ -75.90082999157984, 36.072401999372303 ], [ -75.900023009612767, 36.071183027286388 ], [ -75.899378045967595, 36.070208083287952 ], [ -75.899377935177739, 36.070207915997528 ], [ -75.899018040785492, 36.069665074480298 ], [ -75.89808701248495, 36.068258032720543 ], [ -75.896633992722883, 36.066064001238892 ], [ -75.895020000510684, 36.063627013511699 ], [ -75.893729001812119, 36.061677015525078 ], [ -75.892600000912452, 36.059971015661183 ], [ -75.891308992601409, 36.058021001516316 ], [ -75.8905020048674, 36.056802021032617 ], [ -75.889547443593727, 36.055359331058639 ], [ -75.889532864325275, 36.055339959599344 ], [ -75.889516048214958, 36.055322494578952 ], [ -75.888173992529204, 36.054088000796561 ], [ -75.885227992249668, 36.051378001384613 ], [ -75.882056015172807, 36.048460022249699 ], [ -75.879791033342897, 36.046375038346085 ], [ -75.877978033594133, 36.044708039616161 ], [ -75.875486048177322, 36.042414052262409 ], [ -75.874823489314394, 36.041805083125453 ], [ -75.874805167242627, 36.041790141001705 ], [ -75.874785209934544, 36.041777465386154 ], [ -75.87170901024497, 36.040070010146778 ], [ -75.868048010624221, 36.038039011077288 ], [ -75.866922016511211, 36.037414013932299 ], [ -75.865514013921171, 36.036633012713502 ], [ -75.864684620108022, 36.03617267426759 ], [ -75.864668668039471, 36.036164728502321 ], [ -75.864652071979592, 36.036158234314669 ], [ -75.863727044732627, 36.035843018093495 ], [ -75.862156990993597, 36.035306999671512 ], [ -75.860587006807791, 36.034771004846959 ], [ -75.858389006865423, 36.03402100489825 ], [ -75.855248998648747, 36.032949002099691 ], [ -75.854127247969657, 36.03256613568341 ], [ -75.854114606300044, 36.032562282319667 ], [ -75.852047911645357, 36.032006247201203 ], [ -75.852046067541352, 36.032005760470575 ], [ -75.848740939572721, 36.03115024507953 ], [ -75.845235439141376, 36.030206120454615 ], [ -75.845234542177209, 36.03020588110963 ], [ -75.842640000278138, 36.029520002623855 ], [ -75.840050688973221, 36.028835242175411 ], [ -75.840046770531188, 36.028833999404945 ], [ -75.840050687894163, 36.02883275323785 ], [ -75.841601700592278, 36.028421138659269 ], [ -75.841610226576307, 36.028418672239908 ], [ -75.874628827090731, 36.018067678415115 ], [ -75.874633138652825, 36.018066272904775 ], [ -75.881243980808719, 36.015828002982559 ], [ -75.927496839092356, 36.000162438431218 ], [ -75.927516717791391, 36.000154496102503 ], [ -75.934687862249959, 35.996833911270045 ], [ -75.934692060770587, 35.996832194478401 ], [ -75.934696397913186, 35.996830866268233 ], [ -75.934719229819862, 35.996824995463783 ], [ -75.934734568248103, 35.996820389403403 ], [ -75.938752940607202, 35.995436016935763 ], [ -75.946251988344628, 35.992857000487561 ], [ -75.954354583457729, 35.990070674041469 ], [ -75.954373549853457, 35.990063047079865 ], [ -75.954391638623648, 35.990053523892222 ], [ -75.957107969034013, 35.988441012825021 ], [ -75.960114955824253, 35.986657020789963 ], [ -75.962027983389277, 35.985521004804717 ], [ -75.962726967822448, 35.985106013684337 ], [ -75.965565409052459, 35.983421838539336 ], [ -75.965581443206815, 35.983411251570232 ], [ -75.965596387451598, 35.983399174833565 ], [ -75.965810846863192, 35.983208127881866 ], [ -75.965811134374022, 35.98320787126125 ], [ -75.97312244795512, 35.976669419629282 ], [ -75.973136369947156, 35.976655686727511 ], [ -75.973148884231875, 35.976640659847206 ], [ -75.973159871168178, 35.976624482650784 ], [ -75.973169225716987, 35.976607309798077 ], [ -75.973264981049169, 35.97640902005493 ], [ -75.973389957936632, 35.976150067336533 ], [ -75.973639958090743, 35.975631067856533 ], [ -75.973764958583516, 35.975371067456507 ], [ -75.974014990775089, 35.974851999577183 ], [ -75.974264958851876, 35.974333067781117 ], [ -75.974389991236038, 35.974072999734972 ], [ -75.974514925865066, 35.97381313539131 ], [ -75.974639958805767, 35.973554068061659 ], [ -75.974889958523477, 35.973035067277372 ], [ -75.975139958947082, 35.972515067432248 ], [ -75.975389958213356, 35.971996067532572 ], [ -75.975514925767598, 35.971737135795841 ], [ -75.97551505681821, 35.971736863735579 ], [ -75.975639990690169, 35.971477000171298 ], [ -75.975764958958706, 35.971217067066505 ], [ -75.976014957805958, 35.97069806776242 ], [ -75.976139925860451, 35.97043913519169 ], [ -75.976140056804866, 35.970438863352484 ], [ -75.976264991104259, 35.970178999918836 ], [ -75.976389925748506, 35.969919135440499 ], [ -75.97651492606991, 35.969660135643664 ], [ -75.976515057072518, 35.969659863683027 ], [ -75.976639925803454, 35.969400135812727 ], [ -75.976764925719507, 35.969141135544263 ], [ -75.976765056418415, 35.969140864213962 ], [ -75.976889991224894, 35.968880999915022 ], [ -75.977014926448476, 35.968621135251425 ], [ -75.977139926075196, 35.968362134776491 ], [ -75.977140056666812, 35.968361863668513 ], [ -75.977264925982141, 35.968102135601889 ], [ -75.977389926126207, 35.967843135894803 ], [ -75.977390057131728, 35.967842863927835 ], [ -75.977514991052175, 35.967583000160417 ], [ -75.977639925394001, 35.967323136019381 ], [ -75.977764810835367, 35.967064373167716 ], [ -75.977765169520282, 35.967063626021194 ], [ -75.977849923481784, 35.966886140512322 ], [ -75.977850058006084, 35.96688585823415 ], [ -75.977888745907265, 35.966804514061373 ], [ -75.978010766200725, 35.966551682629493 ], [ -75.978016713398645, 35.966538094302706 ], [ -75.978121921067029, 35.9662711785789 ], [ -75.978122061636711, 35.966270820941745 ], [ -75.978228991686578, 35.965998000142051 ], [ -75.978335991158815, 35.965724999434322 ], [ -75.978442979146706, 35.965452029727842 ], [ -75.978571246614408, 35.965124455065315 ], [ -75.978573195541372, 35.965120103202629 ], [ -75.978575551293332, 35.965115957426264 ], [ -75.978979220599186, 35.964478585148832 ], [ -75.978989907721086, 35.964459469799351 ], [ -75.978998440778412, 35.96443930056305 ], [ -75.980714643804461, 35.959670636667923 ], [ -75.980720142510435, 35.959652780838674 ], [ -75.98072395101353, 35.959634489810554 ], [ -75.981043970843757, 35.957633125829055 ], [ -75.98104401094578, 35.957632874006471 ], [ -75.981079970930324, 35.957406130964557 ], [ -75.981623579145719, 35.95400757244542 ], [ -75.98162433491494, 35.95400241789865 ], [ -75.982654955557294, 35.9462732627279 ], [ -75.982655024987807, 35.946272736707904 ], [ -75.983719789717199, 35.938122539605295 ], [ -75.983720168073759, 35.938119457388808 ], [ -75.984738832254251, 35.929252378834676 ], [ -75.98473918742215, 35.92924962500841 ], [ -75.985773449291131, 35.922022785324664 ], [ -75.985774133958941, 35.922019031087984 ], [ -75.985775103475675, 35.922015340139296 ], [ -75.987464797888222, 35.916456926816998 ], [ -75.987466148282451, 35.916453062032829 ], [ -75.987468106460923, 35.916449482506096 ], [ -75.989491776384639, 35.913083682940766 ], [ -75.98949414034827, 35.913080108404749 ], [ -75.989496802388558, 35.913076749957078 ], [ -75.992279923660305, 35.909859700964553 ], [ -75.992288609754851, 35.909850838552842 ], [ -75.997307346764842, 35.90532957972114 ], [ -75.997308644464837, 35.905328430870327 ], [ -75.999637603982023, 35.90330233669664 ], [ -75.999638381794838, 35.903301667014745 ], [ -76.003788962422362, 35.899765024614787 ], [ -76.007285726603172, 35.896787780056059 ], [ -76.0072921344279, 35.896782082860739 ], [ -76.008328004553093, 35.895820551773461 ], [ -76.008340674320849, 35.895807678412901 ], [ -76.008352130994126, 35.895793714492804 ], [ -76.008362281130459, 35.895778773905157 ], [ -76.009170793715782, 35.894464697603759 ], [ -76.009183521435375, 35.894440428465167 ], [ -76.00987524802872, 35.892868055636029 ], [ -76.009884824129514, 35.89284126164668 ], [ -76.010542744800262, 35.89048288431907 ], [ -76.014961708779779, 35.875186975836201 ], [ -76.014962262706348, 35.875185021286761 ], [ -76.017691032704448, 35.86536664597763 ], [ -76.017695759666196, 35.865345091933783 ], [ -76.018396159555948, 35.861024130577903 ], [ -76.018397555269189, 35.861013832668704 ], [ -76.020572897035905, 35.841085861288676 ], [ -76.021662017100866, 35.831851256497309 ], [ -76.021663276034829, 35.831834691012965 ], [ -76.022389679625007, 35.810669079052303 ], [ -76.022389478396775, 35.810650929165028 ], [ -76.019639039500561, 35.762004859043039 ], [ -76.019638957109208, 35.762003139226479 ], [ -76.019276159800214, 35.752767293299001 ], [ -76.019276175676083, 35.75276300797443 ], [ -76.019276922769123, 35.752758804304719 ], [ -76.020498988949555, 35.747256010593837 ], [ -76.021535980446515, 35.742584049069357 ], [ -76.021721982383909, 35.741748037024372 ], [ -76.022076813595291, 35.740150299776325 ], [ -76.022079735006415, 35.740139858389689 ], [ -76.024558387716723, 35.732834254090008 ], [ -76.024564255403547, 35.732813263254052 ], [ -76.024567804114554, 35.732791758566357 ], [ -76.024568991704825, 35.732769995419247 ], [ -76.024568991094753, 35.73216900150468 ], [ -76.024568991482596, 35.732151530299198 ], [ -76.02456919522109, 35.732147037439816 ], [ -76.024570597503697, 35.732142764162269 ], [ -76.024637890520992, 35.731965263987362 ], [ -76.02474199139948, 35.731692999045514 ], [ -76.024845990956649, 35.731421000210311 ], [ -76.024949833109446, 35.731149413210339 ], [ -76.024950147355653, 35.731148585853177 ], [ -76.025052835173597, 35.730876413486293 ], [ -76.025156991294409, 35.730603998909473 ], [ -76.025260876523859, 35.730332300080896 ], [ -76.02526110507128, 35.730331699452741 ], [ -76.025363877465935, 35.730060300094941 ], [ -76.025467991327076, 35.729787999468641 ], [ -76.025571991465142, 35.729516000134453 ], [ -76.025675876530556, 35.729244299820458 ], [ -76.025676104819325, 35.729243699871091 ], [ -76.025778878006307, 35.728972299471096 ], [ -76.025882991041499, 35.728699999092889 ], [ -76.025986876019431, 35.72842829984463 ], [ -76.025987104376796, 35.728427699715958 ], [ -76.026089877620521, 35.728156299221602 ], [ -76.026193990537735, 35.727883999989174 ], [ -76.026290989780904, 35.727630312332955 ], [ -76.026297067102405, 35.727611746612837 ], [ -76.026301304182269, 35.72759267655897 ], [ -76.026345942788694, 35.727332281615418 ], [ -76.02639498112336, 35.727051058795382 ], [ -76.026443931302438, 35.726771341679054 ], [ -76.026444049678773, 35.726770658261501 ], [ -76.026491942337458, 35.726491281607622 ], [ -76.02654098076205, 35.72621005867753 ], [ -76.02658993110461, 35.725930341040446 ], [ -76.02659004933551, 35.725929658472289 ], [ -76.02663794337451, 35.725650281416016 ], [ -76.02668686235728, 35.725369737520623 ], [ -76.026687114095424, 35.725368261193367 ], [ -76.026733885486905, 35.725087631678853 ], [ -76.026734104139791, 35.725086369651407 ], [ -76.02678389760122, 35.724809522705819 ], [ -76.026784083066929, 35.724808475562412 ], [ -76.026832980732337, 35.724528059071218 ], [ -76.026881921109833, 35.72424839920162 ], [ -76.02688205942124, 35.724247599291949 ], [ -76.02692992292026, 35.723967399838692 ], [ -76.026978931915949, 35.723687340922226 ], [ -76.026979050209604, 35.723686657972806 ], [ -76.027026942424612, 35.723407282093902 ], [ -76.027075660488521, 35.723127893617814 ], [ -76.02707639359086, 35.723124119741428 ], [ -76.027132226341067, 35.722863567778553 ], [ -76.027135191488199, 35.722845901992912 ], [ -76.027136564102278, 35.72282804175746 ], [ -76.027144923571967, 35.722566119933568 ], [ -76.027145148770686, 35.722561884270299 ], [ -76.027165988919663, 35.722282025513231 ], [ -76.02718698972528, 35.72199902551079 ], [ -76.027207964762141, 35.721717351293549 ], [ -76.027208015845972, 35.721716648575367 ], [ -76.027227966608706, 35.72143535122882 ], [ -76.027248989729785, 35.721153025595271 ], [ -76.027269966602162, 35.720870325250949 ], [ -76.027270013817628, 35.720869674559253 ], [ -76.027289965973793, 35.720588351500872 ], [ -76.027310989790621, 35.720306025425288 ], [ -76.027331989542262, 35.72002302569193 ], [ -76.027352964695012, 35.719741350914482 ], [ -76.027353015777763, 35.719740648214106 ], [ -76.027372966679394, 35.71945935030849 ], [ -76.027393988777618, 35.719177025025019 ], [ -76.027413220548894, 35.718917857554473 ], [ -76.027413566650637, 35.718894064078881 ], [ -76.027411084369646, 35.718870397910024 ], [ -76.027367054525627, 35.718604384633821 ], [ -76.027319991034034, 35.718312999056423 ], [ -76.027273000306621, 35.718022053433153 ], [ -76.027226035912264, 35.717732276129148 ], [ -76.027225945510196, 35.717731723239822 ], [ -76.027178045918674, 35.717441329049876 ], [ -76.027130999355407, 35.717150051924008 ], [ -76.027084000040276, 35.716860052766442 ], [ -76.027037044730591, 35.716569330648746 ], [ -76.027036936869678, 35.716568669860372 ], [ -76.026989036624613, 35.716278276561482 ], [ -76.02694325942042, 35.715995823656201 ], [ -76.026940108034196, 35.715980300037323 ], [ -76.026874010912067, 35.715710080888037 ], [ -76.026806052165739, 35.71543324818839 ], [ -76.026805929522979, 35.715432751344984 ], [ -76.026737052736522, 35.715155248011847 ], [ -76.026668990887273, 35.714877998893044 ], [ -76.026601011086072, 35.714601080335271 ], [ -76.026533091702319, 35.714323410803594 ], [ -76.02653288883063, 35.714322588958844 ], [ -76.026464093816685, 35.714046409787208 ], [ -76.026396010854072, 35.71376807928219 ], [ -76.026327991300604, 35.713490999602612 ], [ -76.026260052778795, 35.713214248338694 ], [ -76.02625992996272, 35.713213750794743 ], [ -76.026191052662824, 35.712936248444969 ], [ -76.026123688956673, 35.712661842010498 ], [ -76.026122210482711, 35.712656178684604 ], [ -76.02604808263132, 35.712388330077921 ], [ -76.026047898815662, 35.712387670287669 ], [ -76.025972083564369, 35.712117329437739 ], [ -76.025897082298002, 35.711846329469324 ], [ -76.025896898705867, 35.711845670487108 ], [ -76.025821083363326, 35.711575329467856 ], [ -76.025746081900067, 35.711304328973924 ], [ -76.025745898511929, 35.711303670719602 ], [ -76.025670017800522, 35.711033092859154 ], [ -76.025594110291195, 35.710763420899411 ], [ -76.025519081704346, 35.710492328480029 ], [ -76.025518898510384, 35.710491670932683 ], [ -76.025443083337137, 35.71022132895299 ], [ -76.02536808225166, 35.709950329322041 ], [ -76.025367898716652, 35.709949670542805 ], [ -76.025292083551619, 35.709679328748415 ], [ -76.025217082395116, 35.709408329046767 ], [ -76.025216898808623, 35.709407670084332 ], [ -76.025141083572734, 35.70913732921003 ], [ -76.025066049356653, 35.708866210241908 ], [ -76.025065932314732, 35.708865789128204 ], [ -76.024914992732334, 35.708325003602987 ], [ -76.023775011724069, 35.704240072387151 ], [ -76.023455001965175, 35.703090037775624 ], [ -76.023404034675195, 35.702907156370806 ], [ -76.023403947139926, 35.70290684326023 ], [ -76.02332808327796, 35.702636328998253 ], [ -76.02325308177052, 35.702365328526639 ], [ -76.023252898403641, 35.702364670348551 ], [ -76.023177083886651, 35.702094328294294 ], [ -76.02310210815871, 35.701823422166981 ], [ -76.023101872504583, 35.701822577890823 ], [ -76.023026109592308, 35.701553421885571 ], [ -76.022951082617539, 35.701282328632075 ], [ -76.022950898940252, 35.701281669345292 ], [ -76.022875083561388, 35.701011329452562 ], [ -76.022800082905277, 35.700740329685829 ], [ -76.022799899191213, 35.700739670264021 ], [ -76.022724083574232, 35.700469328661917 ], [ -76.022649081671517, 35.700198328529289 ], [ -76.022648898308603, 35.700197670369583 ], [ -76.022574054922615, 35.699930792832589 ], [ -76.022572229241675, 35.699923134658775 ], [ -76.022518003850251, 35.699648066671166 ], [ -76.022462990891086, 35.699368000043449 ], [ -76.022408004607755, 35.699088066995792 ], [ -76.02235300418387, 35.698809066933322 ], [ -76.022297991259805, 35.698529000128815 ], [ -76.022243003763975, 35.698249066147895 ], [ -76.022188044878675, 35.697970270887197 ], [ -76.022187937311855, 35.697969729165862 ], [ -76.022132045353118, 35.697690269999839 ], [ -76.022077004636486, 35.697411065409014 ], [ -76.02202199151057, 35.697130999900352 ], [ -76.021967003722835, 35.696851065689053 ], [ -76.021912004167191, 35.696572066453442 ], [ -76.02185699103299, 35.696291999478227 ], [ -76.021802004485579, 35.696012066701265 ], [ -76.021747003872306, 35.695733067327225 ], [ -76.021692004950239, 35.695453066759192 ], [ -76.02163704393331, 35.695174269870073 ], [ -76.021636936665928, 35.695173729663544 ], [ -76.021581058258079, 35.69489433612555 ], [ -76.021526003872992, 35.694614065364917 ], [ -76.021471004146704, 35.694335066189133 ], [ -76.021361003803605, 35.693775065941722 ], [ -76.021306004007855, 35.693496066067198 ], [ -76.021251004751434, 35.693216066834381 ], [ -76.021196004483514, 35.692937066192734 ], [ -76.021140990749743, 35.692656999411263 ], [ -76.021086004680711, 35.692377066720653 ], [ -76.021031044704841, 35.692098270125442 ], [ -76.021030937268421, 35.692097729064187 ], [ -76.020975058715891, 35.691818336196974 ], [ -76.020920004055711, 35.691538065653354 ], [ -76.020865974870333, 35.691263990344318 ], [ -76.020864519001663, 35.69125393444876 ], [ -76.0208389945345, 35.690980032903163 ], [ -76.02081302119457, 35.690700320764336 ], [ -76.020788023225748, 35.690421353283703 ], [ -76.020787958574616, 35.690420645934772 ], [ -76.020761991513524, 35.690141999680812 ], [ -76.020735991643534, 35.689862999411616 ], [ -76.020709993932641, 35.689584033438962 ], [ -76.020683994723839, 35.689304032944086 ], [ -76.020657991157918, 35.689025000117532 ], [ -76.020631990900412, 35.688745999705624 ], [ -76.020605990788951, 35.688467000165851 ], [ -76.020579993965697, 35.688188032703643 ], [ -76.020553994550042, 35.687908033290569 ], [ -76.020527990817428, 35.687628999483195 ], [ -76.020502375143892, 35.687354117541169 ], [ -76.020502162515072, 35.687349998079398 ], [ -76.020502290901305, 35.68734587513184 ], [ -76.020523965684802, 35.68704734988335 ], [ -76.020524015259852, 35.687046650099212 ], [ -76.020544967542364, 35.686743349435723 ], [ -76.020566967311737, 35.686440326669164 ], [ -76.020567013709169, 35.686439672757999 ], [ -76.020587969916576, 35.686137303889723 ], [ -76.020609969446852, 35.685833303668552 ], [ -76.020610012490053, 35.685832696023517 ], [ -76.020630968358915, 35.685530327395867 ], [ -76.020652612343923, 35.685232213275313 ], [ -76.020653259984542, 35.68522704828932 ], [ -76.020654443034928, 35.685221978713258 ], [ -76.020735991432531, 35.684940000203184 ], [ -76.02081899144396, 35.684653000179473 ], [ -76.020901990867145, 35.684366000074654 ], [ -76.020984990806397, 35.68407899991567 ], [ -76.021067965435122, 35.683792089006275 ], [ -76.021150875189278, 35.683506397878858 ], [ -76.021151104793304, 35.683505600531731 ], [ -76.021232902594051, 35.683219308842261 ], [ -76.021315990861936, 35.68293199878299 ], [ -76.021397606505687, 35.682649787024815 ], [ -76.021400844763662, 35.68264037417881 ], [ -76.021503820289652, 35.682383426519074 ], [ -76.021504160488064, 35.682382571960204 ], [ -76.02160782231303, 35.682120426848925 ], [ -76.021712869388423, 35.68185830369822 ], [ -76.021713112725791, 35.681857693600911 ], [ -76.0218169550716, 35.681596091736154 ], [ -76.022025966381719, 35.681071061112675 ], [ -76.022234966927599, 35.680547060930401 ], [ -76.022443963237393, 35.680022070686341 ], [ -76.022757962923663, 35.679235071150401 ], [ -76.022966967269426, 35.678710060263221 ], [ -76.023175964500012, 35.678186065464708 ], [ -76.024427527845376, 35.675041676672983 ], [ -76.024430740944254, 35.675034450164105 ], [ -76.025815987975506, 35.672224005825839 ], [ -76.026843930368102, 35.670138123772894 ], [ -76.027024622659098, 35.669772744419603 ], [ -76.027025353163452, 35.669771251684644 ], [ -76.027239639679365, 35.669328724700478 ], [ -76.027240353331564, 35.669327280689792 ], [ -76.027357616696264, 35.669094742910708 ], [ -76.027358360281426, 35.669093252956841 ], [ -76.027478533850669, 35.668849925923965 ], [ -76.027479468093489, 35.668848082499309 ], [ -76.027622855305893, 35.668572260451612 ], [ -76.027623125475074, 35.668571738879578 ], [ -76.027766897177202, 35.668293181229224 ], [ -76.027861665639136, 35.668110482351977 ], [ -76.027864204328679, 35.668106139523069 ], [ -76.027867167984098, 35.668102074570818 ], [ -76.029849938503645, 35.665652476555714 ], [ -76.029861297387228, 35.665636975883444 ], [ -76.030398980594839, 35.664824016130808 ], [ -76.031586202493173, 35.66302821806589 ], [ -76.03158917394488, 35.663024182662248 ], [ -76.031593215175178, 35.663021219139594 ], [ -76.031787930106134, 35.662893039656524 ], [ -76.032060918125708, 35.662713047828348 ], [ -76.032332918705649, 35.662534047520758 ], [ -76.032605991399137, 35.662353999442168 ], [ -76.032878918042115, 35.662174047781328 ], [ -76.033147061334645, 35.661997585692603 ], [ -76.033151077022254, 35.661995205766317 ], [ -76.033155596657167, 35.661994038327322 ], [ -76.033495719977893, 35.661923056551743 ], [ -76.033840662528021, 35.661852067006926 ], [ -76.033841319701907, 35.661851930610027 ], [ -76.034184662421609, 35.661780068452948 ], [ -76.034529992041413, 35.661708999868878 ], [ -76.034874719249771, 35.661638055307172 ], [ -76.034875263030074, 35.661637942610504 ], [ -76.035219775885281, 35.661566044473147 ], [ -76.035558914224268, 35.661496047398735 ], [ -76.035563990088178, 35.661495271384148 ], [ -76.035569060080533, 35.661496085749057 ], [ -76.035913724898734, 35.661569942330289 ], [ -76.036263725408389, 35.661645941578129 ], [ -76.036264258328742, 35.661646056536306 ], [ -76.036613724666012, 35.66172094285816 ], [ -76.036963725018325, 35.661796941800887 ], [ -76.036964257938536, 35.661797056758616 ], [ -76.037313782094643, 35.661871955200489 ], [ -76.037664782476142, 35.661947954177428 ], [ -76.03766520007062, 35.661948044128664 ], [ -76.038014724197453, 35.662022942291159 ], [ -76.038360566805579, 35.6620980387777 ], [ -76.038369310837666, 35.66210035638759 ], [ -76.038711912249951, 35.662207975221854 ], [ -76.039059663179216, 35.662316896515193 ], [ -76.039406663310317, 35.662426895828098 ], [ -76.039407319632858, 35.662427102640976 ], [ -76.039754991286387, 35.66253599982074 ], [ -76.040102790480574, 35.662644936886458 ], [ -76.040304269724643, 35.662708509967267 ], [ -76.040313543228635, 35.662711949303983 ], [ -76.040823468459948, 35.662930347058889 ], [ -76.040826492039372, 35.662931701751262 ], [ -76.041106659990248, 35.663062844706936 ], [ -76.041434661115318, 35.663217843291783 ], [ -76.041435323231738, 35.66321815469788 ], [ -76.04176388522761, 35.663371950402855 ], [ -76.042091765324997, 35.663525893249449 ], [ -76.042419659498066, 35.663680843277049 ], [ -76.042420322830409, 35.663681155256306 ], [ -76.04274461414083, 35.663832951205279 ], [ -76.042748872400068, 35.663835201294013 ], [ -76.042752893670354, 35.663837851776059 ], [ -76.043008789488198, 35.664024852221829 ], [ -76.043268790163793, 35.664215851939936 ], [ -76.04326919354483, 35.664216147492915 ], [ -76.043528789746375, 35.664405852552029 ], [ -76.043788789340567, 35.664596851822147 ], [ -76.043789193036162, 35.664597147605527 ], [ -76.04404878925331, 35.664786852244283 ], [ -76.044308790283381, 35.664977852271804 ], [ -76.044309193718476, 35.664978147864367 ], [ -76.044568789168338, 35.665167852289521 ], [ -76.044828788987132, 35.665358851773391 ], [ -76.044829193052507, 35.665359147827068 ], [ -76.045088991460915, 35.665548999356588 ], [ -76.045348789409658, 35.665738852501178 ], [ -76.045605090011051, 35.665927134288381 ], [ -76.045613026437778, 35.665932673907371 ], [ -76.045854941843302, 35.66609296746627 ], [ -76.045922917560375, 35.666137950367009 ], [ -76.046137714149964, 35.66627981746732 ], [ -76.046373942103386, 35.666436966727581 ], [ -76.04666575850905, 35.666630845643084 ], [ -76.046666223212142, 35.66663115345299 ], [ -76.046930846212007, 35.666805904309115 ], [ -76.047194847043684, 35.66698090380023 ], [ -76.047195136702172, 35.666981095445713 ], [ -76.04745962736871, 35.667155759259956 ], [ -76.04772362956956, 35.667331758376328 ], [ -76.047724355954344, 35.667332240343107 ], [ -76.047988871976202, 35.667506921466945 ], [ -76.048382945467566, 35.66776796949393 ], [ -76.048781846466582, 35.668031904233942 ], [ -76.04904691843889, 35.668207951044756 ], [ -76.049310846146483, 35.668382903677916 ], [ -76.049311136285809, 35.668383095642611 ], [ -76.049575845916493, 35.668557904481297 ], [ -76.049835808290794, 35.668730227087892 ], [ -76.049843875767706, 35.668736178081282 ], [ -76.050092807534753, 35.668939849421051 ], [ -76.050093175025864, 35.668940149368595 ], [ -76.050345990896886, 35.669145999512224 ], [ -76.050598807143245, 35.669351850174955 ], [ -76.050851957888767, 35.66955897237937 ], [ -76.051103840984183, 35.669764876814554 ], [ -76.051104141598245, 35.669765122068569 ], [ -76.05135680774724, 35.669970850232438 ], [ -76.051609807866967, 35.670177849777986 ], [ -76.051610175085514, 35.670178149502959 ], [ -76.051862990823651, 35.670383999835465 ], [ -76.052115806631448, 35.670589849511231 ], [ -76.05236880705651, 35.670796849933645 ], [ -76.052369174953554, 35.670797150211982 ], [ -76.052621990868928, 35.671002999472478 ], [ -76.052874807470786, 35.671208850432386 ], [ -76.05312780841075, 35.671415850051702 ], [ -76.053128175644247, 35.671416149787987 ], [ -76.053380840684454, 35.671621876784009 ], [ -76.053624676313461, 35.671821203324605 ], [ -76.053641985511149, 35.671833867625274 ], [ -76.05391178054289, 35.67200986244741 ], [ -76.053912202400582, 35.672010136880935 ], [ -76.054190853215346, 35.672190910660397 ], [ -76.054468917778408, 35.672371952377517 ], [ -76.054747917406146, 35.672553951747481 ], [ -76.055025854328861, 35.672734910166497 ], [ -76.055026129196122, 35.672735088805652 ], [ -76.055304642709274, 35.672915773208409 ], [ -76.055582643903307, 35.673097772321832 ], [ -76.05558334095285, 35.673098226590959 ], [ -76.055861856929198, 35.673278911978869 ], [ -76.056202888584721, 35.673500933007922 ], [ -76.056418891094296, 35.673641934844809 ], [ -76.05641909125697, 35.673642065336288 ], [ -76.056696928225861, 35.673822958381713 ], [ -76.056796777683402, 35.673887860885273 ], [ -76.056960194914893, 35.673994675091109 ], [ -76.056976405372126, 35.674004214113083 ], [ -76.05699344024093, 35.674012188140225 ], [ -76.057293787383159, 35.674135915756381 ], [ -76.057527981163318, 35.67423299517224 ], [ -76.057930935748786, 35.674399977069037 ], [ -76.05824888918643, 35.674531957209162 ], [ -76.058249094206701, 35.674532042178257 ], [ -76.058567888821969, 35.6746639569729 ], [ -76.058867190849213, 35.674788195504966 ], [ -76.058886288484985, 35.674795009896762 ], [ -76.058905977957451, 35.674799855544521 ], [ -76.059253991227337, 35.674866999731236 ], [ -76.059621990962683, 35.674937999875404 ], [ -76.059989991310545, 35.675008999805982 ], [ -76.060357966497193, 35.675079994736592 ], [ -76.061071242034487, 35.675217423897188 ], [ -76.061095093645875, 35.675220546238222 ], [ -76.06111914759768, 35.675220782421427 ], [ -76.061471990870075, 35.675202999786542 ], [ -76.061848990896252, 35.675183999501257 ], [ -76.062225990680105, 35.675164999849649 ], [ -76.062602991358659, 35.675145999957337 ], [ -76.06296111132292, 35.675127951263612 ], [ -76.062979862288444, 35.675126117716076 ], [ -76.062998357523654, 35.675122527886167 ], [ -76.063324758363706, 35.675043056942222 ], [ -76.063325224828176, 35.675042942775669 ], [ -76.064015958559906, 35.674873007407548 ], [ -76.064360725334666, 35.674788064864316 ], [ -76.064692813796114, 35.674707207904405 ], [ -76.064718614476476, 35.674699041549587 ], [ -76.065064854025039, 35.67456305323914 ], [ -76.065422854112896, 35.674423052985482 ], [ -76.065423127425234, 35.674422945872074 ], [ -76.065781767131682, 35.674282088239657 ], [ -76.06614090357138, 35.674142033871021 ], [ -76.066495457864832, 35.674003381323409 ], [ -76.066502470689613, 35.674000484330534 ], [ -76.066808741906968, 35.673867107833615 ], [ -76.067118742459627, 35.673733107294638 ], [ -76.067119240162597, 35.67373289135638 ], [ -76.067428743060816, 35.673598108317094 ], [ -76.067738742285599, 35.673464107267058 ], [ -76.067739239739126, 35.673463891435688 ], [ -76.06804874265309, 35.673329107803283 ], [ -76.068358742183477, 35.673195106922577 ], [ -76.068359239638411, 35.673194891091086 ], [ -76.068668991290423, 35.673059999436632 ], [ -76.068978741748367, 35.672925107943961 ], [ -76.069288742292287, 35.672791107580757 ], [ -76.069289240694204, 35.672790891338401 ], [ -76.069594545835614, 35.67265793513355 ], [ -76.069599063512015, 35.672656223075599 ], [ -76.069603725693995, 35.672654956346022 ], [ -76.069943991548712, 35.672579999816314 ], [ -76.070288721431936, 35.672504059685451 ], [ -76.070289261401555, 35.672503939953096 ], [ -76.070633721972214, 35.672427059731191 ], [ -76.070978931922596, 35.672351012875716 ], [ -76.071322781313341, 35.672275045741493 ], [ -76.071323201177847, 35.672274952506584 ], [ -76.071667722126961, 35.67219805955412 ], [ -76.07201299180538, 35.672121999397618 ], [ -76.072357721762089, 35.672046058958038 ], [ -76.072358261399572, 35.672045939299359 ], [ -76.072702721230172, 35.671969059565079 ], [ -76.073047991354201, 35.67189300005505 ], [ -76.073387163971006, 35.671818283694464 ], [ -76.073393026075067, 35.671817354664825 ], [ -76.073398957084422, 35.671817129971977 ], [ -76.073805749509063, 35.67182599425967 ], [ -76.074218991014305, 35.671835999533386 ], [ -76.074631991179331, 35.671845999948324 ], [ -76.075038671235149, 35.671855846832621 ], [ -76.075051242439002, 35.671856948491502 ], [ -76.075413768504845, 35.67191196601992 ], [ -76.075414214241562, 35.671912033151841 ], [ -76.075781768322273, 35.671966966548361 ], [ -76.076150729987475, 35.672022959661334 ], [ -76.076151253448927, 35.672023038392574 ], [ -76.076514617629613, 35.672077198549573 ], [ -76.076519900331093, 35.672078281938205 ], [ -76.076524825316568, 35.672080478568404 ], [ -76.076831765697435, 35.672237884202623 ], [ -76.0771438823962, 35.672398943906636 ], [ -76.07714410087209, 35.672399056475506 ], [ -76.077454882115987, 35.67255894375959 ], [ -76.077766765940453, 35.672719883504115 ], [ -76.077767216372266, 35.672720115216222 ], [ -76.07807876605321, 35.672879884668504 ], [ -76.078390766045771, 35.673040883835768 ], [ -76.078391216641791, 35.673041115631328 ], [ -76.078700076439333, 35.673199504777401 ], [ -76.078705802606606, 35.673202682309125 ], [ -76.07898176387512, 35.673367864135585 ], [ -76.078982218312333, 35.673368135331565 ], [ -76.07926085616262, 35.673533919413238 ], [ -76.079261125958695, 35.673534079650196 ], [ -76.079540629323347, 35.673699785478213 ], [ -76.079819765906777, 35.673866864983829 ], [ -76.079820218832538, 35.673867135275714 ], [ -76.080098990756142, 35.674032999499978 ], [ -76.080377764136401, 35.674198865102753 ], [ -76.080633793875663, 35.674352114658653 ], [ -76.080649557164335, 35.674360615427553 ], [ -76.080666017705482, 35.674367671979603 ], [ -76.080683043508458, 35.674373227731081 ], [ -76.080984642582877, 35.674456902732636 ], [ -76.081311992165311, 35.674548999783696 ], [ -76.081638642225073, 35.674640901494399 ], [ -76.08163934001972, 35.674641096452916 ], [ -76.081966642231819, 35.6747319034057 ], [ -76.082281061042494, 35.674820362465766 ], [ -76.082307291536011, 35.674825876357687 ], [ -76.082690979408113, 35.674879998393294 ], [ -76.083859196742836, 35.675044645821238 ], [ -76.083883020731278, 35.67504656130815 ], [ -76.083906903101095, 35.675045621134203 ], [ -76.08425472618552, 35.675011026524459 ], [ -76.084255256334117, 35.675010973082401 ], [ -76.084626991532858, 35.674972999731871 ], [ -76.084998726913355, 35.674935026984173 ], [ -76.085350160890258, 35.674900071874504 ], [ -76.085370770823289, 35.674896929959246 ], [ -76.085390941713513, 35.674891659650051 ], [ -76.085735679879903, 35.674782099171445 ], [ -76.086101916974499, 35.674667023058369 ], [ -76.086453476632599, 35.674556257430986 ], [ -76.086479769461988, 35.674545879001066 ], [ -76.086775877688581, 35.674404054056176 ], [ -76.087085878171337, 35.674256053821594 ], [ -76.087086104784589, 35.67425594545724 ], [ -76.087370847748431, 35.674119564252059 ], [ -76.087386487929365, 35.674111201256878 ], [ -76.087401325725693, 35.674101485560925 ], [ -76.087415244454888, 35.674090493567221 ], [ -76.08763083251759, 35.673904137628327 ], [ -76.087631150289724, 35.673903862359637 ], [ -76.087865649316029, 35.673700296809471 ], [ -76.088101648614469, 35.673497294883248 ], [ -76.08810233367258, 35.673496702906597 ], [ -76.088336308201164, 35.673293592520537 ], [ -76.088337683846689, 35.673292419973166 ], [ -76.088618831772195, 35.673057134026678 ], [ -76.08890085783294, 35.672822111171108 ], [ -76.089183696258317, 35.672587244760003 ], [ -76.089184284517316, 35.672586754369199 ], [ -76.089465830870623, 35.672351133531741 ], [ -76.089735664965133, 35.672126271862467 ], [ -76.089747541999827, 35.67211554050855 ], [ -76.089758522795435, 35.672103893704779 ], [ -76.089961859740413, 35.671870151256265 ], [ -76.08996212316481, 35.671869847826315 ], [ -76.090175859536203, 35.671623151718961 ], [ -76.090389839124512, 35.671377174266404 ], [ -76.090604707231918, 35.671131325364435 ], [ -76.090605274364833, 35.671130673623779 ], [ -76.090815697410918, 35.670887801291641 ], [ -76.090819165009833, 35.670884183663524 ], [ -76.090822978342175, 35.670880932514414 ], [ -76.091091949816445, 35.670674031628579 ], [ -76.091365991399641, 35.670462999992701 ], [ -76.091636103116713, 35.670254993759649 ], [ -76.091640118329238, 35.670252204344777 ], [ -76.091644387477004, 35.67024982166852 ], [ -76.091968990712729, 35.670088999599074 ], [ -76.092297772960919, 35.669926108433806 ], [ -76.092621675577547, 35.66976661748739 ], [ -76.092627108413964, 35.669764331323947 ], [ -76.092632773547066, 35.669762703307576 ], [ -76.092956927350073, 35.669690013578602 ], [ -76.09328777350737, 35.669616049001576 ], [ -76.093617772882382, 35.669543048111962 ], [ -76.093618210058708, 35.669542950888335 ], [ -76.09394180282807, 35.66947060678357 ], [ -76.093956337258305, 35.669468464723003 ], [ -76.094305713502266, 35.669443019659987 ], [ -76.094306268721098, 35.66944297844644 ], [ -76.094662693904809, 35.669416022349246 ], [ -76.095020832154745, 35.669390011230931 ], [ -76.095021150528908, 35.669389987852384 ], [ -76.095249603816541, 35.669373028971698 ], [ -76.095372375233879, 35.669364394836435 ], [ -76.09537797802605, 35.66936431694414 ], [ -76.095383555264206, 35.669364869181408 ], [ -76.095409029687602, 35.669368849451843 ], [ -76.095812806869887, 35.669435969383258 ], [ -76.096246733059004, 35.669508956802062 ], [ -76.096247248540308, 35.669509042814859 ], [ -76.096677336672087, 35.669580229534738 ], [ -76.096681934198799, 35.669581215223481 ], [ -76.096686418433265, 35.669582629605678 ], [ -76.09700764558022, 35.669700872167709 ], [ -76.097008338221102, 35.669701125677079 ], [ -76.097334645090086, 35.669819873479426 ], [ -76.097659916975644, 35.669939604473392 ], [ -76.097662071688248, 35.669940383626994 ], [ -76.097767447534494, 35.669977806863983 ], [ -76.097768532088594, 35.669978199090629 ], [ -76.097987956701203, 35.670058987350444 ], [ -76.098280579396686, 35.670166848215544 ], [ -76.098281402937658, 35.670167149723859 ], [ -76.098308544505045, 35.670177019149882 ], [ -76.098313840497212, 35.670179300221029 ], [ -76.098318837236505, 35.670182178313198 ], [ -76.098592765547423, 35.670361851250462 ], [ -76.099702809338098, 35.671094241388509 ], [ -76.099706801241538, 35.671097172222538 ], [ -76.099709333842895, 35.671101427989321 ], [ -76.099842991424723, 35.671354000036715 ], [ -76.099978990784706, 35.671610999648557 ], [ -76.100114848983111, 35.671867731666353 ], [ -76.100115133781316, 35.671868267880811 ], [ -76.100251848382214, 35.672124731946283 ], [ -76.100384568734299, 35.672375532934495 ], [ -76.100390433904323, 35.672388896223879 ], [ -76.100483952905364, 35.672652890267841 ], [ -76.100579991620904, 35.672924999660843 ], [ -76.100675952464073, 35.673196889997271 ], [ -76.100676029817436, 35.673197108761741 ], [ -76.100771974027609, 35.673467950342953 ], [ -76.100800951746535, 35.67354988885041 ], [ -76.100801030568576, 35.673550111312949 ], [ -76.100964969767773, 35.674011937583145 ], [ -76.101059506254131, 35.674278808630888 ], [ -76.101062660378034, 35.67428712076223 ], [ -76.101171825080343, 35.674556590433852 ], [ -76.10117215833948, 35.67455740788494 ], [ -76.101283871959637, 35.674829709508181 ], [ -76.101394921979534, 35.675102828586411 ], [ -76.101395061860671, 35.675103171702148 ], [ -76.10150686225235, 35.675376682879268 ], [ -76.101523922507724, 35.67541883073666 ], [ -76.10152406188439, 35.675419174155486 ], [ -76.101617980786074, 35.675649972850394 ], [ -76.10172887314441, 35.675922708920567 ], [ -76.101729110473173, 35.675923290007681 ], [ -76.101840823733099, 35.676195592585984 ], [ -76.10194066245765, 35.676442034339154 ], [ -76.101949069324746, 35.676460134054508 ], [ -76.101959238154336, 35.676477305834126 ], [ -76.101971067696638, 35.676493378700684 ], [ -76.102217969473585, 35.676795973667339 ], [ -76.102476150103243, 35.677112172374862 ], [ -76.10249525254865, 35.67713249290653 ], [ -76.102751980336052, 35.677369989397434 ], [ -76.103017980003699, 35.677615989433825 ], [ -76.103262974380741, 35.677842632035009 ], [ -76.10327818789284, 35.677855365496868 ], [ -76.103294588106948, 35.6778665290527 ], [ -76.103312013648235, 35.677876012855336 ], [ -76.103691904985212, 35.678058958217768 ], [ -76.104093817974729, 35.678252984573383 ], [ -76.104102254090648, 35.678256818788896 ], [ -76.104425890093339, 35.67839495701768 ], [ -76.104752653083267, 35.678534854686056 ], [ -76.104753330900749, 35.678535143405234 ], [ -76.105059945763443, 35.678665080596275 ], [ -76.105081360296865, 35.678672750750565 ], [ -76.105103507270954, 35.678677939685571 ], [ -76.105440725344337, 35.678736953193685 ], [ -76.105441256887687, 35.678737045475621 ], [ -76.105800991322155, 35.678798999747414 ], [ -76.106160990832564, 35.678860999580344 ], [ -76.106520991173213, 35.678923000208052 ], [ -76.106875236046676, 35.678984008625861 ], [ -76.106886793552732, 35.678985653353088 ], [ -76.107315965794214, 35.679033996516907 ], [ -76.107751965466292, 35.679082996711664 ], [ -76.108166630332803, 35.679129706177385 ], [ -76.108187001383257, 35.67913095293089 ], [ -76.108207393428529, 35.679130117119755 ], [ -76.108587968368937, 35.679095001549136 ], [ -76.108987967790128, 35.679058001514868 ], [ -76.109383311667571, 35.679021524209794 ], [ -76.109394631931536, 35.679020153269398 ], [ -76.109741758725278, 35.678968034758334 ], [ -76.109742222639994, 35.678967964548448 ], [ -76.110095949331082, 35.678914006265771 ], [ -76.110436794662533, 35.678861865129051 ], [ -76.110460865620666, 35.678856648651177 ], [ -76.110852707750979, 35.678746080070042 ], [ -76.110853274760544, 35.678745919170964 ], [ -76.111255769924782, 35.678631062894119 ], [ -76.111657514155439, 35.678517417440155 ], [ -76.111660481577118, 35.678516627026468 ], [ -76.111681652767189, 35.678511334580612 ], [ -76.111684337697014, 35.678510702606438 ], [ -76.112420954490659, 35.678348007742144 ], [ -76.112801937370676, 35.678264012099277 ], [ -76.113178126115869, 35.678180854673329 ], [ -76.113185912757558, 35.678179454065173 ], [ -76.113540757899614, 35.678130032486955 ], [ -76.11389871999323, 35.678081037397057 ], [ -76.113899263305157, 35.678080962273626 ], [ -76.114256991102536, 35.6780309994611 ], [ -76.114610872955467, 35.677981574469896 ], [ -76.114615000311076, 35.677981172037285 ], [ -76.114619122973622, 35.677981458513869 ], [ -76.114974991679148, 35.678021000105865 ], [ -76.115334718162984, 35.678060969435144 ], [ -76.115335263537844, 35.678061029274758 ], [ -76.115687680907826, 35.678099208080965 ], [ -76.115702107416155, 35.678101854355951 ], [ -76.11600187784002, 35.678179970095734 ], [ -76.116360868267307, 35.678273967914748 ], [ -76.116361114731333, 35.678274032281038 ], [ -76.116694920197205, 35.678360981537182 ], [ -76.117027990977292, 35.678447999496086 ], [ -76.117356161316181, 35.678533737929527 ], [ -76.117360904817488, 35.67853523371074 ], [ -76.117365475630649, 35.678537194790565 ], [ -76.117693773072489, 35.678697893244305 ], [ -76.117694209148567, 35.678698106044031 ], [ -76.118026990806911, 35.6788599998414 ], [ -76.118359990824487, 35.679021999728064 ], [ -76.118688900847303, 35.679182009751173 ], [ -76.118692883951056, 35.679184176715424 ], [ -76.118696653766435, 35.679186696505234 ], [ -76.118893700510739, 35.679331785669348 ], [ -76.118894282021841, 35.679332212231991 ], [ -76.118997694606165, 35.679407783279551 ], [ -76.119126890079698, 35.679502924907794 ], [ -76.11912709426052, 35.679503075070393 ], [ -76.119303863606419, 35.67963290568801 ], [ -76.11930411906107, 35.679633092998863 ], [ -76.119606573131165, 35.679854497852887 ], [ -76.119609873380284, 35.679857135420527 ], [ -76.119612670625301, 35.679860281220677 ], [ -76.120207340679869, 35.680588529944835 ], [ -76.1202107101807, 35.680593179860324 ], [ -76.120213521896957, 35.680598186805319 ], [ -76.120352928809083, 35.680883871464545 ], [ -76.120493929520492, 35.681173871826175 ], [ -76.120494054161426, 35.681174127715686 ], [ -76.12063404832395, 35.681461018900606 ], [ -76.12063580055154, 35.681465053863718 ], [ -76.120636431641046, 35.68146940736284 ], [ -76.120663991333387, 35.681744999650022 ], [ -76.12069199087982, 35.682024999455251 ], [ -76.120719259421378, 35.682297677644314 ], [ -76.120719642687618, 35.682312350914152 ], [ -76.120704005424628, 35.682641703995181 ], [ -76.120686990645453, 35.682979000083684 ], [ -76.120670226053477, 35.683311338209585 ], [ -76.120669776195797, 35.683315958193589 ], [ -76.120668476794606, 35.68332041444576 ], [ -76.12057505996026, 35.683592799322632 ], [ -76.120479059606566, 35.683870800073215 ], [ -76.120478922033342, 35.683871199830854 ], [ -76.120384095423631, 35.68414769458159 ], [ -76.120288096686025, 35.684424695451057 ], [ -76.120287886656058, 35.684425304655093 ], [ -76.120192991307633, 35.68470199989288 ], [ -76.12009984076029, 35.684973605698055 ], [ -76.12009553881893, 35.684984149041888 ], [ -76.119968051961905, 35.685251872228889 ], [ -76.119967930252187, 35.685252128287445 ], [ -76.119838003247892, 35.685525975190693 ], [ -76.119611994417895, 35.686001993766617 ], [ -76.119319134443828, 35.686618698870333 ], [ -76.119318849745596, 35.686619300973604 ], [ -76.119190178351403, 35.686892602476519 ], [ -76.119059990791982, 35.687166000206737 ], [ -76.118930051730089, 35.687438871938269 ], [ -76.118929930022944, 35.687439127990395 ], [ -76.118800183377246, 35.687712593621981 ], [ -76.118799799911514, 35.687713406560562 ], [ -76.118732254317734, 35.687857439606773 ], [ -76.118671063154295, 35.687985848990138 ], [ -76.118670917651485, 35.687986154994363 ], [ -76.118544539086869, 35.688252520948502 ], [ -76.118538072475815, 35.688267746385179 ], [ -76.118431096092351, 35.688551720340904 ], [ -76.118320097853413, 35.688843720240747 ], [ -76.11831988626686, 35.688844279369995 ], [ -76.118210030936154, 35.689135894117669 ], [ -76.118209951623854, 35.689136105014946 ], [ -76.118100030314039, 35.689428894349753 ], [ -76.117989990861545, 35.689720999665312 ], [ -76.11789024035518, 35.68998579278491 ], [ -76.117884331665181, 35.690004102848881 ], [ -76.117880209689361, 35.690022895942697 ], [ -76.11787791257359, 35.69004199814988 ], [ -76.117860017028917, 35.690291644709866 ], [ -76.117859967336827, 35.690292355685621 ], [ -76.117841015121869, 35.690570645014461 ], [ -76.117823069752603, 35.690821000523243 ], [ -76.117822618850099, 35.690840235836333 ], [ -76.117824018386671, 35.690859425465824 ], [ -76.117827255409594, 35.690878391811424 ], [ -76.117882934353062, 35.69113074076661 ], [ -76.117936194132653, 35.691375209129191 ], [ -76.117940845819049, 35.691392709764571 ], [ -76.117947061347735, 35.691409717928146 ], [ -76.117954789765278, 35.691426094191058 ], [ -76.11796396771598, 35.691441704304637 ], [ -76.118105890342065, 35.691659845126303 ], [ -76.118106091659442, 35.691660153936304 ], [ -76.11824731160354, 35.691876341943278 ], [ -76.118258246380208, 35.691891486497973 ], [ -76.118270546390661, 35.691905544827179 ], [ -76.118284104339821, 35.691918394297673 ], [ -76.118298801959355, 35.691929922821323 ], [ -76.118527782574915, 35.692092851328034 ], [ -76.118528199772868, 35.692093147377442 ], [ -76.11878763378536, 35.692276746906366 ], [ -76.119039293832827, 35.69245650153379 ], [ -76.119055173843037, 35.692466747002641 ], [ -76.119389734131005, 35.692660851206689 ], [ -76.119390247904832, 35.692661148268499 ], [ -76.119697259201459, 35.692838053603069 ], [ -76.119718550959149, 35.692848687953614 ], [ -76.119740955196377, 35.692856717804908 ], [ -76.120093922647371, 35.692959979471645 ], [ -76.12047092220233, 35.69306997946331 ], [ -76.120824802111045, 35.693173508388817 ], [ -76.120847215812333, 35.693178687165371 ], [ -76.120870075931194, 35.693181257904065 ], [ -76.121213991163742, 35.693200000002705 ], [ -76.121580720392416, 35.693219985165108 ], [ -76.121947706018787, 35.693240983351096 ], [ -76.121948277536305, 35.693241015231727 ], [ -76.122315976461607, 35.693260998590169 ], [ -76.122661929539817, 35.693279851814324 ], [ -76.122682934736901, 35.693279891837072 ], [ -76.122703828282738, 35.693277728587439 ], [ -76.123026991462723, 35.69322699938386 ], [ -76.123370711667704, 35.693173043945102 ], [ -76.123692940235884, 35.693123397082125 ], [ -76.123714667521668, 35.693118801960573 ], [ -76.123735751408816, 35.693111826303408 ], [ -76.123841310726803, 35.693070267494953 ], [ -76.123842676339009, 35.693069741360837 ], [ -76.124369896384039, 35.692871035669718 ], [ -76.12437008586609, 35.692870964145612 ], [ -76.124685511687161, 35.69275171734261 ], [ -76.124709733981717, 35.692740665531332 ], [ -76.125027672878829, 35.692569171603914 ], [ -76.125028308974464, 35.692568827011954 ], [ -76.125356674213194, 35.692390172856989 ], [ -76.125673868361488, 35.692219078558928 ], [ -76.125686692835274, 35.692211532114598 ], [ -76.125698920745975, 35.692203053072795 ], [ -76.125998703647284, 35.691978215049424 ], [ -76.126311953721668, 35.691745028070244 ], [ -76.12662286912105, 35.691513809398081 ], [ -76.126633557553077, 35.69150687337666 ], [ -76.126951725436328, 35.691328148934502 ], [ -76.126952256851808, 35.691327849355375 ], [ -76.127278634367315, 35.691143201419351 ], [ -76.127510839228023, 35.691013084532131 ], [ -76.127511143341238, 35.691012913772525 ], [ -76.127930309000092, 35.690777071248014 ], [ -76.127934065340384, 35.69077516193893 ], [ -76.127938075300335, 35.690773917216838 ], [ -76.12845066125891, 35.69063808699876 ], [ -76.128821491891884, 35.690541175958067 ], [ -76.128826016822373, 35.690540215705248 ], [ -76.128830641588067, 35.690540108866855 ], [ -76.129418834930277, 35.690553878826037 ], [ -76.129423944216427, 35.690554262616558 ], [ -76.129428866580554, 35.690555684738612 ], [ -76.129747731255961, 35.690665909907416 ], [ -76.130067032063138, 35.690777270695371 ], [ -76.13007185972026, 35.69077924432365 ], [ -76.130076169983298, 35.690782181230396 ], [ -76.130339991117609, 35.690982999355576 ], [ -76.130607991494045, 35.691186999714652 ], [ -76.130875723899365, 35.691390796094538 ], [ -76.130876258803198, 35.691391201844077 ], [ -76.131002485230084, 35.691486617135006 ], [ -76.13114394343404, 35.691594963158408 ], [ -76.13139479183647, 35.691786847555647 ], [ -76.131645906214402, 35.691979933659269 ], [ -76.131646077547785, 35.691980065253226 ], [ -76.131834725923056, 35.692124796202869 ], [ -76.131835256788477, 35.692125202075516 ], [ -76.131894589185862, 35.692170407740861 ], [ -76.131897868037214, 35.692173135112768 ], [ -76.131900901945656, 35.692176132581771 ], [ -76.132015749407316, 35.692299739619678 ], [ -76.132146877715329, 35.692441877046392 ], [ -76.132147105014639, 35.692442123015482 ], [ -76.132391691264644, 35.692706354760141 ], [ -76.132399670427546, 35.692716150981106 ], [ -76.132580885366139, 35.692969851516601 ], [ -76.132765811734757, 35.693229747678608 ], [ -76.132766171727937, 35.693230251958859 ], [ -76.133136810736204, 35.693747747959002 ], [ -76.133321885913418, 35.694007851787596 ], [ -76.133322097150909, 35.694008148088827 ], [ -76.133504193350305, 35.694263082081818 ], [ -76.133509400340458, 35.694271167975387 ], [ -76.133955943653149, 35.695043916396266 ], [ -76.134105846144905, 35.695302749875573 ], [ -76.134254889374603, 35.695561821843555 ], [ -76.134255094609131, 35.69556217774295 ], [ -76.134554888902727, 35.696080822566614 ], [ -76.134555094186481, 35.696081176870358 ], [ -76.134705930981383, 35.69634089612785 ], [ -76.134706051918698, 35.696341104076438 ], [ -76.134857637737142, 35.69660139165282 ], [ -76.13485834995852, 35.696602604775507 ], [ -76.135176382669499, 35.697139970647633 ], [ -76.135177575711865, 35.697142042597974 ], [ -76.135316233916839, 35.697389648460472 ], [ -76.13531776860566, 35.697392339882654 ], [ -76.135471897442301, 35.697657839082275 ], [ -76.13547208445064, 35.697658160530366 ], [ -76.135619716987449, 35.697911383737129 ], [ -76.135626623115684, 35.69792239116294 ], [ -76.136008902730026, 35.698489868454296 ], [ -76.136009080447991, 35.698490131817103 ], [ -76.136202857269978, 35.698776801146522 ], [ -76.136390653662176, 35.699056062357833 ], [ -76.136402061826388, 35.699071391058183 ], [ -76.136611847624835, 35.699326824871513 ], [ -76.136612135920473, 35.699327175087866 ], [ -76.13682884752717, 35.699589824869612 ], [ -76.137036484478088, 35.699842641186869 ], [ -76.137054805367256, 35.699862130218236 ], [ -76.13731785737653, 35.700106875493262 ], [ -76.137589645952133, 35.700360676671878 ], [ -76.137590338935155, 35.700361320730671 ], [ -76.137749891334565, 35.70050890702759 ], [ -76.137818409400424, 35.700572460231243 ], [ -76.137905360487991, 35.700654404883601 ], [ -76.137906635128815, 35.70065559568117 ], [ -76.138129619346444, 35.70086209874782 ], [ -76.138142850095349, 35.700873325640771 ], [ -76.138399949633339, 35.701072966994836 ], [ -76.138662846573439, 35.701276887164639 ], [ -76.138663136835092, 35.701277111884302 ], [ -76.138921049890783, 35.701476409076676 ], [ -76.138933260280751, 35.701485132914421 ], [ -76.139240869012909, 35.70168791922206 ], [ -76.139553868312191, 35.701894918845902 ], [ -76.139554113197718, 35.701895080540915 ], [ -76.139858409612316, 35.702095683440298 ], [ -76.139878231362005, 35.702107178482628 ], [ -76.140217991067232, 35.702278999911798 ], [ -76.140554243926957, 35.702449048063094 ], [ -76.140568216670246, 35.702455452425646 ], [ -76.140582639978646, 35.702460764825283 ], [ -76.14114450494742, 35.702643516384711 ], [ -76.141147483713453, 35.702644459589465 ], [ -76.141542793344684, 35.702766242318155 ], [ -76.141567568209638, 35.702772176908539 ], [ -76.142012067325808, 35.702849109040997 ], [ -76.14203405714747, 35.702851671439547 ], [ -76.142637028459248, 35.702888273596407 ], [ -76.142660954165464, 35.702888292224451 ], [ -76.143195933616653, 35.702856653414329 ], [ -76.143217909241244, 35.702854128373623 ], [ -76.143762280229708, 35.702760835269672 ], [ -76.143783441203297, 35.702756014002148 ], [ -76.144258590833005, 35.702620257529304 ], [ -76.14426732995301, 35.702617542917558 ], [ -76.144637474241975, 35.70249321189312 ], [ -76.144652727531721, 35.702487385201273 ], [ -76.144667454684182, 35.702480333664809 ], [ -76.14493587733503, 35.702338060224719 ], [ -76.144936105455244, 35.702337939124256 ], [ -76.145216778659645, 35.702188707866924 ], [ -76.145223138491104, 35.70218517657468 ], [ -76.145528991373595, 35.70200799937161 ], [ -76.145837870692631, 35.701829069832286 ], [ -76.146147869892033, 35.701650070222058 ], [ -76.146148112464417, 35.701649929929324 ], [ -76.146456200884245, 35.701471457588795 ], [ -76.146457776858369, 35.701470535008795 ], [ -76.146740990889825, 35.701302999907561 ], [ -76.147024990696764, 35.701135000174403 ], [ -76.147308766951554, 35.700967132673483 ], [ -76.147590842673125, 35.700801263190819 ], [ -76.14759520040505, 35.7007988448185 ], [ -76.147921780155087, 35.70062811020609 ], [ -76.148250880626776, 35.700457056798747 ], [ -76.148251101189643, 35.700456941984683 ], [ -76.14857888092655, 35.700286057091766 ], [ -76.148904994687626, 35.700116556850844 ], [ -76.148911085452397, 35.700113647933165 ], [ -76.150019941745313, 35.699629331771241 ], [ -76.150026123018364, 35.699626873478422 ], [ -76.150364747331153, 35.699505087158009 ], [ -76.150365233764489, 35.699504911501521 ], [ -76.150706990817412, 35.699380999502438 ], [ -76.151047109171543, 35.699257682506953 ], [ -76.151050898562474, 35.699256393796595 ], [ -76.151372906922205, 35.699154027074002 ], [ -76.151697906875683, 35.699051026132636 ], [ -76.152021906321878, 35.698948026424475 ], [ -76.152342277523232, 35.698846493599497 ], [ -76.152351829942106, 35.698843978331574 ], [ -76.152725692852982, 35.698765062938108 ], [ -76.153105939912095, 35.698686010579273 ], [ -76.153484796309613, 35.698607040502594 ], [ -76.153485186714491, 35.698606958718976 ], [ -76.153864931109425, 35.698527012920515 ], [ -76.154107617817814, 35.698476077944179 ], [ -76.154243557198228, 35.698448088698555 ], [ -76.154244425879625, 35.69844790783177 ], [ -76.154612238420995, 35.698370474484861 ], [ -76.154635363789666, 35.698364137173733 ], [ -76.154938991692191, 35.698260999423582 ], [ -76.15525399109606, 35.6981539996275 ], [ -76.155568990740349, 35.698046999939343 ], [ -76.155883990586133, 35.697939999482273 ], [ -76.156198990781874, 35.697832999986232 ], [ -76.156513205686991, 35.697726266539426 ], [ -76.156858992662862, 35.697611999199026 ], [ -76.157203742870223, 35.697498081685666 ], [ -76.157204238354765, 35.697497917242657 ], [ -76.157548744036873, 35.697383082214472 ], [ -76.157893909629237, 35.697269026681766 ], [ -76.158236283015924, 35.697155565628286 ], [ -76.158239718632046, 35.697154495292828 ], [ -76.15858373550877, 35.69705407414461 ], [ -76.158584246277613, 35.697053924309394 ], [ -76.158929735627126, 35.696952074698302 ], [ -76.159275991318907, 35.696850999286724 ], [ -76.15962166016574, 35.696750096809218 ], [ -76.159622322172481, 35.696749902326253 ], [ -76.159966580968444, 35.696648121281982 ], [ -76.159967401021319, 35.696647876922306 ], [ -76.160289991370945, 35.696550999479292 ], [ -76.160612990648204, 35.696453999921211 ], [ -76.160935719759422, 35.696357081119238 ], [ -76.160936262727802, 35.69635691722069 ], [ -76.16125871979979, 35.696259082359255 ], [ -76.161577726277486, 35.696163280628575 ], [ -76.161586353225005, 35.696161103371246 ], [ -76.161980708238133, 35.696080058273537 ], [ -76.162380666735913, 35.695999065612348 ], [ -76.162381316303708, 35.695998932951994 ], [ -76.162779507519659, 35.695916923157569 ], [ -76.16278854064042, 35.695915489992508 ], [ -76.163376445972517, 35.695849621050691 ], [ -76.163387571861421, 35.695848999734139 ], [ -76.163592557392064, 35.695849000182704 ], [ -76.163593424272875, 35.695848998305884 ], [ -76.163820111907256, 35.695848016236909 ], [ -76.163823980346265, 35.695848149587754 ], [ -76.163827826814213, 35.695848582350543 ], [ -76.164273467423172, 35.695916311833578 ], [ -76.164277941194683, 35.69591720279417 ], [ -76.164282159739159, 35.695918887605046 ], [ -76.164627073324624, 35.69607513100943 ], [ -76.164630871022567, 35.696076948651758 ], [ -76.164943877046937, 35.696234942398988 ], [ -76.164944104710045, 35.69623505713281 ], [ -76.16525546524511, 35.696391722605327 ], [ -76.165259852847782, 35.696394216329516 ], [ -76.165263965765121, 35.696397140988168 ], [ -76.165588960468526, 35.696653976037666 ], [ -76.16591696953445, 35.696913400934079 ], [ -76.165920926948843, 35.696916700137294 ], [ -76.166181830505579, 35.697145857858352 ], [ -76.166444972200537, 35.697377982882408 ], [ -76.166706501142613, 35.697608568057426 ], [ -76.166978992215633, 35.697852000105058 ], [ -76.167250991460847, 35.698095000191479 ], [ -76.167521709644063, 35.698336855634786 ], [ -76.167524291336932, 35.698339122508493 ], [ -76.167792991322443, 35.698570999600776 ], [ -76.16805162280076, 35.698794189664611 ], [ -76.168063326005338, 35.698803547663829 ], [ -76.168075696997903, 35.698812003176229 ], [ -76.168165715572798, 35.698868703034847 ], [ -76.168182796893461, 35.698878326336668 ], [ -76.168200738361847, 35.698886230966039 ], [ -76.168219367569677, 35.698892340963532 ], [ -76.168238505499815, 35.69889659761521 ], [ -76.168257968246579, 35.698898960016834 ], [ -76.168277568782997, 35.698899405466939 ], [ -76.168428728272318, 35.698895427372378 ], [ -76.168444919992467, 35.698894342652636 ], [ -76.168460970470051, 35.698891948788031 ], [ -76.168554276733275, 35.698874136103463 ], [ -76.168555706560042, 35.698873873898314 ], [ -76.16875379973014, 35.69883903339332 ], [ -76.168754183053679, 35.698838965589957 ], [ -76.168949590961688, 35.698804205131161 ], [ -76.168974015886505, 35.698798255523251 ], [ -76.1695488585204, 35.698619286616683 ], [ -76.169557064902975, 35.698616535528885 ], [ -76.170093478581819, 35.698423700681779 ], [ -76.170108265434521, 35.698417708711418 ], [ -76.170405630913336, 35.698283162573539 ], [ -76.170406351398057, 35.698282834863555 ], [ -76.170708976978858, 35.698144463295279 ], [ -76.170711001030867, 35.698143524137691 ], [ -76.171268410108539, 35.697881098322256 ], [ -76.171281328881662, 35.697874432268101 ], [ -76.171696795824928, 35.697640554256829 ], [ -76.171711563459425, 35.697631373684942 ], [ -76.171725477843324, 35.697620945077681 ], [ -76.172005919304425, 35.697391058822582 ], [ -76.17217916398711, 35.697249312624429 ], [ -76.17218473192888, 35.69724458467136 ], [ -76.172577020287775, 35.696898952340035 ], [ -76.172593046340921, 35.696883143886879 ], [ -76.172607194386416, 35.696865634621339 ], [ -76.17272690835037, 35.696699115742817 ], [ -76.172811617816663, 35.696581641157948 ], [ -76.172821511945372, 35.696566524917792 ], [ -76.172830001620639, 35.696550577506926 ], [ -76.172837017567872, 35.696533929054027 ], [ -76.172842502537918, 35.696516715408187 ], [ -76.17295346509826, 35.696105049999133 ], [ -76.172957689138798, 35.69608555797852 ], [ -76.172959950805165, 35.696065742170404 ], [ -76.172960227606112, 35.696045799633779 ], [ -76.172958516789009, 35.696025928687881 ], [ -76.172939066304551, 35.695883545715056 ], [ -76.172938914071494, 35.695882453777749 ], [ -76.172910446701721, 35.695682298565423 ], [ -76.172905542111266, 35.695658390050298 ], [ -76.172897761872733, 35.69563525695731 ], [ -76.172851103753985, 35.695520278258492 ], [ -76.172850877000442, 35.695519721874156 ], [ -76.172772195423548, 35.695327487849156 ], [ -76.17276170710042, 35.695305717001325 ], [ -76.172748669618969, 35.695285370040502 ], [ -76.172519632508568, 35.694971438567094 ], [ -76.172508654618753, 35.694957703073193 ], [ -76.17249651273562, 35.694944984876322 ], [ -76.172483300709203, 35.694933382281107 ], [ -76.17224999125682, 35.694746000113447 ], [ -76.17199632762663, 35.694542269807549 ], [ -76.171995653718838, 35.694541730944856 ], [ -76.171750865064027, 35.694346859923897 ], [ -76.171730208084512, 35.694332443038235 ], [ -76.171342991381366, 35.694097000071402 ], [ -76.170949608395048, 35.693857807214826 ], [ -76.170940229691027, 35.693852446036985 ], [ -76.170656228916556, 35.693700127047698 ], [ -76.170655753996954, 35.69369987315536 ], [ -76.170366991080272, 35.693545999821509 ], [ -76.170096304143755, 35.693401758311573 ], [ -76.170077587206606, 35.693392994541028 ], [ -76.170058065803602, 35.693386209098144 ], [ -76.169757991299278, 35.693298999413791 ], [ -76.169438268716377, 35.693206080233793 ], [ -76.169437714400715, 35.693205920002924 ], [ -76.169122483751934, 35.693115291735388 ], [ -76.169113442691284, 35.693112919711751 ], [ -76.168697252921874, 35.693014061916486 ], [ -76.168593339203838, 35.692989083349772 ], [ -76.168592642622613, 35.692988917225577 ], [ -76.168280818720547, 35.692915141649436 ], [ -76.168276071873663, 35.692913766831452 ], [ -76.168271484493246, 35.692911928729089 ], [ -76.167943148345643, 35.692761072422627 ], [ -76.167942833967928, 35.692760928308665 ], [ -76.167689144283599, 35.69264489969212 ], [ -76.167685094936189, 35.692642819162074 ], [ -76.167681252193915, 35.69264037802423 ], [ -76.167608514419939, 35.692589366434682 ], [ -76.167607466452324, 35.692588636467072 ], [ -76.167449154829711, 35.692479112684509 ], [ -76.167448827305662, 35.692478886577028 ], [ -76.167273304002862, 35.692357971088796 ], [ -76.167269181270001, 35.692354800483024 ], [ -76.167265807791281, 35.692350842035296 ], [ -76.167027655186203, 35.692039785267028 ], [ -76.16702430443479, 35.692034815016562 ], [ -76.167021575474109, 35.692029478004351 ], [ -76.166975290538275, 35.691923685450824 ], [ -76.166933236140565, 35.691825570553434 ], [ -76.166917311429813, 35.691787759934584 ], [ -76.166916657093722, 35.691786224267517 ], [ -76.166893711648271, 35.691732990534355 ], [ -76.166892176612521, 35.691728955437625 ], [ -76.166891733619423, 35.691724661010674 ], [ -76.166874294489347, 35.691431110807613 ], [ -76.166874253251919, 35.691426052366516 ], [ -76.166876229386048, 35.691421395713583 ], [ -76.166995090055153, 35.691176911037012 ], [ -76.166997153969419, 35.691173096928075 ], [ -76.166999837752201, 35.691169711282896 ], [ -76.167141401259869, 35.691006148419213 ], [ -76.167145196554856, 35.691002220865812 ], [ -76.167149399030123, 35.690998732436142 ], [ -76.167202441254744, 35.690959407288354 ], [ -76.167280904538728, 35.690902063330199 ], [ -76.167281085273402, 35.690901931087119 ], [ -76.16744840509169, 35.690779359724907 ], [ -76.167453151696449, 35.690776280963441 ], [ -76.167458216887795, 35.690773760474059 ], [ -76.167501529170352, 35.690755197803611 ], [ -76.167669800984186, 35.69068407985322 ], [ -76.167787106620295, 35.690634791129312 ], [ -76.167790858810264, 35.690633169247128 ], [ -76.167839389609711, 35.690611600577782 ], [ -76.167843042829432, 35.690610146482292 ], [ -76.167846799191807, 35.690608984523315 ], [ -76.167855475644259, 35.690606670930066 ], [ -76.16786048880806, 35.690605264013683 ], [ -76.167952794863979, 35.690578057777856 ], [ -76.168241420072107, 35.690493629771751 ], [ -76.168247047363252, 35.690492332640453 ], [ -76.168252787136495, 35.690491695822715 ], [ -76.168697753914699, 35.690468327207135 ], [ -76.168710220110086, 35.690468451449526 ], [ -76.169154322142774, 35.690500661398978 ], [ -76.16916360771657, 35.690501773548277 ], [ -76.169725167693329, 35.690595861935741 ], [ -76.169726816030604, 35.690596131040969 ], [ -76.170115743796515, 35.69065796075045 ], [ -76.170116238267525, 35.690658038724557 ], [ -76.170503218114277, 35.690718566103705 ], [ -76.170508734822519, 35.690719588309946 ], [ -76.170878878290893, 35.690798975921545 ], [ -76.171082427983535, 35.690842878766027 ], [ -76.171083555117278, 35.690843118477069 ], [ -76.171144403823689, 35.690855876247298 ], [ -76.171145578088002, 35.690856129820943 ], [ -76.171197260062215, 35.690867615501688 ], [ -76.1712007290174, 35.690868354218516 ], [ -76.17125248559897, 35.690878896981388 ], [ -76.171253496375286, 35.690879108316672 ], [ -76.171625991118162, 35.690958999853315 ], [ -76.171998225262683, 35.691038835102844 ], [ -76.172465993229395, 35.691143000457288 ], [ -76.172917377704096, 35.691243522827882 ], [ -76.172933079671665, 35.691246367419154 ], [ -76.172948958442078, 35.691247951128446 ], [ -76.173402766128021, 35.691274986553502 ], [ -76.173865606629676, 35.691303605457776 ], [ -76.173878387551042, 35.691303986219943 ], [ -76.174313100071913, 35.691303034508266 ], [ -76.174328939401249, 35.691302371520109 ], [ -76.174344676459441, 35.691300456081045 ], [ -76.174755285030741, 35.691233870880147 ], [ -76.174772792026374, 35.691230221938383 ], [ -76.174789903087728, 35.69122502374141 ], [ -76.175194185229273, 35.691082171301623 ], [ -76.175217185187009, 35.691072387889463 ], [ -76.175570700153301, 35.690895161820258 ], [ -76.175594323341201, 35.690881214244499 ], [ -76.175840912714932, 35.690711794885573 ], [ -76.175860013441692, 35.690696891384036 ], [ -76.175877172000042, 35.690679787700319 ], [ -76.176070155667801, 35.690462572872683 ], [ -76.176083112372226, 35.690446369129127 ], [ -76.176094320731693, 35.690428910315518 ], [ -76.176263267912674, 35.690133036987682 ], [ -76.17627134683238, 35.690117312964844 ], [ -76.176278005699231, 35.69010093696626 ], [ -76.17628319248854, 35.690084036935062 ], [ -76.176286866676733, 35.690066744908613 ], [ -76.176304991620796, 35.689957999825964 ], [ -76.176328935884655, 35.689814333136965 ], [ -76.176329045852171, 35.689813666382442 ], [ -76.176375946223217, 35.689526277251453 ], [ -76.176423945118586, 35.689237276847116 ], [ -76.176424036519279, 35.689236721695188 ], [ -76.17646870007944, 35.688963042091451 ], [ -76.176471272413039, 35.68893477496448 ], [ -76.17647698446001, 35.688645322668876 ], [ -76.176476996162748, 35.688644676764675 ], [ -76.176481985769172, 35.688342328935065 ], [ -76.17648798413299, 35.688039333493784 ], [ -76.176487996257464, 35.688038664502614 ], [ -76.176492991540201, 35.687735004871072 ], [ -76.176497985322783, 35.687432329988823 ], [ -76.176503984659064, 35.687129334484759 ], [ -76.176503996809274, 35.687128664059863 ], [ -76.176508933779402, 35.686828476824324 ], [ -76.176509289681235, 35.686821534408864 ], [ -76.176533959409198, 35.686535368557813 ], [ -76.17653402169843, 35.686534630021235 ], [ -76.176555293736982, 35.686276710964407 ], [ -76.176555902117713, 35.686255041742974 ], [ -76.176554161675497, 35.686233433963231 ], [ -76.176550092857269, 35.686212141476226 ], [ -76.176528111633701, 35.686123485109086 ], [ -76.176527868663086, 35.686122515520751 ], [ -76.176489128837886, 35.685969544259386 ], [ -76.17642301563788, 35.685702186620659 ], [ -76.176418283767447, 35.685686009759863 ], [ -76.176280406962462, 35.685279129259023 ], [ -76.176275046327632, 35.685265072762618 ], [ -76.176190267472833, 35.685065640818991 ], [ -76.176180696772334, 35.685046141882346 ], [ -76.176169067947257, 35.685027795840114 ], [ -76.176155518161565, 35.685010819087005 ], [ -76.176140207237324, 35.684995411866716 ], [ -76.175856590882987, 35.684739443543783 ], [ -76.175853361055857, 35.684736591103409 ], [ -76.175519671271431, 35.684448229631215 ], [ -76.17549711976514, 35.684431361986476 ], [ -76.175380275191344, 35.684356182458302 ], [ -76.175379707245298, 35.684355818386351 ], [ -76.175261471652632, 35.684280306561789 ], [ -76.175087275540761, 35.684167650918006 ], [ -76.17506596930285, 35.684155651992171 ], [ -76.174543300356333, 35.683902061347482 ], [ -76.174530482317806, 35.683896388219921 ], [ -76.174228095449067, 35.683775041412815 ], [ -76.174227887900898, 35.683774958259114 ], [ -76.173917991035367, 35.68365099977018 ], [ -76.173698531822041, 35.683563216173759 ], [ -76.173697449167918, 35.683562786765116 ], [ -76.173610640249308, 35.683528648295308 ], [ -76.173607365590669, 35.683527293015409 ], [ -76.173494587186511, 35.683478258907179 ], [ -76.173493394345414, 35.683477744879561 ], [ -76.173398107032469, 35.683437049353294 ], [ -76.173223020051154, 35.683362012463306 ], [ -76.172839993520114, 35.683197716007534 ], [ -76.172836081341714, 35.683195832270449 ], [ -76.172832347803151, 35.683193615444672 ], [ -76.172648446660347, 35.683073298329212 ], [ -76.17264753333184, 35.683072704331259 ], [ -76.172337892822355, 35.682872522614204 ], [ -76.172334141038448, 35.6828698421265 ], [ -76.172331271525294, 35.68286623286194 ], [ -76.172105888358416, 35.682554013130407 ], [ -76.172103203142981, 35.682549876524384 ], [ -76.172100939834706, 35.68254549482058 ], [ -76.172052023850441, 35.682438071431079 ], [ -76.17196086197626, 35.682238290872078 ], [ -76.171956015093457, 35.682225373619509 ], [ -76.171907007152996, 35.682061053490337 ], [ -76.17188239206412, 35.681978688311801 ], [ -76.171881237610748, 35.681974000944955 ], [ -76.171882421269856, 35.681969320867559 ], [ -76.171960520125694, 35.681713810886741 ], [ -76.171962219820117, 35.681709109896396 ], [ -76.171964824639389, 35.681704843377098 ], [ -76.172138740615864, 35.681449766972598 ], [ -76.172142242706741, 35.681445218061533 ], [ -76.172146245123159, 35.681441102494297 ], [ -76.172296753296763, 35.681303217558757 ], [ -76.172297227986533, 35.68130278127223 ], [ -76.172446027649769, 35.681165576668349 ], [ -76.172456526044854, 35.681157132324756 ], [ -76.172769540396004, 35.680938410987103 ], [ -76.172773080684493, 35.680936152774223 ], [ -76.172776798338248, 35.680934200283843 ], [ -76.173261411482059, 35.680705164198216 ], [ -76.173270765912036, 35.680701309604117 ], [ -76.1736049916816, 35.680582999364773 ], [ -76.173939515055039, 35.680464584247893 ], [ -76.17394838727229, 35.680461204598934 ], [ -76.174254991589976, 35.680335999625811 ], [ -76.174558867755692, 35.680211908418308 ], [ -76.174572869492479, 35.68020555213787 ], [ -76.17497236506081, 35.680005329962455 ], [ -76.174986644172705, 35.679997428701171 ], [ -76.175000231566301, 35.679988389580558 ], [ -76.175203496181311, 35.679840858843399 ], [ -76.175218483501638, 35.679828840923342 ], [ -76.175232248653614, 35.679815440521708 ], [ -76.175244664636466, 35.679800781274011 ], [ -76.175255616897161, 35.679784998430208 ], [ -76.175309479233647, 35.679698818517721 ], [ -76.175310518666862, 35.679697190615428 ], [ -76.175338420031025, 35.679654409616099 ], [ -76.175341493390178, 35.679649545760597 ], [ -76.175380369184325, 35.679586015922872 ], [ -76.175381636924087, 35.679583998596144 ], [ -76.175390797561619, 35.679569799808419 ], [ -76.175400208649478, 35.679553593191052 ], [ -76.175408061451051, 35.679536576830436 ], [ -76.175428965566411, 35.679485063209782 ], [ -76.175465606535568, 35.679394946286131 ], [ -76.175466366331221, 35.679393049898721 ], [ -76.175511917132482, 35.679277655191839 ], [ -76.175518026454739, 35.679259738497194 ], [ -76.175522414528359, 35.679241324465167 ], [ -76.175525042043688, 35.67922257805408 ], [ -76.175525885462662, 35.679203667199793 ], [ -76.175525023330238, 35.678892611029795 ], [ -76.175523615451468, 35.678869469900455 ], [ -76.17550403699326, 35.678705383039912 ], [ -76.17549628532646, 35.678638213089371 ], [ -76.175493314645948, 35.67861994297462 ], [ -76.175488667595715, 35.678602025749392 ], [ -76.175482383980295, 35.678584614884592 ], [ -76.17547451762232, 35.678567859513876 ], [ -76.175322186136682, 35.678278956254843 ], [ -76.175313098630369, 35.67826345244827 ], [ -76.175119304561349, 35.677964482707964 ], [ -76.175118675863303, 35.677963518890017 ], [ -76.174992649625082, 35.677771525203788 ], [ -76.174989258213046, 35.677766524892803 ], [ -76.174725295495605, 35.677389717477574 ], [ -76.174718420193912, 35.677380480692733 ], [ -76.17451507640989, 35.677123107577792 ], [ -76.17451490619851, 35.677122892443975 ], [ -76.174412202770199, 35.676993266178506 ], [ -76.17431519387479, 35.676869968156673 ], [ -76.174304492538127, 35.676857462135764 ], [ -76.174292799091248, 35.676845878420231 ], [ -76.174043272523676, 35.676618256303229 ], [ -76.174042708530735, 35.676617743785108 ], [ -76.173948212751995, 35.676532200636387 ], [ -76.17378002642397, 35.676379031457607 ], [ -76.173658170812317, 35.676268162476198 ], [ -76.173523782588788, 35.676145294574177 ], [ -76.173511802521375, 35.676135174569929 ], [ -76.173163990918397, 35.675863999913467 ], [ -76.172824879280256, 35.67559960794496 ], [ -76.172809512318423, 35.675588749297567 ], [ -76.172793192897984, 35.675579382854522 ], [ -76.172502219284127, 35.675430117377495 ], [ -76.172194336759958, 35.675271177767812 ], [ -76.17219364551508, 35.67527082262248 ], [ -76.17188574452824, 35.675113385710389 ], [ -76.17188424338201, 35.675112602035682 ], [ -76.17159599115837, 35.674958999968368 ], [ -76.171307228852172, 35.674805126292632 ], [ -76.171021367219552, 35.674651810364693 ], [ -76.171014764370128, 35.674647936403176 ], [ -76.1707491973891, 35.674478131135231 ], [ -76.17065109116561, 35.674415063480538 ], [ -76.170650891360026, 35.674414935202932 ], [ -76.170485155781165, 35.674308669831134 ], [ -76.170481142800327, 35.674305807287425 ], [ -76.170477432169051, 35.674302562385598 ], [ -76.170364135563503, 35.67419314005943 ], [ -76.170265372353782, 35.674097369000677 ], [ -76.170264608699142, 35.674096632402161 ], [ -76.170191342156073, 35.674026335877784 ], [ -76.169905920366659, 35.673749807347995 ], [ -76.169902232697396, 35.67374582110449 ], [ -76.169899498022531, 35.673741128879037 ], [ -76.169771096398662, 35.673490205716938 ], [ -76.16977088483506, 35.673489793456561 ], [ -76.169650681318316, 35.673256227090917 ], [ -76.16964593228559, 35.673245492461731 ], [ -76.169608406230353, 35.673145109236884 ], [ -76.169607563571375, 35.673142895169576 ], [ -76.169565115700664, 35.673033320897744 ], [ -76.169492794303267, 35.672844703369556 ], [ -76.169491244027441, 35.672839958099772 ], [ -76.16949117626983, 35.672834965896243 ], [ -76.169502815144128, 35.672518784782518 ], [ -76.169503216759836, 35.672514052491564 ], [ -76.169504942521726, 35.672509627831346 ], [ -76.169608818144908, 35.672276867950956 ], [ -76.169611229863605, 35.672272155867489 ], [ -76.169614584018319, 35.672268060777377 ], [ -76.169815563731817, 35.672047757003909 ], [ -76.169819164097802, 35.672044192552129 ], [ -76.169823107740058, 35.672041012043529 ], [ -76.170062344185041, 35.671867372928325 ], [ -76.170067153227762, 35.671864287559664 ], [ -76.170072284064744, 35.671861773419046 ], [ -76.170352884948073, 35.67174372713599 ], [ -76.170357051690445, 35.671742188786659 ], [ -76.170361408042183, 35.671741417867757 ], [ -76.170723336659492, 35.67169374507116 ], [ -76.170728997214781, 35.671693325757467 ], [ -76.170734668715284, 35.671693553338272 ], [ -76.170923882774076, 35.671711989531921 ], [ -76.171192207045337, 35.671738429708675 ], [ -76.171197919371593, 35.671739330054336 ], [ -76.171203488811216, 35.671740886697421 ], [ -76.171629470923378, 35.671887105334875 ], [ -76.17163484376762, 35.67188930757591 ], [ -76.171639923658702, 35.671892120408224 ], [ -76.171993169367397, 35.672115581858201 ], [ -76.172000579552162, 35.672120752827709 ], [ -76.172155874975317, 35.672239910521633 ], [ -76.172156106873828, 35.672240088187714 ], [ -76.172372922923344, 35.672405947879497 ], [ -76.172477450157885, 35.67248576787938 ], [ -76.172488814110082, 35.672493834796349 ], [ -76.172775859900668, 35.672682913740701 ], [ -76.173049278877173, 35.672863631843256 ], [ -76.173068561945286, 35.672874883439995 ], [ -76.173088978910201, 35.672883915753545 ], [ -76.173356878322153, 35.67298495773862 ], [ -76.17335710353882, 35.672985042527479 ], [ -76.173513311516743, 35.673043743940468 ], [ -76.173514672962426, 35.67304424992431 ], [ -76.173614965879921, 35.673081110058916 ], [ -76.173631183575552, 35.673086298234473 ], [ -76.17364778380022, 35.673090088136618 ], [ -76.173804569867642, 35.673118922398459 ], [ -76.173805412204629, 35.67311907544812 ], [ -76.173980137393897, 35.673150436233755 ], [ -76.174000069141329, 35.673152988112378 ], [ -76.174020156355752, 35.673153527052541 ], [ -76.174239835236023, 35.673148378223985 ], [ -76.174255923204242, 35.673147351282807 ], [ -76.174271876203377, 35.673145031983701 ], [ -76.174510363921087, 35.673100479310875 ], [ -76.174528744724412, 35.673096138361132 ], [ -76.174546634104516, 35.673090082962268 ], [ -76.174989645191758, 35.672916408152389 ], [ -76.17500564873886, 35.672909311266295 ], [ -76.175020970361786, 35.672900842076061 ], [ -76.17540533152804, 35.672665853750566 ], [ -76.175419927052729, 35.672656023025546 ], [ -76.175433601935381, 35.67264494737298 ], [ -76.175446250307616, 35.672632712538494 ], [ -76.175497970125591, 35.672578078932382 ], [ -76.175499996306371, 35.672575906509337 ], [ -76.175532355851416, 35.672540690621062 ], [ -76.175685500358711, 35.672377135189755 ], [ -76.175702993666945, 35.672355643976758 ], [ -76.175879254103833, 35.672105521913856 ], [ -76.175890903113626, 35.672086896975458 ], [ -76.17590043918797, 35.672067106799986 ], [ -76.175907747277066, 35.672046390149838 ], [ -76.175912739211029, 35.672024996965064 ], [ -76.175953922338877, 35.671791107776578 ], [ -76.175956621807359, 35.671767921168836 ], [ -76.175956601250704, 35.67174457795813 ], [ -76.175932360982003, 35.671336089360906 ], [ -76.175929677927044, 35.671313230881694 ], [ -76.175924386509749, 35.67129083200318 ], [ -76.175816128318871, 35.670927459416241 ], [ -76.175792167049039, 35.670845600661124 ], [ -76.17579182196674, 35.670844393523147 ], [ -76.175780570052567, 35.670804074943014 ], [ -76.175779367382177, 35.670799938074893 ], [ -76.175718496735499, 35.670598671570566 ], [ -76.175717544288588, 35.670595311676159 ], [ -76.175709491364771, 35.670564888763963 ], [ -76.175708454699418, 35.670561121530532 ], [ -76.175702377927038, 35.670539852966293 ], [ -76.175700100841112, 35.670530032370444 ], [ -76.175618709358488, 35.670076008989774 ], [ -76.17561815586474, 35.670071984059057 ], [ -76.17561793166449, 35.670067927440122 ], [ -76.175614997359318, 35.669865405149842 ], [ -76.175614038887986, 35.669773572252033 ], [ -76.175614199803647, 35.669769017186262 ], [ -76.175614776304215, 35.669764494161114 ], [ -76.175636941459388, 35.669637282960565 ], [ -76.175637039449299, 35.669636715747075 ], [ -76.175667241515782, 35.669460379104599 ], [ -76.175668182494746, 35.669456050405586 ], [ -76.175669868545398, 35.669451972927618 ], [ -76.175722567786593, 35.669338908809451 ], [ -76.175723406232265, 35.669337086138405 ], [ -76.175791831110843, 35.669186352685593 ], [ -76.175852892424274, 35.669053214543574 ], [ -76.175870991010427, 35.669013998929486 ], [ -76.175936817318501, 35.668871375520673 ], [ -76.175937162941523, 35.668870622577373 ], [ -76.175957894565641, 35.668825210678001 ], [ -76.17605227895865, 35.668619727963254 ], [ -76.176055549624621, 35.668612204350389 ], [ -76.176271052051078, 35.668087286724955 ], [ -76.176272872856003, 35.668082690766838 ], [ -76.17637003260748, 35.667828309471965 ], [ -76.176376772036278, 35.667807234075006 ], [ -76.176381142142247, 35.667785543191414 ], [ -76.176383089436143, 35.667763502313392 ], [ -76.176389056347105, 35.667581512486763 ], [ -76.176388783433879, 35.667562630350865 ], [ -76.176386730863669, 35.667543858124219 ], [ -76.176382916935609, 35.667525363165701 ], [ -76.176318648477178, 35.667274287257634 ], [ -76.176309277626402, 35.667246402638831 ], [ -76.176166710154376, 35.666907129213314 ], [ -76.176159634018489, 35.666892075403453 ], [ -76.176151331416293, 35.66687766167086 ], [ -76.176141859778724, 35.666863987718536 ], [ -76.175818242440641, 35.666435977076432 ], [ -76.175816108525808, 35.666432924378668 ], [ -76.175814208190999, 35.666429721054264 ], [ -76.175754181786843, 35.666319349030594 ], [ -76.175753800216114, 35.66631865074045 ], [ -76.175645133805901, 35.666120723492902 ], [ -76.175639621124333, 35.66610891667974 ], [ -76.175529126073698, 35.665825345254198 ], [ -76.17552885525356, 35.665824654023972 ], [ -76.175503102485735, 35.665759281190951 ], [ -76.175502879721947, 35.665758718210313 ], [ -76.175474016210529, 35.665686094289946 ], [ -76.175472281350537, 35.665680919650576 ], [ -76.175471123017758, 35.665675586274617 ], [ -76.175425865791794, 35.665393449398614 ], [ -76.175425299665662, 35.665388019111774 ], [ -76.175426529338395, 35.665382699673813 ], [ -76.175508661999245, 35.665099582693891 ], [ -76.175510196240182, 35.665095104396549 ], [ -76.175512932602103, 35.665091241578061 ], [ -76.175581836001882, 35.66500319770995 ], [ -76.175638032665034, 35.664931760852618 ], [ -76.175641142529514, 35.66492817486921 ], [ -76.175645141104511, 35.664925615921014 ], [ -76.175687138751258, 35.664901489363764 ], [ -76.175855125586367, 35.664807170204995 ], [ -76.175859055861395, 35.664805187651773 ], [ -76.175863374095542, 35.664804307937587 ], [ -76.175953604273147, 35.664790061108306 ], [ -76.175954377794611, 35.664789937420601 ], [ -76.176057256285489, 35.664773280242962 ], [ -76.176060720108481, 35.664772688137617 ], [ -76.176107598860639, 35.664764250165774 ], [ -76.176110389333203, 35.664763788536838 ], [ -76.176160472367016, 35.66475622934913 ], [ -76.176163506745951, 35.664755747494517 ], [ -76.17616950857483, 35.664754747091841 ], [ -76.176174006033932, 35.664754206010613 ], [ -76.176178508465711, 35.66475448720044 ], [ -76.176275495728092, 35.66476494644305 ], [ -76.17627648599661, 35.664765050741849 ], [ -76.176382678136349, 35.664775968082772 ], [ -76.176594123632398, 35.664798378273687 ], [ -76.176605744357133, 35.664800308309552 ], [ -76.177051454960719, 35.664901650264021 ], [ -76.17705451584564, 35.664902397126554 ], [ -76.177446057558015, 35.665004495950747 ], [ -76.177449903511217, 35.665005581351018 ], [ -76.177651769421814, 35.665066932436751 ], [ -76.177895360547311, 35.66514158053829 ], [ -76.177899900857639, 35.665143216236224 ], [ -76.177904261917348, 35.665145283378344 ], [ -76.178230269855248, 35.665319614056457 ], [ -76.178231715527957, 35.665320379534542 ], [ -76.178329524724489, 35.66537165808365 ], [ -76.178333839884957, 35.665374205553306 ], [ -76.178337557276336, 35.665377565793229 ], [ -76.178604166394109, 35.665644175679489 ], [ -76.178613114255981, 35.665654435574574 ], [ -76.17882890038419, 35.665938880335638 ], [ -76.178948513815939, 35.666097045866849 ], [ -76.178951372116316, 35.666101024388148 ], [ -76.179236956840555, 35.666519818587318 ], [ -76.17924872500366, 35.666535386035896 ], [ -76.179261954329874, 35.666549732465619 ], [ -76.179527305087689, 35.666810704820939 ], [ -76.179543765063158, 35.666825205841988 ], [ -76.179561714145009, 35.666837816982486 ], [ -76.179580936401123, 35.666848386527128 ], [ -76.179809250876104, 35.66695807489738 ], [ -76.1798246165081, 35.666964681073644 ], [ -76.179840480386176, 35.666969980279589 ], [ -76.179856731564641, 35.666973935454649 ], [ -76.180214846761203, 35.667045377750618 ], [ -76.18024136822747, 35.667048844892264 ], [ -76.180493734729865, 35.667064783971107 ], [ -76.180512960337694, 35.667065072121645 ], [ -76.180532124767922, 35.667063512749671 ], [ -76.180791190478431, 35.667029833650261 ], [ -76.180812706402378, 35.6670258290277 ], [ -76.180833655949257, 35.667019497482045 ], [ -76.181096200298455, 35.666924184404515 ], [ -76.181115506874221, 35.666916006166851 ], [ -76.18113385115484, 35.666905851620704 ], [ -76.181401660712098, 35.666738690105262 ], [ -76.181421095036399, 35.666724884842957 ], [ -76.181438748744455, 35.66670886532922 ], [ -76.181618981525304, 35.666524571969781 ], [ -76.181630779725566, 35.666511388828937 ], [ -76.181641366753311, 35.666497214641993 ], [ -76.181650659766959, 35.666482160319383 ], [ -76.181658586050361, 35.666466343658442 ], [ -76.181769208381837, 35.666218836837388 ], [ -76.181777157380168, 35.666198006048681 ], [ -76.18178273838619, 35.666176419925726 ], [ -76.181785882040813, 35.666154346734565 ], [ -76.18180658666077, 35.665913342899756 ], [ -76.181807319155993, 35.66589699747189 ], [ -76.181806713113431, 35.665880646867194 ], [ -76.181779437843304, 35.665531513767057 ], [ -76.181777143713518, 35.665513146100643 ], [ -76.181773161267998, 35.665495069200233 ], [ -76.181639697708917, 35.664999623125745 ], [ -76.181638213279626, 35.664994396351652 ], [ -76.181544048703387, 35.664679193128279 ], [ -76.181543932916568, 35.664678806967018 ], [ -76.181448016215654, 35.664360082646731 ], [ -76.181353344870374, 35.66404648268135 ], [ -76.181350429992605, 35.664037585400045 ], [ -76.181248027538928, 35.663748100855528 ], [ -76.181247955643528, 35.66374789795961 ], [ -76.18114409226034, 35.663455285555656 ], [ -76.181041055502703, 35.663162183953212 ], [ -76.181040925249647, 35.663161814587625 ], [ -76.180937026513917, 35.662868100613473 ], [ -76.180936954839424, 35.662867898340259 ], [ -76.180833657987407, 35.662576879413585 ], [ -76.180832399415465, 35.662573095962244 ], [ -76.180728071551528, 35.662237257121937 ], [ -76.180624070129412, 35.661899257366159 ], [ -76.180623910853171, 35.661898742197586 ], [ -76.180519600744276, 35.661562962682339 ], [ -76.180518341162681, 35.661559050379864 ], [ -76.180437773489516, 35.661317346770794 ], [ -76.180431161946814, 35.661300185875675 ], [ -76.180423002040499, 35.661283704833622 ], [ -76.180413362764355, 35.661268042995495 ], [ -76.180267905708789, 35.661054377926568 ], [ -76.180256656620131, 35.661039411190451 ], [ -76.180244057258662, 35.661025561956677 ], [ -76.180230218040506, 35.661012951594813 ], [ -76.179959181990057, 35.660788275725729 ], [ -76.179935577437334, 35.660771438551954 ], [ -76.179705326984148, 35.6606312041256 ], [ -76.179539512049516, 35.660529319702803 ], [ -76.179538468122374, 35.660528682653784 ], [ -76.179477826492629, 35.660491930512265 ], [ -76.179467998026126, 35.660486347432197 ], [ -76.17931325147903, 35.660404138232309 ], [ -76.179312729516894, 35.66040386192698 ], [ -76.179222409989336, 35.660356221064937 ], [ -76.179221571600436, 35.6603557813729 ], [ -76.179086091801977, 35.660285137487861 ], [ -76.17908212477856, 35.660282829726235 ], [ -76.179078941419249, 35.660279523782428 ], [ -76.179039785038995, 35.6602349040052 ], [ -76.179038186881456, 35.660233104810473 ], [ -76.178941486406089, 35.660125550349647 ], [ -76.178851509586124, 35.6600239714965 ], [ -76.178848240064909, 35.660019859686741 ], [ -76.178846421305693, 35.660014927144665 ], [ -76.178796162540706, 35.659852553579441 ], [ -76.178795826283263, 35.659851444503161 ], [ -76.178777372075899, 35.659789282033771 ], [ -76.178776593774472, 35.659786723186684 ], [ -76.178759662414109, 35.659732365602665 ], [ -76.178758305905433, 35.659726957834167 ], [ -76.17875818860422, 35.659721383758814 ], [ -76.178766810218093, 35.659476149112933 ], [ -76.178767253177213, 35.659471050157329 ], [ -76.178768729994246, 35.659466149690786 ], [ -76.17886056997024, 35.659209964916393 ], [ -76.178862152855672, 35.659206073622954 ], [ -76.178864358988903, 35.65920251612939 ], [ -76.179069275768001, 35.658900994569223 ], [ -76.179075078177931, 35.658893285349123 ], [ -76.179268831653474, 35.658660190856907 ], [ -76.179459979007319, 35.658431393105978 ], [ -76.179473045888813, 35.658413892391344 ], [ -76.179706955919201, 35.658062053183549 ], [ -76.179942855466578, 35.65770771415427 ], [ -76.179952391938741, 35.657691843022263 ], [ -76.180140960201683, 35.657342323922848 ], [ -76.180150007867596, 35.657323196323972 ], [ -76.180241462355667, 35.65710001441655 ], [ -76.1802474270863, 35.65708340480888 ], [ -76.180251904378224, 35.657066334046291 ], [ -76.180254859369327, 35.657048935049019 ], [ -76.180256269050773, 35.657031343293092 ], [ -76.180264352882915, 35.656805807906075 ], [ -76.180264200030521, 35.656788042009403 ], [ -76.1802624711449, 35.656770359775301 ], [ -76.180234990860328, 35.656577997012192 ], [ -76.180231762689118, 35.65656080740731 ], [ -76.180227045059937, 35.656543965567145 ], [ -76.180220874051258, 35.656527600291184 ], [ -76.180213296856437, 35.656511836734353 ], [ -76.180129221299055, 35.656354896026407 ], [ -76.18011886340706, 35.656337695608059 ], [ -76.180106833107416, 35.656321620403283 ], [ -76.180093251647605, 35.656306832426161 ], [ -76.180078255908484, 35.65629348071743 ], [ -76.17994413393501, 35.656185630056648 ], [ -76.179929731611566, 35.656175071850321 ], [ -76.179914444905762, 35.656165840422105 ], [ -76.179898395691836, 35.656158009370188 ], [ -76.179881711923244, 35.65615164112814 ], [ -76.179591336399071, 35.656055421910118 ], [ -76.179564158205196, 35.656048488105093 ], [ -76.17921390439507, 35.655984891596091 ], [ -76.179204040129008, 35.655983353761087 ], [ -76.179163103440132, 35.655978014568404 ], [ -76.178973657975988, 35.655953087783864 ], [ -76.178843579394851, 35.655935081195565 ], [ -76.178842396705534, 35.65593492107255 ], [ -76.178575739681264, 35.655899628553357 ], [ -76.178571042730923, 35.655898776379765 ], [ -76.178566448810258, 35.655897478907526 ], [ -76.178149278811986, 35.655757771011757 ], [ -76.178144121744111, 35.655755717737826 ], [ -76.178139225184509, 35.655753103356794 ], [ -76.178042682842275, 35.655694420421007 ], [ -76.177916069973975, 35.655616048320468 ], [ -76.177851918440538, 35.655576425489166 ], [ -76.177848152383987, 35.655573852054012 ], [ -76.177845926428475, 35.655569870738205 ], [ -76.177758991336873, 35.655396000962305 ], [ -76.177744209428326, 35.655366436057619 ], [ -76.177742236344699, 35.655361946149334 ], [ -76.177742151309403, 35.655357042568333 ], [ -76.177747838073202, 35.655180761187651 ], [ -76.177748216063605, 35.655176039290374 ], [ -76.177749481430851, 35.6551714744203 ], [ -76.177826596973276, 35.654937233510161 ], [ -76.177828173279508, 35.654933078541326 ], [ -76.177830113168753, 35.654929080374401 ], [ -76.177962279288806, 35.654685008714978 ], [ -76.177965248032748, 35.654680201645171 ], [ -76.177969225633319, 35.654676189158288 ], [ -76.178144748955063, 35.654518217391598 ], [ -76.178225910594819, 35.654445648903682 ], [ -76.178230152987794, 35.654442254507181 ], [ -76.178235032229608, 35.654439862236892 ], [ -76.178453802626663, 35.654347079972595 ], [ -76.178618079630709, 35.654277805969954 ], [ -76.178621935042784, 35.654276273606925 ], [ -76.178801865564282, 35.654209047196289 ], [ -76.17897382336723, 35.654145062536401 ], [ -76.179325596378874, 35.654014885739272 ], [ -76.179330427751779, 35.654013236817043 ], [ -76.179902137017976, 35.653834275546643 ], [ -76.179918694613107, 35.653828280208629 ], [ -76.17993466066153, 35.65382085166015 ], [ -76.180360046882669, 35.653599650887287 ], [ -76.180377422199712, 35.653589473140208 ], [ -76.180667796133932, 35.653399127423199 ], [ -76.180668186356925, 35.653398870972723 ], [ -76.180957500631436, 35.653208252671604 ], [ -76.180975711532099, 35.653194712437489 ], [ -76.181315033813888, 35.652911156338654 ], [ -76.1813355368825, 35.652891378935173 ], [ -76.181681099945322, 35.652506892977641 ], [ -76.181697494794932, 35.652486016186884 ], [ -76.181855883475777, 35.652254157482325 ], [ -76.18185609865246, 35.652253841847241 ], [ -76.182021726896721, 35.652010388393578 ], [ -76.182188242662505, 35.651768088755652 ], [ -76.182189725936936, 35.651765899554448 ], [ -76.182363844850741, 35.65150521847346 ], [ -76.182539844187502, 35.651243218110451 ], [ -76.182540137156082, 35.651242780742074 ], [ -76.182708025677911, 35.650991427716299 ], [ -76.182720598698921, 35.650969784121727 ], [ -76.182896942373418, 35.650617097725615 ], [ -76.183078587380209, 35.650254804934484 ], [ -76.183079409629897, 35.650253201186878 ], [ -76.183230799832032, 35.649964365136107 ], [ -76.183383925335121, 35.649675125363395 ], [ -76.183384058377527, 35.649674873625543 ], [ -76.183534907297997, 35.649388950453591 ], [ -76.183537159106109, 35.649385108388856 ], [ -76.183539744650787, 35.649381482501724 ], [ -76.183868398886986, 35.648961590298818 ], [ -76.183872233156535, 35.648957239557014 ], [ -76.183876547324488, 35.648953364182205 ], [ -76.184080415162924, 35.648790651930661 ], [ -76.184089962168784, 35.648783907078538 ], [ -76.184342654376707, 35.648626697928385 ], [ -76.184347106256737, 35.648624234155832 ], [ -76.184351786148682, 35.648622237152644 ], [ -76.184593844302427, 35.64853325963815 ], [ -76.184606381054152, 35.64852956234644 ], [ -76.184873240525931, 35.648469518396986 ], [ -76.184886887858639, 35.648467425860034 ], [ -76.185371185246382, 35.648427150055085 ], [ -76.185374802046638, 35.648426915183961 ], [ -76.186034248799118, 35.648396081214798 ], [ -76.186037735787949, 35.648395979091234 ], [ -76.18654183784858, 35.648390013252886 ], [ -76.186544145015986, 35.648389972635904 ], [ -76.186921723712544, 35.64838114636504 ], [ -76.18693423662161, 35.648380461150282 ], [ -76.187288802237362, 35.648349878729832 ], [ -76.187309037894678, 35.648347086267052 ], [ -76.187843233538146, 35.648245334537421 ], [ -76.187846759480252, 35.64824472808435 ], [ -76.188178045733764, 35.648193831988806 ], [ -76.188194463199565, 35.648190601611219 ], [ -76.188210553189649, 35.648186010234369 ], [ -76.188226203086771, 35.648180089994277 ], [ -76.18844630008536, 35.648086125852465 ], [ -76.188462601491636, 35.648078276606611 ], [ -76.188478126851038, 35.648068986303983 ], [ -76.188718627769376, 35.647909871139582 ], [ -76.188732895664756, 35.647899498779864 ], [ -76.188943126691001, 35.647732011996332 ], [ -76.188958253802085, 35.647718659201892 ], [ -76.188971958523098, 35.647703850176562 ], [ -76.188984101365136, 35.647687735649058 ], [ -76.189080914383013, 35.647544785547787 ], [ -76.189089666232334, 35.647530627819457 ], [ -76.189097210560263, 35.647515791402967 ], [ -76.189103495115504, 35.647500379053909 ], [ -76.189193808921829, 35.647249507648496 ], [ -76.189194179957923, 35.64724849418775 ], [ -76.189310535888737, 35.646935910916589 ], [ -76.189312149372853, 35.646932074085541 ], [ -76.189314371114463, 35.646928571500546 ], [ -76.189404903591651, 35.646798125566065 ], [ -76.189496414393986, 35.64666670152976 ], [ -76.189501891904413, 35.646659545909635 ], [ -76.189587753353536, 35.646557282884281 ], [ -76.189588227523672, 35.646556716012874 ], [ -76.189652504256031, 35.646479583915507 ], [ -76.189653474039744, 35.646478411130865 ], [ -76.189682358789483, 35.646443208192572 ], [ -76.189685114720263, 35.646440120094667 ], [ -76.189688332583827, 35.646437539560658 ], [ -76.189794072860082, 35.646359675933248 ], [ -76.18979590132308, 35.646358313369994 ], [ -76.189855507888169, 35.646313364030007 ], [ -76.189856478345959, 35.646312641375552 ], [ -76.189886423674707, 35.64629062285838 ], [ -76.189890093402269, 35.646288167145315 ], [ -76.189894123160471, 35.646286404769143 ], [ -76.190003378668891, 35.646244236231738 ], [ -76.190073022122888, 35.646217880854977 ], [ -76.190078048806683, 35.646216278730016 ], [ -76.190083305858792, 35.646215773368532 ], [ -76.190237200795607, 35.646209204474644 ], [ -76.190241967974217, 35.646209229650125 ], [ -76.190246642976248, 35.646210162913626 ], [ -76.190412228682732, 35.646251559158131 ], [ -76.190417865821232, 35.646253329905612 ], [ -76.190423253434346, 35.646255756117313 ], [ -76.1906142186224, 35.646355785553581 ], [ -76.190628229185975, 35.646362445266419 ], [ -76.190642713770558, 35.646367999046809 ], [ -76.190948462966432, 35.646471820035536 ], [ -76.190949518140783, 35.646472184915488 ], [ -76.191201824300791, 35.646561012528217 ], [ -76.191216137916484, 35.64656545646298 ], [ -76.191230744127409, 35.646568816039327 ], [ -76.191440650598423, 35.646608880610827 ], [ -76.191457064526489, 35.646611312758623 ], [ -76.191473623574652, 35.646612375914778 ], [ -76.191672462835868, 35.646616874660211 ], [ -76.191683519036687, 35.646616819122286 ], [ -76.19196730399787, 35.646607545258952 ], [ -76.191983911047259, 35.646606308877068 ], [ -76.192000357669599, 35.646603695193264 ], [ -76.192173422183572, 35.646568749146127 ], [ -76.192191732433798, 35.646564142649169 ], [ -76.192209526705099, 35.646557830043776 ], [ -76.192382043668019, 35.646487294110571 ], [ -76.192407076517966, 35.646474955395767 ], [ -76.192590325040726, 35.64636813264206 ], [ -76.192605516038753, 35.646358331445114 ], [ -76.192619759929599, 35.646347198545392 ], [ -76.192843834414759, 35.646155134678594 ], [ -76.193074220233953, 35.645958486595042 ], [ -76.193090843730175, 35.645942554877323 ], [ -76.19338460728423, 35.645626619827638 ], [ -76.193399825363358, 35.645608150568265 ], [ -76.193412728498203, 35.645587995852061 ], [ -76.193529728025766, 35.645378629259397 ], [ -76.193537573332051, 35.645363027470793 ], [ -76.193609171159764, 35.64520366420804 ], [ -76.193616883719855, 35.645183704269812 ], [ -76.193622419661565, 35.64516303458025 ], [ -76.193625715614573, 35.64514189174669 ], [ -76.193626733849911, 35.645120517792584 ], [ -76.19362615016415, 35.645021889253776 ], [ -76.193625251530989, 35.645004098109425 ], [ -76.19362277339296, 35.644986457497453 ], [ -76.193618735409885, 35.644969107366286 ], [ -76.193577160357194, 35.64482074219886 ], [ -76.193572206887652, 35.644805457176702 ], [ -76.193461117068765, 35.64450446883658 ], [ -76.193454115630047, 35.644487847644164 ], [ -76.193342142755526, 35.644252318251269 ], [ -76.193287530509878, 35.644136390321364 ], [ -76.193285328465763, 35.644130887739138 ], [ -76.193283795903724, 35.644125161508406 ], [ -76.193233959910117, 35.643881729709101 ], [ -76.193233225269893, 35.643876986532426 ], [ -76.193233414409264, 35.643872190529017 ], [ -76.193256493126484, 35.643609668779575 ], [ -76.193258130292506, 35.643598424114941 ], [ -76.193333131517278, 35.643231208195239 ], [ -76.193334168033005, 35.643227052212865 ], [ -76.193335894563745, 35.643223149568684 ], [ -76.193507001895256, 35.642877045605488 ], [ -76.193513765152332, 35.642865410953299 ], [ -76.193818764968171, 35.642413777688041 ], [ -76.193825745792978, 35.642404625426359 ], [ -76.194051991571158, 35.64214099969989 ], [ -76.194278169603976, 35.641877452860605 ], [ -76.194285545408462, 35.641868330124403 ], [ -76.194418729059919, 35.641693344310639 ], [ -76.194419252519054, 35.641692653452914 ], [ -76.194549769905592, 35.64151961983103 ], [ -76.194552278012921, 35.64151643136065 ], [ -76.194675095231645, 35.641366653347561 ], [ -76.194687159770325, 35.641350313906358 ], [ -76.194697504897874, 35.641332835097231 ], [ -76.194706023922279, 35.641314397183692 ], [ -76.194712628984618, 35.641295190320754 ], [ -76.194717251965173, 35.641275412593806 ], [ -76.194719845185929, 35.641255267975701 ], [ -76.194723971740871, 35.64120194025211 ], [ -76.194724506842391, 35.641181570693888 ], [ -76.19472296655097, 35.641161252408082 ], [ -76.19471936685504, 35.641141196301156 ], [ -76.194713745119913, 35.64112161055813 ], [ -76.194706159699948, 35.641102698481575 ], [ -76.194686137590026, 35.64105931727704 ], [ -76.194676188090867, 35.641040469808445 ], [ -76.194664289508665, 35.641022788084904 ], [ -76.194650576957642, 35.64100647289105 ], [ -76.194635206150537, 35.64099170949391 ], [ -76.194559778361025, 35.640926622580295 ], [ -76.194543371881295, 35.64091388956605 ], [ -76.194525733452181, 35.640902926535126 ], [ -76.194459852525938, 35.640866578420585 ], [ -76.194443724815329, 35.640858604574127 ], [ -76.194426945786873, 35.640852112310952 ], [ -76.194409651218706, 35.640847154167318 ], [ -76.194391981060718, 35.640843770265164 ], [ -76.194215204075078, 35.640818097315417 ], [ -76.194196421321578, 35.640816269210227 ], [ -76.194177549879328, 35.640816219564023 ], [ -76.194158757767269, 35.640817948818814 ], [ -76.193759029200336, 35.640873854645442 ], [ -76.193756949676796, 35.640874123288995 ], [ -76.19343365897619, 35.640912446070601 ], [ -76.19342429224109, 35.640913112171219 ], [ -76.193182794164159, 35.640918908928384 ], [ -76.193178999152906, 35.640918855669184 ], [ -76.193175219161873, 35.640918514180029 ], [ -76.193021183903298, 35.640898669159228 ], [ -76.193016097431666, 35.640897741080821 ], [ -76.193011827877271, 35.640894824845681 ], [ -76.192901854723132, 35.640810946130316 ], [ -76.192898161205576, 35.640807834062343 ], [ -76.192895138077333, 35.640804067401525 ], [ -76.192819240764294, 35.640699478623858 ], [ -76.192816266305542, 35.640694862748511 ], [ -76.192814377517408, 35.64068970656858 ], [ -76.192785496965385, 35.640594939698047 ], [ -76.19278426361717, 35.640589989540075 ], [ -76.192785120983999, 35.640584960610589 ], [ -76.192808821280593, 35.640479220950809 ], [ -76.192810258771416, 35.640474106430609 ], [ -76.192812749607683, 35.640469413837351 ], [ -76.192890228344652, 35.640340593127924 ], [ -76.192893211506203, 35.640336186207577 ], [ -76.192897063837592, 35.640332514730176 ], [ -76.192989915584235, 35.64025306445722 ], [ -76.193164493542611, 35.640103986016264 ], [ -76.193168113147962, 35.640101172239305 ], [ -76.193171975908555, 35.640098702753782 ], [ -76.193416912452264, 35.639957537567781 ], [ -76.193429671368023, 35.639949529399111 ], [ -76.193441791350139, 35.639940583633049 ], [ -76.193626205591755, 35.639793424002249 ], [ -76.193629742765751, 35.639790534675321 ], [ -76.193803129717708, 35.639645572195178 ], [ -76.193818139837262, 35.63963165768125 ], [ -76.193901588618814, 35.639545953759288 ], [ -76.19391440282692, 35.639531451075499 ], [ -76.193925755347493, 35.639515777784752 ], [ -76.19393553988354, 35.639499080640668 ], [ -76.193984402952083, 35.639405602913783 ], [ -76.193995729216127, 35.639379591530457 ], [ -76.194027776743923, 35.639288905141427 ], [ -76.19403355376663, 35.639269474391419 ], [ -76.194037334207124, 35.639249558661284 ], [ -76.194039079228176, 35.639229362549315 ], [ -76.194042959972379, 35.639120059787885 ], [ -76.194042716796432, 35.639100818006355 ], [ -76.19404062551115, 35.639081688661967 ], [ -76.19403670547689, 35.639062848847146 ], [ -76.194010167390815, 35.63896031779759 ], [ -76.194004185163976, 35.63894120637584 ], [ -76.193996321715758, 35.638922789001931 ], [ -76.193986655883819, 35.638905250325465 ], [ -76.193975284576197, 35.638888766186348 ], [ -76.193744422227454, 35.638587562032747 ], [ -76.193743555897782, 35.638586439997958 ], [ -76.193702481984388, 35.638533630699762 ], [ -76.193701494936093, 35.638532372056268 ], [ -76.193600275832665, 35.638404359118958 ], [ -76.193599705693273, 35.638403641443553 ], [ -76.193513450128236, 35.638295574728396 ], [ -76.193501971888125, 35.638280974911709 ], [ -76.193461410251487, 35.638229350842209 ], [ -76.19345826179314, 35.638224852303367 ], [ -76.193456177417289, 35.638219772439101 ], [ -76.193400523735392, 35.638059414803415 ], [ -76.193399209622811, 35.638054967869444 ], [ -76.193399177128597, 35.638050330946086 ], [ -76.193404782111671, 35.63790926856494 ], [ -76.193405261259329, 35.637904099693834 ], [ -76.193408275944861, 35.637899873763878 ], [ -76.193484001288027, 35.637804755555727 ], [ -76.193487142372888, 35.637801176853472 ], [ -76.193491170516367, 35.637798637644124 ], [ -76.19362011257428, 35.637725757099574 ], [ -76.19362509813196, 35.637723296749002 ], [ -76.193630505770557, 35.637722005796611 ], [ -76.193792868864364, 35.637692742504562 ], [ -76.193797007402281, 35.637692174305712 ], [ -76.193801178966794, 35.637691954318306 ], [ -76.193959982177674, 35.637690237827222 ], [ -76.193981846592663, 35.637688801134587 ], [ -76.194003422624675, 35.637684981243034 ], [ -76.194117414242371, 35.637658286787151 ], [ -76.194139537805569, 35.637651739096277 ], [ -76.194160760068286, 35.637642687031921 ], [ -76.194263063411199, 35.637591888337468 ], [ -76.194284169670198, 35.637579753590771 ], [ -76.19430364512904, 35.637565144253017 ], [ -76.194381824967849, 35.637498691421563 ], [ -76.194395278805615, 35.637486145305068 ], [ -76.194407522964511, 35.637472416089416 ], [ -76.194418453855675, 35.637457619927467 ], [ -76.194427979000793, 35.637441881998754 ], [ -76.194436017814581, 35.637425335450395 ], [ -76.194442502286492, 35.637408120270649 ], [ -76.194511696635232, 35.637195212786786 ], [ -76.194518416973082, 35.637168319339935 ], [ -76.194545106954223, 35.637017818481311 ], [ -76.194547568406804, 35.636998519634659 ], [ -76.194548143122162, 35.636979072940001 ], [ -76.194546825662016, 35.636959662413737 ], [ -76.194543628492966, 35.636940471730036 ], [ -76.194504167587667, 35.636758671631995 ], [ -76.194499249648359, 35.636740284113451 ], [ -76.194492606037471, 35.636722447370481 ], [ -76.194484296927342, 35.636705322953581 ], [ -76.194474397575036, 35.636689065961569 ], [ -76.194425194743431, 35.636616300351939 ], [ -76.194424787349718, 35.636615700209404 ], [ -76.194333096220475, 35.636481153257577 ], [ -76.194332886318207, 35.63648084586346 ], [ -76.194309615429248, 35.636446834510757 ], [ -76.194307180401992, 35.636442894706747 ], [ -76.194305121420939, 35.636438745970878 ], [ -76.194256093968534, 35.636327232684486 ], [ -76.194195925634673, 35.636189429896923 ], [ -76.19419422183995, 35.636184948832295 ], [ -76.194193870510816, 35.636180167261273 ], [ -76.194193052241047, 35.636147457915136 ], [ -76.194192868848432, 35.636142544104707 ], [ -76.194186222969236, 35.636008658960073 ], [ -76.194186209288489, 35.636004029568483 ], [ -76.194187474860371, 35.635999576504403 ], [ -76.194240534588047, 35.635841343913711 ], [ -76.194242176535383, 35.63583710249636 ], [ -76.194244908058877, 35.635833465960971 ], [ -76.194342620448779, 35.635715084060976 ], [ -76.194346177865341, 35.635711211311666 ], [ -76.194350469871935, 35.635708172877898 ], [ -76.19450175117359, 35.635612676557599 ], [ -76.194506103821936, 35.635610224998366 ], [ -76.19451068001085, 35.635608221455207 ], [ -76.194704439276364, 35.635534726607446 ], [ -76.194709053457217, 35.635533228850846 ], [ -76.194713791367874, 35.635532186669359 ], [ -76.19500684070141, 35.635482533218578 ], [ -76.195013169639651, 35.635481667843585 ], [ -76.195283605554991, 35.635453457716849 ], [ -76.195287994753841, 35.635453194729237 ], [ -76.195292344861471, 35.63545370544562 ], [ -76.195641426838804, 35.63551026057015 ], [ -76.195645938037657, 35.635511207252776 ], [ -76.195650342549257, 35.635512566444305 ], [ -76.1958673883382, 35.635590702572635 ], [ -76.195870931485175, 35.635592133575045 ], [ -76.195874354762921, 35.635593831463908 ], [ -76.196090337258866, 35.635711464756127 ], [ -76.196094831895579, 35.635714231018355 ], [ -76.196099008709211, 35.635717457191426 ], [ -76.196292065107912, 35.635883620313024 ], [ -76.196299547752574, 35.63589076742457 ], [ -76.196477556283867, 35.636079360687987 ], [ -76.196484602846041, 35.636086461747752 ], [ -76.196648234018014, 35.636243310411871 ], [ -76.196661500603525, 35.636254948541151 ], [ -76.196675741483517, 35.636265371865079 ], [ -76.196690845775521, 35.636274499225465 ], [ -76.196706695874369, 35.636282259554783 ], [ -76.196856443209199, 35.636347551958316 ], [ -76.1968757137994, 35.636354798257948 ], [ -76.196895627232394, 35.636360025082134 ], [ -76.196915972493258, 35.636363177044231 ], [ -76.197021503524795, 35.636374000990017 ], [ -76.197040995404578, 35.636375042660035 ], [ -76.197060495994066, 35.636374179257693 ], [ -76.197173918173391, 35.636363592992865 ], [ -76.197190860917559, 35.636361277417485 ], [ -76.197207543928513, 35.63635752300484 ], [ -76.197310756081237, 35.636329610515666 ], [ -76.197329815378851, 35.636323416016126 ], [ -76.197348159061761, 35.636315345207748 ], [ -76.197365602946221, 35.636305479127216 ], [ -76.197381971883161, 35.636293916837054 ], [ -76.197423668488923, 35.636261213702731 ], [ -76.197437172512096, 35.636249615560054 ], [ -76.197449591776703, 35.636236862622262 ], [ -76.197460827898681, 35.636223055916709 ], [ -76.197470791866735, 35.636208304818574 ], [ -76.197529955924935, 35.636111709854056 ], [ -76.197539073527267, 35.636095106501614 ], [ -76.197546579491856, 35.636077715053126 ], [ -76.197552406489805, 35.636059691510759 ], [ -76.197556502252681, 35.636041197546575 ], [ -76.197580500211188, 35.635901875416906 ], [ -76.197582997291249, 35.635880653958431 ], [ -76.197583216070583, 35.635859287212206 ], [ -76.197581154051903, 35.635838019072004 ], [ -76.197542019738378, 35.63557925218123 ], [ -76.197537486685576, 35.635557518811623 ], [ -76.197530572758879, 35.635536421761124 ], [ -76.197521363153029, 35.635516220991775 ], [ -76.197417417902955, 35.635318151520231 ], [ -76.197409451834403, 35.635304339744756 ], [ -76.197400410854186, 35.635291206425805 ], [ -76.197260763527453, 35.635104726082858 ], [ -76.197244900382017, 35.635086047602066 ], [ -76.197226871975232, 35.635069449361893 ], [ -76.197032908937842, 35.634911693270844 ], [ -76.197020655405922, 35.634902484237614 ], [ -76.197007732588375, 35.634894240687174 ], [ -76.196628498390425, 35.63467229726173 ], [ -76.196627486857309, 35.634671697257588 ], [ -76.196280743459155, 35.634463255710862 ], [ -76.196277103684011, 35.634460844764597 ], [ -76.196273952727083, 35.634457847040004 ], [ -76.196225788020897, 35.634407864054893 ], [ -76.196222146639073, 35.634404181830092 ], [ -76.196021987768489, 35.634206951831146 ], [ -76.196019125995846, 35.6342038843067 ], [ -76.196016827440815, 35.634200392621132 ], [ -76.195965238085279, 35.634114411557043 ], [ -76.195964742081728, 35.634113589376014 ], [ -76.195893528562763, 35.633996183178766 ], [ -76.195891218189431, 35.633991916677139 ], [ -76.195890241067517, 35.633987164194437 ], [ -76.195862868388346, 35.633810658288574 ], [ -76.195862318763162, 35.633804986825552 ], [ -76.195862420658713, 35.633799289703951 ], [ -76.195875643196445, 35.63362362501843 ], [ -76.195876200481806, 35.633619061014102 ], [ -76.195878371445417, 35.63361501905279 ], [ -76.195986666247961, 35.633433888876418 ], [ -76.195989157730153, 35.633430120437552 ], [ -76.195992276006038, 35.633426877313987 ], [ -76.196147669140842, 35.633279157624173 ], [ -76.196151106971428, 35.63327617716272 ], [ -76.19615522492191, 35.633274242139926 ], [ -76.196305303226993, 35.633211945840301 ], [ -76.196310053459754, 35.633210251080428 ], [ -76.196315047835299, 35.633209548844114 ], [ -76.196461443077212, 35.633196494321197 ], [ -76.196466984313275, 35.633196310006568 ], [ -76.196472511702197, 35.633196742717104 ], [ -76.19661749174746, 35.6332162595968 ], [ -76.19662289925536, 35.633217295562204 ], [ -76.196627946201701, 35.633219496175663 ], [ -76.196751535456229, 35.633281754892181 ], [ -76.196755846832744, 35.633284203597867 ], [ -76.196759587308023, 35.63328745828246 ], [ -76.196882484899476, 35.633405665258024 ], [ -76.196890922802183, 35.633414863000027 ], [ -76.197021766505088, 35.633576722658255 ], [ -76.197022216148468, 35.633577276862297 ], [ -76.197071443786527, 35.633637731186887 ], [ -76.197087589490522, 35.6336553042402 ], [ -76.197305289763761, 35.633865561590937 ], [ -76.197321442159549, 35.633879572665592 ], [ -76.197497127765288, 35.634016217498441 ], [ -76.197511408624393, 35.63402635355925 ], [ -76.197526521417956, 35.634035201504574 ], [ -76.197676273962301, 35.63411428413707 ], [ -76.197702538488983, 35.634125827173499 ], [ -76.197945812084797, 35.634212511052901 ], [ -76.19795423166434, 35.634215302323931 ], [ -76.198076592408313, 35.634252877148079 ], [ -76.198077391123505, 35.634253120596043 ], [ -76.198178746898449, 35.634283782694773 ], [ -76.198196155697715, 35.634288206504209 ], [ -76.198213891191429, 35.63429105055841 ], [ -76.198351930305407, 35.634306867490046 ], [ -76.198369834478186, 35.634308108485733 ], [ -76.198387777813821, 35.63430773946029 ], [ -76.198405615823816, 35.634305763385285 ], [ -76.198423204867851, 35.634302196173046 ], [ -76.198451642288489, 35.634295086846372 ], [ -76.19849645046412, 35.634284056088362 ], [ -76.198516614543124, 35.634277949310381 ], [ -76.198536024329911, 35.634269755227393 ], [ -76.198585957850099, 35.634245501396215 ], [ -76.198588017732206, 35.634244486207969 ], [ -76.198603398232152, 35.634236796050182 ], [ -76.198621412814347, 35.63422659068803 ], [ -76.198638275800377, 35.634214577599735 ], [ -76.198653806471896, 35.634200885527925 ], [ -76.198667838388801, 35.63418566120869 ], [ -76.198684404377602, 35.634165706709105 ], [ -76.198685571016668, 35.634164288236505 ], [ -76.198689407696449, 35.634159579457702 ], [ -76.198700380043178, 35.634144768321043 ], [ -76.198709942198533, 35.634129009915455 ], [ -76.198718012941043, 35.634112438093673 ], [ -76.198725707784391, 35.634094592825505 ], [ -76.198732575538301, 35.634076241580317 ], [ -76.198737614597533, 35.634057306371695 ], [ -76.198740776595386, 35.634037968946494 ], [ -76.198742031181865, 35.634018414912219 ], [ -76.198741366315033, 35.633998831955452 ], [ -76.198738788376488, 35.633979408040382 ], [ -76.198734322110226, 35.633960329604669 ], [ -76.198701440505602, 35.633845532898938 ], [ -76.19869638134486, 35.633830229044861 ], [ -76.198690106246929, 35.633815382287537 ], [ -76.198567274383336, 35.633554601165066 ], [ -76.198566703711563, 35.633553399962814 ], [ -76.198550892450953, 35.633520402459908 ], [ -76.198543440916438, 35.633506319975403 ], [ -76.198534892076367, 35.633492875308434 ], [ -76.198339639597023, 35.633211243124727 ], [ -76.19832606574974, 35.633193806699175 ], [ -76.198310651226748, 35.633177974114197 ], [ -76.197893117819348, 35.63279403582353 ], [ -76.197890896370936, 35.632791929453859 ], [ -76.19762629958538, 35.632533233648438 ], [ -76.197623154848984, 35.632529860846986 ], [ -76.19762069636586, 35.632525982760441 ], [ -76.197478009593453, 35.632276281939539 ], [ -76.197472636384518, 35.632265391223093 ], [ -76.197346758166958, 35.631965590093493 ], [ -76.197342190501232, 35.631952081851274 ], [ -76.197306908263172, 35.631816520951666 ], [ -76.197304947700189, 35.631809513623587 ], [ -76.197191851450839, 35.631431904637822 ], [ -76.197183685086699, 35.631409567269671 ], [ -76.197172924876426, 35.63138835723916 ], [ -76.197083229724058, 35.631234912686956 ], [ -76.197072973135377, 35.631219122666586 ], [ -76.197061277114045, 35.631204367144228 ], [ -76.197048245322605, 35.631190776898961 ], [ -76.197033993262565, 35.631178472381926 ], [ -76.196936155281875, 35.631101736458838 ], [ -76.196918862238945, 35.631089591989301 ], [ -76.196900384362451, 35.631079339889276 ], [ -76.19688092792903, 35.631071094607428 ], [ -76.196737771873487, 35.63101916519792 ], [ -76.196717072693716, 35.631012900445249 ], [ -76.196695818096501, 35.631008907292859 ], [ -76.19667425660289, 35.631007232430989 ], [ -76.196582804126095, 35.631005089287484 ], [ -76.196575177868937, 35.631005056012107 ], [ -76.196455431183523, 35.631006816863497 ], [ -76.19643066899269, 35.631008723153428 ], [ -76.196302418544434, 35.631026660566029 ], [ -76.196297572347731, 35.631027399028753 ], [ -76.196203335935948, 35.631042942774876 ], [ -76.196202645615855, 35.63104305788017 ], [ -76.196129852623613, 35.631055326462942 ], [ -76.196114148903561, 35.631058625992324 ], [ -76.196098760246841, 35.631063173844773 ], [ -76.195907711962164, 35.631128075318479 ], [ -76.19590222289645, 35.631129765791108 ], [ -76.195793249029492, 35.631159928264701 ], [ -76.195792734492883, 35.631160071421299 ], [ -76.195679934339708, 35.631191617497713 ], [ -76.195669931905172, 35.631193868703434 ], [ -76.195576541952775, 35.631209905257684 ], [ -76.195575438552495, 35.631210088382502 ], [ -76.195397445917777, 35.631238606857046 ], [ -76.195392519424018, 35.631239271040933 ], [ -76.195322559298688, 35.631246937589701 ], [ -76.195220441279858, 35.631257538165791 ], [ -76.195215988950423, 35.631257799587296 ], [ -76.195211576122077, 35.631257264163942 ], [ -76.195186184415334, 35.631253032438437 ], [ -76.19510318245996, 35.631239032302901 ], [ -76.19510279785726, 35.631238967816621 ], [ -76.195066784751617, 35.631232965595743 ], [ -76.195061087427945, 35.631231668404311 ], [ -76.195055581333875, 35.631229712610079 ], [ -76.194916808745191, 35.631171036757138 ], [ -76.194912149683987, 35.631168772859077 ], [ -76.194908416767021, 35.631165181562174 ], [ -76.194827511609489, 35.631078759602211 ], [ -76.194824239077661, 35.631074881743963 ], [ -76.194823300838863, 35.63106989506575 ], [ -76.194801714481414, 35.630910344324207 ], [ -76.194801284936744, 35.630905024077748 ], [ -76.19480256886051, 35.630899843241245 ], [ -76.194851765338313, 35.630739007373336 ], [ -76.194853154438022, 35.630735064757147 ], [ -76.19485517581586, 35.630731422587814 ], [ -76.19494191784824, 35.630589394606048 ], [ -76.194944119547102, 35.630586092440815 ], [ -76.194946576710265, 35.630582975692207 ], [ -76.195113860733329, 35.630387321684424 ], [ -76.195116167076336, 35.630384717324652 ], [ -76.195273807327098, 35.630212826953823 ], [ -76.195285256043832, 35.63019916847874 ], [ -76.195295443400781, 35.630184545045005 ], [ -76.195304288503479, 35.63016907277256 ], [ -76.195373440991048, 35.630034527139728 ], [ -76.19538274909003, 35.630013532565059 ], [ -76.195389589048958, 35.62999160933915 ], [ -76.195415661385582, 35.629887320753838 ], [ -76.195419674304745, 35.629866735137952 ], [ -76.195421509407396, 35.629845842471788 ], [ -76.195421146513311, 35.629824872507328 ], [ -76.195418589613169, 35.62980405584662 ], [ -76.195391606251064, 35.629651151861815 ], [ -76.195387534510331, 35.629633037636239 ], [ -76.195345637763822, 35.629480191145632 ], [ -76.195340088910626, 35.629463025657017 ], [ -76.195333015873658, 35.629446429997365 ], [ -76.195324476199829, 35.62943053919053 ], [ -76.195314539368709, 35.629415482525609 ], [ -76.195082305532978, 35.629095936622427 ], [ -76.195073252411916, 35.629084394833825 ], [ -76.194902999781092, 35.628883009754077 ], [ -76.194780088751884, 35.628737663200205 ], [ -76.194777207823989, 35.628733904778727 ], [ -76.194776386335263, 35.628729241021311 ], [ -76.194754585557575, 35.62855767319062 ], [ -76.19475421703747, 35.628553034971546 ], [ -76.194755993547162, 35.628548734634911 ], [ -76.194797749687126, 35.628459776193289 ], [ -76.194800208794661, 35.628455183685119 ], [ -76.19480433323433, 35.628452001336605 ], [ -76.194935358560855, 35.628361509245096 ], [ -76.194939073060496, 35.628359179013906 ], [ -76.194943268035999, 35.628357902430594 ], [ -76.195120851537013, 35.628312318756677 ], [ -76.195126016820907, 35.628311281282791 ], [ -76.195131284751739, 35.628311354865936 ], [ -76.195270495522337, 35.628320697849979 ], [ -76.195274959325928, 35.628321200180878 ], [ -76.195279242901677, 35.628322490724813 ], [ -76.195481656234094, 35.62839347964993 ], [ -76.195490169116454, 35.628396911863206 ], [ -76.195763786675712, 35.628522126427399 ], [ -76.195781284600187, 35.628529156280273 ], [ -76.195799366829021, 35.628534506905723 ], [ -76.195974283662935, 35.628577411219922 ], [ -76.195993124669883, 35.628581084127958 ], [ -76.196012231010144, 35.628582933873439 ], [ -76.196155140419449, 35.628589871104005 ], [ -76.196176737979741, 35.628589751966025 ], [ -76.19619819676079, 35.628587304616509 ], [ -76.196219266516323, 35.628582557595763 ], [ -76.19623970153674, 35.628575566262214 ], [ -76.19628533874689, 35.628557144048585 ], [ -76.196307271772056, 35.628546699379768 ], [ -76.19632777668177, 35.628533672585192 ], [ -76.196378700825974, 35.628496796510731 ], [ -76.196394299754544, 35.628484264957315 ], [ -76.196408568457443, 35.628470237465692 ], [ -76.196421364116958, 35.628454854439283 ], [ -76.196432558659254, 35.628438269849255 ], [ -76.196442040036374, 35.628420649693432 ], [ -76.196449713347718, 35.628402170334759 ], [ -76.196455501789856, 35.628383016736109 ], [ -76.19645934742536, 35.628363380608917 ], [ -76.196461211762639, 35.628343458494321 ], [ -76.196461076141262, 35.62832344979595 ], [ -76.196458941918664, 35.628303554784068 ], [ -76.196454830456631, 35.628283972591049 ], [ -76.196448782907439, 35.628264899218188 ], [ -76.196440859801967, 35.628246525573921 ], [ -76.196431140443877, 35.628229035563002 ], [ -76.196419722115749, 35.628212604245761 ], [ -76.196406719105482, 35.628197396085859 ], [ -76.196357699877908, 35.628145555742485 ], [ -76.19634224882229, 35.628130869010455 ], [ -76.196325322339092, 35.628117910253422 ], [ -76.196324231725455, 35.62811716398727 ], [ -76.196323750991482, 35.628116836064805 ], [ -76.196128108004871, 35.627983799002834 ], [ -76.196124150458417, 35.627980809468966 ], [ -76.196120509606729, 35.627977441430431 ], [ -76.19594505171942, 35.627798127594815 ], [ -76.195942150559006, 35.627794890831908 ], [ -76.195940188801558, 35.627791012059461 ], [ -76.195864064016632, 35.62762258589153 ], [ -76.195862231333408, 35.627617918707351 ], [ -76.195860876853175, 35.627613091004164 ], [ -76.195825950675982, 35.627459226013357 ], [ -76.195825177462098, 35.627454973882109 ], [ -76.195825150711215, 35.627450668325324 ], [ -76.195830830263162, 35.627296375319723 ], [ -76.195831534441865, 35.627287654676167 ], [ -76.19585937363702, 35.627064938882491 ], [ -76.195860228513183, 35.627060078983959 ], [ -76.195862475319402, 35.627055685660785 ], [ -76.195986443751949, 35.62684042310326 ], [ -76.195989202713719, 35.626836152099557 ], [ -76.195992382497323, 35.626832184440794 ], [ -76.196193792261781, 35.626605599313741 ], [ -76.196200522086158, 35.626598725180237 ], [ -76.196406363826398, 35.626407785220884 ], [ -76.196417528885263, 35.626396574829187 ], [ -76.196427772854577, 35.626384516947347 ], [ -76.19654772867753, 35.626231439190938 ], [ -76.196555868337157, 35.626220278638158 ], [ -76.196613723394492, 35.626134907798289 ], [ -76.196623075506906, 35.626119685463053 ], [ -76.196631031878852, 35.626103689287199 ], [ -76.196637529022198, 35.626087046912815 ], [ -76.196642515092719, 35.626069891138357 ], [ -76.196667266941617, 35.625967935937467 ], [ -76.196670762829299, 35.625949996053365 ], [ -76.196672606365766, 35.625931811938159 ], [ -76.196672782154707, 35.625913535456803 ], [ -76.196671288728027, 35.625895319245643 ], [ -76.196607547644561, 35.625398139269002 ], [ -76.196602966282242, 35.62537414027819 ], [ -76.196519023627658, 35.625045047702343 ], [ -76.19651816336372, 35.625040971278082 ], [ -76.196517646209742, 35.62503683729247 ], [ -76.196503479460873, 35.624865896710645 ], [ -76.196503340975383, 35.624860011884842 ], [ -76.196503898104055, 35.624854151853988 ], [ -76.196538885521306, 35.624628679033805 ], [ -76.196539105609304, 35.624627322301137 ], [ -76.196588661285588, 35.624334579259639 ], [ -76.196590799736583, 35.624317518269464 ], [ -76.196591464865634, 35.624300336652496 ], [ -76.196590651756608, 35.624283161402509 ], [ -76.196573066047975, 35.624088956493729 ], [ -76.19656977926897, 35.624066695857366 ], [ -76.196564012717531, 35.624044945323313 ], [ -76.196555839389376, 35.624023980220059 ], [ -76.196472101343232, 35.623840432472306 ], [ -76.196470013574597, 35.623835512013244 ], [ -76.196414279083058, 35.623693731465295 ], [ -76.196367908250849, 35.623572990172477 ], [ -76.196366273270101, 35.623567940778081 ], [ -76.196365747304043, 35.623562654758672 ], [ -76.196358223613856, 35.62339807479843 ], [ -76.196358249185167, 35.623393068242876 ], [ -76.196360706443301, 35.62338870611768 ], [ -76.196453152879798, 35.623242489267902 ], [ -76.196456204158252, 35.623238187140537 ], [ -76.196460093875146, 35.623234625019776 ], [ -76.196576394143349, 35.623138958762098 ], [ -76.196580112824066, 35.623136179674411 ], [ -76.196584073842615, 35.62313375846729 ], [ -76.196728900045343, 35.623054246132739 ], [ -76.196733069082285, 35.623052204307562 ], [ -76.196737544634345, 35.623050971686077 ], [ -76.196914836224948, 35.623010938216126 ], [ -76.196919016071135, 35.623010179809818 ], [ -76.196923248597571, 35.623010142484269 ], [ -76.197150904486094, 35.623017762964608 ], [ -76.197164972721254, 35.62301923612744 ], [ -76.197679469957762, 35.623110314777236 ], [ -76.197698630083266, 35.623112759372148 ], [ -76.19808980011625, 35.623143566680895 ], [ -76.198107980893752, 35.623144168721723 ], [ -76.198126141171514, 35.623143116373932 ], [ -76.198454736407299, 35.623109026123643 ], [ -76.198787357809138, 35.623075378571983 ], [ -76.198814308505334, 35.623070773878524 ], [ -76.199195591741884, 35.62297842526381 ], [ -76.199217534909138, 35.622971757605121 ], [ -76.199238570494131, 35.622962621718457 ], [ -76.199436630039457, 35.622862737557348 ], [ -76.199449702878582, 35.622855520398844 ], [ -76.199462200795523, 35.622847347971302 ], [ -76.199590925553466, 35.622756137430045 ], [ -76.199607075890825, 35.622743397274519 ], [ -76.199621832181819, 35.622729065602059 ], [ -76.199635038325198, 35.622713294022034 ], [ -76.199646554618141, 35.622696249376062 ], [ -76.199683134201251, 35.622635604250519 ], [ -76.199693782785104, 35.62261543141107 ], [ -76.199702065052648, 35.622594177238916 ], [ -76.199707873264856, 35.622572118216716 ], [ -76.199716838658958, 35.622527981563032 ], [ -76.199719831634454, 35.622508240170703 ], [ -76.199720841271059, 35.622488298728747 ], [ -76.199719857505713, 35.622468355993753 ], [ -76.19971689014362, 35.622448610735191 ], [ -76.199711968760525, 35.622429259754291 ], [ -76.199688981696752, 35.62235467962671 ], [ -76.19968070861718, 35.622332568623797 ], [ -76.199669887734927, 35.622311586517071 ], [ -76.199642188602454, 35.622264870159981 ], [ -76.199630642600084, 35.622247525255197 ], [ -76.199617354683056, 35.62223147573328 ], [ -76.199602469077035, 35.622216895794104 ], [ -76.199586147348896, 35.622203943686827 ], [ -76.199568566652971, 35.622192759992281 ], [ -76.199479007887646, 35.622142139763056 ], [ -76.199462023304974, 35.622133578663409 ], [ -76.199444302279687, 35.622126669702681 ], [ -76.199426005084476, 35.622121475366981 ], [ -76.199310751282866, 35.622094606017136 ], [ -76.199290860574948, 35.622091017536881 ], [ -76.199270709253071, 35.62208945494978 ], [ -76.199166657530981, 35.622086661870526 ], [ -76.199150296518084, 35.622086892269557 ], [ -76.19913400909445, 35.622088459323535 ], [ -76.199117904278253, 35.622091352543549 ], [ -76.199021275538499, 35.622112825834719 ], [ -76.198998460619322, 35.622119337509375 ], [ -76.198976577357456, 35.622128505131428 ], [ -76.198839997665374, 35.622195506236814 ], [ -76.198837974398401, 35.622196470798507 ], [ -76.198636968438251, 35.622289547078438 ], [ -76.198635019488094, 35.622290462316805 ], [ -76.198430669557794, 35.622387772230908 ], [ -76.198425914591311, 35.622389741352812 ], [ -76.198420856231394, 35.622390690110628 ], [ -76.198246034111733, 35.622414187307868 ], [ -76.198233893973267, 35.622415070844255 ], [ -76.198073477823314, 35.622416946905261 ], [ -76.198069024593522, 35.622416799125958 ], [ -76.198064771057346, 35.622415472277929 ], [ -76.197968348709622, 35.622380576481611 ], [ -76.197964083112424, 35.622378805261029 ], [ -76.197960234492484, 35.622376287712548 ], [ -76.197834399920922, 35.622285459824134 ], [ -76.19783110663387, 35.622282865468577 ], [ -76.197828304739403, 35.622279766773943 ], [ -76.197711560882595, 35.622139295042935 ], [ -76.197708252106352, 35.622134828453603 ], [ -76.197705461668676, 35.622130020972655 ], [ -76.197590059076759, 35.621902878777469 ], [ -76.197581320327487, 35.621887419241084 ], [ -76.197571244692142, 35.621872795815477 ], [ -76.197456795954693, 35.621721531360002 ], [ -76.197444270122659, 35.621706555575024 ], [ -76.19743034380852, 35.621692872432902 ], [ -76.197415149719788, 35.621680612323942 ], [ -76.197290639733581, 35.621589810101575 ], [ -76.197273973733346, 35.621578884740103 ], [ -76.197256303220072, 35.621569672137461 ], [ -76.197237803626194, 35.62156226375614 ], [ -76.197218658615284, 35.621556733146399 ], [ -76.19709016849815, 35.621526460438581 ], [ -76.197066832300763, 35.621522403349033 ], [ -76.19704318011668, 35.621521133596161 ], [ -76.196902313176693, 35.621521924906197 ], [ -76.196875797102351, 35.621523840818533 ], [ -76.196683635255184, 35.621550654431879 ], [ -76.196664523276397, 35.621554276383137 ], [ -76.196387718744617, 35.621620825291686 ], [ -76.196386265810688, 35.621621180355845 ], [ -76.196090372882878, 35.621694663455003 ], [ -76.196079495545987, 35.621696732674813 ], [ -76.19593939196649, 35.62171541337068 ], [ -76.195934982058503, 35.621715803149918 ], [ -76.195930590154788, 35.621715407808438 ], [ -76.195784136339924, 35.621695691982111 ], [ -76.195779126311663, 35.621694750677364 ], [ -76.195775606089512, 35.621691063609155 ], [ -76.195659316033471, 35.621555864387695 ], [ -76.195656221492342, 35.621551872030686 ], [ -76.19565447247615, 35.621547133250168 ], [ -76.195593366294787, 35.621351402871618 ], [ -76.195592199811799, 35.621346955115335 ], [ -76.195591447974294, 35.621342418821762 ], [ -76.195531562688302, 35.620837811287451 ], [ -76.19553122652151, 35.620832994636686 ], [ -76.195531357884946, 35.620828168056754 ], [ -76.195556616223001, 35.620494942101196 ], [ -76.195557231407903, 35.620490054592167 ], [ -76.1955587970278, 35.620485383935623 ], [ -76.19561815781752, 35.62033368436893 ], [ -76.195620210910107, 35.620329127131178 ], [ -76.195623133195937, 35.620325072029807 ], [ -76.195712891406501, 35.620212873838994 ], [ -76.19571615899963, 35.620209180753669 ], [ -76.195720090487811, 35.620206204271909 ], [ -76.195843900897842, 35.620121788821443 ], [ -76.19584808795824, 35.620119227949289 ], [ -76.195852841136471, 35.620118004495453 ], [ -76.196071768250235, 35.620073071582773 ], [ -76.196077018578052, 35.620072282782104 ], [ -76.196082323033139, 35.62007205716106 ], [ -76.19652968501515, 35.620076888224148 ], [ -76.196550253279256, 35.620076050892578 ], [ -76.196860181291143, 35.620047402593805 ], [ -76.196878278966366, 35.620044891593906 ], [ -76.196896071968538, 35.620040739480899 ], [ -76.19691341180129, 35.620034980907391 ], [ -76.196930153750287, 35.620027663933122 ], [ -76.197077510925837, 35.619955073713257 ], [ -76.197092098072915, 35.619947118505749 ], [ -76.197105974558767, 35.619937979943131 ], [ -76.197119044611284, 35.619927721097518 ], [ -76.197288279155984, 35.61978313277875 ], [ -76.197304999878227, 35.61976708055812 ], [ -76.197319751079746, 35.61974920156505 ], [ -76.197446061727746, 35.619576636516612 ], [ -76.19745008906888, 35.619571495519153 ], [ -76.19757882608593, 35.619417779113334 ], [ -76.197582153048117, 35.619414182524842 ], [ -76.197586120006051, 35.619411307221277 ], [ -76.197715437063067, 35.619326970048284 ], [ -76.19772012526397, 35.619324263674351 ], [ -76.197725079444766, 35.619322081982766 ], [ -76.197844834749361, 35.619276942915079 ], [ -76.197850033614401, 35.619275304058505 ], [ -76.197855482950885, 35.619275441105295 ], [ -76.19804417604719, 35.619290612549584 ], [ -76.19804892803289, 35.619291226720712 ], [ -76.198053306331047, 35.619293173276532 ], [ -76.198176004260901, 35.619354983405259 ], [ -76.198188167291278, 35.619360607951769 ], [ -76.198316022210179, 35.61941460908421 ], [ -76.198334212022999, 35.619421273325905 ], [ -76.198352961254116, 35.619426146491229 ], [ -76.198372093997591, 35.619429182859975 ], [ -76.198398098787038, 35.619432027034158 ], [ -76.198418136745317, 35.619433205332058 ], [ -76.198438191893729, 35.61943236916251 ], [ -76.198458062222727, 35.619429526948004 ], [ -76.198477547584361, 35.619424707317322 ], [ -76.198496451708351, 35.619417958817188 ], [ -76.198514584179037, 35.619409349423236 ], [ -76.19853176235344, 35.619398965855353 ], [ -76.198560596424187, 35.619379496671172 ], [ -76.198577993150323, 35.619366312897697 ], [ -76.198593849538767, 35.619351311800763 ], [ -76.198607976716943, 35.619334672065186 ], [ -76.198670591411968, 35.619252189726524 ], [ -76.198680557531816, 35.619237793807329 ], [ -76.19868922637599, 35.619222581405324 ], [ -76.198696531505178, 35.61920666911066 ], [ -76.198702416931752, 35.619190178877545 ], [ -76.1987204371584, 35.619131722634719 ], [ -76.198725558212629, 35.619111373738733 ], [ -76.198728519076909, 35.619090600293013 ], [ -76.198729287159324, 35.619069630962699 ], [ -76.198727854005142, 35.619048696569145 ], [ -76.198699633422606, 35.618816288382916 ], [ -76.19869806829071, 35.618805752077115 ], [ -76.198664829054067, 35.618616765845985 ], [ -76.198664231742683, 35.618612039661052 ], [ -76.198666324790707, 35.6186077603207 ], [ -76.198759562230663, 35.618438412177611 ], [ -76.198762165473767, 35.618434200597626 ], [ -76.198766700570005, 35.618432213845786 ], [ -76.198873648473707, 35.618391647299376 ], [ -76.198878039199741, 35.618390211208322 ], [ -76.19888261962204, 35.618389610738383 ], [ -76.198979802898364, 35.61838143661879 ], [ -76.198984942513576, 35.6183812728178 ], [ -76.19898970915466, 35.618383201964662 ], [ -76.199085409321725, 35.618427861276771 ], [ -76.199089837591075, 35.618430207235306 ], [ -76.199093362908485, 35.618433768868393 ], [ -76.19923234091533, 35.618589154492163 ], [ -76.199235549025147, 35.618592925205846 ], [ -76.199377950066875, 35.618768949396078 ], [ -76.199509731248554, 35.618932063459731 ], [ -76.199521566468079, 35.618945443288936 ], [ -76.199534548318482, 35.618957713733536 ], [ -76.199584928647283, 35.619001241906538 ], [ -76.199600534424661, 35.619013429771876 ], [ -76.199617268904802, 35.619024014738741 ], [ -76.199634968054497, 35.619032893052143 ], [ -76.199653458384788, 35.619039977685887 ], [ -76.199672558651415, 35.619045199195625 ], [ -76.199692081631497, 35.619048506399544 ], [ -76.199711835958652, 35.619049866880076 ], [ -76.199731627998844, 35.619049267301641 ], [ -76.199751263748325, 35.61904671354138 ], [ -76.199770550735337, 35.619042230631514 ], [ -76.199789299906755, 35.619035862514025 ], [ -76.199807327481153, 35.619027671609885 ], [ -76.199824456750278, 35.619017738207241 ], [ -76.19984051981119, 35.61900615967437 ], [ -76.199855359211995, 35.618993049505313 ], [ -76.199868829495301, 35.618978536207379 ], [ -76.199880798623909, 35.618962762041491 ], [ -76.199891149275118, 35.618945881627731 ], [ -76.199899779990716, 35.618928060429759 ], [ -76.19990660617151, 35.618909473132888 ], [ -76.199911560906514, 35.618890301931827 ], [ -76.199914595628897, 35.618870734744775 ], [ -76.199915680591957, 35.618850963371422 ], [ -76.199914805160773, 35.618831181612919 ], [ -76.199911977916443, 35.618811583372221 ], [ -76.199874841993136, 35.618621356869411 ], [ -76.199874190144143, 35.618616996974332 ], [ -76.199874708650071, 35.618612619218766 ], [ -76.19991018528593, 35.618395921945528 ], [ -76.199911231465364, 35.618391064569941 ], [ -76.199912756053834, 35.618386335488204 ], [ -76.199979107092616, 35.618210978983683 ], [ -76.199981238015724, 35.618206141814582 ], [ -76.199984342860873, 35.618201864084682 ], [ -76.200134113134439, 35.61801705959104 ], [ -76.200145248824427, 35.618001916101676 ], [ -76.200154913640588, 35.617985794061184 ], [ -76.200163022211484, 35.617968835879104 ], [ -76.200224826063319, 35.617822250029782 ], [ -76.200233489042205, 35.617797173962273 ], [ -76.20024552741782, 35.617753034157346 ], [ -76.200249530454442, 35.617735173452282 ], [ -76.200251883845283, 35.617717021575267 ], [ -76.200252567879019, 35.617698730561479 ], [ -76.200251576826346, 35.617680453611456 ], [ -76.200248918988066, 35.617662343807943 ], [ -76.200244616625497, 35.617644552833717 ], [ -76.200238705774055, 35.617627229701128 ], [ -76.200229458408302, 35.61760370933056 ], [ -76.200220067037833, 35.617583277561778 ], [ -76.200208441437297, 35.617564029174126 ], [ -76.200194728570281, 35.617546207493703 ], [ -76.200158206882932, 35.617503895404347 ], [ -76.200146149339957, 35.617491108055525 ], [ -76.200133015714854, 35.617479428649531 ], [ -76.20011890743227, 35.617468947380765 ], [ -76.200103933443643, 35.61745974519097 ], [ -76.200083394957744, 35.617448335077398 ], [ -76.200064383766687, 35.617439053460288 ], [ -76.200044498504525, 35.617431831954192 ], [ -76.200023961674319, 35.617426751363034 ], [ -76.200003003069753, 35.617423868535305 ], [ -76.199981857203866, 35.617423215727946 ], [ -76.199923803642989, 35.617424496173946 ], [ -76.199901166314646, 35.617426284903352 ], [ -76.199878877661334, 35.617430628187918 ], [ -76.199737408575942, 35.617466638741753 ], [ -76.199734564583849, 35.61746731855402 ], [ -76.199503319206499, 35.617519031942734 ], [ -76.199494593370133, 35.617520580708856 ], [ -76.199239605614039, 35.617554258264342 ], [ -76.199233985496932, 35.617554678867428 ], [ -76.199228353846209, 35.617554461763845 ], [ -76.198997208506043, 35.617532402348026 ], [ -76.198988824114011, 35.617531242172092 ], [ -76.198700569025377, 35.617478832244068 ], [ -76.198691510639819, 35.617476745911183 ], [ -76.198382159379747, 35.617390166312703 ], [ -76.198378073157315, 35.617388829556631 ], [ -76.198374467055785, 35.617386488581943 ], [ -76.198221705581773, 35.617277646690297 ], [ -76.198218145584789, 35.617274857046247 ], [ -76.198215821467087, 35.617270987967075 ], [ -76.19814735558603, 35.617144372737791 ], [ -76.198145241005435, 35.617139950229586 ], [ -76.198145490773257, 35.617135054553536 ], [ -76.198154483249652, 35.617046032016525 ], [ -76.198155230069929, 35.617041131721663 ], [ -76.198158983957214, 35.617037894599598 ], [ -76.198181273467014, 35.617020558197012 ], [ -76.19825434442842, 35.616964783402288 ], [ -76.198258083510339, 35.616962192777571 ], [ -76.198262503411627, 35.616961121213762 ], [ -76.198479705612471, 35.616918834358756 ], [ -76.198488237003701, 35.616916979248529 ], [ -76.19875346060293, 35.616853214551369 ], [ -76.198770731571102, 35.616848231477526 ], [ -76.198787485369493, 35.616841717829857 ], [ -76.198945106034969, 35.616772129602765 ], [ -76.198958719789232, 35.616765492372124 ], [ -76.198971792246738, 35.61675784397422 ], [ -76.199058278991657, 35.616702743953809 ], [ -76.199074106735324, 35.616691545921626 ], [ -76.199088775817273, 35.616678867931682 ], [ -76.199102148379879, 35.616664829129611 ], [ -76.199131673139192, 35.61663065983204 ], [ -76.199143936349259, 35.616614948592563 ], [ -76.199154574939499, 35.616598094816574 ], [ -76.199163483260904, 35.616580265874461 ], [ -76.199170572847279, 35.616561638820691 ], [ -76.199175773293859, 35.616542398635588 ], [ -76.199179032956366, 35.616522736388326 ], [ -76.199190086780646, 35.616426569050361 ], [ -76.199191297423681, 35.616409978510205 ], [ -76.199191125183575, 35.616393344748985 ], [ -76.199179849867093, 35.616176511330409 ], [ -76.199178315151229, 35.616160091110984 ], [ -76.199175432810691, 35.616143853159393 ], [ -76.199099816605965, 35.615800743925512 ], [ -76.199098455587006, 35.615793204007375 ], [ -76.199075128041073, 35.615627971352161 ], [ -76.199074872768364, 35.615626025448464 ], [ -76.199071568661367, 35.615598767216582 ], [ -76.199071223091053, 35.61559401662803 ], [ -76.199072241416701, 35.615589363616223 ], [ -76.199110695038257, 35.615446804559141 ], [ -76.199112203147607, 35.615442148279158 ], [ -76.199116068247278, 35.615439145556756 ], [ -76.199187896244936, 35.615388865859508 ], [ -76.199192113007655, 35.615386217714857 ], [ -76.199196572945596, 35.615384003507565 ], [ -76.19928884889606, 35.615343804632168 ], [ -76.199293020834659, 35.615342207258223 ], [ -76.199297471561152, 35.615342591585517 ], [ -76.199394184507042, 35.615355365273523 ], [ -76.199398915689088, 35.615356225211798 ], [ -76.199403201514826, 35.615358405871099 ], [ -76.199520385683925, 35.615425368420709 ], [ -76.199524800609765, 35.615428211806851 ], [ -76.199528104502605, 35.61543229355955 ], [ -76.199617642659106, 35.61555576070009 ], [ -76.19961985490383, 35.615559083177658 ], [ -76.19962179451143, 35.615562571846404 ], [ -76.199721158865046, 35.615759444721675 ], [ -76.1997342633355, 35.615781706383359 ], [ -76.199820274355432, 35.615908333100428 ], [ -76.199830640913405, 35.615922254460401 ], [ -76.199842175468191, 35.615935224573498 ], [ -76.199854791144446, 35.615947145752145 ], [ -76.199900538060746, 35.615986761392925 ], [ -76.199916704440824, 35.615999370910515 ], [ -76.199934076809271, 35.616010259096477 ], [ -76.199952472603414, 35.616019311529115 ], [ -76.199971698505635, 35.616026433078275 ], [ -76.199993554053918, 35.616033276871526 ], [ -76.200012289131919, 35.616038161499212 ], [ -76.200031408732599, 35.616041211680368 ], [ -76.200050733675312, 35.616042398830011 ], [ -76.200070082855035, 35.616041711822696 ], [ -76.200075990914002, 35.616041214891638 ], [ -76.20009590877487, 35.616038526143825 ], [ -76.20011545620487, 35.616033851903111 ], [ -76.200134435799157, 35.616027239373544 ], [ -76.200152655887265, 35.616018755333492 ], [ -76.200169932468839, 35.616008485461279 ], [ -76.200186091071771, 35.615996533469918 ], [ -76.200214424077657, 35.61597328594064 ], [ -76.200229597853678, 35.615959474228085 ], [ -76.200243276667052, 35.615944180538285 ], [ -76.200255316545892, 35.615927565839975 ], [ -76.200265590768424, 35.615909805005693 ], [ -76.200273991196667, 35.615891084971295 ], [ -76.200279965092548, 35.61587570511896 ], [ -76.200286178602056, 35.615857034985616 ], [ -76.200290527408882, 35.615837844637554 ], [ -76.200292969418612, 35.61581831982852 ], [ -76.200293480993679, 35.61579864954966 ], [ -76.20029205718231, 35.615779024200222 ], [ -76.200288711766305, 35.615759633744545 ], [ -76.200235065429268, 35.615519800334745 ], [ -76.200234236082721, 35.615514994259613 ], [ -76.200234840267512, 35.615510154720958 ], [ -76.200264154510648, 35.615342778055904 ], [ -76.20026520803917, 35.615338108113491 ], [ -76.200268317324202, 35.61533446797182 ], [ -76.200358871962592, 35.615238312576921 ], [ -76.200362111567543, 35.615235171904523 ], [ -76.200366249092852, 35.615233395348532 ], [ -76.200487233786376, 35.615187793117613 ], [ -76.200492019173979, 35.615186262191841 ], [ -76.200497019855774, 35.615186748863316 ], [ -76.200628375892848, 35.615206312059314 ], [ -76.200632939243036, 35.615207210996566 ], [ -76.20063739898491, 35.615208531206434 ], [ -76.200770920423977, 35.615254932534505 ], [ -76.200777095865377, 35.615256966736858 ], [ -76.200952229954055, 35.61531151701228 ], [ -76.20096182047287, 35.615314243927756 ], [ -76.201120779266134, 35.615355187576888 ], [ -76.201137879779466, 35.61535880353869 ], [ -76.201155230698191, 35.61536091265107 ], [ -76.201172699503502, 35.615361498805541 ], [ -76.201190152776178, 35.615360557525307 ], [ -76.201257519656565, 35.61535396225721 ], [ -76.20127735213164, 35.615351010741534 ], [ -76.201296789408261, 35.615346088263578 ], [ -76.201315636123113, 35.61533924429898 ], [ -76.201333702848558, 35.615330547636169 ], [ -76.201404275221449, 35.615292105872435 ], [ -76.201420486106713, 35.615282250965969 ], [ -76.201435690308585, 35.615270904414615 ], [ -76.201472903296434, 35.615240281142206 ], [ -76.201486652429807, 35.615227854729845 ], [ -76.201499192308361, 35.615214209003824 ], [ -76.201510415260188, 35.615199461131269 ], [ -76.201520224920984, 35.615183737742711 ], [ -76.201528537061478, 35.615167173844831 ], [ -76.201535280310637, 35.615149911661206 ], [ -76.201555597258604, 35.61508982540083 ], [ -76.201560440498824, 35.615073147866099 ], [ -76.201563818689323, 35.615056113049711 ], [ -76.201565706358778, 35.615038849392953 ], [ -76.20157872202941, 35.614840362902939 ], [ -76.20157905307677, 35.614821029500618 ], [ -76.201577515585996, 35.614801754486749 ], [ -76.201558252019979, 35.614652029729086 ], [ -76.201557688082374, 35.614647974904429 ], [ -76.201542075508897, 35.614543561264462 ], [ -76.201541913893863, 35.614542436780916 ], [ -76.201526414572115, 35.614430066553339 ], [ -76.201525759168717, 35.614423913309473 ], [ -76.201501463516635, 35.614101273211809 ], [ -76.201501309424984, 35.614088717037809 ], [ -76.201523178022967, 35.613657051125578 ], [ -76.201523346744608, 35.61364101856541 ], [ -76.201522230670918, 35.613625024009089 ], [ -76.201499530435527, 35.613419037784972 ], [ -76.201495686867247, 35.613396298641483 ], [ -76.201489251196833, 35.613374153127033 ], [ -76.201392539328182, 35.613101190778281 ], [ -76.20138690343461, 35.613087024034087 ], [ -76.201280252242782, 35.612846106532231 ], [ -76.201278295593497, 35.612840922836952 ], [ -76.201277535529073, 35.612835434533629 ], [ -76.201268439406647, 35.612724461366135 ], [ -76.201268293040471, 35.612719041402542 ], [ -76.201269904214428, 35.612713864381455 ], [ -76.20132017834878, 35.612578868713499 ], [ -76.201322222381322, 35.612574145738222 ], [ -76.201325616241007, 35.612570277110471 ], [ -76.201429663288479, 35.612463417589773 ], [ -76.201433114538247, 35.61246019574434 ], [ -76.201437517351181, 35.612458490853427 ], [ -76.201625716617869, 35.61239575806119 ], [ -76.201630298444854, 35.612394351875238 ], [ -76.201948622094761, 35.612304946083441 ], [ -76.201955417639255, 35.61230329158235 ], [ -76.202295137057732, 35.612233070024097 ], [ -76.202309833102859, 35.612229447434345 ], [ -76.202324213102457, 35.612224723822351 ], [ -76.202611308521739, 35.612118221129926 ], [ -76.202628339965415, 35.612110990152914 ], [ -76.202851468419112, 35.612003817926244 ], [ -76.20286609184771, 35.611996032884193 ], [ -76.202880020804258, 35.61198706428825 ], [ -76.202893159718172, 35.611976973674537 ], [ -76.203046938012804, 35.611848405408359 ], [ -76.203065861958791, 35.611830355128497 ], [ -76.203155151928712, 35.611733269742686 ], [ -76.203168100491283, 35.611717673149926 ], [ -76.203179403771657, 35.611700845944839 ], [ -76.203188945651533, 35.61168296099288 ], [ -76.20319662810742, 35.611664202025693 ], [ -76.203246165754905, 35.611523264988747 ], [ -76.203252637676528, 35.611500696170943 ], [ -76.203256420167875, 35.611477524419485 ], [ -76.203269183830727, 35.611354140611176 ], [ -76.203270232452127, 35.611335840524198 ], [ -76.203269601218693, 35.611317521290182 ], [ -76.203267295432667, 35.611299336787411 ], [ -76.203263334462235, 35.611281439762415 ], [ -76.203257751578832, 35.611263980546987 ], [ -76.203250593677694, 35.611247105795385 ], [ -76.203192044742266, 35.61112497099699 ], [ -76.203180851754027, 35.611104718713328 ], [ -76.203167394462199, 35.611085894811616 ], [ -76.203066874676736, 35.610961219089546 ], [ -76.203052132209692, 35.610944864852044 ], [ -76.203035681357136, 35.610930230274185 ], [ -76.202794064473565, 35.610738035221239 ], [ -76.202784482517416, 35.610729342757622 ], [ -76.202578991609215, 35.610517099048884 ], [ -76.202576135331569, 35.610513882235942 ], [ -76.202573566829813, 35.610510431293285 ], [ -76.202381672478296, 35.610227946702778 ], [ -76.202379196686465, 35.610223899477496 ], [ -76.202377533486484, 35.6102194561294 ], [ -76.202302203361995, 35.609984662288376 ], [ -76.202301787474866, 35.609983334330735 ], [ -76.202226411909379, 35.609736649524962 ], [ -76.202225234473033, 35.609731998165202 ], [ -76.202226366668782, 35.609727335587017 ], [ -76.202264752615889, 35.609597197742545 ], [ -76.202266169135996, 35.609593070133748 ], [ -76.202268275983258, 35.60958926758245 ], [ -76.202323281408482, 35.609499425860157 ], [ -76.202326181216023, 35.60949519869601 ], [ -76.202330539483981, 35.609492499936714 ], [ -76.202453009895777, 35.6094251878744 ], [ -76.202457073574266, 35.609423189029208 ], [ -76.202461414018927, 35.609421964022573 ], [ -76.20260985763899, 35.609387201668916 ], [ -76.202614996444481, 35.60938628076827 ], [ -76.202620166802561, 35.609387003801437 ], [ -76.20274361216994, 35.609410956288087 ], [ -76.202748902211169, 35.609412286975882 ], [ -76.202754015030834, 35.609414188117761 ], [ -76.202970221194036, 35.609508357920554 ], [ -76.202973911379758, 35.609510149116424 ], [ -76.202977441960698, 35.609512237382205 ], [ -76.203189203527103, 35.609649543279886 ], [ -76.203192850576755, 35.609652149076403 ], [ -76.203195667541635, 35.609655635601207 ], [ -76.203362448846278, 35.609882262147643 ], [ -76.203363520675993, 35.609883746863261 ], [ -76.203590275164615, 35.610203988907429 ], [ -76.203591682027948, 35.610206028936069 ], [ -76.203862490101002, 35.610609317946135 ], [ -76.203876574257933, 35.610627860672452 ], [ -76.204028578727829, 35.610805484608242 ], [ -76.204041422144243, 35.610819141331312 ], [ -76.204055487859762, 35.610831535486277 ], [ -76.204070652286163, 35.610842558172081 ], [ -76.204154100791285, 35.610897428324805 ], [ -76.204169822698745, 35.610906765579074 ], [ -76.204186331689371, 35.610914627889166 ], [ -76.204203489763401, 35.610920949533508 ], [ -76.20422115349534, 35.610925677669037 ], [ -76.204239175232857, 35.610928772772958 ], [ -76.204260354993195, 35.610931420213547 ], [ -76.204279079232307, 35.610932872092768 ], [ -76.204297857104066, 35.61093256126231 ], [ -76.204316523032219, 35.610930490462948 ], [ -76.204334912427541, 35.610926677954225 ], [ -76.204352863139235, 35.610921157353417 ], [ -76.204370216884612, 35.610913977339131 ], [ -76.2043868206448, 35.610905201222046 ], [ -76.204402528014043, 35.610894906386697 ], [ -76.204417200490624, 35.610883183609097 ], [ -76.204430708698098, 35.610870136256338 ], [ -76.204442933526153, 35.610855879375094 ], [ -76.204447183729741, 35.610850423867092 ], [ -76.204459357117202, 35.610832953933098 ], [ -76.204469604217991, 35.610814288808356 ], [ -76.20447780888378, 35.610794640057364 ], [ -76.20449488328866, 35.610746722273916 ], [ -76.204500280216905, 35.610729027218746 ], [ -76.204521769481119, 35.610644787047541 ], [ -76.204523213214401, 35.610640106067635 ], [ -76.204525961212113, 35.610636050892474 ], [ -76.204601605308738, 35.610535500034459 ], [ -76.204605210079436, 35.610531231345618 ], [ -76.204609677086864, 35.610527875467184 ], [ -76.204716904241081, 35.610456390775212 ], [ -76.204722159059415, 35.610453333833156 ], [ -76.20472774740125, 35.61045094041571 ], [ -76.204840163529497, 35.610410726975246 ], [ -76.204845028045085, 35.610409263295026 ], [ -76.204850107398244, 35.610409341039912 ], [ -76.204960150199383, 35.610416677179877 ], [ -76.204964952858532, 35.610417232302552 ], [ -76.204969679162176, 35.610418250020139 ], [ -76.205079711992965, 35.610447591850424 ], [ -76.205084883620358, 35.610449278326143 ], [ -76.205089840522163, 35.610451518651068 ], [ -76.205235628902315, 35.610527252997187 ], [ -76.205238915216896, 35.61052912151078 ], [ -76.205242050678379, 35.610531233402241 ], [ -76.205460202069418, 35.610690502691888 ], [ -76.205469333967244, 35.610698038333247 ], [ -76.205646170650368, 35.6108625160579 ], [ -76.205655181092169, 35.610872076578403 ], [ -76.205786837237952, 35.611031601080207 ], [ -76.205789170468947, 35.61103437656152 ], [ -76.205901552052566, 35.611165625351532 ], [ -76.205913735133834, 35.61117863291161 ], [ -76.205927027797927, 35.611190504270802 ], [ -76.205941324493125, 35.611201145163378 ], [ -76.205956511695035, 35.611210471094232 ], [ -76.206083422977684, 35.611280816195389 ], [ -76.206100348846959, 35.611289179173376 ], [ -76.206117987858477, 35.611295908937386 ], [ -76.206188882640859, 35.611319187747299 ], [ -76.206206843304457, 35.611324171087709 ], [ -76.206225189892038, 35.611327460744626 ], [ -76.206243763054715, 35.611329028145803 ], [ -76.206262401475712, 35.61132885967762 ], [ -76.206280943271409, 35.611326956803296 ], [ -76.206291520090687, 35.611325370355324 ], [ -76.206312233526674, 35.611321133492353 ], [ -76.206332383967634, 35.611314733713677 ], [ -76.206351746233693, 35.611306242536415 ], [ -76.206370103952764, 35.611295754848925 ], [ -76.206380173190723, 35.6112892733831 ], [ -76.206395675731926, 35.61127821654437 ], [ -76.206410056505305, 35.611265735525848 ], [ -76.206423185155458, 35.611251943462491 ], [ -76.206434942676921, 35.611236965373323 ], [ -76.206445222492917, 35.611220937028136 ], [ -76.206459435142435, 35.611196265967322 ], [ -76.206468249452527, 35.611179100903946 ], [ -76.206475368591512, 35.611161166319377 ], [ -76.206480726292384, 35.611142629153882 ], [ -76.206504378466079, 35.611043005336342 ], [ -76.206508346565087, 35.611020770475626 ], [ -76.206525332086713, 35.610880032751474 ], [ -76.206526763748371, 35.610857987611844 ], [ -76.206525755333146, 35.610835919061024 ], [ -76.206512390543651, 35.610703939376933 ], [ -76.206511905555345, 35.610696041475151 ], [ -76.206509093525653, 35.610566716492478 ], [ -76.206509211980446, 35.610562059006959 ], [ -76.20651143379321, 35.61055796391846 ], [ -76.206552613813855, 35.610489926965101 ], [ -76.206555149782304, 35.610486140893897 ], [ -76.20655861976438, 35.610483187134292 ], [ -76.20663115898499, 35.610426969539994 ], [ -76.206635106709598, 35.610424205463765 ], [ -76.206639513000582, 35.61042225373474 ], [ -76.206731706723417, 35.610386654104218 ], [ -76.206736048651308, 35.610385202778112 ], [ -76.206740563758103, 35.610384573306227 ], [ -76.20692185876716, 35.610367665258345 ], [ -76.206936145194348, 35.610367359593489 ], [ -76.207107891313896, 35.610375990084286 ], [ -76.207127941053741, 35.610375991364435 ], [ -76.2071478901738, 35.610373985204355 ], [ -76.207261432393821, 35.610356781743448 ], [ -76.207282090634124, 35.610352526828272 ], [ -76.207302185900801, 35.610346119999704 ], [ -76.20732149470075, 35.610337632512447 ], [ -76.2073939215488, 35.610301124415159 ], [ -76.20740824171223, 35.61029315410515 ], [ -76.207421861226138, 35.610284038088302 ], [ -76.207434688637889, 35.610273837577033 ], [ -76.207504413306594, 35.610213567179343 ], [ -76.207518416770583, 35.610200226362252 ], [ -76.207531066140433, 35.610185595304642 ], [ -76.207542243121011, 35.61016981083413 ], [ -76.207551843186749, 35.610153020564866 ], [ -76.207559776559208, 35.610135381517104 ], [ -76.207565969046556, 35.610117058648754 ], [ -76.207570362737556, 35.610098223312711 ], [ -76.207572916542986, 35.610079051654409 ], [ -76.207573606580056, 35.610059722964515 ], [ -76.2075724263956, 35.610040418002228 ], [ -76.207569387026567, 35.610021317304849 ], [ -76.207564516896682, 35.610002599499445 ], [ -76.20755786155074, 35.609984439632299 ], [ -76.207549483228604, 35.609967007531957 ], [ -76.207539460283158, 35.60995046622098 ], [ -76.207527886447608, 35.609934970391386 ], [ -76.207514869958814, 35.609920664958018 ], [ -76.207500532545183, 35.609907683703277 ], [ -76.207485008288188, 35.609896148026053 ], [ -76.207468442368508, 35.60988616580638 ], [ -76.207412892920189, 35.609856254674987 ], [ -76.207391476281231, 35.609846306057676 ], [ -76.207369036316678, 35.609838951100066 ], [ -76.207259236125481, 35.609810017197802 ], [ -76.207243881049138, 35.609806610490693 ], [ -76.207228305751443, 35.609804420941728 ], [ -76.207097261178333, 35.609791228703692 ], [ -76.207092716519341, 35.609790823501882 ], [ -76.206889905677329, 35.609775070465247 ], [ -76.206888078662814, 35.609774911687587 ], [ -76.206738333672106, 35.609760513371363 ], [ -76.206733080525311, 35.609759722050235 ], [ -76.206728347635632, 35.609757309272837 ], [ -76.206611275596444, 35.609689482482111 ], [ -76.206607186924558, 35.609686835074427 ], [ -76.206605280854163, 35.609682352564015 ], [ -76.206568993278907, 35.60958372387519 ], [ -76.206567148388572, 35.609578221748592 ], [ -76.206519338236575, 35.609420597772406 ], [ -76.206512325392453, 35.609401156347992 ], [ -76.206503343639753, 35.609382542453062 ], [ -76.206492488892152, 35.609364954860261 ], [ -76.206479877064496, 35.60934858138264 ], [ -76.206465642835028, 35.609333596868055 ], [ -76.206380525906553, 35.609252797945494 ], [ -76.206365377078129, 35.609239791768388 ], [ -76.206349006939092, 35.609228360836966 ], [ -76.206198363323367, 35.60913399165451 ], [ -76.206185337542166, 35.609126497978139 ], [ -76.205930575331521, 35.608992412295635 ], [ -76.205926152089972, 35.608989783242528 ], [ -76.2059223642039, 35.60898630058513 ], [ -76.205775475651635, 35.608836493772827 ], [ -76.205774514315124, 35.6088354996795 ], [ -76.205611592405347, 35.608664678342173 ], [ -76.205608469830977, 35.608661248484303 ], [ -76.205508397468392, 35.608546071281559 ], [ -76.20549925386031, 35.608536235015954 ], [ -76.205335053187667, 35.608371080036399 ], [ -76.205332135909032, 35.608367879149533 ], [ -76.205329825668684, 35.60836423526883 ], [ -76.205246982539109, 35.608220200138483 ], [ -76.205244322906296, 35.608214858588894 ], [ -76.205242321583555, 35.608209237156409 ], [ -76.205194471662111, 35.608044108299161 ], [ -76.205193270023656, 35.608038950008336 ], [ -76.205192622747873, 35.608033693304911 ], [ -76.205187999569247, 35.607967125680219 ], [ -76.205179375176101, 35.607840638470662 ], [ -76.205179310289978, 35.607835032333284 ], [ -76.205180503390437, 35.6078295541176 ], [ -76.205183672367056, 35.607818145722881 ], [ -76.205184336278791, 35.607815861349913 ], [ -76.20520092368622, 35.607761221520143 ], [ -76.205215384671874, 35.607713980381725 ], [ -76.205216556447766, 35.607710005769739 ], [ -76.205233602502659, 35.607649897483142 ], [ -76.205235228119534, 35.607645108255582 ], [ -76.205237788444265, 35.607640746596914 ], [ -76.205353660813486, 35.607464544427813 ], [ -76.205356133178114, 35.607461111303543 ], [ -76.205359139781748, 35.607458156515513 ], [ -76.205571161906789, 35.607266651244146 ], [ -76.205574898589262, 35.607263439742432 ], [ -76.205830557116812, 35.607054441676652 ], [ -76.205841992702531, 35.607046361011527 ], [ -76.206313067238867, 35.606760772473649 ], [ -76.206318852159583, 35.606757128717263 ], [ -76.206784406150433, 35.606452652692589 ], [ -76.206795320832711, 35.606444982811233 ], [ -76.207122216324024, 35.606198583523764 ], [ -76.207123776665426, 35.606197430969843 ], [ -76.207561393994567, 35.605880697006889 ], [ -76.207575081518726, 35.60586984905612 ], [ -76.207587770460592, 35.605857848343312 ], [ -76.207599364058638, 35.605844786381816 ], [ -76.207609773904011, 35.605830762777686 ], [ -76.207698716549061, 35.605699317729282 ], [ -76.207706772827564, 35.605686374816358 ], [ -76.207811829129241, 35.605502309511763 ], [ -76.207822608534002, 35.605480420958564 ], [ -76.207830642419523, 35.605457382707506 ], [ -76.207867173920519, 35.60532765771358 ], [ -76.207871859315532, 35.605306807840869 ], [ -76.207874293353726, 35.605285577071292 ], [ -76.207883967971696, 35.60512638424445 ], [ -76.207884013199561, 35.605125615600642 ], [ -76.207897393598984, 35.604890499478529 ], [ -76.207897484158636, 35.604869494493663 ], [ -76.207873141015696, 35.604365111617334 ], [ -76.207873034696775, 35.604358883968963 ], [ -76.2078779338635, 35.60401107716968 ], [ -76.207878156891681, 35.604007015649493 ], [ -76.207878710007961, 35.604002985792427 ], [ -76.207930109910421, 35.60371591918409 ], [ -76.207931228347789, 35.603711080211085 ], [ -76.20793328526284, 35.603706559628776 ], [ -76.208005626043104, 35.603566575827372 ], [ -76.208008184425381, 35.603562194069475 ], [ -76.208012568998271, 35.60355964051432 ], [ -76.208133828441802, 35.603497145212366 ], [ -76.208138054718873, 35.603495211801729 ], [ -76.208142651380584, 35.603494526094238 ], [ -76.208321143811006, 35.603476390820205 ], [ -76.208328821669681, 35.603475460422956 ], [ -76.208441751426832, 35.60345955449128 ], [ -76.208458368191032, 35.603456493288888 ], [ -76.208474667271247, 35.603452040447472 ], [ -76.208490532337763, 35.603446227747838 ], [ -76.208598290463556, 35.603401498197762 ], [ -76.208616213433558, 35.60339299319574 ], [ -76.208633205633603, 35.603382754394474 ], [ -76.208649099874037, 35.60337088253555 ], [ -76.208711795341998, 35.603319016471595 ], [ -76.208727079887581, 35.603304974257746 ], [ -76.208740826805567, 35.603289423587348 ], [ -76.208752888041261, 35.60327253194157 ], [ -76.208877425905484, 35.603077451185307 ], [ -76.208880695190501, 35.603072644155361 ], [ -76.209032476002847, 35.602862857914566 ], [ -76.209036255098255, 35.602858244116184 ], [ -76.209040558889285, 35.602854115426446 ], [ -76.20932369932342, 35.60261334989324 ], [ -76.209335819996639, 35.602602149408732 ], [ -76.20959888505692, 35.602338117981844 ], [ -76.209604957923048, 35.602331748475493 ], [ -76.209795140236039, 35.602123279221601 ], [ -76.209809013492148, 35.602106287007942 ], [ -76.209820942370897, 35.602087877651293 ], [ -76.210006486199134, 35.601763882425516 ], [ -76.210007514441116, 35.601762128506721 ], [ -76.210094578505732, 35.601617020846632 ], [ -76.210097151208714, 35.601613155957843 ], [ -76.210100961022832, 35.601610502378769 ], [ -76.210216305456171, 35.601537947268227 ], [ -76.210221109455887, 35.601535284312732 ], [ -76.210226380892891, 35.601533741038075 ], [ -76.210351347310464, 35.601504551475912 ], [ -76.210364784406295, 35.601502365569971 ], [ -76.210505174491416, 35.601489262530642 ], [ -76.21051079971248, 35.601488657139605 ], [ -76.210643051444393, 35.601472528753391 ], [ -76.210662066997827, 35.60146927238354 ], [ -76.210680680332786, 35.601464199023795 ], [ -76.210698718254392, 35.601457355881152 ], [ -76.210863801724017, 35.601385438430697 ], [ -76.210883625492087, 35.601375459146979 ], [ -76.211304103148237, 35.6011336605658 ], [ -76.211309984114848, 35.601130534590496 ], [ -76.211541620594119, 35.601017139221035 ], [ -76.211546052533066, 35.601015230873664 ], [ -76.211550846162666, 35.601014678617091 ], [ -76.211799179633104, 35.600998251918675 ], [ -76.211802990057308, 35.600998145757515 ], [ -76.211806797469947, 35.600998330724138 ], [ -76.211961971135523, 35.601011824424539 ], [ -76.211978605145674, 35.601012575146022 ], [ -76.211995243954718, 35.601011939606423 ], [ -76.212011772233268, 35.601009922210899 ], [ -76.212106213241043, 35.600994381234244 ], [ -76.212125175676917, 35.600990307757307 ], [ -76.212143654388314, 35.600984416712087 ], [ -76.212161475598108, 35.600976763499027 ], [ -76.212178471712434, 35.600967420090321 ], [ -76.212244822409815, 35.600926635202207 ], [ -76.212260993242779, 35.600915568435937 ], [ -76.212276003490118, 35.600902972340144 ], [ -76.212289709065033, 35.600888967827622 ], [ -76.212301978404582, 35.600873689330911 ], [ -76.212312693732542, 35.600857283511786 ], [ -76.21232175219005, 35.600839907853462 ], [ -76.212329066822889, 35.600821729148862 ], [ -76.212334567416221, 35.600802921899529 ], [ -76.212338201168606, 35.600783666640559 ], [ -76.21233993319882, 35.600764148207581 ], [ -76.212339746880687, 35.600744553962507 ], [ -76.212337644002744, 35.600725071994972 ], [ -76.212333644750984, 35.600705889316849 ], [ -76.21232778751515, 35.600687190067056 ], [ -76.21232638355967, 35.600683374276279 ], [ -76.212319219064227, 35.600666367632947 ], [ -76.212310517522241, 35.600650093755732 ], [ -76.212239812038888, 35.600531377966824 ], [ -76.212238215486451, 35.60052859683541 ], [ -76.212147074332449, 35.600363766162459 ], [ -76.212145160945127, 35.600359924174228 ], [ -76.212143939769447, 35.600355826061609 ], [ -76.212115221802406, 35.600241882119114 ], [ -76.212114249834258, 35.600237000896641 ], [ -76.212115268718804, 35.600232129251218 ], [ -76.212144817455041, 35.600119473899689 ], [ -76.21214619219306, 35.60011507284964 ], [ -76.212148345373762, 35.600111018025395 ], [ -76.212211139465495, 35.600004822312791 ], [ -76.212214232017857, 35.600000203621597 ], [ -76.212218273422891, 35.599996387441102 ], [ -76.212356321396967, 35.599879938312867 ], [ -76.212361195135145, 35.599876312159751 ], [ -76.212366474363549, 35.599873306821827 ], [ -76.212637710068108, 35.599740119984496 ], [ -76.21264224234352, 35.599737822557024 ], [ -76.213085842447825, 35.599505830370916 ], [ -76.213107320448216, 35.599492818803697 ], [ -76.213376579360414, 35.599305628545821 ], [ -76.213388631077336, 35.599296557346101 ], [ -76.213399964849074, 35.599286603645126 ], [ -76.213596279506604, 35.599100621302526 ], [ -76.213609361053855, 35.599086999982255 ], [ -76.213621099477052, 35.599072205501351 ], [ -76.213631390108418, 35.599056369777479 ], [ -76.213724271250072, 35.598897493467085 ], [ -76.213736127452535, 35.598873716239154 ], [ -76.213755620410467, 35.598827103030636 ], [ -76.21376181258141, 35.598810194805694 ], [ -76.213766458916623, 35.598792798178984 ], [ -76.21376952175396, 35.598775054163674 ], [ -76.21377097626673, 35.598757106588785 ], [ -76.213770810664997, 35.598739100933344 ], [ -76.213769026291089, 35.59872118314717 ], [ -76.213763066754126, 35.59868016789455 ], [ -76.213758886206477, 35.59865928334753 ], [ -76.213752508435007, 35.598638961799509 ], [ -76.213702695346811, 35.598505562946883 ], [ -76.213701227801366, 35.598500960594627 ], [ -76.213701148323793, 35.598496130582312 ], [ -76.213703822395118, 35.59841324327428 ], [ -76.213704260665722, 35.598408081340395 ], [ -76.213706763895388, 35.598403545760412 ], [ -76.213762304693233, 35.598314315514251 ], [ -76.213765172704257, 35.598310190830233 ], [ -76.213769438155808, 35.598307536696325 ], [ -76.213890661158999, 35.598240398489487 ], [ -76.213895066548474, 35.598238236133341 ], [ -76.213899911844436, 35.598237457450104 ], [ -76.214025875996938, 35.598223563707272 ], [ -76.214030979038867, 35.598223265311717 ], [ -76.214036035379905, 35.598224015972299 ], [ -76.21416067916654, 35.598249130772302 ], [ -76.214164919875856, 35.598250181188419 ], [ -76.214168739805984, 35.598252301358855 ], [ -76.214331939860358, 35.598352512132543 ], [ -76.214339787185665, 35.598357860101885 ], [ -76.214518880960114, 35.598492805138342 ], [ -76.214535290634544, 35.598503938716789 ], [ -76.214552722192508, 35.59851339253985 ], [ -76.214571004267, 35.598521073668408 ], [ -76.214589957129689, 35.59852690659045 ], [ -76.214687801507253, 35.59855178247583 ], [ -76.214707838130622, 35.598555799356106 ], [ -76.214728180057264, 35.598557750669308 ], [ -76.214748614916672, 35.598557616043628 ], [ -76.214768929368077, 35.598555396884585 ], [ -76.214776734676803, 35.598554137913034 ], [ -76.214798265541589, 35.598549435123111 ], [ -76.214819148264169, 35.598542391951327 ], [ -76.214839129279042, 35.598533093918412 ], [ -76.214857965969529, 35.598521653924415 ], [ -76.214944518743337, 35.598462323998191 ], [ -76.214945468416758, 35.598461680992564 ], [ -76.215090655616947, 35.598364587103525 ], [ -76.21510452754643, 35.598354420671612 ], [ -76.215117474760731, 35.598343100052936 ], [ -76.215316245775995, 35.598153616811267 ], [ -76.215319081857928, 35.598151111447969 ], [ -76.215322099609537, 35.598148828164142 ], [ -76.215460376899443, 35.598052223977824 ], [ -76.215465127413651, 35.598049288306605 ], [ -76.215470413342345, 35.598047487054487 ], [ -76.215631111382351, 35.598002640954313 ], [ -76.21563704724575, 35.598001368830609 ], [ -76.215643093834572, 35.598000828889624 ], [ -76.215739443785367, 35.59799812731238 ], [ -76.21574395910001, 35.597998206118703 ], [ -76.215748286078664, 35.597999498997083 ], [ -76.215845764032068, 35.598033524293946 ], [ -76.215849908327755, 35.59803518245306 ], [ -76.215853675042666, 35.598037544076057 ], [ -76.215985282831781, 35.598128438181256 ], [ -76.215988846754797, 35.598131144590461 ], [ -76.215991558288067, 35.598134704616513 ], [ -76.216092244197029, 35.598280042630236 ], [ -76.216104796880941, 35.59829630885686 ], [ -76.216118952191096, 35.598311201378351 ], [ -76.216216264644814, 35.598403577926355 ], [ -76.216229509315411, 35.598415089338559 ], [ -76.21624371204652, 35.598425395469718 ], [ -76.216258763500562, 35.598434416979643 ], [ -76.216274547806222, 35.598442084417627 ], [ -76.216356117759929, 35.598477373432807 ], [ -76.216374251687043, 35.598484196054486 ], [ -76.216392960686463, 35.598489232007239 ], [ -76.216412069180066, 35.598492434030234 ], [ -76.216491120159446, 35.598501771263699 ], [ -76.216510011297288, 35.598503099787827 ], [ -76.216528943401656, 35.598502635579642 ], [ -76.216736824724691, 35.598487667928104 ], [ -76.216759740564214, 35.598484679341269 ], [ -76.216782158668366, 35.598479067215237 ], [ -76.217013978020518, 35.598406567741165 ], [ -76.217019045171426, 35.59840527067756 ], [ -76.217024220372892, 35.598404511939506 ], [ -76.217164503096029, 35.598391419020345 ], [ -76.217168969010089, 35.5983912045347 ], [ -76.217173214317455, 35.598392578278897 ], [ -76.217263112440861, 35.598426176342969 ], [ -76.217267857709473, 35.598428237309044 ], [ -76.217272074174474, 35.598431235071494 ], [ -76.217408331406531, 35.598539213168642 ], [ -76.217427730796004, 35.598552797307633 ], [ -76.217448599896272, 35.598563993101401 ], [ -76.217672594034156, 35.598667579618422 ], [ -76.217687641057097, 35.598673807675659 ], [ -76.217990695651665, 35.598785019906302 ], [ -76.218007188254873, 35.598790274332011 ], [ -76.218024073418704, 35.598794083031564 ], [ -76.218416657878024, 35.59886493958966 ], [ -76.218417324537583, 35.598865058748217 ], [ -76.218526146736764, 35.59888431952821 ], [ -76.218533859800985, 35.598885529927863 ], [ -76.21902010082789, 35.598952138367331 ], [ -76.219041025609613, 35.598953892178876 ], [ -76.219062018943887, 35.598953442444774 ], [ -76.21922966304075, 35.598941024378064 ], [ -76.219230318949798, 35.598940974707595 ], [ -76.219390598990913, 35.598928571951397 ], [ -76.219405320468965, 35.598926882193034 ], [ -76.219793625168748, 35.598867665130875 ], [ -76.219798003010709, 35.598867194097885 ], [ -76.219802405335841, 35.598867110988387 ], [ -76.220150270599703, 35.598875905773141 ], [ -76.220153977741148, 35.598876137748348 ], [ -76.220157657366869, 35.598876644763635 ], [ -76.220369328923098, 35.598913883433035 ], [ -76.220447086951239, 35.598928102926493 ], [ -76.220451921776942, 35.598929239151751 ], [ -76.220456624486488, 35.598930853160915 ], [ -76.220481754422153, 35.598940905163587 ], [ -76.220492659083718, 35.598945997618316 ], [ -76.220493303704032, 35.598946355010249 ], [ -76.220495958511194, 35.598947538444222 ], [ -76.220497070686335, 35.598948057827748 ], [ -76.220497079811963, 35.598948038286714 ], [ -76.220509173170854, 35.598953429145979 ], [ -76.22052559673169, 35.598959099244993 ], [ -76.2205277120772, 35.598959728139597 ], [ -76.220536139224421, 35.598962648683944 ], [ -76.220757363352504, 35.599050557722968 ], [ -76.220764496596189, 35.599053719993584 ], [ -76.221249707840499, 35.599291896865836 ], [ -76.221253852659871, 35.599294182909624 ], [ -76.221257183358048, 35.599297546237217 ], [ -76.221394687017209, 35.599450327759016 ], [ -76.221397771661628, 35.599454115634323 ], [ -76.221399160680491, 35.599458798972485 ], [ -76.221452753748295, 35.599678814128723 ], [ -76.221458085495627, 35.59969693397219 ], [ -76.221514192133256, 35.599858932993797 ], [ -76.221520771899094, 35.599875502918309 ], [ -76.221528801139513, 35.599891421053101 ], [ -76.221538216051016, 35.599906560906412 ], [ -76.221548941819023, 35.59992080217102 ], [ -76.221629809977983, 35.600018764648382 ], [ -76.221643246498914, 35.600033481878874 ], [ -76.221658080943641, 35.600046788877705 ], [ -76.221674166029501, 35.60005855352734 ], [ -76.221762264371264, 35.600116480739445 ], [ -76.221778911584011, 35.600126308598817 ], [ -76.221796429868505, 35.600134483329406 ], [ -76.221814655552947, 35.600140928555412 ], [ -76.221833418356368, 35.600145584059653 ], [ -76.221858287748276, 35.600150492498301 ], [ -76.221876945414408, 35.600153268243673 ], [ -76.221895781600836, 35.60015427390217 ], [ -76.22191462875341, 35.600153500528123 ], [ -76.221933319220483, 35.600150955000956 ], [ -76.221951686744134, 35.600146659963968 ], [ -76.221969567939155, 35.600140653622951 ], [ -76.22198680374639, 35.600132989406291 ], [ -76.222003240847613, 35.600123735489746 ], [ -76.222018733029344, 35.600112974189962 ], [ -76.222027265025758, 35.600106430233531 ], [ -76.222041743810763, 35.600094192833254 ], [ -76.222054998898855, 35.60008063953768 ], [ -76.222066911196634, 35.600065892119517 ], [ -76.222181808666036, 35.599908980624619 ], [ -76.222186388119098, 35.599903188224168 ], [ -76.222336487392667, 35.599727110920078 ], [ -76.222340170161601, 35.599723235582452 ], [ -76.222344895121822, 35.599720734426256 ], [ -76.222479798783269, 35.599658399251247 ], [ -76.222485075923913, 35.599656317964545 ], [ -76.222490687528889, 35.599655487388212 ], [ -76.222580196726184, 35.59964743113418 ], [ -76.222584932341078, 35.59964723387143 ], [ -76.222589007475676, 35.599649654251493 ], [ -76.222698686561557, 35.599722154220693 ], [ -76.222702776544807, 35.599725171950347 ], [ -76.222704845656779, 35.59972981451785 ], [ -76.222753245887162, 35.59985546864732 ], [ -76.222754752937149, 35.599860029693474 ], [ -76.222754420552477, 35.599864821755851 ], [ -76.222736527214948, 35.600016017724897 ], [ -76.22273515742674, 35.600042070765532 ], [ -76.222736327784233, 35.60013392800839 ], [ -76.222737624135846, 35.60015425598327 ], [ -76.22274098140791, 35.600174346673022 ], [ -76.222746364776512, 35.600193991683398 ], [ -76.222753718401734, 35.600212987243047 ], [ -76.222762966006769, 35.600231136317163 ], [ -76.222770054961742, 35.600243454723412 ], [ -76.222779839484062, 35.600258797462878 ], [ -76.222790978032123, 35.600273187364841 ], [ -76.222803378396435, 35.600286505303728 ], [ -76.22281693792165, 35.600298641028147 ], [ -76.222831544356424, 35.600309494073556 ], [ -76.222847076782642, 35.600318974593961 ], [ -76.222875254416195, 35.600334459724898 ], [ -76.222892329069012, 35.600342812474537 ], [ -76.222910119563224, 35.600349506539864 ], [ -76.222928465200795, 35.600354481454701 ], [ -76.222947200269132, 35.600357692281605 ], [ -76.222971425656254, 35.600360667281066 ], [ -76.222991696886993, 35.600362116376644 ], [ -76.223012010521131, 35.600361500794236 ], [ -76.223032156808884, 35.60035882689008 ], [ -76.22305192772842, 35.600354122273757 ], [ -76.223071119133763, 35.600347435523091 ], [ -76.223118455555749, 35.600328193136576 ], [ -76.223136285723541, 35.600319901649449 ], [ -76.223153215489234, 35.600309899315931 ], [ -76.2231690811997, 35.60029828282449 ], [ -76.223274407963544, 35.600212904253041 ], [ -76.223281436357126, 35.600206933280695 ], [ -76.223467244372699, 35.600041554852261 ], [ -76.223470808805601, 35.600038528690483 ], [ -76.22363350511047, 35.599906821885739 ], [ -76.223637088847624, 35.599904177646749 ], [ -76.22364124658192, 35.599902581270584 ], [ -76.223812925397326, 35.599845354998152 ], [ -76.22381703364384, 35.599844178521785 ], [ -76.223821227506093, 35.599843357969299 ], [ -76.223975505545638, 35.599819982816356 ], [ -76.223988549088332, 35.599818874076554 ], [ -76.224132802456211, 35.599816099921526 ], [ -76.224137940128969, 35.599816267756601 ], [ -76.224142779444207, 35.59981800121448 ], [ -76.224267445495698, 35.599870100195133 ], [ -76.2242718316636, 35.599872192537127 ], [ -76.224274706983863, 35.599876110303988 ], [ -76.224343510985918, 35.599980245547641 ], [ -76.224345813073313, 35.599984095744716 ], [ -76.22434775988738, 35.599988137222638 ], [ -76.224397203729851, 35.600103816803362 ], [ -76.224398781211917, 35.600108027731324 ], [ -76.224398348330553, 35.600112503552701 ], [ -76.22438070113347, 35.600236030783364 ], [ -76.224379751378024, 35.600240914272433 ], [ -76.22437739601942, 35.600245296371114 ], [ -76.224291168821793, 35.600388049780008 ], [ -76.22428872552095, 35.600391894108043 ], [ -76.224137043745145, 35.600618956699542 ], [ -76.224126031337377, 35.600637542352068 ], [ -76.224117087793928, 35.600657207362495 ], [ -76.224050546684452, 35.600827351124224 ], [ -76.224042922139844, 35.60085112552661 ], [ -76.224013558972587, 35.60096714505773 ], [ -76.224010046718135, 35.60098406564677 ], [ -76.224008008256192, 35.601001226268487 ], [ -76.224007458806042, 35.601018498800705 ], [ -76.224008402469892, 35.601035754285725 ], [ -76.224016841746476, 35.601121725958087 ], [ -76.224019971208008, 35.601142408654482 ], [ -76.224025243807588, 35.601162651360667 ], [ -76.22403260186725, 35.601182232637889 ], [ -76.224041964895804, 35.601200938282922 ], [ -76.224070010292223, 35.601250331752539 ], [ -76.224079596129698, 35.60126557289788 ], [ -76.22409051381787, 35.601279890190789 ], [ -76.224102674874132, 35.601293167596474 ], [ -76.224115980738972, 35.601305297507949 ], [ -76.2242495004011, 35.601416435620209 ], [ -76.224261314686785, 35.601425545553091 ], [ -76.224273775173813, 35.601433749484237 ], [ -76.224500238162094, 35.601571026195764 ], [ -76.22452054575318, 35.601581791749567 ], [ -76.224541954408849, 35.601590156249934 ], [ -76.225081620877233, 35.601765991803859 ], [ -76.225097142147334, 35.60177036525598 ], [ -76.225112965303495, 35.601773474056117 ], [ -76.225510343133678, 35.601835026585356 ], [ -76.225527439131639, 35.601836926174435 ], [ -76.22554463512472, 35.601837349738858 ], [ -76.225561803913479, 35.6018362941455 ], [ -76.225754223357313, 35.601816127920614 ], [ -76.225775574132044, 35.601812715127402 ], [ -76.226112671928433, 35.601739954128789 ], [ -76.226130727338401, 35.601735164516995 ], [ -76.226148257136586, 35.601728711270887 ], [ -76.226408048366935, 35.60161904141804 ], [ -76.22643118313249, 35.601607458727081 ], [ -76.226853101444064, 35.601360871079628 ], [ -76.226869431225069, 35.601350227007266 ], [ -76.226884647282148, 35.601338043837281 ], [ -76.227098562988061, 35.601148942179847 ], [ -76.227112137609055, 35.601135746295853 ], [ -76.227124403725838, 35.601121326029961 ], [ -76.227135251433509, 35.601105810588372 ], [ -76.227305379044253, 35.600836141122095 ], [ -76.227308181143513, 35.600832146997561 ], [ -76.227311360273546, 35.600828445926822 ], [ -76.227504378878066, 35.600624810408753 ], [ -76.227508138308409, 35.600621239676286 ], [ -76.227513026961375, 35.600619512100188 ], [ -76.227720313149106, 35.600558288982498 ], [ -76.227736449673856, 35.600552764648533 ], [ -76.22775205683547, 35.600545885534963 ], [ -76.227767021128628, 35.600537701671129 ], [ -76.227897276652456, 35.600459071445385 ], [ -76.227919634418413, 35.600443397826588 ], [ -76.22805153608401, 35.600336791684086 ], [ -76.22805510073583, 35.600334163465511 ], [ -76.228058884477448, 35.60033186181969 ], [ -76.228203604768737, 35.600252408117704 ], [ -76.228208089547309, 35.600250230350561 ], [ -76.228212769448817, 35.600248511504802 ], [ -76.228325666951378, 35.600213346321155 ], [ -76.228330016302166, 35.600212204800627 ], [ -76.228334512449905, 35.600212272448346 ], [ -76.228473941225189, 35.600220694423882 ], [ -76.228478950091755, 35.600221252255913 ], [ -76.228483877013517, 35.600222313086533 ], [ -76.228667717155773, 35.600271741950699 ], [ -76.228691196624197, 35.600276567405217 ], [ -76.228715084756189, 35.600278549222267 ], [ -76.228908932453848, 35.600282971933602 ], [ -76.228926654651062, 35.600282590513672 ], [ -76.228944273466908, 35.600280641389979 ], [ -76.228961650496032, 35.600277139873953 ], [ -76.228978649232374, 35.60027211347191 ], [ -76.228995136141663, 35.600265601668966 ], [ -76.229052243004375, 35.600240065654305 ], [ -76.229068290396711, 35.600232006783898 ], [ -76.229083550257414, 35.60022254101164 ], [ -76.229097899567506, 35.600211744646842 ], [ -76.229140998943336, 35.600176177439351 ], [ -76.229155627006321, 35.600162835225007 ], [ -76.229168864208418, 35.600148112066684 ], [ -76.229180580826736, 35.600132152249465 ], [ -76.229190662039912, 35.600115112177541 ], [ -76.229199009053332, 35.600097158841436 ], [ -76.229231967431573, 35.600015983652952 ], [ -76.229234246165575, 35.600011136556006 ], [ -76.229237032086445, 35.600006562102365 ], [ -76.229328596931637, 35.599872952809477 ], [ -76.22933226217971, 35.599868238250771 ], [ -76.229336465659046, 35.599863996568359 ], [ -76.229422895813897, 35.599786664531976 ], [ -76.229427154009485, 35.599783256477728 ], [ -76.229432052763002, 35.599780858712641 ], [ -76.229552222948129, 35.59973001748078 ], [ -76.229557030222381, 35.599728271002533 ], [ -76.229562133890283, 35.599728606630926 ], [ -76.229730441716924, 35.599748463263758 ], [ -76.229734928778427, 35.599749202310328 ], [ -76.229739046878066, 35.599751131342664 ], [ -76.229866404299969, 35.599818063971838 ], [ -76.229877752249394, 35.59982357830939 ], [ -76.230052819622301, 35.599901923097988 ], [ -76.230053162779441, 35.599902076278212 ], [ -76.230187597655984, 35.59996193459623 ], [ -76.230192411066099, 35.599964002700432 ], [ -76.230403039491108, 35.600051250295941 ], [ -76.230420533971184, 35.600057560996767 ], [ -76.230438539007693, 35.600062219369761 ], [ -76.230456898910248, 35.600065185133765 ], [ -76.230577991010946, 35.600079005574855 ], [ -76.230595377556867, 35.600080225548908 ], [ -76.230612804297124, 35.600079927153296 ], [ -76.230630138884194, 35.600078112654195 ], [ -76.230647249670412, 35.60007479583183 ], [ -76.230920708355129, 35.600009307041979 ], [ -76.230923270806912, 35.600008675472594 ], [ -76.231276170471716, 35.599919222135 ], [ -76.231281028391834, 35.599918244841525 ], [ -76.231285959342117, 35.599917754718433 ], [ -76.231518465071602, 35.5999062723752 ], [ -76.231523955673694, 35.599906305166868 ], [ -76.231529305216213, 35.599907542172389 ], [ -76.231674781150176, 35.599949777777212 ], [ -76.231678905487385, 35.599951173851878 ], [ -76.231682525087109, 35.599953594116272 ], [ -76.231866332038223, 35.600088516087119 ], [ -76.231867641359443, 35.600089493745202 ], [ -76.232260971117881, 35.6003882257816 ], [ -76.232262990239448, 35.600389800461748 ], [ -76.232523348650886, 35.600598265202613 ], [ -76.232538523814355, 35.600609288993063 ], [ -76.232554664949404, 35.600618842699234 ], [ -76.232571630090888, 35.600626842294012 ], [ -76.232589270026352, 35.600633217419052 ], [ -76.232656152045294, 35.600653898271162 ], [ -76.232675541888526, 35.600658845998232 ], [ -76.232695329103024, 35.600661831323329 ], [ -76.23271531559601, 35.600662824359908 ], [ -76.232735301279703, 35.600661815166532 ], [ -76.232755086074391, 35.600658813846387 ], [ -76.233004249535398, 35.600608150448714 ], [ -76.233086840678837, 35.600592006586453 ], [ -76.233092000522021, 35.600591277128551 ], [ -76.233097205476966, 35.600591640335423 ], [ -76.23320107466381, 35.600604396226494 ], [ -76.233205847922761, 35.600605224027007 ], [ -76.233208610222633, 35.600609203845423 ], [ -76.233284546308909, 35.600731075721868 ], [ -76.233286787904703, 35.600735073851311 ], [ -76.23328742968981, 35.600739602521074 ], [ -76.233290947204551, 35.600776537341353 ], [ -76.233293946297223, 35.600796879574652 ], [ -76.233299018172346, 35.600816806368051 ], [ -76.233306109220081, 35.600836107094835 ], [ -76.233315144487847, 35.600854577745849 ], [ -76.233326028472661, 35.600872023085827 ], [ -76.23333864613052, 35.600888258717092 ], [ -76.233349223257434, 35.600900512664381 ], [ -76.233361522167186, 35.600913533893568 ], [ -76.233374936723592, 35.600925402561003 ], [ -76.233389359336698, 35.600936023475349 ], [ -76.233404674331538, 35.600945311452733 ], [ -76.233420758875852, 35.600953191999956 ], [ -76.233590022787865, 35.601026916048397 ], [ -76.23360418108696, 35.601032452588711 ], [ -76.233618719021777, 35.601036897716753 ], [ -76.234128658370906, 35.601171853011977 ], [ -76.234137204555211, 35.601174529783066 ], [ -76.234317650554814, 35.601240060339137 ], [ -76.234328077606108, 35.601244532304214 ], [ -76.234558147087554, 35.601359081419041 ], [ -76.23456185358954, 35.601360879450816 ], [ -76.234789818305444, 35.601468579569328 ], [ -76.234806152412006, 35.60147542906828 ], [ -76.234823028464902, 35.601480806568816 ], [ -76.234840314105796, 35.601484669895385 ], [ -76.234987864088453, 35.601510847901046 ], [ -76.235012289839219, 35.601513646740365 ], [ -76.235159618547712, 35.601521401213326 ], [ -76.235179732651616, 35.60152144704724 ], [ -76.235199749637374, 35.601519472317413 ], [ -76.235219467043549, 35.601515496997209 ], [ -76.235317023608786, 35.601490664188425 ], [ -76.235335510389106, 35.601484993824826 ], [ -76.23535336316948, 35.601477564672621 ], [ -76.235370415064793, 35.601468446178416 ], [ -76.23538650667642, 35.601457723580552 ], [ -76.235504383345415, 35.601370664028153 ], [ -76.235508080298501, 35.601368181731679 ], [ -76.235512304066148, 35.601366771396584 ], [ -76.235654278076566, 35.601326341698638 ], [ -76.235659022324597, 35.601325238707517 ], [ -76.235663890536472, 35.601325080622694 ], [ -76.235775395657555, 35.601326924105436 ], [ -76.235779928625917, 35.601327207711563 ], [ -76.235783865571833, 35.601329472372583 ], [ -76.235880657036645, 35.60139123470092 ], [ -76.23588479267012, 35.601394183172594 ], [ -76.235887405099987, 35.601398538876715 ], [ -76.235982152243906, 35.60157666286019 ], [ -76.235988147303061, 35.601587156043351 ], [ -76.236072525586721, 35.601725000632442 ], [ -76.236082065963913, 35.601739186750066 ], [ -76.236092782990852, 35.601752506286985 ], [ -76.236104598362346, 35.601764861922405 ], [ -76.236195996887261, 35.601852604671841 ], [ -76.23621165300348, 35.601866149335407 ], [ -76.236228625375247, 35.601878003047197 ], [ -76.236321603583477, 35.601936021652527 ], [ -76.236336318580385, 35.601944360842836 ], [ -76.236351685559768, 35.601951426900712 ], [ -76.236406623815171, 35.601973925714852 ], [ -76.236423909398852, 35.601980094664341 ], [ -76.236441687709814, 35.601984653063262 ], [ -76.236459809033619, 35.601987562524506 ], [ -76.236478120767273, 35.601988798546962 ], [ -76.236480333962263, 35.601988846131526 ], [ -76.236501287941579, 35.601988197672043 ], [ -76.236522058929509, 35.601985359396323 ], [ -76.236542418710144, 35.601980362489194 ], [ -76.23656214358563, 35.601973261852898 ], [ -76.236581016833938, 35.601964135503856 ], [ -76.236596584116228, 35.601955573494372 ], [ -76.236613433643512, 35.601945188504068 ], [ -76.236629174179015, 35.601933188915112 ], [ -76.236865322430816, 35.601733939723161 ], [ -76.236870196051001, 35.601730312779182 ], [ -76.236875475281806, 35.601727306682349 ], [ -76.237149173892462, 35.601592874956395 ], [ -76.237153056775043, 35.601591168675213 ], [ -76.237157070557132, 35.601589798373915 ], [ -76.237277712135977, 35.601554260605617 ], [ -76.237282012409295, 35.601553199711759 ], [ -76.237286440149674, 35.601553313555634 ], [ -76.237418498380606, 35.601562612902249 ], [ -76.23742392049158, 35.601563296184459 ], [ -76.23742906240021, 35.601565147383589 ], [ -76.237504710613223, 35.601597187069167 ], [ -76.237508869999331, 35.601599181437201 ], [ -76.237512319807209, 35.601602243596972 ], [ -76.237625675110351, 35.601712692530626 ], [ -76.237626308008302, 35.601713306487532 ], [ -76.237726616908461, 35.601810185104299 ], [ -76.237743777607903, 35.601824975152297 ], [ -76.237762500844781, 35.601837729583906 ], [ -76.238063140253828, 35.602018488019837 ], [ -76.238064846288609, 35.602019502276349 ], [ -76.23832717713006, 35.60217370429649 ], [ -76.238343348161649, 35.602182240241518 ], [ -76.23836023121568, 35.602189263567439 ], [ -76.238627765158498, 35.602286464030719 ], [ -76.238631905341109, 35.602288182581077 ], [ -76.238635655295923, 35.602290605464134 ], [ -76.23881456032295, 35.602417848773293 ], [ -76.238823053610957, 35.602424613392095 ], [ -76.239001621024869, 35.602583434993981 ], [ -76.239019174400411, 35.602597367013729 ], [ -76.239038176232469, 35.60260924777743 ], [ -76.239058387942492, 35.602618928115504 ], [ -76.23911376782668, 35.602641731702974 ], [ -76.239129982530599, 35.602647604301666 ], [ -76.239146642861442, 35.602652058222915 ], [ -76.239163624947992, 35.602655060351367 ], [ -76.23918080252669, 35.602656588365889 ], [ -76.23939718536316, 35.602666460882361 ], [ -76.239420778928661, 35.60266614400436 ], [ -76.239779123432768, 35.602640135204538 ], [ -76.23978285533758, 35.602639829197173 ], [ -76.240124950845598, 35.60260855164411 ], [ -76.240130980287475, 35.602608367464626 ], [ -76.240136987724767, 35.60260891408079 ], [ -76.240302008811369, 35.602634087331509 ], [ -76.24030789301824, 35.602635353079222 ], [ -76.240313581412551, 35.602637319847886 ], [ -76.240547431183529, 35.602734372009728 ], [ -76.240575228361962, 35.602743587063095 ], [ -76.240642887262268, 35.602760635039523 ], [ -76.240660793120071, 35.602764285804682 ], [ -76.240678957459082, 35.602766286958889 ], [ -76.240697228630765, 35.602766621795119 ], [ -76.240715454094655, 35.602765287517919 ], [ -76.240733481691919, 35.602762295266771 ], [ -76.240818299178144, 35.602744200775369 ], [ -76.240837681798737, 35.602739037291201 ], [ -76.240856449727588, 35.602731958280259 ], [ -76.240934570096172, 35.602697925398012 ], [ -76.240939008440591, 35.602696241377622 ], [ -76.240943645354747, 35.60269725816309 ], [ -76.241164917377091, 35.602757087385498 ], [ -76.241178709617245, 35.602761924603293 ], [ -76.241216430637493, 35.602778344434441 ], [ -76.241236822354196, 35.602785930205933 ], [ -76.241257917407211, 35.602791256065224 ], [ -76.241279466154509, 35.602794258985284 ], [ -76.241301213584961, 35.602794903429107 ], [ -76.241337973067246, 35.602793991795856 ], [ -76.241357664870989, 35.602792528368546 ], [ -76.241377116390836, 35.60278913026179 ], [ -76.241396138018843, 35.602783830599371 ], [ -76.241414544337545, 35.602776681040922 ], [ -76.241598221067122, 35.602694683022911 ], [ -76.241602047603763, 35.602693160880541 ], [ -76.241606058830854, 35.602692292540191 ], [ -76.241712385653429, 35.602673801072108 ], [ -76.241716967059219, 35.602673223300648 ], [ -76.241721317409812, 35.602674771702915 ], [ -76.241816434850904, 35.602713723905815 ], [ -76.241821815902782, 35.602716314713717 ], [ -76.241826847917366, 35.602719531362887 ], [ -76.241952644613576, 35.602811020765081 ], [ -76.241955353587528, 35.602812956676701 ], [ -76.242111221909468, 35.602922396186088 ], [ -76.242126902689179, 35.602932352203304 ], [ -76.242143439482604, 35.60294081054797 ], [ -76.242160689656103, 35.602947698264941 ], [ -76.242178504423023, 35.60295295594608 ], [ -76.242226956226787, 35.602964840165626 ], [ -76.242248145542803, 35.602968840531304 ], [ -76.242269642383349, 35.60297053637489 ], [ -76.242335259006694, 35.602972163330044 ], [ -76.242357522152005, 35.602971474655689 ], [ -76.242379570653924, 35.602968314675614 ], [ -76.242401131043849, 35.602962722583193 ], [ -76.242516018908873, 35.602925985429849 ], [ -76.242532321878059, 35.602919980035445 ], [ -76.242548042141237, 35.602912582407981 ], [ -76.242563061068736, 35.602903848372087 ], [ -76.242667890294811, 35.602836629482397 ], [ -76.242672068602801, 35.602834228946342 ], [ -76.242676845581357, 35.602833595458861 ], [ -76.2427751688423, 35.602825402053959 ], [ -76.242779964940212, 35.602825235274302 ], [ -76.242784608129185, 35.602826448191074 ], [ -76.243116804020303, 35.602930627592812 ], [ -76.243119182445042, 35.602931357270251 ], [ -76.243275285425426, 35.602978187861829 ], [ -76.243297200448325, 35.602983436876812 ], [ -76.24331956685009, 35.602986187233007 ], [ -76.24334210067785, 35.60298640401323 ], [ -76.24345158161573, 35.602981282365164 ], [ -76.243469678021043, 35.602979609192367 ], [ -76.243487547834704, 35.602976300242034 ], [ -76.243505043505934, 35.602971382836124 ], [ -76.243576458830603, 35.602947760547323 ], [ -76.243597491020168, 35.602939457304466 ], [ -76.243617451530326, 35.602928833045723 ], [ -76.243636085217446, 35.602916023574856 ], [ -76.243728893398114, 35.602844172404566 ], [ -76.243733073499811, 35.602841269531666 ], [ -76.243738162142563, 35.602841344620927 ], [ -76.243863240575081, 35.602849683088067 ], [ -76.243867875211734, 35.602850214533035 ], [ -76.243870862593823, 35.602853797525825 ], [ -76.243909398218506, 35.602904763982991 ], [ -76.243923979532951, 35.602921944128887 ], [ -76.243940400893507, 35.602937374976619 ], [ -76.243958453842424, 35.602950860642309 ], [ -76.243964615523339, 35.602954943692033 ], [ -76.243982085422786, 35.602965284169159 ], [ -76.244000513573042, 35.602973800396697 ], [ -76.24401971010758, 35.60298040463136 ], [ -76.244039477243135, 35.602985028829245 ], [ -76.244059611317482, 35.602987625346898 ], [ -76.244079904887812, 35.60298816743223 ], [ -76.244100148868057, 35.602986649500089 ], [ -76.244120134683001, 35.602983087189841 ], [ -76.244139656417403, 35.602977517204216 ], [ -76.244231037447236, 35.60294634847768 ], [ -76.244235033560059, 35.602945169277859 ], [ -76.244239155847183, 35.60294467397793 ], [ -76.244344168497548, 35.602936455394548 ], [ -76.244349978089929, 35.602936340848252 ], [ -76.244355761459886, 35.602936903978296 ], [ -76.244480123592382, 35.602956393816953 ], [ -76.244483956079449, 35.602957149182707 ], [ -76.244487717745557, 35.602958201990184 ], [ -76.24457909145022, 35.602987677440133 ], [ -76.244598272428888, 35.602992828714193 ], [ -76.244617869741816, 35.602996052204965 ], [ -76.244637690137196, 35.602997316125162 ], [ -76.244657538163338, 35.602996608011082 ], [ -76.244677218096086, 35.602993934845536 ], [ -76.244696535868897, 35.602989322988989 ], [ -76.244715300986513, 35.602982817919596 ], [ -76.244733328403498, 35.602974483784756 ], [ -76.244750440349009, 35.602964402768528 ], [ -76.244766468079746, 35.602952674281212 ], [ -76.244781253544019, 35.602939413979065 ], [ -76.244794650940321, 35.602924752623764 ], [ -76.244806528155067, 35.60290883479297 ], [ -76.244816768065377, 35.60289181745464 ], [ -76.244825269694076, 35.60287386841911 ], [ -76.24483194920542, 35.602855164684314 ], [ -76.244836740731827, 35.602835890690393 ], [ -76.244839597023372, 35.602816236500871 ], [ -76.24484048991377, 35.602796395928458 ], [ -76.244839410598104, 35.602776564623788 ], [ -76.244836369719664, 35.602756938146129 ], [ -76.244831397264974, 35.602737710034901 ], [ -76.244824542268105, 35.602719069901184 ], [ -76.244815872327123, 35.602701201557934 ], [ -76.24480929745468, 35.602689206840893 ], [ -76.244807228187895, 35.602684960682154 ], [ -76.244807803435137, 35.602680272311332 ], [ -76.244823144940341, 35.602590925140092 ], [ -76.24482417233601, 35.602586331049935 ], [ -76.244828597637252, 35.602587936638294 ], [ -76.244996426695877, 35.602658501373938 ], [ -76.244999922501023, 35.602660132955705 ], [ -76.245003281833974, 35.602662029689462 ], [ -76.245145167095856, 35.602749539546203 ], [ -76.245159999104033, 35.602757838928106 ], [ -76.245175482205653, 35.602764849047297 ], [ -76.245191504586302, 35.602770519278756 ], [ -76.245320585818561, 35.602810114810666 ], [ -76.245339635130179, 35.602814948165353 ], [ -76.245400124214584, 35.602827167893111 ], [ -76.245419388966567, 35.60283009130287 ], [ -76.245438846768238, 35.602831126168937 ], [ -76.24545831292761, 35.602830262668427 ], [ -76.245574940003308, 35.602819377614644 ], [ -76.245583060014084, 35.602818951909896 ], [ -76.245744686279295, 35.602817061636813 ], [ -76.245749949494595, 35.602817279363236 ], [ -76.24575504885938, 35.6028186004689 ], [ -76.245802972790429, 35.602833769085869 ], [ -76.24582242223309, 35.602838865075974 ], [ -76.245842285046777, 35.602841982537669 ], [ -76.245862360492964, 35.60284308996512 ], [ -76.245882445684188, 35.602842176166384 ], [ -76.245902337634547, 35.602839250376547 ], [ -76.245921835311023, 35.602834342164364 ], [ -76.245940741665265, 35.60282750113344 ], [ -76.245958865624971, 35.602818796420941 ], [ -76.245976024024898, 35.60280831599885 ], [ -76.245992043457974, 35.602796165784916 ], [ -76.246006762027861, 35.602782468572222 ], [ -76.246020030985008, 35.602767362788192 ], [ -76.246031716230064, 35.602751001095641 ], [ -76.246041699669021, 35.602733548849898 ], [ -76.246049880406773, 35.602715182427687 ], [ -76.246056175766739, 35.602696087444635 ], [ -76.246059838902269, 35.602679542697928 ], [ -76.246060243912467, 35.602678084210467 ], [ -76.24606212366777, 35.60267329648255 ], [ -76.246097020480065, 35.602596345956421 ], [ -76.246099133788121, 35.602592221110562 ], [ -76.246103763211423, 35.602592000062486 ], [ -76.246346341762646, 35.602591999468871 ], [ -76.246366582152817, 35.602590972599707 ], [ -76.246386614705656, 35.602587902635364 ], [ -76.246406233722979, 35.602582821098835 ], [ -76.246507309090887, 35.60255109696255 ], [ -76.246520900758824, 35.602547855414365 ], [ -76.24666645094932, 35.602523751743234 ], [ -76.246670987253097, 35.602523213508192 ], [ -76.246675498477316, 35.602523932260247 ], [ -76.246757499444442, 35.602540897575018 ], [ -76.246758482511893, 35.602541106119979 ], [ -76.246822324602945, 35.602554984977026 ], [ -76.246826911147764, 35.602556213990312 ], [ -76.246831180991776, 35.602558291319752 ], [ -76.246938712027685, 35.602617112071357 ], [ -76.246943780564649, 35.602620294762978 ], [ -76.246948430453713, 35.602624062802803 ], [ -76.247002744688444, 35.602673774065373 ], [ -76.247003238970294, 35.602674224941339 ], [ -76.247023231485656, 35.602692400623084 ], [ -76.247026672396458, 35.602695681610001 ], [ -76.247045604396817, 35.602714613263352 ], [ -76.247048799132926, 35.602718129546901 ], [ -76.2470508664709, 35.602722407011804 ], [ -76.247087257241006, 35.60280792555826 ], [ -76.247088796661529, 35.602812039691592 ], [ -76.247088812194377, 35.602816423822894 ], [ -76.247085210811065, 35.602905567648634 ], [ -76.247084701866271, 35.602910923899586 ], [ -76.247082503665993, 35.602915834740926 ], [ -76.247082073262291, 35.6029166711835 ], [ -76.247073928100619, 35.602934623958021 ], [ -76.247067589972218, 35.602953291413669 ], [ -76.247063120459288, 35.602972492174743 ], [ -76.247060562988239, 35.602992039683883 ], [ -76.24705994240783, 35.603011744014673 ], [ -76.247061264747714, 35.603031413716984 ], [ -76.247064517159856, 35.603050857677154 ], [ -76.247069668043338, 35.603069886974865 ], [ -76.247076667351422, 35.603088316718704 ], [ -76.247085447077851, 35.603105967842623 ], [ -76.24709592191752, 35.603122668845764 ], [ -76.247107990095358, 35.60313825745876 ], [ -76.247121534355244, 35.603152582220403 ], [ -76.247136423099164, 35.603165503949249 ], [ -76.247152511665945, 35.603176897095899 ], [ -76.247169643736754, 35.603186650962911 ], [ -76.24718765285391, 35.603194670780297 ], [ -76.247206364038249, 35.60320087862636 ], [ -76.247225595489184, 35.603205214184769 ], [ -76.24724516035117, 35.603207635330612 ], [ -76.247264868529186, 35.60320811853969 ], [ -76.247304901614214, 35.603207125838601 ], [ -76.247309944205099, 35.603207257503563 ], [ -76.247314713904345, 35.603208899157622 ], [ -76.247397371395394, 35.60324214200655 ], [ -76.247401716960781, 35.603244146343854 ], [ -76.247400975272313, 35.60324887404991 ], [ -76.247375976892172, 35.603368868473808 ], [ -76.247372944297737, 35.603388046174345 ], [ -76.247371785569698, 35.603407427561706 ], [ -76.247372511628512, 35.603426829975611 ], [ -76.247375115631414, 35.603446070557609 ], [ -76.247379573036937, 35.603464967974439 ], [ -76.247385841836177, 35.603483344127007 ], [ -76.247393862948684, 35.603501025828869 ], [ -76.247403560779333, 35.603517846438479 ], [ -76.247414843930713, 35.603533647429643 ], [ -76.247427606064534, 35.603548279885594 ], [ -76.247440591391864, 35.603561784713349 ], [ -76.247454756025505, 35.603575148201308 ], [ -76.247470153146054, 35.603587070799001 ], [ -76.247486636781218, 35.603597439474342 ], [ -76.247506932715339, 35.603608866581581 ], [ -76.247524682112015, 35.603617730646434 ], [ -76.247543222397454, 35.603624792554385 ], [ -76.247562371129334, 35.603629982814027 ], [ -76.24758193987806, 35.60363325035155 ], [ -76.24760173608091, 35.603634563013344 ], [ -76.247621564936935, 35.603633907882397 ], [ -76.247641231323897, 35.603631291405414 ], [ -76.24766054171829, 35.60362673932935 ], [ -76.247727158229537, 35.603607502296882 ], [ -76.247746473002721, 35.603600838402606 ], [ -76.247765007088873, 35.603592238658393 ], [ -76.247782567053306, 35.603581792817181 ], [ -76.247798969627993, 35.603569609899061 ], [ -76.247865269581084, 35.603514896444999 ], [ -76.247875153595615, 35.603507708881345 ], [ -76.247945891275066, 35.60346261320143 ], [ -76.247949885606829, 35.603460331870991 ], [ -76.247951832094586, 35.603464499644993 ], [ -76.248020334329851, 35.603631950769611 ], [ -76.248023822768943, 35.603639972864009 ], [ -76.248090405672883, 35.603784368377497 ], [ -76.248098291766766, 35.603799696580133 ], [ -76.248107468470039, 35.603814288783191 ], [ -76.248117867612564, 35.603828036586926 ], [ -76.248129411943225, 35.603840837864304 ], [ -76.248218482854938, 35.60393143155386 ], [ -76.248221778769306, 35.603935137562011 ], [ -76.248223831560168, 35.603939652382103 ], [ -76.248261990220911, 35.604036109041495 ], [ -76.248269970410163, 35.604053736666373 ], [ -76.248279616713049, 35.604070510617007 ], [ -76.248290838836198, 35.604086273882267 ], [ -76.248303531735857, 35.60410087891146 ], [ -76.248317576601238, 35.604114188995446 ], [ -76.248332841966572, 35.60412607954634 ], [ -76.248349184941731, 35.604136439263641 ], [ -76.248366452549675, 35.604145171176114 ], [ -76.248384483158432, 35.604152193549432 ], [ -76.248403107994051, 35.604157440651264 ], [ -76.248422152720337, 35.60416086336658 ], [ -76.24844143907076, 35.604162429657329 ], [ -76.248460786517086, 35.604162124862384 ], [ -76.24848001395921, 35.60415995183476 ], [ -76.24849894142028, 35.604155930914892 ], [ -76.24851739173144, 35.604150099740252 ], [ -76.248535192190118, 35.604142512893056 ], [ -76.248552176176645, 35.604133241389341 ], [ -76.248568184713861, 35.604122372014217 ], [ -76.248583067955224, 35.604110006509543 ], [ -76.248591067545874, 35.604102677852644 ], [ -76.248594087847209, 35.604100123490227 ], [ -76.248597300980308, 35.604097816379372 ], [ -76.2486836220573, 35.604040881173681 ], [ -76.248688052578501, 35.604038280756498 ], [ -76.248693165664804, 35.604038778789082 ], [ -76.248776567824422, 35.604051334173541 ], [ -76.248780944083194, 35.604052194643302 ], [ -76.248785225973563, 35.604053442627205 ], [ -76.248867367714766, 35.604081424806438 ], [ -76.248871859262422, 35.604083204006926 ], [ -76.248875334924861, 35.604086559498867 ], [ -76.248930679579061, 35.604145474971801 ], [ -76.248933733554253, 35.604149058396146 ], [ -76.248932517005045, 35.604153606769692 ], [ -76.248926124412719, 35.604173583211349 ], [ -76.248921063932926, 35.604192561235465 ], [ -76.248917889356321, 35.6042119441124 ], [ -76.248916631299636, 35.604231544906987 ], [ -76.248917301896, 35.604251174582366 ], [ -76.24891989467794, 35.604270643823149 ], [ -76.248924384639778, 35.604289764861242 ], [ -76.248930728478769, 35.604308353286719 ], [ -76.248938865012732, 35.604326229826377 ], [ -76.248948715770112, 35.604343222072671 ], [ -76.248960185746796, 35.604359166146487 ], [ -76.248973164322351, 35.604373908277665 ], [ -76.2489875263269, 35.604387306287975 ], [ -76.249003133248294, 35.604399230962372 ], [ -76.249019834567989, 35.604409567295164 ], [ -76.249037469212666, 35.604418215599175 ], [ -76.2490558671077, 35.604425092467167 ], [ -76.249074850817408, 35.604430131576244 ], [ -76.249094237256344, 35.604433284327492 ], [ -76.249113839454964, 35.604434520314683 ], [ -76.249133468362871, 35.604433827617541 ], [ -76.249152934672082, 35.604431212916658 ], [ -76.24917205064277, 35.604426701429126 ], [ -76.249190631913891, 35.604420336665292 ], [ -76.249208499281224, 35.604412180009149 ], [ -76.249225480425693, 35.604402310126297 ], [ -76.249241674382787, 35.604391801367527 ], [ -76.249246024094617, 35.604389286756785 ], [ -76.249250825275141, 35.604390767272115 ], [ -76.249374806610632, 35.604436103853509 ], [ -76.249379855820948, 35.604438272996795 ], [ -76.249384635345479, 35.604440985164807 ], [ -76.249460091520362, 35.604489492820598 ], [ -76.249467642364564, 35.604494857168874 ], [ -76.249598276406374, 35.604597092311266 ], [ -76.249605416300597, 35.604603244324437 ], [ -76.249607921775663, 35.604605617942724 ], [ -76.249622626175295, 35.604618254014291 ], [ -76.249638484977666, 35.604629406953855 ], [ -76.249655349153741, 35.604638971954557 ], [ -76.249673060226812, 35.604646859131769 ], [ -76.249691451761606, 35.604652994367768 ], [ -76.249710350928453, 35.604657320008279 ], [ -76.249729580127308, 35.604659795404196 ], [ -76.249748958656724, 35.604660397293628 ], [ -76.249768304411987, 35.604659120020479 ], [ -76.249787435596346, 35.60465597558759 ], [ -76.249806172429444, 35.604650993543956 ], [ -76.249824338836731, 35.604644220707044 ], [ -76.249841764104076, 35.604635720722854 ], [ -76.249991791041296, 35.604553306964888 ], [ -76.249995942230854, 35.604551281491204 ], [ -76.249999183728875, 35.604554605098528 ], [ -76.250101035906368, 35.604669627806103 ], [ -76.250112462350884, 35.604681507266065 ], [ -76.250124828197215, 35.604692405479121 ], [ -76.250214215672159, 35.604764863841822 ], [ -76.250229467021128, 35.60477607376361 ], [ -76.250245709783457, 35.604785791719372 ], [ -76.250262798478389, 35.604793930668791 ], [ -76.250280580048468, 35.604800417714145 ], [ -76.250327495124594, 35.604815057684483 ], [ -76.250346364120531, 35.604819950675022 ], [ -76.250365619824166, 35.604822983535428 ], [ -76.250385079315734, 35.604824127455025 ], [ -76.250404557739643, 35.604823371567129 ], [ -76.250423870060416, 35.604820723052306 ], [ -76.250442832820482, 35.604816207070151 ], [ -76.250473901989935, 35.604807187254281 ], [ -76.250482166880587, 35.604805164948324 ], [ -76.250602959687726, 35.604781006374139 ], [ -76.250607975395482, 35.604780268348044 ], [ -76.250612869049164, 35.604781592795348 ], [ -76.250701105534716, 35.604810404624487 ], [ -76.250705857684039, 35.604812231387911 ], [ -76.250709831559277, 35.604815413887501 ], [ -76.250756241014969, 35.604856666588375 ], [ -76.250759805668721, 35.604860170488948 ], [ -76.250763001455269, 35.604864013798156 ], [ -76.250789949667293, 35.604899944539348 ], [ -76.250792707942139, 35.60490403907481 ], [ -76.250791157351159, 35.604908726181542 ], [ -76.250768634615582, 35.604966765500805 ], [ -76.250766822062261, 35.604970872950382 ], [ -76.250763391412434, 35.604973769005191 ], [ -76.250754439801796, 35.604980654763168 ], [ -76.250739452370368, 35.604993404589543 ], [ -76.250725790342486, 35.605007565457001 ], [ -76.250713585960142, 35.605023000295034 ], [ -76.250702957356012, 35.605039559701652 ], [ -76.25069400740999, 35.60505708338961 ], [ -76.250686822753337, 35.605075401737849 ], [ -76.250681472930154, 35.605094337433378 ], [ -76.250678009724211, 35.605113707187577 ], [ -76.250676466657694, 35.605133323510351 ], [ -76.250676858666793, 35.605152996524922 ], [ -76.250679181957011, 35.605172535805764 ], [ -76.250683414040012, 35.605191752221842 ], [ -76.250689513951215, 35.605210459767285 ], [ -76.250697422646354, 35.605228477361869 ], [ -76.250707063572975, 35.605245630603747 ], [ -76.250718343411464, 35.605261753457626 ], [ -76.25073115297829, 35.605276689861853 ], [ -76.25074536828285, 35.605290295239072 ], [ -76.250760851727719, 35.605302437895638 ], [ -76.250777453440421, 35.605313000296348 ], [ -76.250795012724197, 35.605321880202133 ], [ -76.250813359613431, 35.605328991659682 ], [ -76.250832316518881, 35.605334265833442 ], [ -76.250851699946637, 35.605337651671888 ], [ -76.250871322274222, 35.605339116401694 ], [ -76.250890993566756, 35.605338645844967 ], [ -76.250910523415371, 35.605336244556483 ], [ -76.250929722780327, 35.605331935779574 ], [ -76.251007608014504, 35.605310382316546 ], [ -76.251010384267346, 35.605309656753704 ], [ -76.25119311265405, 35.60526469213103 ], [ -76.251207039408598, 35.60526229471386 ], [ -76.25129504316638, 35.605253494396415 ], [ -76.251299899489126, 35.605253251597148 ], [ -76.251303472274515, 35.605256549782247 ], [ -76.251425602223222, 35.605381089533253 ], [ -76.251439243975653, 35.605393762527747 ], [ -76.251454005180818, 35.605405111933962 ], [ -76.251469757895151, 35.605415039380276 ], [ -76.25148636558113, 35.605423458820006 ], [ -76.251631785476235, 35.605488859276889 ], [ -76.251650566906093, 35.605496191638267 ], [ -76.251656890477605, 35.605498299710064 ], [ -76.251661106457931, 35.605499653509732 ], [ -76.251769121329488, 35.605533023894907 ], [ -76.251795277102133, 35.605539214185988 ], [ -76.251897090105658, 35.605556182913034 ], [ -76.251901890300232, 35.605557230286294 ], [ -76.251905910963586, 35.605560053958463 ], [ -76.251974618960844, 35.605613592543072 ], [ -76.251978763647244, 35.605617208367448 ], [ -76.251982011993931, 35.605621646931937 ], [ -76.252004702057192, 35.605656555412295 ], [ -76.252005281830648, 35.605657442239377 ], [ -76.252049917106021, 35.605725323524631 ], [ -76.252052712246794, 35.605730141253751 ], [ -76.252054951958968, 35.605735240960726 ], [ -76.252093388746687, 35.605838018457519 ], [ -76.252099570045431, 35.605852729583596 ], [ -76.252106904462693, 35.605866901104619 ], [ -76.252167611372016, 35.605973548081828 ], [ -76.252179364689198, 35.605991811929691 ], [ -76.252184143986, 35.60599842034128 ], [ -76.252196351501169, 35.606013671806373 ], [ -76.252209988719073, 35.606027659547514 ], [ -76.252224925530214, 35.606040250110937 ], [ -76.252241019425966, 35.60605132337303 ], [ -76.252258116858272, 35.606060773686409 ], [ -76.252276054704524, 35.606068510887837 ], [ -76.252294661823953, 35.606074461158499 ], [ -76.252313760690384, 35.606078567728261 ], [ -76.252333169086015, 35.606080791417298 ], [ -76.252352701839911, 35.606081111009921 ], [ -76.252372172594647, 35.60607952345697 ], [ -76.252407509446044, 35.606074895950904 ], [ -76.252436043575173, 35.606069019345512 ], [ -76.25259020099115, 35.606025356371973 ], [ -76.252595010410545, 35.606024249380127 ], [ -76.25259993264747, 35.606024606490003 ], [ -76.25269909603017, 35.606036784858318 ], [ -76.252718957075359, 35.606038225228509 ], [ -76.252749220409612, 35.60603890905503 ], [ -76.252768947772182, 35.606038380944192 ], [ -76.252788527053667, 35.606035911233384 ], [ -76.252807767626393, 35.606031523968184 ], [ -76.252826482160444, 35.606025261863863 ], [ -76.252844488447465, 35.606017185889463 ], [ -76.252861611174794, 35.606007374674249 ], [ -76.252877683632221, 35.6059959237421 ], [ -76.252892549335215, 35.605982944581513 ], [ -76.252906063548409, 35.605968563560097 ], [ -76.252918094694792, 35.605952920694271 ], [ -76.252928525636818, 35.605936168285986 ], [ -76.252937254816828, 35.605918469439935 ], [ -76.25294419724581, 35.6058999964755 ], [ -76.252949285330942, 35.605880929249047 ], [ -76.252952469533653, 35.605861453402774 ], [ -76.252953718851913, 35.605841758557283 ], [ -76.252953021122138, 35.605822036465405 ], [ -76.252950383137545, 35.605802479145233 ], [ -76.252945830582064, 35.605783277010623 ], [ -76.252939407780261, 35.605764617017272 ], [ -76.252931177265779, 35.605746680842479 ], [ -76.252921219172478, 35.605729643116305 ], [ -76.252914398989631, 35.605720242467108 ], [ -76.252912210899026, 35.605716886240657 ], [ -76.252910384665981, 35.605712303946028 ], [ -76.25288757031916, 35.605645615771259 ], [ -76.25288625077782, 35.605641041611136 ], [ -76.252888927218393, 35.605637104505803 ], [ -76.252933902452384, 35.605577425219479 ], [ -76.252941702076626, 35.60556630968015 ], [ -76.252967452908081, 35.605526825158037 ], [ -76.252976674504581, 35.605511175374012 ], [ -76.252984438171424, 35.605494753466104 ], [ -76.252990679867366, 35.605477694896003 ], [ -76.252995348105657, 35.605460140377119 ], [ -76.252998404378758, 35.605442234713855 ], [ -76.25299982347596, 35.605424125607165 ], [ -76.253001986114199, 35.605358168334874 ], [ -76.253007821246115, 35.605188941005295 ], [ -76.253008222694277, 35.605184167489298 ], [ -76.253012636226472, 35.605182304716365 ], [ -76.253140381627631, 35.605135682006669 ], [ -76.253144992879257, 35.605134251109774 ], [ -76.253149622403697, 35.605135621733879 ], [ -76.253172816270578, 35.60514374544907 ], [ -76.253191189081448, 35.605149207384962 ], [ -76.253210000373656, 35.605152885456199 ], [ -76.253229077368829, 35.605154745880355 ], [ -76.253248244848123, 35.605154771569758 ], [ -76.253267326761659, 35.60515296228845 ], [ -76.253286147845415, 35.605149334654371 ], [ -76.253304535231067, 35.605143921986688 ], [ -76.253322320033746, 35.605136773999803 ], [ -76.253339338903174, 35.605127956346706 ], [ -76.253355435524043, 35.605117550015983 ], [ -76.253370462051763, 35.605105650587944 ], [ -76.2533842804703, 35.605092367356718 ], [ -76.253396763859953, 35.60507782232645 ], [ -76.253407797562986, 35.605062149090656 ], [ -76.253417280236775, 35.605045491605246 ], [ -76.25342512478467, 35.605028002866263 ], [ -76.25343125915586, 35.605009843504689 ], [ -76.253435627007249, 35.604991180311046 ], [ -76.253438188220883, 35.604972184703463 ], [ -76.253438919272469, 35.604953031153237 ], [ -76.253437813447434, 35.604933895582334 ], [ -76.253432497606155, 35.604883773020454 ], [ -76.253432234072534, 35.604879208822432 ], [ -76.253436786157977, 35.604878784712042 ], [ -76.253604145566442, 35.604871262942979 ], [ -76.253615811028482, 35.604870396221848 ], [ -76.253689158458442, 35.60486278421137 ], [ -76.253706833234943, 35.604860147253582 ], [ -76.253724202073442, 35.604855943122296 ], [ -76.253741126304917, 35.60485020538237 ], [ -76.254001901967982, 35.604748593232685 ], [ -76.254006045192696, 35.60474718483011 ], [ -76.254010354274854, 35.604746525580218 ], [ -76.254138771431656, 35.604732566852782 ], [ -76.254143991966487, 35.604732275340858 ], [ -76.254149214306139, 35.604732532496854 ], [ -76.254252464847212, 35.604743068746792 ], [ -76.254271556427398, 35.604744098338948 ], [ -76.254290659084376, 35.604743300222196 ], [ -76.254309598244461, 35.604740681690295 ], [ -76.254328200828112, 35.604736266673264 ], [ -76.254368130526231, 35.604724748446827 ], [ -76.25438565947853, 35.604718800464845 ], [ -76.254402563439655, 35.604711257338401 ], [ -76.254418697609154, 35.604702183682434 ], [ -76.254433648909526, 35.604692839166049 ], [ -76.254449360443516, 35.604681941651201 ], [ -76.254463959514752, 35.604669593564317 ], [ -76.254477312684728, 35.60465590776942 ], [ -76.254489297902779, 35.604641009357472 ], [ -76.254499805621563, 35.604625034502973 ], [ -76.25451677299526, 35.604596339276874 ], [ -76.25452614526742, 35.604578493087651 ], [ -76.25453367354713, 35.604559794131539 ], [ -76.254539281361005, 35.604540432355307 ], [ -76.254542911744025, 35.604520604438768 ], [ -76.25454452781824, 35.60450051179685 ], [ -76.25454683930252, 35.604423080487081 ], [ -76.254547246159262, 35.604418047213244 ], [ -76.254548660670537, 35.604413199684721 ], [ -76.254577418251714, 35.604330520429805 ], [ -76.254579182336272, 35.604326136729242 ], [ -76.254582766994687, 35.604323057922969 ], [ -76.254670222303389, 35.604254934840412 ], [ -76.254674095245861, 35.604252204770965 ], [ -76.254678581912856, 35.604250680703444 ], [ -76.254763510065771, 35.604226286829821 ], [ -76.254768001879384, 35.604225220491458 ], [ -76.254772573446061, 35.604225864110497 ], [ -76.254975223997363, 35.604264100044745 ], [ -76.254979925520942, 35.60426522566349 ], [ -76.254984495911927, 35.604266801375623 ], [ -76.255083152082719, 35.6043062641943 ], [ -76.255101662342696, 35.604312636469295 ], [ -76.255120706913999, 35.604317168567732 ], [ -76.255140103332707, 35.604319817068074 ], [ -76.255159665763856, 35.604320556595326 ], [ -76.255271287771919, 35.604319309154128 ], [ -76.25528960449742, 35.604318262908812 ], [ -76.255307748281865, 35.604315542587344 ], [ -76.255325566446615, 35.604311171081029 ], [ -76.255409626448298, 35.604286409279695 ], [ -76.255427650430292, 35.604280151169213 ], [ -76.255444996067865, 35.604272204048321 ], [ -76.255471432067111, 35.604258530503117 ], [ -76.255488067658064, 35.604248885273357 ], [ -76.255503700064466, 35.604237687005011 ], [ -76.255518184775113, 35.604225039218605 ], [ -76.25553138788851, 35.604211058834487 ], [ -76.255543187350682, 35.604195875091996 ], [ -76.255551894461306, 35.604183484154362 ], [ -76.255561270061662, 35.604168825323661 ], [ -76.25556933601753, 35.604153407037266 ], [ -76.255576031273009, 35.604137346005118 ], [ -76.25562023321973, 35.60401679467946 ], [ -76.255622192999738, 35.604012191508282 ], [ -76.255626690346574, 35.604009999752137 ], [ -76.255812534583072, 35.603930896902625 ], [ -76.255816956718022, 35.603929262682264 ], [ -76.255820912346763, 35.603932053995557 ], [ -76.255837626097232, 35.603942649880608 ], [ -76.255855305178926, 35.603951542141587 ], [ -76.255873776503819, 35.603958643718315 ], [ -76.255892859227345, 35.603963885082401 ], [ -76.25591236651907, 35.603967214917979 ], [ -76.255932107391729, 35.603968600624107 ], [ -76.255951888571218, 35.60396802863395 ], [ -76.255971516388811, 35.603965504547617 ], [ -76.255990798677232, 35.603961053077313 ], [ -76.25600954665218, 35.603954717805408 ], [ -76.256027576760559, 35.603946560757727 ], [ -76.256044712477589, 35.603936661796311 ], [ -76.25606078603505, 35.603925117837491 ], [ -76.256075640063912, 35.603912041903037 ], [ -76.256089129134949, 35.603897562013621 ], [ -76.256101121182667, 35.603881819935417 ], [ -76.256111498798262, 35.603864969792106 ], [ -76.256120160379098, 35.603847176555959 ], [ -76.256127021123476, 35.603828614432665 ], [ -76.25613201386092, 35.603809465155706 ], [ -76.25613508970973, 35.60378991620717 ], [ -76.256136218555653, 35.603770158982115 ], [ -76.25613624088092, 35.60376721374471 ], [ -76.256140973217143, 35.603766449416717 ], [ -76.256303392279364, 35.603748507838098 ], [ -76.256307974542977, 35.60374821526387 ], [ -76.256312461620993, 35.603749189363917 ], [ -76.256381367230404, 35.603767521878169 ], [ -76.256399170685299, 35.603771399659401 ], [ -76.256417253171861, 35.603773641059092 ], [ -76.256435464605403, 35.603774227473629 ], [ -76.256453653830903, 35.60377315403575 ], [ -76.256532239567704, 35.603764910640379 ], [ -76.256550506583835, 35.603762136354213 ], [ -76.256568439628182, 35.603757688156541 ], [ -76.256585885650935, 35.603751604010576 ], [ -76.256692331220876, 35.603708870841857 ], [ -76.25669701247952, 35.603707259269406 ], [ -76.256701891562329, 35.603708099446955 ], [ -76.256899697228022, 35.603752485418916 ], [ -76.256904257449392, 35.603753621893027 ], [ -76.256996714409553, 35.603778985621346 ], [ -76.257015146097203, 35.603783117043463 ], [ -76.257033885338146, 35.603785491197449 ], [ -76.25710164850129, 35.603790840832232 ], [ -76.257119803907386, 35.603791446598919 ], [ -76.25713793938921, 35.603790402557287 ], [ -76.257155905335495, 35.603787717320323 ], [ -76.257231371900801, 35.603772906495792 ], [ -76.257240674409516, 35.603771531634059 ], [ -76.257303589386837, 35.603765239968901 ], [ -76.257324846279275, 35.603761951784747 ], [ -76.257345627107995, 35.603756399777112 ], [ -76.257365691507573, 35.603748648164348 ], [ -76.257427886784726, 35.603720688801062 ], [ -76.257444558708997, 35.603712236384425 ], [ -76.257460368713268, 35.603702264415176 ], [ -76.257550412263299, 35.603639403330483 ], [ -76.25757917559811, 35.603619623535131 ], [ -76.257583070556635, 35.603617204053037 ], [ -76.257587590661856, 35.603616360826145 ], [ -76.257686544362656, 35.603602617572463 ], [ -76.257691000790075, 35.60360220140177 ], [ -76.257695441804771, 35.60360258782039 ], [ -76.257793189105641, 35.603615497811006 ], [ -76.257796961315123, 35.603616144042256 ], [ -76.257800672913987, 35.603617077430059 ], [ -76.257837117918768, 35.603627743903054 ], [ -76.25783885919185, 35.603628270769491 ], [ -76.257853065240639, 35.603632710619962 ], [ -76.257885275886963, 35.603643121395024 ], [ -76.257890786671624, 35.603644815204213 ], [ -76.257911235573829, 35.603650779247076 ], [ -76.257912744333439, 35.603651232210524 ], [ -76.257975104766587, 35.603670490954173 ], [ -76.257979823266297, 35.603672216889379 ], [ -76.257982687566241, 35.603676344707083 ], [ -76.257997512048419, 35.603700228501637 ], [ -76.257998476857978, 35.603701767273407 ], [ -76.258016491176193, 35.603730210477281 ], [ -76.258017475660154, 35.603731797494412 ], [ -76.258053120209425, 35.603790473730044 ], [ -76.258063191927633, 35.603805480433188 ], [ -76.258074577233899, 35.603819516652337 ], [ -76.258087183155652, 35.603832467767489 ], [ -76.258100906752716, 35.603844228019639 ], [ -76.258115635957964, 35.603854701374374 ], [ -76.258131250492497, 35.603863802306108 ], [ -76.258191952614837, 35.603895598816464 ], [ -76.258208304022816, 35.603903244343051 ], [ -76.2582252781622, 35.603909384474306 ], [ -76.258386005673728, 35.60395944666859 ], [ -76.258390827961293, 35.603961229648384 ], [ -76.258395190398048, 35.603966465581365 ], [ -76.258397774649552, 35.603969947885666 ], [ -76.258410693018391, 35.603984244143938 ], [ -76.258424927158956, 35.60399723092555 ], [ -76.258440344954479, 35.604008787691328 ], [ -76.258456803301897, 35.604018807175059 ], [ -76.25847414944009, 35.604027196379086 ], [ -76.258492222367707, 35.604033877437487 ], [ -76.258510854337601, 35.604038788338812 ], [ -76.258529872413774, 35.604041883501644 ], [ -76.258549100076493, 35.604043134197653 ], [ -76.258568358860714, 35.60404252881829 ], [ -76.258587470012557, 35.604040072982492 ], [ -76.258606256148383, 35.604035789484541 ], [ -76.258624542901273, 35.604029718082501 ], [ -76.258642160539424, 35.604021915129188 ], [ -76.258658945541512, 35.60401245304913 ], [ -76.258674742114508, 35.604001419666346 ], [ -76.258714347191116, 35.60397081592965 ], [ -76.258718054867586, 35.603968214375875 ], [ -76.258722581782706, 35.603968362650534 ], [ -76.258827352658855, 35.60397663405832 ], [ -76.2588318800873, 35.60397720434505 ], [ -76.258834823961365, 35.603980690953549 ], [ -76.258918780326383, 35.604090064143016 ], [ -76.258931113683929, 35.604104635057958 ], [ -76.258944780059295, 35.604117963728363 ], [ -76.258959654943865, 35.604129928722301 ], [ -76.258975602818765, 35.604140421031701 ], [ -76.258992478389601, 35.60414934506553 ], [ -76.259010127910088, 35.604156619520644 ], [ -76.259028390582827, 35.604162178122522 ], [ -76.259047100024262, 35.604165970229076 ], [ -76.259066085780475, 35.604167961291999 ], [ -76.259085174880198, 35.604168133171555 ], [ -76.259104193410607, 35.604166484301828 ], [ -76.259122968101849, 35.604163029704964 ], [ -76.259141327905553, 35.604157800854367 ], [ -76.259159105553223, 35.604150845387899 ], [ -76.259176139080154, 35.6041422266739 ], [ -76.259192273301011, 35.60413202323388 ], [ -76.259207361223645, 35.604120328027115 ], [ -76.259221265388291, 35.604107247603729 ], [ -76.25922616057116, 35.60410218079933 ], [ -76.259229944223918, 35.604098973915399 ], [ -76.259303438177128, 35.604042719338317 ], [ -76.259307079214807, 35.604040182274872 ], [ -76.259311370087289, 35.60403908497949 ], [ -76.259503239165412, 35.60399899298541 ], [ -76.259507919858805, 35.603998249858243 ], [ -76.259511494488251, 35.60400136163473 ], [ -76.259535313521383, 35.60402422028546 ], [ -76.25955015680006, 35.604037124666078 ], [ -76.259566195810493, 35.604048508694603 ], [ -76.259583275437024, 35.604058262274393 ], [ -76.259601230500039, 35.604066291077125 ], [ -76.259619887353438, 35.604072517455045 ], [ -76.259639065564031, 35.604076881191929 ], [ -76.259658579656474, 35.604079340085434 ], [ -76.259678240907064, 35.604079870355228 ], [ -76.259697859168938, 35.604078466872991 ], [ -76.259717244710927, 35.604075143212008 ], [ -76.259736210052608, 35.604069931515909 ], [ -76.259754571777307, 35.604062882187776 ], [ -76.259809659548537, 35.604038561537124 ], [ -76.259829743796232, 35.604028304714028 ], [ -76.2599405394743, 35.603963599978918 ], [ -76.259945038067684, 35.603961274934179 ], [ -76.259950051357492, 35.603961989146043 ], [ -76.260074546369054, 35.603986326814933 ], [ -76.260081379931094, 35.603987913527021 ], [ -76.260166127088397, 35.604010752903704 ], [ -76.260184686809168, 35.604014820039815 ], [ -76.260203548722458, 35.604017107627698 ], [ -76.260222542597234, 35.604017595021602 ], [ -76.260241497011449, 35.604016277822737 ], [ -76.260260240899257, 35.604013167918971 ], [ -76.260278605094783, 35.604008293377575 ], [ -76.260296423858961, 35.604001698191865 ], [ -76.260313536375293, 35.603993441884192 ], [ -76.260329788201233, 35.603983598968725 ], [ -76.260345032662116, 35.603972258278972 ], [ -76.260359132174813, 35.603959522166029 ], [ -76.260371959489547, 35.603945505574849 ], [ -76.260383398838229, 35.603930335006858 ], [ -76.260393346979356, 35.603914147378269 ], [ -76.260429508059943, 35.603848507182128 ], [ -76.260432208651011, 35.603844151214361 ], [ -76.260435342354683, 35.603840095656629 ], [ -76.260530534898749, 35.603729191800092 ], [ -76.260540113643856, 35.603719464525412 ], [ -76.260627319051125, 35.603642251448555 ], [ -76.260631041675964, 35.603639267744491 ], [ -76.260635592051244, 35.603640701100815 ], [ -76.260822282466606, 35.603709738216757 ], [ -76.260823695469085, 35.603710272905332 ], [ -76.260852361065886, 35.603721368402475 ], [ -76.260855632930884, 35.603722602054937 ], [ -76.260901216609113, 35.603739335666639 ], [ -76.2609225870779, 35.603745851387963 ], [ -76.260944550933118, 35.603749942918796 ], [ -76.260966834092443, 35.603751559201775 ], [ -76.261012826403046, 35.603752319233998 ], [ -76.261033873658988, 35.603751557976516 ], [ -76.261054724163614, 35.603748587631024 ], [ -76.261075146702296, 35.603743441136167 ], [ -76.261094914806179, 35.603736175562268 ], [ -76.261179292464462, 35.603700013733601 ], [ -76.261183959784319, 35.603698289966104 ], [ -76.261188159130796, 35.60370095843701 ], [ -76.261276449034952, 35.603763614497254 ], [ -76.261295382627083, 35.603777241211901 ], [ -76.261309000543491, 35.603786222510045 ], [ -76.261404315331163, 35.603843648339797 ], [ -76.261420901423278, 35.603852604205002 ], [ -76.261438256984135, 35.60385995882811 ], [ -76.261456227850346, 35.603865646880585 ], [ -76.261474654393027, 35.603869617837454 ], [ -76.261493372935647, 35.603871836426087 ], [ -76.261512217207965, 35.603872282939555 ], [ -76.261531019822911, 35.603870953411629 ], [ -76.261555162077698, 35.603868097850928 ], [ -76.261556820431665, 35.603867894672611 ], [ -76.26162224863414, 35.603859601003109 ], [ -76.261626954065576, 35.603859231877571 ], [ -76.261631301877244, 35.603861068688239 ], [ -76.261651264504039, 35.603870650871919 ], [ -76.261652712674305, 35.603871360426538 ], [ -76.26168903590191, 35.603889522238831 ], [ -76.261690951476083, 35.603890467283691 ], [ -76.261799109945301, 35.60394311079002 ], [ -76.261802895645545, 35.603945159959288 ], [ -76.261806259608377, 35.603947820154296 ], [ -76.261918011870421, 35.604044251788267 ], [ -76.261936823470151, 35.604058632957788 ], [ -76.262027576600772, 35.604119854990735 ], [ -76.262044934509476, 35.604130325410196 ], [ -76.262063263140604, 35.604138984968998 ], [ -76.2620823742011, 35.604145744706052 ], [ -76.262134760276751, 35.604161335993311 ], [ -76.262139189100353, 35.60416276713584 ], [ -76.262237878001201, 35.604197214475441 ], [ -76.262242835723697, 35.60419925223465 ], [ -76.262246883625622, 35.604202765917137 ], [ -76.262303918987698, 35.604257962349692 ], [ -76.262306031638545, 35.604260068817851 ], [ -76.26236018673508, 35.604315700953791 ], [ -76.262373849793633, 35.604328482104002 ], [ -76.262388647391688, 35.604339930600041 ], [ -76.26240445003657, 35.604349946256995 ], [ -76.26242111944056, 35.604358441428602 ], [ -76.262438509730927, 35.604365341774262 ], [ -76.262456468726597, 35.604370586909567 ], [ -76.262474839269743, 35.604374130934751 ], [ -76.262493460601121, 35.604375942836299 ], [ -76.262585759903246, 35.604380580792608 ], [ -76.262604473792919, 35.604380644509639 ], [ -76.262623111714802, 35.604378958806699 ], [ -76.262641510487498, 35.604375538442682 ], [ -76.262726191033735, 35.604355656952066 ], [ -76.262731825446338, 35.604354504003474 ], [ -76.262854149889336, 35.604333118850995 ], [ -76.2628717784728, 35.604329209477299 ], [ -76.262888982613504, 35.604323726075023 ], [ -76.262989495906794, 35.604286613364991 ], [ -76.263007507449018, 35.604278941518267 ], [ -76.263024682627147, 35.604269545447735 ], [ -76.263040856871697, 35.604258515184881 ], [ -76.263055875203918, 35.60424595641971 ], [ -76.263069593720815, 35.604231989488085 ], [ -76.263081880974028, 35.604216748218654 ], [ -76.263092619229269, 35.604200378650553 ], [ -76.26310170559448, 35.604183037634073 ], [ -76.263134089023708, 35.604113108411795 ], [ -76.263136151662806, 35.60410913630168 ], [ -76.263139743852619, 35.604106466411551 ], [ -76.263248988724726, 35.604032702458724 ], [ -76.263253092595463, 35.604030211039408 ], [ -76.263257598346755, 35.60402855359262 ], [ -76.263334735356963, 35.604004336307611 ], [ -76.263339016314973, 35.60400319927605 ], [ -76.263343445557638, 35.604003234633637 ], [ -76.263474338739996, 35.604010123487015 ], [ -76.263491997434784, 35.604010272148727 ], [ -76.263509600406934, 35.604008862548426 ], [ -76.263527010418585, 35.604005905675756 ], [ -76.263544091736236, 35.604001424583352 ], [ -76.263625267923175, 35.603976249776885 ], [ -76.263645883267742, 35.603968590477635 ], [ -76.263665533027122, 35.603958714028245 ], [ -76.263683979607592, 35.603946739849128 ], [ -76.263700999963561, 35.603932812725255 ], [ -76.263781501573163, 35.603859191396644 ], [ -76.263785109541615, 35.603856192282102 ], [ -76.26378941273336, 35.603854322879307 ], [ -76.26389996610979, 35.603812388861762 ], [ -76.263918623229529, 35.603804202101152 ], [ -76.263936350625471, 35.603794159661241 ], [ -76.26395296432662, 35.603782365760246 ], [ -76.263968291919639, 35.603768942792676 ], [ -76.263982174338167, 35.603754030059122 ], [ -76.263994467513527, 35.603737782320636 ], [ -76.264045573822102, 35.603662558491962 ], [ -76.264048135181, 35.603659116702687 ], [ -76.264050982802814, 35.603655907727365 ], [ -76.264134266745174, 35.603569815853511 ], [ -76.264139927536078, 35.603564405333003 ], [ -76.26423624178814, 35.603479312596107 ], [ -76.264240097476659, 35.603476235280759 ], [ -76.26424495670129, 35.603475384315978 ], [ -76.26435618802212, 35.603461594760645 ], [ -76.264360997027282, 35.603461233617608 ], [ -76.264365818426313, 35.603461338815421 ], [ -76.264468145734199, 35.60346853416884 ], [ -76.264488953892737, 35.603468911858023 ], [ -76.26450968864367, 35.603467125181162 ], [ -76.264565514876949, 35.603459371403524 ], [ -76.264586135183492, 35.603455394302998 ], [ -76.264606224790441, 35.603449276945511 ], [ -76.264625562202696, 35.603441086777146 ], [ -76.264707457181203, 35.603401207491395 ], [ -76.264712078572913, 35.603399238634751 ], [ -76.264716874675116, 35.603397744961093 ], [ -76.264849946618398, 35.603363553479142 ], [ -76.264862183067095, 35.603361211514802 ], [ -76.26499021173224, 35.603344901410892 ], [ -76.265010218518356, 35.603341311416493 ], [ -76.265029757593922, 35.603335709267228 ], [ -76.265133690800127, 35.603300102305347 ], [ -76.265134291150503, 35.603299895563097 ], [ -76.265181527921541, 35.603283544747512 ], [ -76.265186044211731, 35.603282216616975 ], [ -76.265190665627145, 35.603281320331305 ], [ -76.265352991365248, 35.603257726297308 ], [ -76.265357906126653, 35.603257263787008 ], [ -76.265361635840364, 35.603260497674704 ], [ -76.265473501831309, 35.603367852889896 ], [ -76.265491377413738, 35.603383095446297 ], [ -76.265644480896356, 35.603498833795094 ], [ -76.265654875934658, 35.603507883998162 ], [ -76.265814823112279, 35.603667831345618 ], [ -76.26581783713398, 35.603671128273923 ], [ -76.265820204377036, 35.603674895298902 ], [ -76.265936836519927, 35.603880206936779 ], [ -76.265938818041846, 35.603884079026415 ], [ -76.265940454702488, 35.603888109019792 ], [ -76.266016646057224, 35.604102030215408 ], [ -76.266017346958918, 35.604103966528378 ], [ -76.266045997225874, 35.604181860489128 ], [ -76.266052677915582, 35.604197849244052 ], [ -76.26607961533702, 35.604255198465928 ], [ -76.266080353831057, 35.60425680757038 ], [ -76.266118514067145, 35.604341934796096 ], [ -76.266119481330193, 35.604344059248724 ], [ -76.266158281260829, 35.604427975624553 ], [ -76.266166395034887, 35.604443665467691 ], [ -76.266253184029907, 35.604594742308336 ], [ -76.266265336950468, 35.604613407584708 ], [ -76.266279489942306, 35.604630605806776 ], [ -76.266295467477903, 35.604646123679586 ], [ -76.266421689568006, 35.604755737958136 ], [ -76.266422293569732, 35.604756260376043 ], [ -76.266584132038588, 35.604895675124865 ], [ -76.266587803107171, 35.60489917852788 ], [ -76.266591098890146, 35.604903037075623 ], [ -76.266722290796238, 35.605073490887484 ], [ -76.266727844424068, 35.605080385302713 ], [ -76.266864497783899, 35.605242548380872 ], [ -76.266875460459048, 35.605254533941796 ], [ -76.266887359582498, 35.605265590377854 ], [ -76.26701138753829, 35.605371783985767 ], [ -76.267028662761348, 35.605385016661238 ], [ -76.26704727337156, 35.605396294170689 ], [ -76.267274364677235, 35.605517529932534 ], [ -76.26728333378118, 35.605522940517119 ], [ -76.267400842276189, 35.605602513427037 ], [ -76.267410667373355, 35.605610097832319 ], [ -76.267498646715865, 35.605687192667233 ], [ -76.267502743640506, 35.605691223811938 ], [ -76.26750634871469, 35.605695700234406 ], [ -76.267557240796535, 35.605766949987597 ], [ -76.267558754111576, 35.605769040014792 ], [ -76.267624663757545, 35.605858842013767 ], [ -76.267638919964213, 35.605876142713733 ], [ -76.267655022776879, 35.605891739286186 ], [ -76.267793818536305, 35.606011850452333 ], [ -76.26779416439642, 35.606012149062714 ], [ -76.26789194321492, 35.606096375045524 ], [ -76.267898141193982, 35.60610150050411 ], [ -76.26795753617786, 35.606148639130495 ], [ -76.267958447551834, 35.606149358138332 ], [ -76.268195285366218, 35.606335093372543 ], [ -76.268198814267308, 35.606338139691601 ], [ -76.268200975221916, 35.606342270487836 ], [ -76.268257906508936, 35.606464818885961 ], [ -76.268309145024915, 35.606575692603208 ], [ -76.268320162412095, 35.606596282913259 ], [ -76.268333504781125, 35.606615448634656 ], [ -76.268492321278572, 35.606817334168987 ], [ -76.268499083859055, 35.606827067673933 ], [ -76.268601467529805, 35.606994863826934 ], [ -76.268603779853535, 35.606999102368469 ], [ -76.268605671313452, 35.607003544715958 ], [ -76.268670804630503, 35.607179739333141 ], [ -76.268679249766421, 35.607199309064846 ], [ -76.26868972954712, 35.607217868938669 ], [ -76.268702124949854, 35.607235208163289 ], [ -76.268774100757696, 35.60732532371793 ], [ -76.26878693004852, 35.607339878379101 ], [ -76.268801109242304, 35.60735312146516 ], [ -76.268816504902603, 35.607364928349121 ], [ -76.268832972145134, 35.607375187919679 ], [ -76.26885035600128, 35.607383803626874 ], [ -76.26899751710117, 35.607448046373236 ], [ -76.269001875111172, 35.607450207829153 ], [ -76.269006001702991, 35.60745278375294 ], [ -76.269274306756344, 35.607639053070393 ], [ -76.269285077598866, 35.607647692519251 ], [ -76.26946198056028, 35.607810917333396 ], [ -76.269474402229037, 35.607821474572781 ], [ -76.269487642436403, 35.60783098509679 ], [ -76.269693115946623, 35.607966234362891 ], [ -76.269711513316352, 35.607976985161088 ], [ -76.26973095004999, 35.607985717644155 ], [ -76.269898016776494, 35.608050316256353 ], [ -76.269917079939546, 35.608056607148839 ], [ -76.269936677709012, 35.608060955360656 ], [ -76.269956612647391, 35.608063317085787 ], [ -76.269976683920405, 35.608063668531067 ], [ -76.270128879817804, 35.608058690119876 ], [ -76.270149838668914, 35.608056897737526 ], [ -76.270170493338895, 35.608052913935097 ], [ -76.27026104587955, 35.608030451707648 ], [ -76.270278710860069, 35.608025194825551 ], [ -76.270295816911201, 35.608018334114185 ], [ -76.27061645809637, 35.607872242450313 ], [ -76.270617526497489, 35.607871763195611 ], [ -76.270768660065997, 35.607805029080765 ], [ -76.270773371996142, 35.607803090411714 ], [ -76.271053848048766, 35.607695964049576 ], [ -76.271064319416325, 35.607692612069812 ], [ -76.271344067901467, 35.607619760851072 ], [ -76.271349955878065, 35.607618416032729 ], [ -76.27165884783571, 35.607557618806922 ], [ -76.271665168380068, 35.607556583865275 ], [ -76.271848181138466, 35.607532607956657 ], [ -76.271869076123096, 35.607528731863511 ], [ -76.271889441867671, 35.607522660543331 ], [ -76.271909048430459, 35.607514462545033 ], [ -76.271927674441386, 35.607504230429036 ], [ -76.272027283739178, 35.607442403893472 ], [ -76.272044100324294, 35.607430733111343 ], [ -76.272251886894125, 35.607270171287304 ], [ -76.272256132593697, 35.607267228887721 ], [ -76.272260660084527, 35.607264741820181 ], [ -76.272526349512859, 35.607136244628229 ], [ -76.272531081241709, 35.607134250060916 ], [ -76.272535993100902, 35.607132752997821 ], [ -76.272871660557584, 35.607049078899188 ], [ -76.272876021778799, 35.60704819630854 ], [ -76.272880452740921, 35.607048104001755 ], [ -76.273127288877447, 35.607053889785661 ], [ -76.273136662211385, 35.607054551345406 ], [ -76.273436142133178, 35.607089899633436 ], [ -76.273437841674777, 35.607090092868923 ], [ -76.273495126424663, 35.607096358053134 ], [ -76.27350688252541, 35.607097294029572 ], [ -76.273658135816191, 35.607104857107174 ], [ -76.273678451003079, 35.607104839865166 ], [ -76.273698659638072, 35.607102761840352 ], [ -76.273718553214991, 35.607098644473119 ], [ -76.273737926478304, 35.60709253024514 ], [ -76.273756579540944, 35.607084482241049 ], [ -76.273774319946597, 35.607074583497564 ], [ -76.273938913919309, 35.606971447087844 ], [ -76.273953514217951, 35.606961369877482 ], [ -76.273967164094174, 35.606950038515329 ], [ -76.274193622990438, 35.606744413441277 ], [ -76.274212945603395, 35.606724232400957 ], [ -76.274705057298377, 35.606132527843904 ], [ -76.274708127179096, 35.606129163344356 ], [ -76.274711995963528, 35.606126759902644 ], [ -76.275023945566787, 35.605952262743891 ], [ -76.275028059858968, 35.605950205474386 ], [ -76.275032580813075, 35.605949356514294 ], [ -76.275237560884108, 35.60592062082474 ], [ -76.275241979045617, 35.605920201853408 ], [ -76.275246255122553, 35.605921356253454 ], [ -76.275418187130001, 35.605976062195666 ], [ -76.275440243273792, 35.605981719859074 ], [ -76.275462799557516, 35.605984833811391 ], [ -76.275583827084432, 35.605994564626585 ], [ -76.27560540550445, 35.605995130936236 ], [ -76.275626919276263, 35.60599336839843 ], [ -76.275648117791903, 35.60598929754449 ], [ -76.275668754115728, 35.605982965794666 ], [ -76.275688587860927, 35.605974446905755 ], [ -76.27580615441147, 35.605916245635377 ], [ -76.27582292357458, 35.605906916861855 ], [ -76.275838721516592, 35.605896023934086 ], [ -76.275853402805254, 35.605883667129881 ], [ -76.275866832287988, 35.605869960203151 ], [ -76.276147953343695, 35.605554042965878 ], [ -76.27619379571162, 35.605502586278639 ], [ -76.276197140095732, 35.605499176985617 ], [ -76.276201073921797, 35.60549646891851 ], [ -76.276555498355549, 35.60527678491416 ], [ -76.276560112596613, 35.605274251975494 ], [ -76.276564968304911, 35.605272219958103 ], [ -76.276829012179491, 35.605177780183638 ], [ -76.276834013387798, 35.605176284347429 ], [ -76.27683918790423, 35.605176972816352 ], [ -76.27711450360357, 35.605228533954161 ], [ -76.277119452626053, 35.605229591106472 ], [ -76.27747394280955, 35.605314747750924 ], [ -76.277476034157161, 35.605315274056309 ], [ -76.277588530309004, 35.605344878134545 ], [ -76.277589453128968, 35.605345118629501 ], [ -76.277614372892046, 35.605351549530489 ], [ -76.277633042004865, 35.605355428624783 ], [ -76.277651995680117, 35.605357512213075 ], [ -76.277671061636894, 35.605357781356417 ], [ -76.277690066573683, 35.605356233608411 ], [ -76.277708837743589, 35.60535288303744 ], [ -76.277727204524624, 35.60534776009878 ], [ -76.277744999970466, 35.605340911357786 ], [ -76.277854505203152, 35.605292654920575 ], [ -76.277857465771703, 35.605291321462616 ], [ -76.278141915324582, 35.605160415932886 ], [ -76.278148156572158, 35.605157795925749 ], [ -76.278457957082949, 35.6050399153239 ], [ -76.278463049312123, 35.605038285585557 ], [ -76.27846837219235, 35.605037781807866 ], [ -76.278828041791414, 35.605023200856373 ], [ -76.278832939654237, 35.605023244966489 ], [ -76.278837441101558, 35.605025175763679 ], [ -76.279054127706317, 35.605131110685427 ], [ -76.279057896037344, 35.605133158170617 ], [ -76.279061245065947, 35.605135811627214 ], [ -76.27927812752219, 35.605323253220369 ], [ -76.279279837446524, 35.605324765466484 ], [ -76.279537537512638, 35.605557969501092 ], [ -76.279541718488503, 35.605562236549048 ], [ -76.279545358138805, 35.60556697376402 ], [ -76.279695810285105, 35.605789232231096 ], [ -76.27970753136195, 35.605804847301371 ], [ -76.279720719166846, 35.605819245074265 ], [ -76.279735248015356, 35.60583228833395 ], [ -76.279750979442454, 35.605843852773575 ], [ -76.279932910956092, 35.60596437301696 ], [ -76.279947952461043, 35.605973413670164 ], [ -76.279963728584761, 35.605981100945513 ], [ -76.279980117858855, 35.60598737565477 ], [ -76.280151392576201, 35.606044467418641 ], [ -76.280170598576575, 35.606049821829558 ], [ -76.280190242266116, 35.606053237327686 ], [ -76.280210128415945, 35.606054679968089 ], [ -76.280574221361022, 35.60606289217796 ], [ -76.280578964633989, 35.606063225967446 ], [ -76.280583654537409, 35.606064010097718 ], [ -76.280814588379783, 35.606114045355717 ], [ -76.280823291314448, 35.606116345752056 ], [ -76.281011709171182, 35.606175345591609 ], [ -76.281016867671426, 35.606177280171451 ], [ -76.281021780958355, 35.606179772627513 ], [ -76.281193261354034, 35.606279050615264 ], [ -76.28120984887164, 35.606287645668694 ], [ -76.281227166013807, 35.606294655466947 ], [ -76.281245061679485, 35.606300018845907 ], [ -76.281263379719746, 35.606303689007326 ], [ -76.281384019033496, 35.606322047404824 ], [ -76.281401327465701, 35.606323914934819 ], [ -76.281418732731296, 35.606324270214429 ], [ -76.281436102955141, 35.606323110551784 ], [ -76.281870512886343, 35.606275044468489 ], [ -76.281888817567378, 35.606272155353331 ], [ -76.281906776266098, 35.606267584415257 ], [ -76.2821756472365, 35.60618571390107 ], [ -76.282180316890958, 35.606184229257757 ], [ -76.282523494795655, 35.606070473926813 ], [ -76.282549719497069, 35.606059661836284 ], [ -76.282780316522974, 35.605944829801452 ], [ -76.28278405410164, 35.605943156312115 ], [ -76.282787916328289, 35.605941794964664 ], [ -76.283093245505441, 35.605848070782955 ], [ -76.283106962112811, 35.605844898300091 ], [ -76.283445933654093, 35.605791324562411 ], [ -76.283450040910765, 35.605790631506054 ], [ -76.283485376069464, 35.605784289950627 ], [ -76.28348861549577, 35.605783763295349 ], [ -76.283829371104801, 35.605734089775346 ], [ -76.284085541935752, 35.605698383160217 ], [ -76.284106145507906, 35.605694399731171 ], [ -76.284126218275929, 35.605688279365495 ], [ -76.28414553925127, 35.60568008944459 ], [ -76.284363470479789, 35.605573897273622 ], [ -76.284381811296683, 35.60556373774147 ], [ -76.284398987736267, 35.605551713949168 ], [ -76.284414811028753, 35.605537958038695 ], [ -76.284554366303453, 35.605403160217406 ], [ -76.284567311172978, 35.60538941778325 ], [ -76.284578902584158, 35.605374515993759 ], [ -76.284649168011555, 35.605274806615199 ], [ -76.284660044870336, 35.605257568906389 ], [ -76.284669110792606, 35.605239313668363 ], [ -76.284676271618665, 35.605220230502162 ], [ -76.284681452975335, 35.605200517607777 ], [ -76.284723001048604, 35.605001737735407 ], [ -76.284724203509498, 35.604997114367769 ], [ -76.284727419113324, 35.604993581474631 ], [ -76.285074579363979, 35.604647402535193 ], [ -76.285078113736503, 35.604644202422719 ], [ -76.28508259191392, 35.604642565829984 ], [ -76.285491222417775, 35.604515174902353 ], [ -76.28549502518112, 35.604514152135948 ], [ -76.285498896749843, 35.604513432402953 ], [ -76.285833629770835, 35.604464779429165 ], [ -76.285838969688214, 35.604464296599318 ], [ -76.285844184256206, 35.604465544046072 ], [ -76.286130611947499, 35.604550697976656 ], [ -76.286134890701007, 35.604552185831025 ], [ -76.286138346983748, 35.604555099696178 ], [ -76.286511837602532, 35.604900086725976 ], [ -76.286514854817199, 35.604903123742666 ], [ -76.286517600530786, 35.604906408268739 ], [ -76.286625883925211, 35.60504785881902 ], [ -76.286670417916824, 35.605106247830221 ], [ -76.286671572785451, 35.605107747225404 ], [ -76.286681410559964, 35.605120395609504 ], [ -76.286694290749125, 35.605135367316912 ], [ -76.286708584770807, 35.605148995678519 ], [ -76.286724153239959, 35.60516114780031 ], [ -76.286740844344038, 35.605171705183523 ], [ -76.286937797769212, 35.605283063027777 ], [ -76.286948351471906, 35.605288621500826 ], [ -76.287234453301181, 35.605428572570666 ], [ -76.287250375123023, 35.605435521078384 ], [ -76.287266839860266, 35.605441061709961 ], [ -76.28728372329212, 35.605445152663258 ], [ -76.287300898038964, 35.605447763073443 ], [ -76.287489625425962, 35.605468109372694 ], [ -76.287507528596436, 35.605469230363816 ], [ -76.287525460197671, 35.60546874270549 ], [ -76.287543275978877, 35.605466650320679 ], [ -76.287560832620912, 35.605462970041586 ], [ -76.287577988889325, 35.605457731474225 ], [ -76.287778294070762, 35.605386602625011 ], [ -76.287781709726374, 35.605385458570012 ], [ -76.288122233483108, 35.605278183922934 ], [ -76.288126026280622, 35.605277151399207 ], [ -76.288129888580286, 35.605276420603531 ], [ -76.288464787457272, 35.60522662504026 ], [ -76.288469002351306, 35.605226180351266 ], [ -76.288473239779805, 35.605226095031242 ], [ -76.288775862706785, 35.605232862642566 ], [ -76.288788057333392, 35.605233885015537 ], [ -76.288966941056486, 35.605259992836366 ], [ -76.289160279863765, 35.605288309870595 ], [ -76.289164915867786, 35.605289216078795 ], [ -76.289169108672951, 35.605291391912274 ], [ -76.289374595483011, 35.605410770073156 ], [ -76.289529891467453, 35.605501941961755 ], [ -76.289530091914827, 35.60550205948482 ], [ -76.289677164547584, 35.605588173964975 ], [ -76.289681789409045, 35.605591241362077 ], [ -76.289685618644015, 35.605595258229776 ], [ -76.289794923688021, 35.605723572778487 ], [ -76.289798899730656, 35.605728553562095 ], [ -76.289865549717248, 35.605817734030921 ], [ -76.289867849845621, 35.6058210886303 ], [ -76.289869869098936, 35.605824619429761 ], [ -76.289872599376679, 35.60582988011879 ], [ -76.28988203574788, 35.605846143391979 ], [ -76.289892957689474, 35.605861448631231 ], [ -76.289905268668093, 35.605875660561502 ], [ -76.28991885987341, 35.60588865357095 ], [ -76.289933611179833, 35.605900312821142 ], [ -76.289949392208285, 35.605910535262026 ], [ -76.289966063478445, 35.605919230542789 ], [ -76.28998347764167, 35.605926321810365 ], [ -76.290037706181693, 35.605945485212473 ], [ -76.290046121448583, 35.605948896496741 ], [ -76.290209152224776, 35.606023777728211 ], [ -76.290213845651195, 35.606026243889438 ], [ -76.290218250437135, 35.606029194832651 ], [ -76.290346162982601, 35.606125128688312 ], [ -76.290353952174868, 35.606130684491696 ], [ -76.290400911919505, 35.606162512789993 ], [ -76.290416722807052, 35.606172191185195 ], [ -76.290433361899858, 35.606180364072635 ], [ -76.290450686245038, 35.606186961235885 ], [ -76.290468547002405, 35.606191925996157 ], [ -76.290486790723307, 35.606195215699266 ], [ -76.290504886724335, 35.606197619100094 ], [ -76.290525354415607, 35.60619927407425 ], [ -76.290545883921638, 35.606198821628162 ], [ -76.290566258827909, 35.606196266531349 ], [ -76.290586264349642, 35.606191635718694 ], [ -76.290605689595949, 35.606184978006539 ], [ -76.290624329793019, 35.606176363578037 ], [ -76.290756127566112, 35.606107032249604 ], [ -76.290760065198754, 35.606105175542353 ], [ -76.290764249894494, 35.606104036881732 ], [ -76.290870663405641, 35.606079977848239 ], [ -76.290875000119883, 35.606079197706734 ], [ -76.2908793893222, 35.606079585796678 ], [ -76.290962317996019, 35.606090643075618 ], [ -76.290967641284823, 35.606091499522897 ], [ -76.291118342131753, 35.606119933623994 ], [ -76.29112969294863, 35.606121739205989 ], [ -76.291304265148668, 35.606144386765997 ], [ -76.291308930124146, 35.606145219564901 ], [ -76.291313352852526, 35.606146921041464 ], [ -76.291387886270527, 35.606179751376942 ], [ -76.291392834306251, 35.606182268983119 ], [ -76.291397471406384, 35.606185321638009 ], [ -76.291534949006845, 35.606287244155688 ], [ -76.29155131367601, 35.606298171482656 ], [ -76.291568672955805, 35.606307437780579 ], [ -76.291586858804521, 35.606314953349631 ], [ -76.291605695179115, 35.606320645437442 ], [ -76.291836429804576, 35.606378149785918 ], [ -76.291856813041363, 35.606382118706982 ], [ -76.291877497943474, 35.606383952691907 ], [ -76.291898261512841, 35.606383631969024 ], [ -76.291918879903307, 35.606381159995955 ], [ -76.291939130833839, 35.606376563422337 ], [ -76.292092220734133, 35.606333346589949 ], [ -76.292097022358277, 35.606332244694102 ], [ -76.292101946952656, 35.606332110016403 ], [ -76.292227210037098, 35.606334893582982 ], [ -76.292231919592311, 35.606335223942978 ], [ -76.292235948975531, 35.606337684251912 ], [ -76.292289182269016, 35.606373790216843 ], [ -76.292305565314223, 35.6063837893442 ], [ -76.292322831399318, 35.606392172006302 ], [ -76.292340821509384, 35.606398861001608 ], [ -76.292359369961474, 35.606403794726702 ], [ -76.292378305930512, 35.606406927743606 ], [ -76.292397455022495, 35.60640823119828 ], [ -76.292416640880674, 35.606407693086339 ], [ -76.292552716854146, 35.606397325618779 ], [ -76.292561248255353, 35.606396491387137 ], [ -76.292778195442523, 35.606370572875818 ], [ -76.292782912727219, 35.606370239186582 ], [ -76.292786523768854, 35.606373292791218 ], [ -76.292882450365383, 35.60646270018141 ], [ -76.292885791050921, 35.606466130431514 ], [ -76.292887589599474, 35.606470568000503 ], [ -76.292908821830025, 35.606531230633912 ], [ -76.292915867314846, 35.606548680361286 ], [ -76.292924521672731, 35.606565390655462 ], [ -76.292934708284108, 35.606581213575247 ], [ -76.292946336963865, 35.606596009035655 ], [ -76.29295930475989, 35.606609646048092 ], [ -76.29297349686442, 35.606622003880048 ], [ -76.293017398078064, 35.6066567388607 ], [ -76.293020532161464, 35.606659323810959 ], [ -76.293136394474203, 35.606758908661007 ], [ -76.293139828850286, 35.606762155950896 ], [ -76.293142940308698, 35.606765713851679 ], [ -76.293177200594045, 35.606808856556292 ], [ -76.293188938228212, 35.606822351376756 ], [ -76.293201834513482, 35.60683474363487 ], [ -76.293215786317546, 35.606845934229064 ], [ -76.293262783348268, 35.606880293084146 ], [ -76.293279577473271, 35.60689132096001 ], [ -76.293297393278493, 35.606900608250513 ], [ -76.293316050977211, 35.606908061233732 ], [ -76.293335362286825, 35.606913604698498 ], [ -76.293355132328841, 35.606917182703398 ], [ -76.293375161595534, 35.606918759141301 ], [ -76.293414514623748, 35.606919872957427 ], [ -76.293418949615798, 35.606920197611615 ], [ -76.293423139334848, 35.606921687848811 ], [ -76.293500616293528, 35.606953219584938 ], [ -76.293504888140433, 35.606955198103883 ], [ -76.293508954344134, 35.606957570697951 ], [ -76.293574686822026, 35.607000207483928 ], [ -76.293578744365576, 35.607003145537924 ], [ -76.293579360659976, 35.607008117057077 ], [ -76.293583522638983, 35.607065790848594 ], [ -76.293585749606663, 35.607084421879001 ], [ -76.293589712780388, 35.607102762215234 ], [ -76.293595377276816, 35.607120650428094 ], [ -76.293602693237801, 35.60713792906791 ], [ -76.29361159626923, 35.607154446050394 ], [ -76.293622008007802, 35.607170055995262 ], [ -76.293633836810798, 35.607184621505859 ], [ -76.293646978562649, 35.607198014378497 ], [ -76.2936613175914, 35.60721011673089 ], [ -76.293683127477919, 35.607226837643424 ], [ -76.293699515634216, 35.607238152540809 ], [ -76.293716947817913, 35.607247781535641 ], [ -76.293832481069785, 35.607304283533608 ], [ -76.293839355613159, 35.607307984984303 ], [ -76.293918521343997, 35.607354686898084 ], [ -76.293937242808596, 35.607364437851245 ], [ -76.293956887713037, 35.607372161325479 ], [ -76.293977237225675, 35.607377771286231 ], [ -76.293998064666027, 35.607381205242135 ], [ -76.294019138029753, 35.607382424941136 ], [ -76.294040222573116, 35.607381416796564 ], [ -76.294187805767123, 35.60736652349911 ], [ -76.294192946994286, 35.60736627411692 ], [ -76.294197748950225, 35.607368127661367 ], [ -76.294289309518774, 35.607409069184015 ], [ -76.294307326567036, 35.607416101159792 ], [ -76.294325938592792, 35.607421359981728 ], [ -76.294344971544447, 35.607424796471584 ], [ -76.294540318998941, 35.607450387257714 ], [ -76.294549687924643, 35.607451390744068 ], [ -76.294636031910287, 35.607458586203137 ], [ -76.294640934120949, 35.607459241566879 ], [ -76.294645609983775, 35.607460853235963 ], [ -76.294760077920841, 35.60750679670047 ], [ -76.294778886609009, 35.607513279642411 ], [ -76.294798246322017, 35.607517861868864 ], [ -76.294817965497771, 35.607520498039243 ], [ -76.294879227673093, 35.607525603182573 ], [ -76.294883882797578, 35.607526216199453 ], [ -76.294887153961568, 35.607529584501762 ], [ -76.295000420271606, 35.607657953775927 ], [ -76.295007774042645, 35.607665848267523 ], [ -76.295115011070905, 35.607774917602228 ], [ -76.295127467550543, 35.607786551033165 ], [ -76.295180258757, 35.607831800306663 ], [ -76.29518378143635, 35.607835133557117 ], [ -76.295185313878051, 35.607839734801701 ], [ -76.295195623716168, 35.607876650371857 ], [ -76.295202114862519, 35.607896015653296 ], [ -76.295210547186656, 35.607914617938519 ], [ -76.295220832750175, 35.607932263229365 ], [ -76.295232864287726, 35.607948767507906 ], [ -76.295246516325676, 35.607963958655517 ], [ -76.295261646490658, 35.607977678247849 ], [ -76.295278096994281, 35.607989783207017 ], [ -76.295295696278743, 35.608000147293694 ], [ -76.295314260805881, 35.608008662423643 ], [ -76.295333596971304, 35.608015239794895 ], [ -76.295350322903175, 35.608019991482017 ], [ -76.295366857158697, 35.608023937743638 ], [ -76.295383666796482, 35.608026465719874 ], [ -76.295400630385984, 35.608027557148972 ], [ -76.295462255185555, 35.608028897175188 ], [ -76.295466921410849, 35.608029220129254 ], [ -76.29547092675439, 35.608031635741135 ], [ -76.295575009405141, 35.608101332875066 ], [ -76.295578818949267, 35.608104157230954 ], [ -76.295581295732205, 35.608108201382443 ], [ -76.295595727180128, 35.608134517876955 ], [ -76.295596258878376, 35.608135481161874 ], [ -76.295641753201096, 35.608217370602347 ], [ -76.295651985998731, 35.608233852175161 ], [ -76.295663767472192, 35.608249264808698 ], [ -76.295676986771866, 35.608263463488427 ], [ -76.295731167266652, 35.608316273006082 ], [ -76.295734771281587, 35.608320181998671 ], [ -76.295737938208291, 35.608324452797675 ], [ -76.295818371479427, 35.608445977190705 ], [ -76.295827471015528, 35.608458625706 ], [ -76.295837527609152, 35.608470527446258 ], [ -76.295940566994815, 35.608583254476578 ], [ -76.295943783866292, 35.608587153756176 ], [ -76.295946589212463, 35.608591358833714 ], [ -76.295957989091306, 35.608610481034894 ], [ -76.295968762623133, 35.608626701428342 ], [ -76.295981062461266, 35.608641797260013 ], [ -76.295994772012392, 35.608655625432682 ], [ -76.296009761320207, 35.608668054865603 ], [ -76.296025888297279, 35.608678967737013 ], [ -76.296043000071862, 35.608688260601049 ], [ -76.296060934437136, 35.608695845368281 ], [ -76.296079521388691, 35.60870165014078 ], [ -76.296098584736086, 35.608705619893634 ], [ -76.296153816884825, 35.608714340994268 ], [ -76.296157948412187, 35.608715173588742 ], [ -76.296161866531804, 35.608716685054212 ], [ -76.296236201285609, 35.608749004088637 ], [ -76.296250176730439, 35.608754466512174 ], [ -76.296264522373804, 35.608758865790001 ], [ -76.296316614926567, 35.608772725593056 ], [ -76.296337731452866, 35.608777139918253 ], [ -76.296359200593358, 35.608779254145311 ], [ -76.296380772557839, 35.608779043675526 ], [ -76.296402196359793, 35.608776510957682 ], [ -76.296492598525603, 35.608760840854956 ], [ -76.296508816892, 35.608757330948542 ], [ -76.296524688472758, 35.608752488658148 ], [ -76.296691468706371, 35.608693938920261 ], [ -76.296702702039312, 35.608690719585319 ], [ -76.29685804236189, 35.608655885280747 ], [ -76.296862013473032, 35.608655162094564 ], [ -76.29686603004464, 35.608654762251192 ], [ -76.296895915318387, 35.608653004065516 ], [ -76.29720077351466, 35.608635302407201 ], [ -76.297205963624307, 35.608635272552817 ], [ -76.297211047013406, 35.608636320160343 ], [ -76.297309605891428, 35.608662063229559 ], [ -76.297329934952927, 35.608666259733148 ], [ -76.297350589483344, 35.608668326556199 ], [ -76.297371346991341, 35.608668241434827 ], [ -76.297441864128373, 35.608664287050701 ], [ -76.297446965538057, 35.608664263198222 ], [ -76.297451964608371, 35.608665280176901 ], [ -76.297674899510184, 35.608722688899732 ], [ -76.297679880630227, 35.608724254906527 ], [ -76.297684425181785, 35.608726826089878 ], [ -76.297767706120808, 35.608779906139219 ], [ -76.297770899772985, 35.608782121118587 ], [ -76.29777391136993, 35.608784577912537 ], [ -76.297895295226326, 35.608891737031627 ], [ -76.297898716551899, 35.608895071378583 ], [ -76.297897368622245, 35.60889965465514 ], [ -76.297853197658355, 35.609026408152062 ], [ -76.297805057601593, 35.609161814251671 ], [ -76.297804923927089, 35.609162191440227 ], [ -76.297616066287148, 35.609696787952906 ], [ -76.297615917128354, 35.60969721168906 ], [ -76.29752202979499, 35.609964889960018 ], [ -76.29742799153496, 35.610231999642068 ], [ -76.297334062666835, 35.610498797158698 ], [ -76.297239062707732, 35.61076679773079 ], [ -76.297238919463581, 35.610767203214927 ], [ -76.297145030443261, 35.611033889330798 ], [ -76.297144953043528, 35.61103410959042 ], [ -76.297051030295293, 35.611301889019849 ], [ -76.296957101302255, 35.611568686200243 ], [ -76.296862142036048, 35.611835576926275 ], [ -76.296861842966408, 35.611836423497827 ], [ -76.296768029289098, 35.612103890351527 ], [ -76.296674030285487, 35.61237089029553 ], [ -76.296673953226986, 35.612371109583464 ], [ -76.296580139132615, 35.61263857625827 ], [ -76.296485141201927, 35.612905578050075 ], [ -76.296484842227073, 35.612906424359089 ], [ -76.296391139506738, 35.613173576100152 ], [ -76.296296102140573, 35.613440688163408 ], [ -76.296295880643143, 35.613441313991089 ], [ -76.296202010629116, 35.613707944177357 ], [ -76.296014120872329, 35.614242630877897 ], [ -76.295919141624651, 35.614509577009521 ], [ -76.295918842222321, 35.614510424527182 ], [ -76.295825030602117, 35.614777889046373 ], [ -76.295731029836446, 35.615044888897124 ], [ -76.295730951982023, 35.615045110450076 ], [ -76.295637065701627, 35.615312788091174 ], [ -76.295447991875548, 35.615847997812523 ], [ -76.295389088708589, 35.616014722954986 ], [ -76.295388893964017, 35.616015276765019 ], [ -76.295354013151453, 35.616114937134981 ], [ -76.295260099443084, 35.616382691175488 ], [ -76.295204163742611, 35.616540514130548 ], [ -76.295203821860497, 35.616541486706829 ], [ -76.295166200767653, 35.616649398243041 ], [ -76.295071140653633, 35.61691657904629 ], [ -76.295070841908938, 35.616917424712703 ], [ -76.294977030028406, 35.617184889043486 ], [ -76.294882991417467, 35.617451999460755 ], [ -76.294789062211947, 35.617718797673 ], [ -76.29469406303167, 35.617986796930964 ], [ -76.294693919813781, 35.617987202341865 ], [ -76.294600030390754, 35.618253890153795 ], [ -76.294599953124617, 35.618254110032979 ], [ -76.294506128582512, 35.618521608299567 ], [ -76.294447020300453, 35.618687916739752 ], [ -76.294411095222927, 35.618788707428756 ], [ -76.294410887789624, 35.618789292266776 ], [ -76.294375033217207, 35.618890880704647 ], [ -76.294374949148207, 35.61889111938229 ], [ -76.294317013487657, 35.619055935353032 ], [ -76.29422305501366, 35.619323816067194 ], [ -76.294163169117823, 35.619493497454059 ], [ -76.29416281689879, 35.619494503977485 ], [ -76.294129248728339, 35.619591257098932 ], [ -76.294034101576187, 35.61985869125931 ], [ -76.294033881292762, 35.619859313670602 ], [ -76.293939991076442, 35.620125999411506 ], [ -76.293846060786095, 35.620392801100216 ], [ -76.293762172786913, 35.620629488465859 ], [ -76.293761804639331, 35.620630509540831 ], [ -76.293751594102019, 35.62065835432923 ], [ -76.293750416364844, 35.620661655290746 ], [ -76.293683256833205, 35.6208552325201 ], [ -76.293657089163943, 35.620928724174419 ], [ -76.293656888184785, 35.620929291320842 ], [ -76.293578105007413, 35.62115267764591 ], [ -76.293577878615395, 35.621153323087391 ], [ -76.293563056758487, 35.621195812548159 ], [ -76.293530035693877, 35.621289871619688 ], [ -76.293469046303045, 35.621462842793719 ], [ -76.293374054878967, 35.621730820355154 ], [ -76.293373927903147, 35.621731179649565 ], [ -76.293306019992102, 35.621923918082651 ], [ -76.293280011241421, 35.621997940987157 ], [ -76.293186063254836, 35.622264796673768 ], [ -76.293091044165081, 35.622532850403097 ], [ -76.293090938626719, 35.622533148882177 ], [ -76.293006094891865, 35.622773705938343 ], [ -76.293005888609144, 35.622774293727474 ], [ -76.292309349440416, 35.624768972708047 ], [ -76.292308609887755, 35.624771018775135 ], [ -76.292192728356241, 35.625081028403443 ], [ -76.292191296350637, 35.62508498580867 ], [ -76.291982019320386, 35.62568291985707 ], [ -76.290672001530382, 35.629435969146932 ], [ -76.290462020986723, 35.630036913745549 ], [ -76.290092019459181, 35.631098917944897 ], [ -76.288741042726386, 35.634965853383719 ], [ -76.28874094055206, 35.634966146570619 ], [ -76.287687170752847, 35.637997484545451 ], [ -76.287686806774815, 35.637998513448629 ], [ -76.28753831605988, 35.638411096252518 ], [ -76.287537674610846, 35.638412905733851 ], [ -76.286703997642263, 35.640800982362954 ], [ -76.285595990743502, 35.643973000208746 ], [ -76.285319042104831, 35.644765852487716 ], [ -76.285318939620367, 35.644766146617094 ], [ -76.285091121343427, 35.645421625046666 ], [ -76.284890096309709, 35.645992701641205 ], [ -76.284889886860739, 35.645993299671765 ], [ -76.284721021246597, 35.646477913787386 ], [ -76.284057039444392, 35.648377860552493 ], [ -76.28405694262392, 35.648378138254309 ], [ -76.28396902238633, 35.648630909966258 ], [ -76.283513017684356, 35.649937925704386 ], [ -76.282662008391824, 35.652370949332969 ], [ -76.28162605756917, 35.655337810381745 ], [ -76.281503140481504, 35.655687574428399 ], [ -76.281502843338529, 35.655688426092155 ], [ -76.281441118292207, 35.655866631862537 ], [ -76.281058578662126, 35.656957323922562 ], [ -76.281057432934233, 35.656960685901183 ], [ -76.280967345009998, 35.657232930189387 ], [ -76.28096661292291, 35.65723506170184 ], [ -76.28079519436541, 35.65771642971869 ], [ -76.280794792018426, 35.657717570471064 ], [ -76.279963999425007, 35.660095976137853 ], [ -76.278300993598975, 35.664852991180503 ], [ -76.276822992973436, 35.669081996329574 ], [ -76.275621992281799, 35.672517995657486 ], [ -76.274605001294162, 35.675427972676466 ], [ -76.274421225248119, 35.675953330886017 ], [ -76.274420762264754, 35.67595466960266 ], [ -76.27438116213284, 35.676070499705922 ], [ -76.274380814636615, 35.676071498834339 ], [ -76.274329147418015, 35.676217558961199 ], [ -76.27432883757146, 35.676218441436518 ], [ -76.274237027001703, 35.676481896678276 ], [ -76.273866992074588, 35.677539998407006 ], [ -76.273219994971711, 35.679389988666159 ], [ -76.272295991197169, 35.682032999523756 ], [ -76.271371991337986, 35.684676000026613 ], [ -76.270447994401053, 35.687318992191791 ], [ -76.26958610393298, 35.689783677231787 ], [ -76.269446222818914, 35.690179346332265 ], [ -76.2694457650136, 35.690180655716276 ], [ -76.269334710908495, 35.690501856097718 ], [ -76.269329240660937, 35.690520592308374 ], [ -76.269325622792451, 35.690539772512373 ], [ -76.269323891760408, 35.690559214033044 ], [ -76.269324064051588, 35.690578731704868 ], [ -76.269326138025036, 35.690598139637068 ], [ -76.269330093927763, 35.690617252984012 ], [ -76.269335894082815, 35.690635889705803 ], [ -76.269343483248207, 35.690653872302022 ], [ -76.269352789142985, 35.690671029502269 ], [ -76.26936372313564, 35.690687197897439 ], [ -76.269376181088347, 35.690702223496011 ], [ -76.269390044348668, 35.690715963190733 ], [ -76.269405180879744, 35.69072828612159 ], [ -76.269421446517768, 35.690739074922163 ], [ -76.269438686345055, 35.690748226837421 ], [ -76.269456736165537, 35.690755654702429 ], [ -76.26947542406856, 35.690761287772489 ], [ -76.26949457206625, 35.690765072396943 ], [ -76.269513997788678, 35.690766972530163 ], [ -76.269924985636067, 35.690786999221316 ], [ -76.271013886626534, 35.690839994860561 ], [ -76.271014096012181, 35.690840004941144 ], [ -76.271769948053389, 35.690875997370462 ], [ -76.272976987037609, 35.690933999731918 ], [ -76.273870923350444, 35.690976996094754 ], [ -76.274608534166418, 35.691012977500506 ], [ -76.274609447968515, 35.691013019982115 ], [ -76.274789449781707, 35.691020975553677 ], [ -76.274790531246936, 35.691021029219371 ], [ -76.274898251260026, 35.69102695942334 ], [ -76.274899732035379, 35.691027035438502 ], [ -76.275024969542031, 35.691032999098631 ], [ -76.275463962919162, 35.691053998820422 ], [ -76.276241806903201, 35.691090991301081 ], [ -76.276666833659505, 35.691111991913559 ], [ -76.276667149327608, 35.691112007260742 ], [ -76.278506989049589, 35.691199999719863 ], [ -76.279029919832084, 35.691224996065152 ], [ -76.280039941702242, 35.691273997174228 ], [ -76.285453943227211, 35.69153399760566 ], [ -76.286422931015892, 35.691580996635693 ], [ -76.289428854104841, 35.691724993435784 ], [ -76.289773232427549, 35.691741962546502 ], [ -76.289774749884643, 35.691742031543029 ], [ -76.289821412269987, 35.691743975672416 ], [ -76.290495924707386, 35.691775996758992 ], [ -76.294524962163351, 35.691969998141182 ], [ -76.306686953374268, 35.692551998314407 ], [ -76.307023695657563, 35.692567986200054 ], [ -76.307360695948176, 35.692584984495184 ], [ -76.307361286255656, 35.692585013395934 ], [ -76.307697960701091, 35.692600997972136 ], [ -76.317052989442701, 35.693047999902305 ], [ -76.32827397549741, 35.693583999196846 ], [ -76.336842803029455, 35.693991991252702 ], [ -76.337044569934477, 35.694001978787945 ], [ -76.337045413534824, 35.694002018761132 ], [ -76.337287207251208, 35.694012964312734 ], [ -76.337381429684697, 35.694017970315883 ], [ -76.337382565171779, 35.694018027407857 ], [ -76.33839399068836, 35.694065999957097 ], [ -76.340417965237279, 35.694161998249001 ], [ -76.344464877271562, 35.694354994340763 ], [ -76.353680756097432, 35.694804988113432 ], [ -76.357470453594019, 35.694998972247092 ], [ -76.36671297450836, 35.695521999155602 ], [ -76.369108837468318, 35.695657991199212 ], [ -76.369451733950029, 35.695677984477797 ], [ -76.369452248875504, 35.695678013835419 ], [ -76.369792958551884, 35.695696998126145 ], [ -76.37013582899344, 35.695715990427125 ], [ -76.370819846055355, 35.695754991646695 ], [ -76.370820137023784, 35.695755008024435 ], [ -76.371161853983253, 35.695773992500591 ], [ -76.371846931399048, 35.695812996848538 ], [ -76.372130532629242, 35.695828974192963 ], [ -76.372131450473162, 35.69582902378616 ], [ -76.372188432655221, 35.695831971354238 ], [ -76.37246748519371, 35.695847970443836 ], [ -76.37246849919795, 35.695848025997904 ], [ -76.372869895068987, 35.695868995210652 ], [ -76.373883794444552, 35.695920989324208 ], [ -76.374221696137297, 35.695938984539673 ], [ -76.374222285796705, 35.695939015069627 ], [ -76.374559830040624, 35.695955992062743 ], [ -76.376023942036099, 35.696031997480695 ], [ -76.376587949805113, 35.696060997512156 ], [ -76.38036897259127, 35.696256998870382 ], [ -76.387067972194998, 35.696602998586577 ], [ -76.387514886727701, 35.696625994864355 ], [ -76.387914880170868, 35.696646994307748 ], [ -76.387915102604097, 35.69664700586118 ], [ -76.388420952523049, 35.696672997845887 ], [ -76.389096954762522, 35.696707997920193 ], [ -76.39180080695894, 35.69684699048203 ], [ -76.39213802055238, 35.696864947832701 ], [ -76.39213996284829, 35.696865041797388 ], [ -76.392161188400422, 35.696865965245735 ], [ -76.393829969493126, 35.696951998342378 ], [ -76.395181947077106, 35.697021997975959 ], [ -76.39802597196406, 35.697167999206386 ], [ -76.403633971547379, 35.697456999048867 ], [ -76.405102866173152, 35.697532993498164 ], [ -76.405966224146482, 35.697578746798598 ], [ -76.405970771349189, 35.697579206144354 ] ] ] } }
]
}
