{
"type": "FeatureCollection",
"name": "us_house_of_representatives_district_09_dem",
"crs": { "type": "name", "properties": { "name": "urn:ogc:def:crs:OGC:1.3:CRS84" } },
"features": [
{ "type": "Feature", "properties": { "county": "HOKE", "precinct": "1", "enr_desc": "Allendale", "winner": "Richard N. Ojeda II", "winner_votes": 13.0, "winner_share": 52.0, "runner_up": "Lent C. Carr II", "runner_up_votes": 6.0, "runner_up_share": 24.0, "contest_votes": 25.0, "margin_of_victory": 28.0, "is_tie": false, "results": [ { "candidate": "Richard N. Ojeda II", "votes": 13, "share": 52.0 }, { "candidate": "Lent C. Carr II", "votes": 6, "share": 24.0 }, { "candidate": "Nigel W. Bristow", "votes": 5, "share": 20.0 }, { "candidate": "Loren Bibler", "votes": 1, "share": 4.0 } ], "participated": true, "map_key": "HOKE_1" }, "geometry": { "type": "Polygon", "coordinates": [ [ [ -79.204667991194427, 34.834136000307062 ], [ -79.347867991379644, 34.838552999930499 ], [ -79.348801990812277, 34.839517000045944 ], [ -79.348111991365414, 34.840980000421041 ], [ -79.347087991461706, 34.840951000105747 ], [ -79.34790399108897, 34.843146999705475 ], [ -79.345134991464235, 34.843364000351293 ], [ -79.34529199162337, 34.846000000325745 ], [ -79.343303991659369, 34.846097999595372 ], [ -79.342768991187512, 34.847645000144794 ], [ -79.341778991054213, 34.847510000358803 ], [ -79.341383991687806, 34.848249999858183 ], [ -79.342147991681898, 34.849241000386051 ], [ -79.341335991787602, 34.848886000046178 ], [ -79.341488991330891, 34.84966500026642 ], [ -79.340538991363516, 34.849593999864332 ], [ -79.340374991410357, 34.850630000330568 ], [ -79.338753991630185, 34.850427999829421 ], [ -79.340227991527911, 34.851841999955568 ], [ -79.338378990769556, 34.852039999973059 ], [ -79.337320991233199, 34.852934000104234 ], [ -79.338000990977804, 34.853476000336087 ], [ -79.336922990979701, 34.85379000030693 ], [ -79.338151990741054, 34.855720000467265 ], [ -79.337332991493824, 34.856393999583929 ], [ -79.33829499149607, 34.856215000311522 ], [ -79.337957991528143, 34.856838999967266 ], [ -79.338971991086012, 34.857026000452137 ], [ -79.338150991718152, 34.857374999750505 ], [ -79.337849990966546, 34.859287000388036 ], [ -79.341549991180059, 34.862315000267337 ], [ -79.340843991688288, 34.863185000291367 ], [ -79.342014991110105, 34.864486999820294 ], [ -79.341796991824367, 34.867293000455938 ], [ -79.34288999132599, 34.867716999862459 ], [ -79.34210799129707, 34.868292999721191 ], [ -79.343548991108491, 34.868433999590962 ], [ -79.343380991078703, 34.870073000381197 ], [ -79.34183899121723, 34.869933999778333 ], [ -79.342031991281544, 34.871928000383527 ], [ -79.34295699127405, 34.872089999979686 ], [ -79.342627991271328, 34.873700999918199 ], [ -79.343875991204456, 34.874757999583679 ], [ -79.344984991175011, 34.874368999625887 ], [ -79.344256991105141, 34.877727999824451 ], [ -79.346549990747903, 34.879067999739398 ], [ -79.346426990945247, 34.882336999712521 ], [ -79.347452991275944, 34.882398000153799 ], [ -79.346632990760142, 34.882936999940895 ], [ -79.348381991370289, 34.886423000158061 ], [ -79.336587991729843, 34.888984999787084 ], [ -79.309951990830399, 34.905768999777465 ], [ -79.288254991060327, 34.905825000122711 ], [ -79.283584991326094, 34.909545999591785 ], [ -79.269080991189796, 34.903182999609456 ], [ -79.269606991510329, 34.898421000002763 ], [ -79.277316990828993, 34.884764000024703 ], [ -79.27443999113018, 34.883827000423061 ], [ -79.260998991717003, 34.871408999993825 ], [ -79.249910991062137, 34.863841999646873 ], [ -79.23751199172203, 34.857199000233571 ], [ -79.228486991121514, 34.854185999795519 ], [ -79.217205991628333, 34.845537999866643 ], [ -79.204667991194427, 34.834136000307062 ] ] ] } },
{ "type": "Feature", "properties": { "county": "ALAMANCE", "precinct": "1", "enr_desc": "Patterson", "winner": "Richard N. Ojeda II", "winner_votes": 61.0, "winner_share": 41.496598639455783, "runner_up": "Lent C. Carr II", "runner_up_votes": 33.0, "runner_up_share": 22.448979591836736, "contest_votes": 147.0, "margin_of_victory": 19.047619047619047, "is_tie": false, "results": [ { "candidate": "Richard N. Ojeda II", "votes": 61, "share": 41.49659863945578 }, { "candidate": "Lent C. Carr II", "votes": 33, "share": 22.448979591836736 }, { "candidate": "Loren Bibler", "votes": 29, "share": 19.727891156462583 }, { "candidate": "Nigel W. Bristow", "votes": 24, "share": 16.3265306122449 } ], "participated": true, "map_key": "ALAMANCE_1" }, "geometry": { "type": "Polygon", "coordinates": [ [ [ -79.541727990877874, 35.899850999862117 ], [ -79.540389990827066, 35.966481000011441 ], [ -79.432509990928438, 35.96042599999965 ], [ -79.432658991572367, 35.950256999616258 ], [ -79.431971990857036, 35.889104000437193 ], [ -79.432773991300365, 35.843684000328615 ], [ -79.542427991097554, 35.843302999849996 ], [ -79.541727990877874, 35.899850999862117 ] ] ] } },
{ "type": "Feature", "properties": { "county": null, "precinct": null, "enr_desc": "G39", "winner": null, "winner_votes": null, "winner_share": null, "runner_up": null, "runner_up_votes": null, "runner_up_share": null, "contest_votes": null, "margin_of_victory": null, "is_tie": false, "results": null, "participated": false, "map_key": null }, "geometry": { "type": "Polygon", "coordinates": [ [ [ -79.88885399095436, 36.089841000514085 ], [ -79.891373990973747, 36.094690999807348 ], [ -79.89181299142065, 36.099866999621533 ], [ -79.888165991642182, 36.104568000338382 ], [ -79.881615991253653, 36.10412600035194 ], [ -79.882356991283459, 36.103036000098932 ], [ -79.87886499060977, 36.102358000375666 ], [ -79.878839991312176, 36.101368000279024 ], [ -79.872917990971104, 36.101113000156879 ], [ -79.872810990908675, 36.105151000462676 ], [ -79.870550990638307, 36.104594000397967 ], [ -79.870004990719053, 36.105750000325322 ], [ -79.867216991427867, 36.105275000374697 ], [ -79.867417991303881, 36.100180000174859 ], [ -79.868821990597027, 36.09810800006462 ], [ -79.866553990799986, 36.096108999792385 ], [ -79.868811991580671, 36.094546999657076 ], [ -79.868914991328651, 36.092355000182671 ], [ -79.870119991482952, 36.092318000150073 ], [ -79.878897991035629, 36.089315999974616 ], [ -79.88885399095436, 36.089841000514085 ] ] ] } },
{ "type": "Feature", "properties": { "county": "HOKE", "precinct": "2", "enr_desc": "Antioch", "winner": "Lent C. Carr II", "winner_votes": 72.0, "winner_share": 31.858407079646017, "runner_up": "Richard N. Ojeda II", "runner_up_votes": 69.0, "runner_up_share": 30.53097345132743, "contest_votes": 226.0, "margin_of_victory": 1.3274336283185875, "is_tie": false, "results": [ { "candidate": "Lent C. Carr II", "votes": 72, "share": 31.858407079646017 }, { "candidate": "Richard N. Ojeda II", "votes": 69, "share": 30.53097345132743 }, { "candidate": "Loren Bibler", "votes": 48, "share": 21.238938053097346 }, { "candidate": "Nigel W. Bristow", "votes": 37, "share": 16.371681415929203 } ], "participated": true, "map_key": "HOKE_2" }, "geometry": { "type": "Polygon", "coordinates": [ [ [ -79.204667991194427, 34.834136000307062 ], [ -79.217205991628333, 34.845537999866643 ], [ -79.228486991121514, 34.854185999795519 ], [ -79.23751199172203, 34.857199000233571 ], [ -79.249910991062137, 34.863841999646873 ], [ -79.260998991717003, 34.871408999993825 ], [ -79.27443999113018, 34.883827000423061 ], [ -79.277316990828993, 34.884764000024703 ], [ -79.269606991510329, 34.898421000002763 ], [ -79.269080991189796, 34.903182999609456 ], [ -79.266667990736266, 34.911498999854039 ], [ -79.263090991501272, 34.919963000219049 ], [ -79.256647991662675, 34.927105000407863 ], [ -79.243943991315703, 34.932735000431052 ], [ -79.243262990806613, 34.934253000407715 ], [ -79.243743991698693, 34.937603000231327 ], [ -79.242705991005408, 34.940589999838942 ], [ -79.232415991743736, 34.934094000127551 ], [ -79.225824991371169, 34.933894000056313 ], [ -79.220281991065519, 34.932522000229426 ], [ -79.215598991562743, 34.927294999673258 ], [ -79.218630991551194, 34.944579999749493 ], [ -79.216526991357881, 34.944870000254006 ], [ -79.207087991778536, 34.942708000088523 ], [ -79.206719991475993, 34.944817999983556 ], [ -79.195913991684364, 34.941207000310634 ], [ -79.192774991246395, 34.935340000177355 ], [ -79.192722991216712, 34.930170000278231 ], [ -79.189902990773504, 34.926325000093307 ], [ -79.18714599106795, 34.919174000079757 ], [ -79.185041991677451, 34.917030000460684 ], [ -79.180163990820787, 34.914294999853283 ], [ -79.181999991686382, 34.911882000228523 ], [ -79.177861991756259, 34.907225999970962 ], [ -79.175733991673567, 34.906770000318936 ], [ -79.173085991179576, 34.904392000211686 ], [ -79.166757991522203, 34.901833999923134 ], [ -79.163487991089568, 34.90279099959276 ], [ -79.153906990748382, 34.900673000398974 ], [ -79.150408991083097, 34.892406000265815 ], [ -79.145240990883195, 34.889793999604905 ], [ -79.142518991664105, 34.889335000156279 ], [ -79.140685991317469, 34.889968999922452 ], [ -79.134577990784351, 34.888257000013667 ], [ -79.132283991760644, 34.886677000177954 ], [ -79.133826991047954, 34.884824999627803 ], [ -79.130759991733314, 34.881052999699918 ], [ -79.191390990960315, 34.833717000299934 ], [ -79.204667991194427, 34.834136000307062 ] ] ] } },
{ "type": "Feature", "properties": { "county": "ALAMANCE", "precinct": "2", "enr_desc": "Coble", "winner": "Richard N. Ojeda II", "winner_votes": 74.0, "winner_share": 45.962732919254655, "runner_up": "Loren Bibler", "runner_up_votes": 31.0, "runner_up_share": 19.254658385093169, "contest_votes": 161.0, "margin_of_victory": 26.708074534161486, "is_tie": false, "results": [ { "candidate": "Richard N. Ojeda II", "votes": 74, "share": 45.962732919254655 }, { "candidate": "Loren Bibler", "votes": 31, "share": 19.25465838509317 }, { "candidate": "Lent C. Carr II", "votes": 28, "share": 17.391304347826086 }, { "candidate": "Nigel W. Bristow", "votes": 28, "share": 17.391304347826086 } ], "participated": true, "map_key": "ALAMANCE_2" }, "geometry": { "type": "Polygon", "coordinates": [ [ [ -79.539411990983609, 36.045737999841045 ], [ -79.537481991139686, 36.044371999900427 ], [ -79.534838991337836, 36.043821000185147 ], [ -79.533340990836479, 36.044032000269986 ], [ -79.532050991513714, 36.045351999821897 ], [ -79.529446991653842, 36.045273999762536 ], [ -79.52785799097974, 36.042992000277536 ], [ -79.526330991522215, 36.041794000055532 ], [ -79.524659991625484, 36.04006200043225 ], [ -79.524430975875347, 36.039826248478384 ], [ -79.52442199147923, 36.039817000340321 ], [ -79.519432991682294, 36.036298999748631 ], [ -79.513836991344391, 36.038606000304426 ], [ -79.510409991466702, 36.038656999666898 ], [ -79.509358991686852, 36.03814699965708 ], [ -79.508232991614705, 36.035281999604663 ], [ -79.505482991188217, 36.034446000324209 ], [ -79.503647991569508, 36.038265000393601 ], [ -79.503508991064791, 36.04135899979952 ], [ -79.502684990806173, 36.042264000359175 ], [ -79.499897991266835, 36.042695000319057 ], [ -79.493654991153321, 36.037503000198647 ], [ -79.489427991487005, 36.036039999823878 ], [ -79.487965991160848, 36.036417000147743 ], [ -79.487210990644641, 36.037153000139526 ], [ -79.488512991646559, 36.038629999604595 ], [ -79.488380991172946, 36.03989000038743 ], [ -79.485608990792329, 36.039442999703041 ], [ -79.482360990943434, 36.036533000322251 ], [ -79.481849991008957, 36.033627000389544 ], [ -79.478568990917083, 36.033080000254799 ], [ -79.472779990665671, 36.033873999599123 ], [ -79.470444991626678, 36.032416000012987 ], [ -79.468232991477578, 36.032137999771415 ], [ -79.464145990696309, 36.033649000001184 ], [ -79.460443991654159, 36.030840000281607 ], [ -79.458851991444121, 36.031272999806099 ], [ -79.458113991552281, 36.032737000032704 ], [ -79.454642991236668, 36.033526999811755 ], [ -79.44673699144893, 36.032002999588848 ], [ -79.444490991042713, 36.029915000347863 ], [ -79.440701991221076, 36.028255000431876 ], [ -79.436177991564051, 36.025964000081281 ], [ -79.434039991653876, 36.0259649997327 ], [ -79.426430991649411, 36.021504999850059 ], [ -79.423937990904179, 36.017489999911511 ], [ -79.42483299103435, 36.015674999628274 ], [ -79.427046990973409, 36.016977999744206 ], [ -79.427685991193258, 36.015994000403708 ], [ -79.428702991561266, 36.015999000406694 ], [ -79.432509990928438, 35.96042599999965 ], [ -79.540389990827066, 35.966481000011441 ], [ -79.53967299072076, 36.012835999664738 ], [ -79.539411990983609, 36.045737999841045 ] ] ] } },
{ "type": "Feature", "properties": { "county": "HOKE", "precinct": "3", "enr_desc": "Blue Springs", "winner": "Richard N. Ojeda II", "winner_votes": 51.0, "winner_share": 39.84375, "runner_up": "Lent C. Carr II", "runner_up_votes": 46.0, "runner_up_share": 35.9375, "contest_votes": 128.0, "margin_of_victory": 3.90625, "is_tie": false, "results": [ { "candidate": "Richard N. Ojeda II", "votes": 51, "share": 39.84375 }, { "candidate": "Lent C. Carr II", "votes": 46, "share": 35.9375 }, { "candidate": "Loren Bibler", "votes": 17, "share": 13.28125 }, { "candidate": "Nigel W. Bristow", "votes": 14, "share": 10.9375 } ], "participated": true, "map_key": "HOKE_3" }, "geometry": { "type": "Polygon", "coordinates": [ [ [ -79.377833990723261, 34.973996000242145 ], [ -79.375861991189609, 34.975875000083867 ], [ -79.371350991399893, 34.977761000095676 ], [ -79.361839990773134, 34.977118000085795 ], [ -79.357016991172529, 34.974259000270841 ], [ -79.343061991222712, 34.969214999942366 ], [ -79.335035991713795, 34.968746999836306 ], [ -79.3277039908386, 34.971955999860256 ], [ -79.311692991287956, 34.979463999769564 ], [ -79.299659991448863, 34.981110000376766 ], [ -79.287878991287144, 34.985891999778026 ], [ -79.279589991508047, 34.985332000348237 ], [ -79.277508990740358, 34.98386299977038 ], [ -79.276381991725742, 34.98392200026791 ], [ -79.273486991655489, 34.981187000373957 ], [ -79.273336990841131, 34.977380000182471 ], [ -79.268769991459948, 34.972300000173504 ], [ -79.267689991632665, 34.969858999700577 ], [ -79.265410991592574, 34.9677380000889 ], [ -79.26204799075488, 34.966579000171343 ], [ -79.260965991357622, 34.964776000178894 ], [ -79.258473991059191, 34.964029000054801 ], [ -79.255099991503144, 34.960953999859719 ], [ -79.255434991487391, 34.959831999618359 ], [ -79.249246990824346, 34.95866499981409 ], [ -79.24551799160173, 34.959725000212877 ], [ -79.243658991088353, 34.959188000009519 ], [ -79.239305990864054, 34.953040999580878 ], [ -79.240512991624129, 34.951392000452351 ], [ -79.239848991786317, 34.945567000091614 ], [ -79.242705991005408, 34.940589999838942 ], [ -79.243743991698693, 34.937603000231327 ], [ -79.243262990806613, 34.934253000407715 ], [ -79.243943991315703, 34.932735000431052 ], [ -79.256647991662675, 34.927105000407863 ], [ -79.263090991501272, 34.919963000219049 ], [ -79.266667990736266, 34.911498999854039 ], [ -79.269080991189796, 34.903182999609456 ], [ -79.283584991326094, 34.909545999591785 ], [ -79.288254991060327, 34.905825000122711 ], [ -79.309951990830399, 34.905768999777465 ], [ -79.336587991729843, 34.888984999787084 ], [ -79.348381991370289, 34.886423000158061 ], [ -79.348916991216853, 34.893650999770287 ], [ -79.350314991359113, 34.894542000448112 ], [ -79.349331991305831, 34.894416000164753 ], [ -79.348297991692533, 34.896158000290157 ], [ -79.349584991781555, 34.897646999943838 ], [ -79.348773990971566, 34.898324000073011 ], [ -79.349804991013883, 34.898919000086565 ], [ -79.348320991519429, 34.899634999849695 ], [ -79.34929599073935, 34.900811000130467 ], [ -79.348458991761177, 34.901243999782658 ], [ -79.34909999089092, 34.902534000019578 ], [ -79.348525991333872, 34.903091999987346 ], [ -79.349550991010474, 34.903959999654177 ], [ -79.34960699089018, 34.905255000278011 ], [ -79.350531990973892, 34.905444999979096 ], [ -79.349640990766574, 34.905975000373438 ], [ -79.350875991550993, 34.908784999635692 ], [ -79.35173399083763, 34.908969000060452 ], [ -79.351487991186119, 34.910750000154628 ], [ -79.35209599115673, 34.911123000115921 ], [ -79.350865991414622, 34.911985999614153 ], [ -79.351799991794294, 34.913006999868422 ], [ -79.350803990754358, 34.913462999622396 ], [ -79.351796991759144, 34.914170999968512 ], [ -79.350838991346208, 34.914376000331131 ], [ -79.35145699119478, 34.915750000337226 ], [ -79.350417991557578, 34.917518999648379 ], [ -79.351745991416237, 34.919816000330897 ], [ -79.349724991286493, 34.921389999950989 ], [ -79.351287990925528, 34.923618000190245 ], [ -79.35102499162609, 34.924584000425583 ], [ -79.352447991194978, 34.924060999835405 ], [ -79.352198991143041, 34.925142000388647 ], [ -79.354589990816635, 34.926575999879418 ], [ -79.354385991425545, 34.929464000383177 ], [ -79.355379991313541, 34.930223000328645 ], [ -79.355335990919116, 34.932144000029055 ], [ -79.356129991484039, 34.933139000042374 ], [ -79.355376991194646, 34.933048000043591 ], [ -79.354216991658433, 34.934472000038255 ], [ -79.355325991725991, 34.935822000413744 ], [ -79.354657990755911, 34.937206000393282 ], [ -79.353208991581681, 34.936892000041787 ], [ -79.354294991005474, 34.938628999936192 ], [ -79.35290499140163, 34.939564000026429 ], [ -79.353838991168359, 34.939949999677879 ], [ -79.352900991238684, 34.940393000193041 ], [ -79.353975991338856, 34.943193999936589 ], [ -79.353131991254415, 34.944329000038088 ], [ -79.354254991765089, 34.944162000278297 ], [ -79.354299991295392, 34.945620999828535 ], [ -79.355259991061331, 34.944837000273736 ], [ -79.355084991750402, 34.945604000384719 ], [ -79.356919991757678, 34.947556000187085 ], [ -79.356594991693669, 34.94809100016306 ], [ -79.358451991394404, 34.949651999797609 ], [ -79.359339990789707, 34.949273000312871 ], [ -79.361006991013355, 34.950379999911974 ], [ -79.362191991019216, 34.950257999707404 ], [ -79.361288990754701, 34.950668999840005 ], [ -79.362367990915786, 34.952085999844073 ], [ -79.362063991458626, 34.953073999711187 ], [ -79.363644991603124, 34.954184000407054 ], [ -79.360838991343741, 34.957922000019245 ], [ -79.362377991473863, 34.957513000190303 ], [ -79.362275990928083, 34.958691000375119 ], [ -79.363132991665893, 34.958405000292039 ], [ -79.362830990980626, 34.959289000470378 ], [ -79.36397199127606, 34.960312000084372 ], [ -79.36695499074807, 34.96248499976349 ], [ -79.367612991694472, 34.962123000116542 ], [ -79.368081991809589, 34.96297000046507 ], [ -79.368707991009884, 34.962420000238716 ], [ -79.369793991721238, 34.963195999619195 ], [ -79.37042599143976, 34.966492000432204 ], [ -79.371903991126018, 34.968532999983495 ], [ -79.373305991219681, 34.96854700011238 ], [ -79.373460990993692, 34.969847999902136 ], [ -79.377833990723261, 34.973996000242145 ] ] ] } },
{ "type": "Feature", "properties": { "county": "ALAMANCE", "precinct": "35", "enr_desc": "Boone 5", "winner": "Richard N. Ojeda II", "winner_votes": 151.0, "winner_share": 49.671052631578952, "runner_up": "Nigel W. Bristow", "runner_up_votes": 57.0, "runner_up_share": 18.75, "contest_votes": 304.0, "margin_of_victory": 30.921052631578952, "is_tie": false, "results": [ { "candidate": "Richard N. Ojeda II", "votes": 151, "share": 49.67105263157895 }, { "candidate": "Nigel W. Bristow", "votes": 57, "share": 18.75 }, { "candidate": "Lent C. Carr II", "votes": 50, "share": 16.447368421052634 }, { "candidate": "Loren Bibler", "votes": 46, "share": 15.131578947368421 } ], "participated": true, "map_key": "ALAMANCE_35" }, "geometry": { "type": "Polygon", "coordinates": [ [ [ -79.490997990950007, 36.105640999927566 ], [ -79.498911991521908, 36.103140000110031 ], [ -79.51026499155418, 36.102775999697606 ], [ -79.513755991233182, 36.101952999700849 ], [ -79.521520990755832, 36.103081000021767 ], [ -79.521659990899181, 36.108002000037807 ], [ -79.522861991240148, 36.10797600021283 ], [ -79.522774990868783, 36.105463999882993 ], [ -79.524079991627644, 36.104673000408646 ], [ -79.524096991449554, 36.106448999960591 ], [ -79.52805599146329, 36.106570999766895 ], [ -79.527916991185776, 36.107831999623336 ], [ -79.531234991096397, 36.107910999713603 ], [ -79.530957990705005, 36.110847000210157 ], [ -79.532754990711013, 36.110573000146907 ], [ -79.525742991642318, 36.118878999673861 ], [ -79.527775991235359, 36.125925999778694 ], [ -79.527861991211651, 36.132886999867189 ], [ -79.532515991479684, 36.136142000423199 ], [ -79.53723399100852, 36.135858999686704 ], [ -79.536716991298647, 36.151778000032571 ], [ -79.532759990736807, 36.155474000343204 ], [ -79.529725990842635, 36.155930999776537 ], [ -79.519613991152795, 36.154531000156162 ], [ -79.515639990610197, 36.150716000295347 ], [ -79.511821990785037, 36.148663000443925 ], [ -79.512036991316748, 36.156763000380366 ], [ -79.514308991665814, 36.163456999652851 ], [ -79.512900990672804, 36.166650999799273 ], [ -79.50030699063214, 36.154072000482046 ], [ -79.492672990711611, 36.153864000294533 ], [ -79.489159991010666, 36.152981000182074 ], [ -79.490390991470704, 36.15009399981988 ], [ -79.494217990834244, 36.147251999723586 ], [ -79.492333990596705, 36.14420799994037 ], [ -79.484094991339802, 36.142515000466773 ], [ -79.479450991153982, 36.138646999974966 ], [ -79.472302991533908, 36.135718999746757 ], [ -79.469093991171675, 36.135774999886422 ], [ -79.465003991670855, 36.133346999746934 ], [ -79.469358991534477, 36.125073000181537 ], [ -79.471581990858695, 36.118885000179404 ], [ -79.472575991351349, 36.11309399985624 ], [ -79.472755990903153, 36.112422000368277 ], [ -79.479679991552004, 36.110558999714208 ], [ -79.486596990808422, 36.104727999590601 ], [ -79.487449991191738, 36.106650999942183 ], [ -79.490997990950007, 36.105640999927566 ] ] ] } },
{ "type": "Feature", "properties": { "county": "ALAMANCE", "precinct": "03C", "enr_desc": "Central Boone", "winner": "Richard N. Ojeda II", "winner_votes": 116.0, "winner_share": 50.434782608695649, "runner_up": "Nigel W. Bristow", "runner_up_votes": 53.0, "runner_up_share": 23.043478260869566, "contest_votes": 230.0, "margin_of_victory": 27.391304347826082, "is_tie": false, "results": [ { "candidate": "Richard N. Ojeda II", "votes": 116, "share": 50.43478260869565 }, { "candidate": "Nigel W. Bristow", "votes": 53, "share": 23.043478260869566 }, { "candidate": "Loren Bibler", "votes": 35, "share": 15.217391304347828 }, { "candidate": "Lent C. Carr II", "votes": 26, "share": 11.304347826086957 } ], "participated": true, "map_key": "ALAMANCE_03C" }, "geometry": { "type": "Polygon", "coordinates": [ [ [ -79.495632991541129, 36.080214000243451 ], [ -79.496474991422971, 36.080299000475549 ], [ -79.503526991372468, 36.080929000218383 ], [ -79.513709990927694, 36.08037699990571 ], [ -79.513721734293441, 36.080376671185554 ], [ -79.514388991363646, 36.080357999747086 ], [ -79.524069990808698, 36.080444000354234 ], [ -79.52399899141399, 36.081445000126713 ], [ -79.523522991051536, 36.082098999863952 ], [ -79.516973991070714, 36.082625999606684 ], [ -79.513631991103097, 36.082359999902273 ], [ -79.512090990940308, 36.084528000061816 ], [ -79.512025990705553, 36.086448999705283 ], [ -79.508899991689233, 36.086395000342804 ], [ -79.508697991594786, 36.082792999688692 ], [ -79.507172991641497, 36.083759000425935 ], [ -79.505589991077414, 36.083641000102219 ], [ -79.505435991231181, 36.086733999724714 ], [ -79.502081990901317, 36.088809000462604 ], [ -79.496349990768863, 36.088030999754146 ], [ -79.496439991602088, 36.0891369996706 ], [ -79.494145990976449, 36.090129000010869 ], [ -79.495359991036793, 36.091892000038172 ], [ -79.494736991328395, 36.098472999613797 ], [ -79.492721991610509, 36.098333000480388 ], [ -79.493442990597885, 36.104029999909578 ], [ -79.492541991052363, 36.104229000075641 ], [ -79.492080990706427, 36.103342999778718 ], [ -79.490035991441559, 36.10365900028107 ], [ -79.490997990950007, 36.105640999927566 ], [ -79.487449991191738, 36.106650999942183 ], [ -79.486596990808422, 36.104727999590601 ], [ -79.479679991552004, 36.110558999714208 ], [ -79.472755990903153, 36.112422000368277 ], [ -79.476917991644669, 36.096931999902303 ], [ -79.478588990591277, 36.090082000083328 ], [ -79.478647991142068, 36.090090000305466 ], [ -79.487237991097714, 36.086231999957931 ], [ -79.491557991050101, 36.080581000414533 ], [ -79.495632991541129, 36.080214000243451 ] ] ] } },
{ "type": "Feature", "properties": { "county": "ALAMANCE", "precinct": "03N2", "enr_desc": "North Boone 2", "winner": "Richard N. Ojeda II", "winner_votes": 143.0, "winner_share": 52.767527675276746, "runner_up": "Nigel W. Bristow", "runner_up_votes": 48.0, "runner_up_share": 17.712177121771216, "contest_votes": 271.0, "margin_of_victory": 35.055350553505534, "is_tie": false, "results": [ { "candidate": "Richard N. Ojeda II", "votes": 143, "share": 52.767527675276746 }, { "candidate": "Nigel W. Bristow", "votes": 48, "share": 17.712177121771216 }, { "candidate": "Lent C. Carr II", "votes": 40, "share": 14.760147601476014 }, { "candidate": "Loren Bibler", "votes": 40, "share": 14.760147601476014 } ], "participated": true, "map_key": "ALAMANCE_03N2" }, "geometry": { "type": "Polygon", "coordinates": [ [ [ -79.516973991070714, 36.082625999606684 ], [ -79.523522991051536, 36.082098999863952 ], [ -79.52399899141399, 36.081445000126713 ], [ -79.527301991695481, 36.081638000320837 ], [ -79.534714991087426, 36.087582000166996 ], [ -79.534268990950096, 36.087927000297562 ], [ -79.531080990746133, 36.085402999604092 ], [ -79.525893991688932, 36.090279999910891 ], [ -79.526587991138271, 36.085628000155559 ], [ -79.525937991396901, 36.085657999685203 ], [ -79.526116991619162, 36.088247999992376 ], [ -79.524535991028145, 36.09050099982985 ], [ -79.522719991050948, 36.088281000087058 ], [ -79.517756991078997, 36.086223999779222 ], [ -79.516973991070714, 36.082625999606684 ] ] ] } },
{ "type": "Feature", "properties": { "county": "ALAMANCE", "precinct": "03N", "enr_desc": "North Boone", "winner": "Richard N. Ojeda II", "winner_votes": 149.0, "winner_share": 57.088122605363992, "runner_up": "Loren Bibler", "runner_up_votes": 44.0, "runner_up_share": 16.85823754789272, "contest_votes": 261.0, "margin_of_victory": 40.229885057471272, "is_tie": false, "results": [ { "candidate": "Richard N. Ojeda II", "votes": 149, "share": 57.08812260536399 }, { "candidate": "Loren Bibler", "votes": 44, "share": 16.85823754789272 }, { "candidate": "Nigel W. Bristow", "votes": 39, "share": 14.942528735632186 }, { "candidate": "Lent C. Carr II", "votes": 29, "share": 11.11111111111111 } ], "participated": true, "map_key": "ALAMANCE_03N" }, "geometry": { "type": "Polygon", "coordinates": [ [ [ -79.516973991070714, 36.082625999606684 ], [ -79.517756991078997, 36.086223999779222 ], [ -79.522719991050948, 36.088281000087058 ], [ -79.524535991028145, 36.09050099982985 ], [ -79.526116991619162, 36.088247999992376 ], [ -79.525937991396901, 36.085657999685203 ], [ -79.526587991138271, 36.085628000155559 ], [ -79.525893991688932, 36.090279999910891 ], [ -79.531080990746133, 36.085402999604092 ], [ -79.534268990950096, 36.087927000297562 ], [ -79.534714991087426, 36.087582000166996 ], [ -79.535147990987866, 36.087925999839555 ], [ -79.531910990754099, 36.090619000243464 ], [ -79.527341991200402, 36.093296999966014 ], [ -79.524637991476141, 36.090647999801604 ], [ -79.523749991432524, 36.091517999653242 ], [ -79.520330991184863, 36.097068000122491 ], [ -79.522495991185963, 36.103208000409197 ], [ -79.521520990755832, 36.103081000021767 ], [ -79.513755991233182, 36.101952999700849 ], [ -79.51026499155418, 36.102775999697606 ], [ -79.498911991521908, 36.103140000110031 ], [ -79.490997990950007, 36.105640999927566 ], [ -79.490035991441559, 36.10365900028107 ], [ -79.492080990706427, 36.103342999778718 ], [ -79.492541991052363, 36.104229000075641 ], [ -79.493442990597885, 36.104029999909578 ], [ -79.492721991610509, 36.098333000480388 ], [ -79.494736991328395, 36.098472999613797 ], [ -79.495359991036793, 36.091892000038172 ], [ -79.494145990976449, 36.090129000010869 ], [ -79.496439991602088, 36.0891369996706 ], [ -79.496349990768863, 36.088030999754146 ], [ -79.502081990901317, 36.088809000462604 ], [ -79.505435991231181, 36.086733999724714 ], [ -79.505589991077414, 36.083641000102219 ], [ -79.507172991641497, 36.083759000425935 ], [ -79.508697991594786, 36.082792999688692 ], [ -79.508899991689233, 36.086395000342804 ], [ -79.512025990705553, 36.086448999705283 ], [ -79.512090990940308, 36.084528000061816 ], [ -79.513631991103097, 36.082359999902273 ], [ -79.516973991070714, 36.082625999606684 ] ] ] } },
{ "type": "Feature", "properties": { "county": "ALAMANCE", "precinct": "03W", "enr_desc": "West Boone", "winner": "Richard N. Ojeda II", "winner_votes": 174.0, "winner_share": 56.493506493506494, "runner_up": "Nigel W. Bristow", "runner_up_votes": 59.0, "runner_up_share": 19.155844155844157, "contest_votes": 308.0, "margin_of_victory": 37.337662337662337, "is_tie": false, "results": [ { "candidate": "Richard N. Ojeda II", "votes": 174, "share": 56.493506493506494 }, { "candidate": "Nigel W. Bristow", "votes": 59, "share": 19.155844155844157 }, { "candidate": "Loren Bibler", "votes": 38, "share": 12.337662337662337 }, { "candidate": "Lent C. Carr II", "votes": 37, "share": 12.012987012987013 } ], "participated": true, "map_key": "ALAMANCE_03W" }, "geometry": { "type": "Polygon", "coordinates": [ [ [ -79.537549991068147, 36.126119000321012 ], [ -79.53723399100852, 36.135858999686704 ], [ -79.532515991479684, 36.136142000423199 ], [ -79.527861991211651, 36.132886999867189 ], [ -79.527775991235359, 36.125925999778694 ], [ -79.525742991642318, 36.118878999673861 ], [ -79.532754990711013, 36.110573000146907 ], [ -79.530957990705005, 36.110847000210157 ], [ -79.531234991096397, 36.107910999713603 ], [ -79.527916991185776, 36.107831999623336 ], [ -79.52805599146329, 36.106570999766895 ], [ -79.524096991449554, 36.106448999960591 ], [ -79.524079991627644, 36.104673000408646 ], [ -79.522774990868783, 36.105463999882993 ], [ -79.522861991240148, 36.10797600021283 ], [ -79.521659990899181, 36.108002000037807 ], [ -79.521520990755832, 36.103081000021767 ], [ -79.522495991185963, 36.103208000409197 ], [ -79.520330991184863, 36.097068000122491 ], [ -79.523749991432524, 36.091517999653242 ], [ -79.524637991476141, 36.090647999801604 ], [ -79.527341991200402, 36.093296999966014 ], [ -79.531910990754099, 36.090619000243464 ], [ -79.535147990987866, 36.087925999839555 ], [ -79.534714991087426, 36.087582000166996 ], [ -79.527301991695481, 36.081638000320837 ], [ -79.52399899141399, 36.081445000126713 ], [ -79.524069990808698, 36.080444000354234 ], [ -79.539162990731754, 36.081152000245382 ], [ -79.537549991068147, 36.126119000321012 ] ] ] } },
{ "type": "Feature", "properties": { "county": "HOKE", "precinct": "4", "enr_desc": "Buchan", "winner": "Richard N. Ojeda II", "winner_votes": 37.0, "winner_share": 42.528735632183903, "runner_up": "Lent C. Carr II", "runner_up_votes": 19.0, "runner_up_share": 21.839080459770116, "contest_votes": 87.0, "margin_of_victory": 20.689655172413786, "is_tie": false, "results": [ { "candidate": "Richard N. Ojeda II", "votes": 37, "share": 42.5287356321839 }, { "candidate": "Lent C. Carr II", "votes": 19, "share": 21.839080459770116 }, { "candidate": "Loren Bibler", "votes": 16, "share": 18.39080459770115 }, { "candidate": "Nigel W. Bristow", "votes": 15, "share": 17.24137931034483 } ], "participated": true, "map_key": "HOKE_4" }, "geometry": { "type": "Polygon", "coordinates": [ [ [ -79.458750990775982, 35.04363899991197 ], [ -79.429930991444778, 35.072342000253535 ], [ -79.398002991622462, 35.101560000069959 ], [ -79.38985099089652, 35.074096000322861 ], [ -79.388941991290295, 35.067684999988337 ], [ -79.389711991755902, 35.063957999973027 ], [ -79.386160991299391, 35.053495000144281 ], [ -79.383201990835786, 35.047857000220993 ], [ -79.375236991595671, 35.038308999833859 ], [ -79.369961991270586, 35.028285000055028 ], [ -79.360813991040175, 35.016722000061968 ], [ -79.35856199073821, 35.009328000377955 ], [ -79.35842199109932, 35.00216100035022 ], [ -79.370474991555838, 34.983612000144731 ], [ -79.371350991399893, 34.977761000095676 ], [ -79.375861991189609, 34.975875000083867 ], [ -79.377833990723261, 34.973996000242145 ], [ -79.378153991614198, 34.975371999653696 ], [ -79.378957991376183, 34.975282999816855 ], [ -79.378536990896706, 34.975783999802623 ], [ -79.381903991128794, 34.976502999833038 ], [ -79.382844991755718, 34.97829699967042 ], [ -79.38627999141373, 34.979926000143713 ], [ -79.386345991397121, 34.98146299968986 ], [ -79.387848991240048, 34.981967000311961 ], [ -79.388317991030021, 34.981416000295944 ], [ -79.388729991267894, 34.982998000160777 ], [ -79.390594991271215, 34.983839999725177 ], [ -79.391117991234779, 34.985526 ], [ -79.390186990829321, 34.9859339996082 ], [ -79.393226991092931, 34.98913400011088 ], [ -79.394130991441585, 34.988800999731964 ], [ -79.394105991519325, 34.989624999761034 ], [ -79.396609991582096, 34.991814999931243 ], [ -79.39602499071664, 34.992703999928679 ], [ -79.396980991403026, 34.99273999971922 ], [ -79.396505991359959, 34.994115000445163 ], [ -79.39836099148458, 34.993958999678448 ], [ -79.398495991203831, 34.995224999830022 ], [ -79.400636991126035, 34.996096999859603 ], [ -79.401162991250914, 34.997406999799658 ], [ -79.404062990873641, 34.997899999830366 ], [ -79.405901991725315, 34.999572000453007 ], [ -79.407615991185935, 34.9992430003363 ], [ -79.410097990764072, 35.00199099959508 ], [ -79.411396990737515, 35.001259999896376 ], [ -79.4115609916811, 35.002142000062413 ], [ -79.413366991739721, 35.002168999784239 ], [ -79.415062991799218, 35.003574000244875 ], [ -79.415979991567838, 35.002918000131636 ], [ -79.415630991105431, 35.003954000169593 ], [ -79.417857991245796, 35.004797999788508 ], [ -79.41795899138468, 35.005805000074822 ], [ -79.420094990993746, 35.006395999890515 ], [ -79.419401991223779, 35.006743999830093 ], [ -79.420204991741514, 35.007242999849474 ], [ -79.419596991494018, 35.007724000154617 ], [ -79.420845991446711, 35.007858999796056 ], [ -79.421109990798527, 35.009043000126042 ], [ -79.423074990717822, 35.010297000180323 ], [ -79.424916990923094, 35.010353000046294 ], [ -79.424785991433239, 35.011164999782551 ], [ -79.425927991106477, 35.011852000160495 ], [ -79.425455991760543, 35.012552999878253 ], [ -79.429251991245366, 35.015588000349396 ], [ -79.428500991554117, 35.016408999718301 ], [ -79.430372991798279, 35.017199000001433 ], [ -79.431329991753785, 35.020131000220296 ], [ -79.43342699089358, 35.021013000236643 ], [ -79.434899991710452, 35.020533000364935 ], [ -79.436696991012909, 35.02213499960105 ], [ -79.437681991012525, 35.021354999919197 ], [ -79.439294991726427, 35.022647999798586 ], [ -79.441965991771198, 35.022276000230171 ], [ -79.442950991743885, 35.024055999905499 ], [ -79.44555999108799, 35.024716999630769 ], [ -79.445808991085784, 35.026038000443911 ], [ -79.449345991135317, 35.02685699981658 ], [ -79.450051991094114, 35.030201000017748 ], [ -79.452055991050116, 35.030437999620752 ], [ -79.452814991295099, 35.033785000123196 ], [ -79.453919991110965, 35.033544000037793 ], [ -79.453937991033328, 35.034689000199101 ], [ -79.454710991666218, 35.034479000459378 ], [ -79.456082991555306, 35.037302999726805 ], [ -79.457338991176712, 35.037668000146972 ], [ -79.456222991095274, 35.039500000334428 ], [ -79.457578990820693, 35.040099999941688 ], [ -79.45819699128559, 35.041623999620988 ], [ -79.45696599160695, 35.041640999703276 ], [ -79.458750990775982, 35.04363899991197 ] ] ] } },
{ "type": "Feature", "properties": { "county": "ALAMANCE", "precinct": "4", "enr_desc": "Morton", "winner": "Richard N. Ojeda II", "winner_votes": 84.0, "winner_share": 44.919786096256686, "runner_up": "Loren Bibler", "runner_up_votes": 38.0, "runner_up_share": 20.320855614973262, "contest_votes": 187.0, "margin_of_victory": 24.598930481283425, "is_tie": false, "results": [ { "candidate": "Richard N. Ojeda II", "votes": 84, "share": 44.919786096256686 }, { "candidate": "Loren Bibler", "votes": 38, "share": 20.32085561497326 }, { "candidate": "Lent C. Carr II", "votes": 33, "share": 17.647058823529413 }, { "candidate": "Nigel W. Bristow", "votes": 32, "share": 17.11229946524064 } ], "participated": true, "map_key": "ALAMANCE_4" }, "geometry": { "type": "Polygon", "coordinates": [ [ [ -79.536716991298647, 36.151778000032571 ], [ -79.535103991243588, 36.182412000397491 ], [ -79.532409991475944, 36.241463000241232 ], [ -79.531864991425365, 36.249672999619932 ], [ -79.442679991451854, 36.24764699962428 ], [ -79.441142991440984, 36.223699999979686 ], [ -79.440054990761624, 36.156910999808844 ], [ -79.440404991303879, 36.135721000258854 ], [ -79.441749991363736, 36.135302000439872 ], [ -79.447294991498893, 36.136748999967196 ], [ -79.452615990604443, 36.134906999708136 ], [ -79.453720991443063, 36.135267999953498 ], [ -79.454384990661254, 36.137189999921581 ], [ -79.45715799142917, 36.137495999816061 ], [ -79.458879990937945, 36.136503000120697 ], [ -79.459213990899471, 36.13396100005496 ], [ -79.460097990967256, 36.13292600021564 ], [ -79.462592991273141, 36.132556999853215 ], [ -79.465003991670855, 36.133346999746934 ], [ -79.469093991171675, 36.135774999886422 ], [ -79.472302991533908, 36.135718999746757 ], [ -79.479450991153982, 36.138646999974966 ], [ -79.484094991339802, 36.142515000466773 ], [ -79.492333990596705, 36.14420799994037 ], [ -79.494217990834244, 36.147251999723586 ], [ -79.490390991470704, 36.15009399981988 ], [ -79.489159991010666, 36.152981000182074 ], [ -79.492672990711611, 36.153864000294533 ], [ -79.50030699063214, 36.154072000482046 ], [ -79.512900990672804, 36.166650999799273 ], [ -79.514308991665814, 36.163456999652851 ], [ -79.512036991316748, 36.156763000380366 ], [ -79.511821990785037, 36.148663000443925 ], [ -79.515639990610197, 36.150716000295347 ], [ -79.519613991152795, 36.154531000156162 ], [ -79.529725990842635, 36.155930999776537 ], [ -79.532759990736807, 36.155474000343204 ], [ -79.536716991298647, 36.151778000032571 ] ] ] } },
{ "type": "Feature", "properties": { "county": null, "precinct": null, "enr_desc": "G18", "winner": null, "winner_votes": null, "winner_share": null, "runner_up": null, "runner_up_votes": null, "runner_up_share": null, "contest_votes": null, "margin_of_victory": null, "is_tie": false, "results": null, "participated": false, "map_key": null }, "geometry": { "type": "Polygon", "coordinates": [ [ [ -79.811148990892832, 36.088125999751597 ], [ -79.817695991368325, 36.097273999960358 ], [ -79.811956990632936, 36.098357000358838 ], [ -79.800945991425351, 36.102673000385124 ], [ -79.801168991307335, 36.099543999639231 ], [ -79.798848990936747, 36.099506999956489 ], [ -79.798961990624321, 36.097091999966032 ], [ -79.801409991129177, 36.097162000110814 ], [ -79.801678991569119, 36.093569999904098 ], [ -79.797851991284205, 36.09310100026461 ], [ -79.796768990935419, 36.091068000095206 ], [ -79.795157991312792, 36.090078000135193 ], [ -79.795821991356263, 36.088390999669791 ], [ -79.804589990663715, 36.088908000277897 ], [ -79.811148990892832, 36.088125999751597 ] ] ] } },
{ "type": "Feature", "properties": { "county": "HOKE", "precinct": "5", "enr_desc": "Mccain", "winner": "Richard N. Ojeda II", "winner_votes": 61.0, "winner_share": 37.423312883435585, "runner_up": "Lent C. Carr II", "runner_up_votes": 42.0, "runner_up_share": 25.766871165644172, "contest_votes": 163.0, "margin_of_victory": 11.656441717791413, "is_tie": false, "results": [ { "candidate": "Richard N. Ojeda II", "votes": 61, "share": 37.423312883435585 }, { "candidate": "Lent C. Carr II", "votes": 42, "share": 25.766871165644172 }, { "candidate": "Nigel W. Bristow", "votes": 34, "share": 20.858895705521473 }, { "candidate": "Loren Bibler", "votes": 26, "share": 15.950920245398773 } ], "participated": true, "map_key": "HOKE_5" }, "geometry": { "type": "Polygon", "coordinates": [ [ [ -79.371350991399893, 34.977761000095676 ], [ -79.370474991555838, 34.983612000144731 ], [ -79.35842199109932, 35.00216100035022 ], [ -79.35856199073821, 35.009328000377955 ], [ -79.360813991040175, 35.016722000061968 ], [ -79.369961991270586, 35.028285000055028 ], [ -79.375236991595671, 35.038308999833859 ], [ -79.383201990835786, 35.047857000220993 ], [ -79.386160991299391, 35.053495000144281 ], [ -79.389711991755902, 35.063957999973027 ], [ -79.388941991290295, 35.067684999988337 ], [ -79.38985099089652, 35.074096000322861 ], [ -79.398002991622462, 35.101560000069959 ], [ -79.385611991175338, 35.113172999993509 ], [ -79.344407991080374, 35.152668999845055 ], [ -79.335436990825769, 35.161580999653076 ], [ -79.332087990952161, 35.161322999638422 ], [ -79.330729991423595, 35.16219699980698 ], [ -79.328534991601742, 35.161521000030184 ], [ -79.328320991037515, 35.162511000467084 ], [ -79.329819991093117, 35.163191999845289 ], [ -79.32932499120426, 35.16446699963543 ], [ -79.327330991313744, 35.164729999984523 ], [ -79.323997991243459, 35.166868999753525 ], [ -79.320564991459761, 35.167732000320875 ], [ -79.318931990825917, 35.167335999677007 ], [ -79.316114990940846, 35.168550999994331 ], [ -79.314019991707724, 35.167864000436516 ], [ -79.312299991230063, 35.168485000284768 ], [ -79.310539990950645, 35.172963999615369 ], [ -79.308083990854314, 35.173655999874491 ], [ -79.306871991526222, 35.175320999848644 ], [ -79.304622990920336, 35.175204999799099 ], [ -79.304314991368614, 35.177117999779469 ], [ -79.302467991179171, 35.178514000310891 ], [ -79.301389991744898, 35.178299000454921 ], [ -79.30155099129, 35.179118000252181 ], [ -79.298575990716344, 35.182118000355395 ], [ -79.294474991486567, 35.184754999791004 ], [ -79.292786991260982, 35.188371000010221 ], [ -79.291119991611666, 35.187589999917719 ], [ -79.290289990888738, 35.188381000187249 ], [ -79.288415991334432, 35.188352999858665 ], [ -79.286305990814071, 35.190600999611348 ], [ -79.284355990930223, 35.190223999960622 ], [ -79.28504699088154, 35.19289300041396 ], [ -79.282220991186747, 35.193877999705805 ], [ -79.281484990791924, 35.195226000311038 ], [ -79.280466991605593, 35.19448900037397 ], [ -79.277078991450608, 35.195511000197932 ], [ -79.275230990969931, 35.197889999617246 ], [ -79.271058991770104, 35.199371999900968 ], [ -79.26455899128112, 35.199183000032789 ], [ -79.26137099085075, 35.201434000366454 ], [ -79.261308991317136, 35.202907000020552 ], [ -79.259533990834697, 35.204494000270095 ], [ -79.256957991056623, 35.202904999959912 ], [ -79.255658991485845, 35.202926000413491 ], [ -79.249611991663627, 35.207436000438463 ], [ -79.249326991430266, 35.209078999692245 ], [ -79.247148990743227, 35.211308000014384 ], [ -79.246659991691274, 35.213100000396153 ], [ -79.242749991536172, 35.213735000261558 ], [ -79.240741990823039, 35.211968999602121 ], [ -79.242108991537577, 35.209245000052107 ], [ -79.24016899154762, 35.208395999961986 ], [ -79.240124991402951, 35.207056000251981 ], [ -79.239109991419454, 35.206561000111847 ], [ -79.235039990772535, 35.20796500007463 ], [ -79.235487991225725, 35.206573000436073 ], [ -79.234802991512723, 35.205570999835324 ], [ -79.238754991741956, 35.198321000409322 ], [ -79.242862990910666, 35.187172999590956 ], [ -79.240700991691597, 35.183692999634211 ], [ -79.240538990784032, 35.173401999730714 ], [ -79.236482991425305, 35.166795000351449 ], [ -79.235139991707698, 35.161316999573231 ], [ -79.23626599172097, 35.146958000059058 ], [ -79.234184991204771, 35.140102999982403 ], [ -79.229681991202327, 35.133319999880101 ], [ -79.228676991777149, 35.133097000441111 ], [ -79.229157991222351, 35.13253399994182 ], [ -79.225167990885595, 35.12639500011894 ], [ -79.224223991766294, 35.115369000443465 ], [ -79.227544990784594, 35.104846999743202 ], [ -79.233238990889234, 35.080371000041609 ], [ -79.230834991141094, 35.066015999861349 ], [ -79.233049991329452, 35.041304000092673 ], [ -79.266003991721504, 35.042940000203309 ], [ -79.263239991458306, 35.039875000355572 ], [ -79.261195991333366, 35.03927500036292 ], [ -79.260335991257577, 35.036598999915896 ], [ -79.258612991518859, 35.035723999573044 ], [ -79.257551991051685, 35.033371999836689 ], [ -79.257575990872439, 35.027316000115242 ], [ -79.254546991240417, 35.022192999789077 ], [ -79.259912991265551, 35.02011300026583 ], [ -79.263165991209803, 35.02030099999935 ], [ -79.267856991508069, 35.017779999674154 ], [ -79.271209991044245, 35.018331000334705 ], [ -79.27538399154227, 35.020459000332991 ], [ -79.279197991803485, 35.020102999591217 ], [ -79.286641991473331, 35.015373000078057 ], [ -79.293007991602494, 35.013873999849991 ], [ -79.29702899140004, 35.01386799978637 ], [ -79.298217990994701, 35.014605000378864 ], [ -79.308801990862932, 35.008840000158521 ], [ -79.30637999121906, 35.007083999597377 ], [ -79.324986991243037, 34.979348000273873 ], [ -79.3277039908386, 34.971955999860256 ], [ -79.335035991713795, 34.968746999836306 ], [ -79.343061991222712, 34.969214999942366 ], [ -79.357016991172529, 34.974259000270841 ], [ -79.361839990773134, 34.977118000085795 ], [ -79.371350991399893, 34.977761000095676 ] ] ] } },
{ "type": "Feature", "properties": { "county": "ALAMANCE", "precinct": "5", "enr_desc": "Faucette", "winner": "Richard N. Ojeda II", "winner_votes": 61.0, "winner_share": 56.481481481481474, "runner_up": "Loren Bibler", "runner_up_votes": 19.0, "runner_up_share": 17.592592592592592, "contest_votes": 108.0, "margin_of_victory": 38.888888888888886, "is_tie": false, "results": [ { "candidate": "Richard N. Ojeda II", "votes": 61, "share": 56.481481481481474 }, { "candidate": "Loren Bibler", "votes": 19, "share": 17.59259259259259 }, { "candidate": "Nigel W. Bristow", "votes": 15, "share": 13.88888888888889 }, { "candidate": "Lent C. Carr II", "votes": 13, "share": 12.037037037037036 } ], "participated": true, "map_key": "ALAMANCE_5" }, "geometry": { "type": "Polygon", "coordinates": [ [ [ -79.385748991492804, 36.105485000030818 ], [ -79.390242990876999, 36.109012999779843 ], [ -79.393630991207019, 36.109900999927063 ], [ -79.396556990888129, 36.112411000105567 ], [ -79.397377991496654, 36.114782999724405 ], [ -79.402170990837547, 36.119830999655122 ], [ -79.408624991256971, 36.124592999923301 ], [ -79.414415991031163, 36.130062999857138 ], [ -79.421403991583233, 36.132544000380932 ], [ -79.42477599100458, 36.135414999887779 ], [ -79.429139990590485, 36.137534999837889 ], [ -79.433682990900934, 36.141751999964903 ], [ -79.435314990948072, 36.141190000046187 ], [ -79.43673299164314, 36.138059000408674 ], [ -79.440404991303879, 36.135721000258854 ], [ -79.440054990761624, 36.156910999808844 ], [ -79.441142991440984, 36.223699999979686 ], [ -79.442679991451854, 36.24764699962428 ], [ -79.365366990660249, 36.245886999589381 ], [ -79.367072990721638, 36.137327999993204 ], [ -79.367323991385462, 36.120266999683103 ], [ -79.369972991200569, 36.120567000356282 ], [ -79.369702991377963, 36.119706000386245 ], [ -79.370910990657791, 36.11997900046709 ], [ -79.372004991106451, 36.118445000263861 ], [ -79.3717429911149, 36.117301999600201 ], [ -79.372956990981365, 36.116534000278946 ], [ -79.374787991217445, 36.11720499988099 ], [ -79.375111990669808, 36.115368999629368 ], [ -79.376677991199344, 36.11357500002007 ], [ -79.375567990833261, 36.110277000355708 ], [ -79.377086990774217, 36.110274000412005 ], [ -79.376878991671774, 36.108998999840658 ], [ -79.378807991660238, 36.108111999689704 ], [ -79.379909991536678, 36.109418000237319 ], [ -79.385748991492804, 36.105485000030818 ] ] ] } },
{ "type": "Feature", "properties": { "county": null, "precinct": null, "enr_desc": "G19", "winner": null, "winner_votes": null, "winner_share": null, "runner_up": null, "runner_up_votes": null, "runner_up_share": null, "contest_votes": null, "margin_of_victory": null, "is_tie": false, "results": null, "participated": false, "map_key": null }, "geometry": { "type": "Polygon", "coordinates": [ [ [ -79.800945991425351, 36.102673000385124 ], [ -79.799210991393153, 36.103242000352708 ], [ -79.781148990800347, 36.102065000312074 ], [ -79.779825991341184, 36.101986000428283 ], [ -79.78084299168566, 36.097740999882497 ], [ -79.781365990675113, 36.093944999819755 ], [ -79.783584990818383, 36.087754999872658 ], [ -79.795821991356263, 36.088390999669791 ], [ -79.795157991312792, 36.090078000135193 ], [ -79.796768990935419, 36.091068000095206 ], [ -79.797851991284205, 36.09310100026461 ], [ -79.801678991569119, 36.093569999904098 ], [ -79.801409991129177, 36.097162000110814 ], [ -79.798961990624321, 36.097091999966032 ], [ -79.798848990936747, 36.099506999956489 ], [ -79.801168991307335, 36.099543999639231 ], [ -79.800945991425351, 36.102673000385124 ] ] ] } },
{ "type": "Feature", "properties": { "county": null, "precinct": null, "enr_desc": "G20", "winner": null, "winner_votes": null, "winner_share": null, "runner_up": null, "runner_up_votes": null, "runner_up_share": null, "contest_votes": null, "margin_of_victory": null, "is_tie": false, "results": null, "participated": false, "map_key": null }, "geometry": { "type": "Polygon", "coordinates": [ [ [ -79.817695991368325, 36.097273999960358 ], [ -79.819395991051096, 36.099885000484036 ], [ -79.827079991511127, 36.108617999954348 ], [ -79.815084991226868, 36.109897000067356 ], [ -79.811328991416318, 36.109697000151996 ], [ -79.804936991542377, 36.106704000412037 ], [ -79.800840991183847, 36.106030000317872 ], [ -79.789202991623441, 36.110285000360719 ], [ -79.780976990652945, 36.111529000246719 ], [ -79.781148990800347, 36.102065000312074 ], [ -79.799210991393153, 36.103242000352708 ], [ -79.800945991425351, 36.102673000385124 ], [ -79.811956990632936, 36.098357000358838 ], [ -79.817695991368325, 36.097273999960358 ] ] ] } },
{ "type": "Feature", "properties": { "county": null, "precinct": null, "enr_desc": "G23", "winner": null, "winner_votes": null, "winner_share": null, "runner_up": null, "runner_up_votes": null, "runner_up_share": null, "contest_votes": null, "margin_of_victory": null, "is_tie": false, "results": null, "participated": false, "map_key": null }, "geometry": { "type": "Polygon", "coordinates": [ [ [ -79.815084991226868, 36.109897000067356 ], [ -79.827079991511127, 36.108617999954348 ], [ -79.836490990730738, 36.116246999676306 ], [ -79.829589990653787, 36.117069000479653 ], [ -79.821871991072243, 36.119684000305135 ], [ -79.821325991233394, 36.118838000115467 ], [ -79.817295990901897, 36.118928000245177 ], [ -79.817085991225113, 36.116288000472075 ], [ -79.818221990799643, 36.115983000049908 ], [ -79.817614990987806, 36.112728000415046 ], [ -79.816380990783586, 36.112891000235578 ], [ -79.815274991525243, 36.111919999695232 ], [ -79.815084991226868, 36.109897000067356 ] ] ] } },
{ "type": "Feature", "properties": { "county": null, "precinct": null, "enr_desc": "G24", "winner": null, "winner_votes": null, "winner_share": null, "runner_up": null, "runner_up_votes": null, "runner_up_share": null, "contest_votes": null, "margin_of_victory": null, "is_tie": false, "results": null, "participated": false, "map_key": null }, "geometry": { "type": "Polygon", "coordinates": [ [ [ -79.821871991072243, 36.119684000305135 ], [ -79.829589990653787, 36.117069000479653 ], [ -79.831729990712645, 36.125388999632818 ], [ -79.8298519909182, 36.127823000404092 ], [ -79.814092991657191, 36.127349999649326 ], [ -79.81300099118053, 36.124509999709332 ], [ -79.815071990666766, 36.123575000095137 ], [ -79.817082991193402, 36.120526000147855 ], [ -79.821871991072243, 36.119684000305135 ] ] ] } },
{ "type": "Feature", "properties": { "county": "ALAMANCE", "precinct": "63", "enr_desc": "Graham 3", "winner": "Richard N. Ojeda II", "winner_votes": 111.0, "winner_share": 40.36363636363636, "runner_up": "Nigel W. Bristow", "runner_up_votes": 73.0, "runner_up_share": 26.545454545454543, "contest_votes": 275.0, "margin_of_victory": 13.818181818181817, "is_tie": false, "results": [ { "candidate": "Richard N. Ojeda II", "votes": 111, "share": 40.36363636363636 }, { "candidate": "Nigel W. Bristow", "votes": 73, "share": 26.545454545454543 }, { "candidate": "Lent C. Carr II", "votes": 46, "share": 16.727272727272727 }, { "candidate": "Loren Bibler", "votes": 45, "share": 16.363636363636363 } ], "participated": true, "map_key": "ALAMANCE_63" }, "geometry": { "type": "Polygon", "coordinates": [ [ [ -79.386797991157522, 36.088644999776733 ], [ -79.393169990878945, 36.088701999645913 ], [ -79.393060990824395, 36.086929000424448 ], [ -79.395668991585651, 36.087487000184083 ], [ -79.395753991550848, 36.085211000159511 ], [ -79.39969099167476, 36.084692000079109 ], [ -79.405648991003162, 36.085610999652381 ], [ -79.406210991056, 36.083035999805368 ], [ -79.408756991536492, 36.083503000197602 ], [ -79.406184991164153, 36.089507000194551 ], [ -79.406021991371716, 36.095305000193754 ], [ -79.405822991566637, 36.10248799995027 ], [ -79.404653991356938, 36.105998000040074 ], [ -79.402072990735761, 36.109069999629163 ], [ -79.403733990628595, 36.114349999737371 ], [ -79.405831990775567, 36.117186999709332 ], [ -79.409123990998921, 36.119303000220171 ], [ -79.408964991221822, 36.124389000062621 ], [ -79.408624991256971, 36.124592999923301 ], [ -79.402170990837547, 36.119830999655122 ], [ -79.397377991496654, 36.114782999724405 ], [ -79.396556990888129, 36.112411000105567 ], [ -79.393630991207019, 36.109900999927063 ], [ -79.390242990876999, 36.109012999779843 ], [ -79.385748991492804, 36.105485000030818 ], [ -79.379477991170262, 36.100230000143853 ], [ -79.371968990695876, 36.095783999593287 ], [ -79.373793991377894, 36.095193999774317 ], [ -79.37399899094639, 36.09592000026668 ], [ -79.37531199066936, 36.095632000470196 ], [ -79.374951991404302, 36.094407999608514 ], [ -79.376922990735835, 36.093765000287242 ], [ -79.376907991335855, 36.092751999643035 ], [ -79.380530991221832, 36.092762000358213 ], [ -79.380615991420356, 36.094304999919807 ], [ -79.383584991570913, 36.093826999660436 ], [ -79.384972991486123, 36.092804000379033 ], [ -79.38524599120629, 36.090867000243449 ], [ -79.386891991143898, 36.091214000359301 ], [ -79.386797991157522, 36.088644999776733 ] ] ] } },
{ "type": "Feature", "properties": { "county": "ALAMANCE", "precinct": "64", "enr_desc": "Graham 4", "winner": "Richard N. Ojeda II", "winner_votes": 270.0, "winner_share": 52.325581395348841, "runner_up": "Nigel W. Bristow", "runner_up_votes": 108.0, "runner_up_share": 20.930232558139537, "contest_votes": 516.0, "margin_of_victory": 31.395348837209305, "is_tie": false, "results": [ { "candidate": "Richard N. Ojeda II", "votes": 270, "share": 52.32558139534884 }, { "candidate": "Nigel W. Bristow", "votes": 108, "share": 20.930232558139537 }, { "candidate": "Loren Bibler", "votes": 71, "share": 13.75968992248062 }, { "candidate": "Lent C. Carr II", "votes": 67, "share": 12.984496124031008 } ], "participated": true, "map_key": "ALAMANCE_64" }, "geometry": { "type": "Polygon", "coordinates": [ [ [ -79.39452999119861, 36.024110999973828 ], [ -79.395805991423586, 36.025198999607056 ], [ -79.396858990759867, 36.024728000197911 ], [ -79.396027991232941, 36.019685000315562 ], [ -79.397336990673381, 36.018244999850076 ], [ -79.398961990905988, 36.018414999844332 ], [ -79.399843990991954, 36.022564000441655 ], [ -79.40296499070223, 36.020528999651525 ], [ -79.408384991015083, 36.019727000186897 ], [ -79.411096991473542, 36.017645000421936 ], [ -79.414697991240885, 36.016344000269761 ], [ -79.421103990626719, 36.016498000146157 ], [ -79.423937990904179, 36.017489999911511 ], [ -79.426430991649411, 36.021504999850059 ], [ -79.434039991653876, 36.0259649997327 ], [ -79.436177991564051, 36.025964000081281 ], [ -79.440701991221076, 36.028255000431876 ], [ -79.438387991010103, 36.032007000471481 ], [ -79.433663991461302, 36.059929000131298 ], [ -79.431114991170688, 36.063946000378159 ], [ -79.415177991111491, 36.062706999848622 ], [ -79.400185990660773, 36.059940000116406 ], [ -79.399352991026561, 36.051968000304029 ], [ -79.398275991592598, 36.049570000246568 ], [ -79.396089990681148, 36.047404999679785 ], [ -79.395554990706458, 36.043383000246735 ], [ -79.393487991642729, 36.040281000160078 ], [ -79.392606990886421, 36.036844000379652 ], [ -79.393011991507819, 36.034219999976187 ], [ -79.392330991635092, 36.031986000388919 ], [ -79.39452999119861, 36.024110999973828 ] ] ] } },
{ "type": "Feature", "properties": { "county": null, "precinct": null, "enr_desc": "G25", "winner": null, "winner_votes": null, "winner_share": null, "runner_up": null, "runner_up_votes": null, "runner_up_share": null, "contest_votes": null, "margin_of_victory": null, "is_tie": false, "results": null, "participated": false, "map_key": null }, "geometry": { "type": "Polygon", "coordinates": [ [ [ -79.815302991577582, 36.132360999938832 ], [ -79.814092991657191, 36.127349999649326 ], [ -79.8298519909182, 36.127823000404092 ], [ -79.831729990712645, 36.125388999632818 ], [ -79.832789991629596, 36.138083999761193 ], [ -79.830470991300601, 36.139472999677295 ], [ -79.828615991067096, 36.139592000398864 ], [ -79.821046990751384, 36.135994999737918 ], [ -79.817129991166794, 36.139666000012461 ], [ -79.815812991343051, 36.134796000242524 ], [ -79.816046991273765, 36.132763999957717 ], [ -79.815302991577582, 36.132360999938832 ] ] ] } },
{ "type": "Feature", "properties": { "county": "ALAMANCE", "precinct": "06N", "enr_desc": "North Graham", "winner": "Richard N. Ojeda II", "winner_votes": 93.0, "winner_share": 46.039603960396043, "runner_up": "Nigel W. Bristow", "runner_up_votes": 52.0, "runner_up_share": 25.742574257425744, "contest_votes": 202.0, "margin_of_victory": 20.297029702970299, "is_tie": false, "results": [ { "candidate": "Richard N. Ojeda II", "votes": 93, "share": 46.03960396039604 }, { "candidate": "Nigel W. Bristow", "votes": 52, "share": 25.742574257425744 }, { "candidate": "Loren Bibler", "votes": 30, "share": 14.85148514851485 }, { "candidate": "Lent C. Carr II", "votes": 27, "share": 13.366336633663368 } ], "participated": true, "map_key": "ALAMANCE_06N" }, "geometry": { "type": "Polygon", "coordinates": [ [ [ -79.413040990874975, 36.073641000003796 ], [ -79.413506990862089, 36.084241999781 ], [ -79.408578991402678, 36.082617000349472 ], [ -79.408756991536492, 36.083503000197602 ], [ -79.406210991056, 36.083035999805368 ], [ -79.405648991003162, 36.085610999652381 ], [ -79.39969099167476, 36.084692000079109 ], [ -79.395753991550848, 36.085211000159511 ], [ -79.395668991585651, 36.087487000184083 ], [ -79.393060990824395, 36.086929000424448 ], [ -79.393169990878945, 36.088701999645913 ], [ -79.386797991157522, 36.088644999776733 ], [ -79.384597991522611, 36.088450000009658 ], [ -79.384024990648825, 36.087363999931704 ], [ -79.381441990650558, 36.086228999739703 ], [ -79.380329990917716, 36.086927999971905 ], [ -79.378628991186105, 36.084814999962781 ], [ -79.385664990875782, 36.082603000073874 ], [ -79.385208990848938, 36.078477000390642 ], [ -79.395548990785599, 36.069285000098937 ], [ -79.40781899141966, 36.069483999799509 ], [ -79.413040990874975, 36.073641000003796 ] ] ] } },
{ "type": "Feature", "properties": { "county": "ALAMANCE", "precinct": "06S", "enr_desc": "South Graham", "winner": "Richard N. Ojeda II", "winner_votes": 134.0, "winner_share": 42.405063291139236, "runner_up": "Nigel W. Bristow", "runner_up_votes": 66.0, "runner_up_share": 20.88607594936709, "contest_votes": 316.0, "margin_of_victory": 21.518987341772146, "is_tie": false, "results": [ { "candidate": "Richard N. Ojeda II", "votes": 134, "share": 42.405063291139236 }, { "candidate": "Nigel W. Bristow", "votes": 66, "share": 20.88607594936709 }, { "candidate": "Loren Bibler", "votes": 64, "share": 20.253164556962027 }, { "candidate": "Lent C. Carr II", "votes": 52, "share": 16.455696202531644 } ], "participated": true, "map_key": "ALAMANCE_06S" }, "geometry": { "type": "Polygon", "coordinates": [ [ [ -79.39452999119861, 36.024110999973828 ], [ -79.392330991635092, 36.031986000388919 ], [ -79.393011991507819, 36.034219999976187 ], [ -79.392606990886421, 36.036844000379652 ], [ -79.393487991642729, 36.040281000160078 ], [ -79.395554990706458, 36.043383000246735 ], [ -79.396089990681148, 36.047404999679785 ], [ -79.398275991592598, 36.049570000246568 ], [ -79.399352991026561, 36.051968000304029 ], [ -79.400185990660773, 36.059940000116406 ], [ -79.386408991679787, 36.062244000189317 ], [ -79.37422599094829, 36.068440000175258 ], [ -79.360721990920155, 36.06886299976172 ], [ -79.361624990937671, 36.064559000203467 ], [ -79.363776991464491, 36.060791999820999 ], [ -79.366421991245147, 36.05915200020884 ], [ -79.367791991598523, 36.057100000099432 ], [ -79.366095991247391, 36.049399000271229 ], [ -79.368032990698907, 36.045806000128749 ], [ -79.367283991689163, 36.04278799963221 ], [ -79.364028991179339, 36.040100999632521 ], [ -79.363120991541635, 36.038074000459915 ], [ -79.363513990961266, 36.036363999681001 ], [ -79.365704991241913, 36.03477999990276 ], [ -79.366574991118824, 36.033981000157773 ], [ -79.366995990673772, 36.031276000117501 ], [ -79.369170991411934, 36.028284000393896 ], [ -79.365030990671841, 36.022329000111768 ], [ -79.365448991024024, 36.017186999879392 ], [ -79.369670990781003, 36.018368000065799 ], [ -79.376169991521877, 36.017241000196307 ], [ -79.380046991263072, 36.017571000060137 ], [ -79.384052990760878, 36.021675000282919 ], [ -79.385399991592436, 36.024782000441711 ], [ -79.386943991479498, 36.025428999756414 ], [ -79.389718991478759, 36.025743000169591 ], [ -79.39183499128464, 36.023606999628335 ], [ -79.39452999119861, 36.024110999973828 ] ] ] } },
{ "type": "Feature", "properties": { "county": "HOKE", "precinct": "06B", "enr_desc": "Puppy Creek", "winner": "Richard N. Ojeda II", "winner_votes": 179.0, "winner_share": 36.605316973415128, "runner_up": "Lent C. Carr II", "runner_up_votes": 119.0, "runner_up_share": 24.335378323108383, "contest_votes": 489.0, "margin_of_victory": 12.269938650306745, "is_tie": false, "results": [ { "candidate": "Richard N. Ojeda II", "votes": 179, "share": 36.60531697341513 }, { "candidate": "Lent C. Carr II", "votes": 119, "share": 24.335378323108383 }, { "candidate": "Nigel W. Bristow", "votes": 118, "share": 24.130879345603272 }, { "candidate": "Loren Bibler", "votes": 73, "share": 14.92842535787321 } ], "participated": true, "map_key": "HOKE_06B" }, "geometry": { "type": "Polygon", "coordinates": [ [ [ -79.107538991377453, 34.969022000106769 ], [ -79.115219991217685, 34.972675999609898 ], [ -79.118420991130264, 34.975130000065541 ], [ -79.117121991128869, 34.976924999926098 ], [ -79.118053991543874, 34.980576999739029 ], [ -79.123231991246044, 34.990362999839306 ], [ -79.126736990862426, 34.994892000006232 ], [ -79.130870991186285, 35.003496000116151 ], [ -79.136959990799497, 35.017362999896299 ], [ -79.137331991058872, 35.02286199996032 ], [ -79.139838990806652, 35.028754000457774 ], [ -79.135997991475548, 35.03086799994562 ], [ -79.130041991040969, 35.031614000060827 ], [ -79.083185991352423, 35.032660000373397 ], [ -79.072255991427355, 35.018008999858885 ], [ -79.071390991482346, 35.014510000106142 ], [ -79.06964299156418, 35.013266999633423 ], [ -79.08074099111829, 35.00627200013998 ], [ -79.091587991544472, 35.001818999584721 ], [ -79.093926991461586, 34.997323999628975 ], [ -79.099185990861869, 34.993351999871663 ], [ -79.10041399122106, 34.988293999743163 ], [ -79.105652991483183, 34.989555000001396 ], [ -79.106240990795769, 34.982534000312491 ], [ -79.10238399109322, 34.972598000389993 ], [ -79.102275991453709, 34.969389999851131 ], [ -79.107538991377453, 34.969022000106769 ] ] ] } },
{ "type": "Feature", "properties": { "county": "ALAMANCE", "precinct": "06E", "enr_desc": "East Graham", "winner": "Richard N. Ojeda II", "winner_votes": 89.0, "winner_share": 42.58373205741627, "runner_up": "Nigel W. Bristow", "runner_up_votes": 43.0, "runner_up_share": 20.574162679425836, "contest_votes": 209.0, "margin_of_victory": 22.009569377990434, "is_tie": false, "results": [ { "candidate": "Richard N. Ojeda II", "votes": 89, "share": 42.58373205741627 }, { "candidate": "Nigel W. Bristow", "votes": 43, "share": 20.574162679425836 }, { "candidate": "Loren Bibler", "votes": 39, "share": 18.660287081339714 }, { "candidate": "Lent C. Carr II", "votes": 38, "share": 18.181818181818183 } ], "participated": true, "map_key": "ALAMANCE_06E" }, "geometry": { "type": "Polygon", "coordinates": [ [ [ -79.400185990660773, 36.059940000116406 ], [ -79.415177991111491, 36.062706999848622 ], [ -79.416780990606284, 36.065409000453542 ], [ -79.414668991197786, 36.069299000356288 ], [ -79.415110990738924, 36.071866000372346 ], [ -79.413045991377373, 36.07198599960082 ], [ -79.413040990874975, 36.073641000003796 ], [ -79.40781899141966, 36.069483999799509 ], [ -79.395548990785599, 36.069285000098937 ], [ -79.385208990848938, 36.078477000390642 ], [ -79.385664990875782, 36.082603000073874 ], [ -79.378628991186105, 36.084814999962781 ], [ -79.376176991665886, 36.081827999924236 ], [ -79.376427990985363, 36.077713999882491 ], [ -79.370105990965357, 36.077306000176407 ], [ -79.371133991260407, 36.07934999962243 ], [ -79.371360991516312, 36.0846830000119 ], [ -79.365725991693608, 36.086317999729737 ], [ -79.362396991575594, 36.082221000406285 ], [ -79.361768990782281, 36.079564999692238 ], [ -79.359006990972517, 36.075013999731162 ], [ -79.360721990920155, 36.06886299976172 ], [ -79.37422599094829, 36.068440000175258 ], [ -79.386408991679787, 36.062244000189317 ], [ -79.400185990660773, 36.059940000116406 ] ] ] } },
{ "type": "Feature", "properties": { "county": "ALAMANCE", "precinct": "06W", "enr_desc": "West Graham", "winner": "Richard N. Ojeda II", "winner_votes": 32.0, "winner_share": 43.835616438356162, "runner_up": "Nigel W. Bristow", "runner_up_votes": 22.0, "runner_up_share": 30.136986301369863, "contest_votes": 73.0, "margin_of_victory": 13.698630136986299, "is_tie": false, "results": [ { "candidate": "Richard N. Ojeda II", "votes": 32, "share": 43.83561643835616 }, { "candidate": "Nigel W. Bristow", "votes": 22, "share": 30.136986301369863 }, { "candidate": "Loren Bibler", "votes": 14, "share": 19.17808219178082 }, { "candidate": "Lent C. Carr II", "votes": 5, "share": 6.8493150684931505 } ], "participated": true, "map_key": "ALAMANCE_06W" }, "geometry": { "type": "Polygon", "coordinates": [ [ [ -79.415177991111491, 36.062706999848622 ], [ -79.431114991170688, 36.063946000378159 ], [ -79.427850991254914, 36.067550000280988 ], [ -79.42596899073925, 36.067729000403283 ], [ -79.425932990779074, 36.072765999987283 ], [ -79.418281990839318, 36.078010999647354 ], [ -79.417805991543531, 36.085736000291242 ], [ -79.413506990862089, 36.084241999781 ], [ -79.413040990874975, 36.073641000003796 ], [ -79.413045991377373, 36.07198599960082 ], [ -79.415110990738924, 36.071866000372346 ], [ -79.414668991197786, 36.069299000356288 ], [ -79.416780990606284, 36.065409000453542 ], [ -79.415177991111491, 36.062706999848622 ] ] ] } },
{ "type": "Feature", "properties": { "county": "ALAMANCE", "precinct": "7", "enr_desc": "Albright", "winner": "Richard N. Ojeda II", "winner_votes": 92.0, "winner_share": 48.421052631578945, "runner_up": "Loren Bibler", "runner_up_votes": 37.0, "runner_up_share": 19.473684210526315, "contest_votes": 190.0, "margin_of_victory": 28.94736842105263, "is_tie": false, "results": [ { "candidate": "Richard N. Ojeda II", "votes": 92, "share": 48.421052631578945 }, { "candidate": "Loren Bibler", "votes": 37, "share": 19.473684210526315 }, { "candidate": "Nigel W. Bristow", "votes": 34, "share": 17.894736842105264 }, { "candidate": "Lent C. Carr II", "votes": 27, "share": 14.210526315789473 } ], "participated": true, "map_key": "ALAMANCE_7" }, "geometry": { "type": "Polygon", "coordinates": [ [ [ -79.432658991572367, 35.950256999616258 ], [ -79.432509990928438, 35.96042599999965 ], [ -79.428702991561266, 36.015999000406694 ], [ -79.427685991193258, 36.015994000403708 ], [ -79.427046990973409, 36.016977999744206 ], [ -79.42483299103435, 36.015674999628274 ], [ -79.423937990904179, 36.017489999911511 ], [ -79.421103990626719, 36.016498000146157 ], [ -79.414697991240885, 36.016344000269761 ], [ -79.411096991473542, 36.017645000421936 ], [ -79.408384991015083, 36.019727000186897 ], [ -79.40296499070223, 36.020528999651525 ], [ -79.399843990991954, 36.022564000441655 ], [ -79.398961990905988, 36.018414999844332 ], [ -79.397336990673381, 36.018244999850076 ], [ -79.396027991232941, 36.019685000315562 ], [ -79.396858990759867, 36.024728000197911 ], [ -79.395805991423586, 36.025198999607056 ], [ -79.39452999119861, 36.024110999973828 ], [ -79.39183499128464, 36.023606999628335 ], [ -79.389718991478759, 36.025743000169591 ], [ -79.386943991479498, 36.025428999756414 ], [ -79.385399991592436, 36.024782000441711 ], [ -79.384052990760878, 36.021675000282919 ], [ -79.380046991263072, 36.017571000060137 ], [ -79.376169991521877, 36.017241000196307 ], [ -79.369670990781003, 36.018368000065799 ], [ -79.365448991024024, 36.017186999879392 ], [ -79.365541991680217, 36.015772999848437 ], [ -79.361750990861594, 36.00647899988553 ], [ -79.356418991574458, 36.000620999618903 ], [ -79.351926991368927, 35.993073999769891 ], [ -79.350249990724606, 35.989006000017383 ], [ -79.350436991043551, 35.980722000216325 ], [ -79.349367990780962, 35.977797000349327 ], [ -79.340820990699484, 35.969387000360392 ], [ -79.33844199086505, 35.965152000293216 ], [ -79.33252999066103, 35.95771800028249 ], [ -79.341365991499657, 35.957964999767754 ], [ -79.352149990632682, 35.949405000217602 ], [ -79.432658991572367, 35.950256999616258 ] ] ] } },
{ "type": "Feature", "properties": { "county": null, "precinct": null, "enr_desc": "G28", "winner": null, "winner_votes": null, "winner_share": null, "runner_up": null, "runner_up_votes": null, "runner_up_share": null, "contest_votes": null, "margin_of_victory": null, "is_tie": false, "results": null, "participated": false, "map_key": null }, "geometry": { "type": "Polygon", "coordinates": [ [ [ -79.846977990979283, 36.136915000326269 ], [ -79.847503990886523, 36.139500000256291 ], [ -79.835466991119532, 36.153254000468415 ], [ -79.835827991269255, 36.151342999840715 ], [ -79.832789991629596, 36.138083999761193 ], [ -79.836261991205532, 36.138782000160539 ], [ -79.838221991684534, 36.136821000314164 ], [ -79.842837991502194, 36.136660999955254 ], [ -79.843903991543669, 36.136001000136339 ], [ -79.846977990979283, 36.136915000326269 ] ] ] } },
{ "type": "Feature", "properties": { "county": null, "precinct": null, "enr_desc": "G29", "winner": null, "winner_votes": null, "winner_share": null, "runner_up": null, "runner_up_votes": null, "runner_up_share": null, "contest_votes": null, "margin_of_victory": null, "is_tie": false, "results": null, "participated": false, "map_key": null }, "geometry": { "type": "Polygon", "coordinates": [ [ [ -79.831729990712645, 36.125388999632818 ], [ -79.829589990653787, 36.117069000479653 ], [ -79.836490990730738, 36.116246999676306 ], [ -79.836818991156221, 36.116020999763407 ], [ -79.854131990635622, 36.129985000078982 ], [ -79.860036990887579, 36.135904000435168 ], [ -79.850130990655018, 36.137687000466975 ], [ -79.846977990979283, 36.136915000326269 ], [ -79.843903991543669, 36.136001000136339 ], [ -79.842837991502194, 36.136660999955254 ], [ -79.838221991684534, 36.136821000314164 ], [ -79.836261991205532, 36.138782000160539 ], [ -79.832789991629596, 36.138083999761193 ], [ -79.831729990712645, 36.125388999632818 ] ] ] } },
{ "type": "Feature", "properties": { "county": null, "precinct": null, "enr_desc": "Pearces Mill 2-G3A-1", "winner": null, "winner_votes": null, "winner_share": null, "runner_up": null, "runner_up_votes": null, "runner_up_share": null, "contest_votes": null, "margin_of_victory": null, "is_tie": false, "results": null, "participated": false, "map_key": null }, "geometry": { "type": "Polygon", "coordinates": [ [ [ -78.914590991504653, 34.968249000273588 ], [ -78.916016991301206, 34.968349999833542 ], [ -78.915533991127248, 34.970277999662713 ], [ -78.921748991637656, 34.974720999636759 ], [ -78.922353991646034, 34.975651000043818 ], [ -78.922735990781646, 34.976308000171535 ], [ -78.923013991037109, 34.976730000360618 ], [ -78.930985990776875, 34.983539999592359 ], [ -78.926077991443321, 34.986985999811878 ], [ -78.918347991711244, 35.001166000370958 ], [ -78.916175991707007, 35.003701000183973 ], [ -78.905345991387804, 35.000537000436751 ], [ -78.901914990911109, 35.001146000054092 ], [ -78.89945799139565, 35.000280000167542 ], [ -78.903624991673979, 34.991047000345937 ], [ -78.904013991661174, 34.986915000352823 ], [ -78.906844991699813, 34.981580000207877 ], [ -78.914590991504653, 34.968249000273588 ] ] ] } },
{ "type": "Feature", "properties": { "county": null, "precinct": null, "enr_desc": "G42B", "winner": null, "winner_votes": null, "winner_share": null, "runner_up": null, "runner_up_votes": null, "runner_up_share": null, "contest_votes": null, "margin_of_victory": null, "is_tie": false, "results": null, "participated": false, "map_key": null }, "geometry": { "type": "Polygon", "coordinates": [ [ [ -79.899172991050634, 36.099341000350748 ], [ -79.893136991578487, 36.099234000111679 ], [ -79.89181299142065, 36.099866999621533 ], [ -79.891373990973747, 36.094690999807348 ], [ -79.88885399095436, 36.089841000514085 ], [ -79.890874991203447, 36.089987000487753 ], [ -79.898127991193093, 36.087518000129442 ], [ -79.900820990770185, 36.087550999762513 ], [ -79.901424991065525, 36.091717999877545 ], [ -79.902247990638642, 36.092498999644143 ], [ -79.898886991496354, 36.094890999838796 ], [ -79.899172991050634, 36.099341000350748 ] ] ] } },
{ "type": "Feature", "properties": { "county": null, "precinct": null, "enr_desc": "G43", "winner": null, "winner_votes": null, "winner_share": null, "runner_up": null, "runner_up_votes": null, "runner_up_share": null, "contest_votes": null, "margin_of_victory": null, "is_tie": false, "results": null, "participated": false, "map_key": null }, "geometry": { "type": "Polygon", "coordinates": [ [ [ -79.931325991313628, 36.081011000439133 ], [ -79.928412990621254, 36.087020000080919 ], [ -79.916178991518379, 36.089441999843515 ], [ -79.900820990770185, 36.087550999762513 ], [ -79.898127991193093, 36.087518000129442 ], [ -79.890874991203447, 36.089987000487753 ], [ -79.88885399095436, 36.089841000514085 ], [ -79.888529991013087, 36.08692699970117 ], [ -79.893182991264766, 36.081785999958932 ], [ -79.897606990734829, 36.076695000344991 ], [ -79.916282991617251, 36.075629999966523 ], [ -79.931325991313628, 36.081011000439133 ] ] ] } },
{ "type": "Feature", "properties": { "county": null, "precinct": null, "enr_desc": "G44", "winner": null, "winner_votes": null, "winner_share": null, "runner_up": null, "runner_up_votes": null, "runner_up_share": null, "contest_votes": null, "margin_of_victory": null, "is_tie": false, "results": null, "participated": false, "map_key": null }, "geometry": { "type": "Polygon", "coordinates": [ [ [ -79.790670990849421, 36.067660000406136 ], [ -79.80515899080892, 36.064301999708022 ], [ -79.80558099156984, 36.068072000334602 ], [ -79.806933991232611, 36.068135000412397 ], [ -79.806573991510319, 36.073354999745263 ], [ -79.807567991214881, 36.07450600010376 ], [ -79.799445991221972, 36.073929999820962 ], [ -79.784405990820261, 36.073103999946284 ], [ -79.784852990783932, 36.070169000414168 ], [ -79.789946990631591, 36.067832999650534 ], [ -79.790670990849421, 36.067660000406136 ] ] ] } },
{ "type": "Feature", "properties": { "county": null, "precinct": null, "enr_desc": "G45", "winner": null, "winner_votes": null, "winner_share": null, "runner_up": null, "runner_up_votes": null, "runner_up_share": null, "contest_votes": null, "margin_of_victory": null, "is_tie": false, "results": null, "participated": false, "map_key": null }, "geometry": { "type": "Polygon", "coordinates": [ [ [ -79.818823991411548, 36.068605999714954 ], [ -79.8151589910198, 36.068509999619465 ], [ -79.81459599107977, 36.075221999688452 ], [ -79.808741991558037, 36.074571000041743 ], [ -79.807567991214881, 36.07450600010376 ], [ -79.806573991510319, 36.073354999745263 ], [ -79.806933991232611, 36.068135000412397 ], [ -79.80558099156984, 36.068072000334602 ], [ -79.80515899080892, 36.064301999708022 ], [ -79.819089990963164, 36.062512000095829 ], [ -79.818823991411548, 36.068605999714954 ] ] ] } },
{ "type": "Feature", "properties": { "county": null, "precinct": null, "enr_desc": "G46", "winner": null, "winner_votes": null, "winner_share": null, "runner_up": null, "runner_up_votes": null, "runner_up_share": null, "contest_votes": null, "margin_of_victory": null, "is_tie": false, "results": null, "participated": false, "map_key": null }, "geometry": { "type": "Polygon", "coordinates": [ [ [ -79.811114990949207, 36.047393000012661 ], [ -79.80267299065018, 36.057242999658861 ], [ -79.803492990685882, 36.057596000020126 ], [ -79.803215991261183, 36.06381500037606 ], [ -79.805003991360891, 36.063583000036843 ], [ -79.80515899080892, 36.064301999708022 ], [ -79.790670990849421, 36.067660000406136 ], [ -79.792057990945622, 36.065776000218165 ], [ -79.792309991585213, 36.05751100013935 ], [ -79.791418990899444, 36.055317999725411 ], [ -79.787448990656117, 36.048215999958458 ], [ -79.791520991057666, 36.048848999981111 ], [ -79.79155699119066, 36.0459150003839 ], [ -79.811114990949207, 36.047393000012661 ] ] ] } },
{ "type": "Feature", "properties": { "county": "ALAMANCE", "precinct": "09N", "enr_desc": "North Thompson", "winner": "Richard N. Ojeda II", "winner_votes": 149.0, "winner_share": 47.301587301587297, "runner_up": "Nigel W. Bristow", "runner_up_votes": 69.0, "runner_up_share": 21.904761904761905, "contest_votes": 315.0, "margin_of_victory": 25.396825396825392, "is_tie": false, "results": [ { "candidate": "Richard N. Ojeda II", "votes": 149, "share": 47.3015873015873 }, { "candidate": "Nigel W. Bristow", "votes": 69, "share": 21.904761904761905 }, { "candidate": "Loren Bibler", "votes": 54, "share": 17.142857142857142 }, { "candidate": "Lent C. Carr II", "votes": 43, "share": 13.65079365079365 } ], "participated": true, "map_key": "ALAMANCE_09N" }, "geometry": { "type": "Polygon", "coordinates": [ [ [ -79.351926991368927, 35.993073999769891 ], [ -79.356418991574458, 36.000620999618903 ], [ -79.361750990861594, 36.00647899988553 ], [ -79.365541991680217, 36.015772999848437 ], [ -79.365448991024024, 36.017186999879392 ], [ -79.365030990671841, 36.022329000111768 ], [ -79.369170991411934, 36.028284000393896 ], [ -79.366995990673772, 36.031276000117501 ], [ -79.366574991118824, 36.033981000157773 ], [ -79.365704991241913, 36.03477999990276 ], [ -79.282997991503123, 36.035095000184242 ], [ -79.286024991213793, 36.034285999949596 ], [ -79.288078991550051, 36.032614000358372 ], [ -79.287856991161675, 36.031332999750987 ], [ -79.289633990809307, 36.030989999849091 ], [ -79.291543991443078, 36.032646000015248 ], [ -79.292019990662325, 36.031895000131932 ], [ -79.29127199140585, 36.030166999745383 ], [ -79.293002991653779, 36.027371000302821 ], [ -79.29920999100483, 36.030098999802767 ], [ -79.29969499135143, 36.02765299966854 ], [ -79.299011990692904, 36.026245000340687 ], [ -79.301291990706289, 36.023500000041373 ], [ -79.301908991133914, 36.025692999781825 ], [ -79.303721991074468, 36.02624600028053 ], [ -79.31444099099788, 36.025109000267761 ], [ -79.312330990852828, 36.024104999761668 ], [ -79.312739991160058, 36.022617999931455 ], [ -79.314580991654523, 36.022314000258717 ], [ -79.317845990921896, 36.023999000168907 ], [ -79.317851991438317, 36.024852000197548 ], [ -79.31932199129578, 36.025798999624669 ], [ -79.320683990723083, 36.024849000466844 ], [ -79.320112991077295, 36.022977999787784 ], [ -79.321662991241212, 36.022709000000269 ], [ -79.323014991576798, 36.021383999830938 ], [ -79.322934990724846, 36.018916000293082 ], [ -79.324962990783405, 36.019073999789882 ], [ -79.327439991700004, 36.021917000309926 ], [ -79.327969990735696, 36.019691000278833 ], [ -79.326297991053863, 36.018809000041131 ], [ -79.330082991247167, 36.015482999885378 ], [ -79.330346990824722, 36.017785000222453 ], [ -79.331170991299757, 36.018116999609106 ], [ -79.334639991022613, 36.01467899976069 ], [ -79.337941991171604, 36.016158000458262 ], [ -79.338507991040757, 36.009276999619615 ], [ -79.339329991251816, 36.008915999820587 ], [ -79.339430990804217, 36.009810999589497 ], [ -79.340720991605096, 36.010327999957198 ], [ -79.342208991594916, 36.00996100035529 ], [ -79.340866990764894, 36.003932000122454 ], [ -79.342875990691553, 36.004577000285501 ], [ -79.343966991050138, 36.003792999693516 ], [ -79.342186990737076, 36.00303499959545 ], [ -79.34271199148354, 36.000549000419234 ], [ -79.345644991322146, 36.001652000032095 ], [ -79.347353991658309, 35.999963000346945 ], [ -79.348918991150356, 35.99639200020632 ], [ -79.347603991404753, 35.994875999930812 ], [ -79.352172991403791, 35.9954890003402 ], [ -79.351926991368927, 35.993073999769891 ] ] ] } },
{ "type": "Feature", "properties": { "county": "ALAMANCE", "precinct": "09S", "enr_desc": "South Thompson", "winner": "Richard N. Ojeda II", "winner_votes": 240.0, "winner_share": 49.689440993788821, "runner_up": "Loren Bibler", "runner_up_votes": 86.0, "runner_up_share": 17.805383022774325, "contest_votes": 483.0, "margin_of_victory": 31.884057971014496, "is_tie": false, "results": [ { "candidate": "Richard N. Ojeda II", "votes": 240, "share": 49.68944099378882 }, { "candidate": "Loren Bibler", "votes": 86, "share": 17.805383022774325 }, { "candidate": "Nigel W. Bristow", "votes": 79, "share": 16.35610766045549 }, { "candidate": "Lent C. Carr II", "votes": 78, "share": 16.149068322981368 } ], "participated": true, "map_key": "ALAMANCE_09S" }, "geometry": { "type": "Polygon", "coordinates": [ [ [ -79.268242991415434, 35.909182000135125 ], [ -79.274206991357289, 35.909673000432569 ], [ -79.282332991067179, 35.912723000224005 ], [ -79.28498799140489, 35.912507999693531 ], [ -79.29168499148517, 35.916932000161871 ], [ -79.297969991281576, 35.923200000283956 ], [ -79.302363991151751, 35.934246999577752 ], [ -79.314907990978142, 35.941196000324268 ], [ -79.319276990678901, 35.945098000045128 ], [ -79.324955991346101, 35.946723000334508 ], [ -79.33252999066103, 35.95771800028249 ], [ -79.33844199086505, 35.965152000293216 ], [ -79.340820990699484, 35.969387000360392 ], [ -79.349367990780962, 35.977797000349327 ], [ -79.350436991043551, 35.980722000216325 ], [ -79.350249990724606, 35.989006000017383 ], [ -79.351926991368927, 35.993073999769891 ], [ -79.352172991403791, 35.9954890003402 ], [ -79.347603991404753, 35.994875999930812 ], [ -79.348918991150356, 35.99639200020632 ], [ -79.347353991658309, 35.999963000346945 ], [ -79.345644991322146, 36.001652000032095 ], [ -79.34271199148354, 36.000549000419234 ], [ -79.342186990737076, 36.00303499959545 ], [ -79.343966991050138, 36.003792999693516 ], [ -79.342875990691553, 36.004577000285501 ], [ -79.340866990764894, 36.003932000122454 ], [ -79.342208991594916, 36.00996100035529 ], [ -79.340720991605096, 36.010327999957198 ], [ -79.339430990804217, 36.009810999589497 ], [ -79.339329991251816, 36.008915999820587 ], [ -79.338507991040757, 36.009276999619615 ], [ -79.337941991171604, 36.016158000458262 ], [ -79.334639991022613, 36.01467899976069 ], [ -79.331170991299757, 36.018116999609106 ], [ -79.330346990824722, 36.017785000222453 ], [ -79.330082991247167, 36.015482999885378 ], [ -79.326297991053863, 36.018809000041131 ], [ -79.327969990735696, 36.019691000278833 ], [ -79.327439991700004, 36.021917000309926 ], [ -79.324962990783405, 36.019073999789882 ], [ -79.322934990724846, 36.018916000293082 ], [ -79.323014991576798, 36.021383999830938 ], [ -79.321662991241212, 36.022709000000269 ], [ -79.320112991077295, 36.022977999787784 ], [ -79.320683990723083, 36.024849000466844 ], [ -79.31932199129578, 36.025798999624669 ], [ -79.317851991438317, 36.024852000197548 ], [ -79.317845990921896, 36.023999000168907 ], [ -79.314580991654523, 36.022314000258717 ], [ -79.312739991160058, 36.022617999931455 ], [ -79.312330990852828, 36.024104999761668 ], [ -79.31444099099788, 36.025109000267761 ], [ -79.303721991074468, 36.02624600028053 ], [ -79.301908991133914, 36.025692999781825 ], [ -79.301291990706289, 36.023500000041373 ], [ -79.299011990692904, 36.026245000340687 ], [ -79.29969499135143, 36.02765299966854 ], [ -79.29920999100483, 36.030098999802767 ], [ -79.293002991653779, 36.027371000302821 ], [ -79.29127199140585, 36.030166999745383 ], [ -79.292019990662325, 36.031895000131932 ], [ -79.291543991443078, 36.032646000015248 ], [ -79.289633990809307, 36.030989999849091 ], [ -79.287856991161675, 36.031332999750987 ], [ -79.288078991550051, 36.032614000358372 ], [ -79.286024991213793, 36.034285999949596 ], [ -79.282997991503123, 36.035095000184242 ], [ -79.261964990883087, 36.0353569996036 ], [ -79.263377991250096, 35.973714999653907 ], [ -79.264540991644992, 35.973744999779356 ], [ -79.262923991625371, 35.968668000460333 ], [ -79.26398799160448, 35.967791999907327 ], [ -79.26323299167322, 35.967297999694516 ], [ -79.264151991203008, 35.949158999672548 ], [ -79.263821991121148, 35.933439999942586 ], [ -79.264378990622248, 35.933514 ], [ -79.263838990883201, 35.93143500041122 ], [ -79.264470990883567, 35.931077999945849 ], [ -79.263863991647099, 35.92973000032292 ], [ -79.264026991675522, 35.914114000227983 ], [ -79.267148991431995, 35.913691000132495 ], [ -79.268433991089339, 35.910930000315112 ], [ -79.268242991415434, 35.909182000135125 ] ] ] } },
{ "type": "Feature", "properties": { "county": "ALAMANCE", "precinct": "08N", "enr_desc": "North Newlin", "winner": "Richard N. Ojeda II", "winner_votes": 132.0, "winner_share": 51.764705882352949, "runner_up": "Nigel W. Bristow", "runner_up_votes": 49.0, "runner_up_share": 19.215686274509807, "contest_votes": 255.0, "margin_of_victory": 32.549019607843142, "is_tie": false, "results": [ { "candidate": "Richard N. Ojeda II", "votes": 132, "share": 51.76470588235295 }, { "candidate": "Nigel W. Bristow", "votes": 49, "share": 19.215686274509807 }, { "candidate": "Lent C. Carr II", "votes": 39, "share": 15.294117647058824 }, { "candidate": "Loren Bibler", "votes": 35, "share": 13.725490196078432 } ], "participated": true, "map_key": "ALAMANCE_08N" }, "geometry": { "type": "Polygon", "coordinates": [ [ [ -79.25401699079967, 35.883391000343849 ], [ -79.266774991367114, 35.886123999761622 ], [ -79.266928991312852, 35.89250599967388 ], [ -79.268278990721711, 35.892297000344037 ], [ -79.270156990819842, 35.889570000358098 ], [ -79.271112991013922, 35.890710999967609 ], [ -79.271787990615891, 35.890367000160531 ], [ -79.270794990908826, 35.886572000194228 ], [ -79.276201990905605, 35.884857000382901 ], [ -79.280336991294476, 35.885248000216414 ], [ -79.281640991347629, 35.884670000163631 ], [ -79.281910990740059, 35.885791999799402 ], [ -79.281092991617754, 35.886659000348551 ], [ -79.283026991177735, 35.887764999626874 ], [ -79.29053999150382, 35.88493400001736 ], [ -79.292084991456505, 35.886541000258816 ], [ -79.293229991691064, 35.886148999953022 ], [ -79.29128199123582, 35.888547999710283 ], [ -79.291900991274161, 35.88931899997403 ], [ -79.295221991423759, 35.887665999776537 ], [ -79.294937991254429, 35.886574000016608 ], [ -79.296151990963935, 35.884927999901358 ], [ -79.295895991006972, 35.883308000403289 ], [ -79.299191991224546, 35.884363999696646 ], [ -79.299578991606765, 35.885614999979786 ], [ -79.304188991304343, 35.88592399997831 ], [ -79.304248991659421, 35.884317000077395 ], [ -79.305775991165859, 35.883902000003069 ], [ -79.308913991004616, 35.888655000470941 ], [ -79.310102991681958, 35.888199999961799 ], [ -79.311436991371636, 35.884636000158991 ], [ -79.312198991309216, 35.884323999776747 ], [ -79.313447990843684, 35.885605000106814 ], [ -79.315201990762247, 35.885861000338558 ], [ -79.315626990769047, 35.887644000342206 ], [ -79.316864991326156, 35.888676000292634 ], [ -79.3173239912837, 35.887845000275341 ], [ -79.316092991038985, 35.884926999681959 ], [ -79.316223990918118, 35.881052999610333 ], [ -79.321074990744265, 35.879273999641903 ], [ -79.322395991089181, 35.880285999875831 ], [ -79.321543991629255, 35.881469000237686 ], [ -79.323950990987626, 35.881961999867109 ], [ -79.326893991500256, 35.878966000344747 ], [ -79.328002991091807, 35.87880899971023 ], [ -79.327651991526906, 35.877129999582181 ], [ -79.328271991271464, 35.877304000395775 ], [ -79.328698991371212, 35.880702000407517 ], [ -79.327249990972547, 35.882254999902528 ], [ -79.328849990714843, 35.883959999617659 ], [ -79.331457991651462, 35.883737000017312 ], [ -79.335498990847469, 35.884894000195395 ], [ -79.336213991666781, 35.883110999634404 ], [ -79.335177991349838, 35.882530999749179 ], [ -79.335298991176856, 35.881332999734582 ], [ -79.343643990754416, 35.888890000189214 ], [ -79.346714990956485, 35.88886600008211 ], [ -79.346915990991363, 35.887814999634784 ], [ -79.345974991279419, 35.8869659999066 ], [ -79.346656990997445, 35.886368999670047 ], [ -79.348706990939434, 35.887696999858207 ], [ -79.34849399104462, 35.88928299978334 ], [ -79.352552991019522, 35.887433000232264 ], [ -79.359727990641019, 35.891106999886929 ], [ -79.364124991536357, 35.89206500034809 ], [ -79.365147991409543, 35.891365999622252 ], [ -79.367560990826902, 35.893812000363582 ], [ -79.367475990804664, 35.898850999763056 ], [ -79.371486991036264, 35.898544000276921 ], [ -79.371013991555472, 35.896742999815281 ], [ -79.373107991331821, 35.895861000401183 ], [ -79.37423999164821, 35.899213000107494 ], [ -79.377190991115796, 35.899332000076228 ], [ -79.378775991686226, 35.900186999744029 ], [ -79.378838990628054, 35.902146000139219 ], [ -79.381190991033833, 35.902363000443877 ], [ -79.382365991041368, 35.901990000438566 ], [ -79.382208991048216, 35.900478000077356 ], [ -79.385073991246699, 35.901034999631676 ], [ -79.384664991584046, 35.900024999825696 ], [ -79.385854991319491, 35.89957999998375 ], [ -79.387007991052755, 35.900333999924982 ], [ -79.387556991670209, 35.89767700008467 ], [ -79.394169991622576, 35.897112999755855 ], [ -79.395767990760405, 35.895323000300685 ], [ -79.400732990773804, 35.893968999782778 ], [ -79.404683991233497, 35.896761000144082 ], [ -79.407093991541174, 35.896209999755094 ], [ -79.41219399171159, 35.896952999741217 ], [ -79.414120990907506, 35.898100999721251 ], [ -79.417619991408628, 35.893791000061974 ], [ -79.41946999133576, 35.893245999614308 ], [ -79.419082990877925, 35.891594000431745 ], [ -79.419671990810244, 35.891013999842144 ], [ -79.422679990877398, 35.891666999726993 ], [ -79.423697991465431, 35.890765999870716 ], [ -79.425941990918616, 35.890768999642354 ], [ -79.427351991274591, 35.891738000436888 ], [ -79.428264990856491, 35.889366000136945 ], [ -79.429719990735038, 35.889872999789532 ], [ -79.431971990857036, 35.889104000437193 ], [ -79.432658991572367, 35.950256999616258 ], [ -79.352149990632682, 35.949405000217602 ], [ -79.341365991499657, 35.957964999767754 ], [ -79.33252999066103, 35.95771800028249 ], [ -79.324955991346101, 35.946723000334508 ], [ -79.319276990678901, 35.945098000045128 ], [ -79.314907990978142, 35.941196000324268 ], [ -79.302363991151751, 35.934246999577752 ], [ -79.297969991281576, 35.923200000283956 ], [ -79.29168499148517, 35.916932000161871 ], [ -79.28498799140489, 35.912507999693531 ], [ -79.282332991067179, 35.912723000224005 ], [ -79.274206991357289, 35.909673000432569 ], [ -79.268242991415434, 35.909182000135125 ], [ -79.260418990968716, 35.905614000179298 ], [ -79.256915990699099, 35.902054999755542 ], [ -79.256530990668352, 35.900511000105723 ], [ -79.257859991470639, 35.897475000253159 ], [ -79.258163991609749, 35.892618999933021 ], [ -79.255961991687911, 35.886274000266276 ], [ -79.25401699079967, 35.883391000343849 ] ] ] } },
{ "type": "Feature", "properties": { "county": "ALAMANCE", "precinct": "08S", "enr_desc": "South Newlin", "winner": "Richard N. Ojeda II", "winner_votes": 49.0, "winner_share": 52.12765957446809, "runner_up": "Loren Bibler", "runner_up_votes": 19.0, "runner_up_share": 20.212765957446805, "contest_votes": 94.0, "margin_of_victory": 31.914893617021285, "is_tie": false, "results": [ { "candidate": "Richard N. Ojeda II", "votes": 49, "share": 52.12765957446809 }, { "candidate": "Loren Bibler", "votes": 19, "share": 20.212765957446805 }, { "candidate": "Nigel W. Bristow", "votes": 19, "share": 20.212765957446805 }, { "candidate": "Lent C. Carr II", "votes": 7, "share": 7.446808510638298 } ], "participated": true, "map_key": "ALAMANCE_08S" }, "geometry": { "type": "Polygon", "coordinates": [ [ [ -79.237315991063056, 35.844246999809513 ], [ -79.350050991288398, 35.843908000018033 ], [ -79.432773991300365, 35.843684000328615 ], [ -79.431971990857036, 35.889104000437193 ], [ -79.429719990735038, 35.889872999789532 ], [ -79.428264990856491, 35.889366000136945 ], [ -79.427351991274591, 35.891738000436888 ], [ -79.425941990918616, 35.890768999642354 ], [ -79.423697991465431, 35.890765999870716 ], [ -79.422679990877398, 35.891666999726993 ], [ -79.419671990810244, 35.891013999842144 ], [ -79.419082990877925, 35.891594000431745 ], [ -79.41946999133576, 35.893245999614308 ], [ -79.417619991408628, 35.893791000061974 ], [ -79.414120990907506, 35.898100999721251 ], [ -79.41219399171159, 35.896952999741217 ], [ -79.407093991541174, 35.896209999755094 ], [ -79.404683991233497, 35.896761000144082 ], [ -79.400732990773804, 35.893968999782778 ], [ -79.395767990760405, 35.895323000300685 ], [ -79.394169991622576, 35.897112999755855 ], [ -79.387556991670209, 35.89767700008467 ], [ -79.387007991052755, 35.900333999924982 ], [ -79.385854991319491, 35.89957999998375 ], [ -79.384664991584046, 35.900024999825696 ], [ -79.385073991246699, 35.901034999631676 ], [ -79.382208991048216, 35.900478000077356 ], [ -79.382365991041368, 35.901990000438566 ], [ -79.381190991033833, 35.902363000443877 ], [ -79.378838990628054, 35.902146000139219 ], [ -79.378775991686226, 35.900186999744029 ], [ -79.377190991115796, 35.899332000076228 ], [ -79.37423999164821, 35.899213000107494 ], [ -79.373107991331821, 35.895861000401183 ], [ -79.371013991555472, 35.896742999815281 ], [ -79.371486991036264, 35.898544000276921 ], [ -79.367475990804664, 35.898850999763056 ], [ -79.367560990826902, 35.893812000363582 ], [ -79.365147991409543, 35.891365999622252 ], [ -79.364124991536357, 35.89206500034809 ], [ -79.359727990641019, 35.891106999886929 ], [ -79.352552991019522, 35.887433000232264 ], [ -79.34849399104462, 35.88928299978334 ], [ -79.348706990939434, 35.887696999858207 ], [ -79.346656990997445, 35.886368999670047 ], [ -79.345974991279419, 35.8869659999066 ], [ -79.346915990991363, 35.887814999634784 ], [ -79.346714990956485, 35.88886600008211 ], [ -79.343643990754416, 35.888890000189214 ], [ -79.335298991176856, 35.881332999734582 ], [ -79.335177991349838, 35.882530999749179 ], [ -79.336213991666781, 35.883110999634404 ], [ -79.335498990847469, 35.884894000195395 ], [ -79.331457991651462, 35.883737000017312 ], [ -79.328849990714843, 35.883959999617659 ], [ -79.327249990972547, 35.882254999902528 ], [ -79.328698991371212, 35.880702000407517 ], [ -79.328271991271464, 35.877304000395775 ], [ -79.327651991526906, 35.877129999582181 ], [ -79.328002991091807, 35.87880899971023 ], [ -79.326893991500256, 35.878966000344747 ], [ -79.323950990987626, 35.881961999867109 ], [ -79.321543991629255, 35.881469000237686 ], [ -79.322395991089181, 35.880285999875831 ], [ -79.321074990744265, 35.879273999641903 ], [ -79.316223990918118, 35.881052999610333 ], [ -79.316092991038985, 35.884926999681959 ], [ -79.3173239912837, 35.887845000275341 ], [ -79.316864991326156, 35.888676000292634 ], [ -79.315626990769047, 35.887644000342206 ], [ -79.315201990762247, 35.885861000338558 ], [ -79.313447990843684, 35.885605000106814 ], [ -79.312198991309216, 35.884323999776747 ], [ -79.311436991371636, 35.884636000158991 ], [ -79.310102991681958, 35.888199999961799 ], [ -79.308913991004616, 35.888655000470941 ], [ -79.305775991165859, 35.883902000003069 ], [ -79.304248991659421, 35.884317000077395 ], [ -79.304188991304343, 35.88592399997831 ], [ -79.299578991606765, 35.885614999979786 ], [ -79.299191991224546, 35.884363999696646 ], [ -79.295895991006972, 35.883308000403289 ], [ -79.296151990963935, 35.884927999901358 ], [ -79.294937991254429, 35.886574000016608 ], [ -79.295221991423759, 35.887665999776537 ], [ -79.291900991274161, 35.88931899997403 ], [ -79.29128199123582, 35.888547999710283 ], [ -79.293229991691064, 35.886148999953022 ], [ -79.292084991456505, 35.886541000258816 ], [ -79.29053999150382, 35.88493400001736 ], [ -79.283026991177735, 35.887764999626874 ], [ -79.281092991617754, 35.886659000348551 ], [ -79.281910990740059, 35.885791999799402 ], [ -79.281640991347629, 35.884670000163631 ], [ -79.280336991294476, 35.885248000216414 ], [ -79.276201990905605, 35.884857000382901 ], [ -79.270794990908826, 35.886572000194228 ], [ -79.271787990615891, 35.890367000160531 ], [ -79.271112991013922, 35.890710999967609 ], [ -79.270156990819842, 35.889570000358098 ], [ -79.268278990721711, 35.892297000344037 ], [ -79.266928991312852, 35.89250599967388 ], [ -79.266774991367114, 35.886123999761622 ], [ -79.25401699079967, 35.883391000343849 ], [ -79.250309990823965, 35.87884200003132 ], [ -79.249334990803945, 35.875997999787437 ], [ -79.250953990904378, 35.871123000456663 ], [ -79.248927990954002, 35.866164000063741 ], [ -79.249427991070732, 35.862697000330137 ], [ -79.250774990646789, 35.860098999988303 ], [ -79.250392991582615, 35.856978000080623 ], [ -79.248377991010813, 35.85463600025237 ], [ -79.240011991149913, 35.852448999573291 ], [ -79.236968991431809, 35.850612000089733 ], [ -79.237315991063056, 35.844246999809513 ] ] ] } },
{ "type": "Feature", "properties": { "county": "ALAMANCE", "precinct": "10N", "enr_desc": "North Melville", "winner": "Richard N. Ojeda II", "winner_votes": 194.0, "winner_share": 49.489795918367349, "runner_up": "Nigel W. Bristow", "runner_up_votes": 77.0, "runner_up_share": 19.642857142857142, "contest_votes": 392.0, "margin_of_victory": 29.846938775510207, "is_tie": false, "results": [ { "candidate": "Richard N. Ojeda II", "votes": 194, "share": 49.48979591836735 }, { "candidate": "Nigel W. Bristow", "votes": 77, "share": 19.642857142857142 }, { "candidate": "Lent C. Carr II", "votes": 76, "share": 19.387755102040817 }, { "candidate": "Loren Bibler", "votes": 45, "share": 11.479591836734695 } ], "participated": true, "map_key": "ALAMANCE_10N" }, "geometry": { "type": "Polygon", "coordinates": [ [ [ -79.260374990999566, 36.094073000015257 ], [ -79.269756990972112, 36.096619000372314 ], [ -79.27637299072012, 36.09809900004683 ], [ -79.298608990971942, 36.098973999870594 ], [ -79.313938991014126, 36.09351800014305 ], [ -79.322391991387377, 36.094044999612692 ], [ -79.32715499061257, 36.091325000043618 ], [ -79.332691991218098, 36.090718999891045 ], [ -79.333297991100366, 36.091971000099853 ], [ -79.334521991102235, 36.091176000177533 ], [ -79.335739990987094, 36.092362000065322 ], [ -79.336512991541326, 36.095632999595168 ], [ -79.334162990927979, 36.09700200035045 ], [ -79.331950991273573, 36.099801000215955 ], [ -79.329953991164246, 36.098590000342661 ], [ -79.328486991144004, 36.099008999618412 ], [ -79.32677499167589, 36.101575000137146 ], [ -79.32702099167463, 36.102878000130701 ], [ -79.32504599135612, 36.105075999952795 ], [ -79.321038991558922, 36.10317600013007 ], [ -79.317625990811649, 36.106678999728295 ], [ -79.313675990732378, 36.107435000275828 ], [ -79.312718991300443, 36.113550999860969 ], [ -79.306254991422932, 36.117164000363871 ], [ -79.306508991106895, 36.120988000084296 ], [ -79.298779991445201, 36.126343000089221 ], [ -79.298891990642701, 36.12895299987521 ], [ -79.295617991274469, 36.132568999750468 ], [ -79.295447991158653, 36.134766999807397 ], [ -79.293201991679936, 36.137805999613327 ], [ -79.259517991046494, 36.137278999824439 ], [ -79.260049990943557, 36.110460000432226 ], [ -79.25951999139869, 36.109632999909294 ], [ -79.260065990882893, 36.109635999631855 ], [ -79.260102991398895, 36.107767999576375 ], [ -79.259575991118126, 36.104647999577651 ], [ -79.258694991463599, 36.103762999733021 ], [ -79.26010799084797, 36.103219000078624 ], [ -79.259402991661773, 36.102789999723399 ], [ -79.259539990820358, 36.097118999961125 ], [ -79.260374990999566, 36.094073000015257 ] ] ] } },
{ "type": "Feature", "properties": { "county": null, "precinct": null, "enr_desc": "G49", "winner": null, "winner_votes": null, "winner_share": null, "runner_up": null, "runner_up_votes": null, "runner_up_share": null, "contest_votes": null, "margin_of_victory": null, "is_tie": false, "results": null, "participated": false, "map_key": null }, "geometry": { "type": "Polygon", "coordinates": [ [ [ -79.850458990824023, 36.060146999719706 ], [ -79.860374990981228, 36.061775000429229 ], [ -79.863880991321295, 36.060216000426109 ], [ -79.880283991249343, 36.059758999870986 ], [ -79.879773991365624, 36.063711000276697 ], [ -79.88516399090102, 36.065216000432372 ], [ -79.885928991297803, 36.067511999757784 ], [ -79.888230991583143, 36.06945700003066 ], [ -79.890777991258915, 36.073782000131622 ], [ -79.893800991210057, 36.076117999797361 ], [ -79.893730990769185, 36.076515000010353 ], [ -79.891271991043993, 36.076138000211976 ], [ -79.883716991017934, 36.071449000334553 ], [ -79.877322991149143, 36.068601999729893 ], [ -79.873297991309798, 36.068513000288718 ], [ -79.8658709912701, 36.070423000239245 ], [ -79.859175991593048, 36.070087999904672 ], [ -79.856231990920676, 36.068990000513168 ], [ -79.852662990875814, 36.069290000135936 ], [ -79.848013991558659, 36.069149999873467 ], [ -79.84818999127971, 36.064778999977982 ], [ -79.852965991460238, 36.063695999714703 ], [ -79.853192990973255, 36.062987999985133 ], [ -79.851550990946578, 36.062698999753479 ], [ -79.851912991355206, 36.060509999650264 ], [ -79.850458990824023, 36.060146999719706 ] ] ] } },
{ "type": "Feature", "properties": { "county": "ALAMANCE", "precinct": "103", "enr_desc": "Melville 3", "winner": "Richard N. Ojeda II", "winner_votes": 227.0, "winner_share": 49.890109890109891, "runner_up": "Lent C. Carr II", "runner_up_votes": 84.0, "runner_up_share": 18.461538461538463, "contest_votes": 455.0, "margin_of_victory": 31.428571428571427, "is_tie": false, "results": [ { "candidate": "Richard N. Ojeda II", "votes": 227, "share": 49.89010989010989 }, { "candidate": "Lent C. Carr II", "votes": 84, "share": 18.461538461538463 }, { "candidate": "Nigel W. Bristow", "votes": 78, "share": 17.142857142857142 }, { "candidate": "Loren Bibler", "votes": 66, "share": 14.505494505494507 } ], "participated": true, "map_key": "ALAMANCE_103" }, "geometry": { "type": "Polygon", "coordinates": [ [ [ -79.261964990883087, 36.0353569996036 ], [ -79.282997991503123, 36.035095000184242 ], [ -79.365704991241913, 36.03477999990276 ], [ -79.363513990961266, 36.036363999681001 ], [ -79.363120991541635, 36.038074000459915 ], [ -79.364028991179339, 36.040100999632521 ], [ -79.367283991689163, 36.04278799963221 ], [ -79.368032990698907, 36.045806000128749 ], [ -79.366499991233297, 36.044466999817189 ], [ -79.362628991466906, 36.043879999911091 ], [ -79.362074990983785, 36.045260999821139 ], [ -79.359905991543272, 36.046138000275427 ], [ -79.359712991219979, 36.048946999869209 ], [ -79.360683991082311, 36.050579000474947 ], [ -79.358689990726504, 36.050663000420244 ], [ -79.355938990957867, 36.049420999942946 ], [ -79.353604991378489, 36.052471999730699 ], [ -79.354960990959171, 36.055193000239193 ], [ -79.352501991270898, 36.059828000382737 ], [ -79.353045991543055, 36.061013000307277 ], [ -79.355853990974438, 36.062486000273516 ], [ -79.352117991670383, 36.065391000236836 ], [ -79.349804991668165, 36.064030999867001 ], [ -79.348538990762222, 36.065563000266998 ], [ -79.344935991321123, 36.06653700007935 ], [ -79.343765991204862, 36.071416999762711 ], [ -79.342386991370475, 36.07291599979208 ], [ -79.342884990951731, 36.074866999738447 ], [ -79.344352991452936, 36.074852999600331 ], [ -79.343680990625558, 36.073605999974887 ], [ -79.344831990705131, 36.074024000332074 ], [ -79.345010991245871, 36.075690000175285 ], [ -79.342685991055447, 36.076956000299987 ], [ -79.341250991042415, 36.079332000198463 ], [ -79.337581991247276, 36.079671999736604 ], [ -79.336669991234714, 36.083859999645348 ], [ -79.334184990733533, 36.086015000329866 ], [ -79.32460399165349, 36.085910999706606 ], [ -79.32387699091862, 36.083084999629996 ], [ -79.324206991047049, 36.079672999916518 ], [ -79.321409990836486, 36.073037000383479 ], [ -79.31349199090468, 36.069091000330268 ], [ -79.303265991261938, 36.058288999589998 ], [ -79.294168991678248, 36.058588000337437 ], [ -79.289308990682301, 36.057224999597047 ], [ -79.28560899152329, 36.057353999813955 ], [ -79.281131990607761, 36.05908199989873 ], [ -79.272093991442716, 36.060026999652052 ], [ -79.267694991679477, 36.061641000452894 ], [ -79.265548990642699, 36.062186999627698 ], [ -79.262142991293857, 36.061681000077755 ], [ -79.261215990669555, 36.061551999716571 ], [ -79.261744991150636, 36.041467999688273 ], [ -79.260859990597652, 36.040086000242439 ], [ -79.2618069916157, 36.039873000300346 ], [ -79.261964990883087, 36.0353569996036 ] ] ] } },
{ "type": "Feature", "properties": { "county": "ALAMANCE", "precinct": "11", "enr_desc": "Pleasant Grove", "winner": "Richard N. Ojeda II", "winner_votes": 149.0, "winner_share": 42.571428571428569, "runner_up": "Lent C. Carr II", "runner_up_votes": 78.0, "runner_up_share": 22.285714285714285, "contest_votes": 350.0, "margin_of_victory": 20.285714285714285, "is_tie": false, "results": [ { "candidate": "Richard N. Ojeda II", "votes": 149, "share": 42.57142857142857 }, { "candidate": "Lent C. Carr II", "votes": 78, "share": 22.285714285714285 }, { "candidate": "Nigel W. Bristow", "votes": 70, "share": 20.0 }, { "candidate": "Loren Bibler", "votes": 53, "share": 15.142857142857144 } ], "participated": true, "map_key": "ALAMANCE_11" }, "geometry": { "type": "Polygon", "coordinates": [ [ [ -79.293201991679936, 36.137805999613327 ], [ -79.367072990721638, 36.137327999993204 ], [ -79.365366990660249, 36.245886999589381 ], [ -79.257951990971151, 36.243444999723174 ], [ -79.258008991677713, 36.239127999673656 ], [ -79.25749599118771, 36.239126999687841 ], [ -79.259517991046494, 36.137278999824439 ], [ -79.293201991679936, 36.137805999613327 ] ] ] } },
{ "type": "Feature", "properties": { "county": "ALAMANCE", "precinct": "104", "enr_desc": "Melville 4", "winner": "Richard N. Ojeda II", "winner_votes": 141.0, "winner_share": 45.631067961165051, "runner_up": "Lent C. Carr II", "runner_up_votes": 61.0, "runner_up_share": 19.741100323624593, "contest_votes": 309.0, "margin_of_victory": 25.889967637540458, "is_tie": false, "results": [ { "candidate": "Richard N. Ojeda II", "votes": 141, "share": 45.63106796116505 }, { "candidate": "Lent C. Carr II", "votes": 61, "share": 19.741100323624593 }, { "candidate": "Nigel W. Bristow", "votes": 61, "share": 19.741100323624593 }, { "candidate": "Loren Bibler", "votes": 46, "share": 14.886731391585762 } ], "participated": true, "map_key": "ALAMANCE_104" }, "geometry": { "type": "Polygon", "coordinates": [ [ [ -79.267694991679477, 36.061641000452894 ], [ -79.268978991004332, 36.066655000308153 ], [ -79.275247991028579, 36.077370000268438 ], [ -79.269619990759509, 36.089235999892395 ], [ -79.275359990901322, 36.090862000435187 ], [ -79.272453991505699, 36.09714300015667 ], [ -79.269756990972112, 36.096619000372314 ], [ -79.260374990999566, 36.094073000015257 ], [ -79.260361991147988, 36.075593999591419 ], [ -79.261436990748194, 36.070870000151125 ], [ -79.261197990830169, 36.068844999678618 ], [ -79.260379990627428, 36.068845000421646 ], [ -79.260462990625669, 36.066483000055328 ], [ -79.26145799140582, 36.065670999780956 ], [ -79.262142991293857, 36.061681000077755 ], [ -79.265548990642699, 36.062186999627698 ], [ -79.267694991679477, 36.061641000452894 ] ] ] } },
{ "type": "Feature", "properties": { "county": "ALAMANCE", "precinct": "10S1", "enr_desc": "South Melville", "winner": "Richard N. Ojeda II", "winner_votes": 336.0, "winner_share": 46.090534979423872, "runner_up": "Nigel W. Bristow", "runner_up_votes": 151.0, "runner_up_share": 20.713305898491083, "contest_votes": 729.0, "margin_of_victory": 25.377229080932789, "is_tie": false, "results": [ { "candidate": "Richard N. Ojeda II", "votes": 336, "share": 46.09053497942387 }, { "candidate": "Nigel W. Bristow", "votes": 151, "share": 20.713305898491083 }, { "candidate": "Lent C. Carr II", "votes": 124, "share": 17.00960219478738 }, { "candidate": "Loren Bibler", "votes": 118, "share": 16.18655692729767 } ], "participated": true, "map_key": "ALAMANCE_10S1" }, "geometry": { "type": "Polygon", "coordinates": [ [ [ -79.334184990733533, 36.086015000329866 ], [ -79.332691991218098, 36.090718999891045 ], [ -79.32715499061257, 36.091325000043618 ], [ -79.322391991387377, 36.094044999612692 ], [ -79.313938991014126, 36.09351800014305 ], [ -79.298608990971942, 36.098973999870594 ], [ -79.27637299072012, 36.09809900004683 ], [ -79.269756990972112, 36.096619000372314 ], [ -79.272453991505699, 36.09714300015667 ], [ -79.275359990901322, 36.090862000435187 ], [ -79.269619990759509, 36.089235999892395 ], [ -79.275247991028579, 36.077370000268438 ], [ -79.268978991004332, 36.066655000308153 ], [ -79.267694991679477, 36.061641000452894 ], [ -79.272093991442716, 36.060026999652052 ], [ -79.281131990607761, 36.05908199989873 ], [ -79.28560899152329, 36.057353999813955 ], [ -79.289308990682301, 36.057224999597047 ], [ -79.294168991678248, 36.058588000337437 ], [ -79.303265991261938, 36.058288999589998 ], [ -79.31349199090468, 36.069091000330268 ], [ -79.321409990836486, 36.073037000383479 ], [ -79.324206991047049, 36.079672999916518 ], [ -79.32387699091862, 36.083084999629996 ], [ -79.32460399165349, 36.085910999706606 ], [ -79.334184990733533, 36.086015000329866 ] ] ] } },
{ "type": "Feature", "properties": { "county": "CUMBERLAND", "precinct": "G4A", "enr_desc": "Cross Creek 30-G4", "winner": "Richard N. Ojeda II", "winner_votes": 44.0, "winner_share": 36.666666666666664, "runner_up": "Nigel W. Bristow", "runner_up_votes": 34.0, "runner_up_share": 28.333333333333332, "contest_votes": 120.0, "margin_of_victory": 8.3333333333333321, "is_tie": false, "results": [ { "candidate": "Richard N. Ojeda II", "votes": 44, "share": 36.666666666666664 }, { "candidate": "Nigel W. Bristow", "votes": 34, "share": 28.333333333333332 }, { "candidate": "Loren Bibler", "votes": 22, "share": 18.333333333333332 }, { "candidate": "Lent C. Carr II", "votes": 20, "share": 16.666666666666664 } ], "participated": true, "map_key": "CUMBERLAND_G4A" }, "geometry": { "type": "Polygon", "coordinates": [ [ [ -78.951593990833217, 35.021278999835481 ], [ -78.9521759915785, 35.029031999764548 ], [ -78.95337299166151, 35.034130999783464 ], [ -78.951023990823757, 35.036788000406439 ], [ -78.951021991249675, 35.040177999906177 ], [ -78.949969991209386, 35.04358200039983 ], [ -78.940294990895069, 35.043831000392409 ], [ -78.933871991619952, 35.038596000017726 ], [ -78.930414991385149, 35.030751999857848 ], [ -78.93466499143419, 35.02953999992026 ], [ -78.94243399136198, 35.025687000041749 ], [ -78.943111991504452, 35.026654000264706 ], [ -78.94764399157549, 35.021978999550576 ], [ -78.948906991561145, 35.019322999776875 ], [ -78.951593990833217, 35.021278999835481 ] ] ] } },
{ "type": "Feature", "properties": { "county": "HOKE", "precinct": "12", "enr_desc": "Rockfish", "winner": "Richard N. Ojeda II", "winner_votes": 112.0, "winner_share": 36.721311475409834, "runner_up": "Lent C. Carr II", "runner_up_votes": 82.0, "runner_up_share": 26.885245901639344, "contest_votes": 305.0, "margin_of_victory": 9.8360655737704903, "is_tie": false, "results": [ { "candidate": "Richard N. Ojeda II", "votes": 112, "share": 36.721311475409834 }, { "candidate": "Lent C. Carr II", "votes": 82, "share": 26.885245901639344 }, { "candidate": "Nigel W. Bristow", "votes": 63, "share": 20.655737704918035 }, { "candidate": "Loren Bibler", "votes": 48, "share": 15.737704918032788 } ], "participated": true, "map_key": "HOKE_12" }, "geometry": { "type": "Polygon", "coordinates": [ [ [ -79.036916991661442, 34.956953000174842 ], [ -79.035555991140114, 34.955196999759714 ], [ -79.037301991441709, 34.953839000333801 ], [ -79.038994991384286, 34.954301999824111 ], [ -79.040462990988942, 34.953442999848804 ], [ -79.045325991780913, 34.954744000420739 ], [ -79.04592699100094, 34.953223000003753 ], [ -79.048815990890787, 34.953854000089848 ], [ -79.049652991146019, 34.952416999921759 ], [ -79.05073599083893, 34.953535000185916 ], [ -79.051817990903956, 34.952621999881565 ], [ -79.052802991225704, 34.953245999955151 ], [ -79.052705991253376, 34.952551999857768 ], [ -79.054549991301698, 34.952470000200982 ], [ -79.057807991583473, 34.949379000180095 ], [ -79.058662991346679, 34.95011000043484 ], [ -79.060517990984366, 34.949505999759893 ], [ -79.061485991676989, 34.950307999679033 ], [ -79.061645990896039, 34.949494999806774 ], [ -79.062706991537922, 34.949286000288197 ], [ -79.064074991783585, 34.949764000240755 ], [ -79.063774990946101, 34.950242000450906 ], [ -79.064975990968748, 34.949758999752042 ], [ -79.065142991604517, 34.950797000146771 ], [ -79.067691990794842, 34.951501000187207 ], [ -79.067318991743008, 34.95207799984329 ], [ -79.070962991133982, 34.952676999842396 ], [ -79.071022991162735, 34.953495000321986 ], [ -79.075340991559017, 34.953413000282623 ], [ -79.075734991037095, 34.954034000454577 ], [ -79.076955991731054, 34.953308000260222 ], [ -79.078176990795413, 34.954461999802774 ], [ -79.080479991112355, 34.954061000439381 ], [ -79.080873991519269, 34.955280999969119 ], [ -79.082401991033734, 34.955451000310077 ], [ -79.08474499148582, 34.957396000397182 ], [ -79.086840991709195, 34.957060000091872 ], [ -79.090732991508531, 34.958780000362751 ], [ -79.091833991510541, 34.957520999722959 ], [ -79.093181991432573, 34.958559000435393 ], [ -79.09405599092841, 34.957882999786733 ], [ -79.095190991074659, 34.958816999901366 ], [ -79.097099991263434, 34.958696000144819 ], [ -79.09789499125489, 34.960431999995194 ], [ -79.099569991664765, 34.959711999671349 ], [ -79.101172991418508, 34.961386999844947 ], [ -79.103909991197668, 34.96233199999309 ], [ -79.105018991638275, 34.964182999624171 ], [ -79.107568991395041, 34.964737999788383 ], [ -79.108036991275853, 34.965864000293834 ], [ -79.107449991642625, 34.966627999869367 ], [ -79.108510990870585, 34.966687999746959 ], [ -79.10917899088831, 34.967490000277422 ], [ -79.108751990951745, 34.967989999647465 ], [ -79.10968599090593, 34.96799700033386 ], [ -79.107538991377453, 34.969022000106769 ], [ -79.102275991453709, 34.969389999851131 ], [ -79.10238399109322, 34.972598000389993 ], [ -79.106240990795769, 34.982534000312491 ], [ -79.105652991483183, 34.989555000001396 ], [ -79.10041399122106, 34.988293999743163 ], [ -79.099185990861869, 34.993351999871663 ], [ -79.093926991461586, 34.997323999628975 ], [ -79.091587991544472, 35.001818999584721 ], [ -79.08074099111829, 35.00627200013998 ], [ -79.06964299156418, 35.013266999633423 ], [ -79.067048991580123, 35.012637000379513 ], [ -79.061937990866468, 35.009114999654791 ], [ -79.060654990806341, 35.004609999899593 ], [ -79.057525991011772, 35.001596000202042 ], [ -79.0568309912655, 34.999823999817139 ], [ -79.056445991580006, 34.997915999580464 ], [ -79.049698990954354, 34.991954000150947 ], [ -79.047443991200126, 34.985470999647738 ], [ -79.048098991138758, 34.981142000043491 ], [ -79.046579990723473, 34.977593000126582 ], [ -79.043355991149923, 34.975042999943909 ], [ -79.04267599165189, 34.972018000138497 ], [ -79.04109099156075, 34.970514000221343 ], [ -79.041174990909951, 34.967979999926769 ], [ -79.040019991335797, 34.966955999722018 ], [ -79.037270991408732, 34.96704499974382 ], [ -79.034857990779244, 34.96332999979451 ], [ -79.037537991149449, 34.957741999672741 ], [ -79.036916991661442, 34.956953000174842 ] ] ] } },
{ "type": "Feature", "properties": { "county": "ALAMANCE", "precinct": "1210", "enr_desc": "Burlington 10", "winner": "Richard N. Ojeda II", "winner_votes": 85.0, "winner_share": 49.707602339181285, "runner_up": "Nigel W. Bristow", "runner_up_votes": 34.0, "runner_up_share": 19.883040935672515, "contest_votes": 171.0, "margin_of_victory": 29.82456140350877, "is_tie": false, "results": [ { "candidate": "Richard N. Ojeda II", "votes": 85, "share": 49.707602339181285 }, { "candidate": "Nigel W. Bristow", "votes": 34, "share": 19.883040935672515 }, { "candidate": "Lent C. Carr II", "votes": 30, "share": 17.543859649122805 }, { "candidate": "Loren Bibler", "votes": 22, "share": 12.865497076023392 } ], "participated": true, "map_key": "ALAMANCE_1210" }, "geometry": { "type": "Polygon", "coordinates": [ [ [ -79.45112999092558, 36.077666999651953 ], [ -79.438955991609689, 36.072814000262937 ], [ -79.434840991630509, 36.070301000081827 ], [ -79.431150990671171, 36.068024999858736 ], [ -79.427850991254914, 36.067550000280988 ], [ -79.431114991170688, 36.063946000378159 ], [ -79.441148991072851, 36.065258999839891 ], [ -79.464945991236988, 36.064614999595534 ], [ -79.468884990614811, 36.065354000227465 ], [ -79.466731990666872, 36.070077999727317 ], [ -79.457265991138314, 36.073277999748825 ], [ -79.45112999092558, 36.077666999651953 ] ] ] } },
{ "type": "Feature", "properties": { "county": "ALAMANCE", "precinct": "125", "enr_desc": "Burlington 5", "winner": "Richard N. Ojeda II", "winner_votes": 105.0, "winner_share": 51.980198019801982, "runner_up": "Nigel W. Bristow", "runner_up_votes": 39.0, "runner_up_share": 19.306930693069308, "contest_votes": 202.0, "margin_of_victory": 32.67326732673267, "is_tie": false, "results": [ { "candidate": "Richard N. Ojeda II", "votes": 105, "share": 51.98019801980198 }, { "candidate": "Nigel W. Bristow", "votes": 39, "share": 19.306930693069308 }, { "candidate": "Loren Bibler", "votes": 36, "share": 17.82178217821782 }, { "candidate": "Lent C. Carr II", "votes": 22, "share": 10.891089108910892 } ], "participated": true, "map_key": "ALAMANCE_125" }, "geometry": { "type": "Polygon", "coordinates": [ [ [ -79.468884990614811, 36.065354000227465 ], [ -79.483093991091792, 36.069394999682679 ], [ -79.482619990885425, 36.071656000342429 ], [ -79.482527991200655, 36.07209799969376 ], [ -79.480656991423629, 36.080894999789635 ], [ -79.461138990857535, 36.082723000199451 ], [ -79.45112999092558, 36.077666999651953 ], [ -79.457265991138314, 36.073277999748825 ], [ -79.466731990666872, 36.070077999727317 ], [ -79.468884990614811, 36.065354000227465 ] ] ] } },
{ "type": "Feature", "properties": { "county": "ALAMANCE", "precinct": "126", "enr_desc": "Burlington 6", "winner": "Richard N. Ojeda II", "winner_votes": 128.0, "winner_share": 54.008438818565395, "runner_up": "Nigel W. Bristow", "runner_up_votes": 54.0, "runner_up_share": 22.784810126582279, "contest_votes": 237.0, "margin_of_victory": 31.223628691983116, "is_tie": false, "results": [ { "candidate": "Richard N. Ojeda II", "votes": 128, "share": 54.008438818565395 }, { "candidate": "Nigel W. Bristow", "votes": 54, "share": 22.78481012658228 }, { "candidate": "Lent C. Carr II", "votes": 28, "share": 11.814345991561181 }, { "candidate": "Loren Bibler", "votes": 27, "share": 11.39240506329114 } ], "participated": true, "map_key": "ALAMANCE_126" }, "geometry": { "type": "Polygon", "coordinates": [ [ [ -79.455587991235546, 36.084102999707689 ], [ -79.461138990857535, 36.082723000199451 ], [ -79.480656991423629, 36.080894999789635 ], [ -79.479104990684348, 36.088037999827016 ], [ -79.478588990591277, 36.090082000083328 ], [ -79.476917991644669, 36.096931999902303 ], [ -79.459614990613304, 36.094888000480495 ], [ -79.457886991446571, 36.096136999903798 ], [ -79.455971991398528, 36.094493999894155 ], [ -79.456427991350452, 36.08625200046032 ], [ -79.455587991235546, 36.084102999707689 ] ] ] } },
{ "type": "Feature", "properties": { "county": "ALAMANCE", "precinct": "128", "enr_desc": "Burlington 8", "winner": "Richard N. Ojeda II", "winner_votes": 78.0, "winner_share": 47.560975609756099, "runner_up": "Nigel W. Bristow", "runner_up_votes": 35.0, "runner_up_share": 21.341463414634145, "contest_votes": 164.0, "margin_of_victory": 26.219512195121954, "is_tie": false, "results": [ { "candidate": "Richard N. Ojeda II", "votes": 78, "share": 47.5609756097561 }, { "candidate": "Nigel W. Bristow", "votes": 35, "share": 21.341463414634145 }, { "candidate": "Loren Bibler", "votes": 32, "share": 19.51219512195122 }, { "candidate": "Lent C. Carr II", "votes": 19, "share": 11.585365853658537 } ], "participated": true, "map_key": "ALAMANCE_128" }, "geometry": { "type": "Polygon", "coordinates": [ [ [ -79.45112999092558, 36.077666999651953 ], [ -79.461138990857535, 36.082723000199451 ], [ -79.455587991235546, 36.084102999707689 ], [ -79.449921990616431, 36.085625999823243 ], [ -79.435724991055892, 36.094419999722021 ], [ -79.430480991014051, 36.088891999836541 ], [ -79.428497991060851, 36.086760999690171 ], [ -79.433966991323885, 36.08329399980294 ], [ -79.434840991630509, 36.070301000081827 ], [ -79.438955991609689, 36.072814000262937 ], [ -79.45112999092558, 36.077666999651953 ] ] ] } },
{ "type": "Feature", "properties": { "county": "ALAMANCE", "precinct": "124", "enr_desc": "Burlington 4", "winner": "Richard N. Ojeda II", "winner_votes": 100.0, "winner_share": 54.644808743169406, "runner_up": "Nigel W. Bristow", "runner_up_votes": 35.0, "runner_up_share": 19.125683060109289, "contest_votes": 183.0, "margin_of_victory": 35.519125683060118, "is_tie": false, "results": [ { "candidate": "Richard N. Ojeda II", "votes": 100, "share": 54.644808743169406 }, { "candidate": "Nigel W. Bristow", "votes": 35, "share": 19.12568306010929 }, { "candidate": "Lent C. Carr II", "votes": 25, "share": 13.661202185792352 }, { "candidate": "Loren Bibler", "votes": 23, "share": 12.568306010928962 } ], "participated": true, "map_key": "ALAMANCE_124" }, "geometry": { "type": "Polygon", "coordinates": [ [ [ -79.457886991446571, 36.096136999903798 ], [ -79.459614990613304, 36.094888000480495 ], [ -79.476917991644669, 36.096931999902303 ], [ -79.472755990903153, 36.112422000368277 ], [ -79.472575991351349, 36.11309399985624 ], [ -79.452738990892939, 36.103539000472402 ], [ -79.458380991016412, 36.099098999644767 ], [ -79.457886991446571, 36.096136999903798 ] ] ] } },
{ "type": "Feature", "properties": { "county": "ALAMANCE", "precinct": "127", "enr_desc": "Burlington 7", "winner": "Richard N. Ojeda II", "winner_votes": 228.0, "winner_share": 47.899159663865547, "runner_up": "Nigel W. Bristow", "runner_up_votes": 116.0, "runner_up_share": 24.369747899159663, "contest_votes": 476.0, "margin_of_victory": 23.529411764705884, "is_tie": false, "results": [ { "candidate": "Richard N. Ojeda II", "votes": 228, "share": 47.89915966386555 }, { "candidate": "Nigel W. Bristow", "votes": 116, "share": 24.369747899159663 }, { "candidate": "Loren Bibler", "votes": 70, "share": 14.705882352941178 }, { "candidate": "Lent C. Carr II", "votes": 62, "share": 13.025210084033615 } ], "participated": true, "map_key": "ALAMANCE_127" }, "geometry": { "type": "Polygon", "coordinates": [ [ [ -79.438600991023378, 36.097701999789393 ], [ -79.441006990694689, 36.100013000005241 ], [ -79.444797991413083, 36.102034000239421 ], [ -79.452738990892939, 36.103539000472402 ], [ -79.472575991351349, 36.11309399985624 ], [ -79.471581990858695, 36.118885000179404 ], [ -79.469358991534477, 36.125073000181537 ], [ -79.465003991670855, 36.133346999746934 ], [ -79.462592991273141, 36.132556999853215 ], [ -79.460097990967256, 36.13292600021564 ], [ -79.459213990899471, 36.13396100005496 ], [ -79.458879990937945, 36.136503000120697 ], [ -79.45715799142917, 36.137495999816061 ], [ -79.454384990661254, 36.137189999921581 ], [ -79.453720991443063, 36.135267999953498 ], [ -79.452615990604443, 36.134906999708136 ], [ -79.447294991498893, 36.136748999967196 ], [ -79.441749991363736, 36.135302000439872 ], [ -79.440404991303879, 36.135721000258854 ], [ -79.43673299164314, 36.138059000408674 ], [ -79.435314990948072, 36.141190000046187 ], [ -79.433682990900934, 36.141751999964903 ], [ -79.429139990590485, 36.137534999837889 ], [ -79.42477599100458, 36.135414999887779 ], [ -79.421403991583233, 36.132544000380932 ], [ -79.414415991031163, 36.130062999857138 ], [ -79.408624991256971, 36.124592999923301 ], [ -79.408964991221822, 36.124389000062621 ], [ -79.412524991598318, 36.124587000035397 ], [ -79.420363991123125, 36.123225999914816 ], [ -79.424249991622631, 36.120471999888117 ], [ -79.426475991648076, 36.117806999910492 ], [ -79.42920599141479, 36.116835000348111 ], [ -79.431536991369896, 36.113923000234394 ], [ -79.433983991072665, 36.108363999921949 ], [ -79.434290991308046, 36.102706000436271 ], [ -79.437245990601809, 36.102716000374897 ], [ -79.439007991509001, 36.103560000091136 ], [ -79.439310990979138, 36.099447999970721 ], [ -79.439985991312938, 36.099555000199487 ], [ -79.438164991316626, 36.098129999725288 ], [ -79.438600991023378, 36.097701999789393 ] ] ] } },
{ "type": "Feature", "properties": { "county": "ALAMANCE", "precinct": "12W", "enr_desc": "West Burlington", "winner": "Richard N. Ojeda II", "winner_votes": 163.0, "winner_share": 60.147601476014756, "runner_up": "Nigel W. Bristow", "runner_up_votes": 37.0, "runner_up_share": 13.653136531365314, "contest_votes": 271.0, "margin_of_victory": 46.494464944649444, "is_tie": false, "results": [ { "candidate": "Richard N. Ojeda II", "votes": 163, "share": 60.147601476014756 }, { "candidate": "Nigel W. Bristow", "votes": 37, "share": 13.653136531365314 }, { "candidate": "Loren Bibler", "votes": 36, "share": 13.284132841328415 }, { "candidate": "Lent C. Carr II", "votes": 35, "share": 12.915129151291513 } ], "participated": true, "map_key": "ALAMANCE_12W" }, "geometry": { "type": "Polygon", "coordinates": [ [ [ -79.457886991446571, 36.096136999903798 ], [ -79.458380991016412, 36.099098999644767 ], [ -79.452738990892939, 36.103539000472402 ], [ -79.444797991413083, 36.102034000239421 ], [ -79.441006990694689, 36.100013000005241 ], [ -79.438600991023378, 36.097701999789393 ], [ -79.435724991055892, 36.094419999722021 ], [ -79.449921990616431, 36.085625999823243 ], [ -79.455587991235546, 36.084102999707689 ], [ -79.456427991350452, 36.08625200046032 ], [ -79.455971991398528, 36.094493999894155 ], [ -79.457886991446571, 36.096136999903798 ] ] ] } },
{ "type": "Feature", "properties": { "county": "ALAMANCE", "precinct": "129", "enr_desc": "Burlington 9", "winner": "Richard N. Ojeda II", "winner_votes": 78.0, "winner_share": 49.056603773584904, "runner_up": "Lent C. Carr II", "runner_up_votes": 31.0, "runner_up_share": 19.49685534591195, "contest_votes": 159.0, "margin_of_victory": 29.559748427672954, "is_tie": false, "results": [ { "candidate": "Richard N. Ojeda II", "votes": 78, "share": 49.056603773584904 }, { "candidate": "Lent C. Carr II", "votes": 31, "share": 19.49685534591195 }, { "candidate": "Nigel W. Bristow", "votes": 30, "share": 18.867924528301888 }, { "candidate": "Loren Bibler", "votes": 20, "share": 12.578616352201259 } ], "participated": true, "map_key": "ALAMANCE_129" }, "geometry": { "type": "Polygon", "coordinates": [ [ [ -79.440701991221076, 36.028255000431876 ], [ -79.444490991042713, 36.029915000347863 ], [ -79.44673699144893, 36.032002999588848 ], [ -79.454642991236668, 36.033526999811755 ], [ -79.458113991552281, 36.032737000032704 ], [ -79.458851991444121, 36.031272999806099 ], [ -79.460443991654159, 36.030840000281607 ], [ -79.464145990696309, 36.033649000001184 ], [ -79.468232991477578, 36.032137999771415 ], [ -79.470444991626678, 36.032416000012987 ], [ -79.472779990665671, 36.033873999599123 ], [ -79.478568990917083, 36.033080000254799 ], [ -79.481849991008957, 36.033627000389544 ], [ -79.482360990943434, 36.036533000322251 ], [ -79.485608990792329, 36.039442999703041 ], [ -79.488380991172946, 36.03989000038743 ], [ -79.483927991237906, 36.065760999713248 ], [ -79.483623990779975, 36.067272999801745 ], [ -79.483093991091792, 36.069394999682679 ], [ -79.468884990614811, 36.065354000227465 ], [ -79.464945991236988, 36.064614999595534 ], [ -79.441148991072851, 36.065258999839891 ], [ -79.431114991170688, 36.063946000378159 ], [ -79.433663991461302, 36.059929000131298 ], [ -79.438387991010103, 36.032007000471481 ], [ -79.440701991221076, 36.028255000431876 ] ] ] } },
{ "type": "Feature", "properties": { "county": "ALAMANCE", "precinct": "12E", "enr_desc": "East Burlington", "winner": "Richard N. Ojeda II", "winner_votes": 68.0, "winner_share": 41.717791411042946, "runner_up": "Nigel W. Bristow", "runner_up_votes": 39.0, "runner_up_share": 23.926380368098162, "contest_votes": 163.0, "margin_of_victory": 17.791411042944784, "is_tie": false, "results": [ { "candidate": "Richard N. Ojeda II", "votes": 68, "share": 41.717791411042946 }, { "candidate": "Nigel W. Bristow", "votes": 39, "share": 23.92638036809816 }, { "candidate": "Loren Bibler", "votes": 33, "share": 20.245398773006134 }, { "candidate": "Lent C. Carr II", "votes": 23, "share": 14.11042944785276 } ], "participated": true, "map_key": "ALAMANCE_12E" }, "geometry": { "type": "Polygon", "coordinates": [ [ [ -79.430480991014051, 36.088891999836541 ], [ -79.435724991055892, 36.094419999722021 ], [ -79.429740991034691, 36.097637999604984 ], [ -79.418312990814016, 36.09791100012221 ], [ -79.406021991371716, 36.095305000193754 ], [ -79.406184991164153, 36.089507000194551 ], [ -79.408756991536492, 36.083503000197602 ], [ -79.408578991402678, 36.082617000349472 ], [ -79.413506990862089, 36.084241999781 ], [ -79.417805991543531, 36.085736000291242 ], [ -79.417948990596059, 36.087421000435171 ], [ -79.425377991546327, 36.087050999678944 ], [ -79.429717991645461, 36.089352999813237 ], [ -79.430480991014051, 36.088891999836541 ] ] ] } },
{ "type": "Feature", "properties": { "county": "ALAMANCE", "precinct": "12N", "enr_desc": "North Burlington", "winner": "Richard N. Ojeda II", "winner_votes": 207.0, "winner_share": 47.916666666666671, "runner_up": "Nigel W. Bristow", "runner_up_votes": 117.0, "runner_up_share": 27.083333333333332, "contest_votes": 432.0, "margin_of_victory": 20.833333333333339, "is_tie": false, "results": [ { "candidate": "Richard N. Ojeda II", "votes": 207, "share": 47.91666666666667 }, { "candidate": "Nigel W. Bristow", "votes": 117, "share": 27.083333333333332 }, { "candidate": "Lent C. Carr II", "votes": 59, "share": 13.657407407407407 }, { "candidate": "Loren Bibler", "votes": 49, "share": 11.342592592592593 } ], "participated": true, "map_key": "ALAMANCE_12N" }, "geometry": { "type": "Polygon", "coordinates": [ [ [ -79.406021991371716, 36.095305000193754 ], [ -79.418312990814016, 36.09791100012221 ], [ -79.429740991034691, 36.097637999604984 ], [ -79.435724991055892, 36.094419999722021 ], [ -79.438600991023378, 36.097701999789393 ], [ -79.438164991316626, 36.098129999725288 ], [ -79.439985991312938, 36.099555000199487 ], [ -79.439310990979138, 36.099447999970721 ], [ -79.439007991509001, 36.103560000091136 ], [ -79.437245990601809, 36.102716000374897 ], [ -79.434290991308046, 36.102706000436271 ], [ -79.433983991072665, 36.108363999921949 ], [ -79.431536991369896, 36.113923000234394 ], [ -79.42920599141479, 36.116835000348111 ], [ -79.426475991648076, 36.117806999910492 ], [ -79.424249991622631, 36.120471999888117 ], [ -79.420363991123125, 36.123225999914816 ], [ -79.412524991598318, 36.124587000035397 ], [ -79.408964991221822, 36.124389000062621 ], [ -79.409123990998921, 36.119303000220171 ], [ -79.405831990775567, 36.117186999709332 ], [ -79.403733990628595, 36.114349999737371 ], [ -79.402072990735761, 36.109069999629163 ], [ -79.404653991356938, 36.105998000040074 ], [ -79.405822991566637, 36.10248799995027 ], [ -79.406021991371716, 36.095305000193754 ] ] ] } },
{ "type": "Feature", "properties": { "county": "ALAMANCE", "precinct": "12S", "enr_desc": "South Burlington", "winner": "Richard N. Ojeda II", "winner_votes": 42.0, "winner_share": 37.5, "runner_up": "Nigel W. Bristow", "runner_up_votes": 41.0, "runner_up_share": 36.607142857142854, "contest_votes": 112.0, "margin_of_victory": 0.8928571428571459, "is_tie": false, "results": [ { "candidate": "Richard N. Ojeda II", "votes": 42, "share": 37.5 }, { "candidate": "Nigel W. Bristow", "votes": 41, "share": 36.607142857142854 }, { "candidate": "Lent C. Carr II", "votes": 15, "share": 13.392857142857142 }, { "candidate": "Loren Bibler", "votes": 14, "share": 12.5 } ], "participated": true, "map_key": "ALAMANCE_12S" }, "geometry": { "type": "Polygon", "coordinates": [ [ [ -79.427850991254914, 36.067550000280988 ], [ -79.431150990671171, 36.068024999858736 ], [ -79.434840991630509, 36.070301000081827 ], [ -79.433966991323885, 36.08329399980294 ], [ -79.428497991060851, 36.086760999690171 ], [ -79.430480991014051, 36.088891999836541 ], [ -79.429717991645461, 36.089352999813237 ], [ -79.425377991546327, 36.087050999678944 ], [ -79.417948990596059, 36.087421000435171 ], [ -79.417805991543531, 36.085736000291242 ], [ -79.418281990839318, 36.078010999647354 ], [ -79.425932990779074, 36.072765999987283 ], [ -79.42596899073925, 36.067729000403283 ], [ -79.427850991254914, 36.067550000280988 ] ] ] } },
{ "type": "Feature", "properties": { "county": "ALAMANCE", "precinct": "13", "enr_desc": "Haw River", "winner": "Richard N. Ojeda II", "winner_votes": 192.0, "winner_share": 53.333333333333336, "runner_up": "Nigel W. Bristow", "runner_up_votes": 74.0, "runner_up_share": 20.555555555555554, "contest_votes": 360.0, "margin_of_victory": 32.777777777777786, "is_tie": false, "results": [ { "candidate": "Richard N. Ojeda II", "votes": 192, "share": 53.333333333333336 }, { "candidate": "Nigel W. Bristow", "votes": 74, "share": 20.555555555555554 }, { "candidate": "Lent C. Carr II", "votes": 54, "share": 15.0 }, { "candidate": "Loren Bibler", "votes": 40, "share": 11.11111111111111 } ], "participated": true, "map_key": "ALAMANCE_13" }, "geometry": { "type": "Polygon", "coordinates": [ [ [ -79.386797991157522, 36.088644999776733 ], [ -79.386891991143898, 36.091214000359301 ], [ -79.38524599120629, 36.090867000243449 ], [ -79.384972991486123, 36.092804000379033 ], [ -79.383584991570913, 36.093826999660436 ], [ -79.380615991420356, 36.094304999919807 ], [ -79.380530991221832, 36.092762000358213 ], [ -79.376907991335855, 36.092751999643035 ], [ -79.376922990735835, 36.093765000287242 ], [ -79.374951991404302, 36.094407999608514 ], [ -79.37531199066936, 36.095632000470196 ], [ -79.37399899094639, 36.09592000026668 ], [ -79.373793991377894, 36.095193999774317 ], [ -79.371968990695876, 36.095783999593287 ], [ -79.379477991170262, 36.100230000143853 ], [ -79.385748991492804, 36.105485000030818 ], [ -79.379909991536678, 36.109418000237319 ], [ -79.378807991660238, 36.108111999689704 ], [ -79.376878991671774, 36.108998999840658 ], [ -79.377086990774217, 36.110274000412005 ], [ -79.375567990833261, 36.110277000355708 ], [ -79.376677991199344, 36.11357500002007 ], [ -79.375111990669808, 36.115368999629368 ], [ -79.374787991217445, 36.11720499988099 ], [ -79.372956990981365, 36.116534000278946 ], [ -79.3717429911149, 36.117301999600201 ], [ -79.372004991106451, 36.118445000263861 ], [ -79.370910990657791, 36.11997900046709 ], [ -79.369702991377963, 36.119706000386245 ], [ -79.369972991200569, 36.120567000356282 ], [ -79.367323991385462, 36.120266999683103 ], [ -79.367072990721638, 36.137327999993204 ], [ -79.293201991679936, 36.137805999613327 ], [ -79.295447991158653, 36.134766999807397 ], [ -79.295617991274469, 36.132568999750468 ], [ -79.298891990642701, 36.12895299987521 ], [ -79.298779991445201, 36.126343000089221 ], [ -79.306508991106895, 36.120988000084296 ], [ -79.306254991422932, 36.117164000363871 ], [ -79.312718991300443, 36.113550999860969 ], [ -79.313675990732378, 36.107435000275828 ], [ -79.317625990811649, 36.106678999728295 ], [ -79.321038991558922, 36.10317600013007 ], [ -79.32504599135612, 36.105075999952795 ], [ -79.32702099167463, 36.102878000130701 ], [ -79.32677499167589, 36.101575000137146 ], [ -79.328486991144004, 36.099008999618412 ], [ -79.329953991164246, 36.098590000342661 ], [ -79.331950991273573, 36.099801000215955 ], [ -79.334162990927979, 36.09700200035045 ], [ -79.336512991541326, 36.095632999595168 ], [ -79.335739990987094, 36.092362000065322 ], [ -79.334521991102235, 36.091176000177533 ], [ -79.333297991100366, 36.091971000099853 ], [ -79.332691991218098, 36.090718999891045 ], [ -79.334184990733533, 36.086015000329866 ], [ -79.336669991234714, 36.083859999645348 ], [ -79.337581991247276, 36.079671999736604 ], [ -79.341250991042415, 36.079332000198463 ], [ -79.342685991055447, 36.076956000299987 ], [ -79.345010991245871, 36.075690000175285 ], [ -79.344831990705131, 36.074024000332074 ], [ -79.343680990625558, 36.073605999974887 ], [ -79.344352991452936, 36.074852999600331 ], [ -79.342884990951731, 36.074866999738447 ], [ -79.342386991370475, 36.07291599979208 ], [ -79.343765991204862, 36.071416999762711 ], [ -79.344935991321123, 36.06653700007935 ], [ -79.348538990762222, 36.065563000266998 ], [ -79.349804991668165, 36.064030999867001 ], [ -79.352117991670383, 36.065391000236836 ], [ -79.355853990974438, 36.062486000273516 ], [ -79.353045991543055, 36.061013000307277 ], [ -79.352501991270898, 36.059828000382737 ], [ -79.354960990959171, 36.055193000239193 ], [ -79.353604991378489, 36.052471999730699 ], [ -79.355938990957867, 36.049420999942946 ], [ -79.358689990726504, 36.050663000420244 ], [ -79.360683991082311, 36.050579000474947 ], [ -79.359712991219979, 36.048946999869209 ], [ -79.359905991543272, 36.046138000275427 ], [ -79.362074990983785, 36.045260999821139 ], [ -79.362628991466906, 36.043879999911091 ], [ -79.366499991233297, 36.044466999817189 ], [ -79.368032990698907, 36.045806000128749 ], [ -79.366095991247391, 36.049399000271229 ], [ -79.367791991598523, 36.057100000099432 ], [ -79.366421991245147, 36.05915200020884 ], [ -79.363776991464491, 36.060791999820999 ], [ -79.361624990937671, 36.064559000203467 ], [ -79.360721990920155, 36.06886299976172 ], [ -79.359006990972517, 36.075013999731162 ], [ -79.361768990782281, 36.079564999692238 ], [ -79.362396991575594, 36.082221000406285 ], [ -79.365725991693608, 36.086317999729737 ], [ -79.371360991516312, 36.0846830000119 ], [ -79.371133991260407, 36.07934999962243 ], [ -79.370105990965357, 36.077306000176407 ], [ -79.376427990985363, 36.077713999882491 ], [ -79.376176991665886, 36.081827999924236 ], [ -79.378628991186105, 36.084814999962781 ], [ -79.380329990917716, 36.086927999971905 ], [ -79.381441990650558, 36.086228999739703 ], [ -79.384024990648825, 36.087363999931704 ], [ -79.384597991522611, 36.088450000009658 ], [ -79.386797991157522, 36.088644999776733 ] ] ] } },
{ "type": "Feature", "properties": { "county": "HOKE", "precinct": "13", "enr_desc": "Stonewall", "winner": "Richard N. Ojeda II", "winner_votes": 46.0, "winner_share": 39.316239316239319, "runner_up": "Lent C. Carr II", "runner_up_votes": 33.0, "runner_up_share": 28.205128205128204, "contest_votes": 117.0, "margin_of_victory": 11.111111111111114, "is_tie": false, "results": [ { "candidate": "Richard N. Ojeda II", "votes": 46, "share": 39.31623931623932 }, { "candidate": "Lent C. Carr II", "votes": 33, "share": 28.205128205128204 }, { "candidate": "Loren Bibler", "votes": 24, "share": 20.51282051282051 }, { "candidate": "Nigel W. Bristow", "votes": 14, "share": 11.965811965811966 } ], "participated": true, "map_key": "HOKE_13" }, "geometry": { "type": "Polygon", "coordinates": [ [ [ -79.130759991733314, 34.881052999699918 ], [ -79.133826991047954, 34.884824999627803 ], [ -79.132283991760644, 34.886677000177954 ], [ -79.134577990784351, 34.888257000013667 ], [ -79.140685991317469, 34.889968999922452 ], [ -79.142518991664105, 34.889335000156279 ], [ -79.145240990883195, 34.889793999604905 ], [ -79.150408991083097, 34.892406000265815 ], [ -79.153906990748382, 34.900673000398974 ], [ -79.163487991089568, 34.90279099959276 ], [ -79.166757991522203, 34.901833999923134 ], [ -79.173085991179576, 34.904392000211686 ], [ -79.175733991673567, 34.906770000318936 ], [ -79.177861991756259, 34.907225999970962 ], [ -79.181999991686382, 34.911882000228523 ], [ -79.180163990820787, 34.914294999853283 ], [ -79.185041991677451, 34.917030000460684 ], [ -79.18714599106795, 34.919174000079757 ], [ -79.189902990773504, 34.926325000093307 ], [ -79.192722991216712, 34.930170000278231 ], [ -79.192774991246395, 34.935340000177355 ], [ -79.195913991684364, 34.941207000310634 ], [ -79.206719991475993, 34.944817999983556 ], [ -79.206477990921655, 34.94966900029663 ], [ -79.209787991062072, 34.955684000155991 ], [ -79.205079991107894, 34.95496499986983 ], [ -79.201928991033256, 34.957374999572082 ], [ -79.197412991032607, 34.958230999740174 ], [ -79.19188599095709, 34.960993000101148 ], [ -79.192623991793369, 34.963522000331935 ], [ -79.189817990744231, 34.965527000354747 ], [ -79.185277991046064, 34.970845999886784 ], [ -79.184676990859373, 34.972648999793492 ], [ -79.180241991520901, 34.972267000165367 ], [ -79.176258990961955, 34.97237900014597 ], [ -79.17177999121364, 34.970245999778165 ], [ -79.165209991207632, 34.97180500008362 ], [ -79.158828990717893, 34.971485000128673 ], [ -79.15821399174429, 34.972270999873288 ], [ -79.154695990769383, 34.973039000245443 ], [ -79.148386991536555, 34.972581000335417 ], [ -79.147184991717111, 34.973207000413879 ], [ -79.140082991511463, 34.971917999896839 ], [ -79.135531991755428, 34.969498000003469 ], [ -79.125577991280593, 34.969876999770229 ], [ -79.124132990888569, 34.96898999993028 ], [ -79.121642991435223, 34.969123000401218 ], [ -79.12162199147005, 34.968392000235497 ], [ -79.119399991264615, 34.969162000398484 ], [ -79.116575991107922, 34.968086000256619 ], [ -79.112957991149585, 34.969466999907993 ], [ -79.11223699142738, 34.96857199962659 ], [ -79.10968599090593, 34.96799700033386 ], [ -79.108751990951745, 34.967989999647465 ], [ -79.10917899088831, 34.967490000277422 ], [ -79.108510990870585, 34.966687999746959 ], [ -79.107449991642625, 34.966627999869367 ], [ -79.108036991275853, 34.965864000293834 ], [ -79.107568991395041, 34.964737999788383 ], [ -79.105018991638275, 34.964182999624171 ], [ -79.103909991197668, 34.96233199999309 ], [ -79.101172991418508, 34.961386999844947 ], [ -79.099569991664765, 34.959711999671349 ], [ -79.09789499125489, 34.960431999995194 ], [ -79.097099991263434, 34.958696000144819 ], [ -79.095190991074659, 34.958816999901366 ], [ -79.09405599092841, 34.957882999786733 ], [ -79.093181991432573, 34.958559000435393 ], [ -79.091833991510541, 34.957520999722959 ], [ -79.090732991508531, 34.958780000362751 ], [ -79.086840991709195, 34.957060000091872 ], [ -79.08474499148582, 34.957396000397182 ], [ -79.082401991033734, 34.955451000310077 ], [ -79.080873991519269, 34.955280999969119 ], [ -79.080479991112355, 34.954061000439381 ], [ -79.078176990795413, 34.954461999802774 ], [ -79.076955991731054, 34.953308000260222 ], [ -79.075734991037095, 34.954034000454577 ], [ -79.075340991559017, 34.953413000282623 ], [ -79.071022991162735, 34.953495000321986 ], [ -79.070962991133982, 34.952676999842396 ], [ -79.067318991743008, 34.95207799984329 ], [ -79.067691990794842, 34.951501000187207 ], [ -79.065142991604517, 34.950797000146771 ], [ -79.064975990968748, 34.949758999752042 ], [ -79.063774990946101, 34.950242000450906 ], [ -79.064074991783585, 34.949764000240755 ], [ -79.062706991537922, 34.949286000288197 ], [ -79.061645990896039, 34.949494999806774 ], [ -79.061485991676989, 34.950307999679033 ], [ -79.060517990984366, 34.949505999759893 ], [ -79.058662991346679, 34.95011000043484 ], [ -79.057807991583473, 34.949379000180095 ], [ -79.054549991301698, 34.952470000200982 ], [ -79.052705991253376, 34.952551999857768 ], [ -79.052802991225704, 34.953245999955151 ], [ -79.051817990903956, 34.952621999881565 ], [ -79.05073599083893, 34.953535000185916 ], [ -79.049652991146019, 34.952416999921759 ], [ -79.048815990890787, 34.953854000089848 ], [ -79.04592699100094, 34.953223000003753 ], [ -79.045325991780913, 34.954744000420739 ], [ -79.040462990988942, 34.953442999848804 ], [ -79.038994991384286, 34.954301999824111 ], [ -79.037301991441709, 34.953839000333801 ], [ -79.03874699082543, 34.952715000151542 ], [ -79.130759991733314, 34.881052999699918 ] ] ] } },
{ "type": "Feature", "properties": { "county": null, "precinct": null, "enr_desc": "G50", "winner": null, "winner_votes": null, "winner_share": null, "runner_up": null, "runner_up_votes": null, "runner_up_share": null, "contest_votes": null, "margin_of_victory": null, "is_tie": false, "results": null, "participated": false, "map_key": null }, "geometry": { "type": "Polygon", "coordinates": [ [ [ -79.84072699100247, 36.044275000428726 ], [ -79.849449990821896, 36.046589999963807 ], [ -79.856590991690354, 36.048220999700028 ], [ -79.860495991425466, 36.04892299970016 ], [ -79.869025991087682, 36.048650000154758 ], [ -79.873443991226864, 36.049973000087967 ], [ -79.891233991590482, 36.05656100002512 ], [ -79.890148991336687, 36.057026999733736 ], [ -79.884477991530588, 36.059365000481073 ], [ -79.880283991249343, 36.059758999870986 ], [ -79.863880991321295, 36.060216000426109 ], [ -79.860374990981228, 36.061775000429229 ], [ -79.850458990824023, 36.060146999719706 ], [ -79.844275990902915, 36.059431000444398 ], [ -79.823914991446301, 36.061720000471233 ], [ -79.826921991567502, 36.060143999915034 ], [ -79.827940991090713, 36.058108000156459 ], [ -79.831413990998257, 36.055090999753084 ], [ -79.835899991235678, 36.048173000435106 ], [ -79.84072699100247, 36.044275000428726 ] ] ] } },
{ "type": "Feature", "properties": { "county": "HOKE", "precinct": "14", "enr_desc": "Wayside", "winner": "Richard N. Ojeda II", "winner_votes": 165.0, "winner_share": 32.86852589641434, "runner_up": "Lent C. Carr II", "runner_up_votes": 152.0, "runner_up_share": 30.278884462151396, "contest_votes": 502.0, "margin_of_victory": 2.5896414342629441, "is_tie": false, "results": [ { "candidate": "Richard N. Ojeda II", "votes": 165, "share": 32.86852589641434 }, { "candidate": "Lent C. Carr II", "votes": 152, "share": 30.278884462151396 }, { "candidate": "Nigel W. Bristow", "votes": 124, "share": 24.701195219123505 }, { "candidate": "Loren Bibler", "votes": 61, "share": 12.151394422310757 } ], "participated": true, "map_key": "HOKE_14" }, "geometry": { "type": "Polygon", "coordinates": [ [ [ -79.139838990806652, 35.028754000457774 ], [ -79.148428991011755, 35.024187999935947 ], [ -79.154083991017586, 35.019895000102629 ], [ -79.161254991807112, 35.01158699971667 ], [ -79.164845991082984, 35.009225999978781 ], [ -79.164719991357529, 35.012539999817683 ], [ -79.166776991169158, 35.015557999728955 ], [ -79.166488991150914, 35.018068999885116 ], [ -79.167776991626837, 35.020777999812296 ], [ -79.166519991378578, 35.023987000200492 ], [ -79.166960991502791, 35.025932000357834 ], [ -79.165534991681739, 35.029178000447622 ], [ -79.167318991402169, 35.043014000384659 ], [ -79.198726991018745, 35.039546999752787 ], [ -79.233049991329452, 35.041304000092673 ], [ -79.230834991141094, 35.066015999861349 ], [ -79.233238990889234, 35.080371000041609 ], [ -79.227544990784594, 35.104846999743202 ], [ -79.224223991766294, 35.115369000443465 ], [ -79.225167990885595, 35.12639500011894 ], [ -79.229157991222351, 35.13253399994182 ], [ -79.228676991777149, 35.133097000441111 ], [ -79.229681991202327, 35.133319999880101 ], [ -79.234184991204771, 35.140102999982403 ], [ -79.23626599172097, 35.146958000059058 ], [ -79.235139991707698, 35.161316999573231 ], [ -79.236482991425305, 35.166795000351449 ], [ -79.240538990784032, 35.173401999730714 ], [ -79.240700991691597, 35.183692999634211 ], [ -79.242862990910666, 35.187172999590956 ], [ -79.238754991741956, 35.198321000409322 ], [ -79.234802991512723, 35.205570999835324 ], [ -79.235487991225725, 35.206573000436073 ], [ -79.235039990772535, 35.20796500007463 ], [ -79.239109991419454, 35.206561000111847 ], [ -79.240124991402951, 35.207056000251981 ], [ -79.24016899154762, 35.208395999961986 ], [ -79.236675990941222, 35.210752999959567 ], [ -79.23427599096631, 35.2101239997777 ], [ -79.229711991540867, 35.210601999874001 ], [ -79.227408991158825, 35.207304000051131 ], [ -79.223967991234588, 35.204356999733946 ], [ -79.223510991275788, 35.202069999883079 ], [ -79.219755991594326, 35.202391999879268 ], [ -79.218316990739666, 35.198337999591033 ], [ -79.216683990855188, 35.19794099995849 ], [ -79.213991991027285, 35.195138000455252 ], [ -79.211628991619222, 35.193948000006372 ], [ -79.208058990926475, 35.194822000291914 ], [ -79.206208991491863, 35.19365699975603 ], [ -79.206088991510526, 35.195158999780752 ], [ -79.204224990842576, 35.195719000424695 ], [ -79.203495991252012, 35.194302000409024 ], [ -79.204297991274927, 35.192640999604464 ], [ -79.202377990777833, 35.192395999863855 ], [ -79.201274991624373, 35.193509000162848 ], [ -79.200509990769376, 35.192297999907886 ], [ -79.198489991295887, 35.192132999797629 ], [ -79.196001990729314, 35.193040000100986 ], [ -79.195076991230238, 35.191591000218445 ], [ -79.194373991506808, 35.192580999899967 ], [ -79.195359991569163, 35.193798000367792 ], [ -79.194890991786806, 35.194420000235027 ], [ -79.19312499103421, 35.194584000116336 ], [ -79.192731990992712, 35.1930740001972 ], [ -79.190706991723403, 35.193381999658271 ], [ -79.189039991338433, 35.192352000315672 ], [ -79.188592991015597, 35.194056999839965 ], [ -79.185040991729579, 35.193703000433558 ], [ -79.18332999127297, 35.191958999786785 ], [ -79.183755991318023, 35.190729999987411 ], [ -79.181129991355519, 35.189770999773501 ], [ -79.180090991000299, 35.190429000063112 ], [ -79.178648991759246, 35.189888000050409 ], [ -79.178267991247367, 35.191831000310806 ], [ -79.175213990806071, 35.193059999872638 ], [ -79.172393991626933, 35.19150699957315 ], [ -79.172831991413034, 35.190793999753176 ], [ -79.171970991748879, 35.189125999812696 ], [ -79.173251991303843, 35.18783999956743 ], [ -79.17265299082834, 35.186284000131288 ], [ -79.170218990848554, 35.184959000361701 ], [ -79.167959990818744, 35.185064000358921 ], [ -79.167497991405227, 35.183958000202132 ], [ -79.168969991313858, 35.182431999824566 ], [ -79.168328990761907, 35.181383000096993 ], [ -79.161954991169821, 35.180451999718528 ], [ -79.161505991441558, 35.178722999954594 ], [ -79.159341990931935, 35.179463000432598 ], [ -79.160408991193691, 35.182468999757198 ], [ -79.158702990730617, 35.182378999775572 ], [ -79.156412991230184, 35.179947000342814 ], [ -79.154442991549857, 35.180724999580683 ], [ -79.153983991038288, 35.178109000406863 ], [ -79.154973990782054, 35.176629999834823 ], [ -79.151832991743177, 35.174147000197614 ], [ -79.148762991146469, 35.17626399968308 ], [ -79.147626991470403, 35.176173999940843 ], [ -79.148892990728498, 35.173090000149877 ], [ -79.145752991587585, 35.172060000359522 ], [ -79.146359991533998, 35.170555999672587 ], [ -79.142843991482437, 35.169011999977421 ], [ -79.140809991060848, 35.169234000356859 ], [ -79.137272991737547, 35.171557000080227 ], [ -79.135507991226476, 35.176140999907588 ], [ -79.136259991246447, 35.177063999568283 ], [ -79.132951990858999, 35.177748999598357 ], [ -79.129550991490134, 35.175731000007957 ], [ -79.131509991064647, 35.173898999981276 ], [ -79.128214991637094, 35.171643999959997 ], [ -79.127564991634088, 35.167672000243243 ], [ -79.125263991694538, 35.166538000268943 ], [ -79.122948991763209, 35.167393000109001 ], [ -79.12248799082252, 35.169328999993958 ], [ -79.119872991200509, 35.171702000347331 ], [ -79.116345990995953, 35.171707999887076 ], [ -79.11186699139742, 35.170115000038784 ], [ -79.11007499149612, 35.170538000444928 ], [ -79.109213991425662, 35.171225999965579 ], [ -79.109612991281836, 35.172733999596012 ], [ -79.108915990739959, 35.174704000030388 ], [ -79.107533991456734, 35.175851999588978 ], [ -79.104410991466636, 35.175208999978615 ], [ -79.103382991596547, 35.172713000449043 ], [ -79.10109499172907, 35.171909000175113 ], [ -79.099562990896573, 35.173515999959051 ], [ -79.097550991044955, 35.174232999655572 ], [ -79.11292099145011, 35.1256510002382 ], [ -79.111864990783616, 35.124184000252114 ], [ -79.109121991202258, 35.124670999986094 ], [ -79.107560991455571, 35.122443999629731 ], [ -79.105454991410099, 35.121453000274528 ], [ -79.103481991614515, 35.116576000020721 ], [ -79.102883991037146, 35.116821999691574 ], [ -79.101265991074129, 35.114605999627159 ], [ -79.100114990735491, 35.110885000365307 ], [ -79.10075699126314, 35.108063000045725 ], [ -79.098976991613696, 35.105512000350409 ], [ -79.099826991692737, 35.103032000238549 ], [ -79.098321991522084, 35.100997000179532 ], [ -79.099555991039566, 35.098948999790565 ], [ -79.098022990924349, 35.095800999982302 ], [ -79.098457991150596, 35.094345000035624 ], [ -79.093175990841857, 35.090349000432674 ], [ -79.09349599155729, 35.089035000287879 ], [ -79.09173599146024, 35.082904000437715 ], [ -79.093427991246543, 35.079598000380535 ], [ -79.090547991191471, 35.077918999833742 ], [ -79.089408990918685, 35.073365000104019 ], [ -79.089333991250925, 35.070643999603874 ], [ -79.091026991765091, 35.06802400033677 ], [ -79.090795991469719, 35.064842000211463 ], [ -79.092087990876067, 35.063946999851694 ], [ -79.090387991739689, 35.059375000008664 ], [ -79.093165991007126, 35.056445999984305 ], [ -79.09112399096233, 35.054688999876888 ], [ -79.090022990884094, 35.053822000278842 ], [ -79.0896999913179, 35.052423000146881 ], [ -79.088189990809397, 35.051688999970132 ], [ -79.088938991784971, 35.050579000274439 ], [ -79.088107990817647, 35.049622999945313 ], [ -79.091782991372369, 35.04760599974 ], [ -79.090057991042286, 35.045806000163893 ], [ -79.090683991299002, 35.044020999946568 ], [ -79.090290991273818, 35.042031000214074 ], [ -79.087766991674755, 35.039862000309228 ], [ -79.087097991610904, 35.037608000069213 ], [ -79.084320990924638, 35.035591000249831 ], [ -79.083185991352423, 35.032660000373397 ], [ -79.130041991040969, 35.031614000060827 ], [ -79.135997991475548, 35.03086799994562 ], [ -79.139838990806652, 35.028754000457774 ] ] ] } },
{ "type": "Feature", "properties": { "county": null, "precinct": null, "enr_desc": "G55", "winner": null, "winner_votes": null, "winner_share": null, "runner_up": null, "runner_up_votes": null, "runner_up_share": null, "contest_votes": null, "margin_of_victory": null, "is_tie": false, "results": null, "participated": false, "map_key": null }, "geometry": { "type": "Polygon", "coordinates": [ [ [ -79.805931991677284, 36.001496999947911 ], [ -79.805715991645656, 36.000508999702184 ], [ -79.80732699142709, 36.000694000434727 ], [ -79.810487990972518, 36.001055000094922 ], [ -79.810230991144039, 36.007784999998194 ], [ -79.821948990912773, 36.008050999830097 ], [ -79.824246991376029, 36.007365999952597 ], [ -79.824256990920489, 36.008318000157537 ], [ -79.826525990943381, 36.008339000040806 ], [ -79.826241990809734, 36.021075000011713 ], [ -79.814767990855827, 36.017048999620513 ], [ -79.804315991498058, 36.017429999708277 ], [ -79.804636990914602, 36.011437000415448 ], [ -79.806288991353668, 36.004282000100318 ], [ -79.805931991677284, 36.001496999947911 ] ] ] } },
{ "type": "Feature", "properties": { "county": null, "precinct": null, "enr_desc": "G56", "winner": null, "winner_votes": null, "winner_share": null, "runner_up": null, "runner_up_votes": null, "runner_up_share": null, "contest_votes": null, "margin_of_victory": null, "is_tie": false, "results": null, "participated": false, "map_key": null }, "geometry": { "type": "Polygon", "coordinates": [ [ [ -79.823812991350792, 36.027971999632676 ], [ -79.828830990648314, 36.028478000006928 ], [ -79.832203991300318, 36.026761000352799 ], [ -79.839130991101868, 36.028603999689913 ], [ -79.839020991477568, 36.030492000267813 ], [ -79.841101990976938, 36.03486400029 ], [ -79.842540991549996, 36.042679000084611 ], [ -79.84072699100247, 36.044275000428726 ], [ -79.824814990921041, 36.038330000213136 ], [ -79.819762991235194, 36.035720000246506 ], [ -79.823812991350792, 36.027971999632676 ] ] ] } },
{ "type": "Feature", "properties": { "county": null, "precinct": null, "enr_desc": "Bynum", "winner": null, "winner_votes": null, "winner_share": null, "runner_up": null, "runner_up_votes": null, "runner_up_share": null, "contest_votes": null, "margin_of_victory": null, "is_tie": false, "results": null, "participated": false, "map_key": null }, "geometry": { "type": "Polygon", "coordinates": [ [ [ -79.107075990868765, 35.731491000370987 ], [ -79.123929990816649, 35.750102000140394 ], [ -79.128688991626333, 35.756291999926233 ], [ -79.131643991197748, 35.762988000115215 ], [ -79.13883899108933, 35.76843399985195 ], [ -79.141812991334547, 35.769273999843264 ], [ -79.145446991089301, 35.771849999689898 ], [ -79.151775991106234, 35.778576999959299 ], [ -79.156626991044973, 35.780800000394073 ], [ -79.16268899974547, 35.781923000445964 ], [ -79.164978991172077, 35.783702000315884 ], [ -79.164296991280949, 35.785571000219377 ], [ -79.160999990972783, 35.787399999828153 ], [ -79.15768599117547, 35.79201900010473 ], [ -79.155695990734301, 35.792574999741205 ], [ -79.158763991032117, 35.795135000275465 ], [ -79.162005991217768, 35.800976000379848 ], [ -79.15969199134787, 35.803415000199088 ], [ -79.154102991305848, 35.803981000179391 ], [ -79.156036991478956, 35.80502699990231 ], [ -79.157777991278039, 35.807718000204318 ], [ -79.151627990944377, 35.819277000151686 ], [ -79.14796200092556, 35.821163000044884 ], [ -79.145222991061303, 35.818968999936047 ], [ -79.13963099134952, 35.817196999944272 ], [ -79.126719990819907, 35.817102000077107 ], [ -79.121105991238295, 35.815618999877984 ], [ -79.115649991423851, 35.815948000416142 ], [ -79.110343991714103, 35.813197000067127 ], [ -79.10448099097745, 35.811305999651282 ], [ -79.092144991579801, 35.809474000335832 ], [ -79.0939919912324, 35.805926999622187 ], [ -79.094668991359825, 35.798237000205908 ], [ -79.100229990713089, 35.793669000366549 ], [ -79.09784699152037, 35.789195999698435 ], [ -79.092462990692951, 35.785649000381277 ], [ -79.093071991056405, 35.780068000130122 ], [ -79.094454991193558, 35.775883999596772 ], [ -79.092496990868995, 35.767014000200184 ], [ -79.089634990739413, 35.761743000164707 ], [ -79.08979699071638, 35.758472999647054 ], [ -79.086291991646164, 35.755189999703248 ], [ -79.087361990887388, 35.747691000069878 ], [ -79.084153991141619, 35.740025000224811 ], [ -79.083628990804044, 35.736949000277576 ], [ -79.096403991571393, 35.735328999908035 ], [ -79.107075990868765, 35.731491000370987 ] ] ] } },
{ "type": "Feature", "properties": { "county": "HOKE", "precinct": "15", "enr_desc": "Philippi", "winner": "Richard N. Ojeda II", "winner_votes": 134.0, "winner_share": 32.762836185819069, "runner_up": "Lent C. Carr II", "runner_up_votes": 116.0, "runner_up_share": 28.361858190709043, "contest_votes": 409.0, "margin_of_victory": 4.4009779951100256, "is_tie": false, "results": [ { "candidate": "Richard N. Ojeda II", "votes": 134, "share": 32.76283618581907 }, { "candidate": "Lent C. Carr II", "votes": 116, "share": 28.361858190709043 }, { "candidate": "Nigel W. Bristow", "votes": 102, "share": 24.938875305623473 }, { "candidate": "Loren Bibler", "votes": 57, "share": 13.93643031784841 } ], "participated": true, "map_key": "HOKE_15" }, "geometry": { "type": "Polygon", "coordinates": [ [ [ -79.107538991377453, 34.969022000106769 ], [ -79.10968599090593, 34.96799700033386 ], [ -79.11223699142738, 34.96857199962659 ], [ -79.112957991149585, 34.969466999907993 ], [ -79.116575991107922, 34.968086000256619 ], [ -79.119399991264615, 34.969162000398484 ], [ -79.12162199147005, 34.968392000235497 ], [ -79.121642991435223, 34.969123000401218 ], [ -79.124132990888569, 34.96898999993028 ], [ -79.125577991280593, 34.969876999770229 ], [ -79.135531991755428, 34.969498000003469 ], [ -79.140082991511463, 34.971917999896839 ], [ -79.147184991717111, 34.973207000413879 ], [ -79.148386991536555, 34.972581000335417 ], [ -79.154695990769383, 34.973039000245443 ], [ -79.15821399174429, 34.972270999873288 ], [ -79.158828990717893, 34.971485000128673 ], [ -79.165209991207632, 34.97180500008362 ], [ -79.17177999121364, 34.970245999778165 ], [ -79.176258990961955, 34.97237900014597 ], [ -79.180241991520901, 34.972267000165367 ], [ -79.172762991425842, 34.978582000361101 ], [ -79.170519990891961, 34.977245999774247 ], [ -79.165674991800444, 34.984344000070827 ], [ -79.159322991502464, 34.989087999800887 ], [ -79.160342990877226, 34.990267999889952 ], [ -79.161508990850081, 34.995455999664863 ], [ -79.163865990794861, 34.997720999843089 ], [ -79.163373990840327, 35.003802999892123 ], [ -79.164845991082984, 35.009225999978781 ], [ -79.161254991807112, 35.01158699971667 ], [ -79.154083991017586, 35.019895000102629 ], [ -79.148428991011755, 35.024187999935947 ], [ -79.139838990806652, 35.028754000457774 ], [ -79.137331991058872, 35.02286199996032 ], [ -79.136959990799497, 35.017362999896299 ], [ -79.130870991186285, 35.003496000116151 ], [ -79.126736990862426, 34.994892000006232 ], [ -79.123231991246044, 34.990362999839306 ], [ -79.118053991543874, 34.980576999739029 ], [ -79.117121991128869, 34.976924999926098 ], [ -79.118420991130264, 34.975130000065541 ], [ -79.115219991217685, 34.972675999609898 ], [ -79.107538991377453, 34.969022000106769 ] ] ] } },
{ "type": "Feature", "properties": { "county": null, "precinct": null, "enr_desc": "G57", "winner": null, "winner_votes": null, "winner_share": null, "runner_up": null, "runner_up_votes": null, "runner_up_share": null, "contest_votes": null, "margin_of_victory": null, "is_tie": false, "results": null, "participated": false, "map_key": null }, "geometry": { "type": "Polygon", "coordinates": [ [ [ -79.839827991142542, 36.011180999633915 ], [ -79.842106991600033, 36.014016000124165 ], [ -79.839977990702792, 36.016634000055767 ], [ -79.839301990866275, 36.024473999665162 ], [ -79.839130991101868, 36.028603999689913 ], [ -79.832203991300318, 36.026761000352799 ], [ -79.828830990648314, 36.028478000006928 ], [ -79.823812991350792, 36.027971999632676 ], [ -79.825873991201732, 36.023836000192297 ], [ -79.826241990809734, 36.021075000011713 ], [ -79.826525990943381, 36.008339000040806 ], [ -79.83179499105745, 36.008926000329765 ], [ -79.83324699069675, 36.007875999990326 ], [ -79.835604991201848, 36.007828000198025 ], [ -79.839827991142542, 36.011180999633915 ] ] ] } },
{ "type": "Feature", "properties": { "county": null, "precinct": null, "enr_desc": "G58", "winner": null, "winner_votes": null, "winner_share": null, "runner_up": null, "runner_up_votes": null, "runner_up_share": null, "contest_votes": null, "margin_of_victory": null, "is_tie": false, "results": null, "participated": false, "map_key": null }, "geometry": { "type": "Polygon", "coordinates": [ [ [ -79.839301990866275, 36.024473999665162 ], [ -79.846908991109501, 36.02450400035432 ], [ -79.848851991268177, 36.030554999918103 ], [ -79.849991991035324, 36.033132000345098 ], [ -79.856129990668308, 36.032953999868461 ], [ -79.858545990744219, 36.037435000481111 ], [ -79.849804990727435, 36.03978700039837 ], [ -79.850454990792542, 36.044930999816053 ], [ -79.849449990821896, 36.046589999963807 ], [ -79.84072699100247, 36.044275000428726 ], [ -79.842540991549996, 36.042679000084611 ], [ -79.841101990976938, 36.03486400029 ], [ -79.839020991477568, 36.030492000267813 ], [ -79.839130991101868, 36.028603999689913 ], [ -79.839301990866275, 36.024473999665162 ] ] ] } },
{ "type": "Feature", "properties": { "county": "CUMBERLAND", "precinct": "G5B-2", "enr_desc": "Cross Creek 28-G5B-2", "winner": "Richard N. Ojeda II", "winner_votes": 141.0, "winner_share": 34.057971014492757, "runner_up": "Nigel W. Bristow", "runner_up_votes": 111.0, "runner_up_share": 26.811594202898554, "contest_votes": 414.0, "margin_of_victory": 7.2463768115942031, "is_tie": false, "results": [ { "candidate": "Richard N. Ojeda II", "votes": 141, "share": 34.05797101449276 }, { "candidate": "Nigel W. Bristow", "votes": 111, "share": 26.811594202898554 }, { "candidate": "Lent C. Carr II", "votes": 92, "share": 22.22222222222222 }, { "candidate": "Loren Bibler", "votes": 70, "share": 16.908212560386474 } ], "participated": true, "map_key": "CUMBERLAND_G5B-2" }, "geometry": { "type": "Polygon", "coordinates": [ [ [ -79.007388991598987, 35.03756699991596 ], [ -79.018963991574395, 35.035186999819231 ], [ -79.023146991406776, 35.033749999710722 ], [ -79.03113999149528, 35.033396999923454 ], [ -79.027813990986431, 35.041900999812569 ], [ -79.015508990886829, 35.061010000206643 ], [ -79.002563990896078, 35.058178999995235 ], [ -79.004201991508126, 35.053849999947673 ], [ -79.011207991326103, 35.050190999747635 ], [ -79.007772990846973, 35.045101000097787 ], [ -79.007388991598987, 35.03756699991596 ] ] ] } },
{ "type": "Feature", "properties": { "county": null, "precinct": null, "enr_desc": "G61", "winner": null, "winner_votes": null, "winner_share": null, "runner_up": null, "runner_up_votes": null, "runner_up_share": null, "contest_votes": null, "margin_of_victory": null, "is_tie": false, "results": null, "participated": false, "map_key": null }, "geometry": { "type": "Polygon", "coordinates": [ [ [ -79.885033991527791, 36.030445000429189 ], [ -79.881792991622277, 36.033774000358029 ], [ -79.875625991638785, 36.047058999963419 ], [ -79.873443991226864, 36.049973000087967 ], [ -79.869025991087682, 36.048650000154758 ], [ -79.860495991425466, 36.04892299970016 ], [ -79.856590991690354, 36.048220999700028 ], [ -79.862366991563377, 36.044355999800658 ], [ -79.861550991015164, 36.037023000400055 ], [ -79.866156990593325, 36.033879999754078 ], [ -79.868576991360939, 36.029786000469016 ], [ -79.878213991003221, 36.0330020001674 ], [ -79.879486990915083, 36.033010000293395 ], [ -79.879387991342071, 36.029958000095256 ], [ -79.885033991527791, 36.030445000429189 ] ] ] } },
{ "type": "Feature", "properties": { "county": null, "precinct": null, "enr_desc": "G62", "winner": null, "winner_votes": null, "winner_share": null, "runner_up": null, "runner_up_votes": null, "runner_up_share": null, "contest_votes": null, "margin_of_victory": null, "is_tie": false, "results": null, "participated": false, "map_key": null }, "geometry": { "type": "Polygon", "coordinates": [ [ [ -79.89574799092739, 36.055875000258311 ], [ -79.891233991590482, 36.05656100002512 ], [ -79.873443991226864, 36.049973000087967 ], [ -79.875625991638785, 36.047058999963419 ], [ -79.881792991622277, 36.033774000358029 ], [ -79.885122990937305, 36.035565000303436 ], [ -79.888966991535611, 36.035956999959495 ], [ -79.888972990753999, 36.038971999934382 ], [ -79.890671990929405, 36.042046000328924 ], [ -79.890231991186297, 36.052836000408867 ], [ -79.891724990792426, 36.054203000016592 ], [ -79.895092991447257, 36.054410000041727 ], [ -79.89574799092739, 36.055875000258311 ] ] ] } },
{ "type": "Feature", "properties": { "county": null, "precinct": null, "enr_desc": "G63", "winner": null, "winner_votes": null, "winner_share": null, "runner_up": null, "runner_up_votes": null, "runner_up_share": null, "contest_votes": null, "margin_of_victory": null, "is_tie": false, "results": null, "participated": false, "map_key": null }, "geometry": { "type": "Polygon", "coordinates": [ [ [ -79.880283991249343, 36.059758999870986 ], [ -79.884477991530588, 36.059365000481073 ], [ -79.890148991336687, 36.057026999733736 ], [ -79.899966990862467, 36.064815000408522 ], [ -79.898832990840205, 36.067001000410535 ], [ -79.891545991337949, 36.066997000416393 ], [ -79.893721990686004, 36.070295000354236 ], [ -79.893800991210057, 36.076117999797361 ], [ -79.890777991258915, 36.073782000131622 ], [ -79.888230991583143, 36.06945700003066 ], [ -79.885928991297803, 36.067511999757784 ], [ -79.88516399090102, 36.065216000432372 ], [ -79.879773991365624, 36.063711000276697 ], [ -79.880283991249343, 36.059758999870986 ] ] ] } },
{ "type": "Feature", "properties": { "county": null, "precinct": null, "enr_desc": "G64", "winner": null, "winner_votes": null, "winner_share": null, "runner_up": null, "runner_up_votes": null, "runner_up_share": null, "contest_votes": null, "margin_of_victory": null, "is_tie": false, "results": null, "participated": false, "map_key": null }, "geometry": { "type": "Polygon", "coordinates": [ [ [ -79.890148991336687, 36.057026999733736 ], [ -79.891233991590482, 36.05656100002512 ], [ -79.89574799092739, 36.055875000258311 ], [ -79.902619990952786, 36.055572000032718 ], [ -79.906502991348233, 36.054113000452631 ], [ -79.906418991031344, 36.055153000360896 ], [ -79.913436991383108, 36.055724000108562 ], [ -79.916805991236259, 36.055056000515677 ], [ -79.916803990963032, 36.055909000092122 ], [ -79.918163990943896, 36.055959000376902 ], [ -79.919458990912005, 36.058774000129404 ], [ -79.921142990632248, 36.058766000168632 ], [ -79.921252991521698, 36.06012700008305 ], [ -79.923789991656008, 36.060350000288857 ], [ -79.92379999085847, 36.063875000037136 ], [ -79.924401991403101, 36.063301999614751 ], [ -79.930249991666287, 36.063800999809096 ], [ -79.930975991571458, 36.062056000396034 ], [ -79.933753991625522, 36.06048100018954 ], [ -79.933855991238715, 36.058950000151512 ], [ -79.934521990706315, 36.058987999903387 ], [ -79.933328990929695, 36.056675000302661 ], [ -79.934152990943787, 36.055595000084921 ], [ -79.936023991690689, 36.055684999721649 ], [ -79.935985990895929, 36.056969000062516 ], [ -79.937820991317309, 36.057608000085779 ], [ -79.939131990796909, 36.05695499994102 ], [ -79.937639991186032, 36.060356000296736 ], [ -79.944440990624628, 36.060836999841541 ], [ -79.941445990954549, 36.06336300015667 ], [ -79.952464990834358, 36.067329000061768 ], [ -79.954423990776462, 36.066063999783424 ], [ -79.963111991642734, 36.064152000117119 ], [ -79.96377299100692, 36.064172999998739 ], [ -79.963654990804471, 36.06655699978807 ], [ -79.96979099072189, 36.067221999772919 ], [ -79.969886991249325, 36.071075000287493 ], [ -79.971328990808203, 36.073040000313917 ], [ -79.970525990729968, 36.084099000306146 ], [ -79.95968299100609, 36.080735999935264 ], [ -79.965531990864406, 36.091251999811718 ], [ -79.966629990635141, 36.094748999712145 ], [ -79.966668990672858, 36.098014000030453 ], [ -79.964480990946981, 36.108025999649904 ], [ -79.960249990842655, 36.103999000368574 ], [ -79.958319990664819, 36.099660999711254 ], [ -79.953736990675623, 36.096676000378253 ], [ -79.953886990772901, 36.092193999665859 ], [ -79.948436991214621, 36.09068200043572 ], [ -79.931325991313628, 36.081011000439133 ], [ -79.916282991617251, 36.075629999966523 ], [ -79.897606990734829, 36.076695000344991 ], [ -79.893730990769185, 36.076515000010353 ], [ -79.893800991210057, 36.076117999797361 ], [ -79.893721990686004, 36.070295000354236 ], [ -79.891545991337949, 36.066997000416393 ], [ -79.898832990840205, 36.067001000410535 ], [ -79.899966990862467, 36.064815000408522 ], [ -79.890148991336687, 36.057026999733736 ] ] ] } },
{ "type": "Feature", "properties": { "county": null, "precinct": null, "enr_desc": "G65", "winner": null, "winner_votes": null, "winner_share": null, "runner_up": null, "runner_up_votes": null, "runner_up_share": null, "contest_votes": null, "margin_of_victory": null, "is_tie": false, "results": null, "participated": false, "map_key": null }, "geometry": { "type": "Polygon", "coordinates": [ [ [ -79.912909990998784, 36.018090000293881 ], [ -79.911660991154307, 36.019072999681939 ], [ -79.913934990692169, 36.019978999994365 ], [ -79.909930990611031, 36.022533000059752 ], [ -79.906656991515206, 36.022836000008091 ], [ -79.903272990774596, 36.024969999780751 ], [ -79.900656990967576, 36.029536000281901 ], [ -79.899785990691612, 36.030309999628422 ], [ -79.897959991187079, 36.028504999848607 ], [ -79.895764991045638, 36.02847300008608 ], [ -79.892632990860335, 36.030957999949059 ], [ -79.890768990839945, 36.036415000161675 ], [ -79.888966991535611, 36.035956999959495 ], [ -79.885122990937305, 36.035565000303436 ], [ -79.881792991622277, 36.033774000358029 ], [ -79.885033991527791, 36.030445000429189 ], [ -79.899542990740798, 36.016661000460275 ], [ -79.902155991625051, 36.017475000299186 ], [ -79.901995991556262, 36.016167000086838 ], [ -79.903313990827982, 36.014943999719854 ], [ -79.909817990730517, 36.014958999951276 ], [ -79.909740991623835, 36.016460999872258 ], [ -79.912479990713564, 36.016533000407222 ], [ -79.912909990998784, 36.018090000293881 ] ] ] } },
{ "type": "Feature", "properties": { "county": null, "precinct": null, "enr_desc": "G66", "winner": null, "winner_votes": null, "winner_share": null, "runner_up": null, "runner_up_votes": null, "runner_up_share": null, "contest_votes": null, "margin_of_victory": null, "is_tie": false, "results": null, "participated": false, "map_key": null }, "geometry": { "type": "Polygon", "coordinates": [ [ [ -79.912909990998784, 36.018090000293881 ], [ -79.915362991245516, 36.018086999827929 ], [ -79.91547999126449, 36.026340000211171 ], [ -79.912910991628166, 36.02638700039271 ], [ -79.91264399152783, 36.034213000406176 ], [ -79.910023990919655, 36.034079000197266 ], [ -79.909896991009646, 36.038793999923179 ], [ -79.908544991112308, 36.037960000337193 ], [ -79.908405990854348, 36.038650000229573 ], [ -79.904647991437869, 36.039036000274869 ], [ -79.902956991235428, 36.03363600030373 ], [ -79.901256990701754, 36.031836000200286 ], [ -79.900656990967576, 36.029536000281901 ], [ -79.903272990774596, 36.024969999780751 ], [ -79.906656991515206, 36.022836000008091 ], [ -79.909930990611031, 36.022533000059752 ], [ -79.913934990692169, 36.019978999994365 ], [ -79.911660991154307, 36.019072999681939 ], [ -79.912909990998784, 36.018090000293881 ] ] ] } },
{ "type": "Feature", "properties": { "county": null, "precinct": null, "enr_desc": "Hadley", "winner": null, "winner_votes": null, "winner_share": null, "runner_up": null, "runner_up_votes": null, "runner_up_share": null, "contest_votes": null, "margin_of_victory": null, "is_tie": false, "results": null, "participated": false, "map_key": null }, "geometry": { "type": "Polygon", "coordinates": [ [ [ -79.370188990681058, 35.780865000043875 ], [ -79.369485991551286, 35.784006000132941 ], [ -79.365534991502571, 35.788587999587953 ], [ -79.361417991332488, 35.805492000307069 ], [ -79.358326991384317, 35.812447999911996 ], [ -79.358311990639137, 35.815725000366307 ], [ -79.354623991244637, 35.825032000199514 ], [ -79.354797991606574, 35.828382999588925 ], [ -79.352573991098325, 35.839675999800178 ], [ -79.350050991288398, 35.843908000018033 ], [ -79.237315991063056, 35.844246999809513 ], [ -79.232893991183602, 35.839108000035637 ], [ -79.231529991579592, 35.83593300044577 ], [ -79.229311991554397, 35.833938000187146 ], [ -79.222337990898637, 35.832813999934118 ], [ -79.2146639909285, 35.83340100025314 ], [ -79.21104299064632, 35.832284999739642 ], [ -79.206299991310928, 35.827212000022818 ], [ -79.202809991252693, 35.820132000018972 ], [ -79.200627991308352, 35.818894000026333 ], [ -79.19742599113053, 35.818681000455911 ], [ -79.192706991552001, 35.820312000217271 ], [ -79.188545991530773, 35.820385000143467 ], [ -79.186179991016658, 35.817302000184327 ], [ -79.184728990671829, 35.80945500029042 ], [ -79.182061991640424, 35.802558999587227 ], [ -79.181294000460781, 35.795204999902886 ], [ -79.181666990991218, 35.79477600025178 ], [ -79.18717699135135, 35.7974120001115 ], [ -79.184323991075075, 35.800128000162431 ], [ -79.185908991390676, 35.802759000165729 ], [ -79.196706990833604, 35.803016000133653 ], [ -79.199276990839181, 35.803994999804857 ], [ -79.20219699100538, 35.803197999936941 ], [ -79.206136991341054, 35.806148000324569 ], [ -79.209818991132039, 35.803686000194439 ], [ -79.214478990760838, 35.802608000286902 ], [ -79.21658299100649, 35.800992000456453 ], [ -79.217931991682704, 35.801568000084018 ], [ -79.218754991323635, 35.800254999924711 ], [ -79.221957990776232, 35.799538999774249 ], [ -79.221666990899024, 35.798365000421121 ], [ -79.224296990715629, 35.796753999690473 ], [ -79.226051990749909, 35.798532999755146 ], [ -79.229523990947229, 35.798399999838729 ], [ -79.233420991078972, 35.794756000449865 ], [ -79.241479991491445, 35.793362000117064 ], [ -79.241269991631441, 35.792555000003418 ], [ -79.244437991004602, 35.790120000179755 ], [ -79.253190991566171, 35.788921999629409 ], [ -79.256402990747148, 35.786038999976043 ], [ -79.262608991089493, 35.784518999817188 ], [ -79.267560991531909, 35.780740999879733 ], [ -79.26940199164639, 35.778241999817944 ], [ -79.270460991105693, 35.779730999711106 ], [ -79.27464899120173, 35.777612000325369 ], [ -79.278721991730677, 35.777529999868115 ], [ -79.280306991525222, 35.775829000312598 ], [ -79.284500990835824, 35.774505000372628 ], [ -79.287701990877352, 35.775132000333315 ], [ -79.287232991343842, 35.770048000021745 ], [ -79.292830990773538, 35.770569000313827 ], [ -79.298879991138691, 35.773604999952155 ], [ -79.311562991565353, 35.775363000021464 ], [ -79.316250991720636, 35.774666999875826 ], [ -79.327091991371077, 35.775779000075204 ], [ -79.330808991254656, 35.776948000142589 ], [ -79.337218990773493, 35.777160999725467 ], [ -79.353222991613052, 35.776011000062141 ], [ -79.360102991721902, 35.77797100045651 ], [ -79.365353991504477, 35.78113999964657 ], [ -79.370188990681058, 35.780865000043875 ] ] ] } },
{ "type": "Feature", "properties": { "county": null, "precinct": null, "enr_desc": "G67", "winner": null, "winner_votes": null, "winner_share": null, "runner_up": null, "runner_up_votes": null, "runner_up_share": null, "contest_votes": null, "margin_of_victory": null, "is_tie": false, "results": null, "participated": false, "map_key": null }, "geometry": { "type": "Polygon", "coordinates": [ [ [ -79.789946990631591, 36.067832999650534 ], [ -79.784852990783932, 36.070169000414168 ], [ -79.784405990820261, 36.073103999946284 ], [ -79.784990990826614, 36.075844000368967 ], [ -79.782826991345701, 36.076136000186864 ], [ -79.773640991297341, 36.080396000338169 ], [ -79.773949991642851, 36.072340999877746 ], [ -79.770404991670972, 36.072862000223544 ], [ -79.770473990838141, 36.07157800011592 ], [ -79.77767499145655, 36.070343000129824 ], [ -79.789946990631591, 36.067832999650534 ] ] ] } },
{ "type": "Feature", "properties": { "county": null, "precinct": null, "enr_desc": "G68", "winner": null, "winner_votes": null, "winner_share": null, "runner_up": null, "runner_up_votes": null, "runner_up_share": null, "contest_votes": null, "margin_of_victory": null, "is_tie": false, "results": null, "participated": false, "map_key": null }, "geometry": { "type": "Polygon", "coordinates": [ [ [ -79.773640991297341, 36.080396000338169 ], [ -79.770395991305435, 36.082842000304339 ], [ -79.769935991430188, 36.084099999858935 ], [ -79.767245991084607, 36.083911000312227 ], [ -79.765836990747417, 36.084867000211297 ], [ -79.759286991698261, 36.084522000394841 ], [ -79.756818990805755, 36.085103000125869 ], [ -79.757644991025785, 36.076355000284906 ], [ -79.766458990736197, 36.073421999620457 ], [ -79.766368990705018, 36.072509000169298 ], [ -79.770473990838141, 36.07157800011592 ], [ -79.770404991670972, 36.072862000223544 ], [ -79.773949991642851, 36.072340999877746 ], [ -79.773640991297341, 36.080396000338169 ] ] ] } },
{ "type": "Feature", "properties": { "county": null, "precinct": null, "enr_desc": "G69", "winner": null, "winner_votes": null, "winner_share": null, "runner_up": null, "runner_up_votes": null, "runner_up_share": null, "contest_votes": null, "margin_of_victory": null, "is_tie": false, "results": null, "participated": false, "map_key": null }, "geometry": { "type": "Polygon", "coordinates": [ [ [ -79.791418990899444, 36.055317999725411 ], [ -79.792309991585213, 36.05751100013935 ], [ -79.792057990945622, 36.065776000218165 ], [ -79.790670990849421, 36.067660000406136 ], [ -79.789946990631591, 36.067832999650534 ], [ -79.77767499145655, 36.070343000129824 ], [ -79.778210991133719, 36.057852999884155 ], [ -79.780750991651658, 36.057965000204156 ], [ -79.780952991212359, 36.056190999701641 ], [ -79.784173990995654, 36.054544000070585 ], [ -79.789751991170689, 36.054604000208528 ], [ -79.791418990899444, 36.055317999725411 ] ] ] } },
{ "type": "Feature", "properties": { "county": null, "precinct": null, "enr_desc": "Stedman-G6", "winner": null, "winner_votes": null, "winner_share": null, "runner_up": null, "runner_up_votes": null, "runner_up_share": null, "contest_votes": null, "margin_of_victory": null, "is_tie": false, "results": null, "participated": false, "map_key": null }, "geometry": { "type": "Polygon", "coordinates": [ [ [ -78.680718990810917, 34.95281800005322 ], [ -78.69054999146249, 34.953135999968737 ], [ -78.701984991221593, 34.957402999714219 ], [ -78.707559991177348, 34.962362000412945 ], [ -78.716101991419151, 34.966633999778381 ], [ -78.729854991339081, 34.977901999656986 ], [ -78.73826599103792, 34.982860999801069 ], [ -78.74193699117825, 34.985978000287481 ], [ -78.745606991157615, 34.98723000004393 ], [ -78.747410991306495, 34.997471000094336 ], [ -78.749340991326122, 35.000660999770595 ], [ -78.75158999129772, 35.001816000060565 ], [ -78.773813991676619, 35.005744000338595 ], [ -78.775026991689757, 35.009455999951818 ], [ -78.783772991663398, 35.016273000207498 ], [ -78.792346991747422, 35.030535000151481 ], [ -78.785195991246212, 35.034865999886406 ], [ -78.781543991559218, 35.036052000200243 ], [ -78.764048990736157, 35.036782000235547 ], [ -78.754909990897971, 35.035844000374425 ], [ -78.747292991037042, 35.03855799966626 ], [ -78.7438099913456, 35.041275999679286 ], [ -78.738874991169638, 35.046183000035427 ], [ -78.735452991695567, 35.052527000247444 ], [ -78.733453991129409, 35.052843000089055 ], [ -78.724354990794609, 35.050529000246222 ], [ -78.71618499101055, 35.052972999766418 ], [ -78.709496991292355, 35.055039999646525 ], [ -78.698856991545682, 35.060983000195996 ], [ -78.675142991547432, 35.084077000152227 ], [ -78.672291991066217, 35.085281000238886 ], [ -78.671684991721946, 35.085042999788627 ], [ -78.671435991739443, 35.082534999857266 ], [ -78.66920199107021, 35.080480999745255 ], [ -78.665555990889743, 35.080530000167606 ], [ -78.66297599164831, 35.078066000331312 ], [ -78.662481990797318, 35.069500999888497 ], [ -78.664078991721496, 35.06727000033095 ], [ -78.66064399104944, 35.06327499961882 ], [ -78.661588990763022, 35.059860999816401 ], [ -78.65764299152282, 35.055786999947905 ], [ -78.657915991548919, 35.054443999927159 ], [ -78.657007990954114, 35.053959000020519 ], [ -78.656447990729632, 35.051655000110507 ], [ -78.654530991070743, 35.050812000255604 ], [ -78.654064991594652, 35.049591000102474 ], [ -78.65685799133793, 35.047313999871378 ], [ -78.65934599144687, 35.042889999941416 ], [ -78.653468991271467, 35.034545000403263 ], [ -78.654121991028433, 35.034119999831333 ], [ -78.655496991174644, 35.035242000024198 ], [ -78.655862991585877, 35.034592000080593 ], [ -78.649648991773802, 35.026860000016939 ], [ -78.650092991648066, 35.023747999594306 ], [ -78.652876991082351, 35.020629999921276 ], [ -78.650014991755512, 35.018733000280335 ], [ -78.650598991524035, 35.017680999749402 ], [ -78.649348990787928, 35.017041000253883 ], [ -78.650206991267765, 35.015096000363272 ], [ -78.646666991301402, 35.011983999617925 ], [ -78.646074990808003, 35.009812000360512 ], [ -78.644991991781367, 35.009949000183752 ], [ -78.64499399124513, 35.008400999949522 ], [ -78.646290991285795, 35.006883000414504 ], [ -78.647178991183083, 35.006985999954075 ], [ -78.647554990925741, 35.005597000168393 ], [ -78.646565991251165, 35.004673000004715 ], [ -78.647213991196324, 35.004034000322484 ], [ -78.645776991175723, 35.003403000067337 ], [ -78.64696499094407, 35.001668000213371 ], [ -78.645995991646828, 34.998531000222442 ], [ -78.646527991732995, 34.995495000402116 ], [ -78.647733991230893, 34.99473999967541 ], [ -78.647613991643667, 34.993217999962219 ], [ -78.646550991804901, 34.991490000059997 ], [ -78.643638991095301, 34.990101000218942 ], [ -78.643785990749933, 34.989175000022158 ], [ -78.641048991664618, 34.988800999622882 ], [ -78.643601991345193, 34.985973000094219 ], [ -78.646828991526206, 34.977840999580771 ], [ -78.655320990909217, 34.973701000363477 ], [ -78.658743990730201, 34.973187000114955 ], [ -78.670937991406205, 34.967296999853133 ], [ -78.672140990840958, 34.963751999804629 ], [ -78.674721991653229, 34.960812999955238 ], [ -78.67925299086329, 34.95279199980866 ], [ -78.680718990810917, 34.95281800005322 ] ] ] } },
{ "type": "Feature", "properties": { "county": null, "precinct": null, "enr_desc": "Beaver Dam-G6", "winner": null, "winner_votes": null, "winner_share": null, "runner_up": null, "runner_up_votes": null, "runner_up_share": null, "contest_votes": null, "margin_of_victory": null, "is_tie": false, "results": null, "participated": false, "map_key": null }, "geometry": { "type": "Polygon", "coordinates": [ [ [ -78.670919990870843, 34.850906000006056 ], [ -78.722508991115234, 34.872455999908247 ], [ -78.727251991313608, 34.907810999746758 ], [ -78.675269991481059, 34.939703999583458 ], [ -78.68266399168462, 34.94528700014547 ], [ -78.684010990903403, 34.950852000330215 ], [ -78.680718990810917, 34.95281800005322 ], [ -78.67925299086329, 34.95279199980866 ], [ -78.674721991653229, 34.960812999955238 ], [ -78.672140990840958, 34.963751999804629 ], [ -78.670937991406205, 34.967296999853133 ], [ -78.658743990730201, 34.973187000114955 ], [ -78.655320990909217, 34.973701000363477 ], [ -78.646828991526206, 34.977840999580771 ], [ -78.643601991345193, 34.985973000094219 ], [ -78.641048991664618, 34.988800999622882 ], [ -78.636333991399837, 34.987826000193309 ], [ -78.634588991577971, 34.985655000335129 ], [ -78.635395991240614, 34.983986000378671 ], [ -78.636589990761905, 34.983521999954647 ], [ -78.637157990980711, 34.981099000187676 ], [ -78.634116991743198, 34.977674999995727 ], [ -78.632344991666017, 34.978071000389463 ], [ -78.630857990822321, 34.976164999607313 ], [ -78.627644991755858, 34.974471999869301 ], [ -78.627166990992052, 34.971637000128503 ], [ -78.623770990754622, 34.968664999623101 ], [ -78.620521991135277, 34.968249000075964 ], [ -78.620221990793326, 34.967133000026294 ], [ -78.620832990734783, 34.966962999675424 ], [ -78.618461991618091, 34.964339999867107 ], [ -78.611200991205905, 34.960909000040907 ], [ -78.610379990770923, 34.959084999927256 ], [ -78.611065991124178, 34.958911000267896 ], [ -78.610776990958314, 34.957815999589627 ], [ -78.607535990965431, 34.953612999878239 ], [ -78.60618299109268, 34.953175999746676 ], [ -78.605085991415962, 34.954265999933618 ], [ -78.604273991559381, 34.952760000302654 ], [ -78.602106991043456, 34.951346000400072 ], [ -78.598752991756854, 34.951864000067452 ], [ -78.594794991743683, 34.949789999870589 ], [ -78.593644991485746, 34.947504000400862 ], [ -78.591009991494587, 34.946495999848551 ], [ -78.59117499158333, 34.944589999683316 ], [ -78.588284990960418, 34.942091999796276 ], [ -78.584491991332456, 34.941768999536947 ], [ -78.58359299122047, 34.938386000195003 ], [ -78.581866991754254, 34.937873000264609 ], [ -78.577837991430727, 34.938526000175408 ], [ -78.575622991799648, 34.937286999664472 ], [ -78.572831991532397, 34.937514999668345 ], [ -78.572016991007303, 34.935871999864837 ], [ -78.573017990859597, 34.934851999819152 ], [ -78.57196499161445, 34.933354000222259 ], [ -78.573013991234959, 34.931478999584499 ], [ -78.572690990868352, 34.929827000297927 ], [ -78.570494990819114, 34.927971000340257 ], [ -78.571106991741289, 34.927566000349756 ], [ -78.570307991657003, 34.926822999727555 ], [ -78.566919991216551, 34.925215000147062 ], [ -78.564464991131516, 34.925066999653424 ], [ -78.561842991281083, 34.917601999660043 ], [ -78.560481991533621, 34.917474000295044 ], [ -78.557702991703238, 34.915344000060074 ], [ -78.55523799161729, 34.91588500001852 ], [ -78.55351699175344, 34.914880999845209 ], [ -78.552270991683272, 34.915621999955547 ], [ -78.55060499112291, 34.914906000187685 ], [ -78.548984991548735, 34.91553300031412 ], [ -78.547990991086536, 34.916943999572453 ], [ -78.54448499074536, 34.914820999804441 ], [ -78.542028991718126, 34.911282000413884 ], [ -78.543087991788454, 34.909403000210489 ], [ -78.541887991189441, 34.908131999529012 ], [ -78.543549991092803, 34.90774799962896 ], [ -78.543313991050113, 34.905853999836424 ], [ -78.545818991797475, 34.905079999800449 ], [ -78.545063991414835, 34.903791999675747 ], [ -78.546199991078154, 34.903205999981637 ], [ -78.545728991345143, 34.902631999968534 ], [ -78.547515991776493, 34.902346000391873 ], [ -78.54686099081195, 34.900619999930647 ], [ -78.543515990770217, 34.899907000320873 ], [ -78.540513991135526, 34.898225999758203 ], [ -78.540532991701937, 34.897050999596125 ], [ -78.536987991400224, 34.895916000155644 ], [ -78.536916990765832, 34.895230999860146 ], [ -78.535092991138825, 34.89560999965601 ], [ -78.534969991684108, 34.893659000323574 ], [ -78.534011991593317, 34.894066999801744 ], [ -78.526514990879306, 34.891171999932546 ], [ -78.526978990854232, 34.890185999861956 ], [ -78.525106991749993, 34.888121000267752 ], [ -78.525736991023663, 34.884892000292844 ], [ -78.524611991236526, 34.88462600007685 ], [ -78.524665991062946, 34.883972000027299 ], [ -78.519682990733372, 34.882337000408803 ], [ -78.51968399164457, 34.883819000141841 ], [ -78.5176469912996, 34.883811000035394 ], [ -78.515661991244457, 34.88285100013659 ], [ -78.515553991185953, 34.881636000289141 ], [ -78.51391699135489, 34.881959000032076 ], [ -78.514630991256183, 34.880907000079659 ], [ -78.512698991232952, 34.880595999574972 ], [ -78.513744991623241, 34.876133999678466 ], [ -78.515092991790027, 34.875095000324485 ], [ -78.514654990758871, 34.873653000088439 ], [ -78.513668991320642, 34.873690000284292 ], [ -78.512750991348881, 34.872359000287069 ], [ -78.513382991252712, 34.872016999558873 ], [ -78.513211991586388, 34.869221999829236 ], [ -78.511632990736885, 34.867841999743902 ], [ -78.508204990861003, 34.867226000260139 ], [ -78.50820499141382, 34.866140999954574 ], [ -78.507183991365181, 34.866825999608828 ], [ -78.5060369914262, 34.865211000153806 ], [ -78.502555991179676, 34.864609999749582 ], [ -78.502946991410113, 34.863475000101104 ], [ -78.502208990824968, 34.861676000153707 ], [ -78.499378990987509, 34.859200000324293 ], [ -78.498618991799418, 34.860116999723928 ], [ -78.497671990887994, 34.858919999968435 ], [ -78.496485991367237, 34.859552999737659 ], [ -78.495090991609899, 34.859098999793382 ], [ -78.495498991602474, 34.857701999904172 ], [ -78.494704991700047, 34.856182000385672 ], [ -78.506287991396178, 34.852573000204131 ], [ -78.516122991202295, 34.845919000301087 ], [ -78.533595990902853, 34.850447999787868 ], [ -78.53363299093553, 34.8511290001859 ], [ -78.670919990870843, 34.850906000006056 ] ] ] } },
{ "type": "Feature", "properties": { "county": null, "precinct": null, "enr_desc": "Cedar Creek-G6", "winner": null, "winner_votes": null, "winner_share": null, "runner_up": null, "runner_up_votes": null, "runner_up_share": null, "contest_votes": null, "margin_of_victory": null, "is_tie": false, "results": null, "participated": false, "map_key": null }, "geometry": { "type": "Polygon", "coordinates": [ [ [ -78.670919990870843, 34.850906000006056 ], [ -78.826330991101031, 34.850693000417785 ], [ -78.826151991626105, 34.858002999575518 ], [ -78.822069991626449, 34.867330000103458 ], [ -78.818546991158129, 34.873103000086395 ], [ -78.817770991109811, 34.875086999934773 ], [ -78.815554991211627, 34.882068999752448 ], [ -78.815392991411997, 34.883047000347773 ], [ -78.816710991817757, 34.892398999820394 ], [ -78.81687999124469, 34.902085999607699 ], [ -78.814719991052741, 34.907077999709365 ], [ -78.807087991755793, 34.912678000247396 ], [ -78.803247991539351, 34.919653999608684 ], [ -78.797551991624715, 34.924069999541842 ], [ -78.791950990933515, 34.931878000290737 ], [ -78.783902991553575, 34.938757999599119 ], [ -78.774606991097414, 34.948517999615049 ], [ -78.771726991215871, 34.958982000428342 ], [ -78.772966990800413, 34.967459999919335 ], [ -78.776855991040279, 34.974175999949821 ], [ -78.780505991644347, 34.977012000189355 ], [ -78.782561991659747, 34.977663000412697 ], [ -78.778979991193026, 34.985841000322019 ], [ -78.775679991007905, 34.984466000044961 ], [ -78.767580991130728, 34.983771000314192 ], [ -78.745606991157615, 34.98723000004393 ], [ -78.74193699117825, 34.985978000287481 ], [ -78.73826599103792, 34.982860999801069 ], [ -78.729854991339081, 34.977901999656986 ], [ -78.716101991419151, 34.966633999778381 ], [ -78.707559991177348, 34.962362000412945 ], [ -78.701984991221593, 34.957402999714219 ], [ -78.69054999146249, 34.953135999968737 ], [ -78.680718990810917, 34.95281800005322 ], [ -78.684010990903403, 34.950852000330215 ], [ -78.68266399168462, 34.94528700014547 ], [ -78.675269991481059, 34.939703999583458 ], [ -78.727251991313608, 34.907810999746758 ], [ -78.722508991115234, 34.872455999908247 ], [ -78.670919990870843, 34.850906000006056 ] ] ] } },
{ "type": "Feature", "properties": { "county": null, "precinct": null, "enr_desc": "G70", "winner": null, "winner_votes": null, "winner_share": null, "runner_up": null, "runner_up_votes": null, "runner_up_share": null, "contest_votes": null, "margin_of_victory": null, "is_tie": false, "results": null, "participated": false, "map_key": null }, "geometry": { "type": "Polygon", "coordinates": [ [ [ -79.778210991133719, 36.057852999884155 ], [ -79.77767499145655, 36.070343000129824 ], [ -79.770473990838141, 36.07157800011592 ], [ -79.766368990705018, 36.072509000169298 ], [ -79.766149991106815, 36.068616000323161 ], [ -79.767407991355455, 36.063535000150459 ], [ -79.768017991130819, 36.057392999832892 ], [ -79.778210991133719, 36.057852999884155 ] ] ] } },
{ "type": "Feature", "properties": { "county": null, "precinct": null, "enr_desc": "G71", "winner": null, "winner_votes": null, "winner_share": null, "runner_up": null, "runner_up_votes": null, "runner_up_share": null, "contest_votes": null, "margin_of_victory": null, "is_tie": false, "results": null, "participated": false, "map_key": null }, "geometry": { "type": "Polygon", "coordinates": [ [ [ -79.767407991355455, 36.063535000150459 ], [ -79.766149991106815, 36.068616000323161 ], [ -79.766368990705018, 36.072509000169298 ], [ -79.766458990736197, 36.073421999620457 ], [ -79.757644991025785, 36.076355000284906 ], [ -79.755002991567963, 36.077306000228646 ], [ -79.754592991272787, 36.075933999855749 ], [ -79.751096990809401, 36.074613000491219 ], [ -79.751763991082299, 36.062944999886064 ], [ -79.749340990638842, 36.063107000272282 ], [ -79.749420990782497, 36.062438999784369 ], [ -79.750834990691203, 36.062077999652857 ], [ -79.750848991386391, 36.059936999731654 ], [ -79.747237991403381, 36.059875999791188 ], [ -79.747170991023339, 36.056830000375022 ], [ -79.759890990732444, 36.062557999631558 ], [ -79.767407991355455, 36.063535000150459 ] ] ] } },
{ "type": "Feature", "properties": { "county": null, "precinct": null, "enr_desc": "H16", "winner": null, "winner_votes": null, "winner_share": null, "runner_up": null, "runner_up_votes": null, "runner_up_share": null, "contest_votes": null, "margin_of_victory": null, "is_tie": false, "results": null, "participated": false, "map_key": null }, "geometry": { "type": "Polygon", "coordinates": [ [ [ -80.014532991700932, 35.973014999741032 ], [ -80.017392991024849, 35.972973000247698 ], [ -80.01559799072291, 35.969895000033915 ], [ -80.018797991440465, 35.968310000390886 ], [ -80.019733991046522, 35.969344999840565 ], [ -80.028103990997579, 35.969565000191153 ], [ -80.030014990936564, 35.970279000326286 ], [ -80.028664991137902, 35.973572000300436 ], [ -80.031562991155624, 35.974830999653904 ], [ -80.033766991064354, 35.974694000005378 ], [ -80.031696991301374, 35.978981000064124 ], [ -80.031333991705822, 35.981521000036246 ], [ -80.028932991276093, 35.982707999761828 ], [ -80.028518991535563, 35.98594999996957 ], [ -80.029565991546832, 35.99006199973207 ], [ -80.028309991688246, 35.990813000303348 ], [ -80.024193990608367, 35.984734999823161 ], [ -80.020378990702355, 35.984879000128849 ], [ -80.016454991629132, 35.986229999850316 ], [ -80.015736991200413, 35.983627000320446 ], [ -80.016622991372316, 35.97999399979102 ], [ -80.016213991399809, 35.975197000054479 ], [ -80.014532991700932, 35.973014999741032 ] ] ] } },
{ "type": "Feature", "properties": { "county": "CUMBERLAND", "precinct": "CC33", "enr_desc": "Cross Creek 33", "winner": "Richard N. Ojeda II", "winner_votes": 93.0, "winner_share": 32.978723404255319, "runner_up": "Nigel W. Bristow", "runner_up_votes": 79.0, "runner_up_share": 28.01418439716312, "contest_votes": 282.0, "margin_of_victory": 4.9645390070921991, "is_tie": false, "results": [ { "candidate": "Richard N. Ojeda II", "votes": 93, "share": 32.97872340425532 }, { "candidate": "Nigel W. Bristow", "votes": 79, "share": 28.01418439716312 }, { "candidate": "Lent C. Carr II", "votes": 59, "share": 20.921985815602838 }, { "candidate": "Loren Bibler", "votes": 51, "share": 18.085106382978726 } ], "participated": true, "map_key": "CUMBERLAND_CC33" }, "geometry": { "type": "Polygon", "coordinates": [ [ [ -78.968991990937013, 35.083332999910532 ], [ -78.974900991543748, 35.084575999961892 ], [ -78.980117991344002, 35.087808000283864 ], [ -78.98091699095022, 35.08690200039031 ], [ -78.98640999160456, 35.087126999610668 ], [ -78.984377991493261, 35.091915000347221 ], [ -78.987437991280402, 35.095450000273267 ], [ -78.99031099139188, 35.100771000243725 ], [ -78.995867991061147, 35.106225000306928 ], [ -78.975777990746039, 35.110156000130914 ], [ -78.975374990871373, 35.106463000107169 ], [ -78.976635991043409, 35.103785000178455 ], [ -78.975305991280294, 35.09720000010504 ], [ -78.974168991406458, 35.095824999729672 ], [ -78.973753991401509, 35.093489000180085 ], [ -78.971016990960649, 35.090756000306598 ], [ -78.970423991727955, 35.088538000376943 ], [ -78.970943991481903, 35.087981000168554 ], [ -78.968468991312946, 35.084358999861557 ], [ -78.968991990937013, 35.083332999910532 ] ] ] } },
{ "type": "Feature", "properties": { "county": null, "precinct": null, "enr_desc": "H17", "winner": null, "winner_votes": null, "winner_share": null, "runner_up": null, "runner_up_votes": null, "runner_up_share": null, "contest_votes": null, "margin_of_victory": null, "is_tie": false, "results": null, "participated": false, "map_key": null }, "geometry": { "type": "Polygon", "coordinates": [ [ [ -80.014532991700932, 35.973014999741032 ], [ -80.016213991399809, 35.975197000054479 ], [ -80.016622991372316, 35.97999399979102 ], [ -80.015736991200413, 35.983627000320446 ], [ -80.007642991161859, 35.98434899965573 ], [ -80.000153990945634, 35.991060000034054 ], [ -80.001582991551771, 35.977407999965521 ], [ -80.008134991638769, 35.976926000409598 ], [ -80.010074991351786, 35.97486700010618 ], [ -80.014532991700932, 35.973014999741032 ] ] ] } },
{ "type": "Feature", "properties": { "county": null, "precinct": null, "enr_desc": "H18", "winner": null, "winner_votes": null, "winner_share": null, "runner_up": null, "runner_up_votes": null, "runner_up_share": null, "contest_votes": null, "margin_of_victory": null, "is_tie": false, "results": null, "participated": false, "map_key": null }, "geometry": { "type": "Polygon", "coordinates": [ [ [ -80.000153990945634, 35.991060000034054 ], [ -79.996467990936992, 35.994858999665155 ], [ -79.991701991521197, 36.002119000374641 ], [ -79.985511990977486, 35.993815000433827 ], [ -79.982253991513559, 35.99090500008198 ], [ -79.983402991129495, 35.989337000226982 ], [ -79.986750991245799, 35.988124000406387 ], [ -79.987664990779052, 35.983352999955372 ], [ -79.990668991003062, 35.9796729999969 ], [ -79.996235990675686, 35.979194000284963 ], [ -80.001582991551771, 35.977407999965521 ], [ -80.000153990945634, 35.991060000034054 ] ] ] } },
{ "type": "Feature", "properties": { "county": null, "precinct": null, "enr_desc": "H19A", "winner": null, "winner_votes": null, "winner_share": null, "runner_up": null, "runner_up_votes": null, "runner_up_share": null, "contest_votes": null, "margin_of_victory": null, "is_tie": false, "results": null, "participated": false, "map_key": null }, "geometry": { "type": "Polygon", "coordinates": [ [ [ -79.990668991003062, 35.9796729999969 ], [ -79.987664990779052, 35.983352999955372 ], [ -79.986750991245799, 35.988124000406387 ], [ -79.983402991129495, 35.989337000226982 ], [ -79.982253991513559, 35.99090500008198 ], [ -79.980774991291128, 35.992138000365557 ], [ -79.978784991201707, 35.992339000427954 ], [ -79.97750699104698, 35.995541000454246 ], [ -79.975317991215249, 35.995441999718857 ], [ -79.977083991619978, 35.993037000331036 ], [ -79.97785699123709, 35.981315999929215 ], [ -79.979357990614076, 35.980650999963451 ], [ -79.98403199108877, 35.979592999952779 ], [ -79.987739991040954, 35.98014899979087 ], [ -79.990668991003062, 35.9796729999969 ] ] ] } },
{ "type": "Feature", "properties": { "county": null, "precinct": null, "enr_desc": "H19B", "winner": null, "winner_votes": null, "winner_share": null, "runner_up": null, "runner_up_votes": null, "runner_up_share": null, "contest_votes": null, "margin_of_victory": null, "is_tie": false, "results": null, "participated": false, "map_key": null }, "geometry": { "type": "Polygon", "coordinates": [ [ [ -79.975317991215249, 35.995441999718857 ], [ -79.97318299150588, 36.001025000487971 ], [ -79.97240699130441, 36.000032000131306 ], [ -79.967733991680589, 35.999172000253907 ], [ -79.967320990829563, 35.998101000064921 ], [ -79.96351399143694, 35.998245999778611 ], [ -79.960421991330207, 36.00066099966395 ], [ -79.959158991627959, 35.999435999947622 ], [ -79.958672990614673, 35.997456000132026 ], [ -79.96029399091546, 35.996412000423703 ], [ -79.957802991452382, 35.99630400041594 ], [ -79.956193991252022, 35.997099000140238 ], [ -79.956248990837196, 35.999133000149861 ], [ -79.955209990730182, 35.99935499977807 ], [ -79.955146991121993, 35.997410999904361 ], [ -79.956559991179347, 35.996313000233542 ], [ -79.958077991163336, 35.990634000120643 ], [ -79.964203991354481, 35.987738000383942 ], [ -79.96894499156808, 35.987021000485377 ], [ -79.973979991387452, 35.982675000423406 ], [ -79.97785699123709, 35.981315999929215 ], [ -79.977083991619978, 35.993037000331036 ], [ -79.975317991215249, 35.995441999718857 ] ] ] } },
{ "type": "Feature", "properties": { "county": null, "precinct": null, "enr_desc": "H20A", "winner": null, "winner_votes": null, "winner_share": null, "runner_up": null, "runner_up_votes": null, "runner_up_share": null, "contest_votes": null, "margin_of_victory": null, "is_tie": false, "results": null, "participated": false, "map_key": null }, "geometry": { "type": "Polygon", "coordinates": [ [ [ -80.016454991629132, 35.986229999850316 ], [ -80.012145990853298, 35.992372999698489 ], [ -80.009433991377591, 35.997457999734905 ], [ -80.010051991459136, 36.009252999999305 ], [ -80.011349990939294, 36.011824000343587 ], [ -80.009940991612069, 36.012626000504504 ], [ -80.007650991626477, 36.012227999870973 ], [ -80.00289399084815, 36.013933999920631 ], [ -80.000060990602435, 36.013836000390889 ], [ -79.99696099156742, 36.016036000000447 ], [ -79.993315991664915, 36.016417000321049 ], [ -79.990259990922453, 36.016735999844251 ], [ -79.987880991345335, 36.014885999687998 ], [ -79.991164991432171, 36.010099000367219 ], [ -80.001598991332813, 36.00010999976287 ], [ -80.000124990814157, 35.996784000165761 ], [ -80.000153990945634, 35.991060000034054 ], [ -80.007642991161859, 35.98434899965573 ], [ -80.015736991200413, 35.983627000320446 ], [ -80.016454991629132, 35.986229999850316 ] ] ] } },
{ "type": "Feature", "properties": { "county": null, "precinct": null, "enr_desc": "H20B", "winner": null, "winner_votes": null, "winner_share": null, "runner_up": null, "runner_up_votes": null, "runner_up_share": null, "contest_votes": null, "margin_of_victory": null, "is_tie": false, "results": null, "participated": false, "map_key": null }, "geometry": { "type": "Polygon", "coordinates": [ [ [ -79.987880991345335, 36.014885999687998 ], [ -79.986859990690931, 36.012036000230488 ], [ -79.980513991148698, 36.005363000346854 ], [ -79.978061991026536, 36.004204000510185 ], [ -79.977465991658988, 36.002061000415381 ], [ -79.974524991502292, 36.001914999801031 ], [ -79.97318299150588, 36.001025000487971 ], [ -79.975317991215249, 35.995441999718857 ], [ -79.97750699104698, 35.995541000454246 ], [ -79.978784991201707, 35.992339000427954 ], [ -79.980774991291128, 35.992138000365557 ], [ -79.982253991513559, 35.99090500008198 ], [ -79.985511990977486, 35.993815000433827 ], [ -79.991701991521197, 36.002119000374641 ], [ -79.996467990936992, 35.994858999665155 ], [ -80.000153990945634, 35.991060000034054 ], [ -80.000124990814157, 35.996784000165761 ], [ -80.001598991332813, 36.00010999976287 ], [ -79.991164991432171, 36.010099000367219 ], [ -79.987880991345335, 36.014885999687998 ] ] ] } },
{ "type": "Feature", "properties": { "county": "CHATHAM", "precinct": "3", "enr_desc": "Albright", "winner": "Richard N. Ojeda II", "winner_votes": 65.0, "winner_share": 43.333333333333336, "runner_up": "Nigel W. Bristow", "runner_up_votes": 33.0, "runner_up_share": 22.0, "contest_votes": 150.0, "margin_of_victory": 21.333333333333336, "is_tie": false, "results": [ { "candidate": "Richard N. Ojeda II", "votes": 65, "share": 43.333333333333336 }, { "candidate": "Nigel W. Bristow", "votes": 33, "share": 22.0 }, { "candidate": "Loren Bibler", "votes": 28, "share": 18.666666666666668 }, { "candidate": "Lent C. Carr II", "votes": 24, "share": 16.0 } ], "participated": true, "map_key": "CHATHAM_3" }, "geometry": { "type": "Polygon", "coordinates": [ [ [ -79.371784991566585, 35.766842999996435 ], [ -79.404641990978661, 35.768158000012129 ], [ -79.442693990860604, 35.768177000170112 ], [ -79.516820991607403, 35.770326999994573 ], [ -79.517536991570893, 35.772939000189119 ], [ -79.520754990862699, 35.774878000304234 ], [ -79.524560990923661, 35.77978399994349 ], [ -79.52751299127749, 35.780682999990816 ], [ -79.539296991697228, 35.781441000332542 ], [ -79.544300990794483, 35.782926999820951 ], [ -79.543217990843772, 35.817758000216237 ], [ -79.542427991097554, 35.843302999849996 ], [ -79.432773991300365, 35.843684000328615 ], [ -79.350050991288398, 35.843908000018033 ], [ -79.352573991098325, 35.839675999800178 ], [ -79.354797991606574, 35.828382999588925 ], [ -79.354623991244637, 35.825032000199514 ], [ -79.358311990639137, 35.815725000366307 ], [ -79.358326991384317, 35.812447999911996 ], [ -79.361417991332488, 35.805492000307069 ], [ -79.365534991502571, 35.788587999587953 ], [ -79.369485991551286, 35.784006000132941 ], [ -79.370188990681058, 35.780865000043875 ], [ -79.371845991727795, 35.7771030001824 ], [ -79.371366991473636, 35.776043999610508 ], [ -79.372410991280475, 35.771086999588761 ], [ -79.371784991566585, 35.766842999996435 ] ] ] } },
{ "type": "Feature", "properties": { "county": "CHATHAM", "precinct": "30", "enr_desc": "Hickory Mountain", "winner": "Richard N. Ojeda II", "winner_votes": 121.0, "winner_share": 44.81481481481481, "runner_up": "Nigel W. Bristow", "runner_up_votes": 56.0, "runner_up_share": 20.74074074074074, "contest_votes": 270.0, "margin_of_victory": 24.074074074074069, "is_tie": false, "results": [ { "candidate": "Richard N. Ojeda II", "votes": 121, "share": 44.81481481481481 }, { "candidate": "Nigel W. Bristow", "votes": 56, "share": 20.74074074074074 }, { "candidate": "Lent C. Carr II", "votes": 48, "share": 17.77777777777778 }, { "candidate": "Loren Bibler", "votes": 45, "share": 16.666666666666664 } ], "participated": true, "map_key": "CHATHAM_30" }, "geometry": { "type": "Polygon", "coordinates": [ [ [ -79.254352991508114, 35.659386000076459 ], [ -79.256967991511857, 35.662773000236562 ], [ -79.262039991700547, 35.666637000192921 ], [ -79.268985991332343, 35.667871000425357 ], [ -79.269809991676539, 35.672676999909896 ], [ -79.27290599134588, 35.673719999995733 ], [ -79.275682991311044, 35.669715999959976 ], [ -79.277200991497892, 35.669146999840947 ], [ -79.280595991000226, 35.671487999732221 ], [ -79.285448991009545, 35.676628000351201 ], [ -79.289930991339418, 35.678873999765699 ], [ -79.303823990812162, 35.669420000261219 ], [ -79.314954991442434, 35.658385999967827 ], [ -79.317152990856158, 35.660907000207757 ], [ -79.323312991524375, 35.665218999664837 ], [ -79.332833991262135, 35.667339000245683 ], [ -79.342979991352408, 35.663743999602005 ], [ -79.357178990991628, 35.661910999592671 ], [ -79.360078990787997, 35.666968999753983 ], [ -79.36032499091921, 35.669370999839387 ], [ -79.366183991290114, 35.673867999806774 ], [ -79.369319991259786, 35.680937999690819 ], [ -79.371917991109555, 35.690617000431203 ], [ -79.375682990643796, 35.695468999601417 ], [ -79.375981991677293, 35.698781000404864 ], [ -79.378746990650143, 35.702046000284057 ], [ -79.381069991259494, 35.708924000036177 ], [ -79.387668990879874, 35.7159640001139 ], [ -79.388339990773062, 35.719316999949712 ], [ -79.389271991031535, 35.72018599992456 ], [ -79.392340991608265, 35.720407999653546 ], [ -79.396170991626278, 35.719550000428669 ], [ -79.400882991665398, 35.725562999828455 ], [ -79.403240990823519, 35.725820000316652 ], [ -79.403623991045123, 35.727369000010363 ], [ -79.403375991059491, 35.730854000178354 ], [ -79.402568991680923, 35.731583000175192 ], [ -79.402016991589051, 35.734541999819996 ], [ -79.397662990650645, 35.736359000412421 ], [ -79.398667990746006, 35.737462999814248 ], [ -79.397979990814179, 35.738529000288466 ], [ -79.389096990892043, 35.743416000238291 ], [ -79.392137991453666, 35.745384000123302 ], [ -79.392014991715229, 35.74614599977609 ], [ -79.390282990873828, 35.746776999971779 ], [ -79.38884399097843, 35.74614900012044 ], [ -79.387802991478921, 35.747734999776043 ], [ -79.383333991621726, 35.749788999857202 ], [ -79.381861991016294, 35.752588999729724 ], [ -79.38031399151302, 35.753469000258058 ], [ -79.37867099097582, 35.752911000388337 ], [ -79.379285991279758, 35.75141600023845 ], [ -79.375131991229821, 35.753793999681399 ], [ -79.374156991569549, 35.75519200009569 ], [ -79.375439991088186, 35.757901999914743 ], [ -79.373580991408303, 35.758906999593869 ], [ -79.371614991669617, 35.763254999726172 ], [ -79.371100990833739, 35.764683999632773 ], [ -79.371784991566585, 35.766842999996435 ], [ -79.372410991280475, 35.771086999588761 ], [ -79.371366991473636, 35.776043999610508 ], [ -79.371845991727795, 35.7771030001824 ], [ -79.370188990681058, 35.780865000043875 ], [ -79.365353991504477, 35.78113999964657 ], [ -79.360102991721902, 35.77797100045651 ], [ -79.353222991613052, 35.776011000062141 ], [ -79.337218990773493, 35.777160999725467 ], [ -79.330808991254656, 35.776948000142589 ], [ -79.327091991371077, 35.775779000075204 ], [ -79.316250991720636, 35.774666999875826 ], [ -79.311562991565353, 35.775363000021464 ], [ -79.298879991138691, 35.773604999952155 ], [ -79.292830990773538, 35.770569000313827 ], [ -79.287232991343842, 35.770048000021745 ], [ -79.287368991532574, 35.765363999628399 ], [ -79.285959991266111, 35.762727000082499 ], [ -79.285890991634474, 35.758725999925097 ], [ -79.283559991409618, 35.752042000366835 ], [ -79.277768991362024, 35.750535000006259 ], [ -79.277197990890883, 35.747070999809971 ], [ -79.2756089916424, 35.744439000225626 ], [ -79.275899990868353, 35.74335699983785 ], [ -79.269960990958282, 35.740077999984102 ], [ -79.26737399068567, 35.737374000409062 ], [ -79.265808990848782, 35.737697000242285 ], [ -79.262444991392471, 35.736442000215121 ], [ -79.259563991372971, 35.737011999647812 ], [ -79.258431991196161, 35.73631200011171 ], [ -79.252418991114581, 35.738812000246064 ], [ -79.245048991524342, 35.72483799989844 ], [ -79.242859991409603, 35.725250000403044 ], [ -79.240429991206199, 35.723175000028519 ], [ -79.237631990756341, 35.722586000342972 ], [ -79.238775990977587, 35.720017999772935 ], [ -79.238283991508496, 35.718568000273088 ], [ -79.239332991074832, 35.715211999577605 ], [ -79.238113991666623, 35.712350000081628 ], [ -79.239486991245499, 35.711385000399723 ], [ -79.241319991360697, 35.711885000103592 ], [ -79.241476990815514, 35.709825000058423 ], [ -79.244786991222909, 35.705011999619742 ], [ -79.241095991538742, 35.699660000312299 ], [ -79.243175990767327, 35.695841000164016 ], [ -79.244155991019554, 35.69101799982684 ], [ -79.246787991390519, 35.68988499974791 ], [ -79.247637990690166, 35.688689000171756 ], [ -79.250035991256468, 35.688300000020099 ], [ -79.249239991347181, 35.687438999900806 ], [ -79.25027699099725, 35.685614999706225 ], [ -79.249614991494425, 35.684370000294926 ], [ -79.250550990868533, 35.682709000278244 ], [ -79.250865991612955, 35.678347999678394 ], [ -79.257476991537331, 35.676432000171047 ], [ -79.25686199078514, 35.671942000436303 ], [ -79.254165990930048, 35.669760000085603 ], [ -79.256558991507163, 35.668634000460344 ], [ -79.254975991607651, 35.663321000291688 ], [ -79.252838991461388, 35.661637999720092 ], [ -79.254352991508114, 35.659386000076459 ] ] ] } },
{ "type": "Feature", "properties": { "county": null, "precinct": null, "enr_desc": "Cross Creek 34", "winner": null, "winner_votes": null, "winner_share": null, "runner_up": null, "runner_up_votes": null, "runner_up_share": null, "contest_votes": null, "margin_of_victory": null, "is_tie": false, "results": null, "participated": false, "map_key": null }, "geometry": { "type": "Polygon", "coordinates": [ [ [ -78.935200991106711, 35.04479700018021 ], [ -78.950883990926243, 35.04879100021612 ], [ -78.962466990926643, 35.05842400034166 ], [ -78.966586991747903, 35.059050000095901 ], [ -78.953929990734153, 35.05937199979094 ], [ -78.955848991041663, 35.06382199984494 ], [ -78.956281991291235, 35.068403999644417 ], [ -78.94685899091175, 35.066384000248526 ], [ -78.946891991613768, 35.064567999649114 ], [ -78.945252990859942, 35.063849999955984 ], [ -78.945543991265552, 35.062582999959361 ], [ -78.944105991500095, 35.061247999947113 ], [ -78.948605991586746, 35.060334999924905 ], [ -78.943311991418653, 35.053835000044621 ], [ -78.939054991051208, 35.050398000169729 ], [ -78.935200991106711, 35.04479700018021 ] ] ] } },
{ "type": "Feature", "properties": { "county": "HOKE", "precinct": "61", "enr_desc": "Raeford  1", "winner": "Richard N. Ojeda II", "winner_votes": 128.0, "winner_share": 44.137931034482762, "runner_up": "Lent C. Carr II", "runner_up_votes": 72.0, "runner_up_share": 24.827586206896552, "contest_votes": 290.0, "margin_of_victory": 19.31034482758621, "is_tie": false, "results": [ { "candidate": "Richard N. Ojeda II", "votes": 128, "share": 44.13793103448276 }, { "candidate": "Lent C. Carr II", "votes": 72, "share": 24.82758620689655 }, { "candidate": "Nigel W. Bristow", "votes": 51, "share": 17.586206896551722 }, { "candidate": "Loren Bibler", "votes": 39, "share": 13.448275862068964 } ], "participated": true, "map_key": "HOKE_61" }, "geometry": { "type": "Polygon", "coordinates": [ [ [ -79.206719991475993, 34.944817999983556 ], [ -79.207087991778536, 34.942708000088523 ], [ -79.216526991357881, 34.944870000254006 ], [ -79.218630991551194, 34.944579999749493 ], [ -79.221371991104107, 34.960137000236912 ], [ -79.223418991316024, 34.966932000320575 ], [ -79.224654991752928, 34.971190000376943 ], [ -79.224020990846412, 34.974166000151314 ], [ -79.224094990761259, 34.993530000221611 ], [ -79.221887990772444, 34.993919999842284 ], [ -79.221587990821263, 34.989692000338124 ], [ -79.22082999154982, 34.992355000453891 ], [ -79.218015990980476, 34.991722000334448 ], [ -79.218425991333248, 34.989742999860148 ], [ -79.210803991696324, 34.989746999574969 ], [ -79.210807990795672, 34.991723000000235 ], [ -79.208853991455854, 34.992816999966294 ], [ -79.207950991184106, 34.991983000191595 ], [ -79.208256991500633, 34.991396000157316 ], [ -79.205109991496357, 34.989928000358582 ], [ -79.203898991157359, 34.987306999739786 ], [ -79.202703991374079, 34.987465000001734 ], [ -79.198743991018674, 34.984705999848089 ], [ -79.194877990794751, 34.979381000314952 ], [ -79.191552991337645, 34.976947000348524 ], [ -79.190387991209576, 34.9742859999864 ], [ -79.187280991048993, 34.972808000273609 ], [ -79.184676990859373, 34.972648999793492 ], [ -79.185277991046064, 34.970845999886784 ], [ -79.189817990744231, 34.965527000354747 ], [ -79.192623991793369, 34.963522000331935 ], [ -79.19188599095709, 34.960993000101148 ], [ -79.197412991032607, 34.958230999740174 ], [ -79.201928991033256, 34.957374999572082 ], [ -79.205079991107894, 34.95496499986983 ], [ -79.209787991062072, 34.955684000155991 ], [ -79.206477990921655, 34.94966900029663 ], [ -79.206719991475993, 34.944817999983556 ] ] ] } },
{ "type": "Feature", "properties": { "county": "HOKE", "precinct": "62", "enr_desc": "Raeford  2", "winner": "Richard N. Ojeda II", "winner_votes": 44.0, "winner_share": 34.920634920634917, "runner_up": "Lent C. Carr II", "runner_up_votes": 35.0, "runner_up_share": 27.777777777777779, "contest_votes": 126.0, "margin_of_victory": 7.1428571428571388, "is_tie": false, "results": [ { "candidate": "Richard N. Ojeda II", "votes": 44, "share": 34.92063492063492 }, { "candidate": "Lent C. Carr II", "votes": 35, "share": 27.77777777777778 }, { "candidate": "Nigel W. Bristow", "votes": 25, "share": 19.841269841269842 }, { "candidate": "Loren Bibler", "votes": 22, "share": 17.46031746031746 } ], "participated": true, "map_key": "HOKE_62" }, "geometry": { "type": "Polygon", "coordinates": [ [ [ -79.223418991316024, 34.966932000320575 ], [ -79.233311991433808, 34.967136999683575 ], [ -79.237928990718686, 34.969576999803472 ], [ -79.232280991783583, 34.975770999971395 ], [ -79.233964990946376, 34.977105000329544 ], [ -79.233461991782633, 34.984192999876612 ], [ -79.235654991112895, 34.984176999613346 ], [ -79.235472991530926, 34.987965999638888 ], [ -79.238478991307019, 34.990895000404166 ], [ -79.235884991392439, 34.991865000233631 ], [ -79.235841991080321, 34.991141999570623 ], [ -79.23453199166083, 34.991473999735078 ], [ -79.234636991292589, 34.989761000443139 ], [ -79.231931990952077, 34.989744000080812 ], [ -79.232842991666956, 34.990730999750667 ], [ -79.232141991597373, 34.990729999742697 ], [ -79.232564990911044, 34.992168999707673 ], [ -79.231457991598631, 34.992863999925433 ], [ -79.231487991560357, 34.989710000343173 ], [ -79.229232990888178, 34.989717000419439 ], [ -79.229560990819735, 34.992981000185225 ], [ -79.228468991265942, 34.993094999950443 ], [ -79.228932991226401, 34.994442000391501 ], [ -79.2268059907815, 34.995749999938319 ], [ -79.226684991673849, 34.993152999634958 ], [ -79.224094990761259, 34.993530000221611 ], [ -79.224020990846412, 34.974166000151314 ], [ -79.224654991752928, 34.971190000376943 ], [ -79.223418991316024, 34.966932000320575 ] ] ] } },
{ "type": "Feature", "properties": { "county": "HOKE", "precinct": "63", "enr_desc": "Raeford  3", "winner": "Richard N. Ojeda II", "winner_votes": 145.0, "winner_share": 32.584269662921351, "runner_up": "Lent C. Carr II", "runner_up_votes": 128.0, "runner_up_share": 28.764044943820227, "contest_votes": 445.0, "margin_of_victory": 3.8202247191011232, "is_tie": false, "results": [ { "candidate": "Richard N. Ojeda II", "votes": 145, "share": 32.58426966292135 }, { "candidate": "Lent C. Carr II", "votes": 128, "share": 28.764044943820227 }, { "candidate": "Nigel W. Bristow", "votes": 108, "share": 24.269662921348313 }, { "candidate": "Loren Bibler", "votes": 64, "share": 14.382022471910114 } ], "participated": true, "map_key": "HOKE_63" }, "geometry": { "type": "Polygon", "coordinates": [ [ [ -79.180241991520901, 34.972267000165367 ], [ -79.184676990859373, 34.972648999793492 ], [ -79.187280991048993, 34.972808000273609 ], [ -79.190387991209576, 34.9742859999864 ], [ -79.191552991337645, 34.976947000348524 ], [ -79.194877990794751, 34.979381000314952 ], [ -79.198743991018674, 34.984705999848089 ], [ -79.202703991374079, 34.987465000001734 ], [ -79.203898991157359, 34.987306999739786 ], [ -79.205109991496357, 34.989928000358582 ], [ -79.208256991500633, 34.991396000157316 ], [ -79.207950991184106, 34.991983000191595 ], [ -79.208853991455854, 34.992816999966294 ], [ -79.214230991421914, 34.998107999980014 ], [ -79.215065991556031, 34.99985500013468 ], [ -79.218716990740504, 35.000933000333653 ], [ -79.223152990916077, 35.003889000401387 ], [ -79.226184991215888, 35.004458999890012 ], [ -79.229250990965269, 35.00638200025162 ], [ -79.233918991194628, 35.004902000376923 ], [ -79.235302990997596, 35.005225999773927 ], [ -79.238682991176731, 35.008092999592328 ], [ -79.242175991253447, 35.008766999616469 ], [ -79.242029990808561, 35.009777999885614 ], [ -79.24349299107179, 35.010447999908209 ], [ -79.249009990910139, 35.019858999650459 ], [ -79.254546991240417, 35.022192999789077 ], [ -79.257575990872439, 35.027316000115242 ], [ -79.257551991051685, 35.033371999836689 ], [ -79.258612991518859, 35.035723999573044 ], [ -79.260335991257577, 35.036598999915896 ], [ -79.261195991333366, 35.03927500036292 ], [ -79.263239991458306, 35.039875000355572 ], [ -79.266003991721504, 35.042940000203309 ], [ -79.233049991329452, 35.041304000092673 ], [ -79.198726991018745, 35.039546999752787 ], [ -79.167318991402169, 35.043014000384659 ], [ -79.165534991681739, 35.029178000447622 ], [ -79.166960991502791, 35.025932000357834 ], [ -79.166519991378578, 35.023987000200492 ], [ -79.167776991626837, 35.020777999812296 ], [ -79.166488991150914, 35.018068999885116 ], [ -79.166776991169158, 35.015557999728955 ], [ -79.164719991357529, 35.012539999817683 ], [ -79.164845991082984, 35.009225999978781 ], [ -79.163373990840327, 35.003802999892123 ], [ -79.163865990794861, 34.997720999843089 ], [ -79.161508990850081, 34.995455999664863 ], [ -79.160342990877226, 34.990267999889952 ], [ -79.159322991502464, 34.989087999800887 ], [ -79.165674991800444, 34.984344000070827 ], [ -79.170519990891961, 34.977245999774247 ], [ -79.172762991425842, 34.978582000361101 ], [ -79.180241991520901, 34.972267000165367 ] ] ] } },
{ "type": "Feature", "properties": { "county": "HOKE", "precinct": "64", "enr_desc": "Raeford  4", "winner": "Richard N. Ojeda II", "winner_votes": 105.0, "winner_share": 37.102473498233216, "runner_up": "Lent C. Carr II", "runner_up_votes": 79.0, "runner_up_share": 27.915194346289752, "contest_votes": 283.0, "margin_of_victory": 9.1872791519434642, "is_tie": false, "results": [ { "candidate": "Richard N. Ojeda II", "votes": 105, "share": 37.102473498233216 }, { "candidate": "Lent C. Carr II", "votes": 79, "share": 27.915194346289752 }, { "candidate": "Nigel W. Bristow", "votes": 69, "share": 24.381625441696116 }, { "candidate": "Loren Bibler", "votes": 30, "share": 10.60070671378092 } ], "participated": true, "map_key": "HOKE_64" }, "geometry": { "type": "Polygon", "coordinates": [ [ [ -79.242705991005408, 34.940589999838942 ], [ -79.239848991786317, 34.945567000091614 ], [ -79.240512991624129, 34.951392000452351 ], [ -79.239305990864054, 34.953040999580878 ], [ -79.243658991088353, 34.959188000009519 ], [ -79.24551799160173, 34.959725000212877 ], [ -79.249246990824346, 34.95866499981409 ], [ -79.255434991487391, 34.959831999618359 ], [ -79.255099991503144, 34.960953999859719 ], [ -79.258473991059191, 34.964029000054801 ], [ -79.260965991357622, 34.964776000178894 ], [ -79.26204799075488, 34.966579000171343 ], [ -79.265410991592574, 34.9677380000889 ], [ -79.267689991632665, 34.969858999700577 ], [ -79.268769991459948, 34.972300000173504 ], [ -79.273336990841131, 34.977380000182471 ], [ -79.273486991655489, 34.981187000373957 ], [ -79.276381991725742, 34.98392200026791 ], [ -79.277508990740358, 34.98386299977038 ], [ -79.279589991508047, 34.985332000348237 ], [ -79.287878991287144, 34.985891999778026 ], [ -79.299659991448863, 34.981110000376766 ], [ -79.311692991287956, 34.979463999769564 ], [ -79.3277039908386, 34.971955999860256 ], [ -79.324986991243037, 34.979348000273873 ], [ -79.30637999121906, 35.007083999597377 ], [ -79.308801990862932, 35.008840000158521 ], [ -79.298217990994701, 35.014605000378864 ], [ -79.29702899140004, 35.01386799978637 ], [ -79.293007991602494, 35.013873999849991 ], [ -79.286641991473331, 35.015373000078057 ], [ -79.279197991803485, 35.020102999591217 ], [ -79.27538399154227, 35.020459000332991 ], [ -79.271209991044245, 35.018331000334705 ], [ -79.267856991508069, 35.017779999674154 ], [ -79.263165991209803, 35.02030099999935 ], [ -79.259912991265551, 35.02011300026583 ], [ -79.254546991240417, 35.022192999789077 ], [ -79.249009990910139, 35.019858999650459 ], [ -79.24349299107179, 35.010447999908209 ], [ -79.242029990808561, 35.009777999885614 ], [ -79.242175991253447, 35.008766999616469 ], [ -79.238682991176731, 35.008092999592328 ], [ -79.235302990997596, 35.005225999773927 ], [ -79.245077991625635, 35.000000999750277 ], [ -79.245447991800432, 34.989812000152867 ], [ -79.238478991307019, 34.990895000404166 ], [ -79.235472991530926, 34.987965999638888 ], [ -79.235654991112895, 34.984176999613346 ], [ -79.233461991782633, 34.984192999876612 ], [ -79.233964990946376, 34.977105000329544 ], [ -79.232280991783583, 34.975770999971395 ], [ -79.237928990718686, 34.969576999803472 ], [ -79.233311991433808, 34.967136999683575 ], [ -79.223418991316024, 34.966932000320575 ], [ -79.221371991104107, 34.960137000236912 ], [ -79.218630991551194, 34.944579999749493 ], [ -79.215598991562743, 34.927294999673258 ], [ -79.220281991065519, 34.932522000229426 ], [ -79.225824991371169, 34.933894000056313 ], [ -79.232415991743736, 34.934094000127551 ], [ -79.242705991005408, 34.940589999838942 ] ] ] } },
{ "type": "Feature", "properties": { "county": null, "precinct": null, "enr_desc": "Cg1", "winner": null, "winner_votes": null, "winner_share": null, "runner_up": null, "runner_up_votes": null, "runner_up_share": null, "contest_votes": null, "margin_of_victory": null, "is_tie": false, "results": null, "participated": false, "map_key": null }, "geometry": { "type": "Polygon", "coordinates": [ [ [ -79.870923990694536, 36.139871999765539 ], [ -79.870560990866096, 36.143664000031805 ], [ -79.871055991664051, 36.143565000231874 ], [ -79.869344991498636, 36.144102000152401 ], [ -79.869783990706466, 36.146207000194394 ], [ -79.868972990830386, 36.146224999908121 ], [ -79.870324991394639, 36.149735000231246 ], [ -79.870159991257822, 36.158657000170585 ], [ -79.873187991058714, 36.158743999718595 ], [ -79.874064991657406, 36.160134999979689 ], [ -79.875576991512645, 36.15989999963611 ], [ -79.874318991163889, 36.160953000087403 ], [ -79.8702409906182, 36.161389999799226 ], [ -79.870334990856051, 36.173629000441636 ], [ -79.868572990577704, 36.172986999726589 ], [ -79.86378199059989, 36.171984000076307 ], [ -79.861069990819018, 36.173040000325685 ], [ -79.859357991487414, 36.172856000011556 ], [ -79.857636990738143, 36.174190999742891 ], [ -79.854747990958714, 36.174345999853116 ], [ -79.852178991635242, 36.173147000503192 ], [ -79.839276990944285, 36.172475000265337 ], [ -79.842360990822797, 36.169700000121217 ], [ -79.8428289907487, 36.166588000380209 ], [ -79.847019991029313, 36.163495000274402 ], [ -79.848930991511381, 36.160281999778952 ], [ -79.853507991515343, 36.157006000454253 ], [ -79.85499999119871, 36.152820000058227 ], [ -79.852065990717307, 36.149490000243354 ], [ -79.851412991426812, 36.144905999671423 ], [ -79.847503990886523, 36.139500000256291 ], [ -79.846977990979283, 36.136915000326269 ], [ -79.850130990655018, 36.137687000466975 ], [ -79.860036990887579, 36.135904000435168 ], [ -79.860751990911496, 36.1366670001184 ], [ -79.864911991111725, 36.141106999637913 ], [ -79.870923990694536, 36.139871999765539 ] ] ] } },
{ "type": "Feature", "properties": { "county": "HOKE", "precinct": "65", "enr_desc": "Raeford  5", "winner": "Richard N. Ojeda II", "winner_votes": 86.0, "winner_share": 44.559585492227974, "runner_up": "Lent C. Carr II", "runner_up_votes": 48.0, "runner_up_share": 24.870466321243523, "contest_votes": 193.0, "margin_of_victory": 19.689119170984451, "is_tie": false, "results": [ { "candidate": "Richard N. Ojeda II", "votes": 86, "share": 44.559585492227974 }, { "candidate": "Lent C. Carr II", "votes": 48, "share": 24.870466321243523 }, { "candidate": "Nigel W. Bristow", "votes": 34, "share": 17.616580310880828 }, { "candidate": "Loren Bibler", "votes": 25, "share": 12.953367875647666 } ], "participated": true, "map_key": "HOKE_65" }, "geometry": { "type": "Polygon", "coordinates": [ [ [ -79.235302990997596, 35.005225999773927 ], [ -79.233918991194628, 35.004902000376923 ], [ -79.229250990965269, 35.00638200025162 ], [ -79.226184991215888, 35.004458999890012 ], [ -79.223152990916077, 35.003889000401387 ], [ -79.218716990740504, 35.000933000333653 ], [ -79.215065991556031, 34.99985500013468 ], [ -79.214230991421914, 34.998107999980014 ], [ -79.208853991455854, 34.992816999966294 ], [ -79.210807990795672, 34.991723000000235 ], [ -79.210803991696324, 34.989746999574969 ], [ -79.218425991333248, 34.989742999860148 ], [ -79.218015990980476, 34.991722000334448 ], [ -79.22082999154982, 34.992355000453891 ], [ -79.221587990821263, 34.989692000338124 ], [ -79.221887990772444, 34.993919999842284 ], [ -79.224094990761259, 34.993530000221611 ], [ -79.226684991673849, 34.993152999634958 ], [ -79.2268059907815, 34.995749999938319 ], [ -79.228932991226401, 34.994442000391501 ], [ -79.228468991265942, 34.993094999950443 ], [ -79.229560990819735, 34.992981000185225 ], [ -79.229232990888178, 34.989717000419439 ], [ -79.231487991560357, 34.989710000343173 ], [ -79.231457991598631, 34.992863999925433 ], [ -79.232564990911044, 34.992168999707673 ], [ -79.232141991597373, 34.990729999742697 ], [ -79.232842991666956, 34.990730999750667 ], [ -79.231931990952077, 34.989744000080812 ], [ -79.234636991292589, 34.989761000443139 ], [ -79.23453199166083, 34.991473999735078 ], [ -79.235841991080321, 34.991141999570623 ], [ -79.235884991392439, 34.991865000233631 ], [ -79.238478991307019, 34.990895000404166 ], [ -79.245447991800432, 34.989812000152867 ], [ -79.245077991625635, 35.000000999750277 ], [ -79.235302990997596, 35.005225999773927 ] ] ] } },
{ "type": "Feature", "properties": { "county": "CHATHAM", "precinct": "75", "enr_desc": "East Williams", "winner": "Richard N. Ojeda II", "winner_votes": 462.0, "winner_share": 61.354581673306775, "runner_up": "Lent C. Carr II", "runner_up_votes": 114.0, "runner_up_share": 15.139442231075698, "contest_votes": 753.0, "margin_of_victory": 46.215139442231077, "is_tie": false, "results": [ { "candidate": "Richard N. Ojeda II", "votes": 462, "share": 61.354581673306775 }, { "candidate": "Lent C. Carr II", "votes": 114, "share": 15.139442231075698 }, { "candidate": "Nigel W. Bristow", "votes": 101, "share": 13.41301460823373 }, { "candidate": "Loren Bibler", "votes": 76, "share": 10.092961487383798 } ], "participated": true, "map_key": "CHATHAM_75" }, "geometry": { "type": "Polygon", "coordinates": [ [ [ -78.930890991595859, 35.794376999858002 ], [ -78.935989991069022, 35.794774000416638 ], [ -78.943734990845172, 35.793935999938462 ], [ -78.950198991151069, 35.789488999935251 ], [ -78.953312991080281, 35.786100999583574 ], [ -78.962412991311055, 35.784490999816818 ], [ -78.96383699080188, 35.790345000243754 ], [ -78.969666991100155, 35.790781999854502 ], [ -78.976628991125096, 35.795356999983738 ], [ -78.982048991094373, 35.795158000236732 ], [ -78.995220990966729, 35.789460000257421 ], [ -79.010072991198285, 35.789351000238696 ], [ -79.010844990912446, 35.794545000059024 ], [ -79.006325990924239, 35.795892000012948 ], [ -79.000496990921079, 35.802450000359478 ], [ -78.995071990869647, 35.811191999563782 ], [ -78.99540999170452, 35.81477100030574 ], [ -78.998451990958827, 35.822894000049928 ], [ -79.003861990871826, 35.843957000237246 ], [ -79.006777991664578, 35.850469999969661 ], [ -79.00433399139834, 35.851457000175174 ], [ -79.00344799074135, 35.854180000214932 ], [ -79.004764991631532, 35.856092000124491 ], [ -79.007867990665289, 35.85738900025293 ], [ -79.007596991654779, 35.859245999759686 ], [ -79.008642991472797, 35.859366999814434 ], [ -79.008688991489691, 35.860488000362565 ], [ -79.011644991544159, 35.8611969998272 ], [ -79.011587990921299, 35.862223000394799 ], [ -79.012434990839523, 35.862714999763739 ], [ -79.011482991548817, 35.863423000015445 ], [ -78.906070991324654, 35.868095999981449 ], [ -78.909424991185816, 35.842937000111647 ], [ -78.92660899074518, 35.801527999637621 ], [ -78.930890991595859, 35.794376999858002 ] ] ] } },
{ "type": "Feature", "properties": { "county": null, "precinct": null, "enr_desc": "West Williams", "winner": null, "winner_votes": null, "winner_share": null, "runner_up": null, "runner_up_votes": null, "runner_up_share": null, "contest_votes": null, "margin_of_victory": null, "is_tie": false, "results": null, "participated": false, "map_key": null }, "geometry": { "type": "Polygon", "coordinates": [ [ [ -79.083628990804044, 35.736949000277576 ], [ -79.084153991141619, 35.740025000224811 ], [ -79.087361990887388, 35.747691000069878 ], [ -79.086291991646164, 35.755189999703248 ], [ -79.08979699071638, 35.758472999647054 ], [ -79.089634990739413, 35.761743000164707 ], [ -79.092496990868995, 35.767014000200184 ], [ -79.094454991193558, 35.775883999596772 ], [ -79.093071991056405, 35.780068000130122 ], [ -79.092462990692951, 35.785649000381277 ], [ -79.09784699152037, 35.789195999698435 ], [ -79.100229990713089, 35.793669000366549 ], [ -79.094668991359825, 35.798237000205908 ], [ -79.0939919912324, 35.805926999622187 ], [ -79.092144991579801, 35.809474000335832 ], [ -79.086058991319405, 35.813059999813724 ], [ -79.084511991565762, 35.816066999684345 ], [ -79.083032991510365, 35.8159090003846 ], [ -79.083143990678693, 35.813858999759226 ], [ -79.081166991232593, 35.809591000336333 ], [ -79.067946991561698, 35.805700999748971 ], [ -79.064574990799855, 35.803483000443649 ], [ -79.05897599115481, 35.805409999911134 ], [ -79.052338991444685, 35.809277999903848 ], [ -79.044015990748534, 35.811062999627509 ], [ -79.037943990804379, 35.813016999928188 ], [ -79.034250991006502, 35.815240999803137 ], [ -79.029395991653615, 35.816230999829649 ], [ -79.01855399133153, 35.795733000191376 ], [ -79.016426991239427, 35.794258999654453 ], [ -79.010844990912446, 35.794545000059024 ], [ -79.010072991198285, 35.789351000238696 ], [ -79.021578991608735, 35.789237999918811 ], [ -79.022375991352831, 35.787795999903508 ], [ -79.026780990635018, 35.770694000299308 ], [ -79.028403991305481, 35.737556999730927 ], [ -79.065632991069165, 35.739536999818519 ], [ -79.076486991718625, 35.737395999860908 ], [ -79.083628990804044, 35.736949000277576 ] ] ] } },
{ "type": "Feature", "properties": { "county": "RANDOLPH", "precinct": "AE", "enr_desc": "Asheboro East", "winner": "Richard N. Ojeda II", "winner_votes": 145.0, "winner_share": 49.319727891156461, "runner_up": "Nigel W. Bristow", "runner_up_votes": 59.0, "runner_up_share": 20.068027210884352, "contest_votes": 294.0, "margin_of_victory": 29.251700680272108, "is_tie": false, "results": [ { "candidate": "Richard N. Ojeda II", "votes": 145, "share": 49.31972789115646 }, { "candidate": "Nigel W. Bristow", "votes": 59, "share": 20.068027210884352 }, { "candidate": "Loren Bibler", "votes": 58, "share": 19.727891156462583 }, { "candidate": "Lent C. Carr II", "votes": 32, "share": 10.884353741496598 } ], "participated": true, "map_key": "RANDOLPH_AE" }, "geometry": { "type": "Polygon", "coordinates": [ [ [ -79.816214990718279, 35.688242000480308 ], [ -79.814085991281999, 35.706056999873333 ], [ -79.810839991181666, 35.71693699986762 ], [ -79.803938990978452, 35.717202999992708 ], [ -79.800921990799978, 35.723361999611392 ], [ -79.801726991429334, 35.727187000117716 ], [ -79.800560991449203, 35.72809200044378 ], [ -79.796730991564701, 35.727647000140109 ], [ -79.796735991220331, 35.735122000118267 ], [ -79.800128990998118, 35.73524600001668 ], [ -79.796371991081216, 35.741410999884536 ], [ -79.782691991465398, 35.742912000202473 ], [ -79.78357399103632, 35.747395000129821 ], [ -79.781855991552078, 35.748121000259431 ], [ -79.776599990840552, 35.745326999704609 ], [ -79.770664990959645, 35.745006000502201 ], [ -79.766371990704215, 35.742528999694571 ], [ -79.759670991646558, 35.735888999875414 ], [ -79.757940991043498, 35.729109999987969 ], [ -79.763002991424869, 35.724278000371577 ], [ -79.765595991311969, 35.718677999809479 ], [ -79.766091991152848, 35.716229999722998 ], [ -79.765395991594104, 35.71549699989891 ], [ -79.773265990750929, 35.710895000277368 ], [ -79.790890991469453, 35.696011999884789 ], [ -79.806190991185915, 35.68971299977413 ], [ -79.816214990718279, 35.688242000480308 ] ] ] } },
{ "type": "Feature", "properties": { "county": "CHATHAM", "precinct": "85", "enr_desc": "West Siler City", "winner": "Richard N. Ojeda II", "winner_votes": 115.0, "winner_share": 39.518900343642613, "runner_up": "Nigel W. Bristow", "runner_up_votes": 75.0, "runner_up_share": 25.773195876288657, "contest_votes": 291.0, "margin_of_victory": 13.745704467353956, "is_tie": false, "results": [ { "candidate": "Richard N. Ojeda II", "votes": 115, "share": 39.51890034364261 }, { "candidate": "Nigel W. Bristow", "votes": 75, "share": 25.773195876288657 }, { "candidate": "Lent C. Carr II", "votes": 61, "share": 20.962199312714777 }, { "candidate": "Loren Bibler", "votes": 40, "share": 13.745704467353953 } ], "participated": true, "map_key": "CHATHAM_85" }, "geometry": { "type": "Polygon", "coordinates": [ [ [ -79.473792991115744, 35.653968000299933 ], [ -79.47966899157116, 35.655194000041142 ], [ -79.486998991136204, 35.655258000073545 ], [ -79.48713199170129, 35.651852999788908 ], [ -79.488889991329387, 35.646022000158887 ], [ -79.491487991579987, 35.643593000404586 ], [ -79.492758991343933, 35.640609000478982 ], [ -79.498835991171063, 35.636119000385087 ], [ -79.504231991193009, 35.634736999850176 ], [ -79.507314991565778, 35.634785999647256 ], [ -79.507741991513228, 35.635982000208159 ], [ -79.518190991717631, 35.642281999941765 ], [ -79.518578990703986, 35.641050999712242 ], [ -79.521626991259524, 35.638385999621867 ], [ -79.525084991538705, 35.637212000452713 ], [ -79.528312990748447, 35.638095999958288 ], [ -79.530046990809623, 35.636255999725456 ], [ -79.534009991042851, 35.636834000463587 ], [ -79.535481991354516, 35.635242000235593 ], [ -79.535499991479568, 35.632592000192979 ], [ -79.536854991207136, 35.632087999730302 ], [ -79.535988991111253, 35.6335919999281 ], [ -79.539334991722257, 35.633801999917992 ], [ -79.540677990669224, 35.634786999964938 ], [ -79.540059991244263, 35.631749999831406 ], [ -79.540808991501279, 35.631004000296947 ], [ -79.543073991373035, 35.632427000406956 ], [ -79.547795991389989, 35.632765999619863 ], [ -79.550042991144466, 35.632748999965308 ], [ -79.551422991363722, 35.631483999616982 ], [ -79.54689499160952, 35.705513999944394 ], [ -79.545540991631995, 35.742600999905633 ], [ -79.544300990794483, 35.782926999820951 ], [ -79.539296991697228, 35.781441000332542 ], [ -79.52751299127749, 35.780682999990816 ], [ -79.524560990923661, 35.77978399994349 ], [ -79.520754990862699, 35.774878000304234 ], [ -79.517536991570893, 35.772939000189119 ], [ -79.516820991607403, 35.770326999994573 ], [ -79.504945991728079, 35.757399999960512 ], [ -79.477949991157516, 35.743641000110735 ], [ -79.47696999163486, 35.742065000215639 ], [ -79.476668991226575, 35.738660000345533 ], [ -79.471286990697848, 35.730371000241796 ], [ -79.466726991641465, 35.725891000040569 ], [ -79.464566990768432, 35.722385000177567 ], [ -79.468358991522194, 35.720759000099143 ], [ -79.469635991297579, 35.719370999748179 ], [ -79.470289991082041, 35.712027999588685 ], [ -79.473585990846757, 35.703448999872784 ], [ -79.473808991216643, 35.694308000096491 ], [ -79.469873990959485, 35.685127000480193 ], [ -79.471561991535722, 35.680595999989229 ], [ -79.472648990642469, 35.673863999706704 ], [ -79.472670991340451, 35.665854000403783 ], [ -79.474558990951692, 35.658135999681626 ], [ -79.473792991115744, 35.653968000299933 ] ] ] } },
{ "type": "Feature", "properties": { "county": "CHATHAM", "precinct": "9", "enr_desc": "Bonlee", "winner": "Richard N. Ojeda II", "winner_votes": 45.0, "winner_share": 36.0, "runner_up": "Nigel W. Bristow", "runner_up_votes": 34.0, "runner_up_share": 27.2, "contest_votes": 125.0, "margin_of_victory": 8.8, "is_tie": false, "results": [ { "candidate": "Richard N. Ojeda II", "votes": 45, "share": 36.0 }, { "candidate": "Nigel W. Bristow", "votes": 34, "share": 27.200000000000003 }, { "candidate": "Loren Bibler", "votes": 27, "share": 21.6 }, { "candidate": "Lent C. Carr II", "votes": 19, "share": 15.2 } ], "participated": true, "map_key": "CHATHAM_9" }, "geometry": { "type": "Polygon", "coordinates": [ [ [ -79.399304991708362, 35.599509999628246 ], [ -79.40009799111769, 35.598033000238097 ], [ -79.402135991186441, 35.599303999686988 ], [ -79.405916991173541, 35.598337999854266 ], [ -79.40656399133556, 35.596778000439294 ], [ -79.409032991599062, 35.597766000031534 ], [ -79.409626991074163, 35.594152000096052 ], [ -79.411469991164381, 35.593475000273855 ], [ -79.410588990700575, 35.592172000318683 ], [ -79.413844990852269, 35.591387999992627 ], [ -79.414808991187201, 35.590228999603333 ], [ -79.416220991040618, 35.590910000342838 ], [ -79.418069991595317, 35.594626000133466 ], [ -79.422166991652986, 35.595197999653919 ], [ -79.426276991151269, 35.595110000472715 ], [ -79.428100991727945, 35.593889999638805 ], [ -79.429384991034325, 35.594077999651923 ], [ -79.429371990776858, 35.592351000411782 ], [ -79.432103991731807, 35.59158899990345 ], [ -79.433872991185694, 35.592243000174392 ], [ -79.436960991210938, 35.590764000411177 ], [ -79.438259991386786, 35.591441000049059 ], [ -79.441541990813576, 35.591142999820988 ], [ -79.442853990659685, 35.592463000180153 ], [ -79.443621990730392, 35.59742499996279 ], [ -79.446379990725106, 35.599226999757342 ], [ -79.449958991307625, 35.600781000155891 ], [ -79.454783991162472, 35.601527999662018 ], [ -79.457118991128681, 35.604379999691588 ], [ -79.460341990990557, 35.60338500021674 ], [ -79.464458991499228, 35.600799999929997 ], [ -79.466773990759251, 35.600624000117399 ], [ -79.46766799108849, 35.601343999923081 ], [ -79.467271990703097, 35.603569999752708 ], [ -79.469002990730303, 35.606725000368669 ], [ -79.469177991730348, 35.604547000413007 ], [ -79.475263990863681, 35.604027000215389 ], [ -79.487716990816153, 35.600456000297214 ], [ -79.502995990954261, 35.600136000363733 ], [ -79.501847990654454, 35.605628000008423 ], [ -79.507404990753201, 35.61547199978623 ], [ -79.507406991052207, 35.62460199972633 ], [ -79.510296991103303, 35.631250999885047 ], [ -79.512028991152391, 35.632786999985036 ], [ -79.517737991486342, 35.634379000073785 ], [ -79.521626991259524, 35.638385999621867 ], [ -79.518578990703986, 35.641050999712242 ], [ -79.518190991717631, 35.642281999941765 ], [ -79.507741991513228, 35.635982000208159 ], [ -79.507314991565778, 35.634785999647256 ], [ -79.504231991193009, 35.634736999850176 ], [ -79.498835991171063, 35.636119000385087 ], [ -79.492758991343933, 35.640609000478982 ], [ -79.491487991579987, 35.643593000404586 ], [ -79.488889991329387, 35.646022000158887 ], [ -79.48713199170129, 35.651852999788908 ], [ -79.486998991136204, 35.655258000073545 ], [ -79.47966899157116, 35.655194000041142 ], [ -79.473792991115744, 35.653968000299933 ], [ -79.459099991306331, 35.653516999847483 ], [ -79.454188991383745, 35.654533999888848 ], [ -79.450770990900764, 35.656181999766311 ], [ -79.448938991105678, 35.658717000380861 ], [ -79.442496990944619, 35.659526000085769 ], [ -79.436613990672384, 35.666527000116567 ], [ -79.432880991282431, 35.666898000292619 ], [ -79.429414991190413, 35.66618300043114 ], [ -79.426041990730411, 35.667560999710993 ], [ -79.419063991311404, 35.662843000399306 ], [ -79.418248991101422, 35.65541700015622 ], [ -79.415168990792182, 35.654991000181191 ], [ -79.415793990894727, 35.656097000297329 ], [ -79.415337991243135, 35.657542000240269 ], [ -79.413916990956707, 35.658275999945289 ], [ -79.409792990893664, 35.657997000041377 ], [ -79.409308991503551, 35.659301999834007 ], [ -79.407450990946202, 35.659767000222573 ], [ -79.402857991558037, 35.660158999836383 ], [ -79.402092990899959, 35.659461000382286 ], [ -79.400740990711711, 35.660225000085461 ], [ -79.393047990825963, 35.653399999843352 ], [ -79.390177990823418, 35.657051000456065 ], [ -79.389184990958398, 35.661016000070333 ], [ -79.382445991640424, 35.669166999866675 ], [ -79.382525990798769, 35.673662999674406 ], [ -79.376328991415235, 35.675898000380947 ], [ -79.369319991259786, 35.680937999690819 ], [ -79.366183991290114, 35.673867999806774 ], [ -79.36032499091921, 35.669370999839387 ], [ -79.360078990787997, 35.666968999753983 ], [ -79.357178990991628, 35.661910999592671 ], [ -79.342979991352408, 35.663743999602005 ], [ -79.332833991262135, 35.667339000245683 ], [ -79.323312991524375, 35.665218999664837 ], [ -79.317152990856158, 35.660907000207757 ], [ -79.314954991442434, 35.658385999967827 ], [ -79.321308991031387, 35.654931999832492 ], [ -79.327858991593772, 35.653993000304389 ], [ -79.331892990685802, 35.652578999905373 ], [ -79.33698499109687, 35.648450999874669 ], [ -79.338205991080287, 35.64594100005003 ], [ -79.343723990900003, 35.640693999800632 ], [ -79.355097990738216, 35.636410000405746 ], [ -79.361700991336932, 35.635347999840683 ], [ -79.363848990823499, 35.63353300035098 ], [ -79.370110991253853, 35.630527999982363 ], [ -79.380187991293298, 35.621098999624856 ], [ -79.37911799151999, 35.618647999830792 ], [ -79.37983199135617, 35.617675000276918 ], [ -79.377341991354072, 35.616697000223539 ], [ -79.375633990878811, 35.615019999663922 ], [ -79.377949991376283, 35.613817999722158 ], [ -79.376881990670626, 35.611667000082029 ], [ -79.375144991160965, 35.610887000231045 ], [ -79.377233991050176, 35.609306000258123 ], [ -79.378285991349458, 35.606976000047119 ], [ -79.38012299173883, 35.606851999807631 ], [ -79.382124990865194, 35.609626000025884 ], [ -79.382965990884884, 35.609748000348354 ], [ -79.383720991295746, 35.607979999712569 ], [ -79.38634599151608, 35.607277999647231 ], [ -79.38738299077346, 35.605742999827839 ], [ -79.38958399172337, 35.605145999830604 ], [ -79.390903991544064, 35.603558999917283 ], [ -79.393567991187822, 35.604031999797655 ], [ -79.396791991510327, 35.602209000426356 ], [ -79.399304991708362, 35.599509999628246 ] ] ] } },
{ "type": "Feature", "properties": { "county": null, "precinct": null, "enr_desc": "G74", "winner": null, "winner_votes": null, "winner_share": null, "runner_up": null, "runner_up_votes": null, "runner_up_share": null, "contest_votes": null, "margin_of_victory": null, "is_tie": false, "results": null, "participated": false, "map_key": null }, "geometry": { "type": "Polygon", "coordinates": [ [ [ -79.769917991562536, 36.047066999776746 ], [ -79.768364990878979, 36.049734000332791 ], [ -79.768017991130819, 36.057392999832892 ], [ -79.767407991355455, 36.063535000150459 ], [ -79.759890990732444, 36.062557999631558 ], [ -79.747170991023339, 36.056830000375022 ], [ -79.747398991644303, 36.051717999947506 ], [ -79.748985991138483, 36.051233000087564 ], [ -79.749345990651875, 36.050278999836046 ], [ -79.750896990642431, 36.050198000070445 ], [ -79.753550990930478, 36.047600999867988 ], [ -79.756474991390732, 36.047860999948639 ], [ -79.757782990964714, 36.046772999725711 ], [ -79.769211991505813, 36.046357000098965 ], [ -79.769917991562536, 36.047066999776746 ] ] ] } },
{ "type": "Feature", "properties": { "county": null, "precinct": null, "enr_desc": "Wade-G7", "winner": null, "winner_votes": null, "winner_share": null, "runner_up": null, "runner_up_votes": null, "runner_up_share": null, "contest_votes": null, "margin_of_victory": null, "is_tie": false, "results": null, "participated": false, "map_key": null }, "geometry": { "type": "Polygon", "coordinates": [ [ [ -78.837817991150771, 35.159640000105895 ], [ -78.829956991572544, 35.166439000102592 ], [ -78.823314991328644, 35.170741000139252 ], [ -78.801824991741753, 35.178693000367652 ], [ -78.774644991394723, 35.179576000035539 ], [ -78.762137991582563, 35.185281000031232 ], [ -78.75736699136408, 35.183683999814093 ], [ -78.751818991065434, 35.177053000139232 ], [ -78.747671990902646, 35.174847000014097 ], [ -78.73976799179124, 35.174301999532226 ], [ -78.735460991148997, 35.175000999531271 ], [ -78.73424299168957, 35.173956999716061 ], [ -78.73245099102671, 35.175361000405438 ], [ -78.726424990715984, 35.170168000308365 ], [ -78.721020990801804, 35.174173999750998 ], [ -78.712056991465616, 35.189278000326659 ], [ -78.709961990957652, 35.186192000027965 ], [ -78.712339991749715, 35.182275999826118 ], [ -78.713901990992909, 35.181295999928309 ], [ -78.713295991578207, 35.180984999993697 ], [ -78.715024991462613, 35.177455000397309 ], [ -78.718897991681573, 35.174996000005194 ], [ -78.713052991300259, 35.170853999726219 ], [ -78.712423990895402, 35.167646000201081 ], [ -78.71095999174581, 35.165402999912779 ], [ -78.712524991060477, 35.163065999899359 ], [ -78.7160999907926, 35.160475999538782 ], [ -78.716226991154301, 35.160146000182088 ], [ -78.713726991454777, 35.161602999736708 ], [ -78.716202990799971, 35.159287000262637 ], [ -78.709859991681071, 35.158029000157491 ], [ -78.703283991556617, 35.150075000223133 ], [ -78.691085991018937, 35.15686300010222 ], [ -78.685674990828204, 35.154700999533411 ], [ -78.676552990877695, 35.153068000284883 ], [ -78.679288990924974, 35.147102999761877 ], [ -78.678075991429878, 35.143402999699482 ], [ -78.680360991659043, 35.142278999910957 ], [ -78.68045599100796, 35.136185999975098 ], [ -78.67484599162168, 35.134294999878513 ], [ -78.667377991790715, 35.136025999562811 ], [ -78.664177991261312, 35.135156000013033 ], [ -78.664326991476585, 35.131786000214142 ], [ -78.660103991432237, 35.128708999929287 ], [ -78.664199990866067, 35.126818000041744 ], [ -78.652230991300101, 35.11978999971894 ], [ -78.650523991439698, 35.117999000395102 ], [ -78.647659991272263, 35.117941000301947 ], [ -78.641478991024343, 35.121148999599562 ], [ -78.639952991402453, 35.119779000222742 ], [ -78.639008991336425, 35.116994000198467 ], [ -78.639388991463534, 35.115804999777602 ], [ -78.643079991291401, 35.113133000122865 ], [ -78.644355991051469, 35.113866999996574 ], [ -78.645856991038698, 35.113078999918024 ], [ -78.650648991424688, 35.113064000201256 ], [ -78.653808991449353, 35.111415999864057 ], [ -78.654013991352599, 35.10788299963955 ], [ -78.652856991242274, 35.106959999772251 ], [ -78.651927991082061, 35.103695000127225 ], [ -78.654355991089119, 35.100707000039939 ], [ -78.65792599079721, 35.101379999957196 ], [ -78.659026991516072, 35.100024999701255 ], [ -78.659454991353314, 35.098593999714758 ], [ -78.658256991214571, 35.097466999696955 ], [ -78.658237990865857, 35.094465999786358 ], [ -78.659950991172636, 35.092932000402797 ], [ -78.663608991249106, 35.092163999901921 ], [ -78.667264991631654, 35.093677000178531 ], [ -78.670477991116627, 35.09273700028703 ], [ -78.67053699109394, 35.08766000032584 ], [ -78.671848990931281, 35.086987000353993 ], [ -78.672291991066217, 35.085281000238886 ], [ -78.675142991547432, 35.084077000152227 ], [ -78.678151991085798, 35.089116000244104 ], [ -78.682971990993579, 35.091857000362346 ], [ -78.68728199156179, 35.098841999631745 ], [ -78.696403990818226, 35.104584999704336 ], [ -78.703568991481902, 35.107458999823756 ], [ -78.707841991761867, 35.111107999564958 ], [ -78.709573991575439, 35.115667000028019 ], [ -78.709926991447006, 35.12148500028308 ], [ -78.714261991378024, 35.120607000137042 ], [ -78.722428991483596, 35.121257000217248 ], [ -78.730327991463497, 35.122989000342884 ], [ -78.752479990922041, 35.122727999708395 ], [ -78.76040599083106, 35.125106000403356 ], [ -78.776704991794773, 35.132640999993271 ], [ -78.765636991059822, 35.140871000102948 ], [ -78.787817990726666, 35.153620000198387 ], [ -78.796327991627592, 35.151682999571598 ], [ -78.802955990903939, 35.147136000130409 ], [ -78.813548990736436, 35.141603999829776 ], [ -78.827124991539776, 35.145130000168365 ], [ -78.825650991679112, 35.148908999898495 ], [ -78.825789991171476, 35.153969000016239 ], [ -78.837817991150771, 35.159640000105895 ] ] ] } },
{ "type": "Feature", "properties": { "county": "CUMBERLAND", "precinct": "AH49", "enr_desc": "Arran Hills", "winner": "Nigel W. Bristow", "winner_votes": 138.0, "winner_share": 34.936708860759488, "runner_up": "Richard N. Ojeda II", "runner_up_votes": 109.0, "runner_up_share": 27.594936708860761, "contest_votes": 395.0, "margin_of_victory": 7.3417721518987271, "is_tie": false, "results": [ { "candidate": "Nigel W. Bristow", "votes": 138, "share": 34.93670886075949 }, { "candidate": "Richard N. Ojeda II", "votes": 109, "share": 27.59493670886076 }, { "candidate": "Loren Bibler", "votes": 79, "share": 20.0 }, { "candidate": "Lent C. Carr II", "votes": 69, "share": 17.468354430379744 } ], "participated": true, "map_key": "CUMBERLAND_AH49" }, "geometry": { "type": "Polygon", "coordinates": [ [ [ -79.002461991358985, 35.020076999740198 ], [ -79.002477991115228, 35.024286999863776 ], [ -79.001347991107579, 35.027929999937818 ], [ -78.997524991443626, 35.033141000323923 ], [ -78.990166990798187, 35.032229999851914 ], [ -78.985155991723886, 35.033463999952133 ], [ -78.98347199105757, 35.031312000252029 ], [ -78.983043991663379, 35.028535999557903 ], [ -78.981368991715655, 35.02837999993141 ], [ -78.979976991435379, 35.024194000201767 ], [ -78.977471990949965, 35.021836000342802 ], [ -78.973279991063322, 35.02052700028981 ], [ -78.972130991103896, 35.016258999752516 ], [ -78.973002991749823, 35.014590999954635 ], [ -78.972549991722317, 35.012266000099288 ], [ -78.977130991784776, 35.011740000003677 ], [ -78.982757991359861, 35.009158000315651 ], [ -78.984816991110492, 35.017615999633691 ], [ -78.990603990990891, 35.01829500035408 ], [ -78.994553991461174, 35.022011999891753 ], [ -78.997947991394483, 35.021812000272654 ], [ -78.999132991515467, 35.020092999714436 ], [ -79.000796991144355, 35.019446000430179 ], [ -79.002461991358985, 35.020076999740198 ] ] ] } },
{ "type": "Feature", "properties": { "county": "RANDOLPH", "precinct": "GR", "enr_desc": "Grant", "winner": "Richard N. Ojeda II", "winner_votes": 40.0, "winner_share": 38.461538461538467, "runner_up": "Loren Bibler", "runner_up_votes": 32.0, "runner_up_share": 30.76923076923077, "contest_votes": 104.0, "margin_of_victory": 7.692307692307697, "is_tie": false, "results": [ { "candidate": "Richard N. Ojeda II", "votes": 40, "share": 38.46153846153847 }, { "candidate": "Loren Bibler", "votes": 32, "share": 30.76923076923077 }, { "candidate": "Nigel W. Bristow", "votes": 23, "share": 22.115384615384613 }, { "candidate": "Lent C. Carr II", "votes": 9, "share": 8.653846153846153 } ], "participated": true, "map_key": "RANDOLPH_GR" }, "geometry": { "type": "Polygon", "coordinates": [ [ [ -79.808208991358384, 35.6092320003631 ], [ -79.805895991124771, 35.659228999936197 ], [ -79.801954990746907, 35.661662000145199 ], [ -79.800126990902072, 35.664586000351498 ], [ -79.796541991390143, 35.667574000222217 ], [ -79.792676990856037, 35.662786999776884 ], [ -79.787726991157129, 35.660892000292499 ], [ -79.783463990963057, 35.657566999646143 ], [ -79.777552990720167, 35.656154000103605 ], [ -79.776622990859337, 35.658369999872576 ], [ -79.777509991563178, 35.661806000266139 ], [ -79.77644999066635, 35.667918999871802 ], [ -79.777477990963519, 35.673957999867284 ], [ -79.775901991392999, 35.67472900038284 ], [ -79.771429991036953, 35.674032999939428 ], [ -79.766615991454316, 35.676837999707168 ], [ -79.763374991730629, 35.677109000039678 ], [ -79.762984991108922, 35.677479000017421 ], [ -79.765373991106671, 35.679678999902109 ], [ -79.76744999074603, 35.683911000032253 ], [ -79.75911199169667, 35.68528499966218 ], [ -79.75925999146115, 35.708982999949285 ], [ -79.676899990766813, 35.707682999622122 ], [ -79.681358991176793, 35.608879000416522 ], [ -79.808208991358384, 35.6092320003631 ] ] ] } },
{ "type": "Feature", "properties": { "county": "RANDOLPH", "precinct": "AN", "enr_desc": "Asheboro North", "winner": "Nigel W. Bristow", "winner_votes": 56.0, "winner_share": 35.668789808917197, "runner_up": "Richard N. Ojeda II", "runner_up_votes": 51.0, "runner_up_share": 32.484076433121018, "contest_votes": 157.0, "margin_of_victory": 3.1847133757961785, "is_tie": false, "results": [ { "candidate": "Nigel W. Bristow", "votes": 56, "share": 35.6687898089172 }, { "candidate": "Richard N. Ojeda II", "votes": 51, "share": 32.48407643312102 }, { "candidate": "Loren Bibler", "votes": 30, "share": 19.10828025477707 }, { "candidate": "Lent C. Carr II", "votes": 20, "share": 12.738853503184714 } ], "participated": true, "map_key": "RANDOLPH_AN" }, "geometry": { "type": "Polygon", "coordinates": [ [ [ -79.826424990658708, 35.752910999711915 ], [ -79.829221991625076, 35.779974000333048 ], [ -79.822672990958466, 35.780031000221129 ], [ -79.822673991653389, 35.776888000159936 ], [ -79.820079990802029, 35.776892999611619 ], [ -79.819852990928581, 35.783151999932919 ], [ -79.811986990978568, 35.7827519998242 ], [ -79.811993991609697, 35.783641000490668 ], [ -79.810369991480911, 35.783612999876979 ], [ -79.810626990691929, 35.784988999747611 ], [ -79.811620991573022, 35.785266999945641 ], [ -79.810805990842383, 35.785996999916485 ], [ -79.811965991463282, 35.786220000304866 ], [ -79.80982699069169, 35.787014999939124 ], [ -79.807785990818317, 35.786180000322332 ], [ -79.808070991128119, 35.790354000369234 ], [ -79.807241991507581, 35.79046000037431 ], [ -79.807155991054628, 35.791578000356921 ], [ -79.805636991550543, 35.79152000049752 ], [ -79.806087991344597, 35.785686000261251 ], [ -79.802121991637819, 35.784659999622193 ], [ -79.802358990871568, 35.782052000334545 ], [ -79.800612990847654, 35.779514000073995 ], [ -79.803746991704656, 35.778252000484756 ], [ -79.803365991504279, 35.777154000425732 ], [ -79.805214991215522, 35.776904999718475 ], [ -79.805519991537651, 35.77461899965536 ], [ -79.80466499167737, 35.774921000016519 ], [ -79.804341990734656, 35.774286000167002 ], [ -79.805414990776512, 35.773903999625453 ], [ -79.799540991176372, 35.773915999754053 ], [ -79.79980799075112, 35.768875999945841 ], [ -79.79855699078432, 35.768676000098985 ], [ -79.798325991620843, 35.761249000235708 ], [ -79.794970990826698, 35.761243999652194 ], [ -79.794971990733671, 35.758497000468687 ], [ -79.790083991645901, 35.758489000341434 ], [ -79.790091990699224, 35.752452000070782 ], [ -79.787042991404874, 35.75587600009991 ], [ -79.787679991243721, 35.756921000083885 ], [ -79.784113991246016, 35.757795999993697 ], [ -79.780900990737933, 35.761688999821679 ], [ -79.773272990876151, 35.764130999810263 ], [ -79.772194991496121, 35.762791000095923 ], [ -79.772250991560995, 35.761241000275355 ], [ -79.771256990780543, 35.760594999929211 ], [ -79.771890991676571, 35.759749999995911 ], [ -79.774776990891397, 35.759381999928564 ], [ -79.776645991489559, 35.76022100011339 ], [ -79.777730991449772, 35.759635999840526 ], [ -79.778364990725478, 35.760437999671844 ], [ -79.782210990955065, 35.756198000101072 ], [ -79.781482991212542, 35.756149000324548 ], [ -79.781681990890903, 35.754048000283277 ], [ -79.783416991528696, 35.754051999982416 ], [ -79.784217990942707, 35.748949999929685 ], [ -79.781855991552078, 35.748121000259431 ], [ -79.78357399103632, 35.747395000129821 ], [ -79.782691991465398, 35.742912000202473 ], [ -79.796371991081216, 35.741410999884536 ], [ -79.800128990998118, 35.73524600001668 ], [ -79.80321299127516, 35.734625999637778 ], [ -79.808375991329569, 35.735701000159345 ], [ -79.808364991439504, 35.736853000345882 ], [ -79.812334991565081, 35.73535800017148 ], [ -79.817259991675712, 35.735081000159965 ], [ -79.824192991364072, 35.732249000503181 ], [ -79.826424990658708, 35.752910999711915 ] ] ] } },
{ "type": "Feature", "properties": { "county": "RANDOLPH", "precinct": "AR", "enr_desc": "Archdale", "winner": "Richard N. Ojeda II", "winner_votes": 105.0, "winner_share": 32.8125, "runner_up": "Nigel W. Bristow", "runner_up_votes": 90.0, "runner_up_share": 28.125, "contest_votes": 320.0, "margin_of_victory": 4.6875, "is_tie": false, "results": [ { "candidate": "Richard N. Ojeda II", "votes": 105, "share": 32.8125 }, { "candidate": "Nigel W. Bristow", "votes": 90, "share": 28.125 }, { "candidate": "Loren Bibler", "votes": 78, "share": 24.375 }, { "candidate": "Lent C. Carr II", "votes": 47, "share": 14.6875 } ], "participated": true, "map_key": "RANDOLPH_AR" }, "geometry": { "type": "Polygon", "coordinates": [ [ [ -80.008491991217085, 35.919072999944319 ], [ -79.972286990666234, 35.917809999879573 ], [ -79.920517991324331, 35.915737999680246 ], [ -79.922127991692349, 35.881884999867069 ], [ -79.924955990656741, 35.88318900021202 ], [ -79.932107991387312, 35.882532999738075 ], [ -79.936947990892762, 35.883488000519755 ], [ -79.940320991677893, 35.883185000497463 ], [ -79.94048099115885, 35.880693999955717 ], [ -79.945558991576959, 35.880949999992708 ], [ -79.945615991072529, 35.881675000418248 ], [ -79.944577991247272, 35.881690000499127 ], [ -79.945240990948619, 35.884065000344911 ], [ -79.950413991155301, 35.884870000273288 ], [ -79.950212991539431, 35.883487000344779 ], [ -79.95875999152868, 35.885960000468792 ], [ -79.958909991461269, 35.881981000305011 ], [ -79.956802990979668, 35.881356999668014 ], [ -79.957195991356102, 35.882229999853436 ], [ -79.956480990913349, 35.882129000032947 ], [ -79.956472990829354, 35.876361000343778 ], [ -79.955774990877842, 35.87639000008344 ], [ -79.958136991246391, 35.873934999733891 ], [ -79.958250990764341, 35.875228000240625 ], [ -79.960779991119992, 35.875248000500548 ], [ -79.960811991159829, 35.873859000414264 ], [ -79.959896990736937, 35.872904999959864 ], [ -79.960620991410579, 35.872454000407544 ], [ -79.962511990944435, 35.873782999874045 ], [ -79.961489991209945, 35.878639999737324 ], [ -79.960879991143443, 35.878632000275786 ], [ -79.960772991652931, 35.881464000365888 ], [ -79.962426991277312, 35.881507999776538 ], [ -79.962326990672651, 35.885122999675204 ], [ -79.96145799165177, 35.884983000063542 ], [ -79.961432991043495, 35.886230000036342 ], [ -79.959584991349914, 35.886073999953432 ], [ -79.967085990772176, 35.888057000182798 ], [ -79.979405990739863, 35.895274999633997 ], [ -79.984307991626011, 35.900510000218482 ], [ -79.986744990852458, 35.900652000143921 ], [ -79.986689990906115, 35.901284999964538 ], [ -79.984836991217634, 35.900962999761099 ], [ -79.989939990636259, 35.906352000366866 ], [ -79.990654991218008, 35.902793999814328 ], [ -79.997091991636154, 35.90319700043208 ], [ -79.997039990929181, 35.903911000137327 ], [ -79.996183990754361, 35.903858000014004 ], [ -79.99576099126817, 35.908615000083003 ], [ -79.998091990840763, 35.90805499988744 ], [ -79.999751991400331, 35.903376000333971 ], [ -80.005965990892221, 35.90353200040591 ], [ -80.005688991233882, 35.906018000123197 ], [ -80.00792099079348, 35.906134999922401 ], [ -80.0076829911998, 35.907314000322927 ], [ -80.005755990728005, 35.907214000134211 ], [ -80.005672990997681, 35.908412000323551 ], [ -80.010266990910708, 35.908586000043329 ], [ -80.010032991686003, 35.909744999868877 ], [ -80.011509990728172, 35.90989699991956 ], [ -80.011217991435529, 35.911449000073652 ], [ -80.012119991521942, 35.911543999783959 ], [ -80.011126991296862, 35.91193299980327 ], [ -80.010861991050533, 35.913342000516344 ], [ -80.0101329915272, 35.913252000476369 ], [ -80.009757991614364, 35.915138000341926 ], [ -80.011027991564944, 35.915437000452435 ], [ -80.010447991471722, 35.916179000370612 ], [ -80.015737991062224, 35.916117999832458 ], [ -80.016032991120397, 35.917387000473937 ], [ -80.015963991227011, 35.918408000211691 ], [ -80.014947991358554, 35.91836200043543 ], [ -80.014647991414776, 35.917362000496276 ], [ -80.010052991542381, 35.917085999938571 ], [ -80.010936991632647, 35.918252000244081 ], [ -80.008596991559358, 35.918120000265532 ], [ -80.008491991217085, 35.919072999944319 ] ] ] } },
{ "type": "Feature", "properties": { "county": "RANDOLPH", "precinct": "AS", "enr_desc": "Asheboro South", "winner": "Richard N. Ojeda II", "winner_votes": 79.0, "winner_share": 50.967741935483865, "runner_up": "Loren Bibler", "runner_up_votes": 29.0, "runner_up_share": 18.70967741935484, "contest_votes": 155.0, "margin_of_victory": 32.258064516129025, "is_tie": false, "results": [ { "candidate": "Richard N. Ojeda II", "votes": 79, "share": 50.967741935483865 }, { "candidate": "Loren Bibler", "votes": 29, "share": 18.70967741935484 }, { "candidate": "Lent C. Carr II", "votes": 25, "share": 16.129032258064516 }, { "candidate": "Nigel W. Bristow", "votes": 22, "share": 14.193548387096774 } ], "participated": true, "map_key": "RANDOLPH_AS" }, "geometry": { "type": "Polygon", "coordinates": [ [ [ -79.842157990918153, 35.687862999850395 ], [ -79.833346991608479, 35.685261000284534 ], [ -79.823962991299098, 35.687633000228288 ], [ -79.816214990718279, 35.688242000480308 ], [ -79.806190991185915, 35.68971299977413 ], [ -79.790890991469453, 35.696011999884789 ], [ -79.773265990750929, 35.710895000277368 ], [ -79.765395991594104, 35.71549699989891 ], [ -79.759323990836165, 35.719135000347606 ], [ -79.75925999146115, 35.708982999949285 ], [ -79.75911199169667, 35.68528499966218 ], [ -79.76744999074603, 35.683911000032253 ], [ -79.765373991106671, 35.679678999902109 ], [ -79.762984991108922, 35.677479000017421 ], [ -79.763374991730629, 35.677109000039678 ], [ -79.766615991454316, 35.676837999707168 ], [ -79.771429991036953, 35.674032999939428 ], [ -79.775901991392999, 35.67472900038284 ], [ -79.777477990963519, 35.673957999867284 ], [ -79.77644999066635, 35.667918999871802 ], [ -79.777509991563178, 35.661806000266139 ], [ -79.776622990859337, 35.658369999872576 ], [ -79.777552990720167, 35.656154000103605 ], [ -79.783463990963057, 35.657566999646143 ], [ -79.787726991157129, 35.660892000292499 ], [ -79.792676990856037, 35.662786999776884 ], [ -79.796541991390143, 35.667574000222217 ], [ -79.800126990902072, 35.664586000351498 ], [ -79.801954990746907, 35.661662000145199 ], [ -79.805895991124771, 35.659228999936197 ], [ -79.808108991037784, 35.65765800015653 ], [ -79.811761990697676, 35.6530790000091 ], [ -79.822167991742589, 35.654051000093787 ], [ -79.82491899125236, 35.653281999822916 ], [ -79.831714990737055, 35.653378000502684 ], [ -79.833067991482622, 35.650126999796676 ], [ -79.836126991040643, 35.660903000300067 ], [ -79.835496991109068, 35.663977000018846 ], [ -79.832184990865585, 35.670524000081627 ], [ -79.841218991509294, 35.673071000384283 ], [ -79.838259991516054, 35.684080000192203 ], [ -79.838485991561001, 35.684814000087002 ], [ -79.842629991178299, 35.683275000257197 ], [ -79.843335991131767, 35.684514999709307 ], [ -79.842157990918153, 35.687862999850395 ] ] ] } },
{ "type": "Feature", "properties": { "county": "RANDOLPH", "precinct": "AW", "enr_desc": "Asheboro West", "winner": "Richard N. Ojeda II", "winner_votes": 139.0, "winner_share": 46.026490066225165, "runner_up": "Nigel W. Bristow", "runner_up_votes": 79.0, "runner_up_share": 26.158940397350992, "contest_votes": 302.0, "margin_of_victory": 19.867549668874172, "is_tie": false, "results": [ { "candidate": "Richard N. Ojeda II", "votes": 139, "share": 46.026490066225165 }, { "candidate": "Nigel W. Bristow", "votes": 79, "share": 26.158940397350992 }, { "candidate": "Loren Bibler", "votes": 45, "share": 14.90066225165563 }, { "candidate": "Lent C. Carr II", "votes": 39, "share": 12.91390728476821 } ], "participated": true, "map_key": "RANDOLPH_AW" }, "geometry": { "type": "Polygon", "coordinates": [ [ [ -79.842157990918153, 35.687862999850395 ], [ -79.848934991362867, 35.690739000130144 ], [ -79.850208991020864, 35.696329999667043 ], [ -79.847543990654543, 35.701480000255948 ], [ -79.849790991691549, 35.704017000366811 ], [ -79.849399991108484, 35.705600000271545 ], [ -79.850466991027062, 35.707503000481047 ], [ -79.850412990652174, 35.71229000000946 ], [ -79.852521991129635, 35.716159999852742 ], [ -79.855159991646474, 35.715789000039599 ], [ -79.857042991466102, 35.718033000378831 ], [ -79.85673299138459, 35.719933000344582 ], [ -79.85864399125478, 35.720347999853054 ], [ -79.860636991224595, 35.722431000052573 ], [ -79.858817990948154, 35.727573999805138 ], [ -79.856957991705542, 35.728461999937338 ], [ -79.861636990679415, 35.731397999901347 ], [ -79.86116899105528, 35.734815000366744 ], [ -79.862097991310463, 35.738181000141651 ], [ -79.860878991144276, 35.740633999628436 ], [ -79.861183991082569, 35.741865999785816 ], [ -79.854891991659329, 35.740859000037638 ], [ -79.853599991155534, 35.741758000334741 ], [ -79.85500299139207, 35.742167999712208 ], [ -79.853459991469549, 35.743450999887578 ], [ -79.852703991567381, 35.748854000215566 ], [ -79.855007991587854, 35.749659999784903 ], [ -79.85475999099404, 35.752352999813013 ], [ -79.855574991277336, 35.753885000309339 ], [ -79.854536990850477, 35.75517300047688 ], [ -79.855407991730118, 35.756615000462112 ], [ -79.855322990704138, 35.758399999712751 ], [ -79.853807990985501, 35.760206000154803 ], [ -79.849789990725284, 35.758563000049456 ], [ -79.847067991621259, 35.763549999958151 ], [ -79.8436239915779, 35.764620000194896 ], [ -79.842200990705976, 35.759479000155828 ], [ -79.840328991000845, 35.757112999787225 ], [ -79.8318929912474, 35.752757999635321 ], [ -79.826424990658708, 35.752910999711915 ], [ -79.824192991364072, 35.732249000503181 ], [ -79.817259991675712, 35.735081000159965 ], [ -79.812334991565081, 35.73535800017148 ], [ -79.808364991439504, 35.736853000345882 ], [ -79.808375991329569, 35.735701000159345 ], [ -79.80321299127516, 35.734625999637778 ], [ -79.800128990998118, 35.73524600001668 ], [ -79.796735991220331, 35.735122000118267 ], [ -79.796730991564701, 35.727647000140109 ], [ -79.800560991449203, 35.72809200044378 ], [ -79.801726991429334, 35.727187000117716 ], [ -79.800921990799978, 35.723361999611392 ], [ -79.803938990978452, 35.717202999992708 ], [ -79.810839991181666, 35.71693699986762 ], [ -79.814085991281999, 35.706056999873333 ], [ -79.816214990718279, 35.688242000480308 ], [ -79.823962991299098, 35.687633000228288 ], [ -79.833346991608479, 35.685261000284534 ], [ -79.842157990918153, 35.687862999850395 ] ] ] } },
{ "type": "Feature", "properties": { "county": "RANDOLPH", "precinct": "BC", "enr_desc": "Back Creek", "winner": "Richard N. Ojeda II", "winner_votes": 30.0, "winner_share": 48.387096774193552, "runner_up": "Loren Bibler", "runner_up_votes": 15.0, "runner_up_share": 24.193548387096776, "contest_votes": 62.0, "margin_of_victory": 24.193548387096776, "is_tie": false, "results": [ { "candidate": "Richard N. Ojeda II", "votes": 30, "share": 48.38709677419355 }, { "candidate": "Loren Bibler", "votes": 15, "share": 24.193548387096776 }, { "candidate": "Nigel W. Bristow", "votes": 14, "share": 22.58064516129032 }, { "candidate": "Lent C. Carr II", "votes": 3, "share": 4.838709677419355 } ], "participated": true, "map_key": "RANDOLPH_BC" }, "geometry": { "type": "Polygon", "coordinates": [ [ [ -79.826424990658708, 35.752910999711915 ], [ -79.8318929912474, 35.752757999635321 ], [ -79.840328991000845, 35.757112999787225 ], [ -79.842200990705976, 35.759479000155828 ], [ -79.8436239915779, 35.764620000194896 ], [ -79.847067991621259, 35.763549999958151 ], [ -79.849789990725284, 35.758563000049456 ], [ -79.853807990985501, 35.760206000154803 ], [ -79.855322990704138, 35.758399999712751 ], [ -79.855407991730118, 35.756615000462112 ], [ -79.854536990850477, 35.75517300047688 ], [ -79.855574991277336, 35.753885000309339 ], [ -79.85475999099404, 35.752352999813013 ], [ -79.855007991587854, 35.749659999784903 ], [ -79.852703991567381, 35.748854000215566 ], [ -79.853459991469549, 35.743450999887578 ], [ -79.85500299139207, 35.742167999712208 ], [ -79.853599991155534, 35.741758000334741 ], [ -79.854891991659329, 35.740859000037638 ], [ -79.861183991082569, 35.741865999785816 ], [ -79.860878991144276, 35.740633999628436 ], [ -79.862097991310463, 35.738181000141651 ], [ -79.86116899105528, 35.734815000366744 ], [ -79.861636990679415, 35.731397999901347 ], [ -79.856957991705542, 35.728461999937338 ], [ -79.858817990948154, 35.727573999805138 ], [ -79.860636991224595, 35.722431000052573 ], [ -79.85864399125478, 35.720347999853054 ], [ -79.85673299138459, 35.719933000344582 ], [ -79.857042991466102, 35.718033000378831 ], [ -79.855159991646474, 35.715789000039599 ], [ -79.852521991129635, 35.716159999852742 ], [ -79.850412990652174, 35.71229000000946 ], [ -79.850466991027062, 35.707503000481047 ], [ -79.849399991108484, 35.705600000271545 ], [ -79.849790991691549, 35.704017000366811 ], [ -79.847543990654543, 35.701480000255948 ], [ -79.850208991020864, 35.696329999667043 ], [ -79.848934991362867, 35.690739000130144 ], [ -79.929608990848351, 35.724414999644623 ], [ -79.927164990862849, 35.775928999677028 ], [ -79.925378990892966, 35.813555999704313 ], [ -79.836388990729404, 35.811123999784982 ], [ -79.828366991209222, 35.804290000274875 ], [ -79.821888991343414, 35.801927000146243 ], [ -79.823063990852376, 35.797118000383804 ], [ -79.828933991550869, 35.786315999631476 ], [ -79.829221991625076, 35.779974000333048 ], [ -79.826424990658708, 35.752910999711915 ] ] ] } },
{ "type": "Feature", "properties": { "county": null, "precinct": null, "enr_desc": "Westarea-G2E-1", "winner": null, "winner_votes": null, "winner_share": null, "runner_up": null, "runner_up_votes": null, "runner_up_share": null, "contest_votes": null, "margin_of_victory": null, "is_tie": false, "results": null, "participated": false, "map_key": null }, "geometry": { "type": "Polygon", "coordinates": [ [ [ -78.923862991321585, 35.124843000059926 ], [ -78.908303991364932, 35.131553000282722 ], [ -78.914339991, 35.144316000320458 ], [ -78.919956990716926, 35.148353000128083 ], [ -78.923373991229823, 35.146511000360213 ], [ -78.923534991631584, 35.154525000347228 ], [ -78.922187991481906, 35.154542999553712 ], [ -78.92017499114904, 35.157721000410135 ], [ -78.914293991314679, 35.157652999618591 ], [ -78.912697991213022, 35.153379999967591 ], [ -78.910162991608175, 35.144207000024103 ], [ -78.907150991601981, 35.140689999832503 ], [ -78.904404991574978, 35.137519000241412 ], [ -78.902331991207205, 35.133280999571355 ], [ -78.897287991707955, 35.12980099980895 ], [ -78.900175991023687, 35.125099999959112 ], [ -78.90267099074066, 35.122756000102655 ], [ -78.912811991300018, 35.120988999758275 ], [ -78.913681991718235, 35.122523000146643 ], [ -78.912080990827619, 35.123735999721113 ], [ -78.913082990705789, 35.124354999736489 ], [ -78.914657991507838, 35.128279000030247 ], [ -78.923862991321585, 35.124843000059926 ] ] ] } },
{ "type": "Feature", "properties": { "county": "MOORE", "precinct": "BEN", "enr_desc": "Bensalem", "winner": "Richard N. Ojeda II", "winner_votes": 23.0, "winner_share": 63.888888888888886, "runner_up": "Nigel W. Bristow", "runner_up_votes": 6.0, "runner_up_share": 16.666666666666664, "contest_votes": 36.0, "margin_of_victory": 47.222222222222221, "is_tie": false, "results": [ { "candidate": "Richard N. Ojeda II", "votes": 23, "share": 63.888888888888886 }, { "candidate": "Nigel W. Bristow", "votes": 6, "share": 16.666666666666664 }, { "candidate": "Loren Bibler", "votes": 4, "share": 11.11111111111111 }, { "candidate": "Lent C. Carr II", "votes": 3, "share": 8.333333333333332 } ], "participated": true, "map_key": "MOORE_BEN" }, "geometry": { "type": "Polygon", "coordinates": [ [ [ -79.543649991352211, 35.291536000384696 ], [ -79.552749991071934, 35.291630000425741 ], [ -79.632076991358389, 35.284440999962406 ], [ -79.635380990861293, 35.275328999749178 ], [ -79.641095991268855, 35.26797000007641 ], [ -79.643926991430476, 35.260504999611513 ], [ -79.643748991021994, 35.257992000253545 ], [ -79.645135991409333, 35.252110000078503 ], [ -79.644626991747899, 35.23893600019769 ], [ -79.645750991568377, 35.225774000413082 ], [ -79.664599991622893, 35.220771999863452 ], [ -79.665195990690762, 35.222673999888279 ], [ -79.66431399145587, 35.226629000315448 ], [ -79.665594991456601, 35.228163000410348 ], [ -79.668559991666456, 35.229549999896307 ], [ -79.669078991029309, 35.232668000007394 ], [ -79.667943991464838, 35.234538999835742 ], [ -79.669328990715641, 35.235022999742775 ], [ -79.669482991028261, 35.239890000389636 ], [ -79.671093991596877, 35.240810999971842 ], [ -79.672508991546096, 35.244994000285672 ], [ -79.679541991759734, 35.246690999895741 ], [ -79.681605991479188, 35.248129000087459 ], [ -79.685419991511651, 35.247687999876121 ], [ -79.687881991591453, 35.249998999972981 ], [ -79.698006991519193, 35.251520999660251 ], [ -79.702679991230156, 35.255906999700898 ], [ -79.702623991188474, 35.258702000093557 ], [ -79.705049991543049, 35.262329999604098 ], [ -79.705283991129477, 35.268230000197264 ], [ -79.707228991548817, 35.271431000277481 ], [ -79.711895991191639, 35.275607999662313 ], [ -79.7124699908438, 35.286650000501027 ], [ -79.711627991277595, 35.288588000056933 ], [ -79.711827991258076, 35.290492999884364 ], [ -79.710468991141227, 35.292616000413979 ], [ -79.711462991014614, 35.296160999982803 ], [ -79.711270990735741, 35.299674999947555 ], [ -79.70991299068568, 35.301274999744074 ], [ -79.741404991201762, 35.409045000462626 ], [ -79.662080991408843, 35.409433000220531 ], [ -79.572902991614484, 35.4098739996343 ], [ -79.555015990914541, 35.408627999790546 ], [ -79.553143991759555, 35.409449999933472 ], [ -79.544741991127921, 35.409318999671228 ], [ -79.543649991352211, 35.291536000384696 ] ] ] } },
{ "type": "Feature", "properties": { "county": null, "precinct": null, "enr_desc": "Cross Creek 01", "winner": null, "winner_votes": null, "winner_share": null, "runner_up": null, "runner_up_votes": null, "runner_up_share": null, "contest_votes": null, "margin_of_victory": null, "is_tie": false, "results": null, "participated": false, "map_key": null }, "geometry": { "type": "Polygon", "coordinates": [ [ [ -78.902108991195817, 35.043122000042978 ], [ -78.902736991384515, 35.044129999844735 ], [ -78.900623991431488, 35.045088000128565 ], [ -78.902037991426624, 35.047690999905477 ], [ -78.89821899110504, 35.050623999580743 ], [ -78.898111990722199, 35.054944999950401 ], [ -78.899162991059086, 35.054998999720752 ], [ -78.899057991514255, 35.056658000000319 ], [ -78.888029991198422, 35.055893000258664 ], [ -78.882159991115955, 35.053906000361735 ], [ -78.880243991524338, 35.058399000420295 ], [ -78.857338991333904, 35.050184999576452 ], [ -78.860446990710955, 35.038769999604376 ], [ -78.859845990923503, 35.03216400021148 ], [ -78.872027990852771, 35.029559000337969 ], [ -78.876876991614267, 35.032915999668873 ], [ -78.87829199172333, 35.032038000386812 ], [ -78.879286990752178, 35.033119999595876 ], [ -78.881463991186749, 35.033149000066331 ], [ -78.881769991720915, 35.032561000270405 ], [ -78.885459990823676, 35.033969000401719 ], [ -78.88263099136438, 35.040052000429867 ], [ -78.885518991503773, 35.040401000100076 ], [ -78.887445990805375, 35.041755000142068 ], [ -78.887405991462899, 35.04306300007574 ], [ -78.892164990870086, 35.04207300039895 ], [ -78.897491990990687, 35.040864000269075 ], [ -78.897726991236638, 35.041460999989624 ], [ -78.89598599107822, 35.042265000431428 ], [ -78.902108991195817, 35.043122000042978 ] ] ] } },
{ "type": "Feature", "properties": { "county": null, "precinct": null, "enr_desc": "G30", "winner": null, "winner_votes": null, "winner_share": null, "runner_up": null, "runner_up_votes": null, "runner_up_share": null, "contest_votes": null, "margin_of_victory": null, "is_tie": false, "results": null, "participated": false, "map_key": null }, "geometry": { "type": "Polygon", "coordinates": [ [ [ -79.841724991398394, 36.108406000087498 ], [ -79.845297991158134, 36.111375000185618 ], [ -79.853300990674455, 36.114128000065207 ], [ -79.85879299119388, 36.117901000373571 ], [ -79.85771699122391, 36.119129000479894 ], [ -79.858599991640816, 36.120874000211778 ], [ -79.858322991618181, 36.124013999934533 ], [ -79.862116991487767, 36.125437000339055 ], [ -79.857586991640346, 36.129079000046481 ], [ -79.854131990635622, 36.129985000078982 ], [ -79.836818991156221, 36.116020999763407 ], [ -79.835617991208579, 36.115185000256297 ], [ -79.841567990801209, 36.109873999640236 ], [ -79.842233991547062, 36.110932000295591 ], [ -79.841724991398394, 36.108406000087498 ] ] ] } },
{ "type": "Feature", "properties": { "county": null, "precinct": null, "enr_desc": "G31", "winner": null, "winner_votes": null, "winner_share": null, "runner_up": null, "runner_up_votes": null, "runner_up_share": null, "contest_votes": null, "margin_of_victory": null, "is_tie": false, "results": null, "participated": false, "map_key": null }, "geometry": { "type": "Polygon", "coordinates": [ [ [ -79.819395991051096, 36.099885000484036 ], [ -79.832040990817873, 36.09842199976007 ], [ -79.830901991391201, 36.095583000295562 ], [ -79.831670991108709, 36.095351000351037 ], [ -79.833368990997371, 36.096564999984061 ], [ -79.833960991353877, 36.098217000240766 ], [ -79.8377109912837, 36.097782000355288 ], [ -79.837661991230263, 36.09888100006328 ], [ -79.840554991232622, 36.099002000370866 ], [ -79.840609991449298, 36.100163000010305 ], [ -79.841761990931872, 36.10078300047347 ], [ -79.838147990771475, 36.104097000250697 ], [ -79.841724991398394, 36.108406000087498 ], [ -79.842233991547062, 36.110932000295591 ], [ -79.841567990801209, 36.109873999640236 ], [ -79.835617991208579, 36.115185000256297 ], [ -79.836818991156221, 36.116020999763407 ], [ -79.836490990730738, 36.116246999676306 ], [ -79.827079991511127, 36.108617999954348 ], [ -79.819395991051096, 36.099885000484036 ] ] ] } },
{ "type": "Feature", "properties": { "county": null, "precinct": null, "enr_desc": "G32", "winner": null, "winner_votes": null, "winner_share": null, "runner_up": null, "runner_up_votes": null, "runner_up_share": null, "contest_votes": null, "margin_of_victory": null, "is_tie": false, "results": null, "participated": false, "map_key": null }, "geometry": { "type": "Polygon", "coordinates": [ [ [ -79.841724991398394, 36.108406000087498 ], [ -79.838147990771475, 36.104097000250697 ], [ -79.841761990931872, 36.10078300047347 ], [ -79.84591999113195, 36.104521999766142 ], [ -79.849331991449105, 36.105906999794286 ], [ -79.852727991284254, 36.106640999711793 ], [ -79.856957990946071, 36.104193999734633 ], [ -79.859478990641662, 36.105486999885088 ], [ -79.862653991072847, 36.10563099966906 ], [ -79.864530991093901, 36.107003000036229 ], [ -79.86560899084246, 36.105340000373197 ], [ -79.867216991427867, 36.105275000374697 ], [ -79.870004990719053, 36.105750000325322 ], [ -79.868455991297864, 36.109425000331719 ], [ -79.868789991146869, 36.112783000257608 ], [ -79.871805991594726, 36.116477999905015 ], [ -79.865188991231946, 36.118335000041974 ], [ -79.85879299119388, 36.117901000373571 ], [ -79.853300990674455, 36.114128000065207 ], [ -79.845297991158134, 36.111375000185618 ], [ -79.841724991398394, 36.108406000087498 ] ] ] } },
{ "type": "Feature", "properties": { "county": "MOORE", "precinct": "CAM", "enr_desc": "Cameron", "winner": "Richard N. Ojeda II", "winner_votes": 37.0, "winner_share": 52.857142857142861, "runner_up": "Nigel W. Bristow", "runner_up_votes": 16.0, "runner_up_share": 22.857142857142858, "contest_votes": 70.0, "margin_of_victory": 30.000000000000004, "is_tie": false, "results": [ { "candidate": "Richard N. Ojeda II", "votes": 37, "share": 52.85714285714286 }, { "candidate": "Nigel W. Bristow", "votes": 16, "share": 22.857142857142858 }, { "candidate": "Loren Bibler", "votes": 11, "share": 15.714285714285714 }, { "candidate": "Lent C. Carr II", "votes": 6, "share": 8.571428571428571 } ], "participated": true, "map_key": "MOORE_CAM" }, "geometry": { "type": "Polygon", "coordinates": [ [ [ -79.329336991456302, 35.289460000423496 ], [ -79.331903991138006, 35.395927000021167 ], [ -79.33191499090853, 35.402690999651178 ], [ -79.329898991643716, 35.406166000196748 ], [ -79.331674990960408, 35.40776200047403 ], [ -79.340849990819024, 35.40775000018737 ], [ -79.328887990750019, 35.423105000440188 ], [ -79.32734799134218, 35.423710000221597 ], [ -79.326318991746007, 35.422515999743183 ], [ -79.327436991650529, 35.421635000029752 ], [ -79.325218991110603, 35.420768999839247 ], [ -79.31937299067468, 35.421136999602318 ], [ -79.317378991541389, 35.419923000327756 ], [ -79.316054991252642, 35.418660999927546 ], [ -79.315644990899642, 35.416622999676029 ], [ -79.311885990709001, 35.412927000049649 ], [ -79.311053991278229, 35.411206999755692 ], [ -79.311634991280656, 35.409922999574 ], [ -79.310571991394895, 35.408621000413746 ], [ -79.305588991606498, 35.407460999724336 ], [ -79.304478990676103, 35.404817000377854 ], [ -79.296030991384129, 35.401285000340785 ], [ -79.293965991700958, 35.399604000169226 ], [ -79.28956099129465, 35.400439000465028 ], [ -79.283854991109138, 35.38596199978749 ], [ -79.277124991210783, 35.37691400002322 ], [ -79.276403991126699, 35.370078000023206 ], [ -79.27508299170303, 35.3658149996864 ], [ -79.271875991589994, 35.362329000319463 ], [ -79.273472991067734, 35.352588999628935 ], [ -79.265712991311119, 35.345278999915713 ], [ -79.254265991292115, 35.343290999850829 ], [ -79.221975991592359, 35.324337000416506 ], [ -79.183555990855282, 35.307160999937054 ], [ -79.223020991704473, 35.268133000232623 ], [ -79.23772499168598, 35.254437999734918 ], [ -79.240890990877475, 35.255810000431069 ], [ -79.246255991625645, 35.260177000161583 ], [ -79.250523990872409, 35.261215999810034 ], [ -79.252893991742624, 35.263010999722376 ], [ -79.255908991720176, 35.263874000054408 ], [ -79.258903991671332, 35.265417000253883 ], [ -79.260254991066262, 35.267376999663071 ], [ -79.262583991172022, 35.268241999854844 ], [ -79.264003990949831, 35.27470000024497 ], [ -79.263722991600758, 35.276691000220147 ], [ -79.265918991629079, 35.28199500039193 ], [ -79.267125991215352, 35.282621999919854 ], [ -79.266622990705301, 35.283674999889385 ], [ -79.267319991583236, 35.28479799973006 ], [ -79.269805990827152, 35.283928000170597 ], [ -79.273212990864423, 35.284971999931201 ], [ -79.273970991664044, 35.286875000394268 ], [ -79.275677991507635, 35.28790799970745 ], [ -79.281972991440782, 35.287226999816177 ], [ -79.283935991146436, 35.289550000465226 ], [ -79.329336991456302, 35.289460000423496 ] ] ] } },
{ "type": "Feature", "properties": { "county": "MOORE", "precinct": "CAR", "enr_desc": "Carthage", "winner": "Richard N. Ojeda II", "winner_votes": 62.0, "winner_share": 52.542372881355938, "runner_up": "Loren Bibler", "runner_up_votes": 24.0, "runner_up_share": 20.33898305084746, "contest_votes": 118.0, "margin_of_victory": 32.203389830508478, "is_tie": false, "results": [ { "candidate": "Richard N. Ojeda II", "votes": 62, "share": 52.54237288135594 }, { "candidate": "Loren Bibler", "votes": 24, "share": 20.33898305084746 }, { "candidate": "Nigel W. Bristow", "votes": 24, "share": 20.33898305084746 }, { "candidate": "Lent C. Carr II", "votes": 8, "share": 6.779661016949152 } ], "participated": true, "map_key": "MOORE_CAR" }, "geometry": { "type": "Polygon", "coordinates": [ [ [ -79.544741991127921, 35.409318999671228 ], [ -79.531301991478884, 35.408676999684822 ], [ -79.407479990714634, 35.408566000169039 ], [ -79.406765991757467, 35.42570200029418 ], [ -79.398888991711402, 35.440082000472394 ], [ -79.4017009910539, 35.447616999688918 ], [ -79.401783990952538, 35.45305900019067 ], [ -79.400596990950504, 35.458000000029813 ], [ -79.402996990731779, 35.462744000294109 ], [ -79.409580990905738, 35.470022000112671 ], [ -79.413853990929113, 35.476751999820962 ], [ -79.418514991511742, 35.486911999755115 ], [ -79.422627990766941, 35.491882999840215 ], [ -79.425725991286797, 35.497375000127391 ], [ -79.427508990730203, 35.502736999929319 ], [ -79.427098991305414, 35.505634999953308 ], [ -79.428794991423359, 35.509003999814865 ], [ -79.430040990968294, 35.51689099979918 ], [ -79.421873991743055, 35.517007000323979 ], [ -79.350072990909723, 35.518001999711664 ], [ -79.351445991356982, 35.515837999829358 ], [ -79.351240990764836, 35.514319000377817 ], [ -79.340515991038941, 35.506319999893094 ], [ -79.33649399136759, 35.500138000081442 ], [ -79.33591999123243, 35.497753999868934 ], [ -79.33917999172327, 35.492300000299672 ], [ -79.345622991711735, 35.488316000400438 ], [ -79.351534991335058, 35.47768000036676 ], [ -79.359806991001946, 35.47768199972684 ], [ -79.356589991562018, 35.473283999638994 ], [ -79.356740991702821, 35.47234700032697 ], [ -79.358601990734215, 35.471660000235886 ], [ -79.359821991340837, 35.469882999872041 ], [ -79.357145990819106, 35.468094000179462 ], [ -79.355641990911337, 35.469549000350909 ], [ -79.354817990891775, 35.468217000300683 ], [ -79.355776991242337, 35.467989000349426 ], [ -79.354442991469881, 35.466490000218677 ], [ -79.355486991369673, 35.466203999588778 ], [ -79.35512599127091, 35.464541999660362 ], [ -79.351898991317427, 35.465637000450378 ], [ -79.352697991300687, 35.464415999936179 ], [ -79.348303991050997, 35.463371000435131 ], [ -79.351589991269563, 35.459543000252218 ], [ -79.350105991041616, 35.459074000393684 ], [ -79.35045399112154, 35.457923000415477 ], [ -79.346145990905327, 35.456993999780309 ], [ -79.34632399169621, 35.455711000325294 ], [ -79.341976991046522, 35.45234400022197 ], [ -79.34223999096757, 35.451257000233937 ], [ -79.341194990895204, 35.45092499988359 ], [ -79.341870991714913, 35.44871900021483 ], [ -79.340520991199696, 35.448483000075178 ], [ -79.340035990897803, 35.447236000385104 ], [ -79.337420991423201, 35.446059000079515 ], [ -79.336738990726687, 35.444964000316951 ], [ -79.334610991668228, 35.444838999861965 ], [ -79.332276991020962, 35.440799000170699 ], [ -79.328939991529509, 35.439236999589752 ], [ -79.328956991271411, 35.436419999926102 ], [ -79.326671991298952, 35.434785999777709 ], [ -79.327304991611882, 35.434299000107558 ], [ -79.326854991148437, 35.432899000230833 ], [ -79.329528990951957, 35.431184999823891 ], [ -79.32880199137179, 35.429427999666643 ], [ -79.330210990967373, 35.427181999631507 ], [ -79.330241991639127, 35.424553999581413 ], [ -79.328887990750019, 35.423105000440188 ], [ -79.340849990819024, 35.40775000018737 ], [ -79.331674990960408, 35.40776200047403 ], [ -79.329898991643716, 35.406166000196748 ], [ -79.33191499090853, 35.402690999651178 ], [ -79.331903991138006, 35.395927000021167 ], [ -79.329336991456302, 35.289460000423496 ], [ -79.338051990734058, 35.289424000456961 ], [ -79.418010991322546, 35.289075000444477 ], [ -79.517685991393009, 35.290818999970909 ], [ -79.543649991352211, 35.291536000384696 ], [ -79.544741991127921, 35.409318999671228 ] ] ] } },
{ "type": "Feature", "properties": { "county": null, "precinct": null, "enr_desc": "G33", "winner": null, "winner_votes": null, "winner_share": null, "runner_up": null, "runner_up_votes": null, "runner_up_share": null, "contest_votes": null, "margin_of_victory": null, "is_tie": false, "results": null, "participated": false, "map_key": null }, "geometry": { "type": "Polygon", "coordinates": [ [ [ -79.840948991501989, 36.086370999668418 ], [ -79.843234991140648, 36.086911000101594 ], [ -79.851036991099264, 36.089498999963183 ], [ -79.850808991699893, 36.097210000197911 ], [ -79.858124991215135, 36.102213999945612 ], [ -79.856957990946071, 36.104193999734633 ], [ -79.852727991284254, 36.106640999711793 ], [ -79.849331991449105, 36.105906999794286 ], [ -79.84591999113195, 36.104521999766142 ], [ -79.841761990931872, 36.10078300047347 ], [ -79.840609991449298, 36.100163000010305 ], [ -79.840554991232622, 36.099002000370866 ], [ -79.840948991501989, 36.086370999668418 ] ] ] } },
{ "type": "Feature", "properties": { "county": "CUMBERLAND", "precinct": "CC03", "enr_desc": "Cross Creek 03", "winner": "Richard N. Ojeda II", "winner_votes": 31.0, "winner_share": 33.333333333333329, "runner_up": "Nigel W. Bristow", "runner_up_votes": 26.0, "runner_up_share": 27.956989247311824, "contest_votes": 93.0, "margin_of_victory": 5.3763440860215042, "is_tie": false, "results": [ { "candidate": "Richard N. Ojeda II", "votes": 31, "share": 33.33333333333333 }, { "candidate": "Nigel W. Bristow", "votes": 26, "share": 27.956989247311824 }, { "candidate": "Loren Bibler", "votes": 21, "share": 22.58064516129032 }, { "candidate": "Lent C. Carr II", "votes": 15, "share": 16.129032258064516 } ], "participated": true, "map_key": "CUMBERLAND_CC03" }, "geometry": { "type": "Polygon", "coordinates": [ [ [ -78.968991990937013, 35.083332999910532 ], [ -78.968468991312946, 35.084358999861557 ], [ -78.970943991481903, 35.087981000168554 ], [ -78.970423991727955, 35.088538000376943 ], [ -78.971016990960649, 35.090756000306598 ], [ -78.973753991401509, 35.093489000180085 ], [ -78.974168991406458, 35.095824999729672 ], [ -78.975305991280294, 35.09720000010504 ], [ -78.976635991043409, 35.103785000178455 ], [ -78.975374990871373, 35.106463000107169 ], [ -78.975777990746039, 35.110156000130914 ], [ -78.962797991747664, 35.112752999613839 ], [ -78.958766991707719, 35.112777999817823 ], [ -78.958912990768681, 35.113516000214624 ], [ -78.957752991670105, 35.114477000276764 ], [ -78.957344990975713, 35.113875999640854 ], [ -78.954840991175431, 35.114902000169273 ], [ -78.951148991645596, 35.114661999966565 ], [ -78.955156991028701, 35.111490000246555 ], [ -78.950157990741744, 35.105806999652273 ], [ -78.949635990859292, 35.107586999981663 ], [ -78.941806991375756, 35.104243999888524 ], [ -78.942534991049286, 35.104060000253142 ], [ -78.941939991390953, 35.102866000161853 ], [ -78.936801991313644, 35.10368000002449 ], [ -78.935492991761876, 35.103288999654254 ], [ -78.936200991483162, 35.102642999968104 ], [ -78.934355991002093, 35.101460000402717 ], [ -78.934800991219674, 35.100262999727697 ], [ -78.938070990853063, 35.102068000322348 ], [ -78.942221991204775, 35.099439999916477 ], [ -78.947857990953949, 35.095985999907235 ], [ -78.955057991166115, 35.093167000279642 ], [ -78.953150990855647, 35.088512000354996 ], [ -78.950233990863197, 35.086083999648785 ], [ -78.958733991333219, 35.077761999984787 ], [ -78.960045990759099, 35.076818999854815 ], [ -78.9647499907542, 35.082024999885455 ], [ -78.968991990937013, 35.083332999910532 ] ] ] } },
{ "type": "Feature", "properties": { "county": null, "precinct": null, "enr_desc": "Cross Creek 04", "winner": null, "winner_votes": null, "winner_share": null, "runner_up": null, "runner_up_votes": null, "runner_up_share": null, "contest_votes": null, "margin_of_victory": null, "is_tie": false, "results": null, "participated": false, "map_key": null }, "geometry": { "type": "Polygon", "coordinates": [ [ [ -78.880243991524338, 35.058399000420295 ], [ -78.882159991115955, 35.053906000361735 ], [ -78.888029991198422, 35.055893000258664 ], [ -78.899057991514255, 35.056658000000319 ], [ -78.89921399127347, 35.056692000034474 ], [ -78.900218991527211, 35.062361000348268 ], [ -78.90518199105037, 35.062595000295367 ], [ -78.904739991149228, 35.068392000247051 ], [ -78.896530990949699, 35.064921000422871 ], [ -78.887575990754286, 35.060728000246996 ], [ -78.880243991524338, 35.058399000420295 ] ] ] } },
{ "type": "Feature", "properties": { "county": null, "precinct": null, "enr_desc": "Cross Creek 06", "winner": null, "winner_votes": null, "winner_share": null, "runner_up": null, "runner_up_votes": null, "runner_up_share": null, "contest_votes": null, "margin_of_victory": null, "is_tie": false, "results": null, "participated": false, "map_key": null }, "geometry": { "type": "Polygon", "coordinates": [ [ [ -78.923151991260241, 35.072238000203498 ], [ -78.92139099135477, 35.074497999581368 ], [ -78.921466991252757, 35.079303999968474 ], [ -78.922356990969149, 35.081916000199058 ], [ -78.920559991688052, 35.082404999936415 ], [ -78.919944991423108, 35.083240999996988 ], [ -78.920566991750079, 35.083562000371906 ], [ -78.919446991015349, 35.084217000323584 ], [ -78.906885991710325, 35.074272000395339 ], [ -78.904635991771428, 35.073471999769914 ], [ -78.902585991676659, 35.073902999693914 ], [ -78.900836991374632, 35.073016000125925 ], [ -78.899937990777076, 35.071692000439462 ], [ -78.900725991602599, 35.070529000342425 ], [ -78.895867990787067, 35.068484999990055 ], [ -78.896530990949699, 35.064921000422871 ], [ -78.904739991149228, 35.068392000247051 ], [ -78.910007991612545, 35.069005000195425 ], [ -78.916861991055029, 35.069851999949961 ], [ -78.923151991260241, 35.072238000203498 ] ] ] } },
{ "type": "Feature", "properties": { "county": null, "precinct": null, "enr_desc": "Cross Creek 07", "winner": null, "winner_votes": null, "winner_share": null, "runner_up": null, "runner_up_votes": null, "runner_up_share": null, "contest_votes": null, "margin_of_victory": null, "is_tie": false, "results": null, "participated": false, "map_key": null }, "geometry": { "type": "Polygon", "coordinates": [ [ [ -78.910007991612545, 35.069005000195425 ], [ -78.904739991149228, 35.068392000247051 ], [ -78.90518199105037, 35.062595000295367 ], [ -78.900218991527211, 35.062361000348268 ], [ -78.89921399127347, 35.056692000034474 ], [ -78.901428991471704, 35.057976000284654 ], [ -78.901687991283254, 35.05729199965068 ], [ -78.912166991268251, 35.059854000263094 ], [ -78.912732990777471, 35.056673000216442 ], [ -78.917637990938033, 35.056704000070503 ], [ -78.917806991014075, 35.058000999594285 ], [ -78.916467990732585, 35.060965999619903 ], [ -78.914174991213429, 35.060286999567843 ], [ -78.91305999133921, 35.062233000148829 ], [ -78.910964991212836, 35.061384000350856 ], [ -78.910007991612545, 35.069005000195425 ] ] ] } },
{ "type": "Feature", "properties": { "county": null, "precinct": null, "enr_desc": "Cross Creek 08", "winner": null, "winner_votes": null, "winner_share": null, "runner_up": null, "runner_up_votes": null, "runner_up_share": null, "contest_votes": null, "margin_of_victory": null, "is_tie": false, "results": null, "participated": false, "map_key": null }, "geometry": { "type": "Polygon", "coordinates": [ [ [ -78.91826299145788, 35.052099999855223 ], [ -78.916597990735454, 35.053103000366661 ], [ -78.917637990938033, 35.056704000070503 ], [ -78.912732990777471, 35.056673000216442 ], [ -78.912166991268251, 35.059854000263094 ], [ -78.901687991283254, 35.05729199965068 ], [ -78.901428991471704, 35.057976000284654 ], [ -78.89921399127347, 35.056692000034474 ], [ -78.899057991514255, 35.056658000000319 ], [ -78.899162991059086, 35.054998999720752 ], [ -78.898111990722199, 35.054944999950401 ], [ -78.89821899110504, 35.050623999580743 ], [ -78.902037991426624, 35.047690999905477 ], [ -78.900623991431488, 35.045088000128565 ], [ -78.902736991384515, 35.044129999844735 ], [ -78.902108991195817, 35.043122000042978 ], [ -78.904026991139204, 35.042752999628611 ], [ -78.905353991718528, 35.04441400020113 ], [ -78.906760991477782, 35.044506000196087 ], [ -78.907498991247323, 35.047365999864013 ], [ -78.909055990833068, 35.048518999760766 ], [ -78.912920990713957, 35.048744999925319 ], [ -78.912847991161186, 35.049612999592426 ], [ -78.915340991436594, 35.051896000109075 ], [ -78.91826299145788, 35.052099999855223 ] ] ] } },
{ "type": "Feature", "properties": { "county": null, "precinct": null, "enr_desc": "Cross Creek 12", "winner": null, "winner_votes": null, "winner_share": null, "runner_up": null, "runner_up_votes": null, "runner_up_share": null, "contest_votes": null, "margin_of_victory": null, "is_tie": false, "results": null, "participated": false, "map_key": null }, "geometry": { "type": "Polygon", "coordinates": [ [ [ -78.917637990938033, 35.056704000070503 ], [ -78.916597990735454, 35.053103000366661 ], [ -78.91826299145788, 35.052099999855223 ], [ -78.922933991736073, 35.053875999897286 ], [ -78.924330991481511, 35.052852000351734 ], [ -78.931547991517604, 35.053886000103596 ], [ -78.933609991406513, 35.055594999859856 ], [ -78.935802990884724, 35.056198000174426 ], [ -78.936861991224589, 35.058765000250553 ], [ -78.942487991694492, 35.05904899980515 ], [ -78.944105991500095, 35.061247999947113 ], [ -78.932713991355101, 35.063777000152236 ], [ -78.925650991358978, 35.064056999783716 ], [ -78.92164599137044, 35.063384999614108 ], [ -78.916467990732585, 35.060965999619903 ], [ -78.917806991014075, 35.058000999594285 ], [ -78.917637990938033, 35.056704000070503 ] ] ] } },
{ "type": "Feature", "properties": { "county": null, "precinct": null, "enr_desc": "Cross Creek 10", "winner": null, "winner_votes": null, "winner_share": null, "runner_up": null, "runner_up_votes": null, "runner_up_share": null, "contest_votes": null, "margin_of_victory": null, "is_tie": false, "results": null, "participated": false, "map_key": null }, "geometry": { "type": "Polygon", "coordinates": [ [ [ -78.90832499154638, 35.02740499997779 ], [ -78.919025991128223, 35.020776000158698 ], [ -78.922696991115643, 35.022938999755027 ], [ -78.930414991385149, 35.030751999857848 ], [ -78.924601991655464, 35.03186999988781 ], [ -78.922345991214442, 35.033110999968173 ], [ -78.921325991488729, 35.030557000190122 ], [ -78.913087991383961, 35.032152000005837 ], [ -78.908693991476127, 35.029748999778995 ], [ -78.907652991379109, 35.028041999922053 ], [ -78.90832499154638, 35.02740499997779 ] ] ] } },
{ "type": "Feature", "properties": { "county": null, "precinct": null, "enr_desc": "Cross Creek 13", "winner": null, "winner_votes": null, "winner_share": null, "runner_up": null, "runner_up_votes": null, "runner_up_share": null, "contest_votes": null, "margin_of_victory": null, "is_tie": false, "results": null, "participated": false, "map_key": null }, "geometry": { "type": "Polygon", "coordinates": [ [ [ -78.919446991015349, 35.084217000323584 ], [ -78.919787990878177, 35.08507399958885 ], [ -78.92327299179108, 35.086734000232831 ], [ -78.92418599149849, 35.08904000033403 ], [ -78.920919990778003, 35.090633999995859 ], [ -78.915715991743014, 35.097171000231093 ], [ -78.904934991505698, 35.084683000192811 ], [ -78.897670991685914, 35.075894999976981 ], [ -78.888221991599082, 35.079808000045006 ], [ -78.888769991092943, 35.073198000151201 ], [ -78.891707991490946, 35.067862000309447 ], [ -78.891710991756327, 35.06564700029935 ], [ -78.8894989907607, 35.06394100026413 ], [ -78.887575990754286, 35.060728000246996 ], [ -78.896530990949699, 35.064921000422871 ], [ -78.895867990787067, 35.068484999990055 ], [ -78.900725991602599, 35.070529000342425 ], [ -78.899937990777076, 35.071692000439462 ], [ -78.900836991374632, 35.073016000125925 ], [ -78.902585991676659, 35.073902999693914 ], [ -78.904635991771428, 35.073471999769914 ], [ -78.906885991710325, 35.074272000395339 ], [ -78.919446991015349, 35.084217000323584 ] ] ] } },
{ "type": "Feature", "properties": { "county": "CUMBERLAND", "precinct": "CC14", "enr_desc": "Cross Creek 14", "winner": "Richard N. Ojeda II", "winner_votes": 91.0, "winner_share": 39.055793991416309, "runner_up": "Loren Bibler", "runner_up_votes": 60.0, "runner_up_share": 25.751072961373389, "contest_votes": 233.0, "margin_of_victory": 13.30472103004292, "is_tie": false, "results": [ { "candidate": "Richard N. Ojeda II", "votes": 91, "share": 39.05579399141631 }, { "candidate": "Loren Bibler", "votes": 60, "share": 25.75107296137339 }, { "candidate": "Nigel W. Bristow", "votes": 49, "share": 21.030042918454935 }, { "candidate": "Lent C. Carr II", "votes": 33, "share": 14.163090128755366 } ], "participated": true, "map_key": "CUMBERLAND_CC14" }, "geometry": { "type": "Polygon", "coordinates": [ [ [ -78.916467990732585, 35.060965999619903 ], [ -78.92164599137044, 35.063384999614108 ], [ -78.925650991358978, 35.064056999783716 ], [ -78.932713991355101, 35.063777000152236 ], [ -78.944105991500095, 35.061247999947113 ], [ -78.945543991265552, 35.062582999959361 ], [ -78.945252990859942, 35.063849999955984 ], [ -78.946891991613768, 35.064567999649114 ], [ -78.94685899091175, 35.066384000248526 ], [ -78.956281991291235, 35.068403999644417 ], [ -78.957842991501977, 35.076730999945177 ], [ -78.958733991333219, 35.077761999984787 ], [ -78.950233990863197, 35.086083999648785 ], [ -78.939110990983338, 35.078068999790155 ], [ -78.923151991260241, 35.072238000203498 ], [ -78.916861991055029, 35.069851999949961 ], [ -78.910007991612545, 35.069005000195425 ], [ -78.910964991212836, 35.061384000350856 ], [ -78.91305999133921, 35.062233000148829 ], [ -78.914174991213429, 35.060286999567843 ], [ -78.916467990732585, 35.060965999619903 ] ] ] } },
{ "type": "Feature", "properties": { "county": null, "precinct": null, "enr_desc": "Cross Creek 15", "winner": null, "winner_votes": null, "winner_share": null, "runner_up": null, "runner_up_votes": null, "runner_up_share": null, "contest_votes": null, "margin_of_victory": null, "is_tie": false, "results": null, "participated": false, "map_key": null }, "geometry": { "type": "Polygon", "coordinates": [ [ [ -78.930414991385149, 35.030751999857848 ], [ -78.933871991619952, 35.038596000017726 ], [ -78.940294990895069, 35.043831000392409 ], [ -78.949969991209386, 35.04358200039983 ], [ -78.949681991150513, 35.04617099963108 ], [ -78.95107599081129, 35.047680999633187 ], [ -78.950883990926243, 35.04879100021612 ], [ -78.935200991106711, 35.04479700018021 ], [ -78.905344990873743, 35.039428000307787 ], [ -78.897491990990687, 35.040864000269075 ], [ -78.892164990870086, 35.04207300039895 ], [ -78.90832499154638, 35.02740499997779 ], [ -78.907652991379109, 35.028041999922053 ], [ -78.908693991476127, 35.029748999778995 ], [ -78.913087991383961, 35.032152000005837 ], [ -78.921325991488729, 35.030557000190122 ], [ -78.922345991214442, 35.033110999968173 ], [ -78.924601991655464, 35.03186999988781 ], [ -78.930414991385149, 35.030751999857848 ] ] ] } },
{ "type": "Feature", "properties": { "county": null, "precinct": null, "enr_desc": "Cross Creek 16", "winner": null, "winner_votes": null, "winner_share": null, "runner_up": null, "runner_up_votes": null, "runner_up_share": null, "contest_votes": null, "margin_of_victory": null, "is_tie": false, "results": null, "participated": false, "map_key": null }, "geometry": { "type": "Polygon", "coordinates": [ [ [ -78.904934991505698, 35.084683000192811 ], [ -78.899673991210108, 35.087551999781262 ], [ -78.900686991719368, 35.089318000039604 ], [ -78.902632990824529, 35.089482000043105 ], [ -78.900511991287715, 35.094456999828623 ], [ -78.905059991505127, 35.096269000130931 ], [ -78.903511991294835, 35.097096000161031 ], [ -78.904613991751518, 35.099488000332329 ], [ -78.906048991332653, 35.100599000094903 ], [ -78.898927991424202, 35.102766999721553 ], [ -78.895705991448921, 35.101115000281176 ], [ -78.89071199108696, 35.096193000044444 ], [ -78.890047991572629, 35.092621999932035 ], [ -78.888609991286216, 35.091654999757772 ], [ -78.887228991028451, 35.085977999772084 ], [ -78.888502990956994, 35.081933999692531 ], [ -78.888221991599082, 35.079808000045006 ], [ -78.897670991685914, 35.075894999976981 ], [ -78.904934991505698, 35.084683000192811 ] ] ] } },
{ "type": "Feature", "properties": { "county": "CUMBERLAND", "precinct": "CC21", "enr_desc": "Cross Creek 21", "winner": "Richard N. Ojeda II", "winner_votes": 127.0, "winner_share": 33.866666666666667, "runner_up": "Nigel W. Bristow", "runner_up_votes": 103.0, "runner_up_share": 27.466666666666669, "contest_votes": 375.0, "margin_of_victory": 6.4, "is_tie": false, "results": [ { "candidate": "Richard N. Ojeda II", "votes": 127, "share": 33.86666666666667 }, { "candidate": "Nigel W. Bristow", "votes": 103, "share": 27.46666666666667 }, { "candidate": "Lent C. Carr II", "votes": 75, "share": 20.0 }, { "candidate": "Loren Bibler", "votes": 70, "share": 18.666666666666668 } ], "participated": true, "map_key": "CUMBERLAND_CC21" }, "geometry": { "type": "Polygon", "coordinates": [ [ [ -78.950233990863197, 35.086083999648785 ], [ -78.953150990855647, 35.088512000354996 ], [ -78.955057991166115, 35.093167000279642 ], [ -78.947857990953949, 35.095985999907235 ], [ -78.942221991204775, 35.099439999916477 ], [ -78.940365990827104, 35.097637000255368 ], [ -78.92927499075806, 35.094359000007564 ], [ -78.926572991358171, 35.091275000350301 ], [ -78.92666499116531, 35.088318000003852 ], [ -78.92418599149849, 35.08904000033403 ], [ -78.92327299179108, 35.086734000232831 ], [ -78.919787990878177, 35.08507399958885 ], [ -78.919446991015349, 35.084217000323584 ], [ -78.920566991750079, 35.083562000371906 ], [ -78.919944991423108, 35.083240999996988 ], [ -78.920559991688052, 35.082404999936415 ], [ -78.922356990969149, 35.081916000199058 ], [ -78.921466991252757, 35.079303999968474 ], [ -78.92139099135477, 35.074497999581368 ], [ -78.923151991260241, 35.072238000203498 ], [ -78.939110990983338, 35.078068999790155 ], [ -78.950233990863197, 35.086083999648785 ] ] ] } },
{ "type": "Feature", "properties": { "county": "CUMBERLAND", "precinct": "CC17", "enr_desc": "Cross Creek 17", "winner": "Nigel W. Bristow", "winner_votes": 115.0, "winner_share": 33.141210374639769, "runner_up": "Richard N. Ojeda II", "runner_up_votes": 92.0, "runner_up_share": 26.512968299711815, "contest_votes": 347.0, "margin_of_victory": 6.6282420749279538, "is_tie": false, "results": [ { "candidate": "Nigel W. Bristow", "votes": 115, "share": 33.14121037463977 }, { "candidate": "Richard N. Ojeda II", "votes": 92, "share": 26.512968299711815 }, { "candidate": "Lent C. Carr II", "votes": 71, "share": 20.461095100864554 }, { "candidate": "Loren Bibler", "votes": 69, "share": 19.88472622478386 } ], "participated": true, "map_key": "CUMBERLAND_CC17" }, "geometry": { "type": "Polygon", "coordinates": [ [ [ -78.92418599149849, 35.08904000033403 ], [ -78.92666499116531, 35.088318000003852 ], [ -78.926572991358171, 35.091275000350301 ], [ -78.92927499075806, 35.094359000007564 ], [ -78.940365990827104, 35.097637000255368 ], [ -78.942221991204775, 35.099439999916477 ], [ -78.938070990853063, 35.102068000322348 ], [ -78.934800991219674, 35.100262999727697 ], [ -78.934355991002093, 35.101460000402717 ], [ -78.936200991483162, 35.102642999968104 ], [ -78.935492991761876, 35.103288999654254 ], [ -78.936801991313644, 35.10368000002449 ], [ -78.941939991390953, 35.102866000161853 ], [ -78.942534991049286, 35.104060000253142 ], [ -78.941806991375756, 35.104243999888524 ], [ -78.949635990859292, 35.107586999981663 ], [ -78.950157990741744, 35.105806999652273 ], [ -78.955156991028701, 35.111490000246555 ], [ -78.951148991645596, 35.114661999966565 ], [ -78.94361399070749, 35.119080000056996 ], [ -78.941947991478244, 35.117099000031345 ], [ -78.94210499130385, 35.107697999764426 ], [ -78.940529991336177, 35.106333999945889 ], [ -78.93686899150137, 35.105714999878181 ], [ -78.934127991377764, 35.10770199962559 ], [ -78.9326129916345, 35.106535999657652 ], [ -78.932616991706681, 35.108844999619002 ], [ -78.92989099122731, 35.110388999718218 ], [ -78.930945991038101, 35.111304000396458 ], [ -78.930149990754586, 35.112050000040831 ], [ -78.931875991289559, 35.113277999717539 ], [ -78.930406991208073, 35.11468799957278 ], [ -78.930761990901161, 35.11571099981014 ], [ -78.929531991368421, 35.114412000405764 ], [ -78.927674990974964, 35.115092999776834 ], [ -78.929262990857424, 35.117767999930855 ], [ -78.925065991474924, 35.120053000185692 ], [ -78.923798991506587, 35.119610000139133 ], [ -78.923204991627415, 35.117976999613361 ], [ -78.920700991357563, 35.120567999831088 ], [ -78.918698990737951, 35.117010000221065 ], [ -78.918078991061009, 35.113665999707891 ], [ -78.916419990856127, 35.11218499960939 ], [ -78.916849991578744, 35.111201999639988 ], [ -78.916224991346979, 35.11025899986614 ], [ -78.912537991090574, 35.10652499990131 ], [ -78.908522991684151, 35.105215999799775 ], [ -78.908110991225684, 35.101292000283244 ], [ -78.906048991332653, 35.100599000094903 ], [ -78.904613991751518, 35.099488000332329 ], [ -78.903511991294835, 35.097096000161031 ], [ -78.905059991505127, 35.096269000130931 ], [ -78.900511991287715, 35.094456999828623 ], [ -78.902632990824529, 35.089482000043105 ], [ -78.900686991719368, 35.089318000039604 ], [ -78.899673991210108, 35.087551999781262 ], [ -78.904934991505698, 35.084683000192811 ], [ -78.915715991743014, 35.097171000231093 ], [ -78.920919990778003, 35.090633999995859 ], [ -78.92418599149849, 35.08904000033403 ] ] ] } },
{ "type": "Feature", "properties": { "county": null, "precinct": null, "enr_desc": "Cross Creek 18", "winner": null, "winner_votes": null, "winner_share": null, "runner_up": null, "runner_up_votes": null, "runner_up_share": null, "contest_votes": null, "margin_of_victory": null, "is_tie": false, "results": null, "participated": false, "map_key": null }, "geometry": { "type": "Polygon", "coordinates": [ [ [ -78.935200991106711, 35.04479700018021 ], [ -78.939054991051208, 35.050398000169729 ], [ -78.943311991418653, 35.053835000044621 ], [ -78.948605991586746, 35.060334999924905 ], [ -78.944105991500095, 35.061247999947113 ], [ -78.942487991694492, 35.05904899980515 ], [ -78.936861991224589, 35.058765000250553 ], [ -78.935802990884724, 35.056198000174426 ], [ -78.933609991406513, 35.055594999859856 ], [ -78.931547991517604, 35.053886000103596 ], [ -78.924330991481511, 35.052852000351734 ], [ -78.922933991736073, 35.053875999897286 ], [ -78.91826299145788, 35.052099999855223 ], [ -78.915340991436594, 35.051896000109075 ], [ -78.912847991161186, 35.049612999592426 ], [ -78.912920990713957, 35.048744999925319 ], [ -78.909055990833068, 35.048518999760766 ], [ -78.907498991247323, 35.047365999864013 ], [ -78.906760991477782, 35.044506000196087 ], [ -78.905353991718528, 35.04441400020113 ], [ -78.904026991139204, 35.042752999628611 ], [ -78.902108991195817, 35.043122000042978 ], [ -78.89598599107822, 35.042265000431428 ], [ -78.897726991236638, 35.041460999989624 ], [ -78.897491990990687, 35.040864000269075 ], [ -78.905344990873743, 35.039428000307787 ], [ -78.935200991106711, 35.04479700018021 ] ] ] } },
{ "type": "Feature", "properties": { "county": null, "precinct": null, "enr_desc": "G34", "winner": null, "winner_votes": null, "winner_share": null, "runner_up": null, "runner_up_votes": null, "runner_up_share": null, "contest_votes": null, "margin_of_victory": null, "is_tie": false, "results": null, "participated": false, "map_key": null }, "geometry": { "type": "Polygon", "coordinates": [ [ [ -79.851036991099264, 36.089498999963183 ], [ -79.853948991411784, 36.090474000490708 ], [ -79.865060991527073, 36.09132399985694 ], [ -79.868914991328651, 36.092355000182671 ], [ -79.868811991580671, 36.094546999657076 ], [ -79.866553990799986, 36.096108999792385 ], [ -79.868821990597027, 36.09810800006462 ], [ -79.867417991303881, 36.100180000174859 ], [ -79.867216991427867, 36.105275000374697 ], [ -79.86560899084246, 36.105340000373197 ], [ -79.864530991093901, 36.107003000036229 ], [ -79.862653991072847, 36.10563099966906 ], [ -79.859478990641662, 36.105486999885088 ], [ -79.856957990946071, 36.104193999734633 ], [ -79.858124991215135, 36.102213999945612 ], [ -79.850808991699893, 36.097210000197911 ], [ -79.851036991099264, 36.089498999963183 ] ] ] } },
{ "type": "Feature", "properties": { "county": null, "precinct": null, "enr_desc": "Cross Creek 22", "winner": null, "winner_votes": null, "winner_share": null, "runner_up": null, "runner_up_votes": null, "runner_up_share": null, "contest_votes": null, "margin_of_victory": null, "is_tie": false, "results": null, "participated": false, "map_key": null }, "geometry": { "type": "Polygon", "coordinates": [ [ [ -78.877217991431422, 35.096098999765751 ], [ -78.879989991259663, 35.116954999783353 ], [ -78.879023990791467, 35.128687999701157 ], [ -78.87428599145241, 35.139781999600189 ], [ -78.871159991301127, 35.148473999947676 ], [ -78.870557991254003, 35.150997999791585 ], [ -78.867793990733119, 35.153101999739 ], [ -78.867084991649776, 35.154663000396468 ], [ -78.863512990855355, 35.155125000166969 ], [ -78.857339991011784, 35.154563999601564 ], [ -78.843336991019328, 35.151397999959755 ], [ -78.846433991602268, 35.147010999714674 ], [ -78.851905991724038, 35.141443000182953 ], [ -78.854641991327568, 35.13379499969345 ], [ -78.859845991157115, 35.126269999700561 ], [ -78.860243991579139, 35.121057999855296 ], [ -78.85589299120025, 35.114584000417707 ], [ -78.855368991278695, 35.111637000147056 ], [ -78.855653991136549, 35.108209999966817 ], [ -78.858140990863944, 35.100151999763128 ], [ -78.857857990912265, 35.101657999651124 ], [ -78.862093991002098, 35.104458999815527 ], [ -78.866295991060397, 35.094284999859937 ], [ -78.877217991431422, 35.096098999765751 ] ] ] } },
{ "type": "Feature", "properties": { "county": null, "precinct": null, "enr_desc": "Cross Creek 23-2", "winner": null, "winner_votes": null, "winner_share": null, "runner_up": null, "runner_up_votes": null, "runner_up_share": null, "contest_votes": null, "margin_of_victory": null, "is_tie": false, "results": null, "participated": false, "map_key": null }, "geometry": { "type": "Polygon", "coordinates": [ [ [ -78.907150991601981, 35.140689999832503 ], [ -78.910162991608175, 35.144207000024103 ], [ -78.912697991213022, 35.153379999967591 ], [ -78.907669991708403, 35.154654999893999 ], [ -78.892694991595562, 35.155019999589122 ], [ -78.874502990814079, 35.15834400033625 ], [ -78.869250991134564, 35.157415000112394 ], [ -78.870557991254003, 35.150997999791585 ], [ -78.872248990851887, 35.150620999955258 ], [ -78.872614991047683, 35.148931999824121 ], [ -78.871159991301127, 35.148473999947676 ], [ -78.87428599145241, 35.139781999600189 ], [ -78.878512991527771, 35.140802999807363 ], [ -78.879321991631116, 35.138894999769278 ], [ -78.88086499086954, 35.140006000393583 ], [ -78.881429991203106, 35.141724999783776 ], [ -78.883538990878705, 35.14176800010646 ], [ -78.885086991436367, 35.140135999742057 ], [ -78.889563990926064, 35.139686999912016 ], [ -78.889681991345924, 35.136020000112445 ], [ -78.891404990771193, 35.136055000129602 ], [ -78.892452991431043, 35.136594999712372 ], [ -78.891912991538504, 35.139974999846892 ], [ -78.896866990889166, 35.140006000197097 ], [ -78.898082991763815, 35.13850700043151 ], [ -78.899131990707048, 35.139646999587164 ], [ -78.897968990857635, 35.140766000214867 ], [ -78.898756990887861, 35.141723999892136 ], [ -78.898573991666495, 35.144266000333779 ], [ -78.89909599115316, 35.14573300022667 ], [ -78.900969991372477, 35.145608000251215 ], [ -78.902123990873278, 35.146378999615813 ], [ -78.902096990885127, 35.148832999954273 ], [ -78.905314991276114, 35.148276999874533 ], [ -78.906296991051221, 35.141448000395734 ], [ -78.907150991601981, 35.140689999832503 ] ] ] } },
{ "type": "Feature", "properties": { "county": "CUMBERLAND", "precinct": "CC24", "enr_desc": "Cross Creek 24", "winner": "Nigel W. Bristow", "winner_votes": 40.0, "winner_share": 33.057851239669425, "runner_up": "Richard N. Ojeda II", "runner_up_votes": 30.0, "runner_up_share": 24.793388429752067, "contest_votes": 121.0, "margin_of_victory": 8.264462809917358, "is_tie": false, "results": [ { "candidate": "Nigel W. Bristow", "votes": 40, "share": 33.057851239669425 }, { "candidate": "Richard N. Ojeda II", "votes": 30, "share": 24.793388429752067 }, { "candidate": "Loren Bibler", "votes": 27, "share": 22.31404958677686 }, { "candidate": "Lent C. Carr II", "votes": 24, "share": 19.834710743801654 } ], "participated": true, "map_key": "CUMBERLAND_CC24" }, "geometry": { "type": "Polygon", "coordinates": [ [ [ -78.966586991747903, 35.059050000095901 ], [ -78.973346991803439, 35.056734999713122 ], [ -78.980067990810625, 35.057534000398853 ], [ -78.983486991216225, 35.058894000253289 ], [ -78.980767991707168, 35.059205999971972 ], [ -78.981369990856919, 35.060138000284518 ], [ -78.979837991470447, 35.060323999930098 ], [ -78.980228991188, 35.061678000251888 ], [ -78.981414991201845, 35.061713000358985 ], [ -78.979770990909202, 35.068341000173199 ], [ -78.979904990985176, 35.071385000337962 ], [ -78.976246991728715, 35.074686000049759 ], [ -78.971615991029495, 35.07682899967071 ], [ -78.968991990937013, 35.083332999910532 ], [ -78.9647499907542, 35.082024999885455 ], [ -78.960045990759099, 35.076818999854815 ], [ -78.958733991333219, 35.077761999984787 ], [ -78.957842991501977, 35.076730999945177 ], [ -78.956281991291235, 35.068403999644417 ], [ -78.955848991041663, 35.06382199984494 ], [ -78.953929990734153, 35.05937199979094 ], [ -78.966586991747903, 35.059050000095901 ] ] ] } },
{ "type": "Feature", "properties": { "county": "CUMBERLAND", "precinct": "CC26", "enr_desc": "Cross Creek 26", "winner": "Richard N. Ojeda II", "winner_votes": 162.0, "winner_share": 34.394904458598724, "runner_up": "Nigel W. Bristow", "runner_up_votes": 153.0, "runner_up_share": 32.484076433121018, "contest_votes": 471.0, "margin_of_victory": 1.9108280254777057, "is_tie": false, "results": [ { "candidate": "Richard N. Ojeda II", "votes": 162, "share": 34.394904458598724 }, { "candidate": "Nigel W. Bristow", "votes": 153, "share": 32.48407643312102 }, { "candidate": "Lent C. Carr II", "votes": 84, "share": 17.8343949044586 }, { "candidate": "Loren Bibler", "votes": 72, "share": 15.286624203821656 } ], "participated": true, "map_key": "CUMBERLAND_CC26" }, "geometry": { "type": "Polygon", "coordinates": [ [ [ -78.985322991699064, 35.063524999831472 ], [ -78.984685990776029, 35.06579700008448 ], [ -78.986948991114957, 35.067598000390397 ], [ -78.987433991104567, 35.069277999804513 ], [ -78.991181991147286, 35.069602000313111 ], [ -78.993510991179079, 35.072655000350053 ], [ -78.994190991230994, 35.079719999673848 ], [ -78.98890399147902, 35.078920999988149 ], [ -78.98640999160456, 35.087126999610668 ], [ -78.98091699095022, 35.08690200039031 ], [ -78.980117991344002, 35.087808000283864 ], [ -78.974900991543748, 35.084575999961892 ], [ -78.968991990937013, 35.083332999910532 ], [ -78.971615991029495, 35.07682899967071 ], [ -78.976246991728715, 35.074686000049759 ], [ -78.979904990985176, 35.071385000337962 ], [ -78.979770990909202, 35.068341000173199 ], [ -78.981414991201845, 35.061713000358985 ], [ -78.983050991730636, 35.061597999876014 ], [ -78.985322991699064, 35.063524999831472 ] ] ] } },
{ "type": "Feature", "properties": { "county": "CUMBERLAND", "precinct": "CC25", "enr_desc": "Cross Creek 25", "winner": "Nigel W. Bristow", "winner_votes": 62.0, "winner_share": 28.571428571428569, "runner_up": "Richard N. Ojeda II", "runner_up_votes": 58.0, "runner_up_share": 26.728110599078342, "contest_votes": 217.0, "margin_of_victory": 1.8433179723502278, "is_tie": false, "results": [ { "candidate": "Nigel W. Bristow", "votes": 62, "share": 28.57142857142857 }, { "candidate": "Richard N. Ojeda II", "votes": 58, "share": 26.72811059907834 }, { "candidate": "Loren Bibler", "votes": 50, "share": 23.04147465437788 }, { "candidate": "Lent C. Carr II", "votes": 47, "share": 21.658986175115206 } ], "participated": true, "map_key": "CUMBERLAND_CC25" }, "geometry": { "type": "Polygon", "coordinates": [ [ [ -78.985322991699064, 35.063524999831472 ], [ -78.994276991050626, 35.064868000106237 ], [ -79.000838991294714, 35.070700999554525 ], [ -79.003041991363787, 35.070850000077193 ], [ -79.007025990812195, 35.073047999808253 ], [ -79.010957990890432, 35.072962000297274 ], [ -79.009128990944518, 35.073720000392669 ], [ -79.011424991020334, 35.073532999666689 ], [ -79.010084990983032, 35.078587999877719 ], [ -79.010179991352473, 35.082794000118241 ], [ -78.994190991230994, 35.079719999673848 ], [ -78.993510991179079, 35.072655000350053 ], [ -78.991181991147286, 35.069602000313111 ], [ -78.987433991104567, 35.069277999804513 ], [ -78.986948991114957, 35.067598000390397 ], [ -78.984685990776029, 35.06579700008448 ], [ -78.985322991699064, 35.063524999831472 ] ] ] } },
{ "type": "Feature", "properties": { "county": "CUMBERLAND", "precinct": "CC29", "enr_desc": "Cross Creek 29", "winner": "Nigel W. Bristow", "winner_votes": 61.0, "winner_share": 33.152173913043477, "runner_up": "Richard N. Ojeda II", "runner_up_votes": 56.0, "runner_up_share": 30.434782608695656, "contest_votes": 184.0, "margin_of_victory": 2.7173913043478208, "is_tie": false, "results": [ { "candidate": "Nigel W. Bristow", "votes": 61, "share": 33.15217391304348 }, { "candidate": "Richard N. Ojeda II", "votes": 56, "share": 30.434782608695656 }, { "candidate": "Loren Bibler", "votes": 35, "share": 19.021739130434785 }, { "candidate": "Lent C. Carr II", "votes": 32, "share": 17.391304347826086 } ], "participated": true, "map_key": "CUMBERLAND_CC29" }, "geometry": { "type": "Polygon", "coordinates": [ [ [ -78.980067990810625, 35.057534000398853 ], [ -78.973346991803439, 35.056734999713122 ], [ -78.966586991747903, 35.059050000095901 ], [ -78.962466990926643, 35.05842400034166 ], [ -78.950883990926243, 35.04879100021612 ], [ -78.95107599081129, 35.047680999633187 ], [ -78.949681991150513, 35.04617099963108 ], [ -78.949969991209386, 35.04358200039983 ], [ -78.96672199128173, 35.042447000314183 ], [ -78.97779699071981, 35.044294000304689 ], [ -78.979908991441988, 35.046462000071763 ], [ -78.97946499163703, 35.05022300039272 ], [ -78.980515991486797, 35.052218000049869 ], [ -78.97984899136766, 35.054563999922991 ], [ -78.980598990959805, 35.055556000438109 ], [ -78.980067990810625, 35.057534000398853 ] ] ] } },
{ "type": "Feature", "properties": { "county": "CUMBERLAND", "precinct": "CC27", "enr_desc": "Cross Creek 27", "winner": "Richard N. Ojeda II", "winner_votes": 102.0, "winner_share": 31.677018633540371, "runner_up": "Nigel W. Bristow", "runner_up_votes": 101.0, "runner_up_share": 31.366459627329192, "contest_votes": 322.0, "margin_of_victory": 0.31055900621117871, "is_tie": false, "results": [ { "candidate": "Richard N. Ojeda II", "votes": 102, "share": 31.67701863354037 }, { "candidate": "Nigel W. Bristow", "votes": 101, "share": 31.366459627329192 }, { "candidate": "Loren Bibler", "votes": 62, "share": 19.25465838509317 }, { "candidate": "Lent C. Carr II", "votes": 57, "share": 17.70186335403727 } ], "participated": true, "map_key": "CUMBERLAND_CC27" }, "geometry": { "type": "Polygon", "coordinates": [ [ [ -78.981414991201845, 35.061713000358985 ], [ -78.980228991188, 35.061678000251888 ], [ -78.979837991470447, 35.060323999930098 ], [ -78.981369990856919, 35.060138000284518 ], [ -78.980767991707168, 35.059205999971972 ], [ -78.983486991216225, 35.058894000253289 ], [ -79.002563990896078, 35.058178999995235 ], [ -79.015508990886829, 35.061010000206643 ], [ -79.017476990782498, 35.062426999781458 ], [ -79.015885991337328, 35.066194000048014 ], [ -79.02215099132583, 35.067858000434754 ], [ -79.019607991136311, 35.070803999593508 ], [ -79.01889699165433, 35.079440000005832 ], [ -79.017758991332926, 35.078839999937209 ], [ -79.017219991422891, 35.077009000038238 ], [ -79.011424991020334, 35.073532999666689 ], [ -79.009128990944518, 35.073720000392669 ], [ -79.010957990890432, 35.072962000297274 ], [ -79.007025990812195, 35.073047999808253 ], [ -79.003041991363787, 35.070850000077193 ], [ -79.000838991294714, 35.070700999554525 ], [ -78.994276991050626, 35.064868000106237 ], [ -78.985322991699064, 35.063524999831472 ], [ -78.983050991730636, 35.061597999876014 ], [ -78.981414991201845, 35.061713000358985 ] ] ] } },
{ "type": "Feature", "properties": { "county": "CUMBERLAND", "precinct": "CC31", "enr_desc": "Cross Creek 31", "winner": "Nigel W. Bristow", "winner_votes": 57.0, "winner_share": 36.774193548387096, "runner_up": "Richard N. Ojeda II", "runner_up_votes": 44.0, "runner_up_share": 28.387096774193548, "contest_votes": 155.0, "margin_of_victory": 8.387096774193548, "is_tie": false, "results": [ { "candidate": "Nigel W. Bristow", "votes": 57, "share": 36.774193548387096 }, { "candidate": "Richard N. Ojeda II", "votes": 44, "share": 28.387096774193548 }, { "candidate": "Loren Bibler", "votes": 35, "share": 22.58064516129032 }, { "candidate": "Lent C. Carr II", "votes": 19, "share": 12.258064516129032 } ], "participated": true, "map_key": "CUMBERLAND_CC31" }, "geometry": { "type": "Polygon", "coordinates": [ [ [ -78.971265991764781, 35.024244000269235 ], [ -78.97094999102795, 35.026230000066704 ], [ -78.972773991620059, 35.030694000073268 ], [ -78.972062991687793, 35.034074999693566 ], [ -78.974190991743356, 35.035738999615369 ], [ -78.97779699071981, 35.044294000304689 ], [ -78.96672199128173, 35.042447000314183 ], [ -78.949969991209386, 35.04358200039983 ], [ -78.951021991249675, 35.040177999906177 ], [ -78.951023990823757, 35.036788000406439 ], [ -78.95337299166151, 35.034130999783464 ], [ -78.9521759915785, 35.029031999764548 ], [ -78.952552991381765, 35.028225999799581 ], [ -78.952953991355528, 35.029085999946652 ], [ -78.960955991286951, 35.027668999746403 ], [ -78.960997990848625, 35.02662700018972 ], [ -78.969240991279278, 35.025441000336428 ], [ -78.969656990806783, 35.024858999772611 ], [ -78.968617991238887, 35.023799000119418 ], [ -78.971265991764781, 35.024244000269235 ] ] ] } },
{ "type": "Feature", "properties": { "county": "CUMBERLAND", "precinct": "CC32", "enr_desc": "Cross Creek 32", "winner": "Nigel W. Bristow", "winner_votes": 45.0, "winner_share": 30.612244897959183, "runner_up": "Richard N. Ojeda II", "runner_up_votes": 41.0, "runner_up_share": 27.89115646258503, "contest_votes": 147.0, "margin_of_victory": 2.7210884353741527, "is_tie": false, "results": [ { "candidate": "Nigel W. Bristow", "votes": 45, "share": 30.612244897959183 }, { "candidate": "Richard N. Ojeda II", "votes": 41, "share": 27.89115646258503 }, { "candidate": "Loren Bibler", "votes": 31, "share": 21.08843537414966 }, { "candidate": "Lent C. Carr II", "votes": 30, "share": 20.408163265306122 } ], "participated": true, "map_key": "CUMBERLAND_CC32" }, "geometry": { "type": "Polygon", "coordinates": [ [ [ -78.98640999160456, 35.087126999610668 ], [ -78.98890399147902, 35.078920999988149 ], [ -78.994190991230994, 35.079719999673848 ], [ -78.995847991589557, 35.084203000110449 ], [ -78.9953109916637, 35.086844000363826 ], [ -78.997599990884268, 35.089901000410663 ], [ -78.997378991595511, 35.092886000227807 ], [ -78.999937991100765, 35.096481000003479 ], [ -79.000221990823974, 35.099069999616439 ], [ -79.001357990950268, 35.100121000165444 ], [ -79.000891991174456, 35.102108000226345 ], [ -79.001496991163108, 35.104023999755526 ], [ -79.006757990756597, 35.106076999617244 ], [ -78.998878991273017, 35.1062159995938 ], [ -78.998772991795818, 35.105542999827698 ], [ -78.995867991061147, 35.106225000306928 ], [ -78.99031099139188, 35.100771000243725 ], [ -78.987437991280402, 35.095450000273267 ], [ -78.984377991493261, 35.091915000347221 ], [ -78.98640999160456, 35.087126999610668 ] ] ] } },
{ "type": "Feature", "properties": { "county": null, "precinct": null, "enr_desc": "Cross Creek 519", "winner": null, "winner_votes": null, "winner_share": null, "runner_up": null, "runner_up_votes": null, "runner_up_share": null, "contest_votes": null, "margin_of_victory": null, "is_tie": false, "results": null, "participated": false, "map_key": null }, "geometry": { "type": "Polygon", "coordinates": [ [ [ -78.857338991333904, 35.050184999576452 ], [ -78.880243991524338, 35.058399000420295 ], [ -78.887575990754286, 35.060728000246996 ], [ -78.8894989907607, 35.06394100026413 ], [ -78.891710991756327, 35.06564700029935 ], [ -78.891707991490946, 35.067862000309447 ], [ -78.888769991092943, 35.073198000151201 ], [ -78.888221991599082, 35.079808000045006 ], [ -78.888502990956994, 35.081933999692531 ], [ -78.887228991028451, 35.085977999772084 ], [ -78.888609991286216, 35.091654999757772 ], [ -78.890047991572629, 35.092621999932035 ], [ -78.89071199108696, 35.096193000044444 ], [ -78.888519991440432, 35.094916000182884 ], [ -78.884017991565173, 35.088218999627742 ], [ -78.879060991366387, 35.087842999986393 ], [ -78.877549991071334, 35.090991999627697 ], [ -78.877217991431422, 35.096098999765751 ], [ -78.866295991060397, 35.094284999859937 ], [ -78.862093991002098, 35.104458999815527 ], [ -78.857857990912265, 35.101657999651124 ], [ -78.858140990863944, 35.100151999763128 ], [ -78.863854991583722, 35.093624000209708 ], [ -78.864346991352619, 35.086363000213595 ], [ -78.863084991190419, 35.079771999997291 ], [ -78.855342991383836, 35.070970000128249 ], [ -78.855137991380587, 35.058875999686236 ], [ -78.855046990816035, 35.055060000062682 ], [ -78.857338991333904, 35.050184999576452 ] ] ] } },
{ "type": "Feature", "properties": { "county": null, "precinct": null, "enr_desc": "Cg2", "winner": null, "winner_votes": null, "winner_share": null, "runner_up": null, "runner_up_votes": null, "runner_up_share": null, "contest_votes": null, "margin_of_victory": null, "is_tie": false, "results": null, "participated": false, "map_key": null }, "geometry": { "type": "Polygon", "coordinates": [ [ [ -79.823433991221293, 36.160057999940371 ], [ -79.823881991018951, 36.157238999810538 ], [ -79.823252990655277, 36.156036000474053 ], [ -79.82449399162951, 36.155614999705193 ], [ -79.827672991024642, 36.154534999644468 ], [ -79.835018991589536, 36.154342000491624 ], [ -79.835466991119532, 36.153254000468415 ], [ -79.847503990886523, 36.139500000256291 ], [ -79.851412991426812, 36.144905999671423 ], [ -79.852065990717307, 36.149490000243354 ], [ -79.85499999119871, 36.152820000058227 ], [ -79.853507991515343, 36.157006000454253 ], [ -79.848930991511381, 36.160281999778952 ], [ -79.847019991029313, 36.163495000274402 ], [ -79.8428289907487, 36.166588000380209 ], [ -79.842360990822797, 36.169700000121217 ], [ -79.839276990944285, 36.172475000265337 ], [ -79.83644499086148, 36.173681000363587 ], [ -79.832737991387262, 36.173863000035915 ], [ -79.827857990772543, 36.171731000362364 ], [ -79.820951990720857, 36.17296800050481 ], [ -79.818101990898427, 36.172802000175409 ], [ -79.816877990810141, 36.17152900046483 ], [ -79.808011991151844, 36.174934000288843 ], [ -79.805116991391841, 36.174412000356732 ], [ -79.800842990963929, 36.17502599992239 ], [ -79.79952599075186, 36.176702000278375 ], [ -79.795738991033858, 36.175959999989296 ], [ -79.794359991389541, 36.177006000252945 ], [ -79.791084991233902, 36.176547000474386 ], [ -79.792517990643049, 36.173586999661246 ], [ -79.792222990860083, 36.169585000306306 ], [ -79.796046990970595, 36.169102000125633 ], [ -79.802321991228538, 36.169788000476032 ], [ -79.810088990673975, 36.165756999779319 ], [ -79.819264991090122, 36.164423999997261 ], [ -79.824132990895322, 36.160029999819535 ], [ -79.823433991221293, 36.160057999940371 ] ] ] } },
{ "type": "Feature", "properties": { "county": null, "precinct": null, "enr_desc": "Cg3A", "winner": null, "winner_votes": null, "winner_share": null, "runner_up": null, "runner_up_votes": null, "runner_up_share": null, "contest_votes": null, "margin_of_victory": null, "is_tie": false, "results": null, "participated": false, "map_key": null }, "geometry": { "type": "Polygon", "coordinates": [ [ [ -79.817129991166794, 36.139666000012461 ], [ -79.812547991221408, 36.14442100013531 ], [ -79.812801991683415, 36.147179000107933 ], [ -79.818118991058924, 36.147434000145431 ], [ -79.818636990682663, 36.148547000194377 ], [ -79.820724991635103, 36.148767000398088 ], [ -79.818345991660891, 36.149816000210315 ], [ -79.818491990813342, 36.150614000085305 ], [ -79.820889991089174, 36.152161000083652 ], [ -79.821715991507531, 36.154037000357818 ], [ -79.82449399162951, 36.155614999705193 ], [ -79.823252990655277, 36.156036000474053 ], [ -79.823881991018951, 36.157238999810538 ], [ -79.823433991221293, 36.160057999940371 ], [ -79.81989399070676, 36.159621000069265 ], [ -79.815501991149148, 36.155976999894868 ], [ -79.81324199159215, 36.153320999708399 ], [ -79.812467991439334, 36.15006900025751 ], [ -79.808717991364389, 36.151136000378905 ], [ -79.806127990813437, 36.153316000319656 ], [ -79.801078991422742, 36.154025000172958 ], [ -79.802125991175615, 36.153162000288553 ], [ -79.801820990835125, 36.150416000156952 ], [ -79.80305899068459, 36.146442000180144 ], [ -79.802337991314175, 36.144674999753597 ], [ -79.803886990602891, 36.140308000400324 ], [ -79.812702990895033, 36.136073000097518 ], [ -79.815302991577582, 36.132360999938832 ], [ -79.816046991273765, 36.132763999957717 ], [ -79.815812991343051, 36.134796000242524 ], [ -79.817129991166794, 36.139666000012461 ] ] ] } },
{ "type": "Feature", "properties": { "county": null, "precinct": null, "enr_desc": "Cg3B", "winner": null, "winner_votes": null, "winner_share": null, "runner_up": null, "runner_up_votes": null, "runner_up_share": null, "contest_votes": null, "margin_of_victory": null, "is_tie": false, "results": null, "participated": false, "map_key": null }, "geometry": { "type": "Polygon", "coordinates": [ [ [ -79.802337991314175, 36.144674999753597 ], [ -79.80305899068459, 36.146442000180144 ], [ -79.801820990835125, 36.150416000156952 ], [ -79.802125991175615, 36.153162000288553 ], [ -79.801078991422742, 36.154025000172958 ], [ -79.806127990813437, 36.153316000319656 ], [ -79.808717991364389, 36.151136000378905 ], [ -79.812467991439334, 36.15006900025751 ], [ -79.81324199159215, 36.153320999708399 ], [ -79.815501991149148, 36.155976999894868 ], [ -79.81989399070676, 36.159621000069265 ], [ -79.823433991221293, 36.160057999940371 ], [ -79.824132990895322, 36.160029999819535 ], [ -79.819264991090122, 36.164423999997261 ], [ -79.810088990673975, 36.165756999779319 ], [ -79.802321991228538, 36.169788000476032 ], [ -79.796046990970595, 36.169102000125633 ], [ -79.792222990860083, 36.169585000306306 ], [ -79.792517990643049, 36.173586999661246 ], [ -79.791084991233902, 36.176547000474386 ], [ -79.789514991223669, 36.176091000086643 ], [ -79.786284990861134, 36.170939999716836 ], [ -79.783832990718238, 36.1668170004722 ], [ -79.784025990988951, 36.152900000310645 ], [ -79.785270991007124, 36.152910000091154 ], [ -79.786210991507929, 36.150135999978779 ], [ -79.792058991290915, 36.150295999631609 ], [ -79.79208799140541, 36.146095000282045 ], [ -79.793047990664533, 36.146153999612864 ], [ -79.793398991649283, 36.143470000086623 ], [ -79.797674990863555, 36.144743999783849 ], [ -79.799960991512037, 36.143967000469651 ], [ -79.802337991314175, 36.144674999753597 ] ] ] } },
{ "type": "Feature", "properties": { "county": "CUMBERLAND", "precinct": "CL57-1", "enr_desc": "Cliffdale_West- 1-Cl57", "winner": "Richard N. Ojeda II", "winner_votes": 169.0, "winner_share": 39.858490566037737, "runner_up": "Nigel W. Bristow", "runner_up_votes": 110.0, "runner_up_share": 25.943396226415093, "contest_votes": 424.0, "margin_of_victory": 13.915094339622645, "is_tie": false, "results": [ { "candidate": "Richard N. Ojeda II", "votes": 169, "share": 39.85849056603774 }, { "candidate": "Nigel W. Bristow", "votes": 110, "share": 25.943396226415093 }, { "candidate": "Lent C. Carr II", "votes": 74, "share": 17.452830188679243 }, { "candidate": "Loren Bibler", "votes": 71, "share": 16.745283018867923 } ], "participated": true, "map_key": "CUMBERLAND_CL57-1" }, "geometry": { "type": "Polygon", "coordinates": [ [ [ -79.03480199119781, 35.065523999662069 ], [ -79.034773991766428, 35.064951000209383 ], [ -79.05447599087077, 35.05696600038921 ], [ -79.059204991245707, 35.056772999841954 ], [ -79.062683991390898, 35.063434000452659 ], [ -79.062593991382101, 35.067190000154262 ], [ -79.061839990902968, 35.068015000264324 ], [ -79.06254199096719, 35.070267000114697 ], [ -79.06139399154479, 35.07123400031972 ], [ -79.062177991601231, 35.0720440002803 ], [ -79.061268990801523, 35.073351999753285 ], [ -79.074211991775186, 35.063557999858588 ], [ -79.090022990884094, 35.053822000278842 ], [ -79.09112399096233, 35.054688999876888 ], [ -79.067430990772024, 35.075955000123479 ], [ -79.042767990786359, 35.085626999676535 ], [ -79.039665991210086, 35.076318999923004 ], [ -79.041054990710563, 35.073149999617733 ], [ -79.038986991363586, 35.069588000376932 ], [ -79.039351991187075, 35.067654000414699 ], [ -79.03480199119781, 35.065523999662069 ] ] ] } },
{ "type": "Feature", "properties": { "county": "CHATHAM", "precinct": "ESC114", "enr_desc": "East Siler City", "winner": "Richard N. Ojeda II", "winner_votes": 188.0, "winner_share": 44.339622641509436, "runner_up": "Nigel W. Bristow", "runner_up_votes": 99.0, "runner_up_share": 23.349056603773587, "contest_votes": 424.0, "margin_of_victory": 20.990566037735849, "is_tie": false, "results": [ { "candidate": "Richard N. Ojeda II", "votes": 188, "share": 44.339622641509436 }, { "candidate": "Nigel W. Bristow", "votes": 99, "share": 23.349056603773587 }, { "candidate": "Lent C. Carr II", "votes": 86, "share": 20.28301886792453 }, { "candidate": "Loren Bibler", "votes": 51, "share": 12.028301886792454 } ], "participated": true, "map_key": "CHATHAM_ESC114" }, "geometry": { "type": "Polygon", "coordinates": [ [ [ -79.473792991115744, 35.653968000299933 ], [ -79.474558990951692, 35.658135999681626 ], [ -79.472670991340451, 35.665854000403783 ], [ -79.472648990642469, 35.673863999706704 ], [ -79.471561991535722, 35.680595999989229 ], [ -79.469873990959485, 35.685127000480193 ], [ -79.473808991216643, 35.694308000096491 ], [ -79.473585990846757, 35.703448999872784 ], [ -79.470289991082041, 35.712027999588685 ], [ -79.469635991297579, 35.719370999748179 ], [ -79.468358991522194, 35.720759000099143 ], [ -79.464566990768432, 35.722385000177567 ], [ -79.466726991641465, 35.725891000040569 ], [ -79.471286990697848, 35.730371000241796 ], [ -79.476668991226575, 35.738660000345533 ], [ -79.47696999163486, 35.742065000215639 ], [ -79.477949991157516, 35.743641000110735 ], [ -79.504945991728079, 35.757399999960512 ], [ -79.516820991607403, 35.770326999994573 ], [ -79.442693990860604, 35.768177000170112 ], [ -79.404641990978661, 35.768158000012129 ], [ -79.371784991566585, 35.766842999996435 ], [ -79.371100990833739, 35.764683999632773 ], [ -79.371614991669617, 35.763254999726172 ], [ -79.373580991408303, 35.758906999593869 ], [ -79.375439991088186, 35.757901999914743 ], [ -79.374156991569549, 35.75519200009569 ], [ -79.375131991229821, 35.753793999681399 ], [ -79.379285991279758, 35.75141600023845 ], [ -79.37867099097582, 35.752911000388337 ], [ -79.38031399151302, 35.753469000258058 ], [ -79.381861991016294, 35.752588999729724 ], [ -79.383333991621726, 35.749788999857202 ], [ -79.387802991478921, 35.747734999776043 ], [ -79.38884399097843, 35.74614900012044 ], [ -79.390282990873828, 35.746776999971779 ], [ -79.392014991715229, 35.74614599977609 ], [ -79.392137991453666, 35.745384000123302 ], [ -79.389096990892043, 35.743416000238291 ], [ -79.397979990814179, 35.738529000288466 ], [ -79.398667990746006, 35.737462999814248 ], [ -79.397662990650645, 35.736359000412421 ], [ -79.402016991589051, 35.734541999819996 ], [ -79.402568991680923, 35.731583000175192 ], [ -79.403375991059491, 35.730854000178354 ], [ -79.403623991045123, 35.727369000010363 ], [ -79.403240990823519, 35.725820000316652 ], [ -79.400882991665398, 35.725562999828455 ], [ -79.396170991626278, 35.719550000428669 ], [ -79.392340991608265, 35.720407999653546 ], [ -79.389271991031535, 35.72018599992456 ], [ -79.388339990773062, 35.719316999949712 ], [ -79.387668990879874, 35.7159640001139 ], [ -79.381069991259494, 35.708924000036177 ], [ -79.378746990650143, 35.702046000284057 ], [ -79.375981991677293, 35.698781000404864 ], [ -79.375682990643796, 35.695468999601417 ], [ -79.371917991109555, 35.690617000431203 ], [ -79.369319991259786, 35.680937999690819 ], [ -79.376328991415235, 35.675898000380947 ], [ -79.382525990798769, 35.673662999674406 ], [ -79.382445991640424, 35.669166999866675 ], [ -79.389184990958398, 35.661016000070333 ], [ -79.390177990823418, 35.657051000456065 ], [ -79.393047990825963, 35.653399999843352 ], [ -79.400740990711711, 35.660225000085461 ], [ -79.402092990899959, 35.659461000382286 ], [ -79.402857991558037, 35.660158999836383 ], [ -79.407450990946202, 35.659767000222573 ], [ -79.409308991503551, 35.659301999834007 ], [ -79.409792990893664, 35.657997000041377 ], [ -79.413916990956707, 35.658275999945289 ], [ -79.415337991243135, 35.657542000240269 ], [ -79.415793990894727, 35.656097000297329 ], [ -79.415168990792182, 35.654991000181191 ], [ -79.418248991101422, 35.65541700015622 ], [ -79.419063991311404, 35.662843000399306 ], [ -79.426041990730411, 35.667560999710993 ], [ -79.429414991190413, 35.66618300043114 ], [ -79.432880991282431, 35.666898000292619 ], [ -79.436613990672384, 35.666527000116567 ], [ -79.442496990944619, 35.659526000085769 ], [ -79.448938991105678, 35.658717000380861 ], [ -79.450770990900764, 35.656181999766311 ], [ -79.454188991383745, 35.654533999888848 ], [ -79.459099991306331, 35.653516999847483 ], [ -79.473792991115744, 35.653968000299933 ] ] ] } },
{ "type": "Feature", "properties": { "county": "CUMBERLAND", "precinct": "CL57-2", "enr_desc": "Cliffdale_West- 2-Cl57", "winner": "Richard N. Ojeda II", "winner_votes": 232.0, "winner_share": 39.590443686006829, "runner_up": "Nigel W. Bristow", "runner_up_votes": 144.0, "runner_up_share": 24.573378839590443, "contest_votes": 586.0, "margin_of_victory": 15.017064846416385, "is_tie": false, "results": [ { "candidate": "Richard N. Ojeda II", "votes": 232, "share": 39.59044368600683 }, { "candidate": "Nigel W. Bristow", "votes": 144, "share": 24.573378839590443 }, { "candidate": "Lent C. Carr II", "votes": 113, "share": 19.283276450511945 }, { "candidate": "Loren Bibler", "votes": 97, "share": 16.552901023890783 } ], "participated": true, "map_key": "CUMBERLAND_CL57-2" }, "geometry": { "type": "Polygon", "coordinates": [ [ [ -79.081691990869132, 35.03269799988103 ], [ -79.083185991352423, 35.032660000373397 ], [ -79.084320990924638, 35.035591000249831 ], [ -79.087097991610904, 35.037608000069213 ], [ -79.087766991674755, 35.039862000309228 ], [ -79.090290991273818, 35.042031000214074 ], [ -79.090683991299002, 35.044020999946568 ], [ -79.090057991042286, 35.045806000163893 ], [ -79.091782991372369, 35.04760599974 ], [ -79.088107990817647, 35.049622999945313 ], [ -79.088938991784971, 35.050579000274439 ], [ -79.088189990809397, 35.051688999970132 ], [ -79.0896999913179, 35.052423000146881 ], [ -79.090022990884094, 35.053822000278842 ], [ -79.074211991775186, 35.063557999858588 ], [ -79.061268990801523, 35.073351999753285 ], [ -79.062177991601231, 35.0720440002803 ], [ -79.06139399154479, 35.07123400031972 ], [ -79.06254199096719, 35.070267000114697 ], [ -79.061839990902968, 35.068015000264324 ], [ -79.062593991382101, 35.067190000154262 ], [ -79.062683991390898, 35.063434000452659 ], [ -79.059204991245707, 35.056772999841954 ], [ -79.063416991287923, 35.056961999888514 ], [ -79.06334499164025, 35.055255999991807 ], [ -79.068430991295841, 35.055198000095885 ], [ -79.072662991676012, 35.051425999798589 ], [ -79.080581991145124, 35.050319000184018 ], [ -79.082438991191452, 35.049216000097914 ], [ -79.082966990961495, 35.047514999830639 ], [ -79.080764991767182, 35.036572999599784 ], [ -79.081691990869132, 35.03269799988103 ] ] ] } },
{ "type": "Feature", "properties": { "county": null, "precinct": null, "enr_desc": "H21", "winner": null, "winner_votes": null, "winner_share": null, "runner_up": null, "runner_up_votes": null, "runner_up_share": null, "contest_votes": null, "margin_of_victory": null, "is_tie": false, "results": null, "participated": false, "map_key": null }, "geometry": { "type": "Polygon", "coordinates": [ [ [ -80.012145990853298, 35.992372999698489 ], [ -80.015746991179569, 35.993955000094331 ], [ -80.016950991467795, 35.996081000324722 ], [ -80.015911991497958, 35.999888999638536 ], [ -80.017305991437453, 36.000579000189234 ], [ -80.023122991509979, 35.998330999926935 ], [ -80.023511991282547, 35.99945099984064 ], [ -80.025898991572674, 36.000473000517232 ], [ -80.026155990680166, 35.999002999840137 ], [ -80.02516699126582, 35.997872000197304 ], [ -80.026885991592408, 35.996344000504855 ], [ -80.028257990910603, 35.997537000384234 ], [ -80.027185990711757, 36.000550000416943 ], [ -80.024858991007179, 36.002143000368513 ], [ -80.022477990686497, 36.007986000526749 ], [ -80.016958991587359, 36.009203999880825 ], [ -80.010051991459136, 36.009252999999305 ], [ -80.009433991377591, 35.997457999734905 ], [ -80.012145990853298, 35.992372999698489 ] ] ] } },
{ "type": "Feature", "properties": { "county": null, "precinct": null, "enr_desc": "H24", "winner": null, "winner_votes": null, "winner_share": null, "runner_up": null, "runner_up_votes": null, "runner_up_share": null, "contest_votes": null, "margin_of_victory": null, "is_tie": false, "results": null, "participated": false, "map_key": null }, "geometry": { "type": "Polygon", "coordinates": [ [ [ -80.017068991291637, 36.021074000072389 ], [ -80.022908991521959, 36.020795999674739 ], [ -80.027737990650735, 36.018226999775919 ], [ -80.042437990987963, 36.018315000309777 ], [ -80.043078991148747, 36.016483000018333 ], [ -80.042679990989186, 36.02857800006629 ], [ -80.038738991202678, 36.029487000341568 ], [ -80.039264990866016, 36.030660000256105 ], [ -80.038323990651662, 36.030671999794244 ], [ -80.03840699117211, 36.032090000464756 ], [ -80.03428499077836, 36.032120999814452 ], [ -80.028555990675827, 36.034572000164765 ], [ -80.030070991240379, 36.040296000266821 ], [ -80.024181990761292, 36.04464400022087 ], [ -80.023473991629189, 36.043512999775082 ], [ -80.017800991092614, 36.043260000067399 ], [ -80.020827991157319, 36.039843999715515 ], [ -80.018710991032364, 36.034912000419645 ], [ -80.020435991456353, 36.025871000299325 ], [ -80.017068991291637, 36.021074000072389 ] ] ] } },
{ "type": "Feature", "properties": { "county": "CUMBERLAND", "precinct": "CU02", "enr_desc": "Cumberland 2", "winner": "Richard N. Ojeda II", "winner_votes": 56.0, "winner_share": 32.0, "runner_up": "Nigel W. Bristow", "runner_up_votes": 52.0, "runner_up_share": 29.714285714285715, "contest_votes": 175.0, "margin_of_victory": 2.2857142857142847, "is_tie": false, "results": [ { "candidate": "Richard N. Ojeda II", "votes": 56, "share": 32.0 }, { "candidate": "Nigel W. Bristow", "votes": 52, "share": 29.714285714285715 }, { "candidate": "Lent C. Carr II", "votes": 38, "share": 21.714285714285715 }, { "candidate": "Loren Bibler", "votes": 29, "share": 16.57142857142857 } ], "participated": true, "map_key": "CUMBERLAND_CU02" }, "geometry": { "type": "Polygon", "coordinates": [ [ [ -78.951593990833217, 35.021278999835481 ], [ -78.949112991357708, 35.017665000194242 ], [ -78.965118991720018, 35.01380499979561 ], [ -78.972549991722317, 35.012266000099288 ], [ -78.973002991749823, 35.014590999954635 ], [ -78.972130991103896, 35.016258999752516 ], [ -78.973279991063322, 35.02052700028981 ], [ -78.971265991764781, 35.024244000269235 ], [ -78.968617991238887, 35.023799000119418 ], [ -78.969656990806783, 35.024858999772611 ], [ -78.969240991279278, 35.025441000336428 ], [ -78.960997990848625, 35.02662700018972 ], [ -78.960955991286951, 35.027668999746403 ], [ -78.952953991355528, 35.029085999946652 ], [ -78.952552991381765, 35.028225999799581 ], [ -78.9521759915785, 35.029031999764548 ], [ -78.951593990833217, 35.021278999835481 ] ] ] } },
{ "type": "Feature", "properties": { "county": null, "precinct": null, "enr_desc": "H25", "winner": null, "winner_votes": null, "winner_share": null, "runner_up": null, "runner_up_votes": null, "runner_up_share": null, "contest_votes": null, "margin_of_victory": null, "is_tie": false, "results": null, "participated": false, "map_key": null }, "geometry": { "type": "Polygon", "coordinates": [ [ [ -79.993315991664915, 36.016417000321049 ], [ -79.99696099156742, 36.016036000000447 ], [ -80.000060990602435, 36.013836000390889 ], [ -80.00289399084815, 36.013933999920631 ], [ -80.007650991626477, 36.012227999870973 ], [ -80.009940991612069, 36.012626000504504 ], [ -80.011349990939294, 36.011824000343587 ], [ -80.017068991291637, 36.021074000072389 ], [ -80.020435991456353, 36.025871000299325 ], [ -80.018710991032364, 36.034912000419645 ], [ -80.020827991157319, 36.039843999715515 ], [ -80.017800991092614, 36.043260000067399 ], [ -80.023473991629189, 36.043512999775082 ], [ -80.024181990761292, 36.04464400022087 ], [ -80.02423899168636, 36.047385000198616 ], [ -80.022338990859922, 36.04978199991718 ], [ -80.024336991408759, 36.052030000451154 ], [ -80.024854991235713, 36.053836999997301 ], [ -80.024178991010814, 36.054269000236296 ], [ -80.020689991491722, 36.05226400000199 ], [ -80.011333990827282, 36.043459999819895 ], [ -80.006332991434306, 36.042656999776341 ], [ -80.002187991690533, 36.040923000486778 ], [ -79.999968991703042, 36.039768000270939 ], [ -79.999788991114727, 36.035341000279544 ], [ -79.996185991026408, 36.030850999804663 ], [ -79.994396991020949, 36.029343999748825 ], [ -79.994818991090739, 36.028422000280891 ], [ -79.992981991245259, 36.023414000002333 ], [ -79.993315991664915, 36.016417000321049 ] ] ] } },
{ "type": "Feature", "properties": { "county": "MOORE", "precinct": "DHR", "enr_desc": "Deep River/High Falls/Ritter", "winner": "Richard N. Ojeda II", "winner_votes": 8.0, "winner_share": 57.142857142857139, "runner_up": "Nigel W. Bristow", "runner_up_votes": 4.0, "runner_up_share": 28.571428571428569, "contest_votes": 14.0, "margin_of_victory": 28.571428571428569, "is_tie": false, "results": [ { "candidate": "Richard N. Ojeda II", "votes": 8, "share": 57.14285714285714 }, { "candidate": "Nigel W. Bristow", "votes": 4, "share": 28.57142857142857 }, { "candidate": "Lent C. Carr II", "votes": 1, "share": 7.142857142857142 }, { "candidate": "Loren Bibler", "votes": 1, "share": 7.142857142857142 } ], "participated": true, "map_key": "MOORE_DHR" }, "geometry": { "type": "Polygon", "coordinates": [ [ [ -79.544741991127921, 35.409318999671228 ], [ -79.553143991759555, 35.409449999933472 ], [ -79.555015990914541, 35.408627999790546 ], [ -79.572902991614484, 35.4098739996343 ], [ -79.572973991693772, 35.424870000329712 ], [ -79.569588991405794, 35.424167000023765 ], [ -79.569665991553762, 35.425236999683499 ], [ -79.569044991131989, 35.424889000282157 ], [ -79.565563990735356, 35.431842000126522 ], [ -79.563494990949877, 35.432701000310097 ], [ -79.572519991534492, 35.434721000096097 ], [ -79.571964991164108, 35.436568000189311 ], [ -79.573138991578404, 35.436808000068005 ], [ -79.572883990714629, 35.455052999806959 ], [ -79.575189991646482, 35.514731999810856 ], [ -79.555803990869578, 35.515039000182583 ], [ -79.430040990968294, 35.51689099979918 ], [ -79.428794991423359, 35.509003999814865 ], [ -79.427098991305414, 35.505634999953308 ], [ -79.427508990730203, 35.502736999929319 ], [ -79.425725991286797, 35.497375000127391 ], [ -79.422627990766941, 35.491882999840215 ], [ -79.418514991511742, 35.486911999755115 ], [ -79.413853990929113, 35.476751999820962 ], [ -79.409580990905738, 35.470022000112671 ], [ -79.402996990731779, 35.462744000294109 ], [ -79.400596990950504, 35.458000000029813 ], [ -79.401783990952538, 35.45305900019067 ], [ -79.4017009910539, 35.447616999688918 ], [ -79.398888991711402, 35.440082000472394 ], [ -79.406765991757467, 35.42570200029418 ], [ -79.407479990714634, 35.408566000169039 ], [ -79.531301991478884, 35.408676999684822 ], [ -79.544741991127921, 35.409318999671228 ] ] ] } },
{ "type": "Feature", "properties": { "county": "RANDOLPH", "precinct": "DR", "enr_desc": "Deep River", "winner": "Richard N. Ojeda II", "winner_votes": 39.0, "winner_share": 28.888888888888886, "runner_up": "Nigel W. Bristow", "runner_up_votes": 35.0, "runner_up_share": 25.925925925925924, "contest_votes": 135.0, "margin_of_victory": 2.9629629629629619, "is_tie": false, "results": [ { "candidate": "Richard N. Ojeda II", "votes": 39, "share": 28.888888888888886 }, { "candidate": "Nigel W. Bristow", "votes": 35, "share": 25.925925925925924 }, { "candidate": "Lent C. Carr II", "votes": 33, "share": 24.444444444444443 }, { "candidate": "Loren Bibler", "votes": 28, "share": 20.74074074074074 } ], "participated": true, "map_key": "RANDOLPH_DR" }, "geometry": { "type": "Polygon", "coordinates": [ [ [ -79.75925999146115, 35.708982999949285 ], [ -79.759323990836165, 35.719135000347606 ], [ -79.765395991594104, 35.71549699989891 ], [ -79.766091991152848, 35.716229999722998 ], [ -79.765595991311969, 35.718677999809479 ], [ -79.763002991424869, 35.724278000371577 ], [ -79.757940991043498, 35.729109999987969 ], [ -79.759670991646558, 35.735888999875414 ], [ -79.766371990704215, 35.742528999694571 ], [ -79.770664990959645, 35.745006000502201 ], [ -79.776599990840552, 35.745326999704609 ], [ -79.781855991552078, 35.748121000259431 ], [ -79.784217990942707, 35.748949999929685 ], [ -79.783416991528696, 35.754051999982416 ], [ -79.781681990890903, 35.754048000283277 ], [ -79.781482991212542, 35.756149000324548 ], [ -79.782210990955065, 35.756198000101072 ], [ -79.778364990725478, 35.760437999671844 ], [ -79.777730991449772, 35.759635999840526 ], [ -79.776645991489559, 35.76022100011339 ], [ -79.774776990891397, 35.759381999928564 ], [ -79.771890991676571, 35.759749999995911 ], [ -79.771256990780543, 35.760594999929211 ], [ -79.772250991560995, 35.761241000275355 ], [ -79.772194991496121, 35.762791000095923 ], [ -79.773272990876151, 35.764130999810263 ], [ -79.774384990915436, 35.765518000113687 ], [ -79.774748991367744, 35.767991999896566 ], [ -79.773536991651056, 35.771361000136501 ], [ -79.770443990820738, 35.774701000206704 ], [ -79.769853991698341, 35.776533999742071 ], [ -79.771566991288381, 35.78008600014639 ], [ -79.771365990704624, 35.784412000493965 ], [ -79.773077990629474, 35.792471000211762 ], [ -79.7727669911595, 35.795217999718425 ], [ -79.770347990925998, 35.796176000304044 ], [ -79.77223099148928, 35.797737000116477 ], [ -79.774731991406966, 35.797942999725763 ], [ -79.776293991689514, 35.801646000422537 ], [ -79.777680990771799, 35.802957999759634 ], [ -79.775553990922475, 35.809423999851262 ], [ -79.672430991203214, 35.80647299970834 ], [ -79.676899990766813, 35.707682999622122 ], [ -79.75925999146115, 35.708982999949285 ] ] ] } },
{ "type": "Feature", "properties": { "county": null, "precinct": null, "enr_desc": "Fr3", "winner": null, "winner_votes": null, "winner_share": null, "runner_up": null, "runner_up_votes": null, "runner_up_share": null, "contest_votes": null, "margin_of_victory": null, "is_tie": false, "results": null, "participated": false, "map_key": null }, "geometry": { "type": "Polygon", "coordinates": [ [ [ -79.891790991490666, 36.12074499995704 ], [ -79.891962990996646, 36.122862000399849 ], [ -79.894035991055958, 36.124289000390874 ], [ -79.899814991255766, 36.124062000051211 ], [ -79.908020991064205, 36.126413000220872 ], [ -79.910688990902642, 36.129454000313174 ], [ -79.910553990862113, 36.131595999890706 ], [ -79.90945199078935, 36.13300300031068 ], [ -79.909583990597824, 36.135625999831667 ], [ -79.912986990943395, 36.13904800040693 ], [ -79.912168990964858, 36.139603000281305 ], [ -79.897920991527315, 36.139998999971489 ], [ -79.891038990925523, 36.141306999947631 ], [ -79.88644199103291, 36.141024000090233 ], [ -79.886571991525116, 36.137485000464181 ], [ -79.886961991224226, 36.132160000403125 ], [ -79.887745991394766, 36.132207999648756 ], [ -79.888164990829864, 36.129657000192132 ], [ -79.890152990614126, 36.129352000184795 ], [ -79.890343991128944, 36.127054999958823 ], [ -79.888038991397281, 36.122869999883193 ], [ -79.88593499092859, 36.121405000423387 ], [ -79.884208991309094, 36.121390000105826 ], [ -79.885709990868932, 36.119309999950111 ], [ -79.891790991490666, 36.12074499995704 ] ] ] } },
{ "type": "Feature", "properties": { "county": null, "precinct": null, "enr_desc": "Fr4", "winner": null, "winner_votes": null, "winner_share": null, "runner_up": null, "runner_up_votes": null, "runner_up_share": null, "contest_votes": null, "margin_of_victory": null, "is_tie": false, "results": null, "participated": false, "map_key": null }, "geometry": { "type": "Polygon", "coordinates": [ [ [ -79.928412990621254, 36.087020000080919 ], [ -79.931325991313628, 36.081011000439133 ], [ -79.948436991214621, 36.09068200043572 ], [ -79.953886990772901, 36.092193999665859 ], [ -79.953736990675623, 36.096676000378253 ], [ -79.958319990664819, 36.099660999711254 ], [ -79.960249990842655, 36.103999000368574 ], [ -79.964480990946981, 36.108025999649904 ], [ -79.962298991694823, 36.11756000046163 ], [ -79.957358990871526, 36.109392000214527 ], [ -79.95567899111856, 36.108233000458775 ], [ -79.956127991687239, 36.10671099971502 ], [ -79.950845991611033, 36.103772000439498 ], [ -79.945796990967111, 36.104483999852604 ], [ -79.931012991611951, 36.116369000401924 ], [ -79.927239991312405, 36.122100000105291 ], [ -79.925938990677565, 36.12691099994683 ], [ -79.923541991495668, 36.128504000401833 ], [ -79.919625990608935, 36.133591999654058 ], [ -79.919469991601247, 36.135536999756241 ], [ -79.915538991072253, 36.138836000245696 ], [ -79.913851991651953, 36.140176999981534 ], [ -79.912986990943395, 36.13904800040693 ], [ -79.909583990597824, 36.135625999831667 ], [ -79.90945199078935, 36.13300300031068 ], [ -79.910553990862113, 36.131595999890706 ], [ -79.910688990902642, 36.129454000313174 ], [ -79.908020991064205, 36.126413000220872 ], [ -79.899814991255766, 36.124062000051211 ], [ -79.894035991055958, 36.124289000390874 ], [ -79.891962990996646, 36.122862000399849 ], [ -79.891790991490666, 36.12074499995704 ], [ -79.893561991246841, 36.121752999941592 ], [ -79.895767990726284, 36.120517000338872 ], [ -79.898235991218115, 36.121368000497014 ], [ -79.898358990646003, 36.122111999735111 ], [ -79.905735991655632, 36.116223999761267 ], [ -79.908266990934095, 36.114275999983114 ], [ -79.909400990716065, 36.11201499985485 ], [ -79.908137991555009, 36.10987300019768 ], [ -79.9102409908688, 36.108307999630249 ], [ -79.909816990744901, 36.10461900020335 ], [ -79.910899991102042, 36.102025000439632 ], [ -79.918859990674136, 36.101020000436321 ], [ -79.9262349911169, 36.098915000298796 ], [ -79.933385990902977, 36.093117000325904 ], [ -79.934640991047672, 36.089337000293995 ], [ -79.932976991226326, 36.086657000192936 ], [ -79.928412990621254, 36.087020000080919 ] ] ] } },
{ "type": "Feature", "properties": { "county": null, "precinct": null, "enr_desc": "Fr5A", "winner": null, "winner_votes": null, "winner_share": null, "runner_up": null, "runner_up_votes": null, "runner_up_share": null, "contest_votes": null, "margin_of_victory": null, "is_tie": false, "results": null, "participated": false, "map_key": null }, "geometry": { "type": "Polygon", "coordinates": [ [ [ -79.962298991694823, 36.11756000046163 ], [ -79.961577991320496, 36.123694000451358 ], [ -79.958567991117022, 36.124709999759169 ], [ -79.954473991398061, 36.128747999929729 ], [ -79.9444359907462, 36.136007999727155 ], [ -79.943703990629629, 36.138002000223231 ], [ -79.940387991388803, 36.134949000207882 ], [ -79.931923991053836, 36.135348000200693 ], [ -79.931544991430656, 36.136240000175256 ], [ -79.929285991646623, 36.135679000450097 ], [ -79.927082991213666, 36.137216000100672 ], [ -79.924826990952411, 36.137291000131903 ], [ -79.924587991449442, 36.139521999934807 ], [ -79.915538991072253, 36.138836000245696 ], [ -79.919469991601247, 36.135536999756241 ], [ -79.919625990608935, 36.133591999654058 ], [ -79.923541991495668, 36.128504000401833 ], [ -79.925938990677565, 36.12691099994683 ], [ -79.927239991312405, 36.122100000105291 ], [ -79.931012991611951, 36.116369000401924 ], [ -79.945796990967111, 36.104483999852604 ], [ -79.950845991611033, 36.103772000439498 ], [ -79.956127991687239, 36.10671099971502 ], [ -79.95567899111856, 36.108233000458775 ], [ -79.957358990871526, 36.109392000214527 ], [ -79.962298991694823, 36.11756000046163 ] ] ] } },
{ "type": "Feature", "properties": { "county": "MOORE", "precinct": "EAB", "enr_desc": "East Aberdeen", "winner": "Richard N. Ojeda II", "winner_votes": 67.0, "winner_share": 55.371900826446286, "runner_up": "Nigel W. Bristow", "runner_up_votes": 30.0, "runner_up_share": 24.793388429752067, "contest_votes": 121.0, "margin_of_victory": 30.578512396694219, "is_tie": false, "results": [ { "candidate": "Richard N. Ojeda II", "votes": 67, "share": 55.371900826446286 }, { "candidate": "Nigel W. Bristow", "votes": 30, "share": 24.793388429752067 }, { "candidate": "Loren Bibler", "votes": 15, "share": 12.396694214876034 }, { "candidate": "Lent C. Carr II", "votes": 9, "share": 7.43801652892562 } ], "participated": true, "map_key": "MOORE_EAB" }, "geometry": { "type": "Polygon", "coordinates": [ [ [ -79.451860990997119, 35.102665999617486 ], [ -79.440619990916701, 35.111453000018948 ], [ -79.424820991325788, 35.134438000286977 ], [ -79.410814991644841, 35.147836000202652 ], [ -79.409357990705303, 35.155851000092156 ], [ -79.407883991458206, 35.158278000138324 ], [ -79.405127991657295, 35.159832000333317 ], [ -79.407497991715303, 35.162899000241055 ], [ -79.406394991200216, 35.163405000329277 ], [ -79.402866991145032, 35.161714000327443 ], [ -79.403530991789339, 35.160821999836202 ], [ -79.402462991408512, 35.160572999759928 ], [ -79.401931991384657, 35.154407999729386 ], [ -79.403409991567372, 35.151761999722005 ], [ -79.39963299100036, 35.151881999979999 ], [ -79.399096991552483, 35.150103000214152 ], [ -79.397050991078274, 35.149756000086477 ], [ -79.397029990813536, 35.148253000349001 ], [ -79.395586991459922, 35.14803299974281 ], [ -79.394560991717157, 35.145361999649282 ], [ -79.392395990756285, 35.145503000439966 ], [ -79.393267991463986, 35.142547000026688 ], [ -79.390677991189463, 35.141906000354005 ], [ -79.389579991751418, 35.14039000042095 ], [ -79.392197991161737, 35.139077000287088 ], [ -79.392477991445759, 35.137166000141427 ], [ -79.398662991050784, 35.137111000356526 ], [ -79.398348990786786, 35.141978999656764 ], [ -79.402430991027074, 35.143831999580115 ], [ -79.40240399096399, 35.142747999638722 ], [ -79.404627991489434, 35.143882999744342 ], [ -79.407663990752127, 35.139105000168058 ], [ -79.402850991779772, 35.13842300007331 ], [ -79.40283199172049, 35.139665000001685 ], [ -79.401581991450385, 35.139366000447097 ], [ -79.40163199167705, 35.138517000336947 ], [ -79.400153991500574, 35.138435000406787 ], [ -79.399811991611315, 35.136179000031376 ], [ -79.403598991341696, 35.136576000461467 ], [ -79.402932990700066, 35.131383000052246 ], [ -79.394692991129347, 35.131357000000882 ], [ -79.394675990962767, 35.130050000206005 ], [ -79.393358991512613, 35.129936999896017 ], [ -79.391120991470487, 35.130424999900676 ], [ -79.388694991044957, 35.133450999770723 ], [ -79.385676991511033, 35.134375999922838 ], [ -79.384675991527672, 35.140046999984932 ], [ -79.384181991013989, 35.138735000406562 ], [ -79.382581991663073, 35.138696000130132 ], [ -79.380767991068936, 35.136239000287382 ], [ -79.380617991312207, 35.134427999639328 ], [ -79.382069991648848, 35.132715000438004 ], [ -79.385963991189783, 35.132548000398415 ], [ -79.387997991109245, 35.131039999785671 ], [ -79.384077990710537, 35.123429999852299 ], [ -79.387844991657374, 35.121506000462084 ], [ -79.388933991571747, 35.116611000104847 ], [ -79.385611991175338, 35.113172999993509 ], [ -79.398002991622462, 35.101560000069959 ], [ -79.429930991444778, 35.072342000253535 ], [ -79.428594991724012, 35.078628000030513 ], [ -79.428013990910188, 35.090985000249184 ], [ -79.43746099135862, 35.094521000114554 ], [ -79.454731990729698, 35.096770000221568 ], [ -79.454190991635869, 35.099454999626353 ], [ -79.451860990997119, 35.102665999617486 ] ] ] } },
{ "type": "Feature", "properties": { "county": "MOORE", "precinct": "EKWD", "enr_desc": "East Knollwood", "winner": "Richard N. Ojeda II", "winner_votes": 43.0, "winner_share": 72.881355932203391, "runner_up": "Loren Bibler", "runner_up_votes": 9.0, "runner_up_share": 15.254237288135593, "contest_votes": 59.0, "margin_of_victory": 57.627118644067799, "is_tie": false, "results": [ { "candidate": "Richard N. Ojeda II", "votes": 43, "share": 72.88135593220339 }, { "candidate": "Loren Bibler", "votes": 9, "share": 15.254237288135593 }, { "candidate": "Nigel W. Bristow", "votes": 4, "share": 6.779661016949152 }, { "candidate": "Lent C. Carr II", "votes": 3, "share": 5.084745762711865 } ], "participated": true, "map_key": "MOORE_EKWD" }, "geometry": { "type": "Polygon", "coordinates": [ [ [ -79.384858991520204, 35.19087499970145 ], [ -79.387283991556018, 35.193192000332786 ], [ -79.385564990849602, 35.196840000292866 ], [ -79.387374990841934, 35.203917000414229 ], [ -79.391880991450577, 35.207922999580163 ], [ -79.392478991023395, 35.212192000240044 ], [ -79.397773991626764, 35.224257000294337 ], [ -79.398089991221156, 35.228585000387099 ], [ -79.380435991467039, 35.240851999889735 ], [ -79.378603990735101, 35.233337000296522 ], [ -79.377317991512641, 35.232577999855522 ], [ -79.374050991066895, 35.233937000239614 ], [ -79.373277991308129, 35.232696000058837 ], [ -79.37198699094975, 35.232768999960413 ], [ -79.371676991617704, 35.233675000455911 ], [ -79.366919991038387, 35.232768999834292 ], [ -79.365297990808301, 35.233684000159833 ], [ -79.365953991351162, 35.235477000303383 ], [ -79.364287990711205, 35.237974000286506 ], [ -79.363704991362468, 35.241290999746006 ], [ -79.360488991620329, 35.240313999850393 ], [ -79.356739990988373, 35.242312999740349 ], [ -79.34306899132541, 35.244944000309161 ], [ -79.347391990911106, 35.232599999600268 ], [ -79.345679990809117, 35.23387700027304 ], [ -79.343976991298021, 35.233236000124307 ], [ -79.341242991170787, 35.234153000467046 ], [ -79.339511990931655, 35.235894000353468 ], [ -79.335704991745658, 35.23519499977909 ], [ -79.332646991377786, 35.235552000363683 ], [ -79.330164990972179, 35.237108000409137 ], [ -79.327763991057807, 35.236879999706474 ], [ -79.333232990797356, 35.232574000336236 ], [ -79.334292990890305, 35.230307000089283 ], [ -79.336218991640109, 35.229573999827004 ], [ -79.339230991538827, 35.222109000182414 ], [ -79.336390991712719, 35.218621999814467 ], [ -79.33668499122652, 35.219789999962835 ], [ -79.335629990767856, 35.220212999824632 ], [ -79.327543991399736, 35.216641999926892 ], [ -79.330019991452957, 35.211623999794668 ], [ -79.33136599104391, 35.210385999594614 ], [ -79.343257991585119, 35.203958000361112 ], [ -79.372220991078279, 35.198826000237517 ], [ -79.384767991174286, 35.190737999874443 ], [ -79.384858991520204, 35.19087499970145 ] ] ] } },
{ "type": "Feature", "properties": { "county": null, "precinct": null, "enr_desc": "Fr5B", "winner": null, "winner_votes": null, "winner_share": null, "runner_up": null, "runner_up_votes": null, "runner_up_share": null, "contest_votes": null, "margin_of_victory": null, "is_tie": false, "results": null, "participated": false, "map_key": null }, "geometry": { "type": "Polygon", "coordinates": [ [ [ -79.961577991320496, 36.123694000451358 ], [ -79.962726991067782, 36.127942999658821 ], [ -79.969114991117479, 36.141059000005974 ], [ -79.960888991348227, 36.140612000456962 ], [ -79.959395990701083, 36.144253000176633 ], [ -79.954755990761086, 36.144740000189351 ], [ -79.953580991406213, 36.146308000273272 ], [ -79.951030991419131, 36.143245000144574 ], [ -79.945731991217883, 36.144051999835526 ], [ -79.943013990746437, 36.143536000035837 ], [ -79.941896991661437, 36.142318999717844 ], [ -79.943397990601966, 36.139267000286644 ], [ -79.939787991309075, 36.139411000221052 ], [ -79.939822991511235, 36.140272999990167 ], [ -79.938117991289801, 36.140678000454614 ], [ -79.936488990759841, 36.139445999655365 ], [ -79.924587991449442, 36.139521999934807 ], [ -79.924826990952411, 36.137291000131903 ], [ -79.927082991213666, 36.137216000100672 ], [ -79.929285991646623, 36.135679000450097 ], [ -79.931544991430656, 36.136240000175256 ], [ -79.931923991053836, 36.135348000200693 ], [ -79.940387991388803, 36.134949000207882 ], [ -79.943703990629629, 36.138002000223231 ], [ -79.9444359907462, 36.136007999727155 ], [ -79.954473991398061, 36.128747999929729 ], [ -79.958567991117022, 36.124709999759169 ], [ -79.961577991320496, 36.123694000451358 ] ] ] } },
{ "type": "Feature", "properties": { "county": null, "precinct": null, "enr_desc": "Eastover 1", "winner": null, "winner_votes": null, "winner_share": null, "runner_up": null, "runner_up_votes": null, "runner_up_share": null, "contest_votes": null, "margin_of_victory": null, "is_tie": false, "results": null, "participated": false, "map_key": null }, "geometry": { "type": "Polygon", "coordinates": [ [ [ -78.855137991380587, 35.058875999686236 ], [ -78.855342991383836, 35.070970000128249 ], [ -78.863084991190419, 35.079771999997291 ], [ -78.864346991352619, 35.086363000213595 ], [ -78.863854991583722, 35.093624000209708 ], [ -78.858140990863944, 35.100151999763128 ], [ -78.855653991136549, 35.108209999966817 ], [ -78.855368991278695, 35.111637000147056 ], [ -78.85589299120025, 35.114584000417707 ], [ -78.860243991579139, 35.121057999855296 ], [ -78.859845991157115, 35.126269999700561 ], [ -78.854641991327568, 35.13379499969345 ], [ -78.851905991724038, 35.141443000182953 ], [ -78.846433991602268, 35.147010999714674 ], [ -78.843336991019328, 35.151397999959755 ], [ -78.840801991429245, 35.156259000363036 ], [ -78.837817991150771, 35.159640000105895 ], [ -78.825789991171476, 35.153969000016239 ], [ -78.825650991679112, 35.148908999898495 ], [ -78.827124991539776, 35.145130000168365 ], [ -78.813548990736436, 35.141603999829776 ], [ -78.802955990903939, 35.147136000130409 ], [ -78.796327991627592, 35.151682999571598 ], [ -78.787817990726666, 35.153620000198387 ], [ -78.765636991059822, 35.140871000102948 ], [ -78.776704991794773, 35.132640999993271 ], [ -78.76040599083106, 35.125106000403356 ], [ -78.763451991557574, 35.121847000150552 ], [ -78.758008991321802, 35.119760000284266 ], [ -78.76665499087963, 35.111482000329381 ], [ -78.785352991389246, 35.085795999737691 ], [ -78.79037699095602, 35.076698999597909 ], [ -78.795404991499339, 35.059357000398528 ], [ -78.798995990721522, 35.053629000150188 ], [ -78.799773990805818, 35.054337999831318 ], [ -78.802618991464684, 35.048772000364501 ], [ -78.804258990770492, 35.047644000275149 ], [ -78.821787991762349, 35.047801000211685 ], [ -78.823494991207852, 35.04670600010909 ], [ -78.832306991370316, 35.047981000332392 ], [ -78.846606991691317, 35.047906000079323 ], [ -78.844913991144324, 35.048729999726824 ], [ -78.844946990999773, 35.049861000194525 ], [ -78.843308990864969, 35.050628999757507 ], [ -78.842977991334294, 35.052507000286141 ], [ -78.841335990745662, 35.053927999806199 ], [ -78.841985991617278, 35.055915000006166 ], [ -78.841132991043267, 35.056516000068619 ], [ -78.841309991190556, 35.058668999782455 ], [ -78.834640991604687, 35.062583000145139 ], [ -78.836241991669539, 35.063798999773695 ], [ -78.839992991514038, 35.062086999883881 ], [ -78.855137991380587, 35.058875999686236 ] ] ] } },
{ "type": "Feature", "properties": { "county": null, "precinct": null, "enr_desc": "Eastover 2", "winner": null, "winner_votes": null, "winner_share": null, "runner_up": null, "runner_up_votes": null, "runner_up_share": null, "contest_votes": null, "margin_of_victory": null, "is_tie": false, "results": null, "participated": false, "map_key": null }, "geometry": { "type": "Polygon", "coordinates": [ [ [ -78.798995990721522, 35.053629000150188 ], [ -78.795404991499339, 35.059357000398528 ], [ -78.79037699095602, 35.076698999597909 ], [ -78.785352991389246, 35.085795999737691 ], [ -78.76665499087963, 35.111482000329381 ], [ -78.758008991321802, 35.119760000284266 ], [ -78.763451991557574, 35.121847000150552 ], [ -78.76040599083106, 35.125106000403356 ], [ -78.752479990922041, 35.122727999708395 ], [ -78.730327991463497, 35.122989000342884 ], [ -78.722428991483596, 35.121257000217248 ], [ -78.714261991378024, 35.120607000137042 ], [ -78.709926991447006, 35.12148500028308 ], [ -78.709573991575439, 35.115667000028019 ], [ -78.707841991761867, 35.111107999564958 ], [ -78.703568991481902, 35.107458999823756 ], [ -78.696403990818226, 35.104584999704336 ], [ -78.68728199156179, 35.098841999631745 ], [ -78.682971990993579, 35.091857000362346 ], [ -78.678151991085798, 35.089116000244104 ], [ -78.675142991547432, 35.084077000152227 ], [ -78.698856991545682, 35.060983000195996 ], [ -78.709496991292355, 35.055039999646525 ], [ -78.71618499101055, 35.052972999766418 ], [ -78.72171199091828, 35.059940000073247 ], [ -78.718821991307081, 35.065918000423331 ], [ -78.71901399090423, 35.067668999659979 ], [ -78.724229991794388, 35.072292000173583 ], [ -78.72997599179304, 35.075014999559961 ], [ -78.732785991510937, 35.081511000146143 ], [ -78.735369990838407, 35.084231000222587 ], [ -78.737678990749146, 35.084940000241538 ], [ -78.743466991436321, 35.083610999813835 ], [ -78.746832991520691, 35.081289000088539 ], [ -78.752511991320631, 35.080871999654768 ], [ -78.755906991109498, 35.076902000353357 ], [ -78.760525991627176, 35.074373000206386 ], [ -78.765556991621281, 35.074314000273183 ], [ -78.76743099159674, 35.059681999902544 ], [ -78.769827991275989, 35.056845000308826 ], [ -78.770055991239246, 35.054109000064081 ], [ -78.779494991012768, 35.055253999855715 ], [ -78.788036990987777, 35.05470799991862 ], [ -78.795251991320441, 35.050308999535446 ], [ -78.798120990801976, 35.04758799998072 ], [ -78.798995990721522, 35.053629000150188 ] ] ] } },
{ "type": "Feature", "properties": { "county": "MOORE", "precinct": "EUR-WP", "enr_desc": "Eureka/Whispering Pines", "winner": "Richard N. Ojeda II", "winner_votes": 108.0, "winner_share": 65.454545454545453, "runner_up": "Loren Bibler", "runner_up_votes": 25.0, "runner_up_share": 15.151515151515152, "contest_votes": 165.0, "margin_of_victory": 50.303030303030297, "is_tie": false, "results": [ { "candidate": "Richard N. Ojeda II", "votes": 108, "share": 65.45454545454545 }, { "candidate": "Loren Bibler", "votes": 25, "share": 15.151515151515152 }, { "candidate": "Nigel W. Bristow", "votes": 20, "share": 12.121212121212121 }, { "candidate": "Lent C. Carr II", "votes": 12, "share": 7.2727272727272725 } ], "participated": true, "map_key": "MOORE_EUR-WP" }, "geometry": { "type": "Polygon", "coordinates": [ [ [ -79.34306899132541, 35.244944000309161 ], [ -79.356739990988373, 35.242312999740349 ], [ -79.360488991620329, 35.240313999850393 ], [ -79.363704991362468, 35.241290999746006 ], [ -79.364287990711205, 35.237974000286506 ], [ -79.365953991351162, 35.235477000303383 ], [ -79.365297990808301, 35.233684000159833 ], [ -79.366919991038387, 35.232768999834292 ], [ -79.371676991617704, 35.233675000455911 ], [ -79.37198699094975, 35.232768999960413 ], [ -79.373277991308129, 35.232696000058837 ], [ -79.374050991066895, 35.233937000239614 ], [ -79.377317991512641, 35.232577999855522 ], [ -79.378603990735101, 35.233337000296522 ], [ -79.380435991467039, 35.240851999889735 ], [ -79.398089991221156, 35.228585000387099 ], [ -79.398375991073024, 35.233580999789716 ], [ -79.401957991391058, 35.238922000395164 ], [ -79.39853699086045, 35.240730000159381 ], [ -79.393607991442579, 35.240611000424416 ], [ -79.393412991225389, 35.243979000098783 ], [ -79.39629099100766, 35.245728999684225 ], [ -79.395610990875099, 35.246353000211045 ], [ -79.404024991416051, 35.24581400034549 ], [ -79.405863991635798, 35.244853000076212 ], [ -79.407960991607368, 35.249516000100442 ], [ -79.412741991215441, 35.253296000475217 ], [ -79.415693990984209, 35.262772000419133 ], [ -79.411781991324006, 35.264024999924899 ], [ -79.411361991603385, 35.270671000149058 ], [ -79.417205991212967, 35.271332000346433 ], [ -79.417725990829169, 35.276306000460906 ], [ -79.417214991224327, 35.286192999688424 ], [ -79.418010991322546, 35.289075000444477 ], [ -79.338051990734058, 35.289424000456961 ], [ -79.33968099130054, 35.287330000094173 ], [ -79.342040991073219, 35.280869000053656 ], [ -79.342225990736083, 35.274328999868175 ], [ -79.336892991545767, 35.273105999662903 ], [ -79.337262991749327, 35.262204000003607 ], [ -79.338582991191558, 35.256185000433831 ], [ -79.34306899132541, 35.244944000309161 ] ] ] } },
{ "type": "Feature", "properties": { "county": "MOORE", "precinct": "EWD", "enr_desc": "Eastwood", "winner": "Richard N. Ojeda II", "winner_votes": 39.0, "winner_share": 63.934426229508205, "runner_up": "Nigel W. Bristow", "runner_up_votes": 13.0, "runner_up_share": 21.311475409836063, "contest_votes": 61.0, "margin_of_victory": 42.622950819672141, "is_tie": false, "results": [ { "candidate": "Richard N. Ojeda II", "votes": 39, "share": 63.934426229508205 }, { "candidate": "Nigel W. Bristow", "votes": 13, "share": 21.311475409836063 }, { "candidate": "Lent C. Carr II", "votes": 6, "share": 9.836065573770492 }, { "candidate": "Loren Bibler", "votes": 3, "share": 4.918032786885246 } ], "participated": true, "map_key": "MOORE_EWD" }, "geometry": { "type": "Polygon", "coordinates": [ [ [ -79.482256991195513, 35.214260999810207 ], [ -79.485292991528567, 35.221937999947144 ], [ -79.486391990857342, 35.221217999943242 ], [ -79.488269991333496, 35.223094999768477 ], [ -79.502751990877712, 35.223201000186343 ], [ -79.504293991672014, 35.227784000369731 ], [ -79.503212990817346, 35.230438999688651 ], [ -79.503410990772423, 35.243388999640729 ], [ -79.505907991021658, 35.247505999887061 ], [ -79.503494991520554, 35.250759000451993 ], [ -79.503670991181011, 35.253000999761717 ], [ -79.510099990868881, 35.261577000198237 ], [ -79.506055991217551, 35.276853999868152 ], [ -79.507251991376762, 35.278492000088669 ], [ -79.511554991457189, 35.28087700000745 ], [ -79.512904991563204, 35.287073000254395 ], [ -79.517685991393009, 35.290818999970909 ], [ -79.418010991322546, 35.289075000444477 ], [ -79.417214991224327, 35.286192999688424 ], [ -79.417725990829169, 35.276306000460906 ], [ -79.417205991212967, 35.271332000346433 ], [ -79.411361991603385, 35.270671000149058 ], [ -79.411781991324006, 35.264024999924899 ], [ -79.415693990984209, 35.262772000419133 ], [ -79.412741991215441, 35.253296000475217 ], [ -79.413664991510899, 35.251852000344726 ], [ -79.414502991028598, 35.252036000202814 ], [ -79.41750899141411, 35.249652000042133 ], [ -79.418128990735653, 35.24654199964332 ], [ -79.420501991244592, 35.245397000029364 ], [ -79.420920991095443, 35.243589000120927 ], [ -79.425721991532299, 35.242718999608051 ], [ -79.428484991497726, 35.243773000278381 ], [ -79.433145991456598, 35.240339000074073 ], [ -79.438169990926013, 35.239903999684842 ], [ -79.444727991455906, 35.238003000383195 ], [ -79.442727991579972, 35.235420000273081 ], [ -79.442193991148827, 35.231434000357872 ], [ -79.447145990699013, 35.231023999928773 ], [ -79.447147991636925, 35.228839999853051 ], [ -79.444406991389229, 35.227804000143998 ], [ -79.447886991223513, 35.225232000239409 ], [ -79.449172991308316, 35.226631000101882 ], [ -79.450892991268432, 35.226385999751386 ], [ -79.453693991013395, 35.227300999870764 ], [ -79.460288991386889, 35.227594999611682 ], [ -79.468438990945785, 35.225725000339885 ], [ -79.474365990712897, 35.225929000189055 ], [ -79.481104991455922, 35.224640000147204 ], [ -79.48182499073306, 35.224358000021923 ], [ -79.479210990868566, 35.220793999884599 ], [ -79.478100991029592, 35.216921000222335 ], [ -79.480893990889868, 35.21578199969511 ], [ -79.482256991195513, 35.214260999810207 ] ] ] } },
{ "type": "Feature", "properties": { "county": null, "precinct": null, "enr_desc": "Fen1", "winner": null, "winner_votes": null, "winner_share": null, "runner_up": null, "runner_up_votes": null, "runner_up_share": null, "contest_votes": null, "margin_of_victory": null, "is_tie": false, "results": null, "participated": false, "map_key": null }, "geometry": { "type": "Polygon", "coordinates": [ [ [ -79.742328991111791, 35.988972000196945 ], [ -79.749736991644667, 35.996023999811413 ], [ -79.749855990864887, 35.994685000472501 ], [ -79.761899990651742, 35.994633000123891 ], [ -79.768705991451142, 35.992538999829357 ], [ -79.779658991036655, 35.99087000048165 ], [ -79.779777991634504, 36.000614000216764 ], [ -79.784913990883055, 36.008987000302156 ], [ -79.789297991595248, 36.016102000089113 ], [ -79.788910990950598, 36.017415999782138 ], [ -79.790005991063126, 36.018647999687076 ], [ -79.790458991061485, 36.021065999805622 ], [ -79.788725991504236, 36.024324000153285 ], [ -79.786830991008017, 36.025603999640317 ], [ -79.785229990740007, 36.029007000018694 ], [ -79.779661990799298, 36.029136000402737 ], [ -79.777901990960544, 36.025091000189576 ], [ -79.771685991373403, 36.02502099993216 ], [ -79.769814991471407, 36.027111000471116 ], [ -79.767725990768582, 36.025447999682434 ], [ -79.767589990848535, 36.028308000025831 ], [ -79.768369991270831, 36.02904700025848 ], [ -79.766580991049523, 36.029599000038452 ], [ -79.762206991211912, 36.026084000261314 ], [ -79.760554991665842, 36.022850000303919 ], [ -79.753385991127217, 36.024416000012266 ], [ -79.749678991470958, 36.023580000158809 ], [ -79.746008991518224, 36.024957000204218 ], [ -79.741765991223431, 36.023171999814842 ], [ -79.739372990769766, 36.025443000459916 ], [ -79.7353189908535, 36.026647000254854 ], [ -79.72722099102478, 36.022894999895726 ], [ -79.716198990679516, 36.023298000038601 ], [ -79.712789990885099, 36.022686999863183 ], [ -79.714584990820541, 36.021021999748775 ], [ -79.714130990840147, 36.019511000255271 ], [ -79.715415991673609, 36.017950000170856 ], [ -79.717714991694734, 36.016460000008898 ], [ -79.7199199906769, 36.016108000161353 ], [ -79.721149990905786, 36.013305000086902 ], [ -79.726241990745834, 36.010698999964013 ], [ -79.727700991129495, 36.007598999939553 ], [ -79.730466991297902, 36.005471000035143 ], [ -79.732068990638098, 36.003015999932792 ], [ -79.733618991131678, 36.002466000438119 ], [ -79.734026990834323, 35.998790999892776 ], [ -79.735330991209281, 35.995807999655291 ], [ -79.741876991604443, 35.992351999850634 ], [ -79.738979991019676, 35.989009999952373 ], [ -79.742328991111791, 35.988972000196945 ] ] ] } },
{ "type": "Feature", "properties": { "county": "GUILFORD", "precinct": "FEN2", "enr_desc": "Fen2", "winner": "Nigel W. Bristow", "winner_votes": 61.0, "winner_share": 38.125, "runner_up": "Richard N. Ojeda II", "runner_up_votes": 42.0, "runner_up_share": 26.25, "contest_votes": 160.0, "margin_of_victory": 11.875, "is_tie": false, "results": [ { "candidate": "Nigel W. Bristow", "votes": 61, "share": 38.125 }, { "candidate": "Richard N. Ojeda II", "votes": 42, "share": 26.25 }, { "candidate": "Loren Bibler", "votes": 38, "share": 23.75 }, { "candidate": "Lent C. Carr II", "votes": 19, "share": 11.875 } ], "participated": true, "map_key": "GUILFORD_FEN2" }, "geometry": { "type": "Polygon", "coordinates": [ [ [ -79.710413991060847, 35.966601000485795 ], [ -79.733126990686699, 35.978280999617468 ], [ -79.736470990803767, 35.981260999820655 ], [ -79.742328991111791, 35.988972000196945 ], [ -79.738979991019676, 35.989009999952373 ], [ -79.741876991604443, 35.992351999850634 ], [ -79.735330991209281, 35.995807999655291 ], [ -79.734026990834323, 35.998790999892776 ], [ -79.733618991131678, 36.002466000438119 ], [ -79.732068990638098, 36.003015999932792 ], [ -79.730466991297902, 36.005471000035143 ], [ -79.727700991129495, 36.007598999939553 ], [ -79.726241990745834, 36.010698999964013 ], [ -79.721149990905786, 36.013305000086902 ], [ -79.7199199906769, 36.016108000161353 ], [ -79.717714991694734, 36.016460000008898 ], [ -79.715415991673609, 36.017950000170856 ], [ -79.714130990840147, 36.019511000255271 ], [ -79.714584990820541, 36.021021999748775 ], [ -79.712789990885099, 36.022686999863183 ], [ -79.707489990839846, 36.019129999819633 ], [ -79.710413991060847, 35.966601000485795 ] ] ] } },
{ "type": "Feature", "properties": { "county": null, "precinct": null, "enr_desc": "G01", "winner": null, "winner_votes": null, "winner_share": null, "runner_up": null, "runner_up_votes": null, "runner_up_share": null, "contest_votes": null, "margin_of_victory": null, "is_tie": false, "results": null, "participated": false, "map_key": null }, "geometry": { "type": "Polygon", "coordinates": [ [ [ -79.784990990826614, 36.075844000368967 ], [ -79.785890990680457, 36.081224000424079 ], [ -79.784334991508928, 36.085813000429276 ], [ -79.76716799108182, 36.084947000294306 ], [ -79.765836990747417, 36.084867000211297 ], [ -79.767245991084607, 36.083911000312227 ], [ -79.769935991430188, 36.084099999858935 ], [ -79.770395991305435, 36.082842000304339 ], [ -79.773640991297341, 36.080396000338169 ], [ -79.782826991345701, 36.076136000186864 ], [ -79.784990990826614, 36.075844000368967 ] ] ] } },
{ "type": "Feature", "properties": { "county": null, "precinct": null, "enr_desc": "G04", "winner": null, "winner_votes": null, "winner_share": null, "runner_up": null, "runner_up_votes": null, "runner_up_share": null, "contest_votes": null, "margin_of_victory": null, "is_tie": false, "results": null, "participated": false, "map_key": null }, "geometry": { "type": "Polygon", "coordinates": [ [ [ -79.754592991272787, 36.075933999855749 ], [ -79.755002991567963, 36.077306000228646 ], [ -79.757644991025785, 36.076355000284906 ], [ -79.756818990805755, 36.085103000125869 ], [ -79.756469991412558, 36.093029000258326 ], [ -79.75100499122513, 36.093114999684957 ], [ -79.746486991102429, 36.092459000072111 ], [ -79.745791990802871, 36.095561999731558 ], [ -79.744191991197283, 36.094587000011273 ], [ -79.739285991267963, 36.094284999802319 ], [ -79.735264990853423, 36.093952000184181 ], [ -79.742271990703543, 36.084887999941358 ], [ -79.740381991616275, 36.084066999672977 ], [ -79.754592991272787, 36.075933999855749 ] ] ] } },
{ "type": "Feature", "properties": { "county": null, "precinct": null, "enr_desc": "G10", "winner": null, "winner_votes": null, "winner_share": null, "runner_up": null, "runner_up_votes": null, "runner_up_share": null, "contest_votes": null, "margin_of_victory": null, "is_tie": false, "results": null, "participated": false, "map_key": null }, "geometry": { "type": "Polygon", "coordinates": [ [ [ -79.773320990611168, 36.126112000023362 ], [ -79.76200999069971, 36.134754999939794 ], [ -79.760497991394288, 36.13712000029517 ], [ -79.757533991059404, 36.146128999882784 ], [ -79.754186990847259, 36.14828899963053 ], [ -79.745941990969982, 36.146779000207864 ], [ -79.745100990907659, 36.145870000155512 ], [ -79.743878991358287, 36.138619999847087 ], [ -79.745980991085645, 36.138609000292661 ], [ -79.745873991078057, 36.137912999674477 ], [ -79.746680990829276, 36.137793000297634 ], [ -79.745537990847211, 36.136439999636671 ], [ -79.746389990638562, 36.135629000033383 ], [ -79.746080991074649, 36.134074999776274 ], [ -79.745360991233511, 36.134094000131626 ], [ -79.746064991545254, 36.133598000496747 ], [ -79.745780991555719, 36.13092599983613 ], [ -79.744541990858806, 36.130386000295076 ], [ -79.741391991212112, 36.130257999708384 ], [ -79.741952991472516, 36.124108999808847 ], [ -79.743046990872529, 36.123510999952138 ], [ -79.745603990760415, 36.12449399971689 ], [ -79.749096991024246, 36.124111000056168 ], [ -79.753200990755843, 36.118432000476083 ], [ -79.757516990668378, 36.118311000247203 ], [ -79.757405991102942, 36.11961099977961 ], [ -79.759829990980592, 36.119767000141351 ], [ -79.75928199132187, 36.125224999628067 ], [ -79.772825991233205, 36.125322999716545 ], [ -79.773320990611168, 36.126112000023362 ] ] ] } },
{ "type": "Feature", "properties": { "county": null, "precinct": null, "enr_desc": "Stoney Point 2-G10", "winner": null, "winner_votes": null, "winner_share": null, "runner_up": null, "runner_up_votes": null, "runner_up_share": null, "contest_votes": null, "margin_of_victory": null, "is_tie": false, "results": null, "participated": false, "map_key": null }, "geometry": { "type": "Polygon", "coordinates": [ [ [ -79.0492259911654, 35.006995000095294 ], [ -79.034466991486084, 35.005929000259044 ], [ -79.029578991426575, 35.010331000288701 ], [ -79.025477991597825, 35.00955099956802 ], [ -79.016151991037646, 35.010643999553928 ], [ -79.015046991106132, 35.008313000268672 ], [ -79.011908991474641, 35.007130000386006 ], [ -79.00933199097625, 35.003715000154799 ], [ -79.008430991455072, 35.000841999634503 ], [ -79.004760991790889, 34.998298999557448 ], [ -79.003427990838745, 34.991611999676074 ], [ -79.00194899097805, 34.991314999683127 ], [ -79.001046991283175, 34.989729999610034 ], [ -78.993522991431135, 34.985460999796878 ], [ -78.990643990827195, 34.98560499978889 ], [ -78.987175991600139, 34.98693000035481 ], [ -78.9854559908959, 34.986680000347491 ], [ -78.982454991147563, 34.988697999973937 ], [ -78.979952991755738, 34.988685999807707 ], [ -78.9762059915153, 34.990895999867156 ], [ -78.974604991496236, 34.990688999549334 ], [ -78.971643991251952, 34.988213000075156 ], [ -78.968593991321924, 34.988308999711883 ], [ -78.968177991782554, 34.986869000000148 ], [ -78.968924991733402, 34.985444000007107 ], [ -78.968239991269797, 34.98441300010257 ], [ -78.96938199089746, 34.983852999839634 ], [ -78.967997991450986, 34.980730999583926 ], [ -78.968479990969357, 34.979505999891849 ], [ -78.967419990790162, 34.979086999837989 ], [ -78.968348991137816, 34.978092999587716 ], [ -78.969734991775326, 34.978756000193513 ], [ -78.969835990861242, 34.977506000391003 ], [ -78.972526990774966, 34.977713000188807 ], [ -78.973181991130744, 34.975559000311769 ], [ -78.986040990867124, 34.977281999719047 ], [ -79.015182991355232, 34.981316999846676 ], [ -79.02663499174524, 34.986913000179243 ], [ -79.040584991051873, 34.997472999905611 ], [ -79.0492259911654, 35.006995000095294 ] ] ] } },
{ "type": "Feature", "properties": { "county": "CUMBERLAND", "precinct": "G11B", "enr_desc": "Manchester-G11", "winner": "Nigel W. Bristow", "winner_votes": 20.0, "winner_share": 29.850746268656714, "runner_up": "Richard N. Ojeda II", "runner_up_votes": 20.0, "runner_up_share": 29.850746268656714, "contest_votes": 67.0, "margin_of_victory": 0.0, "is_tie": true, "results": [ { "candidate": "Nigel W. Bristow", "votes": 20, "share": 29.850746268656714 }, { "candidate": "Richard N. Ojeda II", "votes": 20, "share": 29.850746268656714 }, { "candidate": "Lent C. Carr II", "votes": 17, "share": 25.37313432835821 }, { "candidate": "Loren Bibler", "votes": 10, "share": 14.925373134328357 } ], "participated": true, "map_key": "CUMBERLAND_G11B" }, "geometry": { "type": "Polygon", "coordinates": [ [ [ -78.923862991321585, 35.124843000059926 ], [ -78.92579299165331, 35.12621600016525 ], [ -78.936109991063958, 35.121755999985126 ], [ -78.937314991309677, 35.123470000034921 ], [ -78.94361399070749, 35.119080000056996 ], [ -78.951148991645596, 35.114661999966565 ], [ -78.954840991175431, 35.114902000169273 ], [ -78.957344990975713, 35.113875999640854 ], [ -78.957752991670105, 35.114477000276764 ], [ -78.958912990768681, 35.113516000214624 ], [ -78.958766991707719, 35.112777999817823 ], [ -78.962797991747664, 35.112752999613839 ], [ -78.975777990746039, 35.110156000130914 ], [ -78.995867991061147, 35.106225000306928 ], [ -78.998772991795818, 35.105542999827698 ], [ -78.998878991273017, 35.1062159995938 ], [ -79.006757990756597, 35.106076999617244 ], [ -79.010855991209468, 35.1038870002021 ], [ -79.011995991643801, 35.102108000130265 ], [ -79.030650990735793, 35.090698999831574 ], [ -79.02082799107302, 35.087887999689329 ], [ -79.018389991505785, 35.084031000021632 ], [ -79.01889699165433, 35.079440000005832 ], [ -79.019607991136311, 35.070803999593508 ], [ -79.02215099132583, 35.067858000434754 ], [ -79.024151991377934, 35.066752999944711 ], [ -79.03480199119781, 35.065523999662069 ], [ -79.039351991187075, 35.067654000414699 ], [ -79.038986991363586, 35.069588000376932 ], [ -79.041054990710563, 35.073149999617733 ], [ -79.039665991210086, 35.076318999923004 ], [ -79.042767990786359, 35.085626999676535 ], [ -79.067430990772024, 35.075955000123479 ], [ -79.09112399096233, 35.054688999876888 ], [ -79.093165991007126, 35.056445999984305 ], [ -79.090387991739689, 35.059375000008664 ], [ -79.092087990876067, 35.063946999851694 ], [ -79.090795991469719, 35.064842000211463 ], [ -79.091026991765091, 35.06802400033677 ], [ -79.089333991250925, 35.070643999603874 ], [ -79.089408990918685, 35.073365000104019 ], [ -79.090547991191471, 35.077918999833742 ], [ -79.093427991246543, 35.079598000380535 ], [ -79.09173599146024, 35.082904000437715 ], [ -79.09349599155729, 35.089035000287879 ], [ -79.093175990841857, 35.090349000432674 ], [ -79.098457991150596, 35.094345000035624 ], [ -79.098022990924349, 35.095800999982302 ], [ -79.099555991039566, 35.098948999790565 ], [ -79.098321991522084, 35.100997000179532 ], [ -79.099826991692737, 35.103032000238549 ], [ -79.098976991613696, 35.105512000350409 ], [ -79.10075699126314, 35.108063000045725 ], [ -79.100114990735491, 35.110885000365307 ], [ -79.101265991074129, 35.114605999627159 ], [ -79.102883991037146, 35.116821999691574 ], [ -79.103481991614515, 35.116576000020721 ], [ -79.105454991410099, 35.121453000274528 ], [ -79.107560991455571, 35.122443999629731 ], [ -79.109121991202258, 35.124670999986094 ], [ -79.111864990783616, 35.124184000252114 ], [ -79.11292099145011, 35.1256510002382 ], [ -79.097550991044955, 35.174232999655572 ], [ -79.09626199110113, 35.177857999730243 ], [ -79.097053991468286, 35.178249000043564 ], [ -79.096505990951243, 35.179423000284856 ], [ -79.098181991346436, 35.180502000231414 ], [ -79.097746991684289, 35.181402999857994 ], [ -79.098719990815312, 35.184095000292629 ], [ -79.098142991490192, 35.188595000059699 ], [ -79.096900991457048, 35.191461999977832 ], [ -79.095807991479944, 35.192068000436109 ], [ -79.01612999159282, 35.210240999793591 ], [ -78.996749991742689, 35.174663999697835 ], [ -78.994068991423603, 35.172190999781961 ], [ -78.975656990922573, 35.163621000012867 ], [ -78.969229991220374, 35.159025999692773 ], [ -78.956162991579177, 35.16845800023809 ], [ -78.95828999170385, 35.171661999818006 ], [ -78.954138991143083, 35.185698000307646 ], [ -78.950462991497943, 35.188855999652773 ], [ -78.943259991731864, 35.200745000020362 ], [ -78.938341991437639, 35.200668999561842 ], [ -78.938150990947207, 35.204359999721902 ], [ -78.939460991682708, 35.206592000348472 ], [ -78.936668990966695, 35.208764000200524 ], [ -78.937700991522703, 35.21013900026724 ], [ -78.941506991015174, 35.208536999709203 ], [ -78.94250399160984, 35.206947999855828 ], [ -78.944537990780475, 35.206305999661055 ], [ -78.947768990865711, 35.203498999549026 ], [ -78.951548991036788, 35.201668000392978 ], [ -78.953165991011531, 35.202068000323791 ], [ -78.941815991652916, 35.219275999931092 ], [ -78.935533991508251, 35.218734000191546 ], [ -78.926834991589971, 35.21320800006778 ], [ -78.904499990787372, 35.190510000403037 ], [ -78.90856099147345, 35.186902999688947 ], [ -78.908418991320573, 35.18516799980528 ], [ -78.905419990901009, 35.177952000243494 ], [ -78.904976991608322, 35.170371000169659 ], [ -78.902978991315749, 35.164006999768077 ], [ -78.903334990874029, 35.162665000146994 ], [ -78.901901991724458, 35.161398999955843 ], [ -78.908844990845793, 35.161006999582774 ], [ -78.910466991726281, 35.159711000235511 ], [ -78.9098189908416, 35.159031000209858 ], [ -78.914293991314679, 35.157652999618591 ], [ -78.92017499114904, 35.157721000410135 ], [ -78.922187991481906, 35.154542999553712 ], [ -78.923534991631584, 35.154525000347228 ], [ -78.923373991229823, 35.146511000360213 ], [ -78.919956990716926, 35.148353000128083 ], [ -78.914339991, 35.144316000320458 ], [ -78.908303991364932, 35.131553000282722 ], [ -78.923862991321585, 35.124843000059926 ] ] ] } },
{ "type": "Feature", "properties": { "county": null, "precinct": null, "enr_desc": "Fr1", "winner": null, "winner_votes": null, "winner_share": null, "runner_up": null, "runner_up_votes": null, "runner_up_share": null, "contest_votes": null, "margin_of_victory": null, "is_tie": false, "results": null, "participated": false, "map_key": null }, "geometry": { "type": "Polygon", "coordinates": [ [ [ -79.923483990605433, 36.026670000409368 ], [ -79.91840399149855, 36.044335000025853 ], [ -79.917891991389311, 36.049400999977827 ], [ -79.906502991348233, 36.054113000452631 ], [ -79.902619990952786, 36.055572000032718 ], [ -79.89574799092739, 36.055875000258311 ], [ -79.895092991447257, 36.054410000041727 ], [ -79.891724990792426, 36.054203000016592 ], [ -79.890231991186297, 36.052836000408867 ], [ -79.890671990929405, 36.042046000328924 ], [ -79.888972990753999, 36.038971999934382 ], [ -79.888966991535611, 36.035956999959495 ], [ -79.890768990839945, 36.036415000161675 ], [ -79.892632990860335, 36.030957999949059 ], [ -79.895764991045638, 36.02847300008608 ], [ -79.897959991187079, 36.028504999848607 ], [ -79.899785990691612, 36.030309999628422 ], [ -79.900656990967576, 36.029536000281901 ], [ -79.901256990701754, 36.031836000200286 ], [ -79.902956991235428, 36.03363600030373 ], [ -79.904647991437869, 36.039036000274869 ], [ -79.908405990854348, 36.038650000229573 ], [ -79.908544991112308, 36.037960000337193 ], [ -79.909896991009646, 36.038793999923179 ], [ -79.910023990919655, 36.034079000197266 ], [ -79.91264399152783, 36.034213000406176 ], [ -79.912910991628166, 36.02638700039271 ], [ -79.91547999126449, 36.026340000211171 ], [ -79.923483990605433, 36.026670000409368 ] ] ] } },
{ "type": "Feature", "properties": { "county": null, "precinct": null, "enr_desc": "G12", "winner": null, "winner_votes": null, "winner_share": null, "runner_up": null, "runner_up_votes": null, "runner_up_share": null, "contest_votes": null, "margin_of_victory": null, "is_tie": false, "results": null, "participated": false, "map_key": null }, "geometry": { "type": "Polygon", "coordinates": [ [ [ -79.799445991221972, 36.073929999820962 ], [ -79.807567991214881, 36.07450600010376 ], [ -79.808741991558037, 36.074571000041743 ], [ -79.807629990858445, 36.079616000244414 ], [ -79.802290991593424, 36.081489000406179 ], [ -79.811148990892832, 36.088125999751597 ], [ -79.804589990663715, 36.088908000277897 ], [ -79.795821991356263, 36.088390999669791 ], [ -79.79788699120553, 36.084731999924379 ], [ -79.799951991191421, 36.084330999872385 ], [ -79.800404991399162, 36.08058199999774 ], [ -79.799445991221972, 36.073929999820962 ] ] ] } },
{ "type": "Feature", "properties": { "county": null, "precinct": null, "enr_desc": "Fr2", "winner": null, "winner_votes": null, "winner_share": null, "runner_up": null, "runner_up_votes": null, "runner_up_share": null, "contest_votes": null, "margin_of_victory": null, "is_tie": false, "results": null, "participated": false, "map_key": null }, "geometry": { "type": "Polygon", "coordinates": [ [ [ -79.937516990652057, 36.041217999825086 ], [ -79.93436599111034, 36.045028000411456 ], [ -79.935469991263275, 36.046487999751676 ], [ -79.929245991143929, 36.051864000348615 ], [ -79.92873399111717, 36.054104000490639 ], [ -79.92511799139551, 36.055544000239721 ], [ -79.923757990699031, 36.057351999976433 ], [ -79.921142990632248, 36.058766000168632 ], [ -79.919458990912005, 36.058774000129404 ], [ -79.918163990943896, 36.055959000376902 ], [ -79.916803990963032, 36.055909000092122 ], [ -79.916805991236259, 36.055056000515677 ], [ -79.913436991383108, 36.055724000108562 ], [ -79.906418991031344, 36.055153000360896 ], [ -79.906502991348233, 36.054113000452631 ], [ -79.917891991389311, 36.049400999977827 ], [ -79.91840399149855, 36.044335000025853 ], [ -79.923483990605433, 36.026670000409368 ], [ -79.937763991670536, 36.02727500007763 ], [ -79.938080991378499, 36.031703000190952 ], [ -79.935390990945479, 36.034714999677199 ], [ -79.937010990715279, 36.037089999783902 ], [ -79.93636599118733, 36.039164999625392 ], [ -79.937516990652057, 36.041217999825086 ] ] ] } },
{ "type": "Feature", "properties": { "county": null, "precinct": null, "enr_desc": "G13", "winner": null, "winner_votes": null, "winner_share": null, "runner_up": null, "runner_up_votes": null, "runner_up_share": null, "contest_votes": null, "margin_of_victory": null, "is_tie": false, "results": null, "participated": false, "map_key": null }, "geometry": { "type": "Polygon", "coordinates": [ [ [ -79.82225399083211, 36.078409000080619 ], [ -79.829530990956187, 36.082117000301459 ], [ -79.82760099152776, 36.084864999775796 ], [ -79.823742991437797, 36.087189000026953 ], [ -79.818572991462887, 36.083300000298145 ], [ -79.816841990749623, 36.084595000472007 ], [ -79.813351991305524, 36.08462399963463 ], [ -79.813644990671193, 36.088513000243971 ], [ -79.811148990892832, 36.088125999751597 ], [ -79.802290991593424, 36.081489000406179 ], [ -79.807629990858445, 36.079616000244414 ], [ -79.808741991558037, 36.074571000041743 ], [ -79.81459599107977, 36.075221999688452 ], [ -79.82225399083211, 36.078409000080619 ] ] ] } },
{ "type": "Feature", "properties": { "county": null, "precinct": null, "enr_desc": "G02", "winner": null, "winner_votes": null, "winner_share": null, "runner_up": null, "runner_up_votes": null, "runner_up_share": null, "contest_votes": null, "margin_of_victory": null, "is_tie": false, "results": null, "participated": false, "map_key": null }, "geometry": { "type": "Polygon", "coordinates": [ [ [ -79.76716799108182, 36.084947000294306 ], [ -79.784334991508928, 36.085813000429276 ], [ -79.783584990818383, 36.087754999872658 ], [ -79.781365990675113, 36.093944999819755 ], [ -79.78084299168566, 36.097740999882497 ], [ -79.777340991687353, 36.098168000058415 ], [ -79.772205990930544, 36.102452999996018 ], [ -79.769320990731416, 36.103259999740494 ], [ -79.768371991312137, 36.10468800006258 ], [ -79.766611991522993, 36.103962000063028 ], [ -79.764220991638041, 36.105230999997119 ], [ -79.761972991654915, 36.104658000497018 ], [ -79.765441990720575, 36.09807600007823 ], [ -79.765783991692686, 36.090866000317689 ], [ -79.76716799108182, 36.084947000294306 ] ] ] } },
{ "type": "Feature", "properties": { "county": null, "precinct": null, "enr_desc": "G14", "winner": null, "winner_votes": null, "winner_share": null, "runner_up": null, "runner_up_votes": null, "runner_up_share": null, "contest_votes": null, "margin_of_victory": null, "is_tie": false, "results": null, "participated": false, "map_key": null }, "geometry": { "type": "Polygon", "coordinates": [ [ [ -79.818823991411548, 36.068605999714954 ], [ -79.826435991374112, 36.068751000106602 ], [ -79.824788991674652, 36.076990000423166 ], [ -79.82225399083211, 36.078409000080619 ], [ -79.81459599107977, 36.075221999688452 ], [ -79.8151589910198, 36.068509999619465 ], [ -79.818823991411548, 36.068605999714954 ] ] ] } },
{ "type": "Feature", "properties": { "county": null, "precinct": null, "enr_desc": "G15", "winner": null, "winner_votes": null, "winner_share": null, "runner_up": null, "runner_up_votes": null, "runner_up_share": null, "contest_votes": null, "margin_of_victory": null, "is_tie": false, "results": null, "participated": false, "map_key": null }, "geometry": { "type": "Polygon", "coordinates": [ [ [ -79.852662990875814, 36.069290000135936 ], [ -79.847771991594101, 36.07266499973548 ], [ -79.844327991195257, 36.075074000447358 ], [ -79.838757991675251, 36.074875000446731 ], [ -79.838469991439339, 36.073720000263258 ], [ -79.837513991541542, 36.07333799964271 ], [ -79.832099990920767, 36.074598999704591 ], [ -79.830111990600244, 36.077296000079059 ], [ -79.829530990956187, 36.082117000301459 ], [ -79.82225399083211, 36.078409000080619 ], [ -79.824788991674652, 36.076990000423166 ], [ -79.826435991374112, 36.068751000106602 ], [ -79.848013991558659, 36.069149999873467 ], [ -79.852662990875814, 36.069290000135936 ] ] ] } },
{ "type": "Feature", "properties": { "county": null, "precinct": null, "enr_desc": "G03", "winner": null, "winner_votes": null, "winner_share": null, "runner_up": null, "runner_up_votes": null, "runner_up_share": null, "contest_votes": null, "margin_of_victory": null, "is_tie": false, "results": null, "participated": false, "map_key": null }, "geometry": { "type": "Polygon", "coordinates": [ [ [ -79.756818990805755, 36.085103000125869 ], [ -79.759286991698261, 36.084522000394841 ], [ -79.765836990747417, 36.084867000211297 ], [ -79.76716799108182, 36.084947000294306 ], [ -79.765783991692686, 36.090866000317689 ], [ -79.765441990720575, 36.09807600007823 ], [ -79.761972991654915, 36.104658000497018 ], [ -79.758843990781671, 36.104931000409444 ], [ -79.757090991181911, 36.104023999985124 ], [ -79.756987990926405, 36.106325999791693 ], [ -79.756111991385055, 36.10717200040785 ], [ -79.755020990786065, 36.106859000372516 ], [ -79.755612991324483, 36.106204999730195 ], [ -79.75490199089306, 36.105957000049955 ], [ -79.752659990942149, 36.106708000172304 ], [ -79.750446991579693, 36.106019999866646 ], [ -79.749754991309729, 36.108863000284977 ], [ -79.748535990685383, 36.10947399999943 ], [ -79.746564991265799, 36.108743999733171 ], [ -79.745841991393306, 36.110601999916426 ], [ -79.74437799086968, 36.110586000496831 ], [ -79.741786991535221, 36.111303999646474 ], [ -79.741341991538278, 36.109886999982123 ], [ -79.742873991679289, 36.108964999679579 ], [ -79.743765990808299, 36.106639999779702 ], [ -79.747023991466307, 36.10609500016826 ], [ -79.748355991453451, 36.105115999962941 ], [ -79.749491991607442, 36.101577000071728 ], [ -79.750204991361102, 36.094250000242305 ], [ -79.75100499122513, 36.093114999684957 ], [ -79.756469991412558, 36.093029000258326 ], [ -79.756818990805755, 36.085103000125869 ] ] ] } },
{ "type": "Feature", "properties": { "county": null, "precinct": null, "enr_desc": "G05", "winner": null, "winner_votes": null, "winner_share": null, "runner_up": null, "runner_up_votes": null, "runner_up_share": null, "contest_votes": null, "margin_of_victory": null, "is_tie": false, "results": null, "participated": false, "map_key": null }, "geometry": { "type": "Polygon", "coordinates": [ [ [ -79.75100499122513, 36.093114999684957 ], [ -79.750204991361102, 36.094250000242305 ], [ -79.749491991607442, 36.101577000071728 ], [ -79.748355991453451, 36.105115999962941 ], [ -79.747023991466307, 36.10609500016826 ], [ -79.743765990808299, 36.106639999779702 ], [ -79.742873991679289, 36.108964999679579 ], [ -79.741341991538278, 36.109886999982123 ], [ -79.738177990696258, 36.10981500028732 ], [ -79.739602990756197, 36.108802000108909 ], [ -79.739924991275103, 36.104208000463011 ], [ -79.740803990864435, 36.102278000089967 ], [ -79.739285991267963, 36.094284999802319 ], [ -79.744191991197283, 36.094587000011273 ], [ -79.745791990802871, 36.095561999731558 ], [ -79.746486991102429, 36.092459000072111 ], [ -79.75100499122513, 36.093114999684957 ] ] ] } },
{ "type": "Feature", "properties": { "county": null, "precinct": null, "enr_desc": "G16", "winner": null, "winner_votes": null, "winner_share": null, "runner_up": null, "runner_up_votes": null, "runner_up_share": null, "contest_votes": null, "margin_of_victory": null, "is_tie": false, "results": null, "participated": false, "map_key": null }, "geometry": { "type": "Polygon", "coordinates": [ [ [ -79.847771991594101, 36.07266499973548 ], [ -79.847546990645341, 36.076508000205365 ], [ -79.846512991052677, 36.084588000344247 ], [ -79.843403991065486, 36.084159999692012 ], [ -79.843234991140648, 36.086911000101594 ], [ -79.840948991501989, 36.086370999668418 ], [ -79.829530990956187, 36.082117000301459 ], [ -79.830111990600244, 36.077296000079059 ], [ -79.832099990920767, 36.074598999704591 ], [ -79.837513991541542, 36.07333799964271 ], [ -79.838469991439339, 36.073720000263258 ], [ -79.838757991675251, 36.074875000446731 ], [ -79.844327991195257, 36.075074000447358 ], [ -79.847771991594101, 36.07266499973548 ] ] ] } },
{ "type": "Feature", "properties": { "county": null, "precinct": null, "enr_desc": "G06", "winner": null, "winner_votes": null, "winner_share": null, "runner_up": null, "runner_up_votes": null, "runner_up_share": null, "contest_votes": null, "margin_of_victory": null, "is_tie": false, "results": null, "participated": false, "map_key": null }, "geometry": { "type": "Polygon", "coordinates": [ [ [ -79.739285991267963, 36.094284999802319 ], [ -79.740803990864435, 36.102278000089967 ], [ -79.739924991275103, 36.104208000463011 ], [ -79.739602990756197, 36.108802000108909 ], [ -79.738177990696258, 36.10981500028732 ], [ -79.736404990907602, 36.110883000201561 ], [ -79.735160991692084, 36.109904000172605 ], [ -79.732861991154152, 36.111145000212815 ], [ -79.732227991100444, 36.113077999856934 ], [ -79.727289991347675, 36.114282999825107 ], [ -79.727385991200222, 36.115229999682761 ], [ -79.725596991257589, 36.117043999876913 ], [ -79.721981991096357, 36.117073000432093 ], [ -79.722571990783706, 36.119032000310455 ], [ -79.719256991380121, 36.119227999794902 ], [ -79.718472990849136, 36.121584999962657 ], [ -79.717017990711568, 36.122914999864832 ], [ -79.712444991247182, 36.122952999795402 ], [ -79.712626990704692, 36.11642399972974 ], [ -79.713921990594855, 36.11463799996708 ], [ -79.714868990821614, 36.109250999995311 ], [ -79.717201991401268, 36.102621999621348 ], [ -79.715526991521287, 36.102754999917579 ], [ -79.715217991100815, 36.1003660002362 ], [ -79.715928991411971, 36.098899999697444 ], [ -79.716419990817599, 36.087577999614268 ], [ -79.717435990898892, 36.087632000346865 ], [ -79.717516991407379, 36.086562999956151 ], [ -79.724993991170919, 36.087450999796062 ], [ -79.726570991626105, 36.086066000405978 ], [ -79.731556991558193, 36.085895999738227 ], [ -79.740381991616275, 36.084066999672977 ], [ -79.742271990703543, 36.084887999941358 ], [ -79.735264990853423, 36.093952000184181 ], [ -79.739285991267963, 36.094284999802319 ] ] ] } },
{ "type": "Feature", "properties": { "county": null, "precinct": null, "enr_desc": "G17", "winner": null, "winner_votes": null, "winner_share": null, "runner_up": null, "runner_up_votes": null, "runner_up_share": null, "contest_votes": null, "margin_of_victory": null, "is_tie": false, "results": null, "participated": false, "map_key": null }, "geometry": { "type": "Polygon", "coordinates": [ [ [ -79.829530990956187, 36.082117000301459 ], [ -79.840948991501989, 36.086370999668418 ], [ -79.840554991232622, 36.099002000370866 ], [ -79.837661991230263, 36.09888100006328 ], [ -79.8377109912837, 36.097782000355288 ], [ -79.833960991353877, 36.098217000240766 ], [ -79.833368990997371, 36.096564999984061 ], [ -79.831670991108709, 36.095351000351037 ], [ -79.830901991391201, 36.095583000295562 ], [ -79.832040990817873, 36.09842199976007 ], [ -79.819395991051096, 36.099885000484036 ], [ -79.817695991368325, 36.097273999960358 ], [ -79.811148990892832, 36.088125999751597 ], [ -79.813644990671193, 36.088513000243971 ], [ -79.813351991305524, 36.08462399963463 ], [ -79.816841990749623, 36.084595000472007 ], [ -79.818572991462887, 36.083300000298145 ], [ -79.823742991437797, 36.087189000026953 ], [ -79.82760099152776, 36.084864999775796 ], [ -79.829530990956187, 36.082117000301459 ] ] ] } },
{ "type": "Feature", "properties": { "county": null, "precinct": null, "enr_desc": "G07", "winner": null, "winner_votes": null, "winner_share": null, "runner_up": null, "runner_up_votes": null, "runner_up_share": null, "contest_votes": null, "margin_of_victory": null, "is_tie": false, "results": null, "participated": false, "map_key": null }, "geometry": { "type": "Polygon", "coordinates": [ [ [ -79.781148990800347, 36.102065000312074 ], [ -79.780976990652945, 36.111529000246719 ], [ -79.773200990979035, 36.113608999956888 ], [ -79.764871990797175, 36.113326999724826 ], [ -79.764610991346217, 36.115456999648131 ], [ -79.75692199099619, 36.117275999868802 ], [ -79.754954991156922, 36.115998999690355 ], [ -79.757218991299723, 36.112819000336742 ], [ -79.749073990750048, 36.112643000122333 ], [ -79.751816991381261, 36.108039000098742 ], [ -79.754606991362735, 36.107006000419162 ], [ -79.756893990807782, 36.1075469997689 ], [ -79.760955990804192, 36.106458000093347 ], [ -79.761972991654915, 36.104658000497018 ], [ -79.764220991638041, 36.105230999997119 ], [ -79.766611991522993, 36.103962000063028 ], [ -79.768371991312137, 36.10468800006258 ], [ -79.769320990731416, 36.103259999740494 ], [ -79.772205990930544, 36.102452999996018 ], [ -79.777340991687353, 36.098168000058415 ], [ -79.78084299168566, 36.097740999882497 ], [ -79.779825991341184, 36.101986000428283 ], [ -79.781148990800347, 36.102065000312074 ] ] ] } },
{ "type": "Feature", "properties": { "county": null, "precinct": null, "enr_desc": "G08", "winner": null, "winner_votes": null, "winner_share": null, "runner_up": null, "runner_up_votes": null, "runner_up_share": null, "contest_votes": null, "margin_of_victory": null, "is_tie": false, "results": null, "participated": false, "map_key": null }, "geometry": { "type": "Polygon", "coordinates": [ [ [ -79.761972991654915, 36.104658000497018 ], [ -79.760955990804192, 36.106458000093347 ], [ -79.756893990807782, 36.1075469997689 ], [ -79.754606991362735, 36.107006000419162 ], [ -79.751816991381261, 36.108039000098742 ], [ -79.749073990750048, 36.112643000122333 ], [ -79.757218991299723, 36.112819000336742 ], [ -79.754954991156922, 36.115998999690355 ], [ -79.75692199099619, 36.117275999868802 ], [ -79.764610991346217, 36.115456999648131 ], [ -79.764871990797175, 36.113326999724826 ], [ -79.773200990979035, 36.113608999956888 ], [ -79.780976990652945, 36.111529000246719 ], [ -79.779276991564927, 36.112836000257168 ], [ -79.78034099144709, 36.113968000380005 ], [ -79.780622991589681, 36.118283000139868 ], [ -79.785795990865083, 36.123306999747363 ], [ -79.787073991174893, 36.1258500003702 ], [ -79.773320990611168, 36.126112000023362 ], [ -79.772825991233205, 36.125322999716545 ], [ -79.75928199132187, 36.125224999628067 ], [ -79.759829990980592, 36.119767000141351 ], [ -79.757405991102942, 36.11961099977961 ], [ -79.757516990668378, 36.118311000247203 ], [ -79.753200990755843, 36.118432000476083 ], [ -79.749096991024246, 36.124111000056168 ], [ -79.745603990760415, 36.12449399971689 ], [ -79.746212991016321, 36.123237999703704 ], [ -79.745446991214138, 36.122844000346049 ], [ -79.745573990775654, 36.119574000385285 ], [ -79.744797991165186, 36.119710999906275 ], [ -79.74423299147017, 36.118264999860017 ], [ -79.744219991678449, 36.114054000450771 ], [ -79.745099991228372, 36.113841999935218 ], [ -79.74437799086968, 36.110586000496831 ], [ -79.745841991393306, 36.110601999916426 ], [ -79.746564991265799, 36.108743999733171 ], [ -79.748535990685383, 36.10947399999943 ], [ -79.749754991309729, 36.108863000284977 ], [ -79.750446991579693, 36.106019999866646 ], [ -79.752659990942149, 36.106708000172304 ], [ -79.75490199089306, 36.105957000049955 ], [ -79.755612991324483, 36.106204999730195 ], [ -79.755020990786065, 36.106859000372516 ], [ -79.756111991385055, 36.10717200040785 ], [ -79.756987990926405, 36.106325999791693 ], [ -79.757090991181911, 36.104023999985124 ], [ -79.758843990781671, 36.104931000409444 ], [ -79.761972991654915, 36.104658000497018 ] ] ] } },
{ "type": "Feature", "properties": { "county": null, "precinct": null, "enr_desc": "G09", "winner": null, "winner_votes": null, "winner_share": null, "runner_up": null, "runner_up_votes": null, "runner_up_share": null, "contest_votes": null, "margin_of_victory": null, "is_tie": false, "results": null, "participated": false, "map_key": null }, "geometry": { "type": "Polygon", "coordinates": [ [ [ -79.776213991343099, 36.140782999632563 ], [ -79.774317991629729, 36.140825000091127 ], [ -79.766992991635675, 36.14443600002982 ], [ -79.76090599144176, 36.144865999727706 ], [ -79.757533991059404, 36.146128999882784 ], [ -79.760497991394288, 36.13712000029517 ], [ -79.76200999069971, 36.134754999939794 ], [ -79.773320990611168, 36.126112000023362 ], [ -79.787073991174893, 36.1258500003702 ], [ -79.788072990971642, 36.125832000016814 ], [ -79.788959991115405, 36.127378000176982 ], [ -79.789655991568196, 36.134120000475214 ], [ -79.776213991343099, 36.140782999632563 ] ] ] } },
{ "type": "Feature", "properties": { "county": null, "precinct": null, "enr_desc": "Hope Mills 4-G10", "winner": null, "winner_votes": null, "winner_share": null, "runner_up": null, "runner_up_votes": null, "runner_up_share": null, "contest_votes": null, "margin_of_victory": null, "is_tie": false, "results": null, "participated": false, "map_key": null }, "geometry": { "type": "Polygon", "coordinates": [ [ [ -78.984912990946995, 34.959228999909627 ], [ -78.986803991791533, 34.958163000059535 ], [ -78.988484990856918, 34.960110999687913 ], [ -78.989994991658961, 34.958055999664388 ], [ -78.992430991665501, 34.957198000190637 ], [ -78.995224991663108, 34.958466999742456 ], [ -78.996030991747318, 34.958194000161093 ], [ -78.995848991696633, 34.957568000134728 ], [ -78.996615991670609, 34.957741999593125 ], [ -78.996851990900723, 34.958753000386643 ], [ -78.996611991790218, 34.960116000355498 ], [ -78.997192991794932, 34.960347999987604 ], [ -78.995641991032286, 34.961633999795978 ], [ -78.996427991184589, 34.962445999950191 ], [ -78.996229990765755, 34.964623999588568 ], [ -78.999708991698157, 34.966660999769353 ], [ -79.001207991108799, 34.966687000316789 ], [ -79.001469991021182, 34.971148000065682 ], [ -79.003579991776988, 34.974608000201208 ], [ -78.986040990867124, 34.977281999719047 ], [ -78.973181991130744, 34.975559000311769 ], [ -78.968302990945872, 34.974834999829916 ], [ -78.963815991287916, 34.972897999951321 ], [ -78.959772991637536, 34.972685999948141 ], [ -78.970690991464068, 34.963945000374068 ], [ -78.97218599149349, 34.960719000148821 ], [ -78.973911991773733, 34.961459999965378 ], [ -78.977912991456762, 34.958262999990467 ], [ -78.981597990814592, 34.959417000227681 ], [ -78.984912990946995, 34.959228999909627 ] ] ] } },
{ "type": "Feature", "properties": { "county": null, "precinct": null, "enr_desc": "Stoney Point 1-G10", "winner": null, "winner_votes": null, "winner_share": null, "runner_up": null, "runner_up_votes": null, "runner_up_share": null, "contest_votes": null, "margin_of_victory": null, "is_tie": false, "results": null, "participated": false, "map_key": null }, "geometry": { "type": "Polygon", "coordinates": [ [ [ -79.036916991661442, 34.956953000174842 ], [ -79.037537991149449, 34.957741999672741 ], [ -79.034857990779244, 34.96332999979451 ], [ -79.037270991408732, 34.96704499974382 ], [ -79.040019991335797, 34.966955999722018 ], [ -79.041174990909951, 34.967979999926769 ], [ -79.04109099156075, 34.970514000221343 ], [ -79.04267599165189, 34.972018000138497 ], [ -79.043355991149923, 34.975042999943909 ], [ -79.046579990723473, 34.977593000126582 ], [ -79.048098991138758, 34.981142000043491 ], [ -79.047443991200126, 34.985470999647738 ], [ -79.049698990954354, 34.991954000150947 ], [ -79.056445991580006, 34.997915999580464 ], [ -79.0568309912655, 34.999823999817139 ], [ -79.052241991804891, 35.003131000380193 ], [ -79.0492259911654, 35.006995000095294 ], [ -79.040584991051873, 34.997472999905611 ], [ -79.02663499174524, 34.986913000179243 ], [ -79.015182991355232, 34.981316999846676 ], [ -78.986040990867124, 34.977281999719047 ], [ -79.003579991776988, 34.974608000201208 ], [ -79.001469991021182, 34.971148000065682 ], [ -79.001207991108799, 34.966687000316789 ], [ -78.999708991698157, 34.966660999769353 ], [ -78.996229990765755, 34.964623999588568 ], [ -78.996427991184589, 34.962445999950191 ], [ -78.995641991032286, 34.961633999795978 ], [ -78.997192991794932, 34.960347999987604 ], [ -78.996611991790218, 34.960116000355498 ], [ -78.996851990900723, 34.958753000386643 ], [ -78.998255990785111, 34.959014000195999 ], [ -78.998288991593313, 34.959830000305786 ], [ -78.999597991303801, 34.960570999963394 ], [ -79.000456990975252, 34.959427999932352 ], [ -79.014430990884037, 34.956905000216913 ], [ -79.02029999154918, 34.955036999889295 ], [ -79.02709499149482, 34.954868999981429 ], [ -79.031259991332547, 34.953479000379119 ], [ -79.035693991376931, 34.955432999612086 ], [ -79.036916991661442, 34.956953000174842 ] ] ] } },
{ "type": "Feature", "properties": { "county": null, "precinct": null, "enr_desc": "G11", "winner": null, "winner_votes": null, "winner_share": null, "runner_up": null, "runner_up_votes": null, "runner_up_share": null, "contest_votes": null, "margin_of_victory": null, "is_tie": false, "results": null, "participated": false, "map_key": null }, "geometry": { "type": "Polygon", "coordinates": [ [ [ -79.784990990826614, 36.075844000368967 ], [ -79.784405990820261, 36.073103999946284 ], [ -79.799445991221972, 36.073929999820962 ], [ -79.800404991399162, 36.08058199999774 ], [ -79.799951991191421, 36.084330999872385 ], [ -79.79788699120553, 36.084731999924379 ], [ -79.795821991356263, 36.088390999669791 ], [ -79.783584990818383, 36.087754999872658 ], [ -79.784334991508928, 36.085813000429276 ], [ -79.785890990680457, 36.081224000424079 ], [ -79.784990990826614, 36.075844000368967 ] ] ] } },
{ "type": "Feature", "properties": { "county": null, "precinct": null, "enr_desc": "Cross Creek 02-G1", "winner": null, "winner_votes": null, "winner_share": null, "runner_up": null, "runner_up_votes": null, "runner_up_share": null, "contest_votes": null, "margin_of_victory": null, "is_tie": false, "results": null, "participated": false, "map_key": null }, "geometry": { "type": "Polygon", "coordinates": [ [ [ -78.848026990740351, 34.981740000346925 ], [ -78.85065599133425, 34.991780999773312 ], [ -78.850047991392614, 34.997764999823382 ], [ -78.850880990956071, 35.004355999902593 ], [ -78.853696990725567, 35.008739999942094 ], [ -78.859178991067097, 35.024014999892977 ], [ -78.859845990923503, 35.03216400021148 ], [ -78.860446990710955, 35.038769999604376 ], [ -78.857338991333904, 35.050184999576452 ], [ -78.855046990816035, 35.055060000062682 ], [ -78.855137991380587, 35.058875999686236 ], [ -78.839992991514038, 35.062086999883881 ], [ -78.836241991669539, 35.063798999773695 ], [ -78.834640991604687, 35.062583000145139 ], [ -78.841309991190556, 35.058668999782455 ], [ -78.841132991043267, 35.056516000068619 ], [ -78.841985991617278, 35.055915000006166 ], [ -78.841335990745662, 35.053927999806199 ], [ -78.842977991334294, 35.052507000286141 ], [ -78.843308990864969, 35.050628999757507 ], [ -78.844946990999773, 35.049861000194525 ], [ -78.844913991144324, 35.048729999726824 ], [ -78.846606991691317, 35.047906000079323 ], [ -78.832306991370316, 35.047981000332392 ], [ -78.823494991207852, 35.04670600010909 ], [ -78.824919990968894, 35.045724000342716 ], [ -78.823557991362819, 35.038669000041928 ], [ -78.805638990751504, 35.034731000184991 ], [ -78.808616991597503, 35.025325999938318 ], [ -78.824453991522631, 35.001404999867368 ], [ -78.841772990945771, 34.985458999650639 ], [ -78.848026990740351, 34.981740000346925 ] ] ] } },
{ "type": "Feature", "properties": { "county": null, "precinct": null, "enr_desc": "Judson-Vander-G1", "winner": null, "winner_votes": null, "winner_share": null, "runner_up": null, "runner_up_votes": null, "runner_up_share": null, "contest_votes": null, "margin_of_victory": null, "is_tie": false, "results": null, "participated": false, "map_key": null }, "geometry": { "type": "Polygon", "coordinates": [ [ [ -78.823494991207852, 35.04670600010909 ], [ -78.821787991762349, 35.047801000211685 ], [ -78.804258990770492, 35.047644000275149 ], [ -78.802618991464684, 35.048772000364501 ], [ -78.799773990805818, 35.054337999831318 ], [ -78.798995990721522, 35.053629000150188 ], [ -78.798120990801976, 35.04758799998072 ], [ -78.795251991320441, 35.050308999535446 ], [ -78.788036990987777, 35.05470799991862 ], [ -78.779494991012768, 35.055253999855715 ], [ -78.770055991239246, 35.054109000064081 ], [ -78.769827991275989, 35.056845000308826 ], [ -78.76743099159674, 35.059681999902544 ], [ -78.765556991621281, 35.074314000273183 ], [ -78.760525991627176, 35.074373000206386 ], [ -78.755906991109498, 35.076902000353357 ], [ -78.752511991320631, 35.080871999654768 ], [ -78.746832991520691, 35.081289000088539 ], [ -78.743466991436321, 35.083610999813835 ], [ -78.737678990749146, 35.084940000241538 ], [ -78.735369990838407, 35.084231000222587 ], [ -78.732785991510937, 35.081511000146143 ], [ -78.72997599179304, 35.075014999559961 ], [ -78.724229991794388, 35.072292000173583 ], [ -78.71901399090423, 35.067668999659979 ], [ -78.718821991307081, 35.065918000423331 ], [ -78.72171199091828, 35.059940000073247 ], [ -78.71618499101055, 35.052972999766418 ], [ -78.724354990794609, 35.050529000246222 ], [ -78.733453991129409, 35.052843000089055 ], [ -78.735452991695567, 35.052527000247444 ], [ -78.738874991169638, 35.046183000035427 ], [ -78.7438099913456, 35.041275999679286 ], [ -78.747292991037042, 35.03855799966626 ], [ -78.754909990897971, 35.035844000374425 ], [ -78.764048990736157, 35.036782000235547 ], [ -78.781543991559218, 35.036052000200243 ], [ -78.785195991246212, 35.034865999886406 ], [ -78.792346991747422, 35.030535000151481 ], [ -78.783772991663398, 35.016273000207498 ], [ -78.775026991689757, 35.009455999951818 ], [ -78.773813991676619, 35.005744000338595 ], [ -78.75158999129772, 35.001816000060565 ], [ -78.749340991326122, 35.000660999770595 ], [ -78.747410991306495, 34.997471000094336 ], [ -78.745606991157615, 34.98723000004393 ], [ -78.767580991130728, 34.983771000314192 ], [ -78.775679991007905, 34.984466000044961 ], [ -78.778979991193026, 34.985841000322019 ], [ -78.782561991659747, 34.977663000412697 ], [ -78.786833991091214, 34.978305000282234 ], [ -78.790491991464123, 34.977822999860678 ], [ -78.80106699083143, 34.974812000389726 ], [ -78.812745991167745, 34.969277000386349 ], [ -78.820437991185912, 34.96780699954919 ], [ -78.82656899114933, 34.968821999735013 ], [ -78.842162991476712, 34.974681000303889 ], [ -78.84574699154274, 34.977559999802217 ], [ -78.848026990740351, 34.981740000346925 ], [ -78.841772990945771, 34.985458999650639 ], [ -78.824453991522631, 35.001404999867368 ], [ -78.808616991597503, 35.025325999938318 ], [ -78.805638990751504, 35.034731000184991 ], [ -78.823557991362819, 35.038669000041928 ], [ -78.824919990968894, 35.045724000342716 ], [ -78.823494991207852, 35.04670600010909 ] ] ] } },
{ "type": "Feature", "properties": { "county": null, "precinct": null, "enr_desc": "G21", "winner": null, "winner_votes": null, "winner_share": null, "runner_up": null, "runner_up_votes": null, "runner_up_share": null, "contest_votes": null, "margin_of_victory": null, "is_tie": false, "results": null, "participated": false, "map_key": null }, "geometry": { "type": "Polygon", "coordinates": [ [ [ -79.780976990652945, 36.111529000246719 ], [ -79.789202991623441, 36.110285000360719 ], [ -79.800840991183847, 36.106030000317872 ], [ -79.804936991542377, 36.106704000412037 ], [ -79.804248991339776, 36.109933999842845 ], [ -79.800995991596764, 36.111439999702526 ], [ -79.801393990800506, 36.117720000295186 ], [ -79.80229099155089, 36.118823999998476 ], [ -79.810074990741441, 36.122249999669229 ], [ -79.811890990939858, 36.124782000232024 ], [ -79.800482990783536, 36.130756000236232 ], [ -79.794145991552384, 36.132183999928792 ], [ -79.789655991568196, 36.134120000475214 ], [ -79.788959991115405, 36.127378000176982 ], [ -79.788072990971642, 36.125832000016814 ], [ -79.787073991174893, 36.1258500003702 ], [ -79.785795990865083, 36.123306999747363 ], [ -79.780622991589681, 36.118283000139868 ], [ -79.78034099144709, 36.113968000380005 ], [ -79.779276991564927, 36.112836000257168 ], [ -79.780976990652945, 36.111529000246719 ] ] ] } },
{ "type": "Feature", "properties": { "county": null, "precinct": null, "enr_desc": "G22", "winner": null, "winner_votes": null, "winner_share": null, "runner_up": null, "runner_up_votes": null, "runner_up_share": null, "contest_votes": null, "margin_of_victory": null, "is_tie": false, "results": null, "participated": false, "map_key": null }, "geometry": { "type": "Polygon", "coordinates": [ [ [ -79.804936991542377, 36.106704000412037 ], [ -79.811328991416318, 36.109697000151996 ], [ -79.815084991226868, 36.109897000067356 ], [ -79.815274991525243, 36.111919999695232 ], [ -79.816380990783586, 36.112891000235578 ], [ -79.817614990987806, 36.112728000415046 ], [ -79.818221990799643, 36.115983000049908 ], [ -79.817085991225113, 36.116288000472075 ], [ -79.817295990901897, 36.118928000245177 ], [ -79.821325991233394, 36.118838000115467 ], [ -79.821871991072243, 36.119684000305135 ], [ -79.817082991193402, 36.120526000147855 ], [ -79.815071990666766, 36.123575000095137 ], [ -79.81300099118053, 36.124509999709332 ], [ -79.811890990939858, 36.124782000232024 ], [ -79.810074990741441, 36.122249999669229 ], [ -79.80229099155089, 36.118823999998476 ], [ -79.801393990800506, 36.117720000295186 ], [ -79.800995991596764, 36.111439999702526 ], [ -79.804248991339776, 36.109933999842845 ], [ -79.804936991542377, 36.106704000412037 ] ] ] } },
{ "type": "Feature", "properties": { "county": null, "precinct": null, "enr_desc": "G26", "winner": null, "winner_votes": null, "winner_share": null, "runner_up": null, "runner_up_votes": null, "runner_up_share": null, "contest_votes": null, "margin_of_victory": null, "is_tie": false, "results": null, "participated": false, "map_key": null }, "geometry": { "type": "Polygon", "coordinates": [ [ [ -79.811890990939858, 36.124782000232024 ], [ -79.81300099118053, 36.124509999709332 ], [ -79.814092991657191, 36.127349999649326 ], [ -79.815302991577582, 36.132360999938832 ], [ -79.812702990895033, 36.136073000097518 ], [ -79.803886990602891, 36.140308000400324 ], [ -79.802337991314175, 36.144674999753597 ], [ -79.799960991512037, 36.143967000469651 ], [ -79.797674990863555, 36.144743999783849 ], [ -79.793398991649283, 36.143470000086623 ], [ -79.793047990664533, 36.146153999612864 ], [ -79.79208799140541, 36.146095000282045 ], [ -79.792058991290915, 36.150295999631609 ], [ -79.786210991507929, 36.150135999978779 ], [ -79.785270991007124, 36.152910000091154 ], [ -79.784025990988951, 36.152900000310645 ], [ -79.776261990741787, 36.15271000037724 ], [ -79.776344990904676, 36.149883999811607 ], [ -79.776422990637229, 36.148843000005883 ], [ -79.779446990661356, 36.148432000288132 ], [ -79.779188991557078, 36.145787000502011 ], [ -79.785036991587276, 36.142923000139639 ], [ -79.784609991376882, 36.140139000181641 ], [ -79.781553991064598, 36.13964199997897 ], [ -79.781052990904456, 36.13869000042699 ], [ -79.778132991676983, 36.140558999725862 ], [ -79.776213991343099, 36.140782999632563 ], [ -79.789655991568196, 36.134120000475214 ], [ -79.794145991552384, 36.132183999928792 ], [ -79.800482990783536, 36.130756000236232 ], [ -79.811890990939858, 36.124782000232024 ] ] ] } },
{ "type": "Feature", "properties": { "county": null, "precinct": null, "enr_desc": "G27", "winner": null, "winner_votes": null, "winner_share": null, "runner_up": null, "runner_up_votes": null, "runner_up_share": null, "contest_votes": null, "margin_of_victory": null, "is_tie": false, "results": null, "participated": false, "map_key": null }, "geometry": { "type": "Polygon", "coordinates": [ [ [ -79.832789991629596, 36.138083999761193 ], [ -79.835827991269255, 36.151342999840715 ], [ -79.835466991119532, 36.153254000468415 ], [ -79.835018991589536, 36.154342000491624 ], [ -79.827672991024642, 36.154534999644468 ], [ -79.82449399162951, 36.155614999705193 ], [ -79.821715991507531, 36.154037000357818 ], [ -79.820889991089174, 36.152161000083652 ], [ -79.818491990813342, 36.150614000085305 ], [ -79.818345991660891, 36.149816000210315 ], [ -79.820724991635103, 36.148767000398088 ], [ -79.818636990682663, 36.148547000194377 ], [ -79.818118991058924, 36.147434000145431 ], [ -79.812801991683415, 36.147179000107933 ], [ -79.812547991221408, 36.14442100013531 ], [ -79.817129991166794, 36.139666000012461 ], [ -79.821046990751384, 36.135994999737918 ], [ -79.828615991067096, 36.139592000398864 ], [ -79.830470991300601, 36.139472999677295 ], [ -79.832789991629596, 36.138083999761193 ] ] ] } },
{ "type": "Feature", "properties": { "county": null, "precinct": null, "enr_desc": "Cross Creek 09-G2", "winner": null, "winner_votes": null, "winner_share": null, "runner_up": null, "runner_up_votes": null, "runner_up_share": null, "contest_votes": null, "margin_of_victory": null, "is_tie": false, "results": null, "participated": false, "map_key": null }, "geometry": { "type": "Polygon", "coordinates": [ [ [ -78.89071199108696, 35.096193000044444 ], [ -78.895705991448921, 35.101115000281176 ], [ -78.898927991424202, 35.102766999721553 ], [ -78.901244990921498, 35.105389999917641 ], [ -78.903641990828916, 35.111140999778961 ], [ -78.913689991684905, 35.119011000396334 ], [ -78.913864990988117, 35.119866000042002 ], [ -78.912811991300018, 35.120988999758275 ], [ -78.90267099074066, 35.122756000102655 ], [ -78.900175991023687, 35.125099999959112 ], [ -78.897995991482873, 35.12802299967835 ], [ -78.896394990947272, 35.12752700033419 ], [ -78.895633991310632, 35.12914499990535 ], [ -78.894250991684402, 35.128775000290226 ], [ -78.888843991368887, 35.125782999558268 ], [ -78.883352991313714, 35.118559000172773 ], [ -78.881682991035802, 35.117170000147667 ], [ -78.879989991259663, 35.116954999783353 ], [ -78.877217991431422, 35.096098999765751 ], [ -78.877549991071334, 35.090991999627697 ], [ -78.879060991366387, 35.087842999986393 ], [ -78.884017991565173, 35.088218999627742 ], [ -78.888519991440432, 35.094916000182884 ], [ -78.89071199108696, 35.096193000044444 ] ] ] } },
{ "type": "Feature", "properties": { "county": null, "precinct": null, "enr_desc": "G35", "winner": null, "winner_votes": null, "winner_share": null, "runner_up": null, "runner_up_votes": null, "runner_up_share": null, "contest_votes": null, "margin_of_victory": null, "is_tie": false, "results": null, "participated": false, "map_key": null }, "geometry": { "type": "Polygon", "coordinates": [ [ [ -79.843234991140648, 36.086911000101594 ], [ -79.843403991065486, 36.084159999692012 ], [ -79.846512991052677, 36.084588000344247 ], [ -79.847546990645341, 36.076508000205365 ], [ -79.852980991313785, 36.08124800019133 ], [ -79.853109990646118, 36.082369000365681 ], [ -79.85509399107157, 36.082632000192042 ], [ -79.855669990899102, 36.08144499984418 ], [ -79.857875991688928, 36.080576000265822 ], [ -79.860021991567521, 36.080986999737242 ], [ -79.864342990607767, 36.086151000324563 ], [ -79.863673991378946, 36.086901000162634 ], [ -79.864919991190277, 36.087923000441542 ], [ -79.865060991527073, 36.09132399985694 ], [ -79.853948991411784, 36.090474000490708 ], [ -79.851036991099264, 36.089498999963183 ], [ -79.843234991140648, 36.086911000101594 ] ] ] } },
{ "type": "Feature", "properties": { "county": null, "precinct": null, "enr_desc": "Cross Creek 23-G2C-1", "winner": null, "winner_votes": null, "winner_share": null, "runner_up": null, "runner_up_votes": null, "runner_up_share": null, "contest_votes": null, "margin_of_victory": null, "is_tie": false, "results": null, "participated": false, "map_key": null }, "geometry": { "type": "Polygon", "coordinates": [ [ [ -78.900175991023687, 35.125099999959112 ], [ -78.897287991707955, 35.12980099980895 ], [ -78.902331991207205, 35.133280999571355 ], [ -78.904404991574978, 35.137519000241412 ], [ -78.907150991601981, 35.140689999832503 ], [ -78.906296991051221, 35.141448000395734 ], [ -78.905314991276114, 35.148276999874533 ], [ -78.902096990885127, 35.148832999954273 ], [ -78.902123990873278, 35.146378999615813 ], [ -78.900969991372477, 35.145608000251215 ], [ -78.89909599115316, 35.14573300022667 ], [ -78.898573991666495, 35.144266000333779 ], [ -78.898756990887861, 35.141723999892136 ], [ -78.897968990857635, 35.140766000214867 ], [ -78.899131990707048, 35.139646999587164 ], [ -78.898082991763815, 35.13850700043151 ], [ -78.896866990889166, 35.140006000197097 ], [ -78.891912991538504, 35.139974999846892 ], [ -78.892452991431043, 35.136594999712372 ], [ -78.891404990771193, 35.136055000129602 ], [ -78.889681991345924, 35.136020000112445 ], [ -78.889563990926064, 35.139686999912016 ], [ -78.885086991436367, 35.140135999742057 ], [ -78.883538990878705, 35.14176800010646 ], [ -78.881429991203106, 35.141724999783776 ], [ -78.88086499086954, 35.140006000393583 ], [ -78.879321991631116, 35.138894999769278 ], [ -78.878512991527771, 35.140802999807363 ], [ -78.87428599145241, 35.139781999600189 ], [ -78.879023990791467, 35.128687999701157 ], [ -78.879989991259663, 35.116954999783353 ], [ -78.881682991035802, 35.117170000147667 ], [ -78.883352991313714, 35.118559000172773 ], [ -78.888843991368887, 35.125782999558268 ], [ -78.894250991684402, 35.128775000290226 ], [ -78.895633991310632, 35.12914499990535 ], [ -78.896394990947272, 35.12752700033419 ], [ -78.897995991482873, 35.12802299967835 ], [ -78.900175991023687, 35.125099999959112 ] ] ] } },
{ "type": "Feature", "properties": { "county": null, "precinct": null, "enr_desc": "G38", "winner": null, "winner_votes": null, "winner_share": null, "runner_up": null, "runner_up_votes": null, "runner_up_share": null, "contest_votes": null, "margin_of_victory": null, "is_tie": false, "results": null, "participated": false, "map_key": null }, "geometry": { "type": "Polygon", "coordinates": [ [ [ -79.868583991045313, 36.078978999671989 ], [ -79.872622990844789, 36.078022000344632 ], [ -79.874862990955364, 36.076560000174034 ], [ -79.879241991538436, 36.076771999995863 ], [ -79.884182991040404, 36.078376999614576 ], [ -79.885620991319911, 36.078049999614713 ], [ -79.893182991264766, 36.081785999958932 ], [ -79.888529991013087, 36.08692699970117 ], [ -79.88885399095436, 36.089841000514085 ], [ -79.878897991035629, 36.089315999974616 ], [ -79.870119991482952, 36.092318000150073 ], [ -79.870384991466977, 36.090707999743117 ], [ -79.86914899065097, 36.088447000069962 ], [ -79.870298990616405, 36.083726999628645 ], [ -79.868583991045313, 36.078978999671989 ] ] ] } },
{ "type": "Feature", "properties": { "county": "CUMBERLAND", "precinct": "G2E-2", "enr_desc": "Westarea-G2E-2", "winner": "Nigel W. Bristow", "winner_votes": 131.0, "winner_share": 43.666666666666664, "runner_up": "Richard N. Ojeda II", "runner_up_votes": 68.0, "runner_up_share": 22.666666666666664, "contest_votes": 300.0, "margin_of_victory": 21.0, "is_tie": false, "results": [ { "candidate": "Nigel W. Bristow", "votes": 131, "share": 43.666666666666664 }, { "candidate": "Richard N. Ojeda II", "votes": 68, "share": 22.666666666666664 }, { "candidate": "Lent C. Carr II", "votes": 62, "share": 20.666666666666668 }, { "candidate": "Loren Bibler", "votes": 39, "share": 13.0 } ], "participated": true, "map_key": "CUMBERLAND_G2E-2" }, "geometry": { "type": "Polygon", "coordinates": [ [ [ -78.94361399070749, 35.119080000056996 ], [ -78.937314991309677, 35.123470000034921 ], [ -78.936109991063958, 35.121755999985126 ], [ -78.92579299165331, 35.12621600016525 ], [ -78.923862991321585, 35.124843000059926 ], [ -78.914657991507838, 35.128279000030247 ], [ -78.913082990705789, 35.124354999736489 ], [ -78.912080990827619, 35.123735999721113 ], [ -78.913681991718235, 35.122523000146643 ], [ -78.912811991300018, 35.120988999758275 ], [ -78.913864990988117, 35.119866000042002 ], [ -78.913689991684905, 35.119011000396334 ], [ -78.903641990828916, 35.111140999778961 ], [ -78.901244990921498, 35.105389999917641 ], [ -78.898927991424202, 35.102766999721553 ], [ -78.906048991332653, 35.100599000094903 ], [ -78.908110991225684, 35.101292000283244 ], [ -78.908522991684151, 35.105215999799775 ], [ -78.912537991090574, 35.10652499990131 ], [ -78.916224991346979, 35.11025899986614 ], [ -78.916849991578744, 35.111201999639988 ], [ -78.916419990856127, 35.11218499960939 ], [ -78.918078991061009, 35.113665999707891 ], [ -78.918698990737951, 35.117010000221065 ], [ -78.920700991357563, 35.120567999831088 ], [ -78.923204991627415, 35.117976999613361 ], [ -78.923798991506587, 35.119610000139133 ], [ -78.925065991474924, 35.120053000185692 ], [ -78.929262990857424, 35.117767999930855 ], [ -78.927674990974964, 35.115092999776834 ], [ -78.929531991368421, 35.114412000405764 ], [ -78.930761990901161, 35.11571099981014 ], [ -78.930406991208073, 35.11468799957278 ], [ -78.931875991289559, 35.113277999717539 ], [ -78.930149990754586, 35.112050000040831 ], [ -78.930945991038101, 35.111304000396458 ], [ -78.92989099122731, 35.110388999718218 ], [ -78.932616991706681, 35.108844999619002 ], [ -78.9326129916345, 35.106535999657652 ], [ -78.934127991377764, 35.10770199962559 ], [ -78.93686899150137, 35.105714999878181 ], [ -78.940529991336177, 35.106333999945889 ], [ -78.94210499130385, 35.107697999764426 ], [ -78.941947991478244, 35.117099000031345 ], [ -78.94361399070749, 35.119080000056996 ] ] ] } },
{ "type": "Feature", "properties": { "county": null, "precinct": null, "enr_desc": "G36", "winner": null, "winner_votes": null, "winner_share": null, "runner_up": null, "runner_up_votes": null, "runner_up_share": null, "contest_votes": null, "margin_of_victory": null, "is_tie": false, "results": null, "participated": false, "map_key": null }, "geometry": { "type": "Polygon", "coordinates": [ [ [ -79.8658709912701, 36.070423000239245 ], [ -79.866183991655021, 36.074264000366689 ], [ -79.864424991464162, 36.076443999950996 ], [ -79.864514991145199, 36.079530000064601 ], [ -79.868583991045313, 36.078978999671989 ], [ -79.870298990616405, 36.083726999628645 ], [ -79.86914899065097, 36.088447000069962 ], [ -79.870384991466977, 36.090707999743117 ], [ -79.870119991482952, 36.092318000150073 ], [ -79.868914991328651, 36.092355000182671 ], [ -79.865060991527073, 36.09132399985694 ], [ -79.864919991190277, 36.087923000441542 ], [ -79.863673991378946, 36.086901000162634 ], [ -79.864342990607767, 36.086151000324563 ], [ -79.860021991567521, 36.080986999737242 ], [ -79.857875991688928, 36.080576000265822 ], [ -79.855669990899102, 36.08144499984418 ], [ -79.85509399107157, 36.082632000192042 ], [ -79.853109990646118, 36.082369000365681 ], [ -79.852980991313785, 36.08124800019133 ], [ -79.847546990645341, 36.076508000205365 ], [ -79.847771991594101, 36.07266499973548 ], [ -79.852662990875814, 36.069290000135936 ], [ -79.856231990920676, 36.068990000513168 ], [ -79.859175991593048, 36.070087999904672 ], [ -79.8658709912701, 36.070423000239245 ] ] ] } },
{ "type": "Feature", "properties": { "county": null, "precinct": null, "enr_desc": "G37", "winner": null, "winner_votes": null, "winner_share": null, "runner_up": null, "runner_up_votes": null, "runner_up_share": null, "contest_votes": null, "margin_of_victory": null, "is_tie": false, "results": null, "participated": false, "map_key": null }, "geometry": { "type": "Polygon", "coordinates": [ [ [ -79.893730990769185, 36.076515000010353 ], [ -79.897606990734829, 36.076695000344991 ], [ -79.893182991264766, 36.081785999958932 ], [ -79.885620991319911, 36.078049999614713 ], [ -79.884182991040404, 36.078376999614576 ], [ -79.879241991538436, 36.076771999995863 ], [ -79.874862990955364, 36.076560000174034 ], [ -79.872622990844789, 36.078022000344632 ], [ -79.868583991045313, 36.078978999671989 ], [ -79.864514991145199, 36.079530000064601 ], [ -79.864424991464162, 36.076443999950996 ], [ -79.866183991655021, 36.074264000366689 ], [ -79.8658709912701, 36.070423000239245 ], [ -79.873297991309798, 36.068513000288718 ], [ -79.877322991149143, 36.068601999729893 ], [ -79.883716991017934, 36.071449000334553 ], [ -79.891271991043993, 36.076138000211976 ], [ -79.893730990769185, 36.076515000010353 ] ] ] } },
{ "type": "Feature", "properties": { "county": null, "precinct": null, "enr_desc": "Cross Creek 11-G3", "winner": null, "winner_votes": null, "winner_share": null, "runner_up": null, "runner_up_votes": null, "runner_up_share": null, "contest_votes": null, "margin_of_victory": null, "is_tie": false, "results": null, "participated": false, "map_key": null }, "geometry": { "type": "Polygon", "coordinates": [ [ [ -78.895512990800654, 35.020160000375903 ], [ -78.903510991134937, 35.018338000245627 ], [ -78.91141599177864, 35.017772000243085 ], [ -78.919025991128223, 35.020776000158698 ], [ -78.90832499154638, 35.02740499997779 ], [ -78.892164990870086, 35.04207300039895 ], [ -78.887405991462899, 35.04306300007574 ], [ -78.887445990805375, 35.041755000142068 ], [ -78.885518991503773, 35.040401000100076 ], [ -78.88263099136438, 35.040052000429867 ], [ -78.885459990823676, 35.033969000401719 ], [ -78.881769991720915, 35.032561000270405 ], [ -78.881463991186749, 35.033149000066331 ], [ -78.879286990752178, 35.033119999595876 ], [ -78.87829199172333, 35.032038000386812 ], [ -78.893992991018067, 35.022133999885675 ], [ -78.895512990800654, 35.020160000375903 ] ] ] } },
{ "type": "Feature", "properties": { "county": null, "precinct": null, "enr_desc": "Pearces Mill 3-G3", "winner": null, "winner_votes": null, "winner_share": null, "runner_up": null, "runner_up_votes": null, "runner_up_share": null, "contest_votes": null, "margin_of_victory": null, "is_tie": false, "results": null, "participated": false, "map_key": null }, "geometry": { "type": "Polygon", "coordinates": [ [ [ -78.848026990740351, 34.981740000346925 ], [ -78.84574699154274, 34.977559999802217 ], [ -78.842162991476712, 34.974681000303889 ], [ -78.82656899114933, 34.968821999735013 ], [ -78.820437991185912, 34.96780699954919 ], [ -78.820195991118553, 34.967164000234646 ], [ -78.821007990791117, 34.966798999852074 ], [ -78.825630991470533, 34.967670999541923 ], [ -78.826275991563548, 34.96694799959117 ], [ -78.82635799124408, 34.963099999944134 ], [ -78.828063991064013, 34.962802999801823 ], [ -78.829841991728429, 34.963692000318844 ], [ -78.832428990746394, 34.962052999573011 ], [ -78.83224499111013, 34.960658999987132 ], [ -78.836077991640295, 34.960415000401809 ], [ -78.83722899138229, 34.959092999804426 ], [ -78.840272991676301, 34.958259000267262 ], [ -78.843194991511936, 34.956000999774879 ], [ -78.845571991589424, 34.956800000221669 ], [ -78.850541991077293, 34.954289999570626 ], [ -78.855354991239096, 34.953966000256415 ], [ -78.85614899165995, 34.953302999807931 ], [ -78.85745999117195, 34.954037999716078 ], [ -78.860915990897283, 34.952376000100287 ], [ -78.862897991369124, 34.953585000097995 ], [ -78.863389991510758, 34.952141999815673 ], [ -78.862565990993048, 34.951296999874977 ], [ -78.863420990905155, 34.950690000202314 ], [ -78.864103991724917, 34.9536439997174 ], [ -78.865041991184782, 34.953800000254645 ], [ -78.866088991151074, 34.953015999774578 ], [ -78.866572991105713, 34.950955999593759 ], [ -78.867321990922576, 34.95104399972621 ], [ -78.869881991723034, 34.95159700032508 ], [ -78.870595990969449, 34.953238999776268 ], [ -78.871698990970742, 34.952995999901098 ], [ -78.871722991754481, 34.951274999575773 ], [ -78.872779991531431, 34.951201999587141 ], [ -78.872994991169875, 34.952317999915351 ], [ -78.876750991118612, 34.954661000220781 ], [ -78.877457991452346, 34.953948000134922 ], [ -78.876551991320582, 34.953067999580526 ], [ -78.877872990915307, 34.952851000355977 ], [ -78.878695991782521, 34.954673999764296 ], [ -78.880254991313663, 34.955301000004724 ], [ -78.88144299082613, 34.955049000311476 ], [ -78.880296991533754, 34.954049000413356 ], [ -78.880697990927317, 34.953368999963303 ], [ -78.882495991813272, 34.954555999961364 ], [ -78.882710991466297, 34.953316000072782 ], [ -78.884691991638391, 34.953603999896679 ], [ -78.886600991703574, 34.954714000351089 ], [ -78.88718699121064, 34.956020999928079 ], [ -78.889211990826908, 34.956814000274143 ], [ -78.888601991191933, 34.959084999599305 ], [ -78.890689991196609, 34.957907000022146 ], [ -78.892168991083892, 34.958572000292556 ], [ -78.893789991539876, 34.957908999694446 ], [ -78.889605991143014, 34.962061999845524 ], [ -78.892934991482221, 34.964735999850511 ], [ -78.893289991023011, 34.971440000168052 ], [ -78.897755991700308, 34.973418999926977 ], [ -78.906844991699813, 34.981580000207877 ], [ -78.904013991661174, 34.986915000352823 ], [ -78.903624991673979, 34.991047000345937 ], [ -78.89945799139565, 35.000280000167542 ], [ -78.898911991493392, 35.006056999653957 ], [ -78.897483990741264, 35.009450000156917 ], [ -78.895512990800654, 35.020160000375903 ], [ -78.893992991018067, 35.022133999885675 ], [ -78.87829199172333, 35.032038000386812 ], [ -78.876876991614267, 35.032915999668873 ], [ -78.872027990852771, 35.029559000337969 ], [ -78.859845990923503, 35.03216400021148 ], [ -78.859178991067097, 35.024014999892977 ], [ -78.853696990725567, 35.008739999942094 ], [ -78.850880990956071, 35.004355999902593 ], [ -78.850047991392614, 34.997764999823382 ], [ -78.85065599133425, 34.991780999773312 ], [ -78.848026990740351, 34.981740000346925 ] ] ] } },
{ "type": "Feature", "properties": { "county": null, "precinct": null, "enr_desc": "G40A1", "winner": null, "winner_votes": null, "winner_share": null, "runner_up": null, "runner_up_votes": null, "runner_up_share": null, "contest_votes": null, "margin_of_victory": null, "is_tie": false, "results": null, "participated": false, "map_key": null }, "geometry": { "type": "Polygon", "coordinates": [ [ [ -79.888165991642182, 36.104568000338382 ], [ -79.887967990756039, 36.104778999985825 ], [ -79.88384299140921, 36.10735400032344 ], [ -79.881892991070472, 36.111210999763117 ], [ -79.87782599164467, 36.115629000166273 ], [ -79.883447991060066, 36.116500999790908 ], [ -79.891911991451892, 36.116524999928259 ], [ -79.891912990831813, 36.117347999635193 ], [ -79.889808991312563, 36.117080000148448 ], [ -79.885709990868932, 36.119309999950111 ], [ -79.884208991309094, 36.121390000105826 ], [ -79.879665990738673, 36.129979000172966 ], [ -79.875084991390253, 36.129682000134252 ], [ -79.871426991149889, 36.130371000239457 ], [ -79.870261990756461, 36.125188999791973 ], [ -79.871222990902822, 36.122946000024378 ], [ -79.869115991548057, 36.119096000431426 ], [ -79.872371991030775, 36.117482000258612 ], [ -79.871805991594726, 36.116477999905015 ], [ -79.868789991146869, 36.112783000257608 ], [ -79.868455991297864, 36.109425000331719 ], [ -79.870004990719053, 36.105750000325322 ], [ -79.870550990638307, 36.104594000397967 ], [ -79.872810990908675, 36.105151000462676 ], [ -79.872917990971104, 36.101113000156879 ], [ -79.878839991312176, 36.101368000279024 ], [ -79.87886499060977, 36.102358000375666 ], [ -79.882356991283459, 36.103036000098932 ], [ -79.881615991253653, 36.10412600035194 ], [ -79.888165991642182, 36.104568000338382 ] ] ] } },
{ "type": "Feature", "properties": { "county": null, "precinct": null, "enr_desc": "G40A2", "winner": null, "winner_votes": null, "winner_share": null, "runner_up": null, "runner_up_votes": null, "runner_up_share": null, "contest_votes": null, "margin_of_victory": null, "is_tie": false, "results": null, "participated": false, "map_key": null }, "geometry": { "type": "Polygon", "coordinates": [ [ [ -79.884208991309094, 36.121390000105826 ], [ -79.88593499092859, 36.121405000423387 ], [ -79.888038991397281, 36.122869999883193 ], [ -79.890343991128944, 36.127054999958823 ], [ -79.890152990614126, 36.129352000184795 ], [ -79.888164990829864, 36.129657000192132 ], [ -79.887745991394766, 36.132207999648756 ], [ -79.886961991224226, 36.132160000403125 ], [ -79.886571991525116, 36.137485000464181 ], [ -79.870871990663261, 36.137663999861822 ], [ -79.870923990694536, 36.139871999765539 ], [ -79.864911991111725, 36.141106999637913 ], [ -79.860751990911496, 36.1366670001184 ], [ -79.865774991143439, 36.136314000100619 ], [ -79.868761990985817, 36.135146999644 ], [ -79.869885990960512, 36.134279000465341 ], [ -79.869835991307951, 36.131229000136258 ], [ -79.871426991149889, 36.130371000239457 ], [ -79.875084991390253, 36.129682000134252 ], [ -79.879665990738673, 36.129979000172966 ], [ -79.884208991309094, 36.121390000105826 ] ] ] } },
{ "type": "Feature", "properties": { "county": null, "precinct": null, "enr_desc": "G40B", "winner": null, "winner_votes": null, "winner_share": null, "runner_up": null, "runner_up_votes": null, "runner_up_share": null, "contest_votes": null, "margin_of_victory": null, "is_tie": false, "results": null, "participated": false, "map_key": null }, "geometry": { "type": "Polygon", "coordinates": [ [ [ -79.871426991149889, 36.130371000239457 ], [ -79.869835991307951, 36.131229000136258 ], [ -79.869885990960512, 36.134279000465341 ], [ -79.868761990985817, 36.135146999644 ], [ -79.865774991143439, 36.136314000100619 ], [ -79.860751990911496, 36.1366670001184 ], [ -79.860036990887579, 36.135904000435168 ], [ -79.854131990635622, 36.129985000078982 ], [ -79.857586991640346, 36.129079000046481 ], [ -79.862116991487767, 36.125437000339055 ], [ -79.858322991618181, 36.124013999934533 ], [ -79.858599991640816, 36.120874000211778 ], [ -79.85771699122391, 36.119129000479894 ], [ -79.85879299119388, 36.117901000373571 ], [ -79.865188991231946, 36.118335000041974 ], [ -79.871805991594726, 36.116477999905015 ], [ -79.872371991030775, 36.117482000258612 ], [ -79.869115991548057, 36.119096000431426 ], [ -79.871222990902822, 36.122946000024378 ], [ -79.870261990756461, 36.125188999791973 ], [ -79.871426991149889, 36.130371000239457 ] ] ] } },
{ "type": "Feature", "properties": { "county": null, "precinct": null, "enr_desc": "G47", "winner": null, "winner_votes": null, "winner_share": null, "runner_up": null, "runner_up_votes": null, "runner_up_share": null, "contest_votes": null, "margin_of_victory": null, "is_tie": false, "results": null, "participated": false, "map_key": null }, "geometry": { "type": "Polygon", "coordinates": [ [ [ -79.811114990949207, 36.047393000012661 ], [ -79.811908990707309, 36.045837999676607 ], [ -79.817424990615905, 36.041941000412649 ], [ -79.819548990721131, 36.046144000237689 ], [ -79.819406990903403, 36.049704999867231 ], [ -79.821187990928436, 36.051946999934458 ], [ -79.819942991328702, 36.055222000026852 ], [ -79.819387990612341, 36.062175999785417 ], [ -79.819089990963164, 36.062512000095829 ], [ -79.80515899080892, 36.064301999708022 ], [ -79.805003991360891, 36.063583000036843 ], [ -79.803215991261183, 36.06381500037606 ], [ -79.803492990685882, 36.057596000020126 ], [ -79.80267299065018, 36.057242999658861 ], [ -79.811114990949207, 36.047393000012661 ] ] ] } },
{ "type": "Feature", "properties": { "county": null, "precinct": null, "enr_desc": "G41A", "winner": null, "winner_votes": null, "winner_share": null, "runner_up": null, "runner_up_votes": null, "runner_up_share": null, "contest_votes": null, "margin_of_victory": null, "is_tie": false, "results": null, "participated": false, "map_key": null }, "geometry": { "type": "Polygon", "coordinates": [ [ [ -79.910899991102042, 36.102025000439632 ], [ -79.909816990744901, 36.10461900020335 ], [ -79.9102409908688, 36.108307999630249 ], [ -79.908137991555009, 36.10987300019768 ], [ -79.909400990716065, 36.11201499985485 ], [ -79.908266990934095, 36.114275999983114 ], [ -79.905735991655632, 36.116223999761267 ], [ -79.901429991428742, 36.115468000041645 ], [ -79.896050990755441, 36.116709000305988 ], [ -79.897411991508193, 36.115284000109177 ], [ -79.900047990658123, 36.114598000179264 ], [ -79.899081991205435, 36.113263999627279 ], [ -79.903240991612307, 36.107413000321912 ], [ -79.901874991282099, 36.106564000442233 ], [ -79.899959991676283, 36.107420000114431 ], [ -79.899504990655302, 36.105030000280877 ], [ -79.898349990999677, 36.104259000182807 ], [ -79.894219991034802, 36.102971000163429 ], [ -79.895549990770746, 36.105986999816423 ], [ -79.895677990836361, 36.10849700017615 ], [ -79.894227990633553, 36.108484999693395 ], [ -79.894250991399076, 36.107467000349054 ], [ -79.892235990903146, 36.107361999928372 ], [ -79.891972990602028, 36.10635200051167 ], [ -79.887967990756039, 36.104778999985825 ], [ -79.888165991642182, 36.104568000338382 ], [ -79.89181299142065, 36.099866999621533 ], [ -79.893136991578487, 36.099234000111679 ], [ -79.899172991050634, 36.099341000350748 ], [ -79.903324991495168, 36.098713000458552 ], [ -79.910899991102042, 36.102025000439632 ] ] ] } },
{ "type": "Feature", "properties": { "county": null, "precinct": null, "enr_desc": "G48", "winner": null, "winner_votes": null, "winner_share": null, "runner_up": null, "runner_up_votes": null, "runner_up_share": null, "contest_votes": null, "margin_of_victory": null, "is_tie": false, "results": null, "participated": false, "map_key": null }, "geometry": { "type": "Polygon", "coordinates": [ [ [ -79.819089990963164, 36.062512000095829 ], [ -79.819387990612341, 36.062175999785417 ], [ -79.823914991446301, 36.061720000471233 ], [ -79.844275990902915, 36.059431000444398 ], [ -79.850458990824023, 36.060146999719706 ], [ -79.851912991355206, 36.060509999650264 ], [ -79.851550990946578, 36.062698999753479 ], [ -79.853192990973255, 36.062987999985133 ], [ -79.852965991460238, 36.063695999714703 ], [ -79.84818999127971, 36.064778999977982 ], [ -79.848013991558659, 36.069149999873467 ], [ -79.826435991374112, 36.068751000106602 ], [ -79.818823991411548, 36.068605999714954 ], [ -79.819089990963164, 36.062512000095829 ] ] ] } },
{ "type": "Feature", "properties": { "county": null, "precinct": null, "enr_desc": "G41B", "winner": null, "winner_votes": null, "winner_share": null, "runner_up": null, "runner_up_votes": null, "runner_up_share": null, "contest_votes": null, "margin_of_victory": null, "is_tie": false, "results": null, "participated": false, "map_key": null }, "geometry": { "type": "Polygon", "coordinates": [ [ [ -79.905735991655632, 36.116223999761267 ], [ -79.898358990646003, 36.122111999735111 ], [ -79.898235991218115, 36.121368000497014 ], [ -79.895767990726284, 36.120517000338872 ], [ -79.893561991246841, 36.121752999941592 ], [ -79.891790991490666, 36.12074499995704 ], [ -79.885709990868932, 36.119309999950111 ], [ -79.889808991312563, 36.117080000148448 ], [ -79.891912990831813, 36.117347999635193 ], [ -79.891911991451892, 36.116524999928259 ], [ -79.883447991060066, 36.116500999790908 ], [ -79.87782599164467, 36.115629000166273 ], [ -79.881892991070472, 36.111210999763117 ], [ -79.88384299140921, 36.10735400032344 ], [ -79.887967990756039, 36.104778999985825 ], [ -79.891972990602028, 36.10635200051167 ], [ -79.892235990903146, 36.107361999928372 ], [ -79.894250991399076, 36.107467000349054 ], [ -79.894227990633553, 36.108484999693395 ], [ -79.895677990836361, 36.10849700017615 ], [ -79.895549990770746, 36.105986999816423 ], [ -79.894219991034802, 36.102971000163429 ], [ -79.898349990999677, 36.104259000182807 ], [ -79.899504990655302, 36.105030000280877 ], [ -79.899959991676283, 36.107420000114431 ], [ -79.901874991282099, 36.106564000442233 ], [ -79.903240991612307, 36.107413000321912 ], [ -79.899081991205435, 36.113263999627279 ], [ -79.900047990658123, 36.114598000179264 ], [ -79.897411991508193, 36.115284000109177 ], [ -79.896050990755441, 36.116709000305988 ], [ -79.901429991428742, 36.115468000041645 ], [ -79.905735991655632, 36.116223999761267 ] ] ] } },
{ "type": "Feature", "properties": { "county": null, "precinct": null, "enr_desc": "G42A", "winner": null, "winner_votes": null, "winner_share": null, "runner_up": null, "runner_up_votes": null, "runner_up_share": null, "contest_votes": null, "margin_of_victory": null, "is_tie": false, "results": null, "participated": false, "map_key": null }, "geometry": { "type": "Polygon", "coordinates": [ [ [ -79.928412990621254, 36.087020000080919 ], [ -79.932976991226326, 36.086657000192936 ], [ -79.934640991047672, 36.089337000293995 ], [ -79.933385990902977, 36.093117000325904 ], [ -79.9262349911169, 36.098915000298796 ], [ -79.918859990674136, 36.101020000436321 ], [ -79.910899991102042, 36.102025000439632 ], [ -79.903324991495168, 36.098713000458552 ], [ -79.899172991050634, 36.099341000350748 ], [ -79.898886991496354, 36.094890999838796 ], [ -79.902247990638642, 36.092498999644143 ], [ -79.901424991065525, 36.091717999877545 ], [ -79.900820990770185, 36.087550999762513 ], [ -79.916178991518379, 36.089441999843515 ], [ -79.928412990621254, 36.087020000080919 ] ] ] } },
{ "type": "Feature", "properties": { "county": null, "precinct": null, "enr_desc": "Cross Creek 20-G4", "winner": null, "winner_votes": null, "winner_share": null, "runner_up": null, "runner_up_votes": null, "runner_up_share": null, "contest_votes": null, "margin_of_victory": null, "is_tie": false, "results": null, "participated": false, "map_key": null }, "geometry": { "type": "Polygon", "coordinates": [ [ [ -78.949112991357708, 35.017665000194242 ], [ -78.951593990833217, 35.021278999835481 ], [ -78.948906991561145, 35.019322999776875 ], [ -78.94764399157549, 35.021978999550576 ], [ -78.943111991504452, 35.026654000264706 ], [ -78.94243399136198, 35.025687000041749 ], [ -78.93466499143419, 35.02953999992026 ], [ -78.930414991385149, 35.030751999857848 ], [ -78.922696991115643, 35.022938999755027 ], [ -78.919025991128223, 35.020776000158698 ], [ -78.923409990892438, 35.017082999756902 ], [ -78.950528991474954, 35.010541999750295 ], [ -78.950622991249503, 35.011749999992851 ], [ -78.949020990792619, 35.012590999772286 ], [ -78.949735991148899, 35.013982999969748 ], [ -78.94786299140145, 35.01596699995676 ], [ -78.947920991212882, 35.017018000058989 ], [ -78.949112991357708, 35.017665000194242 ] ] ] } },
{ "type": "Feature", "properties": { "county": null, "precinct": null, "enr_desc": "Pearces Mill 4-G4", "winner": null, "winner_votes": null, "winner_share": null, "runner_up": null, "runner_up_votes": null, "runner_up_share": null, "contest_votes": null, "margin_of_victory": null, "is_tie": false, "results": null, "participated": false, "map_key": null }, "geometry": { "type": "Polygon", "coordinates": [ [ [ -78.950528991474954, 35.010541999750295 ], [ -78.923409990892438, 35.017082999756902 ], [ -78.934650991425769, 34.999773000105478 ], [ -78.936714991112098, 35.000331000347821 ], [ -78.93836399083564, 34.999534000418393 ], [ -78.951993991289271, 35.000257000209395 ], [ -78.959921990969065, 35.00178500040937 ], [ -78.958922991089253, 35.003291000247835 ], [ -78.954547991155039, 35.004187999980012 ], [ -78.95181299103065, 35.005791000125477 ], [ -78.95203799178563, 35.008593000235358 ], [ -78.950604990861279, 35.009332999849036 ], [ -78.950528991474954, 35.010541999750295 ] ] ] } },
{ "type": "Feature", "properties": { "county": null, "precinct": null, "enr_desc": "G51", "winner": null, "winner_votes": null, "winner_share": null, "runner_up": null, "runner_up_votes": null, "runner_up_share": null, "contest_votes": null, "margin_of_victory": null, "is_tie": false, "results": null, "participated": false, "map_key": null }, "geometry": { "type": "Polygon", "coordinates": [ [ [ -79.819762991235194, 36.035720000246506 ], [ -79.824814990921041, 36.038330000213136 ], [ -79.84072699100247, 36.044275000428726 ], [ -79.835899991235678, 36.048173000435106 ], [ -79.831413990998257, 36.055090999753084 ], [ -79.827940991090713, 36.058108000156459 ], [ -79.826921991567502, 36.060143999915034 ], [ -79.823914991446301, 36.061720000471233 ], [ -79.819387990612341, 36.062175999785417 ], [ -79.819942991328702, 36.055222000026852 ], [ -79.821187990928436, 36.051946999934458 ], [ -79.819406990903403, 36.049704999867231 ], [ -79.819548990721131, 36.046144000237689 ], [ -79.817424990615905, 36.041941000412649 ], [ -79.819762991235194, 36.035720000246506 ] ] ] } },
{ "type": "Feature", "properties": { "county": null, "precinct": null, "enr_desc": "G52", "winner": null, "winner_votes": null, "winner_share": null, "runner_up": null, "runner_up_votes": null, "runner_up_share": null, "contest_votes": null, "margin_of_victory": null, "is_tie": false, "results": null, "participated": false, "map_key": null }, "geometry": { "type": "Polygon", "coordinates": [ [ [ -79.782153991209796, 36.038678999660078 ], [ -79.79140999082243, 36.035936000324554 ], [ -79.800866991667377, 36.033967000226724 ], [ -79.810066991288437, 36.031966999657371 ], [ -79.814841991081309, 36.033173999713057 ], [ -79.819762991235194, 36.035720000246506 ], [ -79.817424990615905, 36.041941000412649 ], [ -79.811908990707309, 36.045837999676607 ], [ -79.811114990949207, 36.047393000012661 ], [ -79.79155699119066, 36.0459150003839 ], [ -79.791520991057666, 36.048848999981111 ], [ -79.787448990656117, 36.048215999958458 ], [ -79.786709991492316, 36.043287999866202 ], [ -79.782153991209796, 36.038678999660078 ] ] ] } },
{ "type": "Feature", "properties": { "county": null, "precinct": null, "enr_desc": "G53", "winner": null, "winner_votes": null, "winner_share": null, "runner_up": null, "runner_up_votes": null, "runner_up_share": null, "contest_votes": null, "margin_of_victory": null, "is_tie": false, "results": null, "participated": false, "map_key": null }, "geometry": { "type": "Polygon", "coordinates": [ [ [ -79.804315991498058, 36.017429999708277 ], [ -79.80268599164188, 36.022085000069495 ], [ -79.800866991667377, 36.033967000226724 ], [ -79.79140999082243, 36.035936000324554 ], [ -79.791381991657445, 36.033796000448319 ], [ -79.788344991440326, 36.031907999761451 ], [ -79.784217991126994, 36.031928999665205 ], [ -79.785229990740007, 36.029007000018694 ], [ -79.786830991008017, 36.025603999640317 ], [ -79.788725991504236, 36.024324000153285 ], [ -79.790458991061485, 36.021065999805622 ], [ -79.790005991063126, 36.018647999687076 ], [ -79.788910990950598, 36.017415999782138 ], [ -79.789297991595248, 36.016102000089113 ], [ -79.784913990883055, 36.008987000302156 ], [ -79.790648991409739, 36.009063000340127 ], [ -79.790909991584641, 36.006773000147113 ], [ -79.79322199067596, 36.006778999732965 ], [ -79.791889991632374, 36.003416000119344 ], [ -79.792125990904765, 36.000816000282512 ], [ -79.800414991144265, 36.000417000336704 ], [ -79.800709991698142, 36.003481000292602 ], [ -79.803981990604427, 36.003296999689603 ], [ -79.805931991677284, 36.001496999947911 ], [ -79.806288991353668, 36.004282000100318 ], [ -79.804636990914602, 36.011437000415448 ], [ -79.804315991498058, 36.017429999708277 ] ] ] } },
{ "type": "Feature", "properties": { "county": null, "precinct": null, "enr_desc": "G54", "winner": null, "winner_votes": null, "winner_share": null, "runner_up": null, "runner_up_votes": null, "runner_up_share": null, "contest_votes": null, "margin_of_victory": null, "is_tie": false, "results": null, "participated": false, "map_key": null }, "geometry": { "type": "Polygon", "coordinates": [ [ [ -79.804315991498058, 36.017429999708277 ], [ -79.814767990855827, 36.017048999620513 ], [ -79.826241990809734, 36.021075000011713 ], [ -79.825873991201732, 36.023836000192297 ], [ -79.823812991350792, 36.027971999632676 ], [ -79.819762991235194, 36.035720000246506 ], [ -79.814841991081309, 36.033173999713057 ], [ -79.810066991288437, 36.031966999657371 ], [ -79.800866991667377, 36.033967000226724 ], [ -79.80268599164188, 36.022085000069495 ], [ -79.804315991498058, 36.017429999708277 ] ] ] } },
{ "type": "Feature", "properties": { "county": null, "precinct": null, "enr_desc": "G59", "winner": null, "winner_votes": null, "winner_share": null, "runner_up": null, "runner_up_votes": null, "runner_up_share": null, "contest_votes": null, "margin_of_victory": null, "is_tie": false, "results": null, "participated": false, "map_key": null }, "geometry": { "type": "Polygon", "coordinates": [ [ [ -79.858228990659541, 36.014661000259792 ], [ -79.859641990771991, 36.015635999997052 ], [ -79.859529991167221, 36.017638999935265 ], [ -79.860279991377155, 36.018060000387486 ], [ -79.855270991186572, 36.021561000136053 ], [ -79.85574699150034, 36.025770000118946 ], [ -79.850634990702829, 36.028146000364693 ], [ -79.848851991268177, 36.030554999918103 ], [ -79.846908991109501, 36.02450400035432 ], [ -79.839301990866275, 36.024473999665162 ], [ -79.839977990702792, 36.016634000055767 ], [ -79.842106991600033, 36.014016000124165 ], [ -79.839827991142542, 36.011180999633915 ], [ -79.846212990736063, 36.008038000495766 ], [ -79.846241991610455, 36.011614999708527 ], [ -79.852612990846424, 36.011760000204049 ], [ -79.852410991368075, 36.01336199963486 ], [ -79.858228990659541, 36.014661000259792 ] ] ] } },
{ "type": "Feature", "properties": { "county": "CUMBERLAND", "precinct": "G5A-1", "enr_desc": "Auman-G5A-1", "winner": "Richard N. Ojeda II", "winner_votes": 150.0, "winner_share": 34.562211981566819, "runner_up": "Nigel W. Bristow", "runner_up_votes": 120.0, "runner_up_share": 27.649769585253459, "contest_votes": 434.0, "margin_of_victory": 6.9124423963133594, "is_tie": false, "results": [ { "candidate": "Richard N. Ojeda II", "votes": 150, "share": 34.56221198156682 }, { "candidate": "Nigel W. Bristow", "votes": 120, "share": 27.64976958525346 }, { "candidate": "Lent C. Carr II", "votes": 82, "share": 18.89400921658986 }, { "candidate": "Loren Bibler", "votes": 82, "share": 18.89400921658986 } ], "participated": true, "map_key": "CUMBERLAND_G5A-1" }, "geometry": { "type": "Polygon", "coordinates": [ [ [ -79.007878991728148, 35.015801999857935 ], [ -79.012824991753703, 35.012087000127515 ], [ -79.016151991037646, 35.010643999553928 ], [ -79.017635991191142, 35.01335599987442 ], [ -79.020529991324096, 35.015381000258841 ], [ -79.021745991375511, 35.015431999895036 ], [ -79.023671991536943, 35.017824999688472 ], [ -79.025192991061886, 35.018493000082586 ], [ -79.024700990934178, 35.020470000271175 ], [ -79.022500990742529, 35.02219600013958 ], [ -79.019776991619963, 35.022085999978486 ], [ -79.019541991148643, 35.027195000368465 ], [ -79.018046991115824, 35.027283999954811 ], [ -79.018963991574395, 35.035186999819231 ], [ -79.007388991598987, 35.03756699991596 ], [ -78.997448991232616, 35.040153000054779 ], [ -78.997524991443626, 35.033141000323923 ], [ -79.001347991107579, 35.027929999937818 ], [ -79.002477991115228, 35.024286999863776 ], [ -79.002461991358985, 35.020076999740198 ], [ -79.007878991728148, 35.015801999857935 ] ] ] } },
{ "type": "Feature", "properties": { "county": "CUMBERLAND", "precinct": "G5A-2", "enr_desc": "Auman-G5A-2", "winner": "Richard N. Ojeda II", "winner_votes": 118.0, "winner_share": 31.05263157894737, "runner_up": "Nigel W. Bristow", "runner_up_votes": 108.0, "runner_up_share": 28.421052631578945, "contest_votes": 380.0, "margin_of_victory": 2.6315789473684248, "is_tie": false, "results": [ { "candidate": "Richard N. Ojeda II", "votes": 118, "share": 31.05263157894737 }, { "candidate": "Nigel W. Bristow", "votes": 108, "share": 28.421052631578945 }, { "candidate": "Lent C. Carr II", "votes": 88, "share": 23.157894736842106 }, { "candidate": "Loren Bibler", "votes": 66, "share": 17.36842105263158 } ], "participated": true, "map_key": "CUMBERLAND_G5A-2" }, "geometry": { "type": "Polygon", "coordinates": [ [ [ -79.0492259911654, 35.006995000095294 ], [ -79.052241991804891, 35.003131000380193 ], [ -79.0568309912655, 34.999823999817139 ], [ -79.057525991011772, 35.001596000202042 ], [ -79.060654990806341, 35.004609999899593 ], [ -79.061937990866468, 35.009114999654791 ], [ -79.067048991580123, 35.012637000379513 ], [ -79.06964299156418, 35.013266999633423 ], [ -79.071390991482346, 35.014510000106142 ], [ -79.072255991427355, 35.018008999858885 ], [ -79.083185991352423, 35.032660000373397 ], [ -79.081691990869132, 35.03269799988103 ], [ -79.077107991425478, 35.032864000004047 ], [ -79.045896991743533, 35.030031999785272 ], [ -79.041645991706588, 35.030999000096045 ], [ -79.03113999149528, 35.033396999923454 ], [ -79.023146991406776, 35.033749999710722 ], [ -79.018963991574395, 35.035186999819231 ], [ -79.018046991115824, 35.027283999954811 ], [ -79.019541991148643, 35.027195000368465 ], [ -79.019776991619963, 35.022085999978486 ], [ -79.022500990742529, 35.02219600013958 ], [ -79.024700990934178, 35.020470000271175 ], [ -79.025192991061886, 35.018493000082586 ], [ -79.023671991536943, 35.017824999688472 ], [ -79.021745991375511, 35.015431999895036 ], [ -79.020529991324096, 35.015381000258841 ], [ -79.017635991191142, 35.01335599987442 ], [ -79.016151991037646, 35.010643999553928 ], [ -79.025477991597825, 35.00955099956802 ], [ -79.029578991426575, 35.010331000288701 ], [ -79.034466991486084, 35.005929000259044 ], [ -79.0492259911654, 35.006995000095294 ] ] ] } },
{ "type": "Feature", "properties": { "county": "CUMBERLAND", "precinct": "G5B-1", "enr_desc": "Cross Creek 28-G5B-1", "winner": "Richard N. Ojeda II", "winner_votes": 148.0, "winner_share": 32.38512035010941, "runner_up": "Nigel W. Bristow", "runner_up_votes": 137.0, "runner_up_share": 29.978118161925604, "contest_votes": 457.0, "margin_of_victory": 2.4070021881838066, "is_tie": false, "results": [ { "candidate": "Richard N. Ojeda II", "votes": 148, "share": 32.38512035010941 }, { "candidate": "Nigel W. Bristow", "votes": 137, "share": 29.978118161925604 }, { "candidate": "Lent C. Carr II", "votes": 94, "share": 20.568927789934357 }, { "candidate": "Loren Bibler", "votes": 78, "share": 17.067833698030636 } ], "participated": true, "map_key": "CUMBERLAND_G5B-1" }, "geometry": { "type": "Polygon", "coordinates": [ [ [ -78.997448991232616, 35.040153000054779 ], [ -79.007388991598987, 35.03756699991596 ], [ -79.007772990846973, 35.045101000097787 ], [ -79.011207991326103, 35.050190999747635 ], [ -79.004201991508126, 35.053849999947673 ], [ -79.002563990896078, 35.058178999995235 ], [ -78.983486991216225, 35.058894000253289 ], [ -78.980067990810625, 35.057534000398853 ], [ -78.980598990959805, 35.055556000438109 ], [ -78.97984899136766, 35.054563999922991 ], [ -78.980515991486797, 35.052218000049869 ], [ -78.97946499163703, 35.05022300039272 ], [ -78.979908991441988, 35.046462000071763 ], [ -78.97779699071981, 35.044294000304689 ], [ -78.983566991290289, 35.044035999866033 ], [ -78.997448991232616, 35.040153000054779 ] ] ] } },
{ "type": "Feature", "properties": { "county": "CUMBERLAND", "precinct": "G5C", "enr_desc": "Brentwood-G5", "winner": "Nigel W. Bristow", "winner_votes": 68.0, "winner_share": 31.481481481481481, "runner_up": "Richard N. Ojeda II", "runner_up_votes": 54.0, "runner_up_share": 25.0, "contest_votes": 216.0, "margin_of_victory": 6.481481481481481, "is_tie": false, "results": [ { "candidate": "Nigel W. Bristow", "votes": 68, "share": 31.48148148148148 }, { "candidate": "Richard N. Ojeda II", "votes": 54, "share": 25.0 }, { "candidate": "Loren Bibler", "votes": 52, "share": 24.074074074074073 }, { "candidate": "Lent C. Carr II", "votes": 42, "share": 19.444444444444446 } ], "participated": true, "map_key": "CUMBERLAND_G5C" }, "geometry": { "type": "Polygon", "coordinates": [ [ [ -78.971265991764781, 35.024244000269235 ], [ -78.973279991063322, 35.02052700028981 ], [ -78.977471990949965, 35.021836000342802 ], [ -78.979976991435379, 35.024194000201767 ], [ -78.981368991715655, 35.02837999993141 ], [ -78.983043991663379, 35.028535999557903 ], [ -78.98347199105757, 35.031312000252029 ], [ -78.985155991723886, 35.033463999952133 ], [ -78.990166990798187, 35.032229999851914 ], [ -78.997524991443626, 35.033141000323923 ], [ -78.997448991232616, 35.040153000054779 ], [ -78.983566991290289, 35.044035999866033 ], [ -78.97779699071981, 35.044294000304689 ], [ -78.974190991743356, 35.035738999615369 ], [ -78.972062991687793, 35.034074999693566 ], [ -78.972773991620059, 35.030694000073268 ], [ -78.97094999102795, 35.026230000066704 ], [ -78.971265991764781, 35.024244000269235 ] ] ] } },
{ "type": "Feature", "properties": { "county": null, "precinct": null, "enr_desc": "G60", "winner": null, "winner_votes": null, "winner_share": null, "runner_up": null, "runner_up_votes": null, "runner_up_share": null, "contest_votes": null, "margin_of_victory": null, "is_tie": false, "results": null, "participated": false, "map_key": null }, "geometry": { "type": "Polygon", "coordinates": [ [ [ -79.858228990659541, 36.014661000259792 ], [ -79.866218991281428, 36.015406000015538 ], [ -79.867181990662814, 36.024990999654833 ], [ -79.866685991244069, 36.025654999753407 ], [ -79.867882991410156, 36.026233999646891 ], [ -79.867053991390435, 36.029016999965457 ], [ -79.868328990766202, 36.027691999975303 ], [ -79.869146990876303, 36.028064999841881 ], [ -79.869594991292971, 36.02862599990334 ], [ -79.868576991360939, 36.029786000469016 ], [ -79.866156990593325, 36.033879999754078 ], [ -79.861550991015164, 36.037023000400055 ], [ -79.862366991563377, 36.044355999800658 ], [ -79.856590991690354, 36.048220999700028 ], [ -79.849449990821896, 36.046589999963807 ], [ -79.850454990792542, 36.044930999816053 ], [ -79.849804990727435, 36.03978700039837 ], [ -79.858545990744219, 36.037435000481111 ], [ -79.856129990668308, 36.032953999868461 ], [ -79.849991991035324, 36.033132000345098 ], [ -79.848851991268177, 36.030554999918103 ], [ -79.850634990702829, 36.028146000364693 ], [ -79.85574699150034, 36.025770000118946 ], [ -79.855270991186572, 36.021561000136053 ], [ -79.860279991377155, 36.018060000387486 ], [ -79.859529991167221, 36.017638999935265 ], [ -79.859641990771991, 36.015635999997052 ], [ -79.858228990659541, 36.014661000259792 ] ] ] } },
{ "type": "Feature", "properties": { "county": null, "precinct": null, "enr_desc": "G72", "winner": null, "winner_votes": null, "winner_share": null, "runner_up": null, "runner_up_votes": null, "runner_up_share": null, "contest_votes": null, "margin_of_victory": null, "is_tie": false, "results": null, "participated": false, "map_key": null }, "geometry": { "type": "Polygon", "coordinates": [ [ [ -79.754592991272787, 36.075933999855749 ], [ -79.740381991616275, 36.084066999672977 ], [ -79.731556991558193, 36.085895999738227 ], [ -79.726570991626105, 36.086066000405978 ], [ -79.726266991013162, 36.085319999930704 ], [ -79.728069990641615, 36.085147999926896 ], [ -79.727430991443569, 36.081832999944474 ], [ -79.725789991443079, 36.081797000076101 ], [ -79.72630199090446, 36.078652000103496 ], [ -79.729692991442789, 36.078612000233306 ], [ -79.731187991008724, 36.075766999826683 ], [ -79.73036399125921, 36.073091999931002 ], [ -79.727310991484956, 36.069808999782452 ], [ -79.733233990857272, 36.070096000341245 ], [ -79.733264991692351, 36.069403000251008 ], [ -79.735585991255363, 36.069884000370564 ], [ -79.734911991064109, 36.068943000123433 ], [ -79.736922991396426, 36.069036000053501 ], [ -79.736807990743884, 36.06703200048991 ], [ -79.738110991460019, 36.065437000440902 ], [ -79.736422990789791, 36.063304999715236 ], [ -79.736788991674757, 36.062178000423948 ], [ -79.743066990660665, 36.063619000215375 ], [ -79.74300799131295, 36.062965000490848 ], [ -79.749420990782497, 36.062438999784369 ], [ -79.749340990638842, 36.063107000272282 ], [ -79.751763991082299, 36.062944999886064 ], [ -79.751096990809401, 36.074613000491219 ], [ -79.754592991272787, 36.075933999855749 ] ] ] } },
{ "type": "Feature", "properties": { "county": null, "precinct": null, "enr_desc": "G73", "winner": null, "winner_votes": null, "winner_share": null, "runner_up": null, "runner_up_votes": null, "runner_up_share": null, "contest_votes": null, "margin_of_victory": null, "is_tie": false, "results": null, "participated": false, "map_key": null }, "geometry": { "type": "Polygon", "coordinates": [ [ [ -79.769917991562536, 36.047066999776746 ], [ -79.776245991375632, 36.044019000036478 ], [ -79.779708990618303, 36.040047999963811 ], [ -79.782153991209796, 36.038678999660078 ], [ -79.786709991492316, 36.043287999866202 ], [ -79.787448990656117, 36.048215999958458 ], [ -79.791418990899444, 36.055317999725411 ], [ -79.789751991170689, 36.054604000208528 ], [ -79.784173990995654, 36.054544000070585 ], [ -79.780952991212359, 36.056190999701641 ], [ -79.780750991651658, 36.057965000204156 ], [ -79.778210991133719, 36.057852999884155 ], [ -79.768017991130819, 36.057392999832892 ], [ -79.768364990878979, 36.049734000332791 ], [ -79.769917991562536, 36.047066999776746 ] ] ] } },
{ "type": "Feature", "properties": { "county": null, "precinct": null, "enr_desc": "G75", "winner": null, "winner_votes": null, "winner_share": null, "runner_up": null, "runner_up_votes": null, "runner_up_share": null, "contest_votes": null, "margin_of_victory": null, "is_tie": false, "results": null, "participated": false, "map_key": null }, "geometry": { "type": "Polygon", "coordinates": [ [ [ -79.7353189908535, 36.026647000254854 ], [ -79.739372990769766, 36.025443000459916 ], [ -79.741765991223431, 36.023171999814842 ], [ -79.746008991518224, 36.024957000204218 ], [ -79.749678991470958, 36.023580000158809 ], [ -79.753385991127217, 36.024416000012266 ], [ -79.760554991665842, 36.022850000303919 ], [ -79.762206991211912, 36.026084000261314 ], [ -79.766580991049523, 36.029599000038452 ], [ -79.768369991270831, 36.02904700025848 ], [ -79.767589990848535, 36.028308000025831 ], [ -79.767725990768582, 36.025447999682434 ], [ -79.769814991471407, 36.027111000471116 ], [ -79.771685991373403, 36.02502099993216 ], [ -79.777901990960544, 36.025091000189576 ], [ -79.779661990799298, 36.029136000402737 ], [ -79.785229990740007, 36.029007000018694 ], [ -79.784217991126994, 36.031928999665205 ], [ -79.788344991440326, 36.031907999761451 ], [ -79.791381991657445, 36.033796000448319 ], [ -79.79140999082243, 36.035936000324554 ], [ -79.782153991209796, 36.038678999660078 ], [ -79.779708990618303, 36.040047999963811 ], [ -79.776245991375632, 36.044019000036478 ], [ -79.769917991562536, 36.047066999776746 ], [ -79.769211991505813, 36.046357000098965 ], [ -79.757782990964714, 36.046772999725711 ], [ -79.758254990672398, 36.045800999677795 ], [ -79.76184799158726, 36.045244000113655 ], [ -79.761979991663353, 36.042544000209759 ], [ -79.760522991621059, 36.042486000070035 ], [ -79.760582991557271, 36.041387999956058 ], [ -79.757063991652245, 36.041243999892309 ], [ -79.757701991284918, 36.040188000065633 ], [ -79.762107990717752, 36.040340999951844 ], [ -79.762095991188318, 36.039617000355008 ], [ -79.757866991296439, 36.038654999988132 ], [ -79.758812991309043, 36.036951000485992 ], [ -79.760296991164395, 36.037461999652059 ], [ -79.760926990641366, 36.036305999741273 ], [ -79.7353189908535, 36.026647000254854 ] ] ] } },
{ "type": "Feature", "properties": { "county": null, "precinct": null, "enr_desc": "Black River-G7", "winner": null, "winner_votes": null, "winner_share": null, "runner_up": null, "runner_up_votes": null, "runner_up_share": null, "contest_votes": null, "margin_of_victory": null, "is_tie": false, "results": null, "participated": false, "map_key": null }, "geometry": { "type": "Polygon", "coordinates": [ [ [ -78.735460991148997, 35.175000999531271 ], [ -78.731554991380051, 35.176993000117463 ], [ -78.729089991114591, 35.180510000282041 ], [ -78.726824991327121, 35.189612000261249 ], [ -78.722217990695214, 35.199494000165686 ], [ -78.71801899169084, 35.203751999693907 ], [ -78.711380991671021, 35.207847999956712 ], [ -78.70769099162078, 35.211983999855434 ], [ -78.705785991447456, 35.214940999532352 ], [ -78.706216991474975, 35.220296999708303 ], [ -78.705278991245848, 35.222620000132608 ], [ -78.704055990691543, 35.2242449997051 ], [ -78.697205990881727, 35.228831999683479 ], [ -78.693680990728367, 35.233861000269606 ], [ -78.693110991746209, 35.239087999835256 ], [ -78.693740990916609, 35.240930000104271 ], [ -78.701018991420057, 35.249274000421373 ], [ -78.702539990987333, 35.253609999716289 ], [ -78.702739991513312, 35.256815000323932 ], [ -78.617113991009674, 35.245717999832586 ], [ -78.616642990801438, 35.242732000130545 ], [ -78.617278991757843, 35.240766999957643 ], [ -78.615262991626039, 35.238137999569631 ], [ -78.619012990946175, 35.234062000325636 ], [ -78.618226990943882, 35.231132999521492 ], [ -78.618960990821776, 35.230263000070636 ], [ -78.618303991406691, 35.229457000237687 ], [ -78.619500991303994, 35.226927000290367 ], [ -78.621822991378778, 35.225412999908727 ], [ -78.622147991340583, 35.223435000120595 ], [ -78.623963991690133, 35.220825999773972 ], [ -78.627001991713399, 35.218526000290616 ], [ -78.630764990779582, 35.21714199954863 ], [ -78.630722991491211, 35.21578000024796 ], [ -78.633667990843392, 35.212533999635589 ], [ -78.630367991084967, 35.20806199973304 ], [ -78.628162991445436, 35.207476000222492 ], [ -78.627794991105816, 35.205840999713992 ], [ -78.625366991633868, 35.205742999969473 ], [ -78.624515991595885, 35.203418999686448 ], [ -78.626965990712506, 35.201163999837512 ], [ -78.632129991587206, 35.201121999723298 ], [ -78.634190991200938, 35.198837999845274 ], [ -78.636949991701385, 35.197886000078419 ], [ -78.642600991601341, 35.200923000397751 ], [ -78.643365990701781, 35.199456000356356 ], [ -78.645923991570584, 35.199198999747068 ], [ -78.646796991613982, 35.197704000335918 ], [ -78.64638499122411, 35.196679000146837 ], [ -78.641696991321339, 35.194230000210624 ], [ -78.640131990971312, 35.192443999848145 ], [ -78.635894991606193, 35.192012999813961 ], [ -78.639992991030013, 35.185757000317523 ], [ -78.63880899168052, 35.183853999668663 ], [ -78.638674991579492, 35.1817739995968 ], [ -78.635200991789162, 35.179688999660897 ], [ -78.634861991288972, 35.177173000368363 ], [ -78.630357991642413, 35.174042999816514 ], [ -78.629851991207275, 35.172345999751187 ], [ -78.632127991746898, 35.169891999689057 ], [ -78.635622991533438, 35.170940999537208 ], [ -78.637431991274667, 35.168055000248806 ], [ -78.638907991061103, 35.16723499975938 ], [ -78.637837991341542, 35.165150000105058 ], [ -78.632358990956362, 35.163939000132125 ], [ -78.632556990699157, 35.158645000195818 ], [ -78.6336639913375, 35.157114999933079 ], [ -78.638051991546163, 35.157374999966351 ], [ -78.639922991252178, 35.155068000366747 ], [ -78.636018991605297, 35.150766000409277 ], [ -78.635944991737233, 35.149651000306754 ], [ -78.637987991232507, 35.148430999545425 ], [ -78.636887990784672, 35.141775999973554 ], [ -78.634660991637034, 35.139913999950707 ], [ -78.63519299148021, 35.13815400040879 ], [ -78.63633599117955, 35.135878999736626 ], [ -78.637990991673149, 35.134647999714545 ], [ -78.638368991250289, 35.132644000042973 ], [ -78.641612991356098, 35.131869999670002 ], [ -78.642906991624855, 35.128002999627313 ], [ -78.644340990760199, 35.127644999631151 ], [ -78.645082990758524, 35.126255000369987 ], [ -78.648782990888762, 35.125207999968687 ], [ -78.649865991637654, 35.122539999585157 ], [ -78.652423991545035, 35.12123099961584 ], [ -78.652230991300101, 35.11978999971894 ], [ -78.664199990866067, 35.126818000041744 ], [ -78.660103991432237, 35.128708999929287 ], [ -78.664326991476585, 35.131786000214142 ], [ -78.664177991261312, 35.135156000013033 ], [ -78.667377991790715, 35.136025999562811 ], [ -78.67484599162168, 35.134294999878513 ], [ -78.68045599100796, 35.136185999975098 ], [ -78.680360991659043, 35.142278999910957 ], [ -78.678075991429878, 35.143402999699482 ], [ -78.679288990924974, 35.147102999761877 ], [ -78.676552990877695, 35.153068000284883 ], [ -78.685674990828204, 35.154700999533411 ], [ -78.691085991018937, 35.15686300010222 ], [ -78.703283991556617, 35.150075000223133 ], [ -78.709859991681071, 35.158029000157491 ], [ -78.716202990799971, 35.159287000262637 ], [ -78.713726991454777, 35.161602999736708 ], [ -78.716226991154301, 35.160146000182088 ], [ -78.7160999907926, 35.160475999538782 ], [ -78.712524991060477, 35.163065999899359 ], [ -78.71095999174581, 35.165402999912779 ], [ -78.712423990895402, 35.167646000201081 ], [ -78.713052991300259, 35.170853999726219 ], [ -78.718897991681573, 35.174996000005194 ], [ -78.715024991462613, 35.177455000397309 ], [ -78.713295991578207, 35.180984999993697 ], [ -78.713901990992909, 35.181295999928309 ], [ -78.712339991749715, 35.182275999826118 ], [ -78.709961990957652, 35.186192000027965 ], [ -78.712056991465616, 35.189278000326659 ], [ -78.721020990801804, 35.174173999750998 ], [ -78.726424990715984, 35.170168000308365 ], [ -78.73245099102671, 35.175361000405438 ], [ -78.73424299168957, 35.173956999716061 ], [ -78.735460991148997, 35.175000999531271 ] ] ] } },
{ "type": "Feature", "properties": { "county": null, "precinct": null, "enr_desc": "Cumberland 4-G8", "winner": null, "winner_votes": null, "winner_share": null, "runner_up": null, "runner_up_votes": null, "runner_up_share": null, "contest_votes": null, "margin_of_victory": null, "is_tie": false, "results": null, "participated": false, "map_key": null }, "geometry": { "type": "Polygon", "coordinates": [ [ [ -78.967675990748347, 34.995584999590626 ], [ -78.974468990796751, 35.00031799981911 ], [ -78.974725990967912, 35.002024000415283 ], [ -78.97633799080694, 35.001588000093371 ], [ -78.978843991784629, 35.00325300012458 ], [ -78.98213599104254, 35.001434000335081 ], [ -78.987434991104195, 35.001153999738108 ], [ -78.995875991101727, 35.004046000153672 ], [ -79.002127991426804, 35.009245000113026 ], [ -79.007878991728148, 35.015801999857935 ], [ -79.002461991358985, 35.020076999740198 ], [ -79.000796991144355, 35.019446000430179 ], [ -78.999132991515467, 35.020092999714436 ], [ -78.997947991394483, 35.021812000272654 ], [ -78.994553991461174, 35.022011999891753 ], [ -78.990603990990891, 35.01829500035408 ], [ -78.984816991110492, 35.017615999633691 ], [ -78.982757991359861, 35.009158000315651 ], [ -78.977130991784776, 35.011740000003677 ], [ -78.972549991722317, 35.012266000099288 ], [ -78.965118991720018, 35.01380499979561 ], [ -78.966661991292511, 35.009611999613476 ], [ -78.967088991646662, 35.00509000037426 ], [ -78.971757991730669, 35.002431999958226 ], [ -78.971625991357683, 35.001718999837053 ], [ -78.967303991186583, 35.001619999656775 ], [ -78.967675990748347, 34.995584999590626 ] ] ] } },
{ "type": "Feature", "properties": { "county": null, "precinct": null, "enr_desc": "Cumberland 1A-G8", "winner": null, "winner_votes": null, "winner_share": null, "runner_up": null, "runner_up_votes": null, "runner_up_share": null, "contest_votes": null, "margin_of_victory": null, "is_tie": false, "results": null, "participated": false, "map_key": null }, "geometry": { "type": "Polygon", "coordinates": [ [ [ -78.965479990834481, 34.987172999781144 ], [ -78.968053991164993, 34.987521000137491 ], [ -78.968593991321924, 34.988308999711883 ], [ -78.971643991251952, 34.988213000075156 ], [ -78.974604991496236, 34.990688999549334 ], [ -78.9762059915153, 34.990895999867156 ], [ -78.979952991755738, 34.988685999807707 ], [ -78.982454991147563, 34.988697999973937 ], [ -78.9854559908959, 34.986680000347491 ], [ -78.987175991600139, 34.98693000035481 ], [ -78.990643990827195, 34.98560499978889 ], [ -78.993522991431135, 34.985460999796878 ], [ -79.001046991283175, 34.989729999610034 ], [ -79.00194899097805, 34.991314999683127 ], [ -79.003427990838745, 34.991611999676074 ], [ -79.004760991790889, 34.998298999557448 ], [ -79.008430991455072, 35.000841999634503 ], [ -79.00933199097625, 35.003715000154799 ], [ -79.011908991474641, 35.007130000386006 ], [ -79.015046991106132, 35.008313000268672 ], [ -79.016151991037646, 35.010643999553928 ], [ -79.012824991753703, 35.012087000127515 ], [ -79.007878991728148, 35.015801999857935 ], [ -79.002127991426804, 35.009245000113026 ], [ -78.995875991101727, 35.004046000153672 ], [ -78.987434991104195, 35.001153999738108 ], [ -78.98213599104254, 35.001434000335081 ], [ -78.978843991784629, 35.00325300012458 ], [ -78.97633799080694, 35.001588000093371 ], [ -78.974725990967912, 35.002024000415283 ], [ -78.974468990796751, 35.00031799981911 ], [ -78.967675990748347, 34.995584999590626 ], [ -78.967696991488225, 34.992920000122709 ], [ -78.965479990834481, 34.987172999781144 ] ] ] } },
{ "type": "Feature", "properties": { "county": null, "precinct": null, "enr_desc": "H03", "winner": null, "winner_votes": null, "winner_share": null, "runner_up": null, "runner_up_votes": null, "runner_up_share": null, "contest_votes": null, "margin_of_victory": null, "is_tie": false, "results": null, "participated": false, "map_key": null }, "geometry": { "type": "Polygon", "coordinates": [ [ [ -79.978844991234396, 35.941312000078682 ], [ -80.005444990757368, 35.928374000362801 ], [ -80.013906990847914, 35.923207999659219 ], [ -80.015915991232504, 35.925323999826887 ], [ -80.015484991263421, 35.932543000228989 ], [ -80.013367991484174, 35.937612000296625 ], [ -80.01371999141827, 35.938596000148415 ], [ -80.019208991036763, 35.942242999652571 ], [ -80.01956799084337, 35.943838000485471 ], [ -80.018547990984274, 35.947410999880461 ], [ -80.01061499136172, 35.954923999786971 ], [ -80.005728991643906, 35.957700999797197 ], [ -80.002898991340345, 35.944628999697379 ], [ -80.00102499127874, 35.942593000346669 ], [ -80.00007999062916, 35.943429999841754 ], [ -79.992981991366307, 35.943911999775409 ], [ -79.992752991586485, 35.948366999717692 ], [ -79.986384991092891, 35.949226999954149 ], [ -79.984124990897413, 35.947433999912349 ], [ -79.9797019914418, 35.946804000118277 ], [ -79.978844991234396, 35.941312000078682 ] ] ] } },
{ "type": "Feature", "properties": { "county": null, "precinct": null, "enr_desc": "Cumberland 3-G8", "winner": null, "winner_votes": null, "winner_share": null, "runner_up": null, "runner_up_votes": null, "runner_up_share": null, "contest_votes": null, "margin_of_victory": null, "is_tie": false, "results": null, "participated": false, "map_key": null }, "geometry": { "type": "Polygon", "coordinates": [ [ [ -78.954610991613322, 34.98844000024927 ], [ -78.960107991767856, 34.986140000353615 ], [ -78.965479990834481, 34.987172999781144 ], [ -78.967696991488225, 34.992920000122709 ], [ -78.967675990748347, 34.995584999590626 ], [ -78.967303991186583, 35.001619999656775 ], [ -78.971625991357683, 35.001718999837053 ], [ -78.971757991730669, 35.002431999958226 ], [ -78.967088991646662, 35.00509000037426 ], [ -78.966661991292511, 35.009611999613476 ], [ -78.965118991720018, 35.01380499979561 ], [ -78.949112991357708, 35.017665000194242 ], [ -78.947920991212882, 35.017018000058989 ], [ -78.94786299140145, 35.01596699995676 ], [ -78.949735991148899, 35.013982999969748 ], [ -78.949020990792619, 35.012590999772286 ], [ -78.950622991249503, 35.011749999992851 ], [ -78.950528991474954, 35.010541999750295 ], [ -78.950604990861279, 35.009332999849036 ], [ -78.95203799178563, 35.008593000235358 ], [ -78.95181299103065, 35.005791000125477 ], [ -78.954547991155039, 35.004187999980012 ], [ -78.958922991089253, 35.003291000247835 ], [ -78.959921990969065, 35.00178500040937 ], [ -78.951993991289271, 35.000257000209395 ], [ -78.93836399083564, 34.999534000418393 ], [ -78.944647990971959, 34.99293499978603 ], [ -78.954610991613322, 34.98844000024927 ] ] ] } },
{ "type": "Feature", "properties": { "county": null, "precinct": null, "enr_desc": "Hope Mills 1A-G8", "winner": null, "winner_votes": null, "winner_share": null, "runner_up": null, "runner_up_votes": null, "runner_up_share": null, "contest_votes": null, "margin_of_victory": null, "is_tie": false, "results": null, "participated": false, "map_key": null }, "geometry": { "type": "Polygon", "coordinates": [ [ [ -78.973181991130744, 34.975559000311769 ], [ -78.972526990774966, 34.977713000188807 ], [ -78.969835990861242, 34.977506000391003 ], [ -78.969734991775326, 34.978756000193513 ], [ -78.968348991137816, 34.978092999587716 ], [ -78.967419990790162, 34.979086999837989 ], [ -78.968479990969357, 34.979505999891849 ], [ -78.967997991450986, 34.980730999583926 ], [ -78.96938199089746, 34.983852999839634 ], [ -78.968239991269797, 34.98441300010257 ], [ -78.968924991733402, 34.985444000007107 ], [ -78.968177991782554, 34.986869000000148 ], [ -78.968593991321924, 34.988308999711883 ], [ -78.968053991164993, 34.987521000137491 ], [ -78.965479990834481, 34.987172999781144 ], [ -78.960107991767856, 34.986140000353615 ], [ -78.954610991613322, 34.98844000024927 ], [ -78.95396999170714, 34.987142999896541 ], [ -78.951378991698249, 34.984355999639412 ], [ -78.949676991078249, 34.983971000438586 ], [ -78.949362991022952, 34.983885000200161 ], [ -78.948197991490929, 34.982821000220646 ], [ -78.945670991424379, 34.982919999943078 ], [ -78.945802991533114, 34.982125000012452 ], [ -78.949065990961032, 34.976986000180631 ], [ -78.948258990821017, 34.965584999641699 ], [ -78.950675991521408, 34.96173499962697 ], [ -78.952982991007332, 34.962298999819168 ], [ -78.954067991366998, 34.961751000366121 ], [ -78.955050991799084, 34.963542000070575 ], [ -78.956046991429332, 34.963359999792445 ], [ -78.957252991652126, 34.96009099997022 ], [ -78.956713991748032, 34.959631000406617 ], [ -78.955751990798234, 34.96035600040868 ], [ -78.956251991112239, 34.959532000315818 ], [ -78.957038990813572, 34.959572000346647 ], [ -78.956708991228183, 34.958702000364518 ], [ -78.961415991126472, 34.95690299982153 ], [ -78.968582991255772, 34.956366000073054 ], [ -78.970140991681603, 34.950842000056873 ], [ -78.97069799095155, 34.952108000047616 ], [ -78.972270991077949, 34.951438000054658 ], [ -78.973677991800685, 34.952127000382404 ], [ -78.973435991052824, 34.953429000052189 ], [ -78.974825991111274, 34.95291199987458 ], [ -78.974526991255985, 34.956164000267961 ], [ -78.977386991214331, 34.957510000025501 ], [ -78.978387990885707, 34.956553999845994 ], [ -78.978189991424017, 34.957403000110766 ], [ -78.980865990935825, 34.957455000007762 ], [ -78.981954991532405, 34.959224000417436 ], [ -78.983690991341106, 34.958589000035253 ], [ -78.984912990946995, 34.959228999909627 ], [ -78.981597990814592, 34.959417000227681 ], [ -78.977912991456762, 34.958262999990467 ], [ -78.973911991773733, 34.961459999965378 ], [ -78.97218599149349, 34.960719000148821 ], [ -78.970690991464068, 34.963945000374068 ], [ -78.959772991637536, 34.972685999948141 ], [ -78.963815991287916, 34.972897999951321 ], [ -78.968302990945872, 34.974834999829916 ], [ -78.973181991130744, 34.975559000311769 ] ] ] } },
{ "type": "Feature", "properties": { "county": null, "precinct": null, "enr_desc": "H06", "winner": null, "winner_votes": null, "winner_share": null, "runner_up": null, "runner_up_votes": null, "runner_up_share": null, "contest_votes": null, "margin_of_victory": null, "is_tie": false, "results": null, "participated": false, "map_key": null }, "geometry": { "type": "Polygon", "coordinates": [ [ [ -79.953188990803696, 35.978793999786419 ], [ -79.949059991237689, 35.98258600004354 ], [ -79.946341990916309, 35.987017000449406 ], [ -79.944082990978075, 35.989196999825118 ], [ -79.943057991192333, 35.984908000319173 ], [ -79.936807991594222, 35.984793999662678 ], [ -79.936367990991997, 35.98668599967165 ], [ -79.930813991193716, 35.986327999701189 ], [ -79.93055299093183, 35.985201999865843 ], [ -79.932132991607588, 35.982849999852228 ], [ -79.931896991190584, 35.981493999629265 ], [ -79.929436990792183, 35.979655000194867 ], [ -79.926031990908072, 35.9788010002192 ], [ -79.920810990807524, 35.974296999813667 ], [ -79.917764991405079, 35.97280400020427 ], [ -79.929963991170936, 35.966312999766778 ], [ -79.936445990929087, 35.960121000492741 ], [ -79.945775991419978, 35.956219000183573 ], [ -79.947040990846531, 35.958757000290618 ], [ -79.9494639906397, 35.958509999643887 ], [ -79.947813991095543, 35.963961999660484 ], [ -79.949027991235624, 35.969033000331166 ], [ -79.94763499118973, 35.969121000488776 ], [ -79.947625990914176, 35.970387000024182 ], [ -79.954255990899, 35.970429000355303 ], [ -79.953188990803696, 35.978793999786419 ] ] ] } },
{ "type": "Feature", "properties": { "county": null, "precinct": null, "enr_desc": "Hope Mills 2-G9B-1", "winner": null, "winner_votes": null, "winner_share": null, "runner_up": null, "runner_up_votes": null, "runner_up_share": null, "contest_votes": null, "margin_of_victory": null, "is_tie": false, "results": null, "participated": false, "map_key": null }, "geometry": { "type": "Polygon", "coordinates": [ [ [ -78.957195991530256, 34.914363999855155 ], [ -79.03874699082543, 34.952715000151542 ], [ -79.037301991441709, 34.953839000333801 ], [ -79.035555991140114, 34.955196999759714 ], [ -79.036916991661442, 34.956953000174842 ], [ -79.035693991376931, 34.955432999612086 ], [ -79.031259991332547, 34.953479000379119 ], [ -79.02709499149482, 34.954868999981429 ], [ -79.02029999154918, 34.955036999889295 ], [ -79.014430990884037, 34.956905000216913 ], [ -79.000456990975252, 34.959427999932352 ], [ -78.999597991303801, 34.960570999963394 ], [ -78.998288991593313, 34.959830000305786 ], [ -78.998255990785111, 34.959014000195999 ], [ -78.996851990900723, 34.958753000386643 ], [ -78.996615991670609, 34.957741999593125 ], [ -78.995848991696633, 34.957568000134728 ], [ -78.996030991747318, 34.958194000161093 ], [ -78.995224991663108, 34.958466999742456 ], [ -78.992430991665501, 34.957198000190637 ], [ -78.989994991658961, 34.958055999664388 ], [ -78.988484990856918, 34.960110999687913 ], [ -78.986803991791533, 34.958163000059535 ], [ -78.984912990946995, 34.959228999909627 ], [ -78.983690991341106, 34.958589000035253 ], [ -78.981954991532405, 34.959224000417436 ], [ -78.980865990935825, 34.957455000007762 ], [ -78.978189991424017, 34.957403000110766 ], [ -78.978387990885707, 34.956553999845994 ], [ -78.977386991214331, 34.957510000025501 ], [ -78.974526991255985, 34.956164000267961 ], [ -78.974825991111274, 34.95291199987458 ], [ -78.973435991052824, 34.953429000052189 ], [ -78.973677991800685, 34.952127000382404 ], [ -78.972270991077949, 34.951438000054658 ], [ -78.97069799095155, 34.952108000047616 ], [ -78.970140991681603, 34.950842000056873 ], [ -78.968582991255772, 34.956366000073054 ], [ -78.961415991126472, 34.95690299982153 ], [ -78.956708991228183, 34.958702000364518 ], [ -78.957038990813572, 34.959572000346647 ], [ -78.956251991112239, 34.959532000315818 ], [ -78.955751990798234, 34.96035600040868 ], [ -78.956713991748032, 34.959631000406617 ], [ -78.957252991652126, 34.96009099997022 ], [ -78.956046991429332, 34.963359999792445 ], [ -78.955050991799084, 34.963542000070575 ], [ -78.954067991366998, 34.961751000366121 ], [ -78.952982991007332, 34.962298999819168 ], [ -78.950675991521408, 34.96173499962697 ], [ -78.95124899078084, 34.961134999898228 ], [ -78.950118991379128, 34.960269999920897 ], [ -78.949096991444918, 34.960701999956825 ], [ -78.948445991298684, 34.959912000403889 ], [ -78.946484991037096, 34.959744000261125 ], [ -78.946674991264743, 34.960649000176744 ], [ -78.94666999110612, 34.960891000083841 ], [ -78.945760990879322, 34.961127000283447 ], [ -78.945475991070552, 34.960135999602755 ], [ -78.944405990932836, 34.959718999717069 ], [ -78.943263991364901, 34.960558999837986 ], [ -78.941482990876622, 34.957075000112461 ], [ -78.940268991584645, 34.957856000165314 ], [ -78.940163990814796, 34.957899999559068 ], [ -78.939931991497929, 34.957917999709217 ], [ -78.939812991758942, 34.957887999984486 ], [ -78.932603990766211, 34.958532999607563 ], [ -78.930639991026013, 34.958884999757167 ], [ -78.924399991544519, 34.960434000195377 ], [ -78.920336991638592, 34.959783000037184 ], [ -78.920223990731103, 34.959717999805811 ], [ -78.923565990933994, 34.956173000286576 ], [ -78.933738991765267, 34.940870999963572 ], [ -78.957195991530256, 34.914363999855155 ] ] ] } },
{ "type": "Feature", "properties": { "county": null, "precinct": null, "enr_desc": "Hope Mills 2-G9B-2", "winner": null, "winner_votes": null, "winner_share": null, "runner_up": null, "runner_up_votes": null, "runner_up_share": null, "contest_votes": null, "margin_of_victory": null, "is_tie": false, "results": null, "participated": false, "map_key": null }, "geometry": { "type": "Polygon", "coordinates": [ [ [ -78.920223990731103, 34.959717999805811 ], [ -78.920165991587581, 34.959678999795187 ], [ -78.917620991786023, 34.962360000093128 ], [ -78.914590991504653, 34.968249000273588 ], [ -78.906844991699813, 34.981580000207877 ], [ -78.897755991700308, 34.973418999926977 ], [ -78.893289991023011, 34.971440000168052 ], [ -78.892934991482221, 34.964735999850511 ], [ -78.889605991143014, 34.962061999845524 ], [ -78.893789991539876, 34.957908999694446 ], [ -78.892168991083892, 34.958572000292556 ], [ -78.890689991196609, 34.957907000022146 ], [ -78.888601991191933, 34.959084999599305 ], [ -78.889211990826908, 34.956814000274143 ], [ -78.88718699121064, 34.956020999928079 ], [ -78.886600991703574, 34.954714000351089 ], [ -78.884691991638391, 34.953603999896679 ], [ -78.882710991466297, 34.953316000072782 ], [ -78.882495991813272, 34.954555999961364 ], [ -78.880697990927317, 34.953368999963303 ], [ -78.880296991533754, 34.954049000413356 ], [ -78.88144299082613, 34.955049000311476 ], [ -78.880254991313663, 34.955301000004724 ], [ -78.878695991782521, 34.954673999764296 ], [ -78.877872990915307, 34.952851000355977 ], [ -78.876551991320582, 34.953067999580526 ], [ -78.877457991452346, 34.953948000134922 ], [ -78.876750991118612, 34.954661000220781 ], [ -78.872994991169875, 34.952317999915351 ], [ -78.872779991531431, 34.951201999587141 ], [ -78.871722991754481, 34.951274999575773 ], [ -78.871698990970742, 34.952995999901098 ], [ -78.870595990969449, 34.953238999776268 ], [ -78.869881991723034, 34.95159700032508 ], [ -78.867321990922576, 34.95104399972621 ], [ -78.880097990829867, 34.942388999592872 ], [ -78.885286991611295, 34.939948000305563 ], [ -78.887558991262594, 34.937768999829501 ], [ -78.888654990860076, 34.935117000047484 ], [ -78.896303991129017, 34.92783200002588 ], [ -78.908645990871108, 34.916070000417712 ], [ -78.932883990896357, 34.8929790000293 ], [ -78.93866499103251, 34.897714000148966 ], [ -78.940843991621975, 34.9033679997235 ], [ -78.948531991085019, 34.906402999835464 ], [ -78.952567990889875, 34.908935000291095 ], [ -78.954859990881971, 34.913266000266049 ], [ -78.957195991530256, 34.914363999855155 ], [ -78.933738991765267, 34.940870999963572 ], [ -78.923565990933994, 34.956173000286576 ], [ -78.920223990731103, 34.959717999805811 ] ] ] } },
{ "type": "Feature", "properties": { "county": null, "precinct": null, "enr_desc": "H07", "winner": null, "winner_votes": null, "winner_share": null, "runner_up": null, "runner_up_votes": null, "runner_up_share": null, "contest_votes": null, "margin_of_victory": null, "is_tie": false, "results": null, "participated": false, "map_key": null }, "geometry": { "type": "Polygon", "coordinates": [ [ [ -79.992752991586485, 35.948366999717692 ], [ -79.991671991668611, 35.959195999723029 ], [ -79.978597990933878, 35.958556000228882 ], [ -79.977732991468088, 35.966397999688901 ], [ -79.974578991521099, 35.96644000033055 ], [ -79.975413990665729, 35.952683000234416 ], [ -79.974645991100076, 35.949546999787401 ], [ -79.972295991066801, 35.945679000444748 ], [ -79.978844991234396, 35.941312000078682 ], [ -79.9797019914418, 35.946804000118277 ], [ -79.984124990897413, 35.947433999912349 ], [ -79.986384991092891, 35.949226999954149 ], [ -79.992752991586485, 35.948366999717692 ] ] ] } },
{ "type": "Feature", "properties": { "county": "GUILFORD", "precinct": "GIB", "enr_desc": "Gib", "winner": "Richard N. Ojeda II", "winner_votes": 145.0, "winner_share": 53.703703703703709, "runner_up": "Nigel W. Bristow", "runner_up_votes": 56.0, "runner_up_share": 20.74074074074074, "contest_votes": 270.0, "margin_of_victory": 32.962962962962969, "is_tie": false, "results": [ { "candidate": "Richard N. Ojeda II", "votes": 145, "share": 53.70370370370371 }, { "candidate": "Nigel W. Bristow", "votes": 56, "share": 20.74074074074074 }, { "candidate": "Lent C. Carr II", "votes": 36, "share": 13.333333333333334 }, { "candidate": "Loren Bibler", "votes": 33, "share": 12.222222222222221 } ], "participated": true, "map_key": "GUILFORD_GIB" }, "geometry": { "type": "Polygon", "coordinates": [ [ [ -79.539162990731754, 36.081152000245382 ], [ -79.545777991655584, 36.079225000121028 ], [ -79.548799991511359, 36.080254000192014 ], [ -79.549954990697472, 36.079606999778747 ], [ -79.55363399128224, 36.080269999952947 ], [ -79.555976991313983, 36.082439000481614 ], [ -79.557246991295585, 36.087262000367588 ], [ -79.558661991432771, 36.089407000422803 ], [ -79.558570990961442, 36.091462999750078 ], [ -79.561416990920961, 36.092479999658529 ], [ -79.567683991424147, 36.095346999762413 ], [ -79.567411990647301, 36.098545000138046 ], [ -79.570660990780866, 36.10448099973577 ], [ -79.57177899101346, 36.104418000136405 ], [ -79.571865990630911, 36.106627000396429 ], [ -79.57819299140462, 36.110366000315473 ], [ -79.578330990942533, 36.111278999668848 ], [ -79.574282991205905, 36.112870000081323 ], [ -79.573081991449214, 36.115669000018933 ], [ -79.573161991243566, 36.119246 ], [ -79.569924990873304, 36.123294000143289 ], [ -79.56659699097122, 36.124788000335649 ], [ -79.565410990771213, 36.127921000331419 ], [ -79.537549991068147, 36.126119000321012 ], [ -79.539162990731754, 36.081152000245382 ] ] ] } },
{ "type": "Feature", "properties": { "county": "GUILFORD", "precinct": "GR", "enr_desc": "Gr", "winner": "Richard N. Ojeda II", "winner_votes": 32.0, "winner_share": 47.058823529411761, "runner_up": "Lent C. Carr II", "runner_up_votes": 16.0, "runner_up_share": 23.52941176470588, "contest_votes": 68.0, "margin_of_victory": 23.52941176470588, "is_tie": false, "results": [ { "candidate": "Richard N. Ojeda II", "votes": 32, "share": 47.05882352941176 }, { "candidate": "Lent C. Carr II", "votes": 16, "share": 23.52941176470588 }, { "candidate": "Loren Bibler", "votes": 12, "share": 17.647058823529413 }, { "candidate": "Nigel W. Bristow", "votes": 8, "share": 11.76470588235294 } ], "participated": true, "map_key": "GUILFORD_GR" }, "geometry": { "type": "Polygon", "coordinates": [ [ [ -79.541727990877874, 35.899850999862117 ], [ -79.62794599091707, 35.90336799988772 ], [ -79.62667799102843, 35.967546999942712 ], [ -79.626171990942382, 35.984538999939723 ], [ -79.621975991485385, 36.015822000187839 ], [ -79.59395199101219, 36.014015000284992 ], [ -79.563637990739196, 36.014059999721304 ], [ -79.53967299072076, 36.012835999664738 ], [ -79.540389990827066, 35.966481000011441 ], [ -79.541727990877874, 35.899850999862117 ] ] ] } },
{ "type": "Feature", "properties": { "county": null, "precinct": null, "enr_desc": "H08", "winner": null, "winner_votes": null, "winner_share": null, "runner_up": null, "runner_up_votes": null, "runner_up_share": null, "contest_votes": null, "margin_of_victory": null, "is_tie": false, "results": null, "participated": false, "map_key": null }, "geometry": { "type": "Polygon", "coordinates": [ [ [ -80.005728991643906, 35.957700999797197 ], [ -80.001525991189197, 35.959314999914241 ], [ -79.991671991668611, 35.959195999723029 ], [ -79.992752991586485, 35.948366999717692 ], [ -79.992981991366307, 35.943911999775409 ], [ -80.00007999062916, 35.943429999841754 ], [ -80.00102499127874, 35.942593000346669 ], [ -80.002898991340345, 35.944628999697379 ], [ -80.005728991643906, 35.957700999797197 ] ] ] } },
{ "type": "Feature", "properties": { "county": null, "precinct": null, "enr_desc": "H01", "winner": null, "winner_votes": null, "winner_share": null, "runner_up": null, "runner_up_votes": null, "runner_up_share": null, "contest_votes": null, "margin_of_victory": null, "is_tie": false, "results": null, "participated": false, "map_key": null }, "geometry": { "type": "Polygon", "coordinates": [ [ [ -80.013906990847914, 35.923207999659219 ], [ -80.020466990892373, 35.919577000195275 ], [ -80.046868991165539, 35.920692999726334 ], [ -80.046049991085923, 35.945457000012787 ], [ -80.040004991439346, 35.943133000480131 ], [ -80.03694899150409, 35.945207000414179 ], [ -80.035220991569673, 35.945413999658705 ], [ -80.032265991205051, 35.94507700047884 ], [ -80.030525991235237, 35.943766999638711 ], [ -80.026607990892842, 35.94344399982608 ], [ -80.02243099148744, 35.947036000068891 ], [ -80.022412991270812, 35.948898000195776 ], [ -80.018547990984274, 35.947410999880461 ], [ -80.01956799084337, 35.943838000485471 ], [ -80.019208991036763, 35.942242999652571 ], [ -80.01371999141827, 35.938596000148415 ], [ -80.013367991484174, 35.937612000296625 ], [ -80.015484991263421, 35.932543000228989 ], [ -80.015915991232504, 35.925323999826887 ], [ -80.013906990847914, 35.923207999659219 ] ] ] } },
{ "type": "Feature", "properties": { "county": null, "precinct": null, "enr_desc": "H09", "winner": null, "winner_votes": null, "winner_share": null, "runner_up": null, "runner_up_votes": null, "runner_up_share": null, "contest_votes": null, "margin_of_victory": null, "is_tie": false, "results": null, "participated": false, "map_key": null }, "geometry": { "type": "Polygon", "coordinates": [ [ [ -80.001525991189197, 35.959314999914241 ], [ -80.00229399123937, 35.961355999855137 ], [ -80.001926990930514, 35.96829500049089 ], [ -79.985213990754104, 35.968906000229957 ], [ -79.984963991363841, 35.970651000167948 ], [ -79.979588991512514, 35.97078999967578 ], [ -79.983256991326968, 35.966480999729256 ], [ -79.98643799094512, 35.965202000085348 ], [ -79.985965991218052, 35.963943000125873 ], [ -79.982708991479058, 35.966063000220295 ], [ -79.977732991468088, 35.966397999688901 ], [ -79.978597990933878, 35.958556000228882 ], [ -79.991671991668611, 35.959195999723029 ], [ -80.001525991189197, 35.959314999914241 ] ] ] } },
{ "type": "Feature", "properties": { "county": null, "precinct": null, "enr_desc": "H02", "winner": null, "winner_votes": null, "winner_share": null, "runner_up": null, "runner_up_votes": null, "runner_up_share": null, "contest_votes": null, "margin_of_victory": null, "is_tie": false, "results": null, "participated": false, "map_key": null }, "geometry": { "type": "Polygon", "coordinates": [ [ [ -80.046049991085923, 35.945457000012787 ], [ -80.045615991440954, 35.955749000239429 ], [ -80.045367991327893, 35.956346000155705 ], [ -80.042672991415458, 35.956481999774866 ], [ -80.039652991046552, 35.955879000513846 ], [ -80.034941990734808, 35.959188000340298 ], [ -80.033331991339566, 35.958281000295074 ], [ -80.032356991590433, 35.955206999799991 ], [ -80.026471991065904, 35.956267000081723 ], [ -80.015221991086932, 35.955945000500222 ], [ -80.012705991666309, 35.953734000080694 ], [ -80.01061499136172, 35.954923999786971 ], [ -80.018547990984274, 35.947410999880461 ], [ -80.022412991270812, 35.948898000195776 ], [ -80.02243099148744, 35.947036000068891 ], [ -80.026607990892842, 35.94344399982608 ], [ -80.030525991235237, 35.943766999638711 ], [ -80.032265991205051, 35.94507700047884 ], [ -80.035220991569673, 35.945413999658705 ], [ -80.03694899150409, 35.945207000414179 ], [ -80.040004991439346, 35.943133000480131 ], [ -80.046049991085923, 35.945457000012787 ] ] ] } },
{ "type": "Feature", "properties": { "county": null, "precinct": null, "enr_desc": "H10", "winner": null, "winner_votes": null, "winner_share": null, "runner_up": null, "runner_up_votes": null, "runner_up_share": null, "contest_votes": null, "margin_of_victory": null, "is_tie": false, "results": null, "participated": false, "map_key": null }, "geometry": { "type": "Polygon", "coordinates": [ [ [ -79.979588991512514, 35.97078999967578 ], [ -79.979357990614076, 35.980650999963451 ], [ -79.97785699123709, 35.981315999929215 ], [ -79.973979991387452, 35.982675000423406 ], [ -79.96894499156808, 35.987021000485377 ], [ -79.964203991354481, 35.987738000383942 ], [ -79.958077991163336, 35.990634000120643 ], [ -79.946341990916309, 35.987017000449406 ], [ -79.949059991237689, 35.98258600004354 ], [ -79.953188990803696, 35.978793999786419 ], [ -79.965772990683163, 35.968044999968136 ], [ -79.974578991521099, 35.96644000033055 ], [ -79.977732991468088, 35.966397999688901 ], [ -79.982708991479058, 35.966063000220295 ], [ -79.985965991218052, 35.963943000125873 ], [ -79.98643799094512, 35.965202000085348 ], [ -79.983256991326968, 35.966480999729256 ], [ -79.979588991512514, 35.97078999967578 ] ] ] } },
{ "type": "Feature", "properties": { "county": null, "precinct": null, "enr_desc": "H11", "winner": null, "winner_votes": null, "winner_share": null, "runner_up": null, "runner_up_votes": null, "runner_up_share": null, "contest_votes": null, "margin_of_victory": null, "is_tie": false, "results": null, "participated": false, "map_key": null }, "geometry": { "type": "Polygon", "coordinates": [ [ [ -79.979588991512514, 35.97078999967578 ], [ -79.984963991363841, 35.970651000167948 ], [ -79.985213990754104, 35.968906000229957 ], [ -80.001926990930514, 35.96829500049089 ], [ -80.001582991551771, 35.977407999965521 ], [ -79.996235990675686, 35.979194000284963 ], [ -79.990668991003062, 35.9796729999969 ], [ -79.987739991040954, 35.98014899979087 ], [ -79.98403199108877, 35.979592999952779 ], [ -79.979357990614076, 35.980650999963451 ], [ -79.979588991512514, 35.97078999967578 ] ] ] } },
{ "type": "Feature", "properties": { "county": null, "precinct": null, "enr_desc": "H04", "winner": null, "winner_votes": null, "winner_share": null, "runner_up": null, "runner_up_votes": null, "runner_up_share": null, "contest_votes": null, "margin_of_victory": null, "is_tie": false, "results": null, "participated": false, "map_key": null }, "geometry": { "type": "Polygon", "coordinates": [ [ [ -79.972286990666234, 35.917809999879573 ], [ -80.008491991217085, 35.919072999944319 ], [ -80.020466990892373, 35.919577000195275 ], [ -80.013906990847914, 35.923207999659219 ], [ -80.005444990757368, 35.928374000362801 ], [ -79.978844991234396, 35.941312000078682 ], [ -79.972295991066801, 35.945679000444748 ], [ -79.967420991422841, 35.948834000343005 ], [ -79.959204990624556, 35.949799999686491 ], [ -79.95449999138124, 35.951949000193082 ], [ -79.952582991403318, 35.949780000094457 ], [ -79.952579990721034, 35.948382000332977 ], [ -79.956868990850921, 35.944189000413971 ], [ -79.956339991394628, 35.943835999698202 ], [ -79.957722991187822, 35.942216999638802 ], [ -79.960756991048044, 35.940471999871853 ], [ -79.961142991600255, 35.934663000327753 ], [ -79.960204990642453, 35.934792999808643 ], [ -79.960949990909441, 35.932284999718448 ], [ -79.954743991355784, 35.931653000270352 ], [ -79.957663991514877, 35.924364999934234 ], [ -79.955685991249098, 35.924672000088883 ], [ -79.954596991368263, 35.920485000140715 ], [ -79.958852990871563, 35.92048499989086 ], [ -79.958051991558492, 35.923318000029305 ], [ -79.961656991277948, 35.923207000328858 ], [ -79.961446991554283, 35.922600999783775 ], [ -79.962292991070342, 35.922481999702818 ], [ -79.962162991604131, 35.923177999938474 ], [ -79.965237991509966, 35.923037999657254 ], [ -79.963983991464559, 35.922384000495832 ], [ -79.965211990767415, 35.921339999800765 ], [ -79.966011990917593, 35.921357999869564 ], [ -79.965302991105119, 35.922074000459283 ], [ -79.966629991203732, 35.922116000211354 ], [ -79.966568991413652, 35.922876000444013 ], [ -79.966678991318616, 35.921529000058179 ], [ -79.969107991464853, 35.92157200039216 ], [ -79.969117991639848, 35.923252999693489 ], [ -79.970626990690903, 35.923305000176128 ], [ -79.970844991063515, 35.921273999667541 ], [ -79.968640991621285, 35.919334999997446 ], [ -79.968490991238028, 35.918127999997957 ], [ -79.972286990666234, 35.917809999879573 ] ] ] } },
{ "type": "Feature", "properties": { "county": null, "precinct": null, "enr_desc": "H12", "winner": null, "winner_votes": null, "winner_share": null, "runner_up": null, "runner_up_votes": null, "runner_up_share": null, "contest_votes": null, "margin_of_victory": null, "is_tie": false, "results": null, "participated": false, "map_key": null }, "geometry": { "type": "Polygon", "coordinates": [ [ [ -80.001525991189197, 35.959314999914241 ], [ -80.005728991643906, 35.957700999797197 ], [ -80.01559799072291, 35.969895000033915 ], [ -80.017392991024849, 35.972973000247698 ], [ -80.014532991700932, 35.973014999741032 ], [ -80.010074991351786, 35.97486700010618 ], [ -80.008134991638769, 35.976926000409598 ], [ -80.001582991551771, 35.977407999965521 ], [ -80.001926990930514, 35.96829500049089 ], [ -80.00229399123937, 35.961355999855137 ], [ -80.001525991189197, 35.959314999914241 ] ] ] } },
{ "type": "Feature", "properties": { "county": null, "precinct": null, "enr_desc": "H05", "winner": null, "winner_votes": null, "winner_share": null, "runner_up": null, "runner_up_votes": null, "runner_up_share": null, "contest_votes": null, "margin_of_victory": null, "is_tie": false, "results": null, "participated": false, "map_key": null }, "geometry": { "type": "Polygon", "coordinates": [ [ [ -79.95449999138124, 35.951949000193082 ], [ -79.959204990624556, 35.949799999686491 ], [ -79.967420991422841, 35.948834000343005 ], [ -79.972295991066801, 35.945679000444748 ], [ -79.974645991100076, 35.949546999787401 ], [ -79.975413990665729, 35.952683000234416 ], [ -79.974578991521099, 35.96644000033055 ], [ -79.965772990683163, 35.968044999968136 ], [ -79.953188990803696, 35.978793999786419 ], [ -79.954255990899, 35.970429000355303 ], [ -79.947625990914176, 35.970387000024182 ], [ -79.94763499118973, 35.969121000488776 ], [ -79.949027991235624, 35.969033000331166 ], [ -79.947813991095543, 35.963961999660484 ], [ -79.9494639906397, 35.958509999643887 ], [ -79.947040990846531, 35.958757000290618 ], [ -79.945775991419978, 35.956219000183573 ], [ -79.95449999138124, 35.951949000193082 ] ] ] } },
{ "type": "Feature", "properties": { "county": null, "precinct": null, "enr_desc": "H13", "winner": null, "winner_votes": null, "winner_share": null, "runner_up": null, "runner_up_votes": null, "runner_up_share": null, "contest_votes": null, "margin_of_victory": null, "is_tie": false, "results": null, "participated": false, "map_key": null }, "geometry": { "type": "Polygon", "coordinates": [ [ [ -80.005728991643906, 35.957700999797197 ], [ -80.01061499136172, 35.954923999786971 ], [ -80.012705991666309, 35.953734000080694 ], [ -80.015221991086932, 35.955945000500222 ], [ -80.026471991065904, 35.956267000081723 ], [ -80.032356991590433, 35.955206999799991 ], [ -80.033331991339566, 35.958281000295074 ], [ -80.033509991679111, 35.965379000479089 ], [ -80.031338991655772, 35.966172000341651 ], [ -80.030014990936564, 35.970279000326286 ], [ -80.028103990997579, 35.969565000191153 ], [ -80.019733991046522, 35.969344999840565 ], [ -80.018797991440465, 35.968310000390886 ], [ -80.01559799072291, 35.969895000033915 ], [ -80.005728991643906, 35.957700999797197 ] ] ] } },
{ "type": "Feature", "properties": { "county": null, "precinct": null, "enr_desc": "H14", "winner": null, "winner_votes": null, "winner_share": null, "runner_up": null, "runner_up_votes": null, "runner_up_share": null, "contest_votes": null, "margin_of_victory": null, "is_tie": false, "results": null, "participated": false, "map_key": null }, "geometry": { "type": "Polygon", "coordinates": [ [ [ -80.044941990734003, 35.972674000038069 ], [ -80.033766991064354, 35.974694000005378 ], [ -80.031562991155624, 35.974830999653904 ], [ -80.028664991137902, 35.973572000300436 ], [ -80.030014990936564, 35.970279000326286 ], [ -80.031338991655772, 35.966172000341651 ], [ -80.033509991679111, 35.965379000479089 ], [ -80.033331991339566, 35.958281000295074 ], [ -80.034941990734808, 35.959188000340298 ], [ -80.039652991046552, 35.955879000513846 ], [ -80.042672991415458, 35.956481999774866 ], [ -80.045367991327893, 35.956346000155705 ], [ -80.045615991440954, 35.955749000239429 ], [ -80.044941990734003, 35.972674000038069 ] ] ] } },
{ "type": "Feature", "properties": { "county": null, "precinct": null, "enr_desc": "H15", "winner": null, "winner_votes": null, "winner_share": null, "runner_up": null, "runner_up_votes": null, "runner_up_share": null, "contest_votes": null, "margin_of_victory": null, "is_tie": false, "results": null, "participated": false, "map_key": null }, "geometry": { "type": "Polygon", "coordinates": [ [ [ -80.043782991393087, 35.998356000433162 ], [ -80.039463991215939, 36.000800999896789 ], [ -80.036999991153095, 35.999817000481968 ], [ -80.037282990917646, 35.997463000317907 ], [ -80.034545991488287, 35.998304000297914 ], [ -80.028309991688246, 35.990813000303348 ], [ -80.029565991546832, 35.99006199973207 ], [ -80.028518991535563, 35.98594999996957 ], [ -80.028932991276093, 35.982707999761828 ], [ -80.031333991705822, 35.981521000036246 ], [ -80.031696991301374, 35.978981000064124 ], [ -80.033766991064354, 35.974694000005378 ], [ -80.044941990734003, 35.972674000038069 ], [ -80.043782991393087, 35.998356000433162 ] ] ] } },
{ "type": "Feature", "properties": { "county": null, "precinct": null, "enr_desc": "H22", "winner": null, "winner_votes": null, "winner_share": null, "runner_up": null, "runner_up_votes": null, "runner_up_share": null, "contest_votes": null, "margin_of_victory": null, "is_tie": false, "results": null, "participated": false, "map_key": null }, "geometry": { "type": "Polygon", "coordinates": [ [ [ -80.028309991688246, 35.990813000303348 ], [ -80.034545991488287, 35.998304000297914 ], [ -80.036261991055611, 36.001751000471614 ], [ -80.035345991375237, 36.005857999805748 ], [ -80.027611991291508, 36.006564000258905 ], [ -80.022477990686497, 36.007986000526749 ], [ -80.024858991007179, 36.002143000368513 ], [ -80.027185990711757, 36.000550000416943 ], [ -80.028257990910603, 35.997537000384234 ], [ -80.026885991592408, 35.996344000504855 ], [ -80.02516699126582, 35.997872000197304 ], [ -80.026155990680166, 35.999002999840137 ], [ -80.025898991572674, 36.000473000517232 ], [ -80.023511991282547, 35.99945099984064 ], [ -80.023122991509979, 35.998330999926935 ], [ -80.017305991437453, 36.000579000189234 ], [ -80.015911991497958, 35.999888999638536 ], [ -80.016950991467795, 35.996081000324722 ], [ -80.015746991179569, 35.993955000094331 ], [ -80.012145990853298, 35.992372999698489 ], [ -80.016454991629132, 35.986229999850316 ], [ -80.020378990702355, 35.984879000128849 ], [ -80.024193990608367, 35.984734999823161 ], [ -80.028309991688246, 35.990813000303348 ] ] ] } },
{ "type": "Feature", "properties": { "county": null, "precinct": null, "enr_desc": "H23", "winner": null, "winner_votes": null, "winner_share": null, "runner_up": null, "runner_up_votes": null, "runner_up_share": null, "contest_votes": null, "margin_of_victory": null, "is_tie": false, "results": null, "participated": false, "map_key": null }, "geometry": { "type": "Polygon", "coordinates": [ [ [ -80.034545991488287, 35.998304000297914 ], [ -80.037282990917646, 35.997463000317907 ], [ -80.036999991153095, 35.999817000481968 ], [ -80.039463991215939, 36.000800999896789 ], [ -80.043782991393087, 35.998356000433162 ], [ -80.043078991148747, 36.016483000018333 ], [ -80.042437990987963, 36.018315000309777 ], [ -80.027737990650735, 36.018226999775919 ], [ -80.022908991521959, 36.020795999674739 ], [ -80.017068991291637, 36.021074000072389 ], [ -80.011349990939294, 36.011824000343587 ], [ -80.010051991459136, 36.009252999999305 ], [ -80.016958991587359, 36.009203999880825 ], [ -80.022477990686497, 36.007986000526749 ], [ -80.027611991291508, 36.006564000258905 ], [ -80.035345991375237, 36.005857999805748 ], [ -80.036261991055611, 36.001751000471614 ], [ -80.034545991488287, 35.998304000297914 ] ] ] } },
{ "type": "Feature", "properties": { "county": null, "precinct": null, "enr_desc": "H26", "winner": null, "winner_votes": null, "winner_share": null, "runner_up": null, "runner_up_votes": null, "runner_up_share": null, "contest_votes": null, "margin_of_victory": null, "is_tie": false, "results": null, "participated": false, "map_key": null }, "geometry": { "type": "Polygon", "coordinates": [ [ [ -79.97318299150588, 36.001025000487971 ], [ -79.974524991502292, 36.001914999801031 ], [ -79.977465991658988, 36.002061000415381 ], [ -79.978061991026536, 36.004204000510185 ], [ -79.980513991148698, 36.005363000346854 ], [ -79.986859990690931, 36.012036000230488 ], [ -79.987880991345335, 36.014885999687998 ], [ -79.990259990922453, 36.016735999844251 ], [ -79.993315991664915, 36.016417000321049 ], [ -79.992981991245259, 36.023414000002333 ], [ -79.994818991090739, 36.028422000280891 ], [ -79.994396991020949, 36.029343999748825 ], [ -79.996185991026408, 36.030850999804663 ], [ -79.988989990953669, 36.031698000344164 ], [ -79.973745991433489, 36.030411999899471 ], [ -79.969723990887971, 36.031180000369289 ], [ -79.966413991344325, 36.030188000202855 ], [ -79.969512991167434, 36.028985000075075 ], [ -79.970620991694318, 36.027681999769804 ], [ -79.972591990654237, 36.024958999790016 ], [ -79.971331991291279, 36.024206000106005 ], [ -79.972392990957346, 36.023886000088481 ], [ -79.972430991278671, 36.022093000173896 ], [ -79.973359990877441, 36.022132000317875 ], [ -79.979448990731768, 36.014684999930701 ], [ -79.97947799164784, 36.013633999644874 ], [ -79.977748991273657, 36.013416999684644 ], [ -79.978345990736386, 36.007119000195047 ], [ -79.970757991157171, 36.007223999941125 ], [ -79.971926991405269, 36.001195999659991 ], [ -79.97318299150588, 36.001025000487971 ] ] ] } },
{ "type": "Feature", "properties": { "county": null, "precinct": null, "enr_desc": "H27-A", "winner": null, "winner_votes": null, "winner_share": null, "runner_up": null, "runner_up_votes": null, "runner_up_share": null, "contest_votes": null, "margin_of_victory": null, "is_tie": false, "results": null, "participated": false, "map_key": null }, "geometry": { "type": "Polygon", "coordinates": [ [ [ -79.996185991026408, 36.030850999804663 ], [ -79.999788991114727, 36.035341000279544 ], [ -79.999968991703042, 36.039768000270939 ], [ -80.002187991690533, 36.040923000486778 ], [ -79.997442991185622, 36.049543000493948 ], [ -79.990390991442865, 36.046902999905051 ], [ -79.993517991265179, 36.043854999757869 ], [ -79.990436990785767, 36.040525999972438 ], [ -79.986014990794303, 36.040654000450154 ], [ -79.984677991602396, 36.037875000484313 ], [ -79.977325991135672, 36.037493000346046 ], [ -79.969723990887971, 36.031180000369289 ], [ -79.973745991433489, 36.030411999899471 ], [ -79.988989990953669, 36.031698000344164 ], [ -79.996185991026408, 36.030850999804663 ] ] ] } },
{ "type": "Feature", "properties": { "county": null, "precinct": null, "enr_desc": "H27-B", "winner": null, "winner_votes": null, "winner_share": null, "runner_up": null, "runner_up_votes": null, "runner_up_share": null, "contest_votes": null, "margin_of_victory": null, "is_tie": false, "results": null, "participated": false, "map_key": null }, "geometry": { "type": "Polygon", "coordinates": [ [ [ -79.96380899143756, 36.035536000215245 ], [ -79.964455990667076, 36.034626999668099 ], [ -79.963805991063651, 36.030775999912869 ], [ -79.966413991344325, 36.030188000202855 ], [ -79.969723990887971, 36.031180000369289 ], [ -79.977325991135672, 36.037493000346046 ], [ -79.984677991602396, 36.037875000484313 ], [ -79.986014990794303, 36.040654000450154 ], [ -79.990436990785767, 36.040525999972438 ], [ -79.993517991265179, 36.043854999757869 ], [ -79.990390991442865, 36.046902999905051 ], [ -79.987962990783487, 36.049092000383737 ], [ -79.987786990704407, 36.052420999832776 ], [ -79.983917991358339, 36.052526000129156 ], [ -79.977818991522085, 36.048898000296113 ], [ -79.980122991136142, 36.045617000295529 ], [ -79.979973991250219, 36.043173000410725 ], [ -79.975644991011066, 36.043164000484651 ], [ -79.969708990871752, 36.039406000170814 ], [ -79.969858990905209, 36.037390000268601 ], [ -79.96380899143756, 36.035536000215245 ] ] ] } },
{ "type": "Feature", "properties": { "county": null, "precinct": null, "enr_desc": "H28", "winner": null, "winner_votes": null, "winner_share": null, "runner_up": null, "runner_up_votes": null, "runner_up_share": null, "contest_votes": null, "margin_of_victory": null, "is_tie": false, "results": null, "participated": false, "map_key": null }, "geometry": { "type": "Polygon", "coordinates": [ [ [ -79.955209990730182, 35.99935499977807 ], [ -79.956248990837196, 35.999133000149861 ], [ -79.956193991252022, 35.997099000140238 ], [ -79.957802991452382, 35.99630400041594 ], [ -79.96029399091546, 35.996412000423703 ], [ -79.958672990614673, 35.997456000132026 ], [ -79.959158991627959, 35.999435999947622 ], [ -79.960421991330207, 36.00066099966395 ], [ -79.96351399143694, 35.998245999778611 ], [ -79.967320990829563, 35.998101000064921 ], [ -79.967733991680589, 35.999172000253907 ], [ -79.97240699130441, 36.000032000131306 ], [ -79.97318299150588, 36.001025000487971 ], [ -79.971926991405269, 36.001195999659991 ], [ -79.970757991157171, 36.007223999941125 ], [ -79.978345990736386, 36.007119000195047 ], [ -79.977748991273657, 36.013416999684644 ], [ -79.97947799164784, 36.013633999644874 ], [ -79.979448990731768, 36.014684999930701 ], [ -79.973359990877441, 36.022132000317875 ], [ -79.972430991278671, 36.022093000173896 ], [ -79.972392990957346, 36.023886000088481 ], [ -79.971331991291279, 36.024206000106005 ], [ -79.970041990661343, 36.022467000492874 ], [ -79.969849990623558, 36.019284000009421 ], [ -79.965729991668411, 36.018326000399284 ], [ -79.962805990759179, 36.02172799965733 ], [ -79.962593990778373, 36.023061000060494 ], [ -79.962151991282923, 36.021446000072494 ], [ -79.958912990902803, 36.021359999687355 ], [ -79.958908991663847, 36.022159000173978 ], [ -79.95779299093094, 36.022212000435843 ], [ -79.957256991469805, 36.013120000353439 ], [ -79.956137991129438, 36.012716000514075 ], [ -79.956053990651981, 36.011021000086522 ], [ -79.953458990616895, 36.010922000032764 ], [ -79.953593991196669, 36.008174000404715 ], [ -79.952062990957657, 36.008127999775162 ], [ -79.952072991107315, 36.00674900035645 ], [ -79.949589991518536, 36.00664399977569 ], [ -79.948738991048828, 36.007935999784586 ], [ -79.946587990656013, 36.007357999911214 ], [ -79.946886991640994, 36.008271999806972 ], [ -79.946207990722641, 36.008929000121505 ], [ -79.94491099072043, 36.007732999990743 ], [ -79.941270991053457, 36.009757000463878 ], [ -79.942278991529804, 36.003333000172603 ], [ -79.945654991683497, 36.000910000353421 ], [ -79.946214990957714, 35.99642499969211 ], [ -79.94856999139904, 35.996988000062338 ], [ -79.950085991431379, 35.998524999618802 ], [ -79.955209990730182, 35.99935499977807 ] ] ] } },
{ "type": "Feature", "properties": { "county": null, "precinct": null, "enr_desc": "H29A", "winner": null, "winner_votes": null, "winner_share": null, "runner_up": null, "runner_up_votes": null, "runner_up_share": null, "contest_votes": null, "margin_of_victory": null, "is_tie": false, "results": null, "participated": false, "map_key": null }, "geometry": { "type": "Polygon", "coordinates": [ [ [ -79.971331991291279, 36.024206000106005 ], [ -79.972591990654237, 36.024958999790016 ], [ -79.970620991694318, 36.027681999769804 ], [ -79.969512991167434, 36.028985000075075 ], [ -79.966413991344325, 36.030188000202855 ], [ -79.963805991063651, 36.030775999912869 ], [ -79.949343991568895, 36.034437999974045 ], [ -79.944548991614568, 36.03826800009368 ], [ -79.937516990652057, 36.041217999825086 ], [ -79.93636599118733, 36.039164999625392 ], [ -79.937010990715279, 36.037089999783902 ], [ -79.935390990945479, 36.034714999677199 ], [ -79.938080991378499, 36.031703000190952 ], [ -79.937763991670536, 36.02727500007763 ], [ -79.937639991401284, 36.024790000061046 ], [ -79.939406991183731, 36.024548000177369 ], [ -79.940478991527755, 36.018830999834101 ], [ -79.941534990699225, 36.016615999800763 ], [ -79.938481991159506, 36.013316999730279 ], [ -79.940539991282748, 36.012463999825805 ], [ -79.941270991053457, 36.009757000463878 ], [ -79.94491099072043, 36.007732999990743 ], [ -79.946207990722641, 36.008929000121505 ], [ -79.946886991640994, 36.008271999806972 ], [ -79.946587990656013, 36.007357999911214 ], [ -79.948738991048828, 36.007935999784586 ], [ -79.949589991518536, 36.00664399977569 ], [ -79.952072991107315, 36.00674900035645 ], [ -79.952062990957657, 36.008127999775162 ], [ -79.953593991196669, 36.008174000404715 ], [ -79.953458990616895, 36.010922000032764 ], [ -79.956053990651981, 36.011021000086522 ], [ -79.956137991129438, 36.012716000514075 ], [ -79.957256991469805, 36.013120000353439 ], [ -79.95779299093094, 36.022212000435843 ], [ -79.958908991663847, 36.022159000173978 ], [ -79.958912990902803, 36.021359999687355 ], [ -79.962151991282923, 36.021446000072494 ], [ -79.962593990778373, 36.023061000060494 ], [ -79.962805990759179, 36.02172799965733 ], [ -79.965729991668411, 36.018326000399284 ], [ -79.969849990623558, 36.019284000009421 ], [ -79.970041990661343, 36.022467000492874 ], [ -79.971331991291279, 36.024206000106005 ] ] ] } },
{ "type": "Feature", "properties": { "county": null, "precinct": null, "enr_desc": "H29B", "winner": null, "winner_votes": null, "winner_share": null, "runner_up": null, "runner_up_votes": null, "runner_up_share": null, "contest_votes": null, "margin_of_victory": null, "is_tie": false, "results": null, "participated": false, "map_key": null }, "geometry": { "type": "Polygon", "coordinates": [ [ [ -79.963805991063651, 36.030775999912869 ], [ -79.964455990667076, 36.034626999668099 ], [ -79.96380899143756, 36.035536000215245 ], [ -79.962339990848889, 36.039427999811103 ], [ -79.961986990701561, 36.058368999696569 ], [ -79.963924991004063, 36.060314000337499 ], [ -79.963803991023411, 36.063231999693862 ], [ -79.962688991300524, 36.063224000501293 ], [ -79.963111991642734, 36.064152000117119 ], [ -79.954423990776462, 36.066063999783424 ], [ -79.952464990834358, 36.067329000061768 ], [ -79.941445990954549, 36.06336300015667 ], [ -79.944440990624628, 36.060836999841541 ], [ -79.937639991186032, 36.060356000296736 ], [ -79.939131990796909, 36.05695499994102 ], [ -79.937820991317309, 36.057608000085779 ], [ -79.935985990895929, 36.056969000062516 ], [ -79.936023991690689, 36.055684999721649 ], [ -79.934152990943787, 36.055595000084921 ], [ -79.933328990929695, 36.056675000302661 ], [ -79.934521990706315, 36.058987999903387 ], [ -79.933855991238715, 36.058950000151512 ], [ -79.933753991625522, 36.06048100018954 ], [ -79.930975991571458, 36.062056000396034 ], [ -79.930249991666287, 36.063800999809096 ], [ -79.924401991403101, 36.063301999614751 ], [ -79.92379999085847, 36.063875000037136 ], [ -79.923789991656008, 36.060350000288857 ], [ -79.921252991521698, 36.06012700008305 ], [ -79.921142990632248, 36.058766000168632 ], [ -79.923757990699031, 36.057351999976433 ], [ -79.92511799139551, 36.055544000239721 ], [ -79.92873399111717, 36.054104000490639 ], [ -79.929245991143929, 36.051864000348615 ], [ -79.935469991263275, 36.046487999751676 ], [ -79.93436599111034, 36.045028000411456 ], [ -79.937516990652057, 36.041217999825086 ], [ -79.944548991614568, 36.03826800009368 ], [ -79.949343991568895, 36.034437999974045 ], [ -79.963805991063651, 36.030775999912869 ] ] ] } },
{ "type": "Feature", "properties": { "county": "GUILFORD", "precinct": "JEF1", "enr_desc": "Jef1", "winner": "Nigel W. Bristow", "winner_votes": 101.0, "winner_share": 54.3010752688172, "runner_up": "Richard N. Ojeda II", "runner_up_votes": 36.0, "runner_up_share": 19.35483870967742, "contest_votes": 186.0, "margin_of_victory": 34.946236559139777, "is_tie": false, "results": [ { "candidate": "Nigel W. Bristow", "votes": 101, "share": 54.3010752688172 }, { "candidate": "Richard N. Ojeda II", "votes": 36, "share": 19.35483870967742 }, { "candidate": "Lent C. Carr II", "votes": 25, "share": 13.440860215053762 }, { "candidate": "Loren Bibler", "votes": 24, "share": 12.903225806451612 } ], "participated": true, "map_key": "GUILFORD_JEF1" }, "geometry": { "type": "Polygon", "coordinates": [ [ [ -79.634570991246477, 36.07403799973013 ], [ -79.639225991400309, 36.07872000017354 ], [ -79.654039991312374, 36.084979000172687 ], [ -79.666354991454881, 36.084802000117897 ], [ -79.676152991562915, 36.085717000007605 ], [ -79.690228990992708, 36.089527000449095 ], [ -79.697927991525546, 36.086527999989336 ], [ -79.702478991685084, 36.088237000045623 ], [ -79.717516991407379, 36.086562999956151 ], [ -79.717435990898892, 36.087632000346865 ], [ -79.716419990817599, 36.087577999614268 ], [ -79.715928991411971, 36.098899999697444 ], [ -79.715217991100815, 36.1003660002362 ], [ -79.715526991521287, 36.102754999917579 ], [ -79.717201991401268, 36.102621999621348 ], [ -79.714868990821614, 36.109250999995311 ], [ -79.713921990594855, 36.11463799996708 ], [ -79.712626990704692, 36.11642399972974 ], [ -79.712444991247182, 36.122952999795402 ], [ -79.710947991091345, 36.122888999853387 ], [ -79.708962991442988, 36.120389000195395 ], [ -79.704322991265528, 36.118191999826671 ], [ -79.7027109915323, 36.119010000477608 ], [ -79.704031991158686, 36.120152999658856 ], [ -79.699166991292657, 36.121027999968916 ], [ -79.699311991493431, 36.132936000152171 ], [ -79.680471991246534, 36.132808999617758 ], [ -79.677436990754344, 36.129956999790672 ], [ -79.674373991527418, 36.129858000451911 ], [ -79.673751990908173, 36.130869000247394 ], [ -79.67579699125838, 36.132738000332942 ], [ -79.674678991228063, 36.133429999834931 ], [ -79.669558990912137, 36.131803000289707 ], [ -79.6651209914356, 36.131484000352685 ], [ -79.662804991270662, 36.129839999890052 ], [ -79.662182990830445, 36.12799300049452 ], [ -79.660969991651953, 36.128608999630067 ], [ -79.660961990754274, 36.130954999871129 ], [ -79.659444990634555, 36.131305999938114 ], [ -79.657912991629672, 36.133256999794689 ], [ -79.655792991274524, 36.133146999954882 ], [ -79.655548991366786, 36.134350000067961 ], [ -79.653997990878366, 36.135024999897695 ], [ -79.653237990716789, 36.137212000205857 ], [ -79.647532991422338, 36.138869999901509 ], [ -79.648390991567112, 36.142820999653452 ], [ -79.64556499153926, 36.14480900028903 ], [ -79.644995990765722, 36.144786999922189 ], [ -79.644313990678555, 36.142128000332598 ], [ -79.641311991289911, 36.142934000359283 ], [ -79.641716990872339, 36.144735999983041 ], [ -79.637795991588334, 36.143118999670634 ], [ -79.637633990927995, 36.14139400017531 ], [ -79.635506990731329, 36.141453000235231 ], [ -79.634461991199899, 36.143666999930858 ], [ -79.632205991493336, 36.143238000289323 ], [ -79.631068991370043, 36.141699000128853 ], [ -79.630011991187473, 36.142417999948727 ], [ -79.629008991306108, 36.142070999900646 ], [ -79.627082991542466, 36.144773999884109 ], [ -79.628274990800819, 36.145735999990883 ], [ -79.631019991577674, 36.144313999788345 ], [ -79.631973991418462, 36.145171999795842 ], [ -79.631125990947424, 36.147012000368782 ], [ -79.623755990865433, 36.148919000370633 ], [ -79.623811990617611, 36.149978999785063 ], [ -79.626178990872745, 36.149526999780107 ], [ -79.626807991633555, 36.150455999767118 ], [ -79.624651990913875, 36.151762000209963 ], [ -79.623031990929292, 36.151796000494755 ], [ -79.623102990638159, 36.15351499963581 ], [ -79.621031991175883, 36.155185000368903 ], [ -79.620027990883727, 36.154729000447425 ], [ -79.620147991663458, 36.152223000425202 ], [ -79.619000990703483, 36.151322000001045 ], [ -79.620179991342567, 36.13080500044866 ], [ -79.621606991431335, 36.090533000053455 ], [ -79.629310991563955, 36.08920100022457 ], [ -79.634059990609302, 36.089307999874251 ], [ -79.633491990969205, 36.085873000096562 ], [ -79.6321859905986, 36.085964999979687 ], [ -79.632311991195763, 36.080762999757241 ], [ -79.630726990897074, 36.080850000059506 ], [ -79.629821990953957, 36.079450000165785 ], [ -79.632305991064811, 36.077454999634945 ], [ -79.632376991108643, 36.074712000409647 ], [ -79.634570991246477, 36.07403799973013 ] ] ] } },
{ "type": "Feature", "properties": { "county": "GUILFORD", "precinct": "JEF2", "enr_desc": "Jef2", "winner": "Nigel W. Bristow", "winner_votes": 64.0, "winner_share": 40.764331210191088, "runner_up": "Richard N. Ojeda II", "runner_up_votes": 37.0, "runner_up_share": 23.566878980891719, "contest_votes": 157.0, "margin_of_victory": 17.197452229299369, "is_tie": false, "results": [ { "candidate": "Nigel W. Bristow", "votes": 64, "share": 40.76433121019109 }, { "candidate": "Richard N. Ojeda II", "votes": 37, "share": 23.56687898089172 }, { "candidate": "Lent C. Carr II", "votes": 30, "share": 19.10828025477707 }, { "candidate": "Loren Bibler", "votes": 26, "share": 16.560509554140125 } ], "participated": true, "map_key": "GUILFORD_JEF2" }, "geometry": { "type": "Polygon", "coordinates": [ [ [ -79.61998099126339, 36.059535000166875 ], [ -79.621519991072574, 36.059042999667021 ], [ -79.635218991429994, 36.057915999906484 ], [ -79.646123990892846, 36.05890499962112 ], [ -79.683611991077342, 36.05985500045761 ], [ -79.701647990977321, 36.058181000400403 ], [ -79.70991999065086, 36.057286999920933 ], [ -79.731810991432695, 36.052607000244521 ], [ -79.750146990861026, 36.047308999687516 ], [ -79.757782990964714, 36.046772999725711 ], [ -79.756474991390732, 36.047860999948639 ], [ -79.753550990930478, 36.047600999867988 ], [ -79.750896990642431, 36.050198000070445 ], [ -79.749345990651875, 36.050278999836046 ], [ -79.748985991138483, 36.051233000087564 ], [ -79.747398991644303, 36.051717999947506 ], [ -79.747170991023339, 36.056830000375022 ], [ -79.747237991403381, 36.059875999791188 ], [ -79.750848991386391, 36.059936999731654 ], [ -79.750834990691203, 36.062077999652857 ], [ -79.749420990782497, 36.062438999784369 ], [ -79.74300799131295, 36.062965000490848 ], [ -79.743066990660665, 36.063619000215375 ], [ -79.736788991674757, 36.062178000423948 ], [ -79.736422990789791, 36.063304999715236 ], [ -79.738110991460019, 36.065437000440902 ], [ -79.736807990743884, 36.06703200048991 ], [ -79.736922991396426, 36.069036000053501 ], [ -79.734911991064109, 36.068943000123433 ], [ -79.735585991255363, 36.069884000370564 ], [ -79.733264991692351, 36.069403000251008 ], [ -79.733233990857272, 36.070096000341245 ], [ -79.727310991484956, 36.069808999782452 ], [ -79.73036399125921, 36.073091999931002 ], [ -79.731187991008724, 36.075766999826683 ], [ -79.729692991442789, 36.078612000233306 ], [ -79.72630199090446, 36.078652000103496 ], [ -79.725789991443079, 36.081797000076101 ], [ -79.727430991443569, 36.081832999944474 ], [ -79.728069990641615, 36.085147999926896 ], [ -79.726266991013162, 36.085319999930704 ], [ -79.726570991626105, 36.086066000405978 ], [ -79.724993991170919, 36.087450999796062 ], [ -79.717516991407379, 36.086562999956151 ], [ -79.702478991685084, 36.088237000045623 ], [ -79.697927991525546, 36.086527999989336 ], [ -79.690228990992708, 36.089527000449095 ], [ -79.676152991562915, 36.085717000007605 ], [ -79.666354991454881, 36.084802000117897 ], [ -79.654039991312374, 36.084979000172687 ], [ -79.639225991400309, 36.07872000017354 ], [ -79.634570991246477, 36.07403799973013 ], [ -79.635121991425962, 36.074441999891079 ], [ -79.635947990919931, 36.072090000111636 ], [ -79.632715990873891, 36.071859000206516 ], [ -79.631888990993133, 36.071003000392423 ], [ -79.632857990748391, 36.070966000426395 ], [ -79.632837991065429, 36.069747000478777 ], [ -79.630416991288911, 36.070222999904175 ], [ -79.628501990681784, 36.069361999766478 ], [ -79.628892990879123, 36.066395000054939 ], [ -79.62488699134127, 36.065778999971876 ], [ -79.624870990872509, 36.064499999718471 ], [ -79.62101799157027, 36.064626000070568 ], [ -79.61998099126339, 36.059535000166875 ] ] ] } },
{ "type": "Feature", "properties": { "county": "GUILFORD", "precinct": "JAM1", "enr_desc": "Jam1", "winner": "Richard N. Ojeda II", "winner_votes": 64.0, "winner_share": 41.830065359477125, "runner_up": "Nigel W. Bristow", "runner_up_votes": 38.0, "runner_up_share": 24.836601307189543, "contest_votes": 153.0, "margin_of_victory": 16.993464052287582, "is_tie": false, "results": [ { "candidate": "Richard N. Ojeda II", "votes": 64, "share": 41.830065359477125 }, { "candidate": "Nigel W. Bristow", "votes": 38, "share": 24.836601307189543 }, { "candidate": "Loren Bibler", "votes": 34, "share": 22.22222222222222 }, { "candidate": "Lent C. Carr II", "votes": 17, "share": 11.11111111111111 } ], "participated": true, "map_key": "GUILFORD_JAM1" }, "geometry": { "type": "Polygon", "coordinates": [ [ [ -79.946341990916309, 35.987017000449406 ], [ -79.958077991163336, 35.990634000120643 ], [ -79.956559991179347, 35.996313000233542 ], [ -79.955146991121993, 35.997410999904361 ], [ -79.955209990730182, 35.99935499977807 ], [ -79.950085991431379, 35.998524999618802 ], [ -79.94856999139904, 35.996988000062338 ], [ -79.946214990957714, 35.99642499969211 ], [ -79.945654991683497, 36.000910000353421 ], [ -79.942278991529804, 36.003333000172603 ], [ -79.941270991053457, 36.009757000463878 ], [ -79.940539991282748, 36.012463999825805 ], [ -79.938481991159506, 36.013316999730279 ], [ -79.941534990699225, 36.016615999800763 ], [ -79.940478991527755, 36.018830999834101 ], [ -79.938354991150987, 36.018945000145727 ], [ -79.938344990822713, 36.016628999657286 ], [ -79.927448991487935, 36.016083000168429 ], [ -79.930535990753256, 36.01571599966686 ], [ -79.930507991677544, 36.015169000322736 ], [ -79.927497991450011, 36.015067000096678 ], [ -79.92753499098616, 36.012491999954342 ], [ -79.926641990823498, 36.011135999802626 ], [ -79.91371099064493, 36.004005999632987 ], [ -79.924538990698906, 35.997703000312249 ], [ -79.927957991218321, 35.996579000335252 ], [ -79.927659991565278, 35.995689000294441 ], [ -79.923466990811207, 35.995386999935349 ], [ -79.923289991557013, 35.993384999740933 ], [ -79.925463990897441, 35.993439999752148 ], [ -79.925609991517732, 35.990805000297776 ], [ -79.927315990616975, 35.990978000055556 ], [ -79.926089991095353, 35.986828999800281 ], [ -79.922953991337664, 35.986389999781416 ], [ -79.922828991097489, 35.981702000441821 ], [ -79.926031990908072, 35.9788010002192 ], [ -79.929436990792183, 35.979655000194867 ], [ -79.931896991190584, 35.981493999629265 ], [ -79.932132991607588, 35.982849999852228 ], [ -79.93055299093183, 35.985201999865843 ], [ -79.930813991193716, 35.986327999701189 ], [ -79.936367990991997, 35.98668599967165 ], [ -79.936807991594222, 35.984793999662678 ], [ -79.943057991192333, 35.984908000319173 ], [ -79.944082990978075, 35.989196999825118 ], [ -79.946341990916309, 35.987017000449406 ] ] ] } },
{ "type": "Feature", "properties": { "county": "GUILFORD", "precinct": "JAM2", "enr_desc": "Jam2", "winner": "Nigel W. Bristow", "winner_votes": 46.0, "winner_share": 40.350877192982452, "runner_up": "Richard N. Ojeda II", "runner_up_votes": 33.0, "runner_up_share": 28.947368421052634, "contest_votes": 114.0, "margin_of_victory": 11.403508771929818, "is_tie": false, "results": [ { "candidate": "Nigel W. Bristow", "votes": 46, "share": 40.35087719298245 }, { "candidate": "Richard N. Ojeda II", "votes": 33, "share": 28.947368421052634 }, { "candidate": "Loren Bibler", "votes": 24, "share": 21.052631578947366 }, { "candidate": "Lent C. Carr II", "votes": 11, "share": 9.649122807017543 } ], "participated": true, "map_key": "GUILFORD_JAM2" }, "geometry": { "type": "Polygon", "coordinates": [ [ [ -79.91371099064493, 36.004005999632987 ], [ -79.926641990823498, 36.011135999802626 ], [ -79.92753499098616, 36.012491999954342 ], [ -79.927497991450011, 36.015067000096678 ], [ -79.930507991677544, 36.015169000322736 ], [ -79.930535990753256, 36.01571599966686 ], [ -79.927448991487935, 36.016083000168429 ], [ -79.938344990822713, 36.016628999657286 ], [ -79.938354991150987, 36.018945000145727 ], [ -79.940478991527755, 36.018830999834101 ], [ -79.939406991183731, 36.024548000177369 ], [ -79.937639991401284, 36.024790000061046 ], [ -79.937763991670536, 36.02727500007763 ], [ -79.923483990605433, 36.026670000409368 ], [ -79.91547999126449, 36.026340000211171 ], [ -79.915362991245516, 36.018086999827929 ], [ -79.912909990998784, 36.018090000293881 ], [ -79.912479990713564, 36.016533000407222 ], [ -79.909740991623835, 36.016460999872258 ], [ -79.909817990730517, 36.014958999951276 ], [ -79.903313990827982, 36.014943999719854 ], [ -79.901995991556262, 36.016167000086838 ], [ -79.902155991625051, 36.017475000299186 ], [ -79.899542990740798, 36.016661000460275 ], [ -79.909701991128145, 36.006636000396838 ], [ -79.9133569915397, 36.00424200000311 ], [ -79.91371099064493, 36.004005999632987 ] ] ] } },
{ "type": "Feature", "properties": { "county": "GUILFORD", "precinct": "JAM3", "enr_desc": "Jam3", "winner": "Nigel W. Bristow", "winner_votes": 71.0, "winner_share": 45.806451612903224, "runner_up": "Richard N. Ojeda II", "runner_up_votes": 55.0, "runner_up_share": 35.483870967741936, "contest_votes": 155.0, "margin_of_victory": 10.322580645161288, "is_tie": false, "results": [ { "candidate": "Nigel W. Bristow", "votes": 71, "share": 45.806451612903224 }, { "candidate": "Richard N. Ojeda II", "votes": 55, "share": 35.483870967741936 }, { "candidate": "Loren Bibler", "votes": 19, "share": 12.258064516129032 }, { "candidate": "Lent C. Carr II", "votes": 10, "share": 6.451612903225806 } ], "participated": true, "map_key": "GUILFORD_JAM3" }, "geometry": { "type": "Polygon", "coordinates": [ [ [ -79.9133569915397, 36.00424200000311 ], [ -79.909701991128145, 36.006636000396838 ], [ -79.899542990740798, 36.016661000460275 ], [ -79.885033991527791, 36.030445000429189 ], [ -79.879387991342071, 36.029958000095256 ], [ -79.879486990915083, 36.033010000293395 ], [ -79.878213991003221, 36.0330020001674 ], [ -79.868576991360939, 36.029786000469016 ], [ -79.869594991292971, 36.02862599990334 ], [ -79.869146990876303, 36.028064999841881 ], [ -79.868328990766202, 36.027691999975303 ], [ -79.867053991390435, 36.029016999965457 ], [ -79.867882991410156, 36.026233999646891 ], [ -79.866685991244069, 36.025654999753407 ], [ -79.867181990662814, 36.024990999654833 ], [ -79.866218991281428, 36.015406000015538 ], [ -79.870230991583867, 36.015335000017885 ], [ -79.873635990796416, 36.013609999640366 ], [ -79.875860991153786, 36.013394999643083 ], [ -79.875481990753428, 36.007866000460233 ], [ -79.876375991670898, 36.005766000167441 ], [ -79.878205991236428, 36.004523999811155 ], [ -79.881490990738385, 36.005951999723827 ], [ -79.890113991535941, 36.004298000081093 ], [ -79.891893990743782, 36.006114000494954 ], [ -79.8962549917063, 36.003268000243658 ], [ -79.898090991081631, 36.003615000400089 ], [ -79.897702991621074, 36.004992000327881 ], [ -79.899178990848583, 36.005416999848315 ], [ -79.900665990763429, 36.007925999624568 ], [ -79.901605991218261, 36.008225000330377 ], [ -79.907713990869368, 36.001271000365932 ], [ -79.9133569915397, 36.00424200000311 ] ] ] } },
{ "type": "Feature", "properties": { "county": "GUILFORD", "precinct": "JAM4", "enr_desc": "Jam4", "winner": "Nigel W. Bristow", "winner_votes": 35.0, "winner_share": 31.531531531531531, "runner_up": "Richard N. Ojeda II", "runner_up_votes": 29.0, "runner_up_share": 26.126126126126124, "contest_votes": 111.0, "margin_of_victory": 5.405405405405407, "is_tie": false, "results": [ { "candidate": "Nigel W. Bristow", "votes": 35, "share": 31.53153153153153 }, { "candidate": "Richard N. Ojeda II", "votes": 29, "share": 26.126126126126124 }, { "candidate": "Loren Bibler", "votes": 26, "share": 23.423423423423422 }, { "candidate": "Lent C. Carr II", "votes": 21, "share": 18.91891891891892 } ], "participated": true, "map_key": "GUILFORD_JAM4" }, "geometry": { "type": "Polygon", "coordinates": [ [ [ -79.8781099911577, 35.970780000473511 ], [ -79.878622990964374, 35.951555999973166 ], [ -79.878596990713689, 35.946346000513124 ], [ -79.881182991387931, 35.946054000368221 ], [ -79.881726991144106, 35.946693000106499 ], [ -79.880737991120938, 35.948627000290159 ], [ -79.883828991430931, 35.949375999822081 ], [ -79.883142990868592, 35.950541999718361 ], [ -79.880793991137026, 35.951468000125743 ], [ -79.885806991598216, 35.953190999942201 ], [ -79.886024990818598, 35.951884000271917 ], [ -79.887156990995649, 35.951659000350901 ], [ -79.888929991479728, 35.953404000422289 ], [ -79.895495991574265, 35.953173000377504 ], [ -79.897075990773303, 35.956259000306808 ], [ -79.894151991119273, 35.962981000117153 ], [ -79.905219991047389, 35.956272000489825 ], [ -79.905429991462526, 35.95912000043991 ], [ -79.911036990811297, 35.959958999730105 ], [ -79.91399199162818, 35.96891399985298 ], [ -79.915215991093632, 35.970907999743559 ], [ -79.917764991405079, 35.97280400020427 ], [ -79.920810990807524, 35.974296999813667 ], [ -79.926031990908072, 35.9788010002192 ], [ -79.922828991097489, 35.981702000441821 ], [ -79.922953991337664, 35.986389999781416 ], [ -79.926089991095353, 35.986828999800281 ], [ -79.927315990616975, 35.990978000055556 ], [ -79.925609991517732, 35.990805000297776 ], [ -79.925463990897441, 35.993439999752148 ], [ -79.923289991557013, 35.993384999740933 ], [ -79.923466990811207, 35.995386999935349 ], [ -79.927659991565278, 35.995689000294441 ], [ -79.927957991218321, 35.996579000335252 ], [ -79.924538990698906, 35.997703000312249 ], [ -79.91371099064493, 36.004005999632987 ], [ -79.9133569915397, 36.00424200000311 ], [ -79.907713990869368, 36.001271000365932 ], [ -79.901605991218261, 36.008225000330377 ], [ -79.900665990763429, 36.007925999624568 ], [ -79.899178990848583, 36.005416999848315 ], [ -79.897702991621074, 36.004992000327881 ], [ -79.898090991081631, 36.003615000400089 ], [ -79.8962549917063, 36.003268000243658 ], [ -79.891893990743782, 36.006114000494954 ], [ -79.890113991535941, 36.004298000081093 ], [ -79.881490990738385, 36.005951999723827 ], [ -79.878205991236428, 36.004523999811155 ], [ -79.876375991670898, 36.005766000167441 ], [ -79.876469991125816, 36.002810000197151 ], [ -79.872636991176449, 36.002261000255046 ], [ -79.87420899090462, 35.999426000423576 ], [ -79.875134991411585, 35.999208999811735 ], [ -79.875247991493865, 35.997333999693389 ], [ -79.872708991264915, 35.9952900001106 ], [ -79.87024399139672, 35.996475000463974 ], [ -79.869624991574099, 35.998913000449349 ], [ -79.869322990663093, 35.995416000469916 ], [ -79.870611990827143, 35.993428000329068 ], [ -79.87708999060159, 35.989607999979953 ], [ -79.8781099911577, 35.970780000473511 ] ] ] } },
{ "type": "Feature", "properties": { "county": "GUILFORD", "precinct": "JAM5", "enr_desc": "Jam5", "winner": "Richard N. Ojeda II", "winner_votes": 8.0, "winner_share": 36.363636363636367, "runner_up": "Lent C. Carr II", "runner_up_votes": 5.0, "runner_up_share": 22.727272727272727, "contest_votes": 22.0, "margin_of_victory": 13.63636363636364, "is_tie": false, "results": [ { "candidate": "Richard N. Ojeda II", "votes": 8, "share": 36.36363636363637 }, { "candidate": "Lent C. Carr II", "votes": 5, "share": 22.727272727272727 }, { "candidate": "Loren Bibler", "votes": 5, "share": 22.727272727272727 }, { "candidate": "Nigel W. Bristow", "votes": 4, "share": 18.181818181818183 } ], "participated": true, "map_key": "GUILFORD_JAM5" }, "geometry": { "type": "Polygon", "coordinates": [ [ [ -79.972286990666234, 35.917809999879573 ], [ -79.968490991238028, 35.918127999997957 ], [ -79.968640991621285, 35.919334999997446 ], [ -79.970844991063515, 35.921273999667541 ], [ -79.970626990690903, 35.923305000176128 ], [ -79.969117991639848, 35.923252999693489 ], [ -79.969107991464853, 35.92157200039216 ], [ -79.966678991318616, 35.921529000058179 ], [ -79.966568991413652, 35.922876000444013 ], [ -79.966629991203732, 35.922116000211354 ], [ -79.965302991105119, 35.922074000459283 ], [ -79.966011990917593, 35.921357999869564 ], [ -79.965211990767415, 35.921339999800765 ], [ -79.963983991464559, 35.922384000495832 ], [ -79.965237991509966, 35.923037999657254 ], [ -79.962162991604131, 35.923177999938474 ], [ -79.962292991070342, 35.922481999702818 ], [ -79.961446991554283, 35.922600999783775 ], [ -79.961656991277948, 35.923207000328858 ], [ -79.958051991558492, 35.923318000029305 ], [ -79.958852990871563, 35.92048499989086 ], [ -79.954596991368263, 35.920485000140715 ], [ -79.955685991249098, 35.924672000088883 ], [ -79.957663991514877, 35.924364999934234 ], [ -79.954743991355784, 35.931653000270352 ], [ -79.960949990909441, 35.932284999718448 ], [ -79.960204990642453, 35.934792999808643 ], [ -79.961142991600255, 35.934663000327753 ], [ -79.960756991048044, 35.940471999871853 ], [ -79.957722991187822, 35.942216999638802 ], [ -79.956339991394628, 35.943835999698202 ], [ -79.956868990850921, 35.944189000413971 ], [ -79.952579990721034, 35.948382000332977 ], [ -79.952582991403318, 35.949780000094457 ], [ -79.95449999138124, 35.951949000193082 ], [ -79.945775991419978, 35.956219000183573 ], [ -79.936445990929087, 35.960121000492741 ], [ -79.929963991170936, 35.966312999766778 ], [ -79.917764991405079, 35.97280400020427 ], [ -79.915215991093632, 35.970907999743559 ], [ -79.91399199162818, 35.96891399985298 ], [ -79.911036990811297, 35.959958999730105 ], [ -79.905429991462526, 35.95912000043991 ], [ -79.905219991047389, 35.956272000489825 ], [ -79.894151991119273, 35.962981000117153 ], [ -79.897075990773303, 35.956259000306808 ], [ -79.895495991574265, 35.953173000377504 ], [ -79.888929991479728, 35.953404000422289 ], [ -79.887156990995649, 35.951659000350901 ], [ -79.886024990818598, 35.951884000271917 ], [ -79.885806991598216, 35.953190999942201 ], [ -79.880793991137026, 35.951468000125743 ], [ -79.883142990868592, 35.950541999718361 ], [ -79.883828991430931, 35.949375999822081 ], [ -79.880737991120938, 35.948627000290159 ], [ -79.881726991144106, 35.946693000106499 ], [ -79.881182991387931, 35.946054000368221 ], [ -79.878596990713689, 35.946346000513124 ], [ -79.878661991032402, 35.930584999827431 ], [ -79.875371991067922, 35.928984000391054 ], [ -79.872428991121836, 35.92534200029116 ], [ -79.87117899140911, 35.925759000320234 ], [ -79.871035990670137, 35.927832000017567 ], [ -79.867727991205484, 35.926646000020888 ], [ -79.864129990888017, 35.922582000283768 ], [ -79.86092299147937, 35.916232000350384 ], [ -79.856346991265681, 35.915400000115788 ], [ -79.854632990621667, 35.912946000046261 ], [ -79.920517991324331, 35.915737999680246 ], [ -79.972286990666234, 35.917809999879573 ] ] ] } },
{ "type": "Feature", "properties": { "county": null, "precinct": null, "enr_desc": "Jef3", "winner": null, "winner_votes": null, "winner_share": null, "runner_up": null, "runner_up_votes": null, "runner_up_share": null, "contest_votes": null, "margin_of_victory": null, "is_tie": false, "results": null, "participated": false, "map_key": null }, "geometry": { "type": "Polygon", "coordinates": [ [ [ -79.7353189908535, 36.026647000254854 ], [ -79.760926990641366, 36.036305999741273 ], [ -79.760296991164395, 36.037461999652059 ], [ -79.758812991309043, 36.036951000485992 ], [ -79.757866991296439, 36.038654999988132 ], [ -79.762095991188318, 36.039617000355008 ], [ -79.762107990717752, 36.040340999951844 ], [ -79.757701991284918, 36.040188000065633 ], [ -79.757063991652245, 36.041243999892309 ], [ -79.760582991557271, 36.041387999956058 ], [ -79.760522991621059, 36.042486000070035 ], [ -79.761979991663353, 36.042544000209759 ], [ -79.76184799158726, 36.045244000113655 ], [ -79.758254990672398, 36.045800999677795 ], [ -79.757782990964714, 36.046772999725711 ], [ -79.750146990861026, 36.047308999687516 ], [ -79.731810991432695, 36.052607000244521 ], [ -79.70991999065086, 36.057286999920933 ], [ -79.701647990977321, 36.058181000400403 ], [ -79.701350990739684, 36.052923999746064 ], [ -79.699895990665738, 36.052855999792044 ], [ -79.699842991494222, 36.050028999921466 ], [ -79.69852999078762, 36.047769999727329 ], [ -79.696627990996703, 36.046940999914376 ], [ -79.694536991623096, 36.044259000287909 ], [ -79.691972991406601, 36.043956999954013 ], [ -79.691079991440574, 36.039065999818199 ], [ -79.692648990926102, 36.03737899990471 ], [ -79.695144991043662, 36.036511000169405 ], [ -79.695882991338081, 36.035148000290896 ], [ -79.699789991654058, 36.034705999735223 ], [ -79.701903990877881, 36.03356499978031 ], [ -79.703425991276546, 36.030404999891658 ], [ -79.702545990867421, 36.029546999844577 ], [ -79.703485990952686, 36.026657000257138 ], [ -79.716198990679516, 36.023298000038601 ], [ -79.72722099102478, 36.022894999895726 ], [ -79.7353189908535, 36.026647000254854 ] ] ] } },
{ "type": "Feature", "properties": { "county": "GUILFORD", "precinct": "JEF4", "enr_desc": "Jef4", "winner": "Nigel W. Bristow", "winner_votes": 49.0, "winner_share": 41.880341880341881, "runner_up": "Richard N. Ojeda II", "runner_up_votes": 34.0, "runner_up_share": 29.059829059829063, "contest_votes": 117.0, "margin_of_victory": 12.820512820512818, "is_tie": false, "results": [ { "candidate": "Nigel W. Bristow", "votes": 49, "share": 41.88034188034188 }, { "candidate": "Richard N. Ojeda II", "votes": 34, "share": 29.059829059829063 }, { "candidate": "Lent C. Carr II", "votes": 19, "share": 16.23931623931624 }, { "candidate": "Loren Bibler", "votes": 15, "share": 12.82051282051282 } ], "participated": true, "map_key": "GUILFORD_JEF4" }, "geometry": { "type": "Polygon", "coordinates": [ [ [ -79.707489990839846, 36.019129999819633 ], [ -79.712789990885099, 36.022686999863183 ], [ -79.716198990679516, 36.023298000038601 ], [ -79.703485990952686, 36.026657000257138 ], [ -79.702545990867421, 36.029546999844577 ], [ -79.703425991276546, 36.030404999891658 ], [ -79.701903990877881, 36.03356499978031 ], [ -79.699789991654058, 36.034705999735223 ], [ -79.695882991338081, 36.035148000290896 ], [ -79.695144991043662, 36.036511000169405 ], [ -79.692648990926102, 36.03737899990471 ], [ -79.691079991440574, 36.039065999818199 ], [ -79.691972991406601, 36.043956999954013 ], [ -79.694536991623096, 36.044259000287909 ], [ -79.696627990996703, 36.046940999914376 ], [ -79.69852999078762, 36.047769999727329 ], [ -79.699842991494222, 36.050028999921466 ], [ -79.699895990665738, 36.052855999792044 ], [ -79.701350990739684, 36.052923999746064 ], [ -79.701647990977321, 36.058181000400403 ], [ -79.683611991077342, 36.05985500045761 ], [ -79.646123990892846, 36.05890499962112 ], [ -79.635218991429994, 36.057915999906484 ], [ -79.621519991072574, 36.059042999667021 ], [ -79.620979991123463, 36.03412500009501 ], [ -79.621975991485385, 36.015822000187839 ], [ -79.686822991156546, 36.019465000365201 ], [ -79.707082990870759, 36.020257999934238 ], [ -79.706457990926154, 36.018395000185912 ], [ -79.707489990839846, 36.019129999819633 ] ] ] } },
{ "type": "Feature", "properties": { "county": "RANDOLPH", "precinct": "LB", "enr_desc": "Liberty", "winner": "Richard N. Ojeda II", "winner_votes": 76.0, "winner_share": 44.970414201183431, "runner_up": "Nigel W. Bristow", "runner_up_votes": 40.0, "runner_up_share": 23.668639053254438, "contest_votes": 169.0, "margin_of_victory": 21.301775147928993, "is_tie": false, "results": [ { "candidate": "Richard N. Ojeda II", "votes": 76, "share": 44.97041420118343 }, { "candidate": "Nigel W. Bristow", "votes": 40, "share": 23.668639053254438 }, { "candidate": "Loren Bibler", "votes": 35, "share": 20.710059171597635 }, { "candidate": "Lent C. Carr II", "votes": 18, "share": 10.650887573964498 } ], "participated": true, "map_key": "RANDOLPH_LB" }, "geometry": { "type": "Polygon", "coordinates": [ [ [ -79.543217990843772, 35.817758000216237 ], [ -79.564576990680848, 35.817951000339761 ], [ -79.568492990949622, 35.819676999904722 ], [ -79.599003991664958, 35.841822000291657 ], [ -79.605435991580208, 35.848356000456761 ], [ -79.610694990730664, 35.853934999634916 ], [ -79.626427991334992, 35.865636999779497 ], [ -79.63516999116662, 35.879519999968061 ], [ -79.638559991245515, 35.883027000242258 ], [ -79.635209991434351, 35.88747200019634 ], [ -79.634565991582846, 35.898560000264872 ], [ -79.63310899132523, 35.903276999779436 ], [ -79.629456990705719, 35.903429000401132 ], [ -79.62794599091707, 35.90336799988772 ], [ -79.541727990877874, 35.899850999862117 ], [ -79.542427991097554, 35.843302999849996 ], [ -79.543217990843772, 35.817758000216237 ] ] ] } },
{ "type": "Feature", "properties": { "county": "RANDOLPH", "precinct": "LC", "enr_desc": "Level Cross", "winner": "Nigel W. Bristow", "winner_votes": 31.0, "winner_share": 37.349397590361441, "runner_up": "Richard N. Ojeda II", "runner_up_votes": 27.0, "runner_up_share": 32.53012048192771, "contest_votes": 83.0, "margin_of_victory": 4.8192771084337309, "is_tie": false, "results": [ { "candidate": "Nigel W. Bristow", "votes": 31, "share": 37.34939759036144 }, { "candidate": "Richard N. Ojeda II", "votes": 27, "share": 32.53012048192771 }, { "candidate": "Loren Bibler", "votes": 14, "share": 16.867469879518072 }, { "candidate": "Lent C. Carr II", "votes": 11, "share": 13.253012048192772 } ], "participated": true, "map_key": "RANDOLPH_LC" }, "geometry": { "type": "Polygon", "coordinates": [ [ [ -79.824253991543358, 35.845502000264609 ], [ -79.8289869912022, 35.845239000112173 ], [ -79.829692991577318, 35.84599400036047 ], [ -79.829580991157073, 35.847247000124831 ], [ -79.827243990639076, 35.849062999893704 ], [ -79.828765990806033, 35.850683000042885 ], [ -79.827893991343231, 35.853225000157295 ], [ -79.828399990926428, 35.857530999711656 ], [ -79.827780990817146, 35.863304000492732 ], [ -79.831803991501843, 35.866255000400841 ], [ -79.832367991279099, 35.868569000135246 ], [ -79.831777990905735, 35.869600000363029 ], [ -79.829020990827715, 35.869050000337836 ], [ -79.827668990911491, 35.873130000510578 ], [ -79.832481991517767, 35.874088000325912 ], [ -79.833976991537952, 35.875617000414572 ], [ -79.834002990691403, 35.876806999965105 ], [ -79.830403991331551, 35.87973800032308 ], [ -79.83026499079304, 35.881964000365855 ], [ -79.831921991155724, 35.883286999816029 ], [ -79.83648299073954, 35.884594000086729 ], [ -79.842533991215049, 35.884985999612113 ], [ -79.841266991199461, 35.887543000138216 ], [ -79.838480991700294, 35.890365000403293 ], [ -79.838706990756535, 35.891646999974625 ], [ -79.845744991290132, 35.892102999758642 ], [ -79.848277991640003, 35.896409999735369 ], [ -79.8533739911624, 35.901561999814589 ], [ -79.8529799916694, 35.903640000317139 ], [ -79.856642990849892, 35.906705000172515 ], [ -79.856361991584933, 35.908559000483343 ], [ -79.85487099148304, 35.910006000127147 ], [ -79.854632990621667, 35.912946000046261 ], [ -79.791235991713179, 35.910102000419194 ], [ -79.763308991092131, 35.908841999870837 ], [ -79.770576991454263, 35.884500999916995 ], [ -79.769767991615879, 35.882639999864189 ], [ -79.770136990883387, 35.879578000330191 ], [ -79.769433990720003, 35.877993000361108 ], [ -79.768111991484787, 35.877510999928397 ], [ -79.770529991543015, 35.876850000408353 ], [ -79.771039991001444, 35.875449000395641 ], [ -79.769967991222174, 35.874193999961243 ], [ -79.769855990718284, 35.872389999727424 ], [ -79.767775991079006, 35.870556000368417 ], [ -79.770786990869539, 35.869136000334429 ], [ -79.768776991010981, 35.860387999671744 ], [ -79.773822991533763, 35.859335000041078 ], [ -79.777540990695442, 35.856995000293516 ], [ -79.78143799066919, 35.850766000444203 ], [ -79.786064991663807, 35.850319999977451 ], [ -79.797349991204186, 35.845956999717757 ], [ -79.802326991020166, 35.845202999623474 ], [ -79.824253991543358, 35.845502000264609 ] ] ] } },
{ "type": "Feature", "properties": { "county": null, "precinct": null, "enr_desc": "Linden", "winner": null, "winner_votes": null, "winner_share": null, "runner_up": null, "runner_up_votes": null, "runner_up_share": null, "contest_votes": null, "margin_of_victory": null, "is_tie": false, "results": null, "participated": false, "map_key": null }, "geometry": { "type": "Polygon", "coordinates": [ [ [ -78.878389990978661, 35.231601999765971 ], [ -78.87523499146107, 35.234021000330266 ], [ -78.873897991486928, 35.23637400014232 ], [ -78.875960990856981, 35.239098999770029 ], [ -78.876373990714072, 35.241207000183799 ], [ -78.870241990786653, 35.244346000261196 ], [ -78.866892990955549, 35.244936000220626 ], [ -78.85993099160622, 35.2424960003219 ], [ -78.854502991031964, 35.248382000068091 ], [ -78.848096991312218, 35.250221999756477 ], [ -78.847157990864162, 35.252985999538836 ], [ -78.842532990949508, 35.25245999956266 ], [ -78.838666991782574, 35.253930000023153 ], [ -78.834668990914977, 35.252353000162863 ], [ -78.832216991370629, 35.255509000197783 ], [ -78.828276991472947, 35.255108999568087 ], [ -78.826417991475566, 35.258623999601475 ], [ -78.824941991757811, 35.259613000413587 ], [ -78.815774991722364, 35.260195999936478 ], [ -78.811728990734011, 35.257602999716767 ], [ -78.810027990739357, 35.257518000350643 ], [ -78.808924991198666, 35.258446999579519 ], [ -78.805854991742152, 35.256639999998903 ], [ -78.803168991260932, 35.259327000368522 ], [ -78.801459991536035, 35.262951000084229 ], [ -78.798659990733356, 35.262001999588456 ], [ -78.797668991642681, 35.264834000155417 ], [ -78.794279991742684, 35.266101000342942 ], [ -78.786811991633201, 35.263561000135873 ], [ -78.782494991010495, 35.263753999896409 ], [ -78.783742991452598, 35.262526000299196 ], [ -78.782168991044202, 35.260999000185627 ], [ -78.78061799095785, 35.261053999593763 ], [ -78.780469991369188, 35.262418000383775 ], [ -78.778259991466385, 35.263558999835141 ], [ -78.774638991079954, 35.262242999538799 ], [ -78.771041990783417, 35.262099000129993 ], [ -78.769615991446074, 35.259303999738385 ], [ -78.7658839912405, 35.258229999947616 ], [ -78.764180990970857, 35.258659999577425 ], [ -78.763683991606371, 35.261437000166033 ], [ -78.761887990906999, 35.261697999715551 ], [ -78.761013990874233, 35.261053000151598 ], [ -78.761267990719318, 35.262091000281039 ], [ -78.762994991018886, 35.26315999968709 ], [ -78.759973991627319, 35.263938999546419 ], [ -78.760608990999785, 35.262225999675124 ], [ -78.75909999158452, 35.261551000009057 ], [ -78.757933991611623, 35.262037000071885 ], [ -78.757529991743382, 35.263504999961448 ], [ -78.754494991694244, 35.263412999624009 ], [ -78.754023991272547, 35.259715000333472 ], [ -78.750106991113725, 35.26163500035716 ], [ -78.750029990831109, 35.263476000040534 ], [ -78.747880990695904, 35.262750999614973 ], [ -78.745648991456292, 35.263650000310918 ], [ -78.741095991448248, 35.263817999662571 ], [ -78.736024991410602, 35.261698999957453 ], [ -78.730028990753212, 35.263259999810089 ], [ -78.72700499129526, 35.266464999777945 ], [ -78.725563991080364, 35.266900000412384 ], [ -78.723355991589287, 35.265475999643883 ], [ -78.720505991622204, 35.264936000082123 ], [ -78.719417991722196, 35.260668999734847 ], [ -78.718483991458086, 35.259765999632272 ], [ -78.7149979909168, 35.260167999536016 ], [ -78.712695991065402, 35.259273999752146 ], [ -78.711752990801358, 35.257552999975886 ], [ -78.707701991267825, 35.259194000143353 ], [ -78.704799991213989, 35.256817000094067 ], [ -78.702739991513312, 35.256815000323932 ], [ -78.702539990987333, 35.253609999716289 ], [ -78.701018991420057, 35.249274000421373 ], [ -78.693740990916609, 35.240930000104271 ], [ -78.693110991746209, 35.239087999835256 ], [ -78.693680990728367, 35.233861000269606 ], [ -78.697205990881727, 35.228831999683479 ], [ -78.704055990691543, 35.2242449997051 ], [ -78.705278991245848, 35.222620000132608 ], [ -78.706216991474975, 35.220296999708303 ], [ -78.705785991447456, 35.214940999532352 ], [ -78.70769099162078, 35.211983999855434 ], [ -78.711380991671021, 35.207847999956712 ], [ -78.71801899169084, 35.203751999693907 ], [ -78.722217990695214, 35.199494000165686 ], [ -78.726824991327121, 35.189612000261249 ], [ -78.729089991114591, 35.180510000282041 ], [ -78.731554991380051, 35.176993000117463 ], [ -78.735460991148997, 35.175000999531271 ], [ -78.73976799179124, 35.174301999532226 ], [ -78.747671990902646, 35.174847000014097 ], [ -78.751818991065434, 35.177053000139232 ], [ -78.75736699136408, 35.183683999814093 ], [ -78.762137991582563, 35.185281000031232 ], [ -78.774644991394723, 35.179576000035539 ], [ -78.801824991741753, 35.178693000367652 ], [ -78.823314991328644, 35.170741000139252 ], [ -78.829956991572544, 35.166439000102592 ], [ -78.831820991163326, 35.16727099957312 ], [ -78.830774991229731, 35.167727999672621 ], [ -78.831508990819927, 35.168890000307762 ], [ -78.830075991329849, 35.170010999798507 ], [ -78.831238991737834, 35.170359000173924 ], [ -78.831676991044517, 35.172266000389946 ], [ -78.833632991666008, 35.173138999814881 ], [ -78.833367991218395, 35.174179000393906 ], [ -78.83548399152177, 35.177496999685644 ], [ -78.834974991053016, 35.178887000111388 ], [ -78.836102991522708, 35.180912999971738 ], [ -78.838456991191947, 35.182125999899952 ], [ -78.842190991493354, 35.182922000263808 ], [ -78.847670991054656, 35.182204999623117 ], [ -78.858757991417235, 35.175554999785682 ], [ -78.853504991110682, 35.183426000293437 ], [ -78.84996999133908, 35.192922000307519 ], [ -78.848991991122858, 35.205364999976553 ], [ -78.86315399128749, 35.211850999567702 ], [ -78.864410990907658, 35.213568999938367 ], [ -78.867006991400643, 35.223895999855621 ], [ -78.878389990978661, 35.231601999765971 ] ] ] } },
{ "type": "Feature", "properties": { "county": null, "precinct": null, "enr_desc": "Long Hill", "winner": null, "winner_votes": null, "winner_share": null, "runner_up": null, "runner_up_votes": null, "runner_up_share": null, "contest_votes": null, "margin_of_victory": null, "is_tie": false, "results": null, "participated": false, "map_key": null }, "geometry": { "type": "MultiPolygon", "coordinates": [ [ [ [ -78.912697991213022, 35.153379999967591 ], [ -78.914293991314679, 35.157652999618591 ], [ -78.9098189908416, 35.159031000209858 ], [ -78.910466991726281, 35.159711000235511 ], [ -78.908844990845793, 35.161006999582774 ], [ -78.901901991724458, 35.161398999955843 ], [ -78.903334990874029, 35.162665000146994 ], [ -78.902978991315749, 35.164006999768077 ], [ -78.904976991608322, 35.170371000169659 ], [ -78.905419990901009, 35.177952000243494 ], [ -78.908418991320573, 35.18516799980528 ], [ -78.90856099147345, 35.186902999688947 ], [ -78.904499990787372, 35.190510000403037 ], [ -78.926834991589971, 35.21320800006778 ], [ -78.935533991508251, 35.218734000191546 ], [ -78.931914990759637, 35.221175999823849 ], [ -78.930074991274822, 35.221413999953434 ], [ -78.929484991137457, 35.222381000136131 ], [ -78.925521991657277, 35.221882999549258 ], [ -78.925658991157718, 35.223442000359441 ], [ -78.924708990885122, 35.223893000005127 ], [ -78.922291991240257, 35.223124999925425 ], [ -78.921427990914978, 35.220454999850567 ], [ -78.9202109913046, 35.220275999739009 ], [ -78.91668099173161, 35.22370900018533 ], [ -78.913906991028796, 35.223953999824573 ], [ -78.911169991663371, 35.226291999864742 ], [ -78.905434991583107, 35.226972000030379 ], [ -78.898044991561747, 35.231168000238242 ], [ -78.897046990796682, 35.229771000388858 ], [ -78.894495990899486, 35.229645999788204 ], [ -78.893079991725301, 35.22864499995049 ], [ -78.888592991247165, 35.230789999642127 ], [ -78.88194299171569, 35.229989999818415 ], [ -78.878389990978661, 35.231601999765971 ], [ -78.867006991400643, 35.223895999855621 ], [ -78.864410990907658, 35.213568999938367 ], [ -78.86315399128749, 35.211850999567702 ], [ -78.848991991122858, 35.205364999976553 ], [ -78.84996999133908, 35.192922000307519 ], [ -78.853504991110682, 35.183426000293437 ], [ -78.858757991417235, 35.175554999785682 ], [ -78.847670991054656, 35.182204999623117 ], [ -78.842190991493354, 35.182922000263808 ], [ -78.838456991191947, 35.182125999899952 ], [ -78.836102991522708, 35.180912999971738 ], [ -78.834974991053016, 35.178887000111388 ], [ -78.83548399152177, 35.177496999685644 ], [ -78.833367991218395, 35.174179000393906 ], [ -78.833632991666008, 35.173138999814881 ], [ -78.831676991044517, 35.172266000389946 ], [ -78.831238991737834, 35.170359000173924 ], [ -78.830075991329849, 35.170010999798507 ], [ -78.831508990819927, 35.168890000307762 ], [ -78.830774991229731, 35.167727999672621 ], [ -78.831820991163326, 35.16727099957312 ], [ -78.829956991572544, 35.166439000102592 ], [ -78.837817991150771, 35.159640000105895 ], [ -78.840801991429245, 35.156259000363036 ], [ -78.843336991019328, 35.151397999959755 ], [ -78.857339991011784, 35.154563999601564 ], [ -78.863512990855355, 35.155125000166969 ], [ -78.867084991649776, 35.154663000396468 ], [ -78.867793990733119, 35.153101999739 ], [ -78.870557991254003, 35.150997999791585 ], [ -78.869250991134564, 35.157415000112394 ], [ -78.874502990814079, 35.15834400033625 ], [ -78.892694991595562, 35.155019999589122 ], [ -78.907669991708403, 35.154654999893999 ], [ -78.912697991213022, 35.153379999967591 ] ] ], [ [ [ -78.870557991254003, 35.150997999791585 ], [ -78.871159991301127, 35.148473999947676 ], [ -78.872614991047683, 35.148931999824121 ], [ -78.872248990851887, 35.150620999955258 ], [ -78.870557991254003, 35.150997999791585 ] ] ] ] } },
{ "type": "Feature", "properties": { "county": "CUMBERLAND", "precinct": "LR63", "enr_desc": "Lake Rim", "winner": "Richard N. Ojeda II", "winner_votes": 213.0, "winner_share": 31.555555555555554, "runner_up": "Nigel W. Bristow", "runner_up_votes": 180.0, "runner_up_share": 26.666666666666668, "contest_votes": 675.0, "margin_of_victory": 4.8888888888888857, "is_tie": false, "results": [ { "candidate": "Richard N. Ojeda II", "votes": 213, "share": 31.555555555555554 }, { "candidate": "Nigel W. Bristow", "votes": 180, "share": 26.666666666666668 }, { "candidate": "Lent C. Carr II", "votes": 160, "share": 23.703703703703706 }, { "candidate": "Loren Bibler", "votes": 122, "share": 18.074074074074073 } ], "participated": true, "map_key": "CUMBERLAND_LR63" }, "geometry": { "type": "Polygon", "coordinates": [ [ [ -79.081691990869132, 35.03269799988103 ], [ -79.080764991767182, 35.036572999599784 ], [ -79.082966990961495, 35.047514999830639 ], [ -79.082438991191452, 35.049216000097914 ], [ -79.080581991145124, 35.050319000184018 ], [ -79.072662991676012, 35.051425999798589 ], [ -79.068430991295841, 35.055198000095885 ], [ -79.06334499164025, 35.055255999991807 ], [ -79.063416991287923, 35.056961999888514 ], [ -79.059204991245707, 35.056772999841954 ], [ -79.059277991022086, 35.055371999672403 ], [ -79.06007199140771, 35.054852999991461 ], [ -79.059276991698226, 35.052929999641428 ], [ -79.05292399094543, 35.048215000198027 ], [ -79.052089991749682, 35.043366000172639 ], [ -79.048701991456099, 35.039783000037311 ], [ -79.048753991183176, 35.036655000211901 ], [ -79.045937991570682, 35.035196000183262 ], [ -79.04359399123986, 35.031761999765791 ], [ -79.041645991706588, 35.030999000096045 ], [ -79.045896991743533, 35.030031999785272 ], [ -79.077107991425478, 35.032864000004047 ], [ -79.081691990869132, 35.03269799988103 ] ] ] } },
{ "type": "Feature", "properties": { "county": "MOORE", "precinct": "LTR", "enr_desc": "Little River", "winner": "Richard N. Ojeda II", "winner_votes": 55.0, "winner_share": 63.953488372093027, "runner_up": "Loren Bibler", "runner_up_votes": 17.0, "runner_up_share": 19.767441860465116, "contest_votes": 86.0, "margin_of_victory": 44.186046511627907, "is_tie": false, "results": [ { "candidate": "Richard N. Ojeda II", "votes": 55, "share": 63.95348837209303 }, { "candidate": "Loren Bibler", "votes": 17, "share": 19.767441860465116 }, { "candidate": "Nigel W. Bristow", "votes": 11, "share": 12.790697674418606 }, { "candidate": "Lent C. Carr II", "votes": 3, "share": 3.488372093023256 } ], "participated": true, "map_key": "MOORE_LTR" }, "geometry": { "type": "Polygon", "coordinates": [ [ [ -79.24016899154762, 35.208395999961986 ], [ -79.242108991537577, 35.209245000052107 ], [ -79.240741990823039, 35.211968999602121 ], [ -79.242749991536172, 35.213735000261558 ], [ -79.246659991691274, 35.213100000396153 ], [ -79.247148990743227, 35.211308000014384 ], [ -79.249326991430266, 35.209078999692245 ], [ -79.249611991663627, 35.207436000438463 ], [ -79.255658991485845, 35.202926000413491 ], [ -79.256957991056623, 35.202904999959912 ], [ -79.259533990834697, 35.204494000270095 ], [ -79.261308991317136, 35.202907000020552 ], [ -79.26137099085075, 35.201434000366454 ], [ -79.26455899128112, 35.199183000032789 ], [ -79.271058991770104, 35.199371999900968 ], [ -79.275230990969931, 35.197889999617246 ], [ -79.277078991450608, 35.195511000197932 ], [ -79.280466991605593, 35.19448900037397 ], [ -79.281484990791924, 35.195226000311038 ], [ -79.282220991186747, 35.193877999705805 ], [ -79.28504699088154, 35.19289300041396 ], [ -79.284355990930223, 35.190223999960622 ], [ -79.286305990814071, 35.190600999611348 ], [ -79.288415991334432, 35.188352999858665 ], [ -79.290289990888738, 35.188381000187249 ], [ -79.291119991611666, 35.187589999917719 ], [ -79.292786991260982, 35.188371000010221 ], [ -79.294474991486567, 35.184754999791004 ], [ -79.298575990716344, 35.182118000355395 ], [ -79.30155099129, 35.179118000252181 ], [ -79.301389991744898, 35.178299000454921 ], [ -79.302467991179171, 35.178514000310891 ], [ -79.304314991368614, 35.177117999779469 ], [ -79.304622990920336, 35.175204999799099 ], [ -79.306871991526222, 35.175320999848644 ], [ -79.308083990854314, 35.173655999874491 ], [ -79.310539990950645, 35.172963999615369 ], [ -79.312299991230063, 35.168485000284768 ], [ -79.314019991707724, 35.167864000436516 ], [ -79.316114990940846, 35.168550999994331 ], [ -79.318931990825917, 35.167335999677007 ], [ -79.320564991459761, 35.167732000320875 ], [ -79.323997991243459, 35.166868999753525 ], [ -79.327330991313744, 35.164729999984523 ], [ -79.32932499120426, 35.16446699963543 ], [ -79.329819991093117, 35.163191999845289 ], [ -79.328320991037515, 35.162511000467084 ], [ -79.328534991601742, 35.161521000030184 ], [ -79.330729991423595, 35.16219699980698 ], [ -79.332087990952161, 35.161322999638422 ], [ -79.335436990825769, 35.161580999653076 ], [ -79.298334991133402, 35.196135000179041 ], [ -79.23772499168598, 35.254437999734918 ], [ -79.223020991704473, 35.268133000232623 ], [ -79.212323991356925, 35.262287999725565 ], [ -79.202522991648266, 35.25818099987211 ], [ -79.193543990910385, 35.250129000169913 ], [ -79.186890990952506, 35.247339000213799 ], [ -79.178679991145131, 35.247786999606433 ], [ -79.171447991277944, 35.243135999912042 ], [ -79.165107991552162, 35.240924999888477 ], [ -79.161521991274512, 35.237068000170325 ], [ -79.159539990824641, 35.233328999907229 ], [ -79.153880991147986, 35.229226000416894 ], [ -79.154097991785264, 35.21988299973075 ], [ -79.151254990819297, 35.213699000190118 ], [ -79.137944991526695, 35.211406000278799 ], [ -79.134638991331755, 35.206824000428497 ], [ -79.125790991534075, 35.206401000049318 ], [ -79.120491990883011, 35.204844000383162 ], [ -79.100760991156307, 35.19635899971945 ], [ -79.09680299077236, 35.192259999935182 ], [ -79.095807991479944, 35.192068000436109 ], [ -79.096900991457048, 35.191461999977832 ], [ -79.098142991490192, 35.188595000059699 ], [ -79.098719990815312, 35.184095000292629 ], [ -79.097746991684289, 35.181402999857994 ], [ -79.098181991346436, 35.180502000231414 ], [ -79.096505990951243, 35.179423000284856 ], [ -79.097053991468286, 35.178249000043564 ], [ -79.09626199110113, 35.177857999730243 ], [ -79.097550991044955, 35.174232999655572 ], [ -79.099562990896573, 35.173515999959051 ], [ -79.10109499172907, 35.171909000175113 ], [ -79.103382991596547, 35.172713000449043 ], [ -79.104410991466636, 35.175208999978615 ], [ -79.107533991456734, 35.175851999588978 ], [ -79.108915990739959, 35.174704000030388 ], [ -79.109612991281836, 35.172733999596012 ], [ -79.109213991425662, 35.171225999965579 ], [ -79.11007499149612, 35.170538000444928 ], [ -79.11186699139742, 35.170115000038784 ], [ -79.116345990995953, 35.171707999887076 ], [ -79.119872991200509, 35.171702000347331 ], [ -79.12248799082252, 35.169328999993958 ], [ -79.122948991763209, 35.167393000109001 ], [ -79.125263991694538, 35.166538000268943 ], [ -79.127564991634088, 35.167672000243243 ], [ -79.128214991637094, 35.171643999959997 ], [ -79.131509991064647, 35.173898999981276 ], [ -79.129550991490134, 35.175731000007957 ], [ -79.132951990858999, 35.177748999598357 ], [ -79.136259991246447, 35.177063999568283 ], [ -79.135507991226476, 35.176140999907588 ], [ -79.137272991737547, 35.171557000080227 ], [ -79.140809991060848, 35.169234000356859 ], [ -79.142843991482437, 35.169011999977421 ], [ -79.146359991533998, 35.170555999672587 ], [ -79.145752991587585, 35.172060000359522 ], [ -79.148892990728498, 35.173090000149877 ], [ -79.147626991470403, 35.176173999940843 ], [ -79.148762991146469, 35.17626399968308 ], [ -79.151832991743177, 35.174147000197614 ], [ -79.154973990782054, 35.176629999834823 ], [ -79.153983991038288, 35.178109000406863 ], [ -79.154442991549857, 35.180724999580683 ], [ -79.156412991230184, 35.179947000342814 ], [ -79.158702990730617, 35.182378999775572 ], [ -79.160408991193691, 35.182468999757198 ], [ -79.159341990931935, 35.179463000432598 ], [ -79.161505991441558, 35.178722999954594 ], [ -79.161954991169821, 35.180451999718528 ], [ -79.168328990761907, 35.181383000096993 ], [ -79.168969991313858, 35.182431999824566 ], [ -79.167497991405227, 35.183958000202132 ], [ -79.167959990818744, 35.185064000358921 ], [ -79.170218990848554, 35.184959000361701 ], [ -79.17265299082834, 35.186284000131288 ], [ -79.173251991303843, 35.18783999956743 ], [ -79.171970991748879, 35.189125999812696 ], [ -79.172831991413034, 35.190793999753176 ], [ -79.172393991626933, 35.19150699957315 ], [ -79.175213990806071, 35.193059999872638 ], [ -79.178267991247367, 35.191831000310806 ], [ -79.178648991759246, 35.189888000050409 ], [ -79.180090991000299, 35.190429000063112 ], [ -79.181129991355519, 35.189770999773501 ], [ -79.183755991318023, 35.190729999987411 ], [ -79.18332999127297, 35.191958999786785 ], [ -79.185040991729579, 35.193703000433558 ], [ -79.188592991015597, 35.194056999839965 ], [ -79.189039991338433, 35.192352000315672 ], [ -79.190706991723403, 35.193381999658271 ], [ -79.192731990992712, 35.1930740001972 ], [ -79.19312499103421, 35.194584000116336 ], [ -79.194890991786806, 35.194420000235027 ], [ -79.195359991569163, 35.193798000367792 ], [ -79.194373991506808, 35.192580999899967 ], [ -79.195076991230238, 35.191591000218445 ], [ -79.196001990729314, 35.193040000100986 ], [ -79.198489991295887, 35.192132999797629 ], [ -79.200509990769376, 35.192297999907886 ], [ -79.201274991624373, 35.193509000162848 ], [ -79.202377990777833, 35.192395999863855 ], [ -79.204297991274927, 35.192640999604464 ], [ -79.203495991252012, 35.194302000409024 ], [ -79.204224990842576, 35.195719000424695 ], [ -79.206088991510526, 35.195158999780752 ], [ -79.206208991491863, 35.19365699975603 ], [ -79.208058990926475, 35.194822000291914 ], [ -79.211628991619222, 35.193948000006372 ], [ -79.213991991027285, 35.195138000455252 ], [ -79.216683990855188, 35.19794099995849 ], [ -79.218316990739666, 35.198337999591033 ], [ -79.219755991594326, 35.202391999879268 ], [ -79.223510991275788, 35.202069999883079 ], [ -79.223967991234588, 35.204356999733946 ], [ -79.227408991158825, 35.207304000051131 ], [ -79.229711991540867, 35.210601999874001 ], [ -79.23427599096631, 35.2101239997777 ], [ -79.236675990941222, 35.210752999959567 ], [ -79.24016899154762, 35.208395999961986 ] ] ] } },
{ "type": "Feature", "properties": { "county": null, "precinct": null, "enr_desc": "Mon2B", "winner": null, "winner_votes": null, "winner_share": null, "runner_up": null, "runner_up_votes": null, "runner_up_share": null, "contest_votes": null, "margin_of_victory": null, "is_tie": false, "results": null, "participated": false, "map_key": null }, "geometry": { "type": "Polygon", "coordinates": [ [ [ -79.729365991192466, 36.151309999888312 ], [ -79.715253991241326, 36.170782999680178 ], [ -79.7084819906771, 36.181549999967018 ], [ -79.705592990999165, 36.178809000333807 ], [ -79.704683990824819, 36.176034000214514 ], [ -79.702175991090826, 36.178308999776831 ], [ -79.699645990688126, 36.177480000176452 ], [ -79.699231990580458, 36.154604999627828 ], [ -79.710638991270102, 36.152649999607412 ], [ -79.717371990873175, 36.153001000064108 ], [ -79.724960990803339, 36.151342000271235 ], [ -79.729365991192466, 36.151309999888312 ] ] ] } },
{ "type": "Feature", "properties": { "county": "GUILFORD", "precinct": "MON3", "enr_desc": "Mon3", "winner": "Richard N. Ojeda II", "winner_votes": 83.0, "winner_share": 32.806324110671937, "runner_up": "Nigel W. Bristow", "runner_up_votes": 79.0, "runner_up_share": 31.225296442687743, "contest_votes": 253.0, "margin_of_victory": 1.5810276679841948, "is_tie": false, "results": [ { "candidate": "Richard N. Ojeda II", "votes": 83, "share": 32.80632411067194 }, { "candidate": "Nigel W. Bristow", "votes": 79, "share": 31.225296442687743 }, { "candidate": "Loren Bibler", "votes": 51, "share": 20.158102766798418 }, { "candidate": "Lent C. Carr II", "votes": 40, "share": 15.810276679841898 } ], "participated": true, "map_key": "GUILFORD_MON3" }, "geometry": { "type": "Polygon", "coordinates": [ [ [ -79.699645990688126, 36.177480000176452 ], [ -79.702175991090826, 36.178308999776831 ], [ -79.704683990824819, 36.176034000214514 ], [ -79.705592990999165, 36.178809000333807 ], [ -79.7084819906771, 36.181549999967018 ], [ -79.709910990971551, 36.181885000343939 ], [ -79.711618991001174, 36.180571999952932 ], [ -79.713530990906989, 36.180389999742935 ], [ -79.715510990768792, 36.183570999674053 ], [ -79.719021991293815, 36.183470999829126 ], [ -79.719997991332235, 36.184822999639451 ], [ -79.718777991568317, 36.185691999985828 ], [ -79.720894991643362, 36.18756499971925 ], [ -79.720515990770579, 36.18938399963227 ], [ -79.725068990612272, 36.191587000440627 ], [ -79.725784991500205, 36.192812000359936 ], [ -79.729775990631609, 36.191694999957768 ], [ -79.732159991301856, 36.188976000072842 ], [ -79.743230991070988, 36.190185000379628 ], [ -79.74623999168449, 36.188595999923805 ], [ -79.755193991093961, 36.179452999674851 ], [ -79.759444991406923, 36.176427000415686 ], [ -79.764930991550145, 36.174219000347613 ], [ -79.776025991412652, 36.166262999919532 ], [ -79.777960990829442, 36.165214999735404 ], [ -79.781682990746674, 36.165101000425466 ], [ -79.783832990718238, 36.1668170004722 ], [ -79.786284990861134, 36.170939999716836 ], [ -79.783765991505888, 36.172255999628639 ], [ -79.783946990659373, 36.219279000418496 ], [ -79.7833699911411, 36.241376999704578 ], [ -79.783950991056471, 36.248687000263047 ], [ -79.700564990580332, 36.245894999702351 ], [ -79.699645990688126, 36.177480000176452 ] ] ] } },
{ "type": "Feature", "properties": { "county": "CUMBERLAND", "precinct": "MB62", "enr_desc": "Montibello", "winner": "Richard N. Ojeda II", "winner_votes": 100.0, "winner_share": 30.03003003003003, "runner_up": "Nigel W. Bristow", "runner_up_votes": 93.0, "runner_up_share": 27.927927927927925, "contest_votes": 333.0, "margin_of_victory": 2.1021021021021049, "is_tie": false, "results": [ { "candidate": "Richard N. Ojeda II", "votes": 100, "share": 30.03003003003003 }, { "candidate": "Nigel W. Bristow", "votes": 93, "share": 27.927927927927925 }, { "candidate": "Loren Bibler", "votes": 71, "share": 21.32132132132132 }, { "candidate": "Lent C. Carr II", "votes": 69, "share": 20.72072072072072 } ], "participated": true, "map_key": "CUMBERLAND_MB62" }, "geometry": { "type": "Polygon", "coordinates": [ [ [ -79.03113999149528, 35.033396999923454 ], [ -79.041645991706588, 35.030999000096045 ], [ -79.04359399123986, 35.031761999765791 ], [ -79.045937991570682, 35.035196000183262 ], [ -79.048753991183176, 35.036655000211901 ], [ -79.048701991456099, 35.039783000037311 ], [ -79.052089991749682, 35.043366000172639 ], [ -79.05292399094543, 35.048215000198027 ], [ -79.059276991698226, 35.052929999641428 ], [ -79.06007199140771, 35.054852999991461 ], [ -79.059277991022086, 35.055371999672403 ], [ -79.059204991245707, 35.056772999841954 ], [ -79.05447599087077, 35.05696600038921 ], [ -79.034773991766428, 35.064951000209383 ], [ -79.03480199119781, 35.065523999662069 ], [ -79.024151991377934, 35.066752999944711 ], [ -79.02215099132583, 35.067858000434754 ], [ -79.015885991337328, 35.066194000048014 ], [ -79.017476990782498, 35.062426999781458 ], [ -79.015508990886829, 35.061010000206643 ], [ -79.027813990986431, 35.041900999812569 ], [ -79.03113999149528, 35.033396999923454 ] ] ] } },
{ "type": "Feature", "properties": { "county": null, "precinct": null, "enr_desc": "Mon1", "winner": null, "winner_votes": null, "winner_share": null, "runner_up": null, "runner_up_votes": null, "runner_up_share": null, "contest_votes": null, "margin_of_victory": null, "is_tie": false, "results": null, "participated": false, "map_key": null }, "geometry": { "type": "Polygon", "coordinates": [ [ [ -79.712444991247182, 36.122952999795402 ], [ -79.717017990711568, 36.122914999864832 ], [ -79.718472990849136, 36.121584999962657 ], [ -79.719256991380121, 36.119227999794902 ], [ -79.722571990783706, 36.119032000310455 ], [ -79.721981991096357, 36.117073000432093 ], [ -79.725596991257589, 36.117043999876913 ], [ -79.727385991200222, 36.115229999682761 ], [ -79.727289991347675, 36.114282999825107 ], [ -79.732227991100444, 36.113077999856934 ], [ -79.732861991154152, 36.111145000212815 ], [ -79.735160991692084, 36.109904000172605 ], [ -79.736404990907602, 36.110883000201561 ], [ -79.738177990696258, 36.10981500028732 ], [ -79.741341991538278, 36.109886999982123 ], [ -79.741786991535221, 36.111303999646474 ], [ -79.74437799086968, 36.110586000496831 ], [ -79.745099991228372, 36.113841999935218 ], [ -79.744219991678449, 36.114054000450771 ], [ -79.74423299147017, 36.118264999860017 ], [ -79.744797991165186, 36.119710999906275 ], [ -79.745573990775654, 36.119574000385285 ], [ -79.745446991214138, 36.122844000346049 ], [ -79.746212991016321, 36.123237999703704 ], [ -79.745603990760415, 36.12449399971689 ], [ -79.743046990872529, 36.123510999952138 ], [ -79.741952991472516, 36.124108999808847 ], [ -79.741391991212112, 36.130257999708384 ], [ -79.744541990858806, 36.130386000295076 ], [ -79.729365991192466, 36.151309999888312 ], [ -79.724960990803339, 36.151342000271235 ], [ -79.717371990873175, 36.153001000064108 ], [ -79.710638991270102, 36.152649999607412 ], [ -79.699231990580458, 36.154604999627828 ], [ -79.699311991493431, 36.132936000152171 ], [ -79.699166991292657, 36.121027999968916 ], [ -79.704031991158686, 36.120152999658856 ], [ -79.7027109915323, 36.119010000477608 ], [ -79.704322991265528, 36.118191999826671 ], [ -79.708962991442988, 36.120389000195395 ], [ -79.710947991091345, 36.122888999853387 ], [ -79.712444991247182, 36.122952999795402 ] ] ] } },
{ "type": "Feature", "properties": { "county": null, "precinct": null, "enr_desc": "Mon2A", "winner": null, "winner_votes": null, "winner_share": null, "runner_up": null, "runner_up_votes": null, "runner_up_share": null, "contest_votes": null, "margin_of_victory": null, "is_tie": false, "results": null, "participated": false, "map_key": null }, "geometry": { "type": "Polygon", "coordinates": [ [ [ -79.757533991059404, 36.146128999882784 ], [ -79.76090599144176, 36.144865999727706 ], [ -79.766992991635675, 36.14443600002982 ], [ -79.774317991629729, 36.140825000091127 ], [ -79.776213991343099, 36.140782999632563 ], [ -79.778132991676983, 36.140558999725862 ], [ -79.781052990904456, 36.13869000042699 ], [ -79.781553991064598, 36.13964199997897 ], [ -79.784609991376882, 36.140139000181641 ], [ -79.785036991587276, 36.142923000139639 ], [ -79.779188991557078, 36.145787000502011 ], [ -79.779446990661356, 36.148432000288132 ], [ -79.776422990637229, 36.148843000005883 ], [ -79.776344990904676, 36.149883999811607 ], [ -79.776261990741787, 36.15271000037724 ], [ -79.784025990988951, 36.152900000310645 ], [ -79.783832990718238, 36.1668170004722 ], [ -79.781682990746674, 36.165101000425466 ], [ -79.777960990829442, 36.165214999735404 ], [ -79.776025991412652, 36.166262999919532 ], [ -79.764930991550145, 36.174219000347613 ], [ -79.759444991406923, 36.176427000415686 ], [ -79.755193991093961, 36.179452999674851 ], [ -79.74623999168449, 36.188595999923805 ], [ -79.743230991070988, 36.190185000379628 ], [ -79.732159991301856, 36.188976000072842 ], [ -79.729775990631609, 36.191694999957768 ], [ -79.725784991500205, 36.192812000359936 ], [ -79.725068990612272, 36.191587000440627 ], [ -79.720515990770579, 36.18938399963227 ], [ -79.720894991643362, 36.18756499971925 ], [ -79.718777991568317, 36.185691999985828 ], [ -79.719997991332235, 36.184822999639451 ], [ -79.719021991293815, 36.183470999829126 ], [ -79.715510990768792, 36.183570999674053 ], [ -79.713530990906989, 36.180389999742935 ], [ -79.711618991001174, 36.180571999952932 ], [ -79.709910990971551, 36.181885000343939 ], [ -79.7084819906771, 36.181549999967018 ], [ -79.715253991241326, 36.170782999680178 ], [ -79.729365991192466, 36.151309999888312 ], [ -79.744541990858806, 36.130386000295076 ], [ -79.745780991555719, 36.13092599983613 ], [ -79.746064991545254, 36.133598000496747 ], [ -79.745360991233511, 36.134094000131626 ], [ -79.746080991074649, 36.134074999776274 ], [ -79.746389990638562, 36.135629000033383 ], [ -79.745537990847211, 36.136439999636671 ], [ -79.746680990829276, 36.137793000297634 ], [ -79.745873991078057, 36.137912999674477 ], [ -79.745980991085645, 36.138609000292661 ], [ -79.743878991358287, 36.138619999847087 ], [ -79.745100990907659, 36.145870000155512 ], [ -79.745941990969982, 36.146779000207864 ], [ -79.754186990847259, 36.14828899963053 ], [ -79.757533991059404, 36.146128999882784 ] ] ] } },
{ "type": "Feature", "properties": { "county": "CUMBERLAND", "precinct": "MR02", "enr_desc": "Morganton Rd 2", "winner": "Richard N. Ojeda II", "winner_votes": 100.0, "winner_share": 34.013605442176868, "runner_up": "Nigel W. Bristow", "runner_up_votes": 91.0, "runner_up_share": 30.952380952380953, "contest_votes": 294.0, "margin_of_victory": 3.0612244897959151, "is_tie": false, "results": [ { "candidate": "Richard N. Ojeda II", "votes": 100, "share": 34.01360544217687 }, { "candidate": "Nigel W. Bristow", "votes": 91, "share": 30.952380952380953 }, { "candidate": "Lent C. Carr II", "votes": 56, "share": 19.047619047619047 }, { "candidate": "Loren Bibler", "votes": 47, "share": 15.98639455782313 } ], "participated": true, "map_key": "CUMBERLAND_MR02" }, "geometry": { "type": "Polygon", "coordinates": [ [ [ -78.994190991230994, 35.079719999673848 ], [ -79.010179991352473, 35.082794000118241 ], [ -79.010084990983032, 35.078587999877719 ], [ -79.011424991020334, 35.073532999666689 ], [ -79.017219991422891, 35.077009000038238 ], [ -79.017758991332926, 35.078839999937209 ], [ -79.01889699165433, 35.079440000005832 ], [ -79.018389991505785, 35.084031000021632 ], [ -79.02082799107302, 35.087887999689329 ], [ -79.030650990735793, 35.090698999831574 ], [ -79.011995991643801, 35.102108000130265 ], [ -79.010855991209468, 35.1038870002021 ], [ -79.006757990756597, 35.106076999617244 ], [ -79.001496991163108, 35.104023999755526 ], [ -79.000891991174456, 35.102108000226345 ], [ -79.001357990950268, 35.100121000165444 ], [ -79.000221990823974, 35.099069999616439 ], [ -78.999937991100765, 35.096481000003479 ], [ -78.997378991595511, 35.092886000227807 ], [ -78.997599990884268, 35.089901000410663 ], [ -78.9953109916637, 35.086844000363826 ], [ -78.995847991589557, 35.084203000110449 ], [ -78.994190991230994, 35.079719999673848 ] ] ] } },
{ "type": "Feature", "properties": { "county": "MOORE", "precinct": "WAB", "enr_desc": "West Aberdeen", "winner": "Richard N. Ojeda II", "winner_votes": 75.0, "winner_share": 69.444444444444443, "runner_up": "Nigel W. Bristow", "runner_up_votes": 15.0, "runner_up_share": 13.888888888888889, "contest_votes": 108.0, "margin_of_victory": 55.555555555555557, "is_tie": false, "results": [ { "candidate": "Richard N. Ojeda II", "votes": 75, "share": 69.44444444444444 }, { "candidate": "Nigel W. Bristow", "votes": 15, "share": 13.88888888888889 }, { "candidate": "Loren Bibler", "votes": 12, "share": 11.11111111111111 }, { "candidate": "Lent C. Carr II", "votes": 6, "share": 5.555555555555555 } ], "participated": true, "map_key": "MOORE_WAB" }, "geometry": { "type": "Polygon", "coordinates": [ [ [ -79.542683991047383, 35.123090999604415 ], [ -79.543251990901496, 35.130374000178854 ], [ -79.542077991786016, 35.138549000141758 ], [ -79.54497599156484, 35.144228999975056 ], [ -79.544444991346339, 35.148579000367576 ], [ -79.545447990931834, 35.150778000074048 ], [ -79.547009991089553, 35.151854000389541 ], [ -79.547092990751253, 35.153114000453819 ], [ -79.546339991158092, 35.154876999635022 ], [ -79.544889991712296, 35.155129000198514 ], [ -79.543884990780768, 35.157075000404902 ], [ -79.542852990937334, 35.157372999729475 ], [ -79.54237799078409, 35.159708000053158 ], [ -79.539533990870453, 35.162204000250931 ], [ -79.543017991628133, 35.165410000197276 ], [ -79.544411990844225, 35.169395000045192 ], [ -79.546557991729642, 35.172394999827695 ], [ -79.546892991022347, 35.173677999691051 ], [ -79.545886991380229, 35.176745999759348 ], [ -79.551102990875648, 35.178510000430535 ], [ -79.555859990947354, 35.181931000284656 ], [ -79.550338991776016, 35.17947200033268 ], [ -79.54346699142765, 35.18019099996188 ], [ -79.532887990882315, 35.17783799983652 ], [ -79.519907991583452, 35.180834999936486 ], [ -79.523574990899249, 35.17578500005478 ], [ -79.51019399171399, 35.175840999653339 ], [ -79.508926991009446, 35.176558999892393 ], [ -79.509189991117069, 35.16650100015864 ], [ -79.498809991246901, 35.166593000001519 ], [ -79.496095991531405, 35.16386599976299 ], [ -79.494819991077946, 35.159700000313158 ], [ -79.491924991105591, 35.158131999913763 ], [ -79.484292991748475, 35.157114999918711 ], [ -79.476759991683934, 35.159802000276002 ], [ -79.472609991426097, 35.160078999875431 ], [ -79.472666990913183, 35.16107299971361 ], [ -79.481456990753742, 35.160247000451115 ], [ -79.481842991737309, 35.163018999808514 ], [ -79.482552991650095, 35.162892999749076 ], [ -79.482498990832141, 35.161510000316312 ], [ -79.485085990791831, 35.163810999609851 ], [ -79.471573991663533, 35.166003000095358 ], [ -79.471625991743167, 35.170678999589725 ], [ -79.46428399115446, 35.17078999982364 ], [ -79.464704991418941, 35.169828000231696 ], [ -79.463378991779877, 35.169509999755697 ], [ -79.465017991741348, 35.168058000421162 ], [ -79.463373991057964, 35.167296000482871 ], [ -79.46650899085887, 35.166848999672091 ], [ -79.465122991026007, 35.15660200008903 ], [ -79.460125991128123, 35.156054999945539 ], [ -79.452747991331208, 35.156772000204235 ], [ -79.452604990928705, 35.155084999724671 ], [ -79.437668991280034, 35.154295999740114 ], [ -79.437668991180828, 35.153455000067623 ], [ -79.435598991119264, 35.153014999774058 ], [ -79.42963699078139, 35.154376999738638 ], [ -79.429006990991255, 35.164447999855277 ], [ -79.425823990909507, 35.164482000147906 ], [ -79.422000990876896, 35.164525000142255 ], [ -79.419068990879182, 35.157999000398803 ], [ -79.417568991488181, 35.160210000256399 ], [ -79.415870991642478, 35.1578830004404 ], [ -79.413484991052158, 35.157042999974884 ], [ -79.412541991462504, 35.158413000421717 ], [ -79.412542990944246, 35.156717000327035 ], [ -79.410095990806212, 35.156745999924716 ], [ -79.409357990705303, 35.155851000092156 ], [ -79.410814991644841, 35.147836000202652 ], [ -79.424820991325788, 35.134438000286977 ], [ -79.440619990916701, 35.111453000018948 ], [ -79.451860990997119, 35.102665999617486 ], [ -79.455311991653915, 35.105355999812446 ], [ -79.460300991419345, 35.111103000112685 ], [ -79.463400991142677, 35.116799999919031 ], [ -79.455724990753652, 35.119187000196682 ], [ -79.460735991479368, 35.126613000261088 ], [ -79.471171990702217, 35.130791000347422 ], [ -79.488691991585654, 35.13101600000649 ], [ -79.495404991464667, 35.133793999965647 ], [ -79.508644991160836, 35.135126999946664 ], [ -79.535019991069646, 35.124889000440625 ], [ -79.542683991047383, 35.123090999604415 ] ] ] } },
{ "type": "Feature", "properties": { "county": "GUILFORD", "precinct": "NCGR1", "enr_desc": "Ncgr1", "winner": "Richard N. Ojeda II", "winner_votes": 73.0, "winner_share": 41.011235955056179, "runner_up": "Nigel W. Bristow", "runner_up_votes": 45.0, "runner_up_share": 25.280898876404496, "contest_votes": 178.0, "margin_of_victory": 15.730337078651683, "is_tie": false, "results": [ { "candidate": "Richard N. Ojeda II", "votes": 73, "share": 41.01123595505618 }, { "candidate": "Nigel W. Bristow", "votes": 45, "share": 25.280898876404496 }, { "candidate": "Loren Bibler", "votes": 32, "share": 17.97752808988764 }, { "candidate": "Lent C. Carr II", "votes": 28, "share": 15.730337078651685 } ], "participated": true, "map_key": "GUILFORD_NCGR1" }, "geometry": { "type": "Polygon", "coordinates": [ [ [ -79.786284990861134, 36.170939999716836 ], [ -79.789514991223669, 36.176091000086643 ], [ -79.791084991233902, 36.176547000474386 ], [ -79.794359991389541, 36.177006000252945 ], [ -79.795738991033858, 36.175959999989296 ], [ -79.79952599075186, 36.176702000278375 ], [ -79.800842990963929, 36.17502599992239 ], [ -79.805116991391841, 36.174412000356732 ], [ -79.808011991151844, 36.174934000288843 ], [ -79.816877990810141, 36.17152900046483 ], [ -79.818101990898427, 36.172802000175409 ], [ -79.820951990720857, 36.17296800050481 ], [ -79.827857990772543, 36.171731000362364 ], [ -79.832737991387262, 36.173863000035915 ], [ -79.83644499086148, 36.173681000363587 ], [ -79.839276990944285, 36.172475000265337 ], [ -79.852178991635242, 36.173147000503192 ], [ -79.854747990958714, 36.174345999853116 ], [ -79.857636990738143, 36.174190999742891 ], [ -79.859357991487414, 36.172856000011556 ], [ -79.861069990819018, 36.173040000325685 ], [ -79.86378199059989, 36.171984000076307 ], [ -79.868572990577704, 36.172986999726589 ], [ -79.868684990606994, 36.197461999855676 ], [ -79.855014991271872, 36.196867999752875 ], [ -79.849813990782209, 36.199562000510859 ], [ -79.837813991330904, 36.200633999729988 ], [ -79.835578991042809, 36.20209600044516 ], [ -79.83461799085228, 36.207104000330453 ], [ -79.833093991512897, 36.20839900006937 ], [ -79.826502990799213, 36.209223999951469 ], [ -79.817996990888574, 36.213269000369849 ], [ -79.809110990907328, 36.211801000303787 ], [ -79.790861990881268, 36.21664099970306 ], [ -79.783946990659373, 36.219279000418496 ], [ -79.783765991505888, 36.172255999628639 ], [ -79.786284990861134, 36.170939999716836 ] ] ] } },
{ "type": "Feature", "properties": { "county": "GUILFORD", "precinct": "NCGR2", "enr_desc": "Ncgr2", "winner": "Richard N. Ojeda II", "winner_votes": 33.0, "winner_share": 31.428571428571427, "runner_up": "Nigel W. Bristow", "runner_up_votes": 32.0, "runner_up_share": 30.476190476190478, "contest_votes": 105.0, "margin_of_victory": 0.952380952380949, "is_tie": false, "results": [ { "candidate": "Richard N. Ojeda II", "votes": 33, "share": 31.428571428571427 }, { "candidate": "Nigel W. Bristow", "votes": 32, "share": 30.476190476190478 }, { "candidate": "Lent C. Carr II", "votes": 23, "share": 21.904761904761905 }, { "candidate": "Loren Bibler", "votes": 17, "share": 16.19047619047619 } ], "participated": true, "map_key": "GUILFORD_NCGR2" }, "geometry": { "type": "Polygon", "coordinates": [ [ [ -79.868684990606994, 36.197461999855676 ], [ -79.868710991165386, 36.211861000486401 ], [ -79.86696899074505, 36.235587999785622 ], [ -79.867406991235455, 36.251782999762334 ], [ -79.783950991056471, 36.248687000263047 ], [ -79.7833699911411, 36.241376999704578 ], [ -79.783946990659373, 36.219279000418496 ], [ -79.790861990881268, 36.21664099970306 ], [ -79.809110990907328, 36.211801000303787 ], [ -79.817996990888574, 36.213269000369849 ], [ -79.826502990799213, 36.209223999951469 ], [ -79.833093991512897, 36.20839900006937 ], [ -79.83461799085228, 36.207104000330453 ], [ -79.835578991042809, 36.20209600044516 ], [ -79.837813991330904, 36.200633999729988 ], [ -79.849813990782209, 36.199562000510859 ], [ -79.855014991271872, 36.196867999752875 ], [ -79.868684990606994, 36.197461999855676 ] ] ] } },
{ "type": "Feature", "properties": { "county": "GUILFORD", "precinct": "NCLAY1", "enr_desc": "Nclay1", "winner": "Nigel W. Bristow", "winner_votes": 86.0, "winner_share": 46.739130434782609, "runner_up": "Richard N. Ojeda II", "runner_up_votes": 49.0, "runner_up_share": 26.630434782608699, "contest_votes": 184.0, "margin_of_victory": 20.10869565217391, "is_tie": false, "results": [ { "candidate": "Nigel W. Bristow", "votes": 86, "share": 46.73913043478261 }, { "candidate": "Richard N. Ojeda II", "votes": 49, "share": 26.6304347826087 }, { "candidate": "Loren Bibler", "votes": 26, "share": 14.130434782608695 }, { "candidate": "Lent C. Carr II", "votes": 23, "share": 12.5 } ], "participated": true, "map_key": "GUILFORD_NCLAY1" }, "geometry": { "type": "Polygon", "coordinates": [ [ [ -79.695536990609199, 35.957507999987477 ], [ -79.710879991552972, 35.953312000474881 ], [ -79.710413991060847, 35.966601000485795 ], [ -79.707489990839846, 36.019129999819633 ], [ -79.706457990926154, 36.018395000185912 ], [ -79.707082990870759, 36.020257999934238 ], [ -79.686822991156546, 36.019465000365201 ], [ -79.693607991324413, 36.012986000439511 ], [ -79.694838991256276, 36.012984999738194 ], [ -79.69504199162489, 36.011370000489528 ], [ -79.696427990899949, 36.010432999762777 ], [ -79.674720990788103, 35.998430999815184 ], [ -79.677286991401388, 35.996106999708154 ], [ -79.677876991434673, 35.994273000414324 ], [ -79.679975991684103, 35.992029999924576 ], [ -79.678484991151066, 35.989197000275269 ], [ -79.6860129912952, 35.985977999755896 ], [ -79.683017991142876, 35.976494000069238 ], [ -79.681593991304581, 35.974704000324444 ], [ -79.682018991307203, 35.973467000311359 ], [ -79.684306991314841, 35.972046000019148 ], [ -79.690652991460524, 35.971085999744361 ], [ -79.697531991348299, 35.971206999858701 ], [ -79.703125991211849, 35.965170000024429 ], [ -79.703677990903969, 35.963433999793736 ], [ -79.695536990609199, 35.957507999987477 ] ] ] } },
{ "type": "Feature", "properties": { "county": "GUILFORD", "precinct": "NCLAY2", "enr_desc": "Nclay2", "winner": "Nigel W. Bristow", "winner_votes": 15.0, "winner_share": 41.666666666666671, "runner_up": "Richard N. Ojeda II", "runner_up_votes": 9.0, "runner_up_share": 25.0, "contest_votes": 36.0, "margin_of_victory": 16.666666666666671, "is_tie": false, "results": [ { "candidate": "Nigel W. Bristow", "votes": 15, "share": 41.66666666666667 }, { "candidate": "Richard N. Ojeda II", "votes": 9, "share": 25.0 }, { "candidate": "Lent C. Carr II", "votes": 8, "share": 22.22222222222222 }, { "candidate": "Loren Bibler", "votes": 4, "share": 11.11111111111111 } ], "participated": true, "map_key": "GUILFORD_NCLAY2" }, "geometry": { "type": "Polygon", "coordinates": [ [ [ -79.62667799102843, 35.967546999942712 ], [ -79.644320991056404, 35.966825999673283 ], [ -79.664125991261926, 35.96719600046719 ], [ -79.695536990609199, 35.957507999987477 ], [ -79.703677990903969, 35.963433999793736 ], [ -79.703125991211849, 35.965170000024429 ], [ -79.697531991348299, 35.971206999858701 ], [ -79.690652991460524, 35.971085999744361 ], [ -79.684306991314841, 35.972046000019148 ], [ -79.682018991307203, 35.973467000311359 ], [ -79.681593991304581, 35.974704000324444 ], [ -79.683017991142876, 35.976494000069238 ], [ -79.6860129912952, 35.985977999755896 ], [ -79.678484991151066, 35.989197000275269 ], [ -79.679975991684103, 35.992029999924576 ], [ -79.677876991434673, 35.994273000414324 ], [ -79.677286991401388, 35.996106999708154 ], [ -79.674720990788103, 35.998430999815184 ], [ -79.696427990899949, 36.010432999762777 ], [ -79.69504199162489, 36.011370000489528 ], [ -79.694838991256276, 36.012984999738194 ], [ -79.693607991324413, 36.012986000439511 ], [ -79.686822991156546, 36.019465000365201 ], [ -79.621975991485385, 36.015822000187839 ], [ -79.626171990942382, 35.984538999939723 ], [ -79.62667799102843, 35.967546999942712 ] ] ] } },
{ "type": "Feature", "properties": { "county": null, "precinct": null, "enr_desc": "Ndri", "winner": null, "winner_votes": null, "winner_share": null, "runner_up": null, "runner_up_votes": null, "runner_up_share": null, "contest_votes": null, "margin_of_victory": null, "is_tie": false, "results": null, "participated": false, "map_key": null }, "geometry": { "type": "Polygon", "coordinates": [ [ [ -79.970525990729968, 36.084099000306146 ], [ -80.028996991529723, 36.102999000032185 ], [ -80.040216990639763, 36.105418999925533 ], [ -80.038553990677116, 36.146463000019168 ], [ -80.013113991092311, 36.144352000231649 ], [ -80.015119991481029, 36.143034999902241 ], [ -80.016633991487495, 36.14048600025324 ], [ -80.017309990961309, 36.136023999899272 ], [ -80.014220990988193, 36.133540000473587 ], [ -80.004903991681871, 36.135331999826498 ], [ -79.994606990602321, 36.139147999819244 ], [ -79.989309991238144, 36.139791000334945 ], [ -79.986596991216459, 36.141217000158122 ], [ -79.986323991537859, 36.142348999710499 ], [ -79.974463991509069, 36.148693999881367 ], [ -79.97326399120719, 36.150577000010728 ], [ -79.969114991117479, 36.141059000005974 ], [ -79.962726991067782, 36.127942999658821 ], [ -79.961577991320496, 36.123694000451358 ], [ -79.962298991694823, 36.11756000046163 ], [ -79.964480990946981, 36.108025999649904 ], [ -79.966668990672858, 36.098014000030453 ], [ -79.966629990635141, 36.094748999712145 ], [ -79.965531990864406, 36.091251999811718 ], [ -79.95968299100609, 36.080735999935264 ], [ -79.970525990729968, 36.084099000306146 ] ] ] } },
{ "type": "Feature", "properties": { "county": "RANDOLPH", "precinct": "NM", "enr_desc": "New Market", "winner": "Richard N. Ojeda II", "winner_votes": 42.0, "winner_share": 42.424242424242422, "runner_up": "Loren Bibler", "runner_up_votes": 29.0, "runner_up_share": 29.292929292929294, "contest_votes": 99.0, "margin_of_victory": 13.131313131313128, "is_tie": false, "results": [ { "candidate": "Richard N. Ojeda II", "votes": 42, "share": 42.42424242424242 }, { "candidate": "Loren Bibler", "votes": 29, "share": 29.292929292929294 }, { "candidate": "Nigel W. Bristow", "votes": 21, "share": 21.21212121212121 }, { "candidate": "Lent C. Carr II", "votes": 7, "share": 7.07070707070707 } ], "participated": true, "map_key": "RANDOLPH_NM" }, "geometry": { "type": "Polygon", "coordinates": [ [ [ -79.923799991085161, 35.846743999629709 ], [ -79.922127991692349, 35.881884999867069 ], [ -79.920517991324331, 35.915737999680246 ], [ -79.854632990621667, 35.912946000046261 ], [ -79.85487099148304, 35.910006000127147 ], [ -79.856361991584933, 35.908559000483343 ], [ -79.856642990849892, 35.906705000172515 ], [ -79.8529799916694, 35.903640000317139 ], [ -79.8533739911624, 35.901561999814589 ], [ -79.848277991640003, 35.896409999735369 ], [ -79.845744991290132, 35.892102999758642 ], [ -79.838706990756535, 35.891646999974625 ], [ -79.838480991700294, 35.890365000403293 ], [ -79.841266991199461, 35.887543000138216 ], [ -79.842533991215049, 35.884985999612113 ], [ -79.83648299073954, 35.884594000086729 ], [ -79.831921991155724, 35.883286999816029 ], [ -79.83026499079304, 35.881964000365855 ], [ -79.830403991331551, 35.87973800032308 ], [ -79.834002990691403, 35.876806999965105 ], [ -79.833976991537952, 35.875617000414572 ], [ -79.832481991517767, 35.874088000325912 ], [ -79.827668990911491, 35.873130000510578 ], [ -79.829020990827715, 35.869050000337836 ], [ -79.831777990905735, 35.869600000363029 ], [ -79.832367991279099, 35.868569000135246 ], [ -79.831803991501843, 35.866255000400841 ], [ -79.827780990817146, 35.863304000492732 ], [ -79.828399990926428, 35.857530999711656 ], [ -79.827893991343231, 35.853225000157295 ], [ -79.828765990806033, 35.850683000042885 ], [ -79.827243990639076, 35.849062999893704 ], [ -79.829580991157073, 35.847247000124831 ], [ -79.829692991577318, 35.84599400036047 ], [ -79.8289869912022, 35.845239000112173 ], [ -79.824253991543358, 35.845502000264609 ], [ -79.827546991423702, 35.83469999979615 ], [ -79.844074990993619, 35.816463999735539 ], [ -79.836388990729404, 35.811123999784982 ], [ -79.925378990892966, 35.813555999704313 ], [ -79.923799991085161, 35.846743999629709 ] ] ] } },
{ "type": "Feature", "properties": { "county": "GUILFORD", "precinct": "NMAD", "enr_desc": "Nmad", "winner": "Nigel W. Bristow", "winner_votes": 146.0, "winner_share": 50.0, "runner_up": "Richard N. Ojeda II", "runner_up_votes": 59.0, "runner_up_share": 20.205479452054796, "contest_votes": 292.0, "margin_of_victory": 29.794520547945204, "is_tie": false, "results": [ { "candidate": "Nigel W. Bristow", "votes": 146, "share": 50.0 }, { "candidate": "Richard N. Ojeda II", "votes": 59, "share": 20.205479452054796 }, { "candidate": "Lent C. Carr II", "votes": 52, "share": 17.80821917808219 }, { "candidate": "Loren Bibler", "votes": 35, "share": 11.986301369863012 } ], "participated": true, "map_key": "GUILFORD_NMAD" }, "geometry": { "type": "Polygon", "coordinates": [ [ [ -79.700564990580332, 36.245894999702351 ], [ -79.61746099158114, 36.243941000243652 ], [ -79.618712991004116, 36.178767000396292 ], [ -79.620970991399062, 36.179616000072123 ], [ -79.620737991319928, 36.178310999973952 ], [ -79.622227991088522, 36.176905999796752 ], [ -79.618982991653624, 36.174083999811494 ], [ -79.619305991286353, 36.172730999867397 ], [ -79.622148990864758, 36.173254999945314 ], [ -79.62499999142878, 36.172467999948978 ], [ -79.626074991488281, 36.171301000484917 ], [ -79.629501991340888, 36.172771999804155 ], [ -79.630414991589518, 36.174493000220316 ], [ -79.630013991206283, 36.17563000015096 ], [ -79.630745991553425, 36.176114000455939 ], [ -79.632853991187915, 36.176478000324359 ], [ -79.634589990663585, 36.174836000166458 ], [ -79.637333991330522, 36.175913999974689 ], [ -79.641501990821439, 36.17585000032706 ], [ -79.642342991092391, 36.176349999784662 ], [ -79.642436991018798, 36.178173999754122 ], [ -79.645127991218459, 36.177939000029909 ], [ -79.648481991372634, 36.180137999812239 ], [ -79.652665991079473, 36.173605999674237 ], [ -79.657782991530425, 36.175432000024962 ], [ -79.66077899110536, 36.174305999905457 ], [ -79.664993990582389, 36.177016000066239 ], [ -79.6696229908204, 36.175923000342834 ], [ -79.672617991581106, 36.177676999664882 ], [ -79.672407990969816, 36.181958000187272 ], [ -79.673050991220535, 36.18216099999605 ], [ -79.675951990766848, 36.181418999957785 ], [ -79.675383991071769, 36.179254000113552 ], [ -79.676548991286737, 36.178423999806959 ], [ -79.678819990788142, 36.178693999779945 ], [ -79.68033799149687, 36.180759000417311 ], [ -79.683346991648293, 36.181854999884116 ], [ -79.684569990888761, 36.18168099970422 ], [ -79.686103991618452, 36.17997600046376 ], [ -79.689887990990428, 36.179469000362353 ], [ -79.695276990788145, 36.181101000064999 ], [ -79.694245990760493, 36.17893599999632 ], [ -79.695140991093098, 36.175441000016093 ], [ -79.699645990688126, 36.177480000176452 ], [ -79.700564990580332, 36.245894999702351 ] ] ] } },
{ "type": "Feature", "properties": { "county": "MOORE", "precinct": "NSP", "enr_desc": "North Southern Pines", "winner": "Richard N. Ojeda II", "winner_votes": 125.0, "winner_share": 77.160493827160494, "runner_up": "Nigel W. Bristow", "runner_up_votes": 17.0, "runner_up_share": 10.493827160493826, "contest_votes": 162.0, "margin_of_victory": 66.666666666666671, "is_tie": false, "results": [ { "candidate": "Richard N. Ojeda II", "votes": 125, "share": 77.1604938271605 }, { "candidate": "Nigel W. Bristow", "votes": 17, "share": 10.493827160493826 }, { "candidate": "Lent C. Carr II", "votes": 11, "share": 6.790123456790123 }, { "candidate": "Loren Bibler", "votes": 9, "share": 5.555555555555555 } ], "participated": true, "map_key": "MOORE_NSP" }, "geometry": { "type": "Polygon", "coordinates": [ [ [ -79.39689499072712, 35.179237000185417 ], [ -79.391150991716543, 35.188101000231271 ], [ -79.384767991174286, 35.190737999874443 ], [ -79.372220991078279, 35.198826000237517 ], [ -79.343257991585119, 35.203958000361112 ], [ -79.33136599104391, 35.210385999594614 ], [ -79.317520990756535, 35.207246000183574 ], [ -79.309639991250449, 35.202373999634077 ], [ -79.301872991237502, 35.199081999623957 ], [ -79.298334991133402, 35.196135000179041 ], [ -79.335436990825769, 35.161580999653076 ], [ -79.344407991080374, 35.152668999845055 ], [ -79.350988991156385, 35.155340999866212 ], [ -79.356430991557559, 35.155788000040367 ], [ -79.366384991576538, 35.159638000263307 ], [ -79.370831991485488, 35.162744000310241 ], [ -79.376064991545675, 35.16441399963427 ], [ -79.378703991575222, 35.166493999906443 ], [ -79.381155991263341, 35.166596999911683 ], [ -79.387315991708235, 35.173130999910612 ], [ -79.39118699168462, 35.170751999644786 ], [ -79.393277991539193, 35.173045000136085 ], [ -79.391975991527389, 35.173841999639016 ], [ -79.39689499072712, 35.179237000185417 ] ] ] } },
{ "type": "Feature", "properties": { "county": "GUILFORD", "precinct": "NWASH", "enr_desc": "Nwash", "winner": "Richard N. Ojeda II", "winner_votes": 21.0, "winner_share": 41.17647058823529, "runner_up": "Loren Bibler", "runner_up_votes": 12.0, "runner_up_share": 23.52941176470588, "contest_votes": 51.0, "margin_of_victory": 17.647058823529409, "is_tie": false, "results": [ { "candidate": "Richard N. Ojeda II", "votes": 21, "share": 41.17647058823529 }, { "candidate": "Loren Bibler", "votes": 12, "share": 23.52941176470588 }, { "candidate": "Nigel W. Bristow", "votes": 11, "share": 21.568627450980394 }, { "candidate": "Lent C. Carr II", "votes": 7, "share": 13.725490196078432 } ], "participated": true, "map_key": "GUILFORD_NWASH" }, "geometry": { "type": "Polygon", "coordinates": [ [ [ -79.535103991243588, 36.182412000397491 ], [ -79.541782991269571, 36.182110000074722 ], [ -79.544409991586804, 36.184262000484608 ], [ -79.549516991517535, 36.186656000424485 ], [ -79.552184991025641, 36.183235000124668 ], [ -79.558570990678987, 36.18230500043186 ], [ -79.560665990883692, 36.179907000298783 ], [ -79.562444991400639, 36.179899000210597 ], [ -79.565680990758594, 36.181642000207603 ], [ -79.56921699106627, 36.178651000450962 ], [ -79.571338991523078, 36.18008300023515 ], [ -79.575892991232891, 36.179475999773395 ], [ -79.576606990751017, 36.178345999674136 ], [ -79.576137991095877, 36.174924000128129 ], [ -79.577686991020414, 36.174870000238755 ], [ -79.578922991465404, 36.175812000266546 ], [ -79.580858990588069, 36.174406000374731 ], [ -79.577725991251242, 36.171627000381754 ], [ -79.5777139915417, 36.169960000392962 ], [ -79.57931399163148, 36.168956999704882 ], [ -79.581987991094451, 36.16917399976532 ], [ -79.58600499077518, 36.171406999937631 ], [ -79.595413991456212, 36.1736149999875 ], [ -79.595822991069497, 36.176317000317397 ], [ -79.597108990888458, 36.177346999933391 ], [ -79.601088990624646, 36.174443999639784 ], [ -79.602257990680428, 36.174618000189525 ], [ -79.60469399098271, 36.173344000096009 ], [ -79.606451991018147, 36.170721999780959 ], [ -79.610402991281859, 36.171378000226049 ], [ -79.614485991514215, 36.173280999894416 ], [ -79.618712991004116, 36.178767000396292 ], [ -79.61746099158114, 36.243941000243652 ], [ -79.532409991475944, 36.241463000241232 ], [ -79.535103991243588, 36.182412000397491 ] ] ] } },
{ "type": "Feature", "properties": { "county": null, "precinct": null, "enr_desc": "North Williams", "winner": null, "winner_votes": null, "winner_share": null, "runner_up": null, "runner_up_votes": null, "runner_up_share": null, "contest_votes": null, "margin_of_victory": null, "is_tie": false, "results": null, "participated": false, "map_key": null }, "geometry": { "type": "Polygon", "coordinates": [ [ [ -79.010844990912446, 35.794545000059024 ], [ -79.016426991239427, 35.794258999654453 ], [ -79.01855399133153, 35.795733000191376 ], [ -79.029395991653615, 35.816230999829649 ], [ -79.034250991006502, 35.815240999803137 ], [ -79.037943990804379, 35.813016999928188 ], [ -79.044015990748534, 35.811062999627509 ], [ -79.052338991444685, 35.809277999903848 ], [ -79.05897599115481, 35.805409999911134 ], [ -79.064574990799855, 35.803483000443649 ], [ -79.067946991561698, 35.805700999748971 ], [ -79.081166991232593, 35.809591000336333 ], [ -79.083143990678693, 35.813858999759226 ], [ -79.083032991510365, 35.8159090003846 ], [ -79.084511991565762, 35.816066999684345 ], [ -79.089511990737293, 35.833473000124762 ], [ -79.090885991582837, 35.846171000374071 ], [ -79.090018990855242, 35.848289999608397 ], [ -79.085988991565756, 35.851866999798403 ], [ -79.084881991067306, 35.856070000012899 ], [ -79.081937991136897, 35.860780000055748 ], [ -79.011482991548817, 35.863423000015445 ], [ -79.012434990839523, 35.862714999763739 ], [ -79.011587990921299, 35.862223000394799 ], [ -79.011644991544159, 35.8611969998272 ], [ -79.008688991489691, 35.860488000362565 ], [ -79.008642991472797, 35.859366999814434 ], [ -79.007596991654779, 35.859245999759686 ], [ -79.007867990665289, 35.85738900025293 ], [ -79.004764991631532, 35.856092000124491 ], [ -79.00344799074135, 35.854180000214932 ], [ -79.00433399139834, 35.851457000175174 ], [ -79.006777991664578, 35.850469999969661 ], [ -79.003861990871826, 35.843957000237246 ], [ -78.998451990958827, 35.822894000049928 ], [ -78.99540999170452, 35.81477100030574 ], [ -78.995071990869647, 35.811191999563782 ], [ -79.000496990921079, 35.802450000359478 ], [ -79.006325990924239, 35.795892000012948 ], [ -79.010844990912446, 35.794545000059024 ] ] ] } },
{ "type": "Feature", "properties": { "county": null, "precinct": null, "enr_desc": "Or1", "winner": null, "winner_votes": null, "winner_share": null, "runner_up": null, "runner_up_votes": null, "runner_up_share": null, "contest_votes": null, "margin_of_victory": null, "is_tie": false, "results": null, "participated": false, "map_key": null }, "geometry": { "type": "Polygon", "coordinates": [ [ [ -80.038553990677116, 36.146463000019168 ], [ -80.037028991479019, 36.173671000015759 ], [ -80.037794991193437, 36.176267000138033 ], [ -80.035983991201931, 36.228712000156321 ], [ -80.035027991063416, 36.228131000300763 ], [ -80.034940990827025, 36.218017000155761 ], [ -80.03041999102993, 36.217777999949881 ], [ -80.028007990995775, 36.214192000454609 ], [ -80.027757991454649, 36.215975000511392 ], [ -80.02558999163756, 36.215892999789418 ], [ -80.025985990677171, 36.217292999842321 ], [ -80.022832991585929, 36.217154000313535 ], [ -80.02286099127015, 36.214696999843966 ], [ -80.019763990657921, 36.210459999881699 ], [ -80.019943991578828, 36.207512000480669 ], [ -80.018346990833422, 36.207632000330705 ], [ -80.018280991648012, 36.204883000275828 ], [ -80.006109991567214, 36.20445500014646 ], [ -80.006277990588771, 36.208636999753566 ], [ -80.003615990893337, 36.207806999749813 ], [ -80.001930991160393, 36.208381000070133 ], [ -79.998867991535889, 36.207118000172386 ], [ -79.999364991525709, 36.199000000379527 ], [ -79.995114991201064, 36.198944000450844 ], [ -79.990259990866491, 36.201192999874067 ], [ -79.987287990884596, 36.197789000165734 ], [ -79.985319990694904, 36.198199000161615 ], [ -79.985396991107464, 36.19120700015273 ], [ -79.986652991341316, 36.184343000259567 ], [ -79.989237991338229, 36.178825000267416 ], [ -79.989336991219574, 36.174239000131472 ], [ -79.978696990670116, 36.160379000201189 ], [ -79.981513991681382, 36.15926599970652 ], [ -79.983269991259831, 36.157493999821632 ], [ -79.988238991275168, 36.155642000336471 ], [ -79.989435991236419, 36.152613000260068 ], [ -79.992435991133135, 36.149561999844167 ], [ -79.995504991508668, 36.148494000460936 ], [ -79.996255990833575, 36.147141999871266 ], [ -80.000768991500436, 36.14414400034029 ], [ -80.003115991148718, 36.144361000311299 ], [ -80.003984991282493, 36.145681999916583 ], [ -80.007793991690676, 36.145651000337665 ], [ -80.007894991459196, 36.143977000246458 ], [ -80.013113991092311, 36.144352000231649 ], [ -80.038553990677116, 36.146463000019168 ] ] ] } },
{ "type": "Feature", "properties": { "county": null, "precinct": null, "enr_desc": "Or2", "winner": null, "winner_votes": null, "winner_share": null, "runner_up": null, "runner_up_votes": null, "runner_up_share": null, "contest_votes": null, "margin_of_victory": null, "is_tie": false, "results": null, "participated": false, "map_key": null }, "geometry": { "type": "Polygon", "coordinates": [ [ [ -79.959395990701083, 36.144253000176633 ], [ -79.960888991348227, 36.140612000456962 ], [ -79.969114991117479, 36.141059000005974 ], [ -79.97326399120719, 36.150577000010728 ], [ -79.974463991509069, 36.148693999881367 ], [ -79.986323991537859, 36.142348999710499 ], [ -79.986596991216459, 36.141217000158122 ], [ -79.989309991238144, 36.139791000334945 ], [ -79.994606990602321, 36.139147999819244 ], [ -80.004903991681871, 36.135331999826498 ], [ -80.014220990988193, 36.133540000473587 ], [ -80.017309990961309, 36.136023999899272 ], [ -80.016633991487495, 36.14048600025324 ], [ -80.015119991481029, 36.143034999902241 ], [ -80.013113991092311, 36.144352000231649 ], [ -80.007894991459196, 36.143977000246458 ], [ -80.007793991690676, 36.145651000337665 ], [ -80.003984991282493, 36.145681999916583 ], [ -80.003115991148718, 36.144361000311299 ], [ -80.000768991500436, 36.14414400034029 ], [ -79.996255990833575, 36.147141999871266 ], [ -79.995504991508668, 36.148494000460936 ], [ -79.992435991133135, 36.149561999844167 ], [ -79.989435991236419, 36.152613000260068 ], [ -79.988238991275168, 36.155642000336471 ], [ -79.983269991259831, 36.157493999821632 ], [ -79.981513991681382, 36.15926599970652 ], [ -79.978696990670116, 36.160379000201189 ], [ -79.989336991219574, 36.174239000131472 ], [ -79.989237991338229, 36.178825000267416 ], [ -79.986652991341316, 36.184343000259567 ], [ -79.985396991107464, 36.19120700015273 ], [ -79.985319990694904, 36.198199000161615 ], [ -79.98542899125421, 36.198968999790203 ], [ -79.979279990984111, 36.201945000351948 ], [ -79.978827990938569, 36.203246999800506 ], [ -79.978283991676449, 36.203254000199536 ], [ -79.977748990961274, 36.199125999865636 ], [ -79.973493991053573, 36.19972899999231 ], [ -79.97301399134578, 36.204677000443915 ], [ -79.970210991280538, 36.205367000100161 ], [ -79.962755990836371, 36.210775000157774 ], [ -79.956709991238753, 36.213189000341131 ], [ -79.957365991441321, 36.209127000055034 ], [ -79.953468991131984, 36.199258999729366 ], [ -79.953000991398497, 36.172851999718631 ], [ -79.957984991129464, 36.16794399970842 ], [ -79.963668991554684, 36.160502000196715 ], [ -79.968136991180671, 36.157970000148765 ], [ -79.968010991144553, 36.155690000163936 ], [ -79.966967990749026, 36.154433999801306 ], [ -79.959849991103752, 36.152824000455986 ], [ -79.959395990701083, 36.144253000176633 ] ] ] } },
{ "type": "Feature", "properties": { "county": "GUILFORD", "precinct": "PG2", "enr_desc": "Pg2", "winner": "Nigel W. Bristow", "winner_votes": 33.0, "winner_share": 37.078651685393261, "runner_up": "Richard N. Ojeda II", "runner_up_votes": 27.0, "runner_up_share": 30.337078651685395, "contest_votes": 89.0, "margin_of_victory": 6.7415730337078656, "is_tie": false, "results": [ { "candidate": "Nigel W. Bristow", "votes": 33, "share": 37.07865168539326 }, { "candidate": "Richard N. Ojeda II", "votes": 27, "share": 30.337078651685395 }, { "candidate": "Loren Bibler", "votes": 21, "share": 23.595505617977526 }, { "candidate": "Lent C. Carr II", "votes": 8, "share": 8.98876404494382 } ], "participated": true, "map_key": "GUILFORD_PG2" }, "geometry": { "type": "Polygon", "coordinates": [ [ [ -79.763308991092131, 35.908841999870837 ], [ -79.791235991713179, 35.910102000419194 ], [ -79.791372990897514, 35.938690000042605 ], [ -79.796986991528712, 35.938602999994359 ], [ -79.794829990789083, 35.954307000063395 ], [ -79.794335991269847, 35.958278999698258 ], [ -79.791790991191036, 35.960982000492287 ], [ -79.791938991221087, 35.969368000326781 ], [ -79.780426991608536, 35.968667000431054 ], [ -79.778701991029934, 35.967462000133182 ], [ -79.775546991293453, 35.962219999951792 ], [ -79.773927991034881, 35.96115099993834 ], [ -79.76253599132653, 35.960295999671089 ], [ -79.762091991409093, 35.962103999643311 ], [ -79.757010990653129, 35.962054000458501 ], [ -79.751366991704032, 35.966756000301423 ], [ -79.743235991520294, 35.966764999801768 ], [ -79.73707899159956, 35.963358000434326 ], [ -79.730105991449832, 35.961619999749296 ], [ -79.724650991272995, 35.962602999910821 ], [ -79.711571990761911, 35.962986999660735 ], [ -79.710413991060847, 35.966601000485795 ], [ -79.710879991552972, 35.953312000474881 ], [ -79.713232990924666, 35.906789999606538 ], [ -79.763308991092131, 35.908841999870837 ] ] ] } },
{ "type": "Feature", "properties": { "county": "MOORE", "precinct": "PBF", "enr_desc": "Pinebluff", "winner": "Richard N. Ojeda II", "winner_votes": 40.0, "winner_share": 48.780487804878049, "runner_up": "Nigel W. Bristow", "runner_up_votes": 23.0, "runner_up_share": 28.04878048780488, "contest_votes": 82.0, "margin_of_victory": 20.73170731707317, "is_tie": false, "results": [ { "candidate": "Richard N. Ojeda II", "votes": 40, "share": 48.78048780487805 }, { "candidate": "Nigel W. Bristow", "votes": 23, "share": 28.04878048780488 }, { "candidate": "Lent C. Carr II", "votes": 11, "share": 13.414634146341465 }, { "candidate": "Loren Bibler", "votes": 8, "share": 9.75609756097561 } ], "participated": true, "map_key": "MOORE_PBF" }, "geometry": { "type": "Polygon", "coordinates": [ [ [ -79.458750990775982, 35.04363899991197 ], [ -79.461790990811892, 35.04337199966789 ], [ -79.46219699171607, 35.04448499995501 ], [ -79.463330991280955, 35.044567000383452 ], [ -79.467343990946162, 35.047912999793574 ], [ -79.470693991448911, 35.048421999960453 ], [ -79.471947991157649, 35.050220000212526 ], [ -79.475286991752569, 35.052100999683887 ], [ -79.474883991302505, 35.053090999674112 ], [ -79.476302990929298, 35.053502000218749 ], [ -79.476083991648167, 35.054644000289592 ], [ -79.477370991538706, 35.057245999652224 ], [ -79.481564991089044, 35.058184999949759 ], [ -79.48310199086599, 35.059515000382817 ], [ -79.486314991124445, 35.058938999646536 ], [ -79.488341991662935, 35.061017000168057 ], [ -79.491514991100317, 35.060860999958948 ], [ -79.492372990768772, 35.059982000339033 ], [ -79.492455990991772, 35.061342000342528 ], [ -79.493758991083411, 35.060911000426692 ], [ -79.499180991549053, 35.063930999936225 ], [ -79.502106991770205, 35.064148999767681 ], [ -79.507886991768615, 35.061499999597288 ], [ -79.514377991595964, 35.062711000085251 ], [ -79.516292991647006, 35.064808000068197 ], [ -79.522421991419804, 35.06496500002892 ], [ -79.522515991306008, 35.06586899962489 ], [ -79.52359199121662, 35.066182000303534 ], [ -79.525743991585969, 35.065236000284315 ], [ -79.528895991348151, 35.066274000070216 ], [ -79.529929990989103, 35.06502399986848 ], [ -79.531478991174907, 35.065340999786116 ], [ -79.531758991101398, 35.066089999724468 ], [ -79.533772991430411, 35.064943999810758 ], [ -79.535425991635663, 35.064978999597535 ], [ -79.5356169914388, 35.065688999922251 ], [ -79.538614991450373, 35.064684999631154 ], [ -79.539055991276513, 35.065302000350137 ], [ -79.541976991605338, 35.064833000336527 ], [ -79.543963991613026, 35.065605999886493 ], [ -79.547097990740241, 35.065471000026598 ], [ -79.547730991417936, 35.066191000345917 ], [ -79.549267990967351, 35.065786000445925 ], [ -79.5496219917339, 35.066375999987521 ], [ -79.555871991563748, 35.06597999973863 ], [ -79.55674499127386, 35.065095999878636 ], [ -79.559640991057393, 35.064589000161185 ], [ -79.563962991040711, 35.064948000000136 ], [ -79.565135991446425, 35.063664999764683 ], [ -79.568262991539925, 35.064835999628528 ], [ -79.572363990960724, 35.069155000245587 ], [ -79.57620399132314, 35.070051000022929 ], [ -79.575928991029883, 35.071172000232707 ], [ -79.57766699177084, 35.073169999771274 ], [ -79.578264990799326, 35.07539400041405 ], [ -79.580325991148754, 35.077198000303973 ], [ -79.579692991439401, 35.078916999724463 ], [ -79.582778990830434, 35.083960000175196 ], [ -79.582351991373571, 35.086088999749585 ], [ -79.582972990975065, 35.087290999854197 ], [ -79.582478991620803, 35.089929999895766 ], [ -79.579714991471732, 35.093856999890626 ], [ -79.578511991743909, 35.094453999908708 ], [ -79.574777991563252, 35.101334000247924 ], [ -79.575396991565128, 35.101805999644611 ], [ -79.574796991347455, 35.102052000363898 ], [ -79.575317990875234, 35.102420000290323 ], [ -79.574484990879498, 35.106050999926211 ], [ -79.575421991715402, 35.107466000349007 ], [ -79.57564899135906, 35.111172999841628 ], [ -79.574597991639791, 35.112575999861853 ], [ -79.57437699085466, 35.115623000163247 ], [ -79.574988991047846, 35.116613000392199 ], [ -79.573304991396355, 35.122536000206217 ], [ -79.574552991665328, 35.123952999956266 ], [ -79.575466990899244, 35.123392999763709 ], [ -79.576221991033663, 35.12440000014697 ], [ -79.57415299166324, 35.126120999689959 ], [ -79.572255991520009, 35.126305000322205 ], [ -79.568679991669185, 35.124367000475281 ], [ -79.56522099119907, 35.123582999984258 ], [ -79.562631991415699, 35.121069000420107 ], [ -79.560057991172599, 35.120035000295204 ], [ -79.5465669913591, 35.123371000399985 ], [ -79.542683991047383, 35.123090999604415 ], [ -79.535019991069646, 35.124889000440625 ], [ -79.508644991160836, 35.135126999946664 ], [ -79.495404991464667, 35.133793999965647 ], [ -79.488691991585654, 35.13101600000649 ], [ -79.471171990702217, 35.130791000347422 ], [ -79.460735991479368, 35.126613000261088 ], [ -79.455724990753652, 35.119187000196682 ], [ -79.463400991142677, 35.116799999919031 ], [ -79.460300991419345, 35.111103000112685 ], [ -79.455311991653915, 35.105355999812446 ], [ -79.451860990997119, 35.102665999617486 ], [ -79.454190991635869, 35.099454999626353 ], [ -79.454731990729698, 35.096770000221568 ], [ -79.43746099135862, 35.094521000114554 ], [ -79.428013990910188, 35.090985000249184 ], [ -79.428594991724012, 35.078628000030513 ], [ -79.429930991444778, 35.072342000253535 ], [ -79.458750990775982, 35.04363899991197 ] ] ] } },
{ "type": "Feature", "properties": { "county": "MOORE", "precinct": "PDN", "enr_desc": "Pinedene", "winner": "Richard N. Ojeda II", "winner_votes": 167.0, "winner_share": 75.909090909090907, "runner_up": "Nigel W. Bristow", "runner_up_votes": 19.0, "runner_up_share": 8.6363636363636367, "contest_votes": 220.0, "margin_of_victory": 67.272727272727266, "is_tie": false, "results": [ { "candidate": "Richard N. Ojeda II", "votes": 167, "share": 75.9090909090909 }, { "candidate": "Nigel W. Bristow", "votes": 19, "share": 8.636363636363637 }, { "candidate": "Lent C. Carr II", "votes": 17, "share": 7.727272727272727 }, { "candidate": "Loren Bibler", "votes": 17, "share": 7.727272727272727 } ], "participated": true, "map_key": "MOORE_PDN" }, "geometry": { "type": "Polygon", "coordinates": [ [ [ -79.412541991462504, 35.158413000421717 ], [ -79.407632991379032, 35.165312000222862 ], [ -79.40435799168452, 35.172917999775741 ], [ -79.39689499072712, 35.179237000185417 ], [ -79.391975991527389, 35.173841999639016 ], [ -79.393277991539193, 35.173045000136085 ], [ -79.39118699168462, 35.170751999644786 ], [ -79.387315991708235, 35.173130999910612 ], [ -79.381155991263341, 35.166596999911683 ], [ -79.378703991575222, 35.166493999906443 ], [ -79.376064991545675, 35.16441399963427 ], [ -79.370831991485488, 35.162744000310241 ], [ -79.366384991576538, 35.159638000263307 ], [ -79.356430991557559, 35.155788000040367 ], [ -79.350988991156385, 35.155340999866212 ], [ -79.344407991080374, 35.152668999845055 ], [ -79.385611991175338, 35.113172999993509 ], [ -79.388933991571747, 35.116611000104847 ], [ -79.387844991657374, 35.121506000462084 ], [ -79.384077990710537, 35.123429999852299 ], [ -79.387997991109245, 35.131039999785671 ], [ -79.385963991189783, 35.132548000398415 ], [ -79.382069991648848, 35.132715000438004 ], [ -79.380617991312207, 35.134427999639328 ], [ -79.380767991068936, 35.136239000287382 ], [ -79.382581991663073, 35.138696000130132 ], [ -79.384181991013989, 35.138735000406562 ], [ -79.384675991527672, 35.140046999984932 ], [ -79.385676991511033, 35.134375999922838 ], [ -79.388694991044957, 35.133450999770723 ], [ -79.391120991470487, 35.130424999900676 ], [ -79.393358991512613, 35.129936999896017 ], [ -79.394675990962767, 35.130050000206005 ], [ -79.394692991129347, 35.131357000000882 ], [ -79.402932990700066, 35.131383000052246 ], [ -79.403598991341696, 35.136576000461467 ], [ -79.399811991611315, 35.136179000031376 ], [ -79.400153991500574, 35.138435000406787 ], [ -79.40163199167705, 35.138517000336947 ], [ -79.401581991450385, 35.139366000447097 ], [ -79.40283199172049, 35.139665000001685 ], [ -79.402850991779772, 35.13842300007331 ], [ -79.407663990752127, 35.139105000168058 ], [ -79.404627991489434, 35.143882999744342 ], [ -79.40240399096399, 35.142747999638722 ], [ -79.402430991027074, 35.143831999580115 ], [ -79.398348990786786, 35.141978999656764 ], [ -79.398662991050784, 35.137111000356526 ], [ -79.392477991445759, 35.137166000141427 ], [ -79.392197991161737, 35.139077000287088 ], [ -79.389579991751418, 35.14039000042095 ], [ -79.390677991189463, 35.141906000354005 ], [ -79.393267991463986, 35.142547000026688 ], [ -79.392395990756285, 35.145503000439966 ], [ -79.394560991717157, 35.145361999649282 ], [ -79.395586991459922, 35.14803299974281 ], [ -79.397029990813536, 35.148253000349001 ], [ -79.397050991078274, 35.149756000086477 ], [ -79.399096991552483, 35.150103000214152 ], [ -79.39963299100036, 35.151881999979999 ], [ -79.403409991567372, 35.151761999722005 ], [ -79.401931991384657, 35.154407999729386 ], [ -79.402462991408512, 35.160572999759928 ], [ -79.403530991789339, 35.160821999836202 ], [ -79.402866991145032, 35.161714000327443 ], [ -79.406394991200216, 35.163405000329277 ], [ -79.407497991715303, 35.162899000241055 ], [ -79.405127991657295, 35.159832000333317 ], [ -79.407883991458206, 35.158278000138324 ], [ -79.409357990705303, 35.155851000092156 ], [ -79.410095990806212, 35.156745999924716 ], [ -79.412542990944246, 35.156717000327035 ], [ -79.412541991462504, 35.158413000421717 ] ] ] } },
{ "type": "Feature", "properties": { "county": "GUILFORD", "precinct": "PG1", "enr_desc": "Pg1", "winner": "Nigel W. Bristow", "winner_votes": 28.0, "winner_share": 34.567901234567898, "runner_up": "Richard N. Ojeda II", "runner_up_votes": 23.0, "runner_up_share": 28.39506172839506, "contest_votes": 81.0, "margin_of_victory": 6.1728395061728385, "is_tie": false, "results": [ { "candidate": "Nigel W. Bristow", "votes": 28, "share": 34.5679012345679 }, { "candidate": "Richard N. Ojeda II", "votes": 23, "share": 28.39506172839506 }, { "candidate": "Loren Bibler", "votes": 22, "share": 27.160493827160494 }, { "candidate": "Lent C. Carr II", "votes": 8, "share": 9.876543209876543 } ], "participated": true, "map_key": "GUILFORD_PG1" }, "geometry": { "type": "Polygon", "coordinates": [ [ [ -79.791938991221087, 35.969368000326781 ], [ -79.794158991660495, 35.969579000154333 ], [ -79.793079990760006, 35.992358000510137 ], [ -79.788129991072054, 35.991049999921294 ], [ -79.779658991036655, 35.99087000048165 ], [ -79.768705991451142, 35.992538999829357 ], [ -79.761899990651742, 35.994633000123891 ], [ -79.749855990864887, 35.994685000472501 ], [ -79.749736991644667, 35.996023999811413 ], [ -79.742328991111791, 35.988972000196945 ], [ -79.736470990803767, 35.981260999820655 ], [ -79.733126990686699, 35.978280999617468 ], [ -79.710413991060847, 35.966601000485795 ], [ -79.711571990761911, 35.962986999660735 ], [ -79.724650991272995, 35.962602999910821 ], [ -79.730105991449832, 35.961619999749296 ], [ -79.73707899159956, 35.963358000434326 ], [ -79.743235991520294, 35.966764999801768 ], [ -79.751366991704032, 35.966756000301423 ], [ -79.757010990653129, 35.962054000458501 ], [ -79.762091991409093, 35.962103999643311 ], [ -79.76253599132653, 35.960295999671089 ], [ -79.773927991034881, 35.96115099993834 ], [ -79.775546991293453, 35.962219999951792 ], [ -79.778701991029934, 35.967462000133182 ], [ -79.780426991608536, 35.968667000431054 ], [ -79.791938991221087, 35.969368000326781 ] ] ] } },
{ "type": "Feature", "properties": { "county": "MOORE", "precinct": "PHA1", "enr_desc": "Pinehurst A1", "winner": "Richard N. Ojeda II", "winner_votes": 127.0, "winner_share": 72.571428571428569, "runner_up": "Nigel W. Bristow", "runner_up_votes": 19.0, "runner_up_share": 10.857142857142858, "contest_votes": 175.0, "margin_of_victory": 61.714285714285708, "is_tie": false, "results": [ { "candidate": "Richard N. Ojeda II", "votes": 127, "share": 72.57142857142857 }, { "candidate": "Nigel W. Bristow", "votes": 19, "share": 10.857142857142858 }, { "candidate": "Loren Bibler", "votes": 18, "share": 10.285714285714285 }, { "candidate": "Lent C. Carr II", "votes": 11, "share": 6.2857142857142865 } ], "participated": true, "map_key": "MOORE_PHA1" }, "geometry": { "type": "Polygon", "coordinates": [ [ [ -79.469885991729001, 35.188088999771502 ], [ -79.472241991734563, 35.190459999679447 ], [ -79.478574990776536, 35.192088000235316 ], [ -79.494779991072519, 35.192258999921528 ], [ -79.493164990950987, 35.192670999892947 ], [ -79.493159990854849, 35.195475999908666 ], [ -79.49104299097587, 35.195814999610484 ], [ -79.488608991129865, 35.204604000419096 ], [ -79.483903991714683, 35.20340799968271 ], [ -79.476083990980598, 35.205337000460908 ], [ -79.477102991528852, 35.210592000132131 ], [ -79.480009991382659, 35.210418000132464 ], [ -79.482099991023603, 35.212465999823934 ], [ -79.482256991195513, 35.214260999810207 ], [ -79.480893990889868, 35.21578199969511 ], [ -79.478100991029592, 35.216921000222335 ], [ -79.479210990868566, 35.220793999884599 ], [ -79.48182499073306, 35.224358000021923 ], [ -79.481104991455922, 35.224640000147204 ], [ -79.474365990712897, 35.225929000189055 ], [ -79.468438990945785, 35.225725000339885 ], [ -79.460288991386889, 35.227594999611682 ], [ -79.453693991013395, 35.227300999870764 ], [ -79.450892991268432, 35.226385999751386 ], [ -79.451958991432463, 35.217360000435662 ], [ -79.450557991490371, 35.203316000450386 ], [ -79.449279991459036, 35.201906000050315 ], [ -79.449913991374061, 35.200905000222008 ], [ -79.45197999115976, 35.20109499979268 ], [ -79.462337990715469, 35.197012000441681 ], [ -79.468911991458299, 35.190256000164695 ], [ -79.468910990757038, 35.188608000111039 ], [ -79.469885991729001, 35.188088999771502 ] ] ] } },
{ "type": "Feature", "properties": { "county": "MOORE", "precinct": "PHA2", "enr_desc": "Pinehurst A2", "winner": "Richard N. Ojeda II", "winner_votes": 86.0, "winner_share": 69.918699186991873, "runner_up": "Loren Bibler", "runner_up_votes": 14.0, "runner_up_share": 11.38211382113821, "contest_votes": 123.0, "margin_of_victory": 58.536585365853661, "is_tie": false, "results": [ { "candidate": "Richard N. Ojeda II", "votes": 86, "share": 69.91869918699187 }, { "candidate": "Loren Bibler", "votes": 14, "share": 11.38211382113821 }, { "candidate": "Lent C. Carr II", "votes": 13, "share": 10.569105691056912 }, { "candidate": "Nigel W. Bristow", "votes": 10, "share": 8.130081300813007 } ], "participated": true, "map_key": "MOORE_PHA2" }, "geometry": { "type": "Polygon", "coordinates": [ [ [ -79.513434991433243, 35.212170999587975 ], [ -79.503931990734799, 35.211490999678453 ], [ -79.493538990836669, 35.207971999791766 ], [ -79.488608991129865, 35.204604000419096 ], [ -79.49104299097587, 35.195814999610484 ], [ -79.493159990854849, 35.195475999908666 ], [ -79.493164990950987, 35.192670999892947 ], [ -79.494779991072519, 35.192258999921528 ], [ -79.499425991380932, 35.190465999995958 ], [ -79.504864991766425, 35.183153999932522 ], [ -79.51379899121612, 35.180029000320189 ], [ -79.519907991583452, 35.180834999936486 ], [ -79.532887990882315, 35.17783799983652 ], [ -79.54346699142765, 35.18019099996188 ], [ -79.550338991776016, 35.17947200033268 ], [ -79.555859990947354, 35.181931000284656 ], [ -79.558732991519037, 35.18259900040286 ], [ -79.568047991613454, 35.17999000042694 ], [ -79.571759991264983, 35.181264000200564 ], [ -79.561375991682553, 35.204605999591756 ], [ -79.558525991047418, 35.2126779996645 ], [ -79.55945599169192, 35.227622000350827 ], [ -79.553973990691148, 35.226389999804212 ], [ -79.538322991727739, 35.225872000052213 ], [ -79.529025991242463, 35.222282999913645 ], [ -79.523670991047197, 35.216493999957926 ], [ -79.513434991433243, 35.212170999587975 ] ] ] } },
{ "type": "Feature", "properties": { "county": "MOORE", "precinct": "PHB2", "enr_desc": "Pinehurst B2", "winner": "Richard N. Ojeda II", "winner_votes": 65.0, "winner_share": 72.222222222222214, "runner_up": "Nigel W. Bristow", "runner_up_votes": 16.0, "runner_up_share": 17.777777777777779, "contest_votes": 90.0, "margin_of_victory": 54.444444444444436, "is_tie": false, "results": [ { "candidate": "Richard N. Ojeda II", "votes": 65, "share": 72.22222222222221 }, { "candidate": "Nigel W. Bristow", "votes": 16, "share": 17.77777777777778 }, { "candidate": "Loren Bibler", "votes": 5, "share": 5.555555555555555 }, { "candidate": "Lent C. Carr II", "votes": 4, "share": 4.444444444444445 } ], "participated": true, "map_key": "MOORE_PHB2" }, "geometry": { "type": "Polygon", "coordinates": [ [ [ -79.471625991743167, 35.170678999589725 ], [ -79.471527991775844, 35.173001999822745 ], [ -79.469079991538351, 35.177156000122828 ], [ -79.467657991776193, 35.183053000409402 ], [ -79.468164991249068, 35.185496999624263 ], [ -79.469885991729001, 35.188088999771502 ], [ -79.468910990757038, 35.188608000111039 ], [ -79.468911991458299, 35.190256000164695 ], [ -79.462337990715469, 35.197012000441681 ], [ -79.45197999115976, 35.20109499979268 ], [ -79.449913991374061, 35.200905000222008 ], [ -79.449414990701698, 35.197451000019825 ], [ -79.44752499120581, 35.194012000445667 ], [ -79.443297991506228, 35.187698000339843 ], [ -79.439066991231954, 35.183773000062978 ], [ -79.440124990825524, 35.182885999645265 ], [ -79.439697991610643, 35.180372999766902 ], [ -79.440397990865293, 35.177007999899089 ], [ -79.435169991172558, 35.177000000076319 ], [ -79.429369991181204, 35.175768999773219 ], [ -79.425486991309128, 35.171810000152057 ], [ -79.426328990915479, 35.169356999636264 ], [ -79.425823990909507, 35.164482000147906 ], [ -79.429006990991255, 35.164447999855277 ], [ -79.42963699078139, 35.154376999738638 ], [ -79.435598991119264, 35.153014999774058 ], [ -79.437668991180828, 35.153455000067623 ], [ -79.437668991280034, 35.154295999740114 ], [ -79.452604990928705, 35.155084999724671 ], [ -79.452747991331208, 35.156772000204235 ], [ -79.460125991128123, 35.156054999945539 ], [ -79.465122991026007, 35.15660200008903 ], [ -79.46650899085887, 35.166848999672091 ], [ -79.463373991057964, 35.167296000482871 ], [ -79.465017991741348, 35.168058000421162 ], [ -79.463378991779877, 35.169509999755697 ], [ -79.464704991418941, 35.169828000231696 ], [ -79.46428399115446, 35.17078999982364 ], [ -79.471625991743167, 35.170678999589725 ] ] ] } },
{ "type": "Feature", "properties": { "county": "MOORE", "precinct": "PHC", "enr_desc": "Pinehurst C", "winner": "Richard N. Ojeda II", "winner_votes": 161.0, "winner_share": 69.098712446351925, "runner_up": "Loren Bibler", "runner_up_votes": 31.0, "runner_up_share": 13.304721030042918, "contest_votes": 233.0, "margin_of_victory": 55.793991416309005, "is_tie": false, "results": [ { "candidate": "Richard N. Ojeda II", "votes": 161, "share": 69.09871244635193 }, { "candidate": "Loren Bibler", "votes": 31, "share": 13.304721030042918 }, { "candidate": "Lent C. Carr II", "votes": 22, "share": 9.44206008583691 }, { "candidate": "Nigel W. Bristow", "votes": 19, "share": 8.15450643776824 } ], "participated": true, "map_key": "MOORE_PHC" }, "geometry": { "type": "Polygon", "coordinates": [ [ [ -79.519907991583452, 35.180834999936486 ], [ -79.51379899121612, 35.180029000320189 ], [ -79.504864991766425, 35.183153999932522 ], [ -79.499425991380932, 35.190465999995958 ], [ -79.494779991072519, 35.192258999921528 ], [ -79.478574990776536, 35.192088000235316 ], [ -79.472241991734563, 35.190459999679447 ], [ -79.469885991729001, 35.188088999771502 ], [ -79.468164991249068, 35.185496999624263 ], [ -79.467657991776193, 35.183053000409402 ], [ -79.469079991538351, 35.177156000122828 ], [ -79.471527991775844, 35.173001999822745 ], [ -79.471625991743167, 35.170678999589725 ], [ -79.471573991663533, 35.166003000095358 ], [ -79.485085990791831, 35.163810999609851 ], [ -79.482498990832141, 35.161510000316312 ], [ -79.482552991650095, 35.162892999749076 ], [ -79.481842991737309, 35.163018999808514 ], [ -79.481456990753742, 35.160247000451115 ], [ -79.472666990913183, 35.16107299971361 ], [ -79.472609991426097, 35.160078999875431 ], [ -79.476759991683934, 35.159802000276002 ], [ -79.484292991748475, 35.157114999918711 ], [ -79.491924991105591, 35.158131999913763 ], [ -79.494819991077946, 35.159700000313158 ], [ -79.496095991531405, 35.16386599976299 ], [ -79.498809991246901, 35.166593000001519 ], [ -79.509189991117069, 35.16650100015864 ], [ -79.508926991009446, 35.176558999892393 ], [ -79.51019399171399, 35.175840999653339 ], [ -79.523574990899249, 35.17578500005478 ], [ -79.519907991583452, 35.180834999936486 ] ] ] } },
{ "type": "Feature", "properties": { "county": "RANDOLPH", "precinct": "PR", "enr_desc": "Providence", "winner": "Richard N. Ojeda II", "winner_votes": 66.0, "winner_share": 39.75903614457831, "runner_up": "Loren Bibler", "runner_up_votes": 47.0, "runner_up_share": 28.313253012048197, "contest_votes": 166.0, "margin_of_victory": 11.445783132530114, "is_tie": false, "results": [ { "candidate": "Richard N. Ojeda II", "votes": 66, "share": 39.75903614457831 }, { "candidate": "Loren Bibler", "votes": 47, "share": 28.313253012048197 }, { "candidate": "Nigel W. Bristow", "votes": 28, "share": 16.867469879518072 }, { "candidate": "Lent C. Carr II", "votes": 25, "share": 15.060240963855422 } ], "participated": true, "map_key": "RANDOLPH_PR" }, "geometry": { "type": "Polygon", "coordinates": [ [ [ -79.672430991203214, 35.80647299970834 ], [ -79.775553990922475, 35.809423999851262 ], [ -79.775034990962567, 35.811911000409879 ], [ -79.776863991286078, 35.81715899968129 ], [ -79.77953599088373, 35.821002999895747 ], [ -79.77884799070732, 35.821318999739411 ], [ -79.774559991186223, 35.819388000107928 ], [ -79.77297699093495, 35.820726000009657 ], [ -79.774636991145826, 35.821121000443583 ], [ -79.77626599118507, 35.822787999617987 ], [ -79.776629991214321, 35.825198999736465 ], [ -79.775336990902176, 35.825879999773008 ], [ -79.775954991651233, 35.827986999930289 ], [ -79.773114991227388, 35.828832000192087 ], [ -79.774602991161089, 35.830533000028666 ], [ -79.774069990893594, 35.832701000423583 ], [ -79.77567099105346, 35.834240999916517 ], [ -79.773905991134669, 35.838268000484085 ], [ -79.771900990898246, 35.839413000441624 ], [ -79.772710990935963, 35.84143299995737 ], [ -79.771674991335075, 35.841583999817509 ], [ -79.770800991334809, 35.842936000383226 ], [ -79.772094991600397, 35.843833000170015 ], [ -79.770293991160528, 35.844697999644225 ], [ -79.767789990935043, 35.844636000286229 ], [ -79.768746991278519, 35.846972000281596 ], [ -79.767447991274295, 35.853423000353217 ], [ -79.768776991010981, 35.860387999671744 ], [ -79.770786990869539, 35.869136000334429 ], [ -79.767775991079006, 35.870556000368417 ], [ -79.769855990718284, 35.872389999727424 ], [ -79.769967991222174, 35.874193999961243 ], [ -79.771039991001444, 35.875449000395641 ], [ -79.770529991543015, 35.876850000408353 ], [ -79.768111991484787, 35.877510999928397 ], [ -79.769433990720003, 35.877993000361108 ], [ -79.770136990883387, 35.879578000330191 ], [ -79.769767991615879, 35.882639999864189 ], [ -79.770576991454263, 35.884500999916995 ], [ -79.763308991092131, 35.908841999870837 ], [ -79.713232990924666, 35.906789999606538 ], [ -79.629456990705719, 35.903429000401132 ], [ -79.63310899132523, 35.903276999779436 ], [ -79.634565991582846, 35.898560000264872 ], [ -79.635209991434351, 35.88747200019634 ], [ -79.638559991245515, 35.883027000242258 ], [ -79.63516999116662, 35.879519999968061 ], [ -79.626427991334992, 35.865636999779497 ], [ -79.610694990730664, 35.853934999634916 ], [ -79.605435991580208, 35.848356000456761 ], [ -79.614757991699861, 35.846239999924805 ], [ -79.617597990775423, 35.84448799962054 ], [ -79.621065991257922, 35.843606999631476 ], [ -79.624154990987861, 35.845958999920981 ], [ -79.63072499084852, 35.845464000252896 ], [ -79.63392199075254, 35.846306000243523 ], [ -79.637470990881809, 35.848568999988878 ], [ -79.639648990733633, 35.847458000066169 ], [ -79.642262991715072, 35.847561999899824 ], [ -79.644184990950365, 35.846742000081662 ], [ -79.64540999136419, 35.840618000053375 ], [ -79.645821991025869, 35.830388999687656 ], [ -79.643173991037258, 35.825869000151165 ], [ -79.643647991087576, 35.822899999737871 ], [ -79.642885991218165, 35.818641000134207 ], [ -79.671868990838533, 35.818895999720468 ], [ -79.672430991203214, 35.80647299970834 ] ] ] } },
{ "type": "Feature", "properties": { "county": "GUILFORD", "precinct": "SCLAY", "enr_desc": "Sclay", "winner": "Richard N. Ojeda II", "winner_votes": 27.0, "winner_share": 44.26229508196721, "runner_up": "Loren Bibler", "runner_up_votes": 16.0, "runner_up_share": 26.229508196721312, "contest_votes": 61.0, "margin_of_victory": 18.032786885245898, "is_tie": false, "results": [ { "candidate": "Richard N. Ojeda II", "votes": 27, "share": 44.26229508196721 }, { "candidate": "Loren Bibler", "votes": 16, "share": 26.229508196721312 }, { "candidate": "Nigel W. Bristow", "votes": 14, "share": 22.950819672131146 }, { "candidate": "Lent C. Carr II", "votes": 4, "share": 6.557377049180328 } ], "participated": true, "map_key": "GUILFORD_SCLAY" }, "geometry": { "type": "Polygon", "coordinates": [ [ [ -79.62794599091707, 35.90336799988772 ], [ -79.629456990705719, 35.903429000401132 ], [ -79.713232990924666, 35.906789999606538 ], [ -79.710879991552972, 35.953312000474881 ], [ -79.695536990609199, 35.957507999987477 ], [ -79.664125991261926, 35.96719600046719 ], [ -79.644320991056404, 35.966825999673283 ], [ -79.62667799102843, 35.967546999942712 ], [ -79.62794599091707, 35.90336799988772 ] ] ] } },
{ "type": "Feature", "properties": { "county": "MOORE", "precinct": "RBN", "enr_desc": "Robbins", "winner": "Richard N. Ojeda II", "winner_votes": 38.0, "winner_share": 66.666666666666657, "runner_up": "Loren Bibler", "runner_up_votes": 7.0, "runner_up_share": 12.280701754385964, "contest_votes": 57.0, "margin_of_victory": 54.385964912280691, "is_tie": false, "results": [ { "candidate": "Richard N. Ojeda II", "votes": 38, "share": 66.66666666666666 }, { "candidate": "Loren Bibler", "votes": 7, "share": 12.280701754385964 }, { "candidate": "Nigel W. Bristow", "votes": 7, "share": 12.280701754385964 }, { "candidate": "Lent C. Carr II", "votes": 5, "share": 8.771929824561402 } ], "participated": true, "map_key": "MOORE_RBN" }, "geometry": { "type": "Polygon", "coordinates": [ [ [ -79.572902991614484, 35.4098739996343 ], [ -79.662080991408843, 35.409433000220531 ], [ -79.664558991427583, 35.413004000206485 ], [ -79.668667991264073, 35.421746000420626 ], [ -79.666198991508153, 35.421709000137191 ], [ -79.660430991507198, 35.423901999788733 ], [ -79.651335991560373, 35.423915999879597 ], [ -79.651677990688853, 35.426855000466979 ], [ -79.650435990964155, 35.430243999884695 ], [ -79.652284991661759, 35.434535000307932 ], [ -79.652031991724684, 35.442241999609571 ], [ -79.643545991412026, 35.452449999706936 ], [ -79.643403991343575, 35.457956999805162 ], [ -79.641973990668646, 35.461585000030176 ], [ -79.633553990854466, 35.468238999842121 ], [ -79.618277991141639, 35.463770999842659 ], [ -79.615003991009701, 35.466134999995823 ], [ -79.611007991166488, 35.47301800003018 ], [ -79.602436991556445, 35.480054999598231 ], [ -79.59581599148315, 35.491979000271179 ], [ -79.584365991252369, 35.497990000028175 ], [ -79.580133990752259, 35.501539999678656 ], [ -79.578779990961564, 35.509783000312659 ], [ -79.576608991521198, 35.514711000476872 ], [ -79.575189991646482, 35.514731999810856 ], [ -79.572883990714629, 35.455052999806959 ], [ -79.573138991578404, 35.436808000068005 ], [ -79.571964991164108, 35.436568000189311 ], [ -79.572519991534492, 35.434721000096097 ], [ -79.563494990949877, 35.432701000310097 ], [ -79.565563990735356, 35.431842000126522 ], [ -79.569044991131989, 35.424889000282157 ], [ -79.569665991553762, 35.425236999683499 ], [ -79.569588991405794, 35.424167000023765 ], [ -79.572973991693772, 35.424870000329712 ], [ -79.572902991614484, 35.4098739996343 ] ] ] } },
{ "type": "Feature", "properties": { "county": "GUILFORD", "precinct": "RC1", "enr_desc": "Rc1", "winner": "Nigel W. Bristow", "winner_votes": 223.0, "winner_share": 61.095890410958908, "runner_up": "Richard N. Ojeda II", "runner_up_votes": 75.0, "runner_up_share": 20.547945205479451, "contest_votes": 365.0, "margin_of_victory": 40.547945205479458, "is_tie": false, "results": [ { "candidate": "Nigel W. Bristow", "votes": 223, "share": 61.09589041095891 }, { "candidate": "Richard N. Ojeda II", "votes": 75, "share": 20.54794520547945 }, { "candidate": "Lent C. Carr II", "votes": 34, "share": 9.315068493150685 }, { "candidate": "Loren Bibler", "votes": 33, "share": 9.04109589041096 } ], "participated": true, "map_key": "GUILFORD_RC1" }, "geometry": { "type": "Polygon", "coordinates": [ [ [ -79.634570991246477, 36.07403799973013 ], [ -79.632376991108643, 36.074712000409647 ], [ -79.632305991064811, 36.077454999634945 ], [ -79.629821990953957, 36.079450000165785 ], [ -79.630726990897074, 36.080850000059506 ], [ -79.632311991195763, 36.080762999757241 ], [ -79.6321859905986, 36.085964999979687 ], [ -79.633491990969205, 36.085873000096562 ], [ -79.634059990609302, 36.089307999874251 ], [ -79.629310991563955, 36.08920100022457 ], [ -79.621606991431335, 36.090533000053455 ], [ -79.620179991342567, 36.13080500044866 ], [ -79.565410990771213, 36.127921000331419 ], [ -79.56659699097122, 36.124788000335649 ], [ -79.569924990873304, 36.123294000143289 ], [ -79.573161991243566, 36.119246 ], [ -79.573081991449214, 36.115669000018933 ], [ -79.574282991205905, 36.112870000081323 ], [ -79.578330990942533, 36.111278999668848 ], [ -79.57819299140462, 36.110366000315473 ], [ -79.571865990630911, 36.106627000396429 ], [ -79.57177899101346, 36.104418000136405 ], [ -79.570660990780866, 36.10448099973577 ], [ -79.567411990647301, 36.098545000138046 ], [ -79.567683991424147, 36.095346999762413 ], [ -79.561416990920961, 36.092479999658529 ], [ -79.563167991498432, 36.090613000013128 ], [ -79.566391991140577, 36.090788000114614 ], [ -79.566129990871346, 36.091714000427054 ], [ -79.567062991660151, 36.092172999643708 ], [ -79.567431991263078, 36.090922999942968 ], [ -79.569286990680823, 36.09123600004898 ], [ -79.56953799087691, 36.090114999971348 ], [ -79.570037991456658, 36.090041999712319 ], [ -79.569789990948465, 36.091170999950926 ], [ -79.576803991049701, 36.090990000038992 ], [ -79.57818499100344, 36.090273000339387 ], [ -79.578119990726293, 36.092293999941887 ], [ -79.575279991552307, 36.092715000480723 ], [ -79.578092990969822, 36.092870999772465 ], [ -79.578061990809815, 36.093517000238613 ], [ -79.576802991437219, 36.093425000379021 ], [ -79.576604990801115, 36.0947390000468 ], [ -79.574685991330398, 36.094548999912071 ], [ -79.574659991199937, 36.09709199978353 ], [ -79.57622899124992, 36.098237999652511 ], [ -79.574509991587703, 36.098874999845457 ], [ -79.574472991099256, 36.09990999991404 ], [ -79.577412991040575, 36.1000369999092 ], [ -79.577467990611467, 36.100648999946863 ], [ -79.582045991314189, 36.100371000046621 ], [ -79.582235990663904, 36.09505100015906 ], [ -79.589542990862526, 36.094853999807142 ], [ -79.590526991241461, 36.091214999699147 ], [ -79.591916991192932, 36.091309000231448 ], [ -79.592037991125181, 36.088642999671379 ], [ -79.585480990987449, 36.087761000244555 ], [ -79.58541099111639, 36.087864000010264 ], [ -79.586353991301067, 36.088039000024821 ], [ -79.586024991558446, 36.090193000334615 ], [ -79.585805991257928, 36.089361999628132 ], [ -79.583001990951928, 36.089007999700186 ], [ -79.582326990971765, 36.090567999740969 ], [ -79.581024991499888, 36.090478999675042 ], [ -79.581845990707492, 36.089455999915288 ], [ -79.579678991560741, 36.088958000468381 ], [ -79.5827449913441, 36.08898099991449 ], [ -79.582844991442357, 36.088261999848129 ], [ -79.580827990698722, 36.087995000320525 ], [ -79.582577991440473, 36.08656299995917 ], [ -79.583023991134056, 36.084001000150117 ], [ -79.576751991349369, 36.083154000484541 ], [ -79.577432991016977, 36.07460199995564 ], [ -79.583516991666073, 36.074615000446499 ], [ -79.582574991586682, 36.076306000373613 ], [ -79.583671991259834, 36.076343999926422 ], [ -79.583446991393416, 36.073154000260182 ], [ -79.582267991309649, 36.070862000268519 ], [ -79.59811099090588, 36.065475000283485 ], [ -79.602722991215074, 36.062475000165527 ], [ -79.610296991236964, 36.063500000223854 ], [ -79.611469990759304, 36.061884000475082 ], [ -79.616770990889208, 36.065290000235635 ], [ -79.619131991002604, 36.065406999753016 ], [ -79.619195990850159, 36.061130999758525 ], [ -79.617700991695429, 36.061181000133978 ], [ -79.617850990848481, 36.060268999778188 ], [ -79.61998099126339, 36.059535000166875 ], [ -79.62101799157027, 36.064626000070568 ], [ -79.624870990872509, 36.064499999718471 ], [ -79.62488699134127, 36.065778999971876 ], [ -79.628892990879123, 36.066395000054939 ], [ -79.628501990681784, 36.069361999766478 ], [ -79.630416991288911, 36.070222999904175 ], [ -79.632837991065429, 36.069747000478777 ], [ -79.632857990748391, 36.070966000426395 ], [ -79.631888990993133, 36.071003000392423 ], [ -79.632715990873891, 36.071859000206516 ], [ -79.635947990919931, 36.072090000111636 ], [ -79.635121991425962, 36.074441999891079 ], [ -79.634570991246477, 36.07403799973013 ] ] ] } },
{ "type": "Feature", "properties": { "county": "GUILFORD", "precinct": "RC2", "enr_desc": "Rc2", "winner": "Richard N. Ojeda II", "winner_votes": 196.0, "winner_share": 37.837837837837839, "runner_up": "Nigel W. Bristow", "runner_up_votes": 182.0, "runner_up_share": 35.135135135135137, "contest_votes": 518.0, "margin_of_victory": 2.7027027027027017, "is_tie": false, "results": [ { "candidate": "Richard N. Ojeda II", "votes": 196, "share": 37.83783783783784 }, { "candidate": "Nigel W. Bristow", "votes": 182, "share": 35.13513513513514 }, { "candidate": "Lent C. Carr II", "votes": 74, "share": 14.285714285714285 }, { "candidate": "Loren Bibler", "votes": 66, "share": 12.741312741312742 } ], "participated": true, "map_key": "GUILFORD_RC2" }, "geometry": { "type": "Polygon", "coordinates": [ [ [ -79.53967299072076, 36.012835999664738 ], [ -79.563637990739196, 36.014059999721304 ], [ -79.59395199101219, 36.014015000284992 ], [ -79.621975991485385, 36.015822000187839 ], [ -79.620979991123463, 36.03412500009501 ], [ -79.621519991072574, 36.059042999667021 ], [ -79.61998099126339, 36.059535000166875 ], [ -79.617850990848481, 36.060268999778188 ], [ -79.617700991695429, 36.061181000133978 ], [ -79.619195990850159, 36.061130999758525 ], [ -79.619131991002604, 36.065406999753016 ], [ -79.616770990889208, 36.065290000235635 ], [ -79.611469990759304, 36.061884000475082 ], [ -79.610296991236964, 36.063500000223854 ], [ -79.602722991215074, 36.062475000165527 ], [ -79.59811099090588, 36.065475000283485 ], [ -79.582267991309649, 36.070862000268519 ], [ -79.583446991393416, 36.073154000260182 ], [ -79.583671991259834, 36.076343999926422 ], [ -79.582574991586682, 36.076306000373613 ], [ -79.583516991666073, 36.074615000446499 ], [ -79.577432991016977, 36.07460199995564 ], [ -79.576751991349369, 36.083154000484541 ], [ -79.583023991134056, 36.084001000150117 ], [ -79.582577991440473, 36.08656299995917 ], [ -79.580827990698722, 36.087995000320525 ], [ -79.582844991442357, 36.088261999848129 ], [ -79.5827449913441, 36.08898099991449 ], [ -79.579678991560741, 36.088958000468381 ], [ -79.581845990707492, 36.089455999915288 ], [ -79.581024991499888, 36.090478999675042 ], [ -79.582326990971765, 36.090567999740969 ], [ -79.583001990951928, 36.089007999700186 ], [ -79.585805991257928, 36.089361999628132 ], [ -79.586024991558446, 36.090193000334615 ], [ -79.586353991301067, 36.088039000024821 ], [ -79.58541099111639, 36.087864000010264 ], [ -79.585480990987449, 36.087761000244555 ], [ -79.592037991125181, 36.088642999671379 ], [ -79.591916991192932, 36.091309000231448 ], [ -79.590526991241461, 36.091214999699147 ], [ -79.589542990862526, 36.094853999807142 ], [ -79.582235990663904, 36.09505100015906 ], [ -79.582045991314189, 36.100371000046621 ], [ -79.577467990611467, 36.100648999946863 ], [ -79.577412991040575, 36.1000369999092 ], [ -79.574472991099256, 36.09990999991404 ], [ -79.574509991587703, 36.098874999845457 ], [ -79.57622899124992, 36.098237999652511 ], [ -79.574659991199937, 36.09709199978353 ], [ -79.574685991330398, 36.094548999912071 ], [ -79.576604990801115, 36.0947390000468 ], [ -79.576802991437219, 36.093425000379021 ], [ -79.578061990809815, 36.093517000238613 ], [ -79.578092990969822, 36.092870999772465 ], [ -79.575279991552307, 36.092715000480723 ], [ -79.578119990726293, 36.092293999941887 ], [ -79.57818499100344, 36.090273000339387 ], [ -79.576803991049701, 36.090990000038992 ], [ -79.569789990948465, 36.091170999950926 ], [ -79.570037991456658, 36.090041999712319 ], [ -79.56953799087691, 36.090114999971348 ], [ -79.569286990680823, 36.09123600004898 ], [ -79.567431991263078, 36.090922999942968 ], [ -79.567062991660151, 36.092172999643708 ], [ -79.566129990871346, 36.091714000427054 ], [ -79.566391991140577, 36.090788000114614 ], [ -79.563167991498432, 36.090613000013128 ], [ -79.561416990920961, 36.092479999658529 ], [ -79.558570990961442, 36.091462999750078 ], [ -79.558661991432771, 36.089407000422803 ], [ -79.557246991295585, 36.087262000367588 ], [ -79.555976991313983, 36.082439000481614 ], [ -79.55363399128224, 36.080269999952947 ], [ -79.549954990697472, 36.079606999778747 ], [ -79.548799991511359, 36.080254000192014 ], [ -79.545777991655584, 36.079225000121028 ], [ -79.539162990731754, 36.081152000245382 ], [ -79.539386991490005, 36.048881999767595 ], [ -79.53939499166114, 36.047894999818766 ], [ -79.539399990760941, 36.047185000342409 ], [ -79.539404991591923, 36.046635000107869 ], [ -79.539411990983609, 36.045737999841045 ], [ -79.53967299072076, 36.012835999664738 ] ] ] } },
{ "type": "Feature", "properties": { "county": "RANDOLPH", "precinct": "RM", "enr_desc": "Ramseur", "winner": "Richard N. Ojeda II", "winner_votes": 66.0, "winner_share": 50.381679389312971, "runner_up": "Loren Bibler", "runner_up_votes": 28.0, "runner_up_share": 21.374045801526716, "contest_votes": 131.0, "margin_of_victory": 29.007633587786255, "is_tie": false, "results": [ { "candidate": "Richard N. Ojeda II", "votes": 66, "share": 50.38167938931297 }, { "candidate": "Loren Bibler", "votes": 28, "share": 21.374045801526716 }, { "candidate": "Nigel W. Bristow", "votes": 25, "share": 19.083969465648856 }, { "candidate": "Lent C. Carr II", "votes": 12, "share": 9.16030534351145 } ], "participated": true, "map_key": "RANDOLPH_RM" }, "geometry": { "type": "Polygon", "coordinates": [ [ [ -79.676899990766813, 35.707682999622122 ], [ -79.672430991203214, 35.80647299970834 ], [ -79.671868990838533, 35.818895999720468 ], [ -79.642885991218165, 35.818641000134207 ], [ -79.642006991003441, 35.80807100019598 ], [ -79.643285991153192, 35.795800000083915 ], [ -79.644734990743885, 35.790901000436918 ], [ -79.643438991635293, 35.786117000222688 ], [ -79.631689991697641, 35.777109000323684 ], [ -79.622322990722708, 35.765894000459788 ], [ -79.620595991039053, 35.762855999601591 ], [ -79.619010990737507, 35.757417999951258 ], [ -79.61955099166704, 35.748241999669375 ], [ -79.60695599064627, 35.751345999739101 ], [ -79.603289991381573, 35.751571000157867 ], [ -79.600048991514853, 35.750796999637565 ], [ -79.591765991235533, 35.746622999998785 ], [ -79.572695991308677, 35.742623000359764 ], [ -79.557081990742077, 35.742672000030943 ], [ -79.550679991307817, 35.743514000219164 ], [ -79.545540991631995, 35.742600999905633 ], [ -79.54689499160952, 35.705513999944394 ], [ -79.676899990766813, 35.707682999622122 ] ] ] } },
{ "type": "Feature", "properties": { "county": "RANDOLPH", "precinct": "RN", "enr_desc": "Randleman", "winner": "Richard N. Ojeda II", "winner_votes": 63.0, "winner_share": 33.333333333333329, "runner_up": "Nigel W. Bristow", "runner_up_votes": 61.0, "runner_up_share": 32.275132275132272, "contest_votes": 189.0, "margin_of_victory": 1.0582010582010568, "is_tie": false, "results": [ { "candidate": "Richard N. Ojeda II", "votes": 63, "share": 33.33333333333333 }, { "candidate": "Nigel W. Bristow", "votes": 61, "share": 32.27513227513227 }, { "candidate": "Loren Bibler", "votes": 42, "share": 22.22222222222222 }, { "candidate": "Lent C. Carr II", "votes": 23, "share": 12.16931216931217 } ], "participated": true, "map_key": "RANDOLPH_RN" }, "geometry": { "type": "Polygon", "coordinates": [ [ [ -79.829221991625076, 35.779974000333048 ], [ -79.828933991550869, 35.786315999631476 ], [ -79.823063990852376, 35.797118000383804 ], [ -79.821888991343414, 35.801927000146243 ], [ -79.828366991209222, 35.804290000274875 ], [ -79.836388990729404, 35.811123999784982 ], [ -79.844074990993619, 35.816463999735539 ], [ -79.827546991423702, 35.83469999979615 ], [ -79.824253991543358, 35.845502000264609 ], [ -79.802326991020166, 35.845202999623474 ], [ -79.797349991204186, 35.845956999717757 ], [ -79.786064991663807, 35.850319999977451 ], [ -79.78143799066919, 35.850766000444203 ], [ -79.777540990695442, 35.856995000293516 ], [ -79.773822991533763, 35.859335000041078 ], [ -79.768776991010981, 35.860387999671744 ], [ -79.767447991274295, 35.853423000353217 ], [ -79.768746991278519, 35.846972000281596 ], [ -79.767789990935043, 35.844636000286229 ], [ -79.770293991160528, 35.844697999644225 ], [ -79.772094991600397, 35.843833000170015 ], [ -79.770800991334809, 35.842936000383226 ], [ -79.771674991335075, 35.841583999817509 ], [ -79.772710990935963, 35.84143299995737 ], [ -79.771900990898246, 35.839413000441624 ], [ -79.773905991134669, 35.838268000484085 ], [ -79.77567099105346, 35.834240999916517 ], [ -79.774069990893594, 35.832701000423583 ], [ -79.774602991161089, 35.830533000028666 ], [ -79.773114991227388, 35.828832000192087 ], [ -79.775954991651233, 35.827986999930289 ], [ -79.775336990902176, 35.825879999773008 ], [ -79.776629991214321, 35.825198999736465 ], [ -79.77626599118507, 35.822787999617987 ], [ -79.774636991145826, 35.821121000443583 ], [ -79.77297699093495, 35.820726000009657 ], [ -79.774559991186223, 35.819388000107928 ], [ -79.77884799070732, 35.821318999739411 ], [ -79.77953599088373, 35.821002999895747 ], [ -79.776863991286078, 35.81715899968129 ], [ -79.775034990962567, 35.811911000409879 ], [ -79.775553990922475, 35.809423999851262 ], [ -79.777680990771799, 35.802957999759634 ], [ -79.776293991689514, 35.801646000422537 ], [ -79.774731991406966, 35.797942999725763 ], [ -79.77223099148928, 35.797737000116477 ], [ -79.770347990925998, 35.796176000304044 ], [ -79.7727669911595, 35.795217999718425 ], [ -79.773077990629474, 35.792471000211762 ], [ -79.771365990704624, 35.784412000493965 ], [ -79.771566991288381, 35.78008600014639 ], [ -79.769853991698341, 35.776533999742071 ], [ -79.770443990820738, 35.774701000206704 ], [ -79.773536991651056, 35.771361000136501 ], [ -79.774748991367744, 35.767991999896566 ], [ -79.774384990915436, 35.765518000113687 ], [ -79.773272990876151, 35.764130999810263 ], [ -79.780900990737933, 35.761688999821679 ], [ -79.784113991246016, 35.757795999993697 ], [ -79.787679991243721, 35.756921000083885 ], [ -79.787042991404874, 35.75587600009991 ], [ -79.790091990699224, 35.752452000070782 ], [ -79.790083991645901, 35.758489000341434 ], [ -79.794971990733671, 35.758497000468687 ], [ -79.794970990826698, 35.761243999652194 ], [ -79.798325991620843, 35.761249000235708 ], [ -79.79855699078432, 35.768676000098985 ], [ -79.79980799075112, 35.768875999945841 ], [ -79.799540991176372, 35.773915999754053 ], [ -79.805414990776512, 35.773903999625453 ], [ -79.804341990734656, 35.774286000167002 ], [ -79.80466499167737, 35.774921000016519 ], [ -79.805519991537651, 35.77461899965536 ], [ -79.805214991215522, 35.776904999718475 ], [ -79.803365991504279, 35.777154000425732 ], [ -79.803746991704656, 35.778252000484756 ], [ -79.800612990847654, 35.779514000073995 ], [ -79.802358990871568, 35.782052000334545 ], [ -79.802121991637819, 35.784659999622193 ], [ -79.806087991344597, 35.785686000261251 ], [ -79.805636991550543, 35.79152000049752 ], [ -79.807155991054628, 35.791578000356921 ], [ -79.807241991507581, 35.79046000037431 ], [ -79.808070991128119, 35.790354000369234 ], [ -79.807785990818317, 35.786180000322332 ], [ -79.80982699069169, 35.787014999939124 ], [ -79.811965991463282, 35.786220000304866 ], [ -79.810805990842383, 35.785996999916485 ], [ -79.811620991573022, 35.785266999945641 ], [ -79.810626990691929, 35.784988999747611 ], [ -79.810369991480911, 35.783612999876979 ], [ -79.811993991609697, 35.783641000490668 ], [ -79.811986990978568, 35.7827519998242 ], [ -79.819852990928581, 35.783151999932919 ], [ -79.820079990802029, 35.776892999611619 ], [ -79.822673991653389, 35.776888000159936 ], [ -79.822672990958466, 35.780031000221129 ], [ -79.829221991625076, 35.779974000333048 ] ] ] } },
{ "type": "Feature", "properties": { "county": "MOORE", "precinct": "TLT", "enr_desc": "Taylortown", "winner": "Richard N. Ojeda II", "winner_votes": 52.0, "winner_share": 67.532467532467535, "runner_up": "Nigel W. Bristow", "runner_up_votes": 21.0, "runner_up_share": 27.27272727272727, "contest_votes": 77.0, "margin_of_victory": 40.259740259740269, "is_tie": false, "results": [ { "candidate": "Richard N. Ojeda II", "votes": 52, "share": 67.53246753246754 }, { "candidate": "Nigel W. Bristow", "votes": 21, "share": 27.27272727272727 }, { "candidate": "Loren Bibler", "votes": 4, "share": 5.194805194805195 }, { "candidate": "Lent C. Carr II", "votes": 0, "share": 0.0 } ], "participated": true, "map_key": "MOORE_TLT" }, "geometry": { "type": "Polygon", "coordinates": [ [ [ -79.488608991129865, 35.204604000419096 ], [ -79.493538990836669, 35.207971999791766 ], [ -79.503931990734799, 35.211490999678453 ], [ -79.513434991433243, 35.212170999587975 ], [ -79.509329991691231, 35.214481000386996 ], [ -79.512309991493581, 35.21766199971794 ], [ -79.509363991166964, 35.22584500026835 ], [ -79.508843990770643, 35.225980000374363 ], [ -79.508888991563254, 35.222088999850612 ], [ -79.507320991395545, 35.22209499978117 ], [ -79.507458991503114, 35.215146000085632 ], [ -79.501725991000527, 35.217807999755223 ], [ -79.503434991527669, 35.223164000140535 ], [ -79.502751990877712, 35.223201000186343 ], [ -79.488269991333496, 35.223094999768477 ], [ -79.486391990857342, 35.221217999943242 ], [ -79.485292991528567, 35.221937999947144 ], [ -79.482256991195513, 35.214260999810207 ], [ -79.482099991023603, 35.212465999823934 ], [ -79.480009991382659, 35.210418000132464 ], [ -79.477102991528852, 35.210592000132131 ], [ -79.476083990980598, 35.205337000460908 ], [ -79.483903991714683, 35.20340799968271 ], [ -79.488608991129865, 35.204604000419096 ] ] ] } },
{ "type": "Feature", "properties": { "county": null, "precinct": null, "enr_desc": "Sdri", "winner": null, "winner_votes": null, "winner_share": null, "runner_up": null, "runner_up_votes": null, "runner_up_share": null, "contest_votes": null, "margin_of_victory": null, "is_tie": false, "results": null, "participated": false, "map_key": null }, "geometry": { "type": "Polygon", "coordinates": [ [ [ -79.96380899143756, 36.035536000215245 ], [ -79.969858990905209, 36.037390000268601 ], [ -79.969708990871752, 36.039406000170814 ], [ -79.975644991011066, 36.043164000484651 ], [ -79.979973991250219, 36.043173000410725 ], [ -79.980122991136142, 36.045617000295529 ], [ -79.977818991522085, 36.048898000296113 ], [ -79.983917991358339, 36.052526000129156 ], [ -79.987786990704407, 36.052420999832776 ], [ -79.987962990783487, 36.049092000383737 ], [ -79.990390991442865, 36.046902999905051 ], [ -79.997442991185622, 36.049543000493948 ], [ -80.002187991690533, 36.040923000486778 ], [ -80.006332991434306, 36.042656999776341 ], [ -80.011333990827282, 36.043459999819895 ], [ -80.020689991491722, 36.05226400000199 ], [ -80.024178991010814, 36.054269000236296 ], [ -80.024854991235713, 36.053836999997301 ], [ -80.024336991408759, 36.052030000451154 ], [ -80.022338990859922, 36.04978199991718 ], [ -80.02423899168636, 36.047385000198616 ], [ -80.024181990761292, 36.04464400022087 ], [ -80.030070991240379, 36.040296000266821 ], [ -80.028555990675827, 36.034572000164765 ], [ -80.03428499077836, 36.032120999814452 ], [ -80.03840699117211, 36.032090000464756 ], [ -80.038323990651662, 36.030671999794244 ], [ -80.039264990866016, 36.030660000256105 ], [ -80.038738991202678, 36.029487000341568 ], [ -80.042679990989186, 36.02857800006629 ], [ -80.040216990639763, 36.105418999925533 ], [ -80.028996991529723, 36.102999000032185 ], [ -79.970525990729968, 36.084099000306146 ], [ -79.971328990808203, 36.073040000313917 ], [ -79.969886991249325, 36.071075000287493 ], [ -79.96979099072189, 36.067221999772919 ], [ -79.963654990804471, 36.06655699978807 ], [ -79.96377299100692, 36.064172999998739 ], [ -79.963111991642734, 36.064152000117119 ], [ -79.962688991300524, 36.063224000501293 ], [ -79.963803991023411, 36.063231999693862 ], [ -79.963924991004063, 36.060314000337499 ], [ -79.961986990701561, 36.058368999696569 ], [ -79.962339990848889, 36.039427999811103 ], [ -79.96380899143756, 36.035536000215245 ] ] ] } },
{ "type": "Feature", "properties": { "county": "RANDOLPH", "precinct": "SE", "enr_desc": "Southeast", "winner": "Richard N. Ojeda II", "winner_votes": 23.0, "winner_share": 45.098039215686278, "runner_up": "Loren Bibler", "runner_up_votes": 13.0, "runner_up_share": 25.490196078431371, "contest_votes": 51.0, "margin_of_victory": 19.607843137254907, "is_tie": false, "results": [ { "candidate": "Richard N. Ojeda II", "votes": 23, "share": 45.09803921568628 }, { "candidate": "Loren Bibler", "votes": 13, "share": 25.49019607843137 }, { "candidate": "Nigel W. Bristow", "votes": 8, "share": 15.686274509803921 }, { "candidate": "Lent C. Carr II", "votes": 7, "share": 13.725490196078432 } ], "participated": true, "map_key": "RANDOLPH_SE" }, "geometry": { "type": "Polygon", "coordinates": [ [ [ -79.575189991646482, 35.514731999810856 ], [ -79.576608991521198, 35.514711000476872 ], [ -79.590296991635299, 35.514491999696659 ], [ -79.5940109908735, 35.516399999750625 ], [ -79.597622990889576, 35.51635099998753 ], [ -79.598939990727885, 35.517610999629191 ], [ -79.596897991013265, 35.525142000185802 ], [ -79.595106991196459, 35.52567099995477 ], [ -79.587625991366977, 35.522032000023451 ], [ -79.584431991225784, 35.521923000138685 ], [ -79.581689991252972, 35.523820000282306 ], [ -79.58216499169859, 35.528243000476635 ], [ -79.581550991481848, 35.530715000123585 ], [ -79.582921990674649, 35.532526000158519 ], [ -79.586649991662185, 35.534171000207344 ], [ -79.588470991334347, 35.536098000161878 ], [ -79.589089991607608, 35.54090100029083 ], [ -79.586119990703779, 35.546646000337688 ], [ -79.588165991092666, 35.550636999635863 ], [ -79.593605991241589, 35.5599320001077 ], [ -79.598931990852279, 35.567162000415678 ], [ -79.604541991494301, 35.571851999642519 ], [ -79.604991991375286, 35.574876999918821 ], [ -79.604400991342658, 35.576871999918005 ], [ -79.600534991394852, 35.581659000072733 ], [ -79.600479990980602, 35.582777000466024 ], [ -79.605978991048303, 35.588619000125625 ], [ -79.606541990981825, 35.591917000216675 ], [ -79.60841999157681, 35.594381999910986 ], [ -79.608195991222331, 35.596381000248435 ], [ -79.606064991011579, 35.599825999708401 ], [ -79.610871990882899, 35.606779999861224 ], [ -79.610566991172945, 35.608623000028693 ], [ -79.681358991176793, 35.608879000416522 ], [ -79.676899990766813, 35.707682999622122 ], [ -79.54689499160952, 35.705513999944394 ], [ -79.551422991363722, 35.631483999616982 ], [ -79.553232991062671, 35.599281000337115 ], [ -79.555803990869578, 35.515039000182583 ], [ -79.575189991646482, 35.514731999810856 ] ] ] } },
{ "type": "Feature", "properties": { "county": null, "precinct": null, "enr_desc": "Sf1", "winner": null, "winner_votes": null, "winner_share": null, "runner_up": null, "runner_up_votes": null, "runner_up_share": null, "contest_votes": null, "margin_of_victory": null, "is_tie": false, "results": null, "participated": false, "map_key": null }, "geometry": { "type": "Polygon", "coordinates": [ [ [ -79.953000991398497, 36.172851999718631 ], [ -79.953468991131984, 36.199258999729366 ], [ -79.957365991441321, 36.209127000055034 ], [ -79.956709991238753, 36.213189000341131 ], [ -79.952887990635787, 36.215000000461472 ], [ -79.951468991511945, 36.216506000390631 ], [ -79.945118990865225, 36.218899000113893 ], [ -79.938579990996246, 36.219696000424008 ], [ -79.934056990593746, 36.221499999677995 ], [ -79.927890990679771, 36.221795000367628 ], [ -79.92279999082379, 36.223330999699982 ], [ -79.91875099058484, 36.226721000273869 ], [ -79.915497991140711, 36.22890700003461 ], [ -79.913881991266791, 36.2284559996409 ], [ -79.904388990618614, 36.208617000495146 ], [ -79.8924109909306, 36.194311999798657 ], [ -79.873751990972636, 36.198159000381516 ], [ -79.868684990606994, 36.197461999855676 ], [ -79.868572990577704, 36.172986999726589 ], [ -79.870334990856051, 36.173629000441636 ], [ -79.871741991651973, 36.173145000209637 ], [ -79.872561991043213, 36.171831999765239 ], [ -79.877457991536815, 36.17177200002164 ], [ -79.880203990693886, 36.173870000357347 ], [ -79.882702991011826, 36.173671999762433 ], [ -79.889547991223665, 36.176887999877266 ], [ -79.904424991019425, 36.179086000186928 ], [ -79.914124990773857, 36.181231000377672 ], [ -79.915879991121315, 36.180633000117872 ], [ -79.91772499066667, 36.178208999701397 ], [ -79.922747991474012, 36.176633000043395 ], [ -79.928875991244297, 36.1771840002678 ], [ -79.932921990842488, 36.176479000072639 ], [ -79.936283991245503, 36.178155999802598 ], [ -79.938371991487386, 36.178034999850112 ], [ -79.943447990625046, 36.176771000013758 ], [ -79.947216991127661, 36.174193999919765 ], [ -79.953000991398497, 36.172851999718631 ] ] ] } },
{ "type": "Feature", "properties": { "county": null, "precinct": null, "enr_desc": "Sf2", "winner": null, "winner_votes": null, "winner_share": null, "runner_up": null, "runner_up_votes": null, "runner_up_share": null, "contest_votes": null, "margin_of_victory": null, "is_tie": false, "results": null, "participated": false, "map_key": null }, "geometry": { "type": "Polygon", "coordinates": [ [ [ -79.868684990606994, 36.197461999855676 ], [ -79.873751990972636, 36.198159000381516 ], [ -79.8924109909306, 36.194311999798657 ], [ -79.904388990618614, 36.208617000495146 ], [ -79.913881991266791, 36.2284559996409 ], [ -79.915497991140711, 36.22890700003461 ], [ -79.91875099058484, 36.226721000273869 ], [ -79.917955990700307, 36.227281999649222 ], [ -79.919040990778285, 36.23284100025154 ], [ -79.920415990707568, 36.23244099962028 ], [ -79.922537990979308, 36.235576000297137 ], [ -79.922605990715454, 36.240084999683738 ], [ -79.91855199105494, 36.240069000307699 ], [ -79.919467991218596, 36.243064999877113 ], [ -79.93194299088394, 36.243405000003207 ], [ -79.931744990843271, 36.249104999999723 ], [ -79.935282991046833, 36.250651000001604 ], [ -79.942048990968757, 36.248231999692202 ], [ -79.942660991407152, 36.250751000437091 ], [ -79.945133991238606, 36.254570000468703 ], [ -79.867406991235455, 36.251782999762334 ], [ -79.86696899074505, 36.235587999785622 ], [ -79.868710991165386, 36.211861000486401 ], [ -79.868684990606994, 36.197461999855676 ] ] ] } },
{ "type": "Feature", "properties": { "county": null, "precinct": null, "enr_desc": "Sf3", "winner": null, "winner_votes": null, "winner_share": null, "runner_up": null, "runner_up_votes": null, "runner_up_share": null, "contest_votes": null, "margin_of_victory": null, "is_tie": false, "results": null, "participated": false, "map_key": null }, "geometry": { "type": "Polygon", "coordinates": [ [ [ -79.870923990694536, 36.139871999765539 ], [ -79.870871990663261, 36.137663999861822 ], [ -79.886571991525116, 36.137485000464181 ], [ -79.88644199103291, 36.141024000090233 ], [ -79.891038990925523, 36.141306999947631 ], [ -79.897920991527315, 36.139998999971489 ], [ -79.912168990964858, 36.139603000281305 ], [ -79.91285499151175, 36.146772999891567 ], [ -79.914799990876944, 36.150836000007985 ], [ -79.91676299069789, 36.151522000443791 ], [ -79.917317991007536, 36.152806000430047 ], [ -79.907557990998825, 36.160558000514399 ], [ -79.912395990791609, 36.161643999859741 ], [ -79.916560990924935, 36.165840000139127 ], [ -79.913822991070504, 36.167723000513469 ], [ -79.912676990794594, 36.170256000081302 ], [ -79.908995991414884, 36.173090999846373 ], [ -79.908703990938363, 36.174761999999788 ], [ -79.904424991019425, 36.179086000186928 ], [ -79.889547991223665, 36.176887999877266 ], [ -79.882702991011826, 36.173671999762433 ], [ -79.880203990693886, 36.173870000357347 ], [ -79.877457991536815, 36.17177200002164 ], [ -79.872561991043213, 36.171831999765239 ], [ -79.871741991651973, 36.173145000209637 ], [ -79.870334990856051, 36.173629000441636 ], [ -79.8702409906182, 36.161389999799226 ], [ -79.874318991163889, 36.160953000087403 ], [ -79.875576991512645, 36.15989999963611 ], [ -79.874064991657406, 36.160134999979689 ], [ -79.873187991058714, 36.158743999718595 ], [ -79.870159991257822, 36.158657000170585 ], [ -79.870324991394639, 36.149735000231246 ], [ -79.868972990830386, 36.146224999908121 ], [ -79.869783990706466, 36.146207000194394 ], [ -79.869344991498636, 36.144102000152401 ], [ -79.871055991664051, 36.143565000231874 ], [ -79.870560990866096, 36.143664000031805 ], [ -79.870923990694536, 36.139871999765539 ] ] ] } },
{ "type": "Feature", "properties": { "county": null, "precinct": null, "enr_desc": "Sf4", "winner": null, "winner_votes": null, "winner_share": null, "runner_up": null, "runner_up_votes": null, "runner_up_share": null, "contest_votes": null, "margin_of_victory": null, "is_tie": false, "results": null, "participated": false, "map_key": null }, "geometry": { "type": "Polygon", "coordinates": [ [ [ -79.959395990701083, 36.144253000176633 ], [ -79.959849991103752, 36.152824000455986 ], [ -79.966967990749026, 36.154433999801306 ], [ -79.968010991144553, 36.155690000163936 ], [ -79.968136991180671, 36.157970000148765 ], [ -79.963668991554684, 36.160502000196715 ], [ -79.957984991129464, 36.16794399970842 ], [ -79.953000991398497, 36.172851999718631 ], [ -79.947216991127661, 36.174193999919765 ], [ -79.943447990625046, 36.176771000013758 ], [ -79.938371991487386, 36.178034999850112 ], [ -79.936283991245503, 36.178155999802598 ], [ -79.932921990842488, 36.176479000072639 ], [ -79.928875991244297, 36.1771840002678 ], [ -79.922747991474012, 36.176633000043395 ], [ -79.91772499066667, 36.178208999701397 ], [ -79.915879991121315, 36.180633000117872 ], [ -79.914124990773857, 36.181231000377672 ], [ -79.904424991019425, 36.179086000186928 ], [ -79.908703990938363, 36.174761999999788 ], [ -79.908995991414884, 36.173090999846373 ], [ -79.912676990794594, 36.170256000081302 ], [ -79.913822991070504, 36.167723000513469 ], [ -79.916560990924935, 36.165840000139127 ], [ -79.912395990791609, 36.161643999859741 ], [ -79.907557990998825, 36.160558000514399 ], [ -79.917317991007536, 36.152806000430047 ], [ -79.91676299069789, 36.151522000443791 ], [ -79.914799990876944, 36.150836000007985 ], [ -79.91285499151175, 36.146772999891567 ], [ -79.912168990964858, 36.139603000281305 ], [ -79.912986990943395, 36.13904800040693 ], [ -79.913851991651953, 36.140176999981534 ], [ -79.915538991072253, 36.138836000245696 ], [ -79.924587991449442, 36.139521999934807 ], [ -79.936488990759841, 36.139445999655365 ], [ -79.938117991289801, 36.140678000454614 ], [ -79.939822991511235, 36.140272999990167 ], [ -79.939787991309075, 36.139411000221052 ], [ -79.943397990601966, 36.139267000286644 ], [ -79.941896991661437, 36.142318999717844 ], [ -79.943013990746437, 36.143536000035837 ], [ -79.945731991217883, 36.144051999835526 ], [ -79.951030991419131, 36.143245000144574 ], [ -79.953580991406213, 36.146308000273272 ], [ -79.954755990761086, 36.144740000189351 ], [ -79.959395990701083, 36.144253000176633 ] ] ] } },
{ "type": "Feature", "properties": { "county": null, "precinct": null, "enr_desc": "Sherwood", "winner": null, "winner_votes": null, "winner_share": null, "runner_up": null, "runner_up_votes": null, "runner_up_share": null, "contest_votes": null, "margin_of_victory": null, "is_tie": false, "results": null, "participated": false, "map_key": null }, "geometry": { "type": "Polygon", "coordinates": [ [ [ -78.816710991817757, 34.892398999820394 ], [ -78.818434991101327, 34.892219000038438 ], [ -78.820627991045342, 34.893476999979214 ], [ -78.823209990899727, 34.899405999788762 ], [ -78.823070991343201, 34.89952599967237 ], [ -78.823215991077959, 34.899834999823248 ], [ -78.823710991697283, 34.899971000207202 ], [ -78.824490991237539, 34.902910999555175 ], [ -78.825901991090561, 34.9037899998266 ], [ -78.827058991747094, 34.903797999851754 ], [ -78.828733991586219, 34.901279999869018 ], [ -78.829064991591395, 34.899388999848796 ], [ -78.828275991417399, 34.897775000245332 ], [ -78.830101991502687, 34.896937999657197 ], [ -78.831084991169732, 34.897653000170813 ], [ -78.831326991628373, 34.897785000230385 ], [ -78.834411991767183, 34.895880999861149 ], [ -78.834166991304841, 34.89431699960285 ], [ -78.835344991713157, 34.894017000194758 ], [ -78.833247990825456, 34.904113999759439 ], [ -78.836203991028924, 34.91098500031304 ], [ -78.834595991191307, 34.912678000424862 ], [ -78.836217991016696, 34.915387000356866 ], [ -78.836376990949773, 34.915754999936318 ], [ -78.840768990930556, 34.920295999729063 ], [ -78.842879991783619, 34.924388000244022 ], [ -78.844939990874039, 34.925461999587363 ], [ -78.857635991639, 34.924862999920869 ], [ -78.858178991206699, 34.924900000097047 ], [ -78.857486991702473, 34.9261849999546 ], [ -78.859285991480832, 34.92636200018697 ], [ -78.860030991331442, 34.925465000403086 ], [ -78.861257991666093, 34.925851999595672 ], [ -78.865355991643369, 34.924025999540426 ], [ -78.868560991403072, 34.924799999716363 ], [ -78.874502991415469, 34.923787000221431 ], [ -78.875245991164547, 34.923783999706806 ], [ -78.87738799179948, 34.922798999595891 ], [ -78.877471991774826, 34.922954999606482 ], [ -78.878280991804928, 34.923954000414355 ], [ -78.879670991661882, 34.923613999735593 ], [ -78.880248990949909, 34.924425000128267 ], [ -78.881260991694901, 34.923210000049551 ], [ -78.881019991733694, 34.923165000419338 ], [ -78.881166990823303, 34.922569999630582 ], [ -78.881795991287518, 34.923544999740713 ], [ -78.883055990785152, 34.923631000104834 ], [ -78.883065990884916, 34.922869999644682 ], [ -78.883353991121112, 34.922575999881147 ], [ -78.886786991207728, 34.922860000116643 ], [ -78.889534991359156, 34.925378999959605 ], [ -78.894408991369147, 34.927731999912695 ], [ -78.896303991129017, 34.92783200002588 ], [ -78.888654990860076, 34.935117000047484 ], [ -78.887558991262594, 34.937768999829501 ], [ -78.885286991611295, 34.939948000305563 ], [ -78.880097990829867, 34.942388999592872 ], [ -78.867321990922576, 34.95104399972621 ], [ -78.866572991105713, 34.950955999593759 ], [ -78.866088991151074, 34.953015999774578 ], [ -78.865041991184782, 34.953800000254645 ], [ -78.864103991724917, 34.9536439997174 ], [ -78.863420990905155, 34.950690000202314 ], [ -78.862565990993048, 34.951296999874977 ], [ -78.863389991510758, 34.952141999815673 ], [ -78.862897991369124, 34.953585000097995 ], [ -78.860915990897283, 34.952376000100287 ], [ -78.85745999117195, 34.954037999716078 ], [ -78.85614899165995, 34.953302999807931 ], [ -78.855354991239096, 34.953966000256415 ], [ -78.850541991077293, 34.954289999570626 ], [ -78.845571991589424, 34.956800000221669 ], [ -78.843194991511936, 34.956000999774879 ], [ -78.840272991676301, 34.958259000267262 ], [ -78.83722899138229, 34.959092999804426 ], [ -78.836077991640295, 34.960415000401809 ], [ -78.83224499111013, 34.960658999987132 ], [ -78.832428990746394, 34.962052999573011 ], [ -78.829841991728429, 34.963692000318844 ], [ -78.828063991064013, 34.962802999801823 ], [ -78.82635799124408, 34.963099999944134 ], [ -78.826275991563548, 34.96694799959117 ], [ -78.825630991470533, 34.967670999541923 ], [ -78.821007990791117, 34.966798999852074 ], [ -78.820195991118553, 34.967164000234646 ], [ -78.820437991185912, 34.96780699954919 ], [ -78.812745991167745, 34.969277000386349 ], [ -78.80106699083143, 34.974812000389726 ], [ -78.790491991464123, 34.977822999860678 ], [ -78.786833991091214, 34.978305000282234 ], [ -78.782561991659747, 34.977663000412697 ], [ -78.780505991644347, 34.977012000189355 ], [ -78.776855991040279, 34.974175999949821 ], [ -78.772966990800413, 34.967459999919335 ], [ -78.771726991215871, 34.958982000428342 ], [ -78.774606991097414, 34.948517999615049 ], [ -78.783902991553575, 34.938757999599119 ], [ -78.791950990933515, 34.931878000290737 ], [ -78.797551991624715, 34.924069999541842 ], [ -78.803247991539351, 34.919653999608684 ], [ -78.807087991755793, 34.912678000247396 ], [ -78.814719991052741, 34.907077999709365 ], [ -78.81687999124469, 34.902085999607699 ], [ -78.816710991817757, 34.892398999820394 ] ] ] } },
{ "type": "Feature", "properties": { "county": "CUMBERLAND", "precinct": "SL78-3", "enr_desc": "Spring Lake 3", "winner": "Richard N. Ojeda II", "winner_votes": 157.0, "winner_share": 35.68181818181818, "runner_up": "Nigel W. Bristow", "runner_up_votes": 116.0, "runner_up_share": 26.36363636363636, "contest_votes": 440.0, "margin_of_victory": 9.3181818181818201, "is_tie": false, "results": [ { "candidate": "Richard N. Ojeda II", "votes": 157, "share": 35.68181818181818 }, { "candidate": "Nigel W. Bristow", "votes": 116, "share": 26.36363636363636 }, { "candidate": "Lent C. Carr II", "votes": 95, "share": 21.59090909090909 }, { "candidate": "Loren Bibler", "votes": 72, "share": 16.363636363636363 } ], "participated": true, "map_key": "CUMBERLAND_SL78-3" }, "geometry": { "type": "Polygon", "coordinates": [ [ [ -79.01612999159282, 35.210240999793591 ], [ -78.998036991606241, 35.214129999648179 ], [ -78.975497991538234, 35.215443000307502 ], [ -78.941815991652916, 35.219275999931092 ], [ -78.953165991011531, 35.202068000323791 ], [ -78.951548991036788, 35.201668000392978 ], [ -78.947768990865711, 35.203498999549026 ], [ -78.944537990780475, 35.206305999661055 ], [ -78.94250399160984, 35.206947999855828 ], [ -78.941506991015174, 35.208536999709203 ], [ -78.937700991522703, 35.21013900026724 ], [ -78.936668990966695, 35.208764000200524 ], [ -78.939460991682708, 35.206592000348472 ], [ -78.938150990947207, 35.204359999721902 ], [ -78.938341991437639, 35.200668999561842 ], [ -78.943259991731864, 35.200745000020362 ], [ -78.950462991497943, 35.188855999652773 ], [ -78.954138991143083, 35.185698000307646 ], [ -78.95828999170385, 35.171661999818006 ], [ -78.956162991579177, 35.16845800023809 ], [ -78.969229991220374, 35.159025999692773 ], [ -78.975656990922573, 35.163621000012867 ], [ -78.994068991423603, 35.172190999781961 ], [ -78.996749991742689, 35.174663999697835 ], [ -79.01612999159282, 35.210240999793591 ] ] ] } },
{ "type": "Feature", "properties": { "county": "MOORE", "precinct": "SLS", "enr_desc": "Seven Lakes", "winner": "Richard N. Ojeda II", "winner_votes": 108.0, "winner_share": 61.016949152542374, "runner_up": "Loren Bibler", "runner_up_votes": 32.0, "runner_up_share": 18.07909604519774, "contest_votes": 177.0, "margin_of_victory": 42.937853107344637, "is_tie": false, "results": [ { "candidate": "Richard N. Ojeda II", "votes": 108, "share": 61.016949152542374 }, { "candidate": "Loren Bibler", "votes": 32, "share": 18.07909604519774 }, { "candidate": "Nigel W. Bristow", "votes": 21, "share": 11.864406779661017 }, { "candidate": "Lent C. Carr II", "votes": 16, "share": 9.03954802259887 } ], "participated": true, "map_key": "MOORE_SLS" }, "geometry": { "type": "Polygon", "coordinates": [ [ [ -79.632076991358389, 35.284440999962406 ], [ -79.552749991071934, 35.291630000425741 ], [ -79.551588991017425, 35.278323000422468 ], [ -79.549935991119781, 35.275114000021198 ], [ -79.552992991596554, 35.273264999612806 ], [ -79.554353991250935, 35.270487000153878 ], [ -79.554684991036638, 35.268676999905516 ], [ -79.553542990727337, 35.266067000334651 ], [ -79.554016991278601, 35.260412999989576 ], [ -79.555450991520118, 35.258668999819555 ], [ -79.562234991072501, 35.258777000167683 ], [ -79.567087990911432, 35.261047000140536 ], [ -79.570444990943216, 35.257989999981383 ], [ -79.577896991013347, 35.256682000206112 ], [ -79.585372990747132, 35.263017000320829 ], [ -79.587271991522258, 35.259809000316316 ], [ -79.589460991208483, 35.258426000067089 ], [ -79.588330991528039, 35.254704999855882 ], [ -79.582148990693838, 35.251555000410725 ], [ -79.582259990968353, 35.244716999741634 ], [ -79.580996991254253, 35.243795000457744 ], [ -79.57812399167517, 35.244067999639753 ], [ -79.5768199913974, 35.243279999657631 ], [ -79.576310991111939, 35.239599000425194 ], [ -79.579335991453505, 35.235782000422461 ], [ -79.588858990692756, 35.234591000359906 ], [ -79.597132990767292, 35.235036000236917 ], [ -79.608278991603342, 35.241582999639263 ], [ -79.614130990917914, 35.242012999606899 ], [ -79.614797990718728, 35.240152000022256 ], [ -79.621127990962677, 35.238799999968698 ], [ -79.62060599087846, 35.242892000184277 ], [ -79.622354990747368, 35.245234000420197 ], [ -79.621486991115248, 35.247274000006442 ], [ -79.621349990816441, 35.251162000220972 ], [ -79.615373990795973, 35.260329000218391 ], [ -79.60996799079355, 35.262896999819198 ], [ -79.609208991455574, 35.267218999689355 ], [ -79.604057991342003, 35.269696999872281 ], [ -79.602147991741901, 35.267776000083217 ], [ -79.593582991089846, 35.267721999597647 ], [ -79.598166990877019, 35.269044000297193 ], [ -79.60965199080502, 35.27604699960569 ], [ -79.619167991472196, 35.280234000034248 ], [ -79.628477991399933, 35.28175700025789 ], [ -79.632076991358389, 35.284440999962406 ] ] ] } },
{ "type": "Feature", "properties": { "county": "GUILFORD", "precinct": "SMAD", "enr_desc": "Smad", "winner": "Nigel W. Bristow", "winner_votes": 68.0, "winner_share": 48.226950354609926, "runner_up": "Richard N. Ojeda II", "runner_up_votes": 36.0, "runner_up_share": 25.531914893617021, "contest_votes": 141.0, "margin_of_victory": 22.695035460992905, "is_tie": false, "results": [ { "candidate": "Nigel W. Bristow", "votes": 68, "share": 48.226950354609926 }, { "candidate": "Richard N. Ojeda II", "votes": 36, "share": 25.53191489361702 }, { "candidate": "Lent C. Carr II", "votes": 19, "share": 13.47517730496454 }, { "candidate": "Loren Bibler", "votes": 18, "share": 12.76595744680851 } ], "participated": true, "map_key": "GUILFORD_SMAD" }, "geometry": { "type": "Polygon", "coordinates": [ [ [ -79.699311991493431, 36.132936000152171 ], [ -79.699231990580458, 36.154604999627828 ], [ -79.699645990688126, 36.177480000176452 ], [ -79.695140991093098, 36.175441000016093 ], [ -79.694245990760493, 36.17893599999632 ], [ -79.695276990788145, 36.181101000064999 ], [ -79.689887990990428, 36.179469000362353 ], [ -79.686103991618452, 36.17997600046376 ], [ -79.684569990888761, 36.18168099970422 ], [ -79.683346991648293, 36.181854999884116 ], [ -79.68033799149687, 36.180759000417311 ], [ -79.678819990788142, 36.178693999779945 ], [ -79.676548991286737, 36.178423999806959 ], [ -79.675383991071769, 36.179254000113552 ], [ -79.675951990766848, 36.181418999957785 ], [ -79.673050991220535, 36.18216099999605 ], [ -79.672407990969816, 36.181958000187272 ], [ -79.672617991581106, 36.177676999664882 ], [ -79.6696229908204, 36.175923000342834 ], [ -79.664993990582389, 36.177016000066239 ], [ -79.66077899110536, 36.174305999905457 ], [ -79.657782991530425, 36.175432000024962 ], [ -79.652665991079473, 36.173605999674237 ], [ -79.648481991372634, 36.180137999812239 ], [ -79.645127991218459, 36.177939000029909 ], [ -79.642436991018798, 36.178173999754122 ], [ -79.642342991092391, 36.176349999784662 ], [ -79.641501990821439, 36.17585000032706 ], [ -79.637333991330522, 36.175913999974689 ], [ -79.634589990663585, 36.174836000166458 ], [ -79.632853991187915, 36.176478000324359 ], [ -79.630745991553425, 36.176114000455939 ], [ -79.630013991206283, 36.17563000015096 ], [ -79.630414991589518, 36.174493000220316 ], [ -79.629501991340888, 36.172771999804155 ], [ -79.626074991488281, 36.171301000484917 ], [ -79.62499999142878, 36.172467999948978 ], [ -79.622148990864758, 36.173254999945314 ], [ -79.619305991286353, 36.172730999867397 ], [ -79.618982991653624, 36.174083999811494 ], [ -79.622227991088522, 36.176905999796752 ], [ -79.620737991319928, 36.178310999973952 ], [ -79.620970991399062, 36.179616000072123 ], [ -79.618712991004116, 36.178767000396292 ], [ -79.619000990703483, 36.151322000001045 ], [ -79.620147991663458, 36.152223000425202 ], [ -79.620027990883727, 36.154729000447425 ], [ -79.621031991175883, 36.155185000368903 ], [ -79.623102990638159, 36.15351499963581 ], [ -79.623031990929292, 36.151796000494755 ], [ -79.624651990913875, 36.151762000209963 ], [ -79.626807991633555, 36.150455999767118 ], [ -79.626178990872745, 36.149526999780107 ], [ -79.623811990617611, 36.149978999785063 ], [ -79.623755990865433, 36.148919000370633 ], [ -79.631125990947424, 36.147012000368782 ], [ -79.631973991418462, 36.145171999795842 ], [ -79.631019991577674, 36.144313999788345 ], [ -79.628274990800819, 36.145735999990883 ], [ -79.627082991542466, 36.144773999884109 ], [ -79.629008991306108, 36.142070999900646 ], [ -79.630011991187473, 36.142417999948727 ], [ -79.631068991370043, 36.141699000128853 ], [ -79.632205991493336, 36.143238000289323 ], [ -79.634461991199899, 36.143666999930858 ], [ -79.635506990731329, 36.141453000235231 ], [ -79.637633990927995, 36.14139400017531 ], [ -79.637795991588334, 36.143118999670634 ], [ -79.641716990872339, 36.144735999983041 ], [ -79.641311991289911, 36.142934000359283 ], [ -79.644313990678555, 36.142128000332598 ], [ -79.644995990765722, 36.144786999922189 ], [ -79.64556499153926, 36.14480900028903 ], [ -79.648390991567112, 36.142820999653452 ], [ -79.647532991422338, 36.138869999901509 ], [ -79.653237990716789, 36.137212000205857 ], [ -79.653997990878366, 36.135024999897695 ], [ -79.655548991366786, 36.134350000067961 ], [ -79.655792991274524, 36.133146999954882 ], [ -79.657912991629672, 36.133256999794689 ], [ -79.659444990634555, 36.131305999938114 ], [ -79.660961990754274, 36.130954999871129 ], [ -79.660969991651953, 36.128608999630067 ], [ -79.662182990830445, 36.12799300049452 ], [ -79.662804991270662, 36.129839999890052 ], [ -79.6651209914356, 36.131484000352685 ], [ -79.669558990912137, 36.131803000289707 ], [ -79.674678991228063, 36.133429999834931 ], [ -79.67579699125838, 36.132738000332942 ], [ -79.673751990908173, 36.130869000247394 ], [ -79.674373991527418, 36.129858000451911 ], [ -79.677436990754344, 36.129956999790672 ], [ -79.680471991246534, 36.132808999617758 ], [ -79.699311991493431, 36.132936000152171 ] ] ] } },
{ "type": "Feature", "properties": { "county": "RANDOLPH", "precinct": "SO", "enr_desc": "Southern", "winner": "Richard N. Ojeda II", "winner_votes": 52.0, "winner_share": 48.148148148148145, "runner_up": "Lent C. Carr II", "runner_up_votes": 20.0, "runner_up_share": 18.518518518518519, "contest_votes": 108.0, "margin_of_victory": 29.629629629629626, "is_tie": false, "results": [ { "candidate": "Richard N. Ojeda II", "votes": 52, "share": 48.148148148148145 }, { "candidate": "Lent C. Carr II", "votes": 20, "share": 18.51851851851852 }, { "candidate": "Loren Bibler", "votes": 20, "share": 18.51851851851852 }, { "candidate": "Nigel W. Bristow", "votes": 16, "share": 14.814814814814813 } ], "participated": true, "map_key": "RANDOLPH_SO" }, "geometry": { "type": "Polygon", "coordinates": [ [ [ -79.808208991358384, 35.6092320003631 ], [ -79.681358991176793, 35.608879000416522 ], [ -79.610566991172945, 35.608623000028693 ], [ -79.610871990882899, 35.606779999861224 ], [ -79.606064991011579, 35.599825999708401 ], [ -79.608195991222331, 35.596381000248435 ], [ -79.60841999157681, 35.594381999910986 ], [ -79.606541990981825, 35.591917000216675 ], [ -79.605978991048303, 35.588619000125625 ], [ -79.600479990980602, 35.582777000466024 ], [ -79.600534991394852, 35.581659000072733 ], [ -79.604400991342658, 35.576871999918005 ], [ -79.604991991375286, 35.574876999918821 ], [ -79.604541991494301, 35.571851999642519 ], [ -79.598931990852279, 35.567162000415678 ], [ -79.593605991241589, 35.5599320001077 ], [ -79.588165991092666, 35.550636999635863 ], [ -79.586119990703779, 35.546646000337688 ], [ -79.589089991607608, 35.54090100029083 ], [ -79.588470991334347, 35.536098000161878 ], [ -79.586649991662185, 35.534171000207344 ], [ -79.582921990674649, 35.532526000158519 ], [ -79.581550991481848, 35.530715000123585 ], [ -79.58216499169859, 35.528243000476635 ], [ -79.581689991252972, 35.523820000282306 ], [ -79.584431991225784, 35.521923000138685 ], [ -79.587625991366977, 35.522032000023451 ], [ -79.595106991196459, 35.52567099995477 ], [ -79.596897991013265, 35.525142000185802 ], [ -79.598939990727885, 35.517610999629191 ], [ -79.597622990889576, 35.51635099998753 ], [ -79.5940109908735, 35.516399999750625 ], [ -79.590296991635299, 35.514491999696659 ], [ -79.767956991126539, 35.511483999956781 ], [ -79.812785991672769, 35.510994000373493 ], [ -79.808208991358384, 35.6092320003631 ] ] ] } },
{ "type": "Feature", "properties": { "county": "MOORE", "precinct": "SSP", "enr_desc": "South Southern Pines", "winner": "Richard N. Ojeda II", "winner_votes": 137.0, "winner_share": 60.888888888888893, "runner_up": "Nigel W. Bristow", "runner_up_votes": 52.0, "runner_up_share": 23.111111111111111, "contest_votes": 225.0, "margin_of_victory": 37.777777777777786, "is_tie": false, "results": [ { "candidate": "Richard N. Ojeda II", "votes": 137, "share": 60.88888888888889 }, { "candidate": "Nigel W. Bristow", "votes": 52, "share": 23.11111111111111 }, { "candidate": "Loren Bibler", "votes": 22, "share": 9.777777777777779 }, { "candidate": "Lent C. Carr II", "votes": 14, "share": 6.222222222222222 } ], "participated": true, "map_key": "MOORE_SSP" }, "geometry": { "type": "Polygon", "coordinates": [ [ [ -79.425823990909507, 35.164482000147906 ], [ -79.426328990915479, 35.169356999636264 ], [ -79.425486991309128, 35.171810000152057 ], [ -79.429369991181204, 35.175768999773219 ], [ -79.435169991172558, 35.177000000076319 ], [ -79.440397990865293, 35.177007999899089 ], [ -79.439697991610643, 35.180372999766902 ], [ -79.440124990825524, 35.182885999645265 ], [ -79.439066991231954, 35.183773000062978 ], [ -79.443297991506228, 35.187698000339843 ], [ -79.44752499120581, 35.194012000445667 ], [ -79.446834990977223, 35.199003999717924 ], [ -79.441476991553969, 35.198879000351234 ], [ -79.441460990840469, 35.199496999737853 ], [ -79.424230990837373, 35.197211999825193 ], [ -79.424468991450837, 35.196532999911518 ], [ -79.423266991389056, 35.196128999807485 ], [ -79.422293991450658, 35.19671499971021 ], [ -79.421653990991999, 35.199770999938863 ], [ -79.39097899107125, 35.19458600003022 ], [ -79.384858991520204, 35.19087499970145 ], [ -79.384767991174286, 35.190737999874443 ], [ -79.391150991716543, 35.188101000231271 ], [ -79.39689499072712, 35.179237000185417 ], [ -79.40435799168452, 35.172917999775741 ], [ -79.407632991379032, 35.165312000222862 ], [ -79.412541991462504, 35.158413000421717 ], [ -79.413484991052158, 35.157042999974884 ], [ -79.415870991642478, 35.1578830004404 ], [ -79.417568991488181, 35.160210000256399 ], [ -79.419068990879182, 35.157999000398803 ], [ -79.422000990876896, 35.164525000142255 ], [ -79.425823990909507, 35.164482000147906 ] ] ] } },
{ "type": "Feature", "properties": { "county": "RANDOLPH", "precinct": "ST", "enr_desc": "Staley", "winner": "Richard N. Ojeda II", "winner_votes": 29.0, "winner_share": 37.179487179487182, "runner_up": "Nigel W. Bristow", "runner_up_votes": 22.0, "runner_up_share": 28.205128205128204, "contest_votes": 78.0, "margin_of_victory": 8.974358974358978, "is_tie": false, "results": [ { "candidate": "Richard N. Ojeda II", "votes": 29, "share": 37.17948717948718 }, { "candidate": "Nigel W. Bristow", "votes": 22, "share": 28.205128205128204 }, { "candidate": "Loren Bibler", "votes": 18, "share": 23.076923076923077 }, { "candidate": "Lent C. Carr II", "votes": 9, "share": 11.538461538461538 } ], "participated": true, "map_key": "RANDOLPH_ST" }, "geometry": { "type": "Polygon", "coordinates": [ [ [ -79.544300990794483, 35.782926999820951 ], [ -79.545540991631995, 35.742600999905633 ], [ -79.550679991307817, 35.743514000219164 ], [ -79.557081990742077, 35.742672000030943 ], [ -79.572695991308677, 35.742623000359764 ], [ -79.591765991235533, 35.746622999998785 ], [ -79.600048991514853, 35.750796999637565 ], [ -79.603289991381573, 35.751571000157867 ], [ -79.60695599064627, 35.751345999739101 ], [ -79.61955099166704, 35.748241999669375 ], [ -79.619010990737507, 35.757417999951258 ], [ -79.620595991039053, 35.762855999601591 ], [ -79.622322990722708, 35.765894000459788 ], [ -79.631689991697641, 35.777109000323684 ], [ -79.643438991635293, 35.786117000222688 ], [ -79.644734990743885, 35.790901000436918 ], [ -79.643285991153192, 35.795800000083915 ], [ -79.642006991003441, 35.80807100019598 ], [ -79.642885991218165, 35.818641000134207 ], [ -79.643647991087576, 35.822899999737871 ], [ -79.643173991037258, 35.825869000151165 ], [ -79.645821991025869, 35.830388999687656 ], [ -79.64540999136419, 35.840618000053375 ], [ -79.644184990950365, 35.846742000081662 ], [ -79.642262991715072, 35.847561999899824 ], [ -79.639648990733633, 35.847458000066169 ], [ -79.637470990881809, 35.848568999988878 ], [ -79.63392199075254, 35.846306000243523 ], [ -79.63072499084852, 35.845464000252896 ], [ -79.624154990987861, 35.845958999920981 ], [ -79.621065991257922, 35.843606999631476 ], [ -79.617597990775423, 35.84448799962054 ], [ -79.614757991699861, 35.846239999924805 ], [ -79.605435991580208, 35.848356000456761 ], [ -79.599003991664958, 35.841822000291657 ], [ -79.568492990949622, 35.819676999904722 ], [ -79.564576990680848, 35.817951000339761 ], [ -79.543217990843772, 35.817758000216237 ], [ -79.544300990794483, 35.782926999820951 ] ] ] } },
{ "type": "Feature", "properties": { "county": null, "precinct": null, "enr_desc": "Stok", "winner": null, "winner_votes": null, "winner_share": null, "runner_up": null, "runner_up_votes": null, "runner_up_share": null, "contest_votes": null, "margin_of_victory": null, "is_tie": false, "results": null, "participated": false, "map_key": null }, "geometry": { "type": "Polygon", "coordinates": [ [ [ -80.035983991201931, 36.228712000156321 ], [ -80.035118990826447, 36.257184000094888 ], [ -79.945133991238606, 36.254570000468703 ], [ -79.942660991407152, 36.250751000437091 ], [ -79.942048990968757, 36.248231999692202 ], [ -79.935282991046833, 36.250651000001604 ], [ -79.931744990843271, 36.249104999999723 ], [ -79.93194299088394, 36.243405000003207 ], [ -79.919467991218596, 36.243064999877113 ], [ -79.91855199105494, 36.240069000307699 ], [ -79.922605990715454, 36.240084999683738 ], [ -79.922537990979308, 36.235576000297137 ], [ -79.920415990707568, 36.23244099962028 ], [ -79.919040990778285, 36.23284100025154 ], [ -79.917955990700307, 36.227281999649222 ], [ -79.91875099058484, 36.226721000273869 ], [ -79.92279999082379, 36.223330999699982 ], [ -79.927890990679771, 36.221795000367628 ], [ -79.934056990593746, 36.221499999677995 ], [ -79.938579990996246, 36.219696000424008 ], [ -79.945118990865225, 36.218899000113893 ], [ -79.951468991511945, 36.216506000390631 ], [ -79.952887990635787, 36.215000000461472 ], [ -79.956709991238753, 36.213189000341131 ], [ -79.962755990836371, 36.210775000157774 ], [ -79.970210991280538, 36.205367000100161 ], [ -79.97301399134578, 36.204677000443915 ], [ -79.973493991053573, 36.19972899999231 ], [ -79.977748990961274, 36.199125999865636 ], [ -79.978283991676449, 36.203254000199536 ], [ -79.978827990938569, 36.203246999800506 ], [ -79.979279990984111, 36.201945000351948 ], [ -79.98542899125421, 36.198968999790203 ], [ -79.985319990694904, 36.198199000161615 ], [ -79.987287990884596, 36.197789000165734 ], [ -79.990259990866491, 36.201192999874067 ], [ -79.995114991201064, 36.198944000450844 ], [ -79.999364991525709, 36.199000000379527 ], [ -79.998867991535889, 36.207118000172386 ], [ -80.001930991160393, 36.208381000070133 ], [ -80.003615990893337, 36.207806999749813 ], [ -80.006277990588771, 36.208636999753566 ], [ -80.006109991567214, 36.20445500014646 ], [ -80.018280991648012, 36.204883000275828 ], [ -80.018346990833422, 36.207632000330705 ], [ -80.019943991578828, 36.207512000480669 ], [ -80.019763990657921, 36.210459999881699 ], [ -80.02286099127015, 36.214696999843966 ], [ -80.022832991585929, 36.217154000313535 ], [ -80.025985990677171, 36.217292999842321 ], [ -80.02558999163756, 36.215892999789418 ], [ -80.027757991454649, 36.215975000511392 ], [ -80.028007990995775, 36.214192000454609 ], [ -80.03041999102993, 36.217777999949881 ], [ -80.034940990827025, 36.218017000155761 ], [ -80.035027991063416, 36.228131000300763 ], [ -80.035983991201931, 36.228712000156321 ] ] ] } },
{ "type": "Feature", "properties": { "county": "GUILFORD", "precinct": "SUM1", "enr_desc": "Sum1", "winner": "Nigel W. Bristow", "winner_votes": 82.0, "winner_share": 43.386243386243386, "runner_up": "Richard N. Ojeda II", "runner_up_votes": 57.0, "runner_up_share": 30.158730158730158, "contest_votes": 189.0, "margin_of_victory": 13.227513227513228, "is_tie": false, "results": [ { "candidate": "Nigel W. Bristow", "votes": 82, "share": 43.386243386243386 }, { "candidate": "Richard N. Ojeda II", "votes": 57, "share": 30.158730158730158 }, { "candidate": "Loren Bibler", "votes": 30, "share": 15.873015873015872 }, { "candidate": "Lent C. Carr II", "votes": 20, "share": 10.582010582010582 } ], "participated": true, "map_key": "GUILFORD_SUM1" }, "geometry": { "type": "Polygon", "coordinates": [ [ [ -79.820751990719813, 35.992500000360529 ], [ -79.8224879916731, 35.995141000292186 ], [ -79.830944991206522, 35.993858000005908 ], [ -79.843379991198447, 35.993834000369851 ], [ -79.849130991430357, 35.992215000427173 ], [ -79.849956990832027, 35.991316000150924 ], [ -79.849738991499535, 35.985932000502387 ], [ -79.85142099162735, 35.983213999708987 ], [ -79.854734991007163, 35.982277999988668 ], [ -79.854857991149274, 35.981233999691895 ], [ -79.8781099911577, 35.970780000473511 ], [ -79.87708999060159, 35.989607999979953 ], [ -79.870611990827143, 35.993428000329068 ], [ -79.869322990663093, 35.995416000469916 ], [ -79.869624991574099, 35.998913000449349 ], [ -79.87024399139672, 35.996475000463974 ], [ -79.872708991264915, 35.9952900001106 ], [ -79.875247991493865, 35.997333999693389 ], [ -79.875134991411585, 35.999208999811735 ], [ -79.87420899090462, 35.999426000423576 ], [ -79.872636991176449, 36.002261000255046 ], [ -79.876469991125816, 36.002810000197151 ], [ -79.876375991670898, 36.005766000167441 ], [ -79.875481990753428, 36.007866000460233 ], [ -79.875860991153786, 36.013394999643083 ], [ -79.873635990796416, 36.013609999640366 ], [ -79.870230991583867, 36.015335000017885 ], [ -79.866218991281428, 36.015406000015538 ], [ -79.858228990659541, 36.014661000259792 ], [ -79.852410991368075, 36.01336199963486 ], [ -79.852612990846424, 36.011760000204049 ], [ -79.846241991610455, 36.011614999708527 ], [ -79.846212990736063, 36.008038000495766 ], [ -79.839827991142542, 36.011180999633915 ], [ -79.835604991201848, 36.007828000198025 ], [ -79.83324699069675, 36.007875999990326 ], [ -79.83179499105745, 36.008926000329765 ], [ -79.826525990943381, 36.008339000040806 ], [ -79.824256990920489, 36.008318000157537 ], [ -79.824246991376029, 36.007365999952597 ], [ -79.821948990912773, 36.008050999830097 ], [ -79.810230991144039, 36.007784999998194 ], [ -79.810487990972518, 36.001055000094922 ], [ -79.80732699142709, 36.000694000434727 ], [ -79.810869991655721, 35.997885999723017 ], [ -79.816576991705276, 35.995844999819212 ], [ -79.820751990719813, 35.992500000360529 ] ] ] } },
{ "type": "Feature", "properties": { "county": "GUILFORD", "precinct": "SUM2", "enr_desc": "Sum2", "winner": "Nigel W. Bristow", "winner_votes": 134.0, "winner_share": 63.20754716981132, "runner_up": "Loren Bibler", "runner_up_votes": 30.0, "runner_up_share": 14.150943396226415, "contest_votes": 212.0, "margin_of_victory": 49.056603773584904, "is_tie": false, "results": [ { "candidate": "Nigel W. Bristow", "votes": 134, "share": 63.20754716981132 }, { "candidate": "Loren Bibler", "votes": 30, "share": 14.150943396226415 }, { "candidate": "Richard N. Ojeda II", "votes": 27, "share": 12.735849056603774 }, { "candidate": "Lent C. Carr II", "votes": 21, "share": 9.90566037735849 } ], "participated": true, "map_key": "GUILFORD_SUM2" }, "geometry": { "type": "Polygon", "coordinates": [ [ [ -79.820983990752339, 35.953045000362479 ], [ -79.820435991425896, 35.957344000405101 ], [ -79.821035990840755, 35.966644000146879 ], [ -79.81302299143573, 35.966343999868549 ], [ -79.811272991390936, 35.975463000431581 ], [ -79.812568991202212, 35.979543000411752 ], [ -79.812276990910902, 35.981957999849293 ], [ -79.815925990921016, 35.985625999978794 ], [ -79.818746990897964, 35.986924999732665 ], [ -79.819192991314054, 35.991783999926632 ], [ -79.820751990719813, 35.992500000360529 ], [ -79.816576991705276, 35.995844999819212 ], [ -79.810869991655721, 35.997885999723017 ], [ -79.80732699142709, 36.000694000434727 ], [ -79.805715991645656, 36.000508999702184 ], [ -79.805931991677284, 36.001496999947911 ], [ -79.803981990604427, 36.003296999689603 ], [ -79.800709991698142, 36.003481000292602 ], [ -79.800414991144265, 36.000417000336704 ], [ -79.792125990904765, 36.000816000282512 ], [ -79.791889991632374, 36.003416000119344 ], [ -79.79322199067596, 36.006778999732965 ], [ -79.790909991584641, 36.006773000147113 ], [ -79.790648991409739, 36.009063000340127 ], [ -79.784913990883055, 36.008987000302156 ], [ -79.779777991634504, 36.000614000216764 ], [ -79.779658991036655, 35.99087000048165 ], [ -79.788129991072054, 35.991049999921294 ], [ -79.793079990760006, 35.992358000510137 ], [ -79.794158991660495, 35.969579000154333 ], [ -79.791938991221087, 35.969368000326781 ], [ -79.791790991191036, 35.960982000492287 ], [ -79.794335991269847, 35.958278999698258 ], [ -79.794829990789083, 35.954307000063395 ], [ -79.804898990882208, 35.95439799996894 ], [ -79.807787990952093, 35.953322000308916 ], [ -79.817458991474325, 35.953853000448305 ], [ -79.820983990752339, 35.953045000362479 ] ] ] } },
{ "type": "Feature", "properties": { "county": "GUILFORD", "precinct": "SUM3", "enr_desc": "Sum3", "winner": "Loren Bibler", "winner_votes": 11.0, "winner_share": 30.555555555555557, "runner_up": "Richard N. Ojeda II", "runner_up_votes": 11.0, "runner_up_share": 30.555555555555557, "contest_votes": 36.0, "margin_of_victory": 0.0, "is_tie": true, "results": [ { "candidate": "Loren Bibler", "votes": 11, "share": 30.555555555555557 }, { "candidate": "Richard N. Ojeda II", "votes": 11, "share": 30.555555555555557 }, { "candidate": "Nigel W. Bristow", "votes": 10, "share": 27.77777777777778 }, { "candidate": "Lent C. Carr II", "votes": 4, "share": 11.11111111111111 } ], "participated": true, "map_key": "GUILFORD_SUM3" }, "geometry": { "type": "Polygon", "coordinates": [ [ [ -79.820983990752339, 35.953045000362479 ], [ -79.827203991296187, 35.952095000279648 ], [ -79.827673990616347, 35.957097000167877 ], [ -79.834137991575702, 35.956959999664036 ], [ -79.836071991379924, 35.960787000188603 ], [ -79.842576991671649, 35.963328999879572 ], [ -79.847134991555208, 35.963739999763632 ], [ -79.850490990969206, 35.962583999900843 ], [ -79.853689991164202, 35.962515999952821 ], [ -79.856333991679037, 35.963408999948207 ], [ -79.860784990815915, 35.963948000356808 ], [ -79.862841990794436, 35.96335400016779 ], [ -79.864138991703712, 35.963976000099663 ], [ -79.866787990720056, 35.962278000268448 ], [ -79.867593991612964, 35.959687000082319 ], [ -79.867085991382126, 35.958374999668806 ], [ -79.869859990888557, 35.95376700029923 ], [ -79.868241990748714, 35.951168999955101 ], [ -79.868749990667339, 35.949740000437714 ], [ -79.876680990898109, 35.950657999898198 ], [ -79.878622990964374, 35.951555999973166 ], [ -79.8781099911577, 35.970780000473511 ], [ -79.854857991149274, 35.981233999691895 ], [ -79.854734991007163, 35.982277999988668 ], [ -79.85142099162735, 35.983213999708987 ], [ -79.849738991499535, 35.985932000502387 ], [ -79.849956990832027, 35.991316000150924 ], [ -79.849130991430357, 35.992215000427173 ], [ -79.843379991198447, 35.993834000369851 ], [ -79.830944991206522, 35.993858000005908 ], [ -79.8224879916731, 35.995141000292186 ], [ -79.820751990719813, 35.992500000360529 ], [ -79.819192991314054, 35.991783999926632 ], [ -79.818746990897964, 35.986924999732665 ], [ -79.815925990921016, 35.985625999978794 ], [ -79.812276990910902, 35.981957999849293 ], [ -79.812568991202212, 35.979543000411752 ], [ -79.811272991390936, 35.975463000431581 ], [ -79.81302299143573, 35.966343999868549 ], [ -79.821035990840755, 35.966644000146879 ], [ -79.820435991425896, 35.957344000405101 ], [ -79.820983990752339, 35.953045000362479 ] ] ] } },
{ "type": "Feature", "properties": { "county": "GUILFORD", "precinct": "SUM4", "enr_desc": "Sum4", "winner": "Loren Bibler", "winner_votes": 19.0, "winner_share": 39.583333333333329, "runner_up": "Richard N. Ojeda II", "runner_up_votes": 13.0, "runner_up_share": 27.083333333333332, "contest_votes": 48.0, "margin_of_victory": 12.5, "is_tie": false, "results": [ { "candidate": "Loren Bibler", "votes": 19, "share": 39.58333333333333 }, { "candidate": "Richard N. Ojeda II", "votes": 13, "share": 27.083333333333332 }, { "candidate": "Lent C. Carr II", "votes": 10, "share": 20.833333333333336 }, { "candidate": "Nigel W. Bristow", "votes": 6, "share": 12.5 } ], "participated": true, "map_key": "GUILFORD_SUM4" }, "geometry": { "type": "Polygon", "coordinates": [ [ [ -79.854632990621667, 35.912946000046261 ], [ -79.856346991265681, 35.915400000115788 ], [ -79.86092299147937, 35.916232000350384 ], [ -79.864129990888017, 35.922582000283768 ], [ -79.867727991205484, 35.926646000020888 ], [ -79.871035990670137, 35.927832000017567 ], [ -79.87117899140911, 35.925759000320234 ], [ -79.872428991121836, 35.92534200029116 ], [ -79.875371991067922, 35.928984000391054 ], [ -79.878661991032402, 35.930584999827431 ], [ -79.878596990713689, 35.946346000513124 ], [ -79.878622990964374, 35.951555999973166 ], [ -79.876680990898109, 35.950657999898198 ], [ -79.868749990667339, 35.949740000437714 ], [ -79.868241990748714, 35.951168999955101 ], [ -79.869859990888557, 35.95376700029923 ], [ -79.867085991382126, 35.958374999668806 ], [ -79.867593991612964, 35.959687000082319 ], [ -79.866787990720056, 35.962278000268448 ], [ -79.864138991703712, 35.963976000099663 ], [ -79.862841990794436, 35.96335400016779 ], [ -79.860784990815915, 35.963948000356808 ], [ -79.856333991679037, 35.963408999948207 ], [ -79.853689991164202, 35.962515999952821 ], [ -79.850490990969206, 35.962583999900843 ], [ -79.847134991555208, 35.963739999763632 ], [ -79.842576991671649, 35.963328999879572 ], [ -79.836071991379924, 35.960787000188603 ], [ -79.834137991575702, 35.956959999664036 ], [ -79.827673990616347, 35.957097000167877 ], [ -79.827203991296187, 35.952095000279648 ], [ -79.820983990752339, 35.953045000362479 ], [ -79.817458991474325, 35.953853000448305 ], [ -79.807787990952093, 35.953322000308916 ], [ -79.804898990882208, 35.95439799996894 ], [ -79.794829990789083, 35.954307000063395 ], [ -79.796986991528712, 35.938602999994359 ], [ -79.791372990897514, 35.938690000042605 ], [ -79.791235991713179, 35.910102000419194 ], [ -79.854632990621667, 35.912946000046261 ] ] ] } },
{ "type": "Feature", "properties": { "county": "RANDOLPH", "precinct": "SW", "enr_desc": "Southwest", "winner": "Loren Bibler", "winner_votes": 21.0, "winner_share": 44.680851063829785, "runner_up": "Richard N. Ojeda II", "runner_up_votes": 17.0, "runner_up_share": 36.170212765957451, "contest_votes": 47.0, "margin_of_victory": 8.5106382978723332, "is_tie": false, "results": [ { "candidate": "Loren Bibler", "votes": 21, "share": 44.680851063829785 }, { "candidate": "Richard N. Ojeda II", "votes": 17, "share": 36.17021276595745 }, { "candidate": "Nigel W. Bristow", "votes": 6, "share": 12.76595744680851 }, { "candidate": "Lent C. Carr II", "votes": 3, "share": 6.382978723404255 } ], "participated": true, "map_key": "RANDOLPH_SW" }, "geometry": { "type": "Polygon", "coordinates": [ [ [ -79.939810991167732, 35.508704999623596 ], [ -80.066841990676053, 35.505661000403769 ], [ -80.062862991390844, 35.614436000383996 ], [ -80.058235991398774, 35.713232999819233 ], [ -79.930221991010441, 35.71150799986998 ], [ -79.939810991167732, 35.508704999623596 ] ] ] } },
{ "type": "Feature", "properties": { "county": "GUILFORD", "precinct": "SWASH", "enr_desc": "Swash", "winner": "Richard N. Ojeda II", "winner_votes": 16.0, "winner_share": 42.105263157894733, "runner_up": "Loren Bibler", "runner_up_votes": 10.0, "runner_up_share": 26.315789473684209, "contest_votes": 38.0, "margin_of_victory": 15.789473684210524, "is_tie": false, "results": [ { "candidate": "Richard N. Ojeda II", "votes": 16, "share": 42.10526315789473 }, { "candidate": "Loren Bibler", "votes": 10, "share": 26.31578947368421 }, { "candidate": "Nigel W. Bristow", "votes": 7, "share": 18.421052631578945 }, { "candidate": "Lent C. Carr II", "votes": 5, "share": 13.157894736842104 } ], "participated": true, "map_key": "GUILFORD_SWASH" }, "geometry": { "type": "Polygon", "coordinates": [ [ [ -79.619000990703483, 36.151322000001045 ], [ -79.618712991004116, 36.178767000396292 ], [ -79.614485991514215, 36.173280999894416 ], [ -79.610402991281859, 36.171378000226049 ], [ -79.606451991018147, 36.170721999780959 ], [ -79.60469399098271, 36.173344000096009 ], [ -79.602257990680428, 36.174618000189525 ], [ -79.601088990624646, 36.174443999639784 ], [ -79.597108990888458, 36.177346999933391 ], [ -79.595822991069497, 36.176317000317397 ], [ -79.595413991456212, 36.1736149999875 ], [ -79.58600499077518, 36.171406999937631 ], [ -79.581987991094451, 36.16917399976532 ], [ -79.57931399163148, 36.168956999704882 ], [ -79.5777139915417, 36.169960000392962 ], [ -79.577725991251242, 36.171627000381754 ], [ -79.580858990588069, 36.174406000374731 ], [ -79.578922991465404, 36.175812000266546 ], [ -79.577686991020414, 36.174870000238755 ], [ -79.576137991095877, 36.174924000128129 ], [ -79.576606990751017, 36.178345999674136 ], [ -79.575892991232891, 36.179475999773395 ], [ -79.571338991523078, 36.18008300023515 ], [ -79.56921699106627, 36.178651000450962 ], [ -79.565680990758594, 36.181642000207603 ], [ -79.562444991400639, 36.179899000210597 ], [ -79.560665990883692, 36.179907000298783 ], [ -79.558570990678987, 36.18230500043186 ], [ -79.552184991025641, 36.183235000124668 ], [ -79.549516991517535, 36.186656000424485 ], [ -79.544409991586804, 36.184262000484608 ], [ -79.541782991269571, 36.182110000074722 ], [ -79.535103991243588, 36.182412000397491 ], [ -79.536716991298647, 36.151778000032571 ], [ -79.53723399100852, 36.135858999686704 ], [ -79.537549991068147, 36.126119000321012 ], [ -79.565410990771213, 36.127921000331419 ], [ -79.620179991342567, 36.13080500044866 ], [ -79.619000990703483, 36.151322000001045 ] ] ] } },
{ "type": "Feature", "properties": { "county": "RANDOLPH", "precinct": "TB", "enr_desc": "Tabernacle", "winner": "Richard N. Ojeda II", "winner_votes": 22.0, "winner_share": 35.483870967741936, "runner_up": "Nigel W. Bristow", "runner_up_votes": 18.0, "runner_up_share": 29.032258064516132, "contest_votes": 62.0, "margin_of_victory": 6.4516129032258043, "is_tie": false, "results": [ { "candidate": "Richard N. Ojeda II", "votes": 22, "share": 35.483870967741936 }, { "candidate": "Nigel W. Bristow", "votes": 18, "share": 29.03225806451613 }, { "candidate": "Loren Bibler", "votes": 16, "share": 25.806451612903224 }, { "candidate": "Lent C. Carr II", "votes": 6, "share": 9.67741935483871 } ], "participated": true, "map_key": "RANDOLPH_TB" }, "geometry": { "type": "Polygon", "coordinates": [ [ [ -79.930221991010441, 35.71150799986998 ], [ -80.058235991398774, 35.713232999819233 ], [ -80.053436990847459, 35.801643000106765 ], [ -80.052369990734078, 35.802574000363499 ], [ -80.045258991072416, 35.799841999797692 ], [ -80.042933990955362, 35.801833000351486 ], [ -80.032631991448682, 35.80140099996612 ], [ -80.029275991506282, 35.80248000010333 ], [ -80.027315991290521, 35.799336999890983 ], [ -80.026865991449114, 35.796213000161259 ], [ -80.022418991119039, 35.793022999819883 ], [ -80.020105991416784, 35.792839000212226 ], [ -80.015054990945657, 35.795088000115676 ], [ -80.015670990630895, 35.790955999790292 ], [ -80.011897990782373, 35.787368000479262 ], [ -80.007827990821653, 35.788450000184682 ], [ -80.003302991087182, 35.786794999693889 ], [ -79.99646899160021, 35.791059000301381 ], [ -79.994670991513914, 35.791070000290624 ], [ -79.99305499136598, 35.792288999658098 ], [ -79.992718991682892, 35.795895999812792 ], [ -79.991867991424641, 35.796558000065282 ], [ -79.98409799098323, 35.795637999840004 ], [ -79.982221991236102, 35.798715999865209 ], [ -79.97608499105155, 35.801546000435863 ], [ -79.971772990780579, 35.802900000346085 ], [ -79.963700991281115, 35.802944000326399 ], [ -79.961578990785355, 35.799137000185198 ], [ -79.962751991521174, 35.792559000031062 ], [ -79.961973991381086, 35.788365000099546 ], [ -79.959405991454474, 35.787475999950928 ], [ -79.956477990691695, 35.783406000236837 ], [ -79.95422999156969, 35.782234999708059 ], [ -79.952737990682039, 35.775467999904087 ], [ -79.947576990688503, 35.775151000140248 ], [ -79.939655990944473, 35.772925999689754 ], [ -79.934068991620308, 35.775825000026074 ], [ -79.927164990862849, 35.775928999677028 ], [ -79.929608990848351, 35.724414999644623 ], [ -79.930221991010441, 35.71150799986998 ] ] ] } },
{ "type": "Feature", "properties": { "county": "RANDOLPH", "precinct": "TR", "enr_desc": "Trinity", "winner": "Nigel W. Bristow", "winner_votes": 71.0, "winner_share": 28.286852589641438, "runner_up": "Richard N. Ojeda II", "runner_up_votes": 67.0, "runner_up_share": 26.693227091633464, "contest_votes": 251.0, "margin_of_victory": 1.5936254980079738, "is_tie": false, "results": [ { "candidate": "Nigel W. Bristow", "votes": 71, "share": 28.286852589641438 }, { "candidate": "Richard N. Ojeda II", "votes": 67, "share": 26.693227091633464 }, { "candidate": "Loren Bibler", "votes": 61, "share": 24.302788844621514 }, { "candidate": "Lent C. Carr II", "votes": 52, "share": 20.717131474103585 } ], "participated": true, "map_key": "RANDOLPH_TR" }, "geometry": { "type": "Polygon", "coordinates": [ [ [ -79.923799991085161, 35.846743999629709 ], [ -79.936507990887932, 35.847099000210264 ], [ -79.93934299064189, 35.842258000042946 ], [ -79.947181991152917, 35.843375999844135 ], [ -79.954601990975519, 35.83911800049669 ], [ -79.958574991155004, 35.835093000495469 ], [ -79.96199699162176, 35.829192000476233 ], [ -79.964880991542202, 35.827700000285802 ], [ -79.966136990733091, 35.828903999983744 ], [ -79.964941991016332, 35.830204000091072 ], [ -79.96518599098097, 35.831430999915192 ], [ -79.966880990704908, 35.832200999881984 ], [ -79.970407991478808, 35.836286000509475 ], [ -79.972438990955681, 35.835512000520104 ], [ -79.974821991192769, 35.835792000346927 ], [ -79.977043991423912, 35.834154000209736 ], [ -79.98066599164008, 35.836816999723503 ], [ -79.985017991675036, 35.838146000296682 ], [ -79.985572990796271, 35.838268000386194 ], [ -79.985752991257911, 35.837119000426043 ], [ -79.987505990722724, 35.836660000029312 ], [ -79.987370991180526, 35.838664000274953 ], [ -79.991616991687366, 35.841510000262268 ], [ -79.997916990621249, 35.841760999652841 ], [ -80.001088991163655, 35.844184999830468 ], [ -80.003099990815642, 35.844722999816305 ], [ -80.007571991366405, 35.845014999986333 ], [ -80.010943990725806, 35.844341999943225 ], [ -80.015317990665736, 35.84178800040457 ], [ -80.017959990783041, 35.841445000308802 ], [ -80.02204999166986, 35.842849999707276 ], [ -80.023098991369082, 35.844051999939808 ], [ -80.028260991452001, 35.845512000400284 ], [ -80.029408991353662, 35.845064000037226 ], [ -80.0294909914128, 35.841268000102211 ], [ -80.026857991112252, 35.838565000200994 ], [ -80.026943991023742, 35.834697999951359 ], [ -80.028604991452795, 35.833440000482632 ], [ -80.030096991376524, 35.833506999721308 ], [ -80.030911991379625, 35.832044000043702 ], [ -80.032963991198827, 35.831085999988666 ], [ -80.0360879916133, 35.827875000268151 ], [ -80.035832990837591, 35.826961999954705 ], [ -80.037240990779608, 35.824169000396374 ], [ -80.036988991612731, 35.820822000059302 ], [ -80.041458991442738, 35.820073999809885 ], [ -80.041981991391353, 35.816627000072955 ], [ -80.052546991668464, 35.816905999761154 ], [ -80.046868991165539, 35.920692999726334 ], [ -80.020466990892373, 35.919577000195275 ], [ -80.008491991217085, 35.919072999944319 ], [ -80.008596991559358, 35.918120000265532 ], [ -80.010936991632647, 35.918252000244081 ], [ -80.010052991542381, 35.917085999938571 ], [ -80.014647991414776, 35.917362000496276 ], [ -80.014947991358554, 35.91836200043543 ], [ -80.015963991227011, 35.918408000211691 ], [ -80.016032991120397, 35.917387000473937 ], [ -80.015737991062224, 35.916117999832458 ], [ -80.010447991471722, 35.916179000370612 ], [ -80.011027991564944, 35.915437000452435 ], [ -80.009757991614364, 35.915138000341926 ], [ -80.0101329915272, 35.913252000476369 ], [ -80.010861991050533, 35.913342000516344 ], [ -80.011126991296862, 35.91193299980327 ], [ -80.012119991521942, 35.911543999783959 ], [ -80.011217991435529, 35.911449000073652 ], [ -80.011509990728172, 35.90989699991956 ], [ -80.010032991686003, 35.909744999868877 ], [ -80.010266990910708, 35.908586000043329 ], [ -80.005672990997681, 35.908412000323551 ], [ -80.005755990728005, 35.907214000134211 ], [ -80.0076829911998, 35.907314000322927 ], [ -80.00792099079348, 35.906134999922401 ], [ -80.005688991233882, 35.906018000123197 ], [ -80.005965990892221, 35.90353200040591 ], [ -79.999751991400331, 35.903376000333971 ], [ -79.998091990840763, 35.90805499988744 ], [ -79.99576099126817, 35.908615000083003 ], [ -79.996183990754361, 35.903858000014004 ], [ -79.997039990929181, 35.903911000137327 ], [ -79.997091991636154, 35.90319700043208 ], [ -79.990654991218008, 35.902793999814328 ], [ -79.989939990636259, 35.906352000366866 ], [ -79.984836991217634, 35.900962999761099 ], [ -79.986689990906115, 35.901284999964538 ], [ -79.986744990852458, 35.900652000143921 ], [ -79.984307991626011, 35.900510000218482 ], [ -79.979405990739863, 35.895274999633997 ], [ -79.967085990772176, 35.888057000182798 ], [ -79.959584991349914, 35.886073999953432 ], [ -79.961432991043495, 35.886230000036342 ], [ -79.96145799165177, 35.884983000063542 ], [ -79.962326990672651, 35.885122999675204 ], [ -79.962426991277312, 35.881507999776538 ], [ -79.960772991652931, 35.881464000365888 ], [ -79.960879991143443, 35.878632000275786 ], [ -79.961489991209945, 35.878639999737324 ], [ -79.962511990944435, 35.873782999874045 ], [ -79.960620991410579, 35.872454000407544 ], [ -79.959896990736937, 35.872904999959864 ], [ -79.960811991159829, 35.873859000414264 ], [ -79.960779991119992, 35.875248000500548 ], [ -79.958250990764341, 35.875228000240625 ], [ -79.958136991246391, 35.873934999733891 ], [ -79.955774990877842, 35.87639000008344 ], [ -79.956472990829354, 35.876361000343778 ], [ -79.956480990913349, 35.882129000032947 ], [ -79.957195991356102, 35.882229999853436 ], [ -79.956802990979668, 35.881356999668014 ], [ -79.958909991461269, 35.881981000305011 ], [ -79.95875999152868, 35.885960000468792 ], [ -79.950212991539431, 35.883487000344779 ], [ -79.950413991155301, 35.884870000273288 ], [ -79.945240990948619, 35.884065000344911 ], [ -79.944577991247272, 35.881690000499127 ], [ -79.945615991072529, 35.881675000418248 ], [ -79.945558991576959, 35.880949999992708 ], [ -79.94048099115885, 35.880693999955717 ], [ -79.940320991677893, 35.883185000497463 ], [ -79.936947990892762, 35.883488000519755 ], [ -79.932107991387312, 35.882532999738075 ], [ -79.924955990656741, 35.88318900021202 ], [ -79.922127991692349, 35.881884999867069 ], [ -79.923799991085161, 35.846743999629709 ] ] ] } },
{ "type": "Feature", "properties": { "county": "RANDOLPH", "precinct": "TT", "enr_desc": "Trinity Tabernacle", "winner": "Richard N. Ojeda II", "winner_votes": 40.0, "winner_share": 35.087719298245609, "runner_up": "Loren Bibler", "runner_up_votes": 30.0, "runner_up_share": 26.315789473684209, "contest_votes": 114.0, "margin_of_victory": 8.7719298245614006, "is_tie": false, "results": [ { "candidate": "Richard N. Ojeda II", "votes": 40, "share": 35.08771929824561 }, { "candidate": "Loren Bibler", "votes": 30, "share": 26.31578947368421 }, { "candidate": "Nigel W. Bristow", "votes": 23, "share": 20.175438596491226 }, { "candidate": "Lent C. Carr II", "votes": 21, "share": 18.421052631578945 } ], "participated": true, "map_key": "RANDOLPH_TT" }, "geometry": { "type": "Polygon", "coordinates": [ [ [ -80.052546991668464, 35.816905999761154 ], [ -80.041981991391353, 35.816627000072955 ], [ -80.041458991442738, 35.820073999809885 ], [ -80.036988991612731, 35.820822000059302 ], [ -80.037240990779608, 35.824169000396374 ], [ -80.035832990837591, 35.826961999954705 ], [ -80.0360879916133, 35.827875000268151 ], [ -80.032963991198827, 35.831085999988666 ], [ -80.030911991379625, 35.832044000043702 ], [ -80.030096991376524, 35.833506999721308 ], [ -80.028604991452795, 35.833440000482632 ], [ -80.026943991023742, 35.834697999951359 ], [ -80.026857991112252, 35.838565000200994 ], [ -80.0294909914128, 35.841268000102211 ], [ -80.029408991353662, 35.845064000037226 ], [ -80.028260991452001, 35.845512000400284 ], [ -80.023098991369082, 35.844051999939808 ], [ -80.02204999166986, 35.842849999707276 ], [ -80.017959990783041, 35.841445000308802 ], [ -80.015317990665736, 35.84178800040457 ], [ -80.010943990725806, 35.844341999943225 ], [ -80.007571991366405, 35.845014999986333 ], [ -80.003099990815642, 35.844722999816305 ], [ -80.001088991163655, 35.844184999830468 ], [ -79.997916990621249, 35.841760999652841 ], [ -79.991616991687366, 35.841510000262268 ], [ -79.987370991180526, 35.838664000274953 ], [ -79.987505990722724, 35.836660000029312 ], [ -79.985752991257911, 35.837119000426043 ], [ -79.985572990796271, 35.838268000386194 ], [ -79.985017991675036, 35.838146000296682 ], [ -79.98066599164008, 35.836816999723503 ], [ -79.977043991423912, 35.834154000209736 ], [ -79.974821991192769, 35.835792000346927 ], [ -79.972438990955681, 35.835512000520104 ], [ -79.970407991478808, 35.836286000509475 ], [ -79.966880990704908, 35.832200999881984 ], [ -79.96518599098097, 35.831430999915192 ], [ -79.964941991016332, 35.830204000091072 ], [ -79.966136990733091, 35.828903999983744 ], [ -79.964880991542202, 35.827700000285802 ], [ -79.96199699162176, 35.829192000476233 ], [ -79.958574991155004, 35.835093000495469 ], [ -79.954601990975519, 35.83911800049669 ], [ -79.947181991152917, 35.843375999844135 ], [ -79.93934299064189, 35.842258000042946 ], [ -79.936507990887932, 35.847099000210264 ], [ -79.923799991085161, 35.846743999629709 ], [ -79.925378990892966, 35.813555999704313 ], [ -79.927164990862849, 35.775928999677028 ], [ -79.934068991620308, 35.775825000026074 ], [ -79.939655990944473, 35.772925999689754 ], [ -79.947576990688503, 35.775151000140248 ], [ -79.952737990682039, 35.775467999904087 ], [ -79.95422999156969, 35.782234999708059 ], [ -79.956477990691695, 35.783406000236837 ], [ -79.959405991454474, 35.787475999950928 ], [ -79.961973991381086, 35.788365000099546 ], [ -79.962751991521174, 35.792559000031062 ], [ -79.961578990785355, 35.799137000185198 ], [ -79.963700991281115, 35.802944000326399 ], [ -79.971772990780579, 35.802900000346085 ], [ -79.97608499105155, 35.801546000435863 ], [ -79.982221991236102, 35.798715999865209 ], [ -79.98409799098323, 35.795637999840004 ], [ -79.991867991424641, 35.796558000065282 ], [ -79.992718991682892, 35.795895999812792 ], [ -79.99305499136598, 35.792288999658098 ], [ -79.994670991513914, 35.791070000290624 ], [ -79.99646899160021, 35.791059000301381 ], [ -80.003302991087182, 35.786794999693889 ], [ -80.007827990821653, 35.788450000184682 ], [ -80.011897990782373, 35.787368000479262 ], [ -80.015670990630895, 35.790955999790292 ], [ -80.015054990945657, 35.795088000115676 ], [ -80.020105991416784, 35.792839000212226 ], [ -80.022418991119039, 35.793022999819883 ], [ -80.026865991449114, 35.796213000161259 ], [ -80.027315991290521, 35.799336999890983 ], [ -80.029275991506282, 35.80248000010333 ], [ -80.032631991448682, 35.80140099996612 ], [ -80.042933990955362, 35.801833000351486 ], [ -80.045258991072416, 35.799841999797692 ], [ -80.052369990734078, 35.802574000363499 ], [ -80.053436990847459, 35.801643000106765 ], [ -80.052546991668464, 35.816905999761154 ] ] ] } },
{ "type": "Feature", "properties": { "county": "RANDOLPH", "precinct": "UG", "enr_desc": "Union Grove", "winner": "Richard N. Ojeda II", "winner_votes": 85.0, "winner_share": 39.351851851851855, "runner_up": "Loren Bibler", "runner_up_votes": 53.0, "runner_up_share": 24.537037037037038, "contest_votes": 216.0, "margin_of_victory": 14.814814814814817, "is_tie": false, "results": [ { "candidate": "Richard N. Ojeda II", "votes": 85, "share": 39.351851851851855 }, { "candidate": "Loren Bibler", "votes": 53, "share": 24.537037037037038 }, { "candidate": "Nigel W. Bristow", "votes": 40, "share": 18.51851851851852 }, { "candidate": "Lent C. Carr II", "votes": 38, "share": 17.59259259259259 } ], "participated": true, "map_key": "RANDOLPH_UG" }, "geometry": { "type": "Polygon", "coordinates": [ [ [ -79.930221991010441, 35.71150799986998 ], [ -79.929608990848351, 35.724414999644623 ], [ -79.848934991362867, 35.690739000130144 ], [ -79.842157990918153, 35.687862999850395 ], [ -79.843335991131767, 35.684514999709307 ], [ -79.842629991178299, 35.683275000257197 ], [ -79.838485991561001, 35.684814000087002 ], [ -79.838259991516054, 35.684080000192203 ], [ -79.841218991509294, 35.673071000384283 ], [ -79.832184990865585, 35.670524000081627 ], [ -79.835496991109068, 35.663977000018846 ], [ -79.836126991040643, 35.660903000300067 ], [ -79.833067991482622, 35.650126999796676 ], [ -79.831714990737055, 35.653378000502684 ], [ -79.82491899125236, 35.653281999822916 ], [ -79.822167991742589, 35.654051000093787 ], [ -79.811761990697676, 35.6530790000091 ], [ -79.808108991037784, 35.65765800015653 ], [ -79.805895991124771, 35.659228999936197 ], [ -79.808208991358384, 35.6092320003631 ], [ -79.812785991672769, 35.510994000373493 ], [ -79.906761990967738, 35.509801000226432 ], [ -79.939810991167732, 35.508704999623596 ], [ -79.930221991010441, 35.71150799986998 ] ] ] } },
{ "type": "Feature", "properties": { "county": "MOORE", "precinct": "VSS", "enr_desc": "Vass", "winner": "Richard N. Ojeda II", "winner_votes": 40.0, "winner_share": 48.780487804878049, "runner_up": "Loren Bibler", "runner_up_votes": 20.0, "runner_up_share": 24.390243902439025, "contest_votes": 82.0, "margin_of_victory": 24.390243902439025, "is_tie": false, "results": [ { "candidate": "Richard N. Ojeda II", "votes": 40, "share": 48.78048780487805 }, { "candidate": "Loren Bibler", "votes": 20, "share": 24.390243902439025 }, { "candidate": "Nigel W. Bristow", "votes": 17, "share": 20.73170731707317 }, { "candidate": "Lent C. Carr II", "votes": 5, "share": 6.097560975609756 } ], "participated": true, "map_key": "MOORE_VSS" }, "geometry": { "type": "Polygon", "coordinates": [ [ [ -79.33136599104391, 35.210385999594614 ], [ -79.330019991452957, 35.211623999794668 ], [ -79.327543991399736, 35.216641999926892 ], [ -79.335629990767856, 35.220212999824632 ], [ -79.33668499122652, 35.219789999962835 ], [ -79.336390991712719, 35.218621999814467 ], [ -79.339230991538827, 35.222109000182414 ], [ -79.336218991640109, 35.229573999827004 ], [ -79.334292990890305, 35.230307000089283 ], [ -79.333232990797356, 35.232574000336236 ], [ -79.327763991057807, 35.236879999706474 ], [ -79.330164990972179, 35.237108000409137 ], [ -79.332646991377786, 35.235552000363683 ], [ -79.335704991745658, 35.23519499977909 ], [ -79.339511990931655, 35.235894000353468 ], [ -79.341242991170787, 35.234153000467046 ], [ -79.343976991298021, 35.233236000124307 ], [ -79.345679990809117, 35.23387700027304 ], [ -79.347391990911106, 35.232599999600268 ], [ -79.34306899132541, 35.244944000309161 ], [ -79.338582991191558, 35.256185000433831 ], [ -79.337262991749327, 35.262204000003607 ], [ -79.336892991545767, 35.273105999662903 ], [ -79.342225990736083, 35.274328999868175 ], [ -79.342040991073219, 35.280869000053656 ], [ -79.33968099130054, 35.287330000094173 ], [ -79.338051990734058, 35.289424000456961 ], [ -79.329336991456302, 35.289460000423496 ], [ -79.283935991146436, 35.289550000465226 ], [ -79.281972991440782, 35.287226999816177 ], [ -79.275677991507635, 35.28790799970745 ], [ -79.273970991664044, 35.286875000394268 ], [ -79.273212990864423, 35.284971999931201 ], [ -79.269805990827152, 35.283928000170597 ], [ -79.267319991583236, 35.28479799973006 ], [ -79.266622990705301, 35.283674999889385 ], [ -79.267125991215352, 35.282621999919854 ], [ -79.265918991629079, 35.28199500039193 ], [ -79.263722991600758, 35.276691000220147 ], [ -79.264003990949831, 35.27470000024497 ], [ -79.262583991172022, 35.268241999854844 ], [ -79.260254991066262, 35.267376999663071 ], [ -79.258903991671332, 35.265417000253883 ], [ -79.255908991720176, 35.263874000054408 ], [ -79.252893991742624, 35.263010999722376 ], [ -79.250523990872409, 35.261215999810034 ], [ -79.246255991625645, 35.260177000161583 ], [ -79.240890990877475, 35.255810000431069 ], [ -79.23772499168598, 35.254437999734918 ], [ -79.298334991133402, 35.196135000179041 ], [ -79.301872991237502, 35.199081999623957 ], [ -79.309639991250449, 35.202373999634077 ], [ -79.317520990756535, 35.207246000183574 ], [ -79.33136599104391, 35.210385999594614 ] ] ] } },
{ "type": "Feature", "properties": { "county": "MOORE", "precinct": "WEM", "enr_desc": "Westmoore", "winner": "Nigel W. Bristow", "winner_votes": 17.0, "winner_share": 38.636363636363633, "runner_up": "Richard N. Ojeda II", "runner_up_votes": 13.0, "runner_up_share": 29.545454545454547, "contest_votes": 44.0, "margin_of_victory": 9.0909090909090864, "is_tie": false, "results": [ { "candidate": "Nigel W. Bristow", "votes": 17, "share": 38.63636363636363 }, { "candidate": "Richard N. Ojeda II", "votes": 13, "share": 29.545454545454547 }, { "candidate": "Lent C. Carr II", "votes": 7, "share": 15.909090909090908 }, { "candidate": "Loren Bibler", "votes": 7, "share": 15.909090909090908 } ], "participated": true, "map_key": "MOORE_WEM" }, "geometry": { "type": "Polygon", "coordinates": [ [ [ -79.741404991201762, 35.409045000462626 ], [ -79.751729991163586, 35.44399399967633 ], [ -79.760551991085535, 35.4680639996065 ], [ -79.764191990844196, 35.475734999641567 ], [ -79.766842991175224, 35.493789999927266 ], [ -79.767956991126539, 35.511483999956781 ], [ -79.590296991635299, 35.514491999696659 ], [ -79.576608991521198, 35.514711000476872 ], [ -79.578779990961564, 35.509783000312659 ], [ -79.580133990752259, 35.501539999678656 ], [ -79.584365991252369, 35.497990000028175 ], [ -79.59581599148315, 35.491979000271179 ], [ -79.602436991556445, 35.480054999598231 ], [ -79.611007991166488, 35.47301800003018 ], [ -79.615003991009701, 35.466134999995823 ], [ -79.618277991141639, 35.463770999842659 ], [ -79.633553990854466, 35.468238999842121 ], [ -79.641973990668646, 35.461585000030176 ], [ -79.643403991343575, 35.457956999805162 ], [ -79.643545991412026, 35.452449999706936 ], [ -79.652031991724684, 35.442241999609571 ], [ -79.652284991661759, 35.434535000307932 ], [ -79.650435990964155, 35.430243999884695 ], [ -79.651677990688853, 35.426855000466979 ], [ -79.651335991560373, 35.423915999879597 ], [ -79.660430991507198, 35.423901999788733 ], [ -79.666198991508153, 35.421709000137191 ], [ -79.668667991264073, 35.421746000420626 ], [ -79.664558991427583, 35.413004000206485 ], [ -79.662080991408843, 35.409433000220531 ], [ -79.741404991201762, 35.409045000462626 ] ] ] } },
{ "type": "Feature", "properties": { "county": "MOORE", "precinct": "WND", "enr_desc": "West End", "winner": "Richard N. Ojeda II", "winner_votes": 45.0, "winner_share": 50.0, "runner_up": "Loren Bibler", "runner_up_votes": 19.0, "runner_up_share": 21.111111111111111, "contest_votes": 90.0, "margin_of_victory": 28.888888888888889, "is_tie": false, "results": [ { "candidate": "Richard N. Ojeda II", "votes": 45, "share": 50.0 }, { "candidate": "Loren Bibler", "votes": 19, "share": 21.11111111111111 }, { "candidate": "Nigel W. Bristow", "votes": 17, "share": 18.88888888888889 }, { "candidate": "Lent C. Carr II", "votes": 9, "share": 10.0 } ], "participated": true, "map_key": "MOORE_WND" }, "geometry": { "type": "Polygon", "coordinates": [ [ [ -79.542683991047383, 35.123090999604415 ], [ -79.5465669913591, 35.123371000399985 ], [ -79.560057991172599, 35.120035000295204 ], [ -79.562631991415699, 35.121069000420107 ], [ -79.56522099119907, 35.123582999984258 ], [ -79.568679991669185, 35.124367000475281 ], [ -79.572255991520009, 35.126305000322205 ], [ -79.57415299166324, 35.126120999689959 ], [ -79.576221991033663, 35.12440000014697 ], [ -79.58437299079705, 35.129125000302636 ], [ -79.584102991749617, 35.131520999836241 ], [ -79.585342991015523, 35.135235999694174 ], [ -79.587577990735397, 35.135987000270291 ], [ -79.587770991359605, 35.137511000234454 ], [ -79.589078990898159, 35.138973999854542 ], [ -79.593199991469703, 35.140855000334312 ], [ -79.593446991097707, 35.141647000324447 ], [ -79.594317991238825, 35.14135000029755 ], [ -79.595614990972635, 35.142862999968031 ], [ -79.598062991380786, 35.143200000427271 ], [ -79.600965991550297, 35.144785000201075 ], [ -79.602269991567113, 35.146463000217864 ], [ -79.605892990822937, 35.146252000182898 ], [ -79.605054991585888, 35.147592999688939 ], [ -79.606250991412168, 35.149008000438428 ], [ -79.607223991415736, 35.148557999913159 ], [ -79.608249991608275, 35.149214000157158 ], [ -79.608754990776134, 35.148457000175057 ], [ -79.609408990870122, 35.148971000106073 ], [ -79.610914990779293, 35.153309000017948 ], [ -79.610211991264507, 35.155358000198973 ], [ -79.613015991124215, 35.157023999966469 ], [ -79.614407991025303, 35.159652999709614 ], [ -79.614397991002107, 35.165236999602179 ], [ -79.615967990720605, 35.168438000097339 ], [ -79.61771799082851, 35.168004000310184 ], [ -79.618316991586227, 35.169875999732227 ], [ -79.619855990888581, 35.17007900047988 ], [ -79.620185990878184, 35.171148000017872 ], [ -79.621802991785614, 35.171780000482755 ], [ -79.62243999079756, 35.170341999906441 ], [ -79.627541991415399, 35.170074000137376 ], [ -79.626940991363853, 35.172486000358774 ], [ -79.627677991187127, 35.174454000070313 ], [ -79.630934991020396, 35.175395000360275 ], [ -79.633941990968196, 35.174808000154691 ], [ -79.636973991407132, 35.176025000092551 ], [ -79.639903990927266, 35.18040400023088 ], [ -79.645465991438641, 35.184506000144516 ], [ -79.649251991615387, 35.188619000061671 ], [ -79.654463990854993, 35.189460000265974 ], [ -79.657577991289358, 35.191595999626081 ], [ -79.662128991596845, 35.204843999834864 ], [ -79.661562990979874, 35.208142999624599 ], [ -79.66276899169786, 35.209784999671918 ], [ -79.662142990788396, 35.211913999672205 ], [ -79.66319799100178, 35.212506000021612 ], [ -79.662721991118573, 35.213685999859749 ], [ -79.664728991332581, 35.216288000125935 ], [ -79.663818990811066, 35.217596999647881 ], [ -79.664599991622893, 35.220771999863452 ], [ -79.645750991568377, 35.225774000413082 ], [ -79.644626991747899, 35.23893600019769 ], [ -79.645135991409333, 35.252110000078503 ], [ -79.643748991021994, 35.257992000253545 ], [ -79.643926991430476, 35.260504999611513 ], [ -79.641095991268855, 35.26797000007641 ], [ -79.635380990861293, 35.275328999749178 ], [ -79.632076991358389, 35.284440999962406 ], [ -79.628477991399933, 35.28175700025789 ], [ -79.619167991472196, 35.280234000034248 ], [ -79.60965199080502, 35.27604699960569 ], [ -79.598166990877019, 35.269044000297193 ], [ -79.593582991089846, 35.267721999597647 ], [ -79.602147991741901, 35.267776000083217 ], [ -79.604057991342003, 35.269696999872281 ], [ -79.609208991455574, 35.267218999689355 ], [ -79.60996799079355, 35.262896999819198 ], [ -79.615373990795973, 35.260329000218391 ], [ -79.621349990816441, 35.251162000220972 ], [ -79.621486991115248, 35.247274000006442 ], [ -79.622354990747368, 35.245234000420197 ], [ -79.62060599087846, 35.242892000184277 ], [ -79.621127990962677, 35.238799999968698 ], [ -79.614797990718728, 35.240152000022256 ], [ -79.614130990917914, 35.242012999606899 ], [ -79.608278991603342, 35.241582999639263 ], [ -79.597132990767292, 35.235036000236917 ], [ -79.588858990692756, 35.234591000359906 ], [ -79.579335991453505, 35.235782000422461 ], [ -79.576310991111939, 35.239599000425194 ], [ -79.5768199913974, 35.243279999657631 ], [ -79.57812399167517, 35.244067999639753 ], [ -79.580996991254253, 35.243795000457744 ], [ -79.582259990968353, 35.244716999741634 ], [ -79.582148990693838, 35.251555000410725 ], [ -79.588330991528039, 35.254704999855882 ], [ -79.589460991208483, 35.258426000067089 ], [ -79.587271991522258, 35.259809000316316 ], [ -79.585372990747132, 35.263017000320829 ], [ -79.577896991013347, 35.256682000206112 ], [ -79.570444990943216, 35.257989999981383 ], [ -79.567087990911432, 35.261047000140536 ], [ -79.562234991072501, 35.258777000167683 ], [ -79.555450991520118, 35.258668999819555 ], [ -79.554016991278601, 35.260412999989576 ], [ -79.553542990727337, 35.266067000334651 ], [ -79.554684991036638, 35.268676999905516 ], [ -79.554353991250935, 35.270487000153878 ], [ -79.552992991596554, 35.273264999612806 ], [ -79.549935991119781, 35.275114000021198 ], [ -79.551588991017425, 35.278323000422468 ], [ -79.552749991071934, 35.291630000425741 ], [ -79.543649991352211, 35.291536000384696 ], [ -79.517685991393009, 35.290818999970909 ], [ -79.512904991563204, 35.287073000254395 ], [ -79.511554991457189, 35.28087700000745 ], [ -79.507251991376762, 35.278492000088669 ], [ -79.506055991217551, 35.276853999868152 ], [ -79.510099990868881, 35.261577000198237 ], [ -79.503670991181011, 35.253000999761717 ], [ -79.503494991520554, 35.250759000451993 ], [ -79.505907991021658, 35.247505999887061 ], [ -79.503410990772423, 35.243388999640729 ], [ -79.503212990817346, 35.230438999688651 ], [ -79.504293991672014, 35.227784000369731 ], [ -79.502751990877712, 35.223201000186343 ], [ -79.503434991527669, 35.223164000140535 ], [ -79.501725991000527, 35.217807999755223 ], [ -79.507458991503114, 35.215146000085632 ], [ -79.507320991395545, 35.22209499978117 ], [ -79.508888991563254, 35.222088999850612 ], [ -79.508843990770643, 35.225980000374363 ], [ -79.509363991166964, 35.22584500026835 ], [ -79.512309991493581, 35.21766199971794 ], [ -79.509329991691231, 35.214481000386996 ], [ -79.513434991433243, 35.212170999587975 ], [ -79.523670991047197, 35.216493999957926 ], [ -79.529025991242463, 35.222282999913645 ], [ -79.538322991727739, 35.225872000052213 ], [ -79.553973990691148, 35.226389999804212 ], [ -79.55945599169192, 35.227622000350827 ], [ -79.558525991047418, 35.2126779996645 ], [ -79.561375991682553, 35.204605999591756 ], [ -79.571759991264983, 35.181264000200564 ], [ -79.568047991613454, 35.17999000042694 ], [ -79.558732991519037, 35.18259900040286 ], [ -79.555859990947354, 35.181931000284656 ], [ -79.551102990875648, 35.178510000430535 ], [ -79.545886991380229, 35.176745999759348 ], [ -79.546892991022347, 35.173677999691051 ], [ -79.546557991729642, 35.172394999827695 ], [ -79.544411990844225, 35.169395000045192 ], [ -79.543017991628133, 35.165410000197276 ], [ -79.539533990870453, 35.162204000250931 ], [ -79.54237799078409, 35.159708000053158 ], [ -79.542852990937334, 35.157372999729475 ], [ -79.543884990780768, 35.157075000404902 ], [ -79.544889991712296, 35.155129000198514 ], [ -79.546339991158092, 35.154876999635022 ], [ -79.547092990751253, 35.153114000453819 ], [ -79.547009991089553, 35.151854000389541 ], [ -79.545447990931834, 35.150778000074048 ], [ -79.544444991346339, 35.148579000367576 ], [ -79.54497599156484, 35.144228999975056 ], [ -79.542077991786016, 35.138549000141758 ], [ -79.543251990901496, 35.130374000178854 ], [ -79.542683991047383, 35.123090999604415 ] ] ] } },
{ "type": "Feature", "properties": { "county": "CHATHAM", "precinct": "CRD118", "enr_desc": "Crossroads", "winner": "Richard N. Ojeda II", "winner_votes": 29.0, "winner_share": 39.726027397260275, "runner_up": "Lent C. Carr II", "runner_up_votes": 26.0, "runner_up_share": 35.61643835616438, "contest_votes": 73.0, "margin_of_victory": 4.1095890410958944, "is_tie": false, "results": [ { "candidate": "Richard N. Ojeda II", "votes": 29, "share": 39.726027397260275 }, { "candidate": "Lent C. Carr II", "votes": 26, "share": 35.61643835616438 }, { "candidate": "Nigel W. Bristow", "votes": 12, "share": 16.43835616438356 }, { "candidate": "Loren Bibler", "votes": 6, "share": 8.21917808219178 } ], "participated": true, "map_key": "CHATHAM_CRD118" }, "geometry": { "type": "Polygon", "coordinates": [ [ [ -79.430040990968294, 35.51689099979918 ], [ -79.555803990869578, 35.515039000182583 ], [ -79.553232991062671, 35.599281000337115 ], [ -79.551422991363722, 35.631483999616982 ], [ -79.550042991144466, 35.632748999965308 ], [ -79.547795991389989, 35.632765999619863 ], [ -79.543073991373035, 35.632427000406956 ], [ -79.540808991501279, 35.631004000296947 ], [ -79.540059991244263, 35.631749999831406 ], [ -79.540677990669224, 35.634786999964938 ], [ -79.539334991722257, 35.633801999917992 ], [ -79.535988991111253, 35.6335919999281 ], [ -79.536854991207136, 35.632087999730302 ], [ -79.535499991479568, 35.632592000192979 ], [ -79.535481991354516, 35.635242000235593 ], [ -79.534009991042851, 35.636834000463587 ], [ -79.530046990809623, 35.636255999725456 ], [ -79.528312990748447, 35.638095999958288 ], [ -79.525084991538705, 35.637212000452713 ], [ -79.521626991259524, 35.638385999621867 ], [ -79.517737991486342, 35.634379000073785 ], [ -79.512028991152391, 35.632786999985036 ], [ -79.510296991103303, 35.631250999885047 ], [ -79.507406991052207, 35.62460199972633 ], [ -79.507404990753201, 35.61547199978623 ], [ -79.501847990654454, 35.605628000008423 ], [ -79.502995990954261, 35.600136000363733 ], [ -79.487716990816153, 35.600456000297214 ], [ -79.475263990863681, 35.604027000215389 ], [ -79.469177991730348, 35.604547000413007 ], [ -79.469002990730303, 35.606725000368669 ], [ -79.467271990703097, 35.603569999752708 ], [ -79.46766799108849, 35.601343999923081 ], [ -79.466773990759251, 35.600624000117399 ], [ -79.464458991499228, 35.600799999929997 ], [ -79.460341990990557, 35.60338500021674 ], [ -79.457118991128681, 35.604379999691588 ], [ -79.454783991162472, 35.601527999662018 ], [ -79.449958991307625, 35.600781000155891 ], [ -79.446379990725106, 35.599226999757342 ], [ -79.443621990730392, 35.59742499996279 ], [ -79.442853990659685, 35.592463000180153 ], [ -79.441541990813576, 35.591142999820988 ], [ -79.438259991386786, 35.591441000049059 ], [ -79.436960991210938, 35.590764000411177 ], [ -79.433872991185694, 35.592243000174392 ], [ -79.432103991731807, 35.59158899990345 ], [ -79.429371990776858, 35.592351000411782 ], [ -79.429384991034325, 35.594077999651923 ], [ -79.428100991727945, 35.593889999638805 ], [ -79.426276991151269, 35.595110000472715 ], [ -79.422166991652986, 35.595197999653919 ], [ -79.418069991595317, 35.594626000133466 ], [ -79.416220991040618, 35.590910000342838 ], [ -79.414808991187201, 35.590228999603333 ], [ -79.413844990852269, 35.591387999992627 ], [ -79.410588990700575, 35.592172000318683 ], [ -79.411469991164381, 35.593475000273855 ], [ -79.409626991074163, 35.594152000096052 ], [ -79.409032991599062, 35.597766000031534 ], [ -79.40656399133556, 35.596778000439294 ], [ -79.405916991173541, 35.598337999854266 ], [ -79.402135991186441, 35.599303999686988 ], [ -79.40009799111769, 35.598033000238097 ], [ -79.399304991708362, 35.599509999628246 ], [ -79.398143990915273, 35.597710000156042 ], [ -79.401755991212653, 35.593113000454998 ], [ -79.402317991528093, 35.588693000053901 ], [ -79.401888990811344, 35.585523000141933 ], [ -79.396007991055868, 35.573058000400685 ], [ -79.392619990971568, 35.562571000306555 ], [ -79.39417299088457, 35.552946999975184 ], [ -79.400004991624527, 35.55096700004777 ], [ -79.410976991700622, 35.543417000203256 ], [ -79.412196991224903, 35.540931999981105 ], [ -79.413271990676563, 35.534030999937151 ], [ -79.413263990826877, 35.525172999986104 ], [ -79.41512799126879, 35.522500000005557 ], [ -79.421873991743055, 35.517007000323979 ], [ -79.430040990968294, 35.51689099979918 ] ] ] } },
{ "type": "Feature", "properties": { "county": "CHATHAM", "precinct": "GLD118", "enr_desc": "Goldston", "winner": "Richard N. Ojeda II", "winner_votes": 151.0, "winner_share": 36.919315403422978, "runner_up": "Nigel W. Bristow", "runner_up_votes": 94.0, "runner_up_share": 22.982885085574573, "contest_votes": 409.0, "margin_of_victory": 13.936430317848405, "is_tie": false, "results": [ { "candidate": "Richard N. Ojeda II", "votes": 151, "share": 36.91931540342298 }, { "candidate": "Nigel W. Bristow", "votes": 94, "share": 22.982885085574573 }, { "candidate": "Lent C. Carr II", "votes": 92, "share": 22.493887530562347 }, { "candidate": "Loren Bibler", "votes": 72, "share": 17.6039119804401 } ], "participated": true, "map_key": "CHATHAM_GLD118" }, "geometry": { "type": "Polygon", "coordinates": [ [ [ -79.350072990909723, 35.518001999711664 ], [ -79.421873991743055, 35.517007000323979 ], [ -79.41512799126879, 35.522500000005557 ], [ -79.413263990826877, 35.525172999986104 ], [ -79.413271990676563, 35.534030999937151 ], [ -79.412196991224903, 35.540931999981105 ], [ -79.410976991700622, 35.543417000203256 ], [ -79.400004991624527, 35.55096700004777 ], [ -79.39417299088457, 35.552946999975184 ], [ -79.392619990971568, 35.562571000306555 ], [ -79.396007991055868, 35.573058000400685 ], [ -79.401888990811344, 35.585523000141933 ], [ -79.402317991528093, 35.588693000053901 ], [ -79.401755991212653, 35.593113000454998 ], [ -79.398143990915273, 35.597710000156042 ], [ -79.399304991708362, 35.599509999628246 ], [ -79.396791991510327, 35.602209000426356 ], [ -79.393567991187822, 35.604031999797655 ], [ -79.390903991544064, 35.603558999917283 ], [ -79.38958399172337, 35.605145999830604 ], [ -79.38738299077346, 35.605742999827839 ], [ -79.38634599151608, 35.607277999647231 ], [ -79.383720991295746, 35.607979999712569 ], [ -79.382965990884884, 35.609748000348354 ], [ -79.382124990865194, 35.609626000025884 ], [ -79.38012299173883, 35.606851999807631 ], [ -79.378285991349458, 35.606976000047119 ], [ -79.377233991050176, 35.609306000258123 ], [ -79.375144991160965, 35.610887000231045 ], [ -79.376881990670626, 35.611667000082029 ], [ -79.377949991376283, 35.613817999722158 ], [ -79.375633990878811, 35.615019999663922 ], [ -79.377341991354072, 35.616697000223539 ], [ -79.37983199135617, 35.617675000276918 ], [ -79.37911799151999, 35.618647999830792 ], [ -79.380187991293298, 35.621098999624856 ], [ -79.370110991253853, 35.630527999982363 ], [ -79.363848990823499, 35.63353300035098 ], [ -79.361700991336932, 35.635347999840683 ], [ -79.355097990738216, 35.636410000405746 ], [ -79.343723990900003, 35.640693999800632 ], [ -79.338205991080287, 35.64594100005003 ], [ -79.33698499109687, 35.648450999874669 ], [ -79.331892990685802, 35.652578999905373 ], [ -79.327858991593772, 35.653993000304389 ], [ -79.321308991031387, 35.654931999832492 ], [ -79.314954991442434, 35.658385999967827 ], [ -79.303823990812162, 35.669420000261219 ], [ -79.289930991339418, 35.678873999765699 ], [ -79.285448991009545, 35.676628000351201 ], [ -79.280595991000226, 35.671487999732221 ], [ -79.277200991497892, 35.669146999840947 ], [ -79.275682991311044, 35.669715999959976 ], [ -79.27290599134588, 35.673719999995733 ], [ -79.269809991676539, 35.672676999909896 ], [ -79.268985991332343, 35.667871000425357 ], [ -79.262039991700547, 35.666637000192921 ], [ -79.256967991511857, 35.662773000236562 ], [ -79.254352991508114, 35.659386000076459 ], [ -79.251835991261473, 35.654130000082482 ], [ -79.247948991583655, 35.654550999830384 ], [ -79.245474991511912, 35.656282000128115 ], [ -79.242312991558919, 35.656883000090993 ], [ -79.239460990709759, 35.659519000394617 ], [ -79.239621991320945, 35.662166999746404 ], [ -79.236913991713706, 35.662172000315515 ], [ -79.234250991209436, 35.661019999810222 ], [ -79.222178991151054, 35.660815000004206 ], [ -79.219782990972249, 35.657326999920272 ], [ -79.21894299127942, 35.653657000072286 ], [ -79.209057991544384, 35.649325000319969 ], [ -79.20208699157952, 35.649310999956953 ], [ -79.190505990775293, 35.659794000125331 ], [ -79.18123199096658, 35.664351000260233 ], [ -79.178385991285722, 35.667608999681676 ], [ -79.175931990726781, 35.656282999821499 ], [ -79.176371991197698, 35.651078999762831 ], [ -79.183741991269372, 35.626066000144554 ], [ -79.185117990958872, 35.62430800033242 ], [ -79.190926991474669, 35.620377000206027 ], [ -79.192872990646009, 35.616753000348162 ], [ -79.193278990911139, 35.597494000412865 ], [ -79.195197990908426, 35.584173999754668 ], [ -79.194194990851244, 35.578398000006622 ], [ -79.200233991411096, 35.577084999802622 ], [ -79.201695991093871, 35.575268999801786 ], [ -79.201567991126396, 35.571445000212854 ], [ -79.199068991045962, 35.563923000045598 ], [ -79.199135991009257, 35.559843999833888 ], [ -79.199885991210152, 35.558558000109073 ], [ -79.21443899072824, 35.555687000338395 ], [ -79.224478991526581, 35.550811000221877 ], [ -79.226528991428992, 35.554156000038574 ], [ -79.221220991126515, 35.559598000352928 ], [ -79.218757990791147, 35.565339999844525 ], [ -79.219334991002711, 35.566489000427957 ], [ -79.223360991561435, 35.568685999627789 ], [ -79.231683991427516, 35.568060000351927 ], [ -79.240482991714202, 35.570473000247794 ], [ -79.24269499072949, 35.57026000044646 ], [ -79.244662990772241, 35.569115999683447 ], [ -79.242800991054963, 35.560750000260512 ], [ -79.243371991564928, 35.556650000082996 ], [ -79.245198991351842, 35.552961000270415 ], [ -79.25098399119706, 35.548133000420698 ], [ -79.260939991226834, 35.537139000299369 ], [ -79.267474991461015, 35.532756000095674 ], [ -79.276282991483214, 35.531970000433589 ], [ -79.286108991543415, 35.538984000052942 ], [ -79.290609990665246, 35.540097999611952 ], [ -79.291786990671113, 35.542720000384278 ], [ -79.290935991078186, 35.54539799964742 ], [ -79.288509991093136, 35.547869000101983 ], [ -79.282060991225848, 35.55163199993266 ], [ -79.284597991228225, 35.554999000454856 ], [ -79.288186991291582, 35.555040000204094 ], [ -79.294052991322232, 35.552690999640163 ], [ -79.299281991082651, 35.553435000417444 ], [ -79.303766990723162, 35.551754000189582 ], [ -79.303014991730421, 35.54984499968301 ], [ -79.303498991083671, 35.548546000266654 ], [ -79.308272991605918, 35.547595000388263 ], [ -79.312442991213757, 35.544819000131575 ], [ -79.31755699080523, 35.543296000066583 ], [ -79.321516990755299, 35.544553999581147 ], [ -79.323908991266961, 35.543838999726496 ], [ -79.32303699155959, 35.541865000334404 ], [ -79.313621991719515, 35.535467000172545 ], [ -79.310982991615816, 35.532213999626215 ], [ -79.312085991196298, 35.530460000051015 ], [ -79.322440991200466, 35.524452999826764 ], [ -79.32709699128533, 35.523988999744297 ], [ -79.334560991604903, 35.525148999804209 ], [ -79.336479990748373, 35.524166999972188 ], [ -79.339175990734319, 35.521117000341704 ], [ -79.344198991053986, 35.51966900019076 ], [ -79.348356990834361, 35.519850000371285 ], [ -79.350072990909723, 35.518001999711664 ] ] ] } },
{ "type": "Feature", "properties": { "county": "CHATHAM", "precinct": "MON113", "enr_desc": "Moncure", "winner": "Richard N. Ojeda II", "winner_votes": 80.0, "winner_share": 34.632034632034632, "runner_up": "Loren Bibler", "runner_up_votes": 59.0, "runner_up_share": 25.541125541125542, "contest_votes": 231.0, "margin_of_victory": 9.0909090909090899, "is_tie": false, "results": [ { "candidate": "Richard N. Ojeda II", "votes": 80, "share": 34.63203463203463 }, { "candidate": "Loren Bibler", "votes": 59, "share": 25.541125541125542 }, { "candidate": "Lent C. Carr II", "votes": 50, "share": 21.645021645021643 }, { "candidate": "Nigel W. Bristow", "votes": 42, "share": 18.181818181818183 } ], "participated": true, "map_key": "CHATHAM_MON113" }, "geometry": { "type": "Polygon", "coordinates": [ [ [ -79.178385991285722, 35.667608999681676 ], [ -79.178569000190095, 35.67123199993523 ], [ -79.173108991334288, 35.676079999685591 ], [ -79.171030991299716, 35.676681999840461 ], [ -79.164617990854921, 35.674614000020938 ], [ -79.159590991573722, 35.670606999873932 ], [ -79.157137990892608, 35.670713999945406 ], [ -79.151046991671947, 35.673502999653806 ], [ -79.144586991242278, 35.678906999941617 ], [ -79.140194990802797, 35.671816999998804 ], [ -79.139438990931481, 35.666926000387861 ], [ -79.135905990954484, 35.662859000440569 ], [ -79.133395991013458, 35.66361599963038 ], [ -79.121787990845121, 35.663406000261517 ], [ -79.115763990822614, 35.661034000301044 ], [ -79.110562991383148, 35.664085000256321 ], [ -79.108304990963916, 35.66795699960619 ], [ -79.103601990845391, 35.672843999995621 ], [ -79.102784991638728, 35.674859000086549 ], [ -79.104231990833043, 35.676401000263454 ], [ -79.099999991343736, 35.678083000400839 ], [ -79.096176991009173, 35.681712000375597 ], [ -79.089755991384109, 35.683550999634079 ], [ -79.088181991608892, 35.683036999844035 ], [ -79.086043990915371, 35.68353000042314 ], [ -79.08421699144381, 35.682576999792836 ], [ -79.082412991202119, 35.684270999900193 ], [ -79.078455991004674, 35.683674000379277 ], [ -79.07448199149475, 35.660265999831125 ], [ -79.073702991163415, 35.659202000112963 ], [ -79.071803991009972, 35.658958000048131 ], [ -79.069163991259188, 35.660479999920938 ], [ -79.066258991680186, 35.665499999929004 ], [ -79.065126991415823, 35.674798999624976 ], [ -79.066745990731917, 35.677547000164154 ], [ -79.06639399133546, 35.679479999785336 ], [ -79.064900991121362, 35.680357999676552 ], [ -79.062000990664629, 35.679568000325524 ], [ -79.058956991423017, 35.679848999997787 ], [ -79.057306990884484, 35.684647000133417 ], [ -79.053030990943242, 35.687032000292945 ], [ -79.055611991570146, 35.689505999786867 ], [ -79.055202991064334, 35.691489000264333 ], [ -79.05097899129548, 35.694600999771239 ], [ -79.038460991327355, 35.700209000072334 ], [ -79.02558899097086, 35.701093999903669 ], [ -79.008524990794413, 35.695141999860411 ], [ -79.004040991104333, 35.691209999663869 ], [ -78.99361399092642, 35.691823999762036 ], [ -78.98564599136742, 35.686074999908243 ], [ -78.979955991521763, 35.686635000066616 ], [ -78.968950991679677, 35.681931000397363 ], [ -78.977312991519256, 35.660553000183349 ], [ -78.995047991320803, 35.610165999758991 ], [ -78.949973991399091, 35.595898000400219 ], [ -78.914731991197797, 35.583681999836351 ], [ -78.969639990919447, 35.521668999942541 ], [ -78.98388099120676, 35.535583000075327 ], [ -78.990847991023742, 35.540190000340623 ], [ -78.997301991482331, 35.542467999678955 ], [ -79.009229990949109, 35.542708000021491 ], [ -79.01469199073756, 35.543696000324594 ], [ -79.024000991265552, 35.548377000049037 ], [ -79.030975991427965, 35.554946000123174 ], [ -79.036298991034613, 35.561876000365118 ], [ -79.040291991608541, 35.565314000026163 ], [ -79.045918991270469, 35.568670000429762 ], [ -79.047357991450966, 35.572226999969899 ], [ -79.046641991700128, 35.578038999672529 ], [ -79.05045899112325, 35.582354000004727 ], [ -79.051568990962451, 35.584974999727798 ], [ -79.052334990668754, 35.595872000006807 ], [ -79.060397991500992, 35.601290000334899 ], [ -79.069130991369121, 35.609283000429073 ], [ -79.077746991118261, 35.614037000270997 ], [ -79.093115991623478, 35.618859000243361 ], [ -79.097143990769155, 35.622123999958198 ], [ -79.100883991017625, 35.623872999634195 ], [ -79.108924991681548, 35.622521000453332 ], [ -79.112259991616696, 35.622947999709709 ], [ -79.114741991160898, 35.626615999843089 ], [ -79.117095991531016, 35.628163999665098 ], [ -79.121246991358291, 35.627632000358055 ], [ -79.123644991102793, 35.624778999971731 ], [ -79.125774990760988, 35.623863999742618 ], [ -79.132744990906431, 35.623427000312446 ], [ -79.138565991601737, 35.624042999871861 ], [ -79.142520991196449, 35.622731000189518 ], [ -79.14453799079979, 35.620342000369689 ], [ -79.148228991411713, 35.618942999596065 ], [ -79.150059991619202, 35.617058999944383 ], [ -79.158365990829296, 35.603164999897821 ], [ -79.162545991506477, 35.600634000064694 ], [ -79.166507990920437, 35.59643900042861 ], [ -79.17198299071292, 35.5934299998437 ], [ -79.18350999173559, 35.584376000414572 ], [ -79.186122991635202, 35.580327000277045 ], [ -79.194194990851244, 35.578398000006622 ], [ -79.195197990908426, 35.584173999754668 ], [ -79.193278990911139, 35.597494000412865 ], [ -79.192872990646009, 35.616753000348162 ], [ -79.190926991474669, 35.620377000206027 ], [ -79.185117990958872, 35.62430800033242 ], [ -79.183741991269372, 35.626066000144554 ], [ -79.176371991197698, 35.651078999762831 ], [ -79.175931990726781, 35.656282999821499 ], [ -79.178385991285722, 35.667608999681676 ] ] ] } },
{ "type": "Feature", "properties": { "county": "MOORE", "precinct": "PHB1A", "enr_desc": "Pinehurst B1", "winner": "Richard N. Ojeda II", "winner_votes": 112.0, "winner_share": 76.712328767123282, "runner_up": "Loren Bibler", "runner_up_votes": 12.0, "runner_up_share": 8.2191780821917799, "contest_votes": 146.0, "margin_of_victory": 68.493150684931507, "is_tie": false, "results": [ { "candidate": "Richard N. Ojeda II", "votes": 112, "share": 76.71232876712328 }, { "candidate": "Loren Bibler", "votes": 12, "share": 8.21917808219178 }, { "candidate": "Lent C. Carr II", "votes": 11, "share": 7.534246575342466 }, { "candidate": "Nigel W. Bristow", "votes": 11, "share": 7.534246575342466 } ], "participated": true, "map_key": "MOORE_PHB1A" }, "geometry": { "type": "Polygon", "coordinates": [ [ [ -79.421653990991999, 35.199770999938863 ], [ -79.422293991450658, 35.19671499971021 ], [ -79.423266991389056, 35.196128999807485 ], [ -79.424468991450837, 35.196532999911518 ], [ -79.424230990837373, 35.197211999825193 ], [ -79.441460990840469, 35.199496999737853 ], [ -79.441476991553969, 35.198879000351234 ], [ -79.446834990977223, 35.199003999717924 ], [ -79.44752499120581, 35.194012000445667 ], [ -79.449414990701698, 35.197451000019825 ], [ -79.449913991374061, 35.200905000222008 ], [ -79.449279991459036, 35.201906000050315 ], [ -79.450557991490371, 35.203316000450386 ], [ -79.451958991432463, 35.217360000435662 ], [ -79.450892991268432, 35.226385999751386 ], [ -79.449172991308316, 35.226631000101882 ], [ -79.447886991223513, 35.225232000239409 ], [ -79.444406991389229, 35.227804000143998 ], [ -79.447147991636925, 35.228839999853051 ], [ -79.447145990699013, 35.231023999928773 ], [ -79.442193991148827, 35.231434000357872 ], [ -79.429413990756274, 35.23247600042324 ], [ -79.428755990955494, 35.231916999979539 ], [ -79.428782995793895, 35.222829000375143 ], [ -79.429954499843078, 35.222347500440684 ], [ -79.430140000536383, 35.222341000355222 ], [ -79.430493999880724, 35.22233100134369 ], [ -79.431049499603049, 35.222315000842933 ], [ -79.431439499429914, 35.222303500541756 ], [ -79.432202991154639, 35.222281000473608 ], [ -79.43215399072426, 35.22022200028259 ], [ -79.433547990813935, 35.220287999765901 ], [ -79.433807991245885, 35.214668000315285 ], [ -79.43772199164664, 35.214831999941133 ], [ -79.437834990755732, 35.212193000452487 ], [ -79.43267199073675, 35.212239000066241 ], [ -79.432732991424189, 35.211128000413943 ], [ -79.434067990704634, 35.211176999854132 ], [ -79.434143991480425, 35.209848000199763 ], [ -79.437929991524783, 35.210272999822379 ], [ -79.43807499174001, 35.205970999850805 ], [ -79.429391991039509, 35.209343000156046 ], [ -79.42645599138541, 35.208932000129835 ], [ -79.425435990970612, 35.206757000221927 ], [ -79.426646990955234, 35.200456000345397 ], [ -79.421653990991999, 35.199770999938863 ] ] ] } },
{ "type": "Feature", "properties": { "county": "MOORE", "precinct": "WKWD1", "enr_desc": "West Knollwood", "winner": "Richard N. Ojeda II", "winner_votes": 78.0, "winner_share": 70.909090909090907, "runner_up": "Loren Bibler", "runner_up_votes": 15.0, "runner_up_share": 13.636363636363635, "contest_votes": 110.0, "margin_of_victory": 57.272727272727273, "is_tie": false, "results": [ { "candidate": "Richard N. Ojeda II", "votes": 78, "share": 70.9090909090909 }, { "candidate": "Loren Bibler", "votes": 15, "share": 13.636363636363635 }, { "candidate": "Nigel W. Bristow", "votes": 10, "share": 9.090909090909092 }, { "candidate": "Lent C. Carr II", "votes": 7, "share": 6.363636363636363 } ], "participated": true, "map_key": "MOORE_WKWD1" }, "geometry": { "type": "Polygon", "coordinates": [ [ [ -79.431439499429914, 35.222303500541756 ], [ -79.431049499603049, 35.222315000842933 ], [ -79.430493999880724, 35.22233100134369 ], [ -79.430140000536383, 35.222341000355222 ], [ -79.429954499843078, 35.222347500440684 ], [ -79.428782995793895, 35.222829000375143 ], [ -79.428755990955494, 35.231916999979539 ], [ -79.429413990756274, 35.23247600042324 ], [ -79.442193991148827, 35.231434000357872 ], [ -79.442727991579972, 35.235420000273081 ], [ -79.444727991455906, 35.238003000383195 ], [ -79.438169990926013, 35.239903999684842 ], [ -79.433145991456598, 35.240339000074073 ], [ -79.428484991497726, 35.243773000278381 ], [ -79.425721991532299, 35.242718999608051 ], [ -79.420920991095443, 35.243589000120927 ], [ -79.420501991244592, 35.245397000029364 ], [ -79.418128990735653, 35.24654199964332 ], [ -79.41750899141411, 35.249652000042133 ], [ -79.414502991028598, 35.252036000202814 ], [ -79.413664991510899, 35.251852000344726 ], [ -79.412741991215441, 35.253296000475217 ], [ -79.407960991607368, 35.249516000100442 ], [ -79.405863991635798, 35.244853000076212 ], [ -79.404024991416051, 35.24581400034549 ], [ -79.395610990875099, 35.246353000211045 ], [ -79.39629099100766, 35.245728999684225 ], [ -79.393412991225389, 35.243979000098783 ], [ -79.393607991442579, 35.240611000424416 ], [ -79.39853699086045, 35.240730000159381 ], [ -79.401957991391058, 35.238922000395164 ], [ -79.398375991073024, 35.233580999789716 ], [ -79.398089991221156, 35.228585000387099 ], [ -79.397773991626764, 35.224257000294337 ], [ -79.392478991023395, 35.212192000240044 ], [ -79.391880991450577, 35.207922999580163 ], [ -79.387374990841934, 35.203917000414229 ], [ -79.385564990849602, 35.196840000292866 ], [ -79.387283991556018, 35.193192000332786 ], [ -79.384858991520204, 35.19087499970145 ], [ -79.39097899107125, 35.19458600003022 ], [ -79.421653990991999, 35.199770999938863 ], [ -79.426646990955234, 35.200456000345397 ], [ -79.425435990970612, 35.206757000221927 ], [ -79.42645599138541, 35.208932000129835 ], [ -79.429391991039509, 35.209343000156046 ], [ -79.43807499174001, 35.205970999850805 ], [ -79.437929991524783, 35.210272999822379 ], [ -79.434143991480425, 35.209848000199763 ], [ -79.434067990704634, 35.211176999854132 ], [ -79.432732991424189, 35.211128000413943 ], [ -79.43267199073675, 35.212239000066241 ], [ -79.437834990755732, 35.212193000452487 ], [ -79.43772199164664, 35.214831999941133 ], [ -79.433807991245885, 35.214668000315285 ], [ -79.433547990813935, 35.220287999765901 ], [ -79.43215399072426, 35.22022200028259 ], [ -79.432202991154639, 35.222281000473608 ], [ -79.431439499429914, 35.222303500541756 ] ] ] } },
{ "type": "Feature", "properties": { "county": "ALAMANCE", "precinct": "03SE", "enr_desc": "South Boone E", "winner": "Richard N. Ojeda II", "winner_votes": 168.0, "winner_share": 47.863247863247864, "runner_up": "Nigel W. Bristow", "runner_up_votes": 76.0, "runner_up_share": 21.652421652421651, "contest_votes": 351.0, "margin_of_victory": 26.210826210826212, "is_tie": false, "results": [ { "candidate": "Richard N. Ojeda II", "votes": 168, "share": 47.863247863247864 }, { "candidate": "Nigel W. Bristow", "votes": 76, "share": 21.65242165242165 }, { "candidate": "Lent C. Carr II", "votes": 55, "share": 15.669515669515668 }, { "candidate": "Loren Bibler", "votes": 52, "share": 14.814814814814813 } ], "participated": true, "map_key": "ALAMANCE_03SE" }, "geometry": { "type": "Polygon", "coordinates": [ [ [ -79.524430975875347, 36.039826248478384 ], [ -79.519376565110349, 36.042483770233737 ], [ -79.517047500207539, 36.045971579454623 ], [ -79.509436210187019, 36.049892294383191 ], [ -79.505838252048861, 36.059117700441178 ], [ -79.509480070784008, 36.060701494339426 ], [ -79.519684854797461, 36.068270842305282 ], [ -79.516785425935396, 36.069186755984873 ], [ -79.510549760286196, 36.06713573952586 ], [ -79.50864928176523, 36.067310142783541 ], [ -79.505373525887222, 36.068383568633323 ], [ -79.50511513010953, 36.070772100578445 ], [ -79.503551793882437, 36.071369219278097 ], [ -79.51479246645043, 36.076898208545785 ], [ -79.513721734293441, 36.080376671185554 ], [ -79.513709990927694, 36.08037699990571 ], [ -79.503526991372468, 36.080929000218383 ], [ -79.496474991422971, 36.080299000475549 ], [ -79.495632991541129, 36.080214000243451 ], [ -79.491557991050101, 36.080581000414533 ], [ -79.487237991097714, 36.086231999957931 ], [ -79.478647991142068, 36.090090000305466 ], [ -79.479104990684348, 36.088037999827016 ], [ -79.480656991423629, 36.080894999789635 ], [ -79.482527991200655, 36.07209799969376 ], [ -79.482619990885425, 36.071656000342429 ], [ -79.483093991091792, 36.069394999682679 ], [ -79.483623990779975, 36.067272999801745 ], [ -79.483927991237906, 36.065760999713248 ], [ -79.488380991172946, 36.03989000038743 ], [ -79.488512991646559, 36.038629999604595 ], [ -79.487210990644641, 36.037153000139526 ], [ -79.487965991160848, 36.036417000147743 ], [ -79.489427991487005, 36.036039999823878 ], [ -79.493654991153321, 36.037503000198647 ], [ -79.499897991266835, 36.042695000319057 ], [ -79.502684990806173, 36.042264000359175 ], [ -79.503508991064791, 36.04135899979952 ], [ -79.503647991569508, 36.038265000393601 ], [ -79.505482991188217, 36.034446000324209 ], [ -79.508232991614705, 36.035281999604663 ], [ -79.509358991686852, 36.03814699965708 ], [ -79.510409991466702, 36.038656999666898 ], [ -79.513836991344391, 36.038606000304426 ], [ -79.519432991682294, 36.036298999748631 ], [ -79.52442199147923, 36.039817000340321 ], [ -79.524430975875347, 36.039826248478384 ] ] ] } },
{ "type": "Feature", "properties": { "county": "ALAMANCE", "precinct": "03SM", "enr_desc": "South Boone M", "winner": "Richard N. Ojeda II", "winner_votes": 173.0, "winner_share": 44.020356234096688, "runner_up": "Nigel W. Bristow", "runner_up_votes": 91.0, "runner_up_share": 23.155216284987276, "contest_votes": 393.0, "margin_of_victory": 20.865139949109412, "is_tie": false, "results": [ { "candidate": "Richard N. Ojeda II", "votes": 173, "share": 44.02035623409669 }, { "candidate": "Nigel W. Bristow", "votes": 91, "share": 23.155216284987276 }, { "candidate": "Lent C. Carr II", "votes": 67, "share": 17.048346055979643 }, { "candidate": "Loren Bibler", "votes": 62, "share": 15.776081424936386 } ], "participated": true, "map_key": "ALAMANCE_03SM" }, "geometry": { "type": "Polygon", "coordinates": [ [ [ -79.513721734293441, 36.080376671185554 ], [ -79.51479246645043, 36.076898208545785 ], [ -79.503551793882437, 36.071369219278097 ], [ -79.50511513010953, 36.070772100578445 ], [ -79.505373525887222, 36.068383568633323 ], [ -79.50864928176523, 36.067310142783541 ], [ -79.510549760286196, 36.06713573952586 ], [ -79.516785425935396, 36.069186755984873 ], [ -79.519684854797461, 36.068270842305282 ], [ -79.509480070784008, 36.060701494339426 ], [ -79.505838252048861, 36.059117700441178 ], [ -79.509436210187019, 36.049892294383191 ], [ -79.517047500207539, 36.045971579454623 ], [ -79.519376565110349, 36.042483770233737 ], [ -79.524430975875347, 36.039826248478384 ], [ -79.524659991625484, 36.04006200043225 ], [ -79.526330991522215, 36.041794000055532 ], [ -79.52785799097974, 36.042992000277536 ], [ -79.529446991653842, 36.045273999762536 ], [ -79.532050991513714, 36.045351999821897 ], [ -79.533340990836479, 36.044032000269986 ], [ -79.534838991337836, 36.043821000185147 ], [ -79.537481991139686, 36.044371999900427 ], [ -79.539411990983609, 36.045737999841045 ], [ -79.539404991591923, 36.046635000107869 ], [ -79.539399990760941, 36.047185000342409 ], [ -79.53939499166114, 36.047894999818766 ], [ -79.539386991490005, 36.048881999767595 ], [ -79.539162990731754, 36.081152000245382 ], [ -79.524069990808698, 36.080444000354234 ], [ -79.514388991363646, 36.080357999747086 ], [ -79.513721734293441, 36.080376671185554 ] ] ] } },
{ "type": "Feature", "properties": { "county": null, "precinct": null, "enr_desc": "East Chapel", "winner": null, "winner_votes": null, "winner_share": null, "runner_up": null, "runner_up_votes": null, "runner_up_share": null, "contest_votes": null, "margin_of_victory": null, "is_tie": false, "results": null, "participated": false, "map_key": null }, "geometry": { "type": "Polygon", "coordinates": [ [ [ -79.14796200092556, 35.821163000044884 ], [ -79.146878423129095, 35.821411429719774 ], [ -79.146826531987955, 35.821427570199511 ], [ -79.146695178414021, 35.821472551598269 ], [ -79.146439314018437, 35.821582343162838 ], [ -79.14628623711944, 35.821668556407083 ], [ -79.146228932418424, 35.821704040302848 ], [ -79.145912189395531, 35.82193705995423 ], [ -79.145843079860484, 35.82199807720383 ], [ -79.145493855154612, 35.822405192574159 ], [ -79.145083999982276, 35.823365999393943 ], [ -79.143876938862135, 35.827501779289491 ], [ -79.143543615349898, 35.828094948164889 ], [ -79.141108000599203, 35.831771000043119 ], [ -79.141046999536727, 35.83186100071341 ], [ -79.140861000508622, 35.832058000167386 ], [ -79.140509704451574, 35.83236291314627 ], [ -79.140249955859261, 35.832581449133187 ], [ -79.140072661690894, 35.832725943047052 ], [ -79.139918575110045, 35.83284858890007 ], [ -79.137899746045875, 35.834542322559308 ], [ -79.137851583118703, 35.83458927582231 ], [ -79.137813201967958, 35.834627372376644 ], [ -79.134400163647598, 35.839583997384551 ], [ -79.134333813984853, 35.839678125704609 ], [ -79.134105285117599, 35.839946571403303 ], [ -79.134053495645176, 35.83999734688134 ], [ -79.131998794259687, 35.841184245606925 ], [ -79.130866823096952, 35.841745427971325 ], [ -79.126059772093257, 35.843717052940491 ], [ -79.123157999323837, 35.844576999963216 ], [ -79.119197543988463, 35.845679848838955 ], [ -79.117968000165661, 35.846014999671794 ], [ -79.117781064223522, 35.846056156389288 ], [ -79.117750945842914, 35.846061857512169 ], [ -79.117451353336534, 35.846104135558143 ], [ -79.117301851879816, 35.846115282844629 ], [ -79.111327000485304, 35.846212999997064 ], [ -79.108927145660402, 35.846240282098194 ], [ -79.106164938136544, 35.846276195493964 ], [ -79.106058088728147, 35.846277189807971 ], [ -79.104168313129065, 35.846167020584268 ], [ -79.10322106837728, 35.846083039554159 ], [ -79.10061300008914, 35.846103000032429 ], [ -79.10012614603697, 35.846119789581813 ], [ -79.097172877678446, 35.846219169599664 ], [ -79.096781927746449, 35.846232332527904 ], [ -79.093061000748492, 35.846352000318248 ], [ -79.092695999171468, 35.846362000038432 ], [ -79.092365000060397, 35.846373000421096 ], [ -79.090857000437282, 35.846415999959042 ], [ -79.089511999592105, 35.833473000118275 ], [ -79.084511991565762, 35.816066999684345 ], [ -79.086059000171986, 35.813059999807471 ], [ -79.092144991579801, 35.809474000335832 ], [ -79.104480999831054, 35.811306000545045 ], [ -79.110343999460127, 35.813197000060129 ], [ -79.115649999170159, 35.815948000408817 ], [ -79.12110600009251, 35.815619000770489 ], [ -79.126719999672929, 35.817102000067926 ], [ -79.139631000202613, 35.817196999934147 ], [ -79.145222999914537, 35.818968999925481 ], [ -79.14796200092556, 35.821163000044884 ] ] ] } },
{ "type": "Feature", "properties": { "county": null, "precinct": null, "enr_desc": "West Chapel", "winner": null, "winner_votes": null, "winner_share": null, "runner_up": null, "runner_up_votes": null, "runner_up_share": null, "contest_votes": null, "margin_of_victory": null, "is_tie": false, "results": null, "participated": false, "map_key": null }, "geometry": { "type": "Polygon", "coordinates": [ [ [ -79.092365000060397, 35.846373000421096 ], [ -79.092695999171468, 35.846362000038432 ], [ -79.093061000748492, 35.846352000318248 ], [ -79.096781927746449, 35.846232332527904 ], [ -79.097172877678446, 35.846219169599664 ], [ -79.10012614603697, 35.846119789581813 ], [ -79.10061300008914, 35.846103000032429 ], [ -79.10322106837728, 35.846083039554159 ], [ -79.104168313129065, 35.846167020584268 ], [ -79.106058088728147, 35.846277189807971 ], [ -79.106164938136544, 35.846276195493964 ], [ -79.108927145660402, 35.846240282098194 ], [ -79.111327000485304, 35.846212999997064 ], [ -79.117301851879816, 35.846115282844629 ], [ -79.117451353336534, 35.846104135558143 ], [ -79.117750945842914, 35.846061857512169 ], [ -79.117781064223522, 35.846056156389288 ], [ -79.117968000165661, 35.846014999671794 ], [ -79.119197543988463, 35.845679848838955 ], [ -79.123157999323837, 35.844576999963216 ], [ -79.126059772093257, 35.843717052940491 ], [ -79.130866823096952, 35.841745427971325 ], [ -79.131998794259687, 35.841184245606925 ], [ -79.134053495645176, 35.83999734688134 ], [ -79.134105285117599, 35.839946571403303 ], [ -79.134333813984853, 35.839678125704609 ], [ -79.134400163647598, 35.839583997384551 ], [ -79.137813201967958, 35.834627372376644 ], [ -79.137851583118703, 35.83458927582231 ], [ -79.137899746045875, 35.834542322559308 ], [ -79.139918575110045, 35.83284858890007 ], [ -79.140072661690894, 35.832725943047052 ], [ -79.140249955859261, 35.832581449133187 ], [ -79.140509704451574, 35.83236291314627 ], [ -79.140861000508622, 35.832058000167386 ], [ -79.141046999536727, 35.83186100071341 ], [ -79.141108000599203, 35.831771000043119 ], [ -79.143543615349898, 35.828094948164889 ], [ -79.143876938862135, 35.827501779289491 ], [ -79.145083999982276, 35.823365999393943 ], [ -79.145493855154612, 35.822405192574159 ], [ -79.145843079860484, 35.82199807720383 ], [ -79.145912189395531, 35.82193705995423 ], [ -79.146228932418424, 35.821704040302848 ], [ -79.14628623711944, 35.821668556407083 ], [ -79.146439314018437, 35.821582343162838 ], [ -79.146695178414021, 35.821472551598269 ], [ -79.146826531987955, 35.821427570199511 ], [ -79.146878423129095, 35.821411429719774 ], [ -79.14796200092556, 35.821163000044884 ], [ -79.151627999797697, 35.819277000140694 ], [ -79.157778000130079, 35.807718000192835 ], [ -79.156037000330699, 35.805026999890956 ], [ -79.154103000157477, 35.803981000168207 ], [ -79.159692000199442, 35.803415000187478 ], [ -79.162006000069027, 35.800976000368102 ], [ -79.158763999882794, 35.795135000263969 ], [ -79.155695999584637, 35.792574999729858 ], [ -79.157686000025791, 35.792019000093276 ], [ -79.16099999982255, 35.787399999816472 ], [ -79.164297000130574, 35.785571000207419 ], [ -79.164979000021447, 35.783702000303933 ], [ -79.16268899974547, 35.781923000445964 ], [ -79.170944999499369, 35.785124000046828 ], [ -79.173813000066005, 35.788978000200181 ], [ -79.179638999477902, 35.793050000042292 ], [ -79.181294000460781, 35.795204999902886 ], [ -79.182062000491868, 35.802558999573975 ], [ -79.184728999524054, 35.809455000277055 ], [ -79.186179999869694, 35.81730200017077 ], [ -79.188546000384164, 35.820385000129754 ], [ -79.192707000405377, 35.820312000203245 ], [ -79.197425999983764, 35.818681000441607 ], [ -79.200628000161558, 35.818894000011767 ], [ -79.202810000106041, 35.820132000004229 ], [ -79.206300000165058, 35.82721200000779 ], [ -79.211042999500989, 35.832284999724294 ], [ -79.214663999783298, 35.833401000237544 ], [ -79.222337999753407, 35.832813999917967 ], [ -79.229312000409251, 35.833938000170477 ], [ -79.231530000434674, 35.835933000429037 ], [ -79.232894000039067, 35.839108000018712 ], [ -79.237315991063056, 35.844246999809513 ], [ -79.236969000288482, 35.85061200007253 ], [ -79.2400120000068, 35.852448999555826 ], [ -79.248377999867941, 35.854636000234329 ], [ -79.250393000440042, 35.856978000062448 ], [ -79.250774999504515, 35.86009899997007 ], [ -79.249427999928784, 35.862697000312011 ], [ -79.248927999812437, 35.866164000045664 ], [ -79.250953999763297, 35.871123000438445 ], [ -79.249404000112179, 35.875061000190243 ], [ -79.249538000009778, 35.876809999867973 ], [ -79.2219350004425, 35.874043999663591 ], [ -79.221534000475188, 35.875466999836405 ], [ -79.218816000457906, 35.875256999942046 ], [ -79.218814999752283, 35.873724999730996 ], [ -79.131833999764453, 35.865309000029391 ], [ -79.131789999657016, 35.864759999695707 ], [ -79.081937999994722, 35.860780000049736 ], [ -79.084881999924605, 35.85607000000671 ], [ -79.085989000422643, 35.851866999792122 ], [ -79.090018999711745, 35.848289999601853 ], [ -79.090856998223202, 35.846415999960655 ], [ -79.092365000060397, 35.846373000421096 ] ] ] } },
{ "type": "Feature", "properties": { "county": null, "precinct": null, "enr_desc": "East Pittsboro", "winner": null, "winner_votes": null, "winner_share": null, "runner_up": null, "runner_up_votes": null, "runner_up_share": null, "contest_votes": null, "margin_of_victory": null, "is_tie": false, "results": null, "participated": false, "map_key": null }, "geometry": { "type": "Polygon", "coordinates": [ [ [ -79.2108641026621, 35.80259303841099 ], [ -79.211249999858182, 35.803419000354147 ], [ -79.206137000192882, 35.806148000309598 ], [ -79.202196999856938, 35.803197999922254 ], [ -79.199276999690795, 35.803994999790305 ], [ -79.196706999685091, 35.803016000119328 ], [ -79.185996000077466, 35.802791999687223 ], [ -79.184323999926235, 35.800128000149051 ], [ -79.187177000202212, 35.797412000097921 ], [ -79.181666999841795, 35.794776000238578 ], [ -79.181294000460781, 35.795204999902886 ], [ -79.179638999477902, 35.793050000042292 ], [ -79.173813000066005, 35.788978000200181 ], [ -79.170944999499369, 35.785124000046828 ], [ -79.16268899974547, 35.781923000445964 ], [ -79.156626999894016, 35.780800000382648 ], [ -79.151775999955106, 35.778576999948314 ], [ -79.145446999937363, 35.771849999679333 ], [ -79.141813000182339, 35.769273999832954 ], [ -79.138838999937093, 35.768433999841882 ], [ -79.131644000044915, 35.762988000105651 ], [ -79.128689000472747, 35.756291999916883 ], [ -79.123929999662408, 35.750102000131399 ], [ -79.107075990868765, 35.731491000370987 ], [ -79.095694000317025, 35.72173799973244 ], [ -79.094655999666486, 35.717524000298958 ], [ -79.092837000001339, 35.714837000228357 ], [ -79.086479000124029, 35.71048700005813 ], [ -79.081699999553891, 35.698178999778662 ], [ -79.078455999843186, 35.683674000373543 ], [ -79.082413000040631, 35.68427099989426 ], [ -79.084217000282123, 35.682576999786725 ], [ -79.086043999753841, 35.683530000416894 ], [ -79.088182000447262, 35.683036999837597 ], [ -79.089756000222536, 35.683550999627549 ], [ -79.096176999847444, 35.681712000368591 ], [ -79.100000000181609, 35.678083000393521 ], [ -79.104231999670688, 35.676401000255879 ], [ -79.102785000476217, 35.674859000079039 ], [ -79.103601999682667, 35.672843999988103 ], [ -79.108304999800637, 35.667956999598346 ], [ -79.110563000219457, 35.664085000248299 ], [ -79.115763999658597, 35.661034000292695 ], [ -79.121787999681402, 35.663406000252728 ], [ -79.133395999849725, 35.663615999620724 ], [ -79.135905999790722, 35.662859000430686 ], [ -79.139438999768146, 35.666926000377735 ], [ -79.140194999639945, 35.671816999988621 ], [ -79.144587000080193, 35.678906999931087 ], [ -79.151047000509294, 35.673502999642835 ], [ -79.157137999729628, 35.670713999934001 ], [ -79.159591000410799, 35.670606999862322 ], [ -79.164617999692382, 35.674614000008987 ], [ -79.171031000137432, 35.676681999828048 ], [ -79.173109000171891, 35.676079999673057 ], [ -79.178569000190095, 35.67123199993523 ], [ -79.177144000365118, 35.683020000123442 ], [ -79.179979000297138, 35.699570999647463 ], [ -79.179387000061141, 35.705074999839297 ], [ -79.178251999510451, 35.707947000376613 ], [ -79.17887499905909, 35.717496000167671 ], [ -79.177159999381018, 35.720784999818086 ], [ -79.176872999900255, 35.726092999455467 ], [ -79.175227999219345, 35.729264000158871 ], [ -79.17457899966756, 35.734171999277216 ], [ -79.168993999742113, 35.741355000264356 ], [ -79.167350999092335, 35.745963999106593 ], [ -79.167249713455391, 35.748668685080361 ], [ -79.174320906933218, 35.751014909147514 ], [ -79.182896942716496, 35.752637203646216 ], [ -79.188724649954466, 35.75240586785182 ], [ -79.190690647770452, 35.755083451038232 ], [ -79.190866683003804, 35.759897368755134 ], [ -79.195620680338138, 35.762690006954564 ], [ -79.201560999929754, 35.762281000422597 ], [ -79.203044132507614, 35.763223711031955 ], [ -79.206426285798855, 35.768383189866071 ], [ -79.208178063573797, 35.779822130744357 ], [ -79.210586219380687, 35.78737780113098 ], [ -79.210087000189475, 35.791920999981677 ], [ -79.211651119266676, 35.794898109253921 ], [ -79.2108641026621, 35.80259303841099 ] ] ] } },
{ "type": "Feature", "properties": { "county": null, "precinct": null, "enr_desc": "West Pittsboro", "winner": null, "winner_votes": null, "winner_share": null, "runner_up": null, "runner_up_votes": null, "runner_up_share": null, "contest_votes": null, "margin_of_victory": null, "is_tie": false, "results": null, "participated": false, "map_key": null }, "geometry": { "type": "Polygon", "coordinates": [ [ [ -79.178569000190095, 35.67123199993523 ], [ -79.178385991285722, 35.667608999681676 ], [ -79.181231999802975, 35.66435100024708 ], [ -79.190505999611133, 35.659794000111496 ], [ -79.202087000414252, 35.649310999942308 ], [ -79.209058000379102, 35.649325000304749 ], [ -79.218943000114564, 35.653657000056441 ], [ -79.219782999807862, 35.657326999904292 ], [ -79.222178999986994, 35.660814999988041 ], [ -79.23425100004539, 35.661019999793218 ], [ -79.236914000549788, 35.662172000298334 ], [ -79.239622000157013, 35.66216699972901 ], [ -79.239460999545585, 35.659519000377209 ], [ -79.242313000394404, 35.656883000073407 ], [ -79.245475000347355, 35.656282000110288 ], [ -79.247949000418942, 35.654550999812386 ], [ -79.251836000096731, 35.654130000064185 ], [ -79.254352991508114, 35.659386000076459 ], [ -79.252839000297456, 35.661637999701746 ], [ -79.254976000443847, 35.663321000273143 ], [ -79.256559000343984, 35.668634000441685 ], [ -79.254165999767011, 35.669760000067157 ], [ -79.25686199962233, 35.671942000417651 ], [ -79.257477000375019, 35.676432000152289 ], [ -79.250866000450799, 35.678347999660183 ], [ -79.250550999706846, 35.682709000260033 ], [ -79.249615000332909, 35.684370000276786 ], [ -79.250276999835876, 35.685614999688042 ], [ -79.249240000186006, 35.687438999882673 ], [ -79.250036000095406, 35.688300000001938 ], [ -79.247637999529132, 35.688689000153758 ], [ -79.246788000229628, 35.689884999729991 ], [ -79.244155999858791, 35.691017999809084 ], [ -79.243175999607118, 35.695841000146309 ], [ -79.241096000378917, 35.699660000294855 ], [ -79.244787000063653, 35.705011999601957 ], [ -79.241476999656797, 35.709825000040865 ], [ -79.241320000202251, 35.711885000085999 ], [ -79.239487000086939, 35.711385000382279 ], [ -79.238114000508162, 35.712350000064369 ], [ -79.239332999916698, 35.715211999560289 ], [ -79.238284000350731, 35.718568000255786 ], [ -79.238775999820021, 35.720017999755633 ], [ -79.237631999599017, 35.722586000325698 ], [ -79.240430000048946, 35.723175000011032 ], [ -79.242860000252577, 35.72525000038538 ], [ -79.245049000367302, 35.724837999880656 ], [ -79.252418999959019, 35.738812000227732 ], [ -79.25843200004033, 35.736312000093008 ], [ -79.259564000217267, 35.737011999628962 ], [ -79.262445000236653, 35.736442000196035 ], [ -79.265808999693135, 35.737697000222973 ], [ -79.267373999530008, 35.737374000389657 ], [ -79.269960999802862, 35.740077999964534 ], [ -79.275899999713275, 35.743356999817784 ], [ -79.275609000487449, 35.744439000205631 ], [ -79.277197999736231, 35.747070999789862 ], [ -79.277769000207741, 35.750534999986037 ], [ -79.283560000255491, 35.75204200034625 ], [ -79.285891000481087, 35.758725999904343 ], [ -79.285960000113207, 35.762727000061687 ], [ -79.287369000379954, 35.765363999607516 ], [ -79.287232991343842, 35.770048000021745 ], [ -79.287701999725812, 35.775132000312418 ], [ -79.284500999684212, 35.77450500035193 ], [ -79.280307000373696, 35.775829000292198 ], [ -79.278721999473262, 35.777529999850373 ], [ -79.274649000050402, 35.777612000305453 ], [ -79.270460999954608, 35.779730999691438 ], [ -79.269402000495148, 35.778241999798396 ], [ -79.267561000380923, 35.780740999860285 ], [ -79.262608999938919, 35.784518999798159 ], [ -79.256402999596816, 35.78603899995742 ], [ -79.253191000416138, 35.788921999610999 ], [ -79.244437999854654, 35.790120000162069 ], [ -79.241270000481762, 35.792554999985889 ], [ -79.241480000341866, 35.793362000099499 ], [ -79.233420999929592, 35.794756000432884 ], [ -79.229523999798189, 35.79839999982206 ], [ -79.226051999600898, 35.798532999738718 ], [ -79.224296999566462, 35.796753999674152 ], [ -79.221666999749999, 35.798365000404992 ], [ -79.222018000170706, 35.799500999923772 ], [ -79.218755000174852, 35.800254999908837 ], [ -79.217932000534063, 35.80156800006818 ], [ -79.216582999857792, 35.800992000440701 ], [ -79.214478999612268, 35.802608000271348 ], [ -79.211249999858182, 35.803419000354147 ], [ -79.2108641026621, 35.80259303841099 ], [ -79.211651119266676, 35.794898109253921 ], [ -79.210087000189475, 35.791920999981677 ], [ -79.210586219380687, 35.78737780113098 ], [ -79.208178063573797, 35.779822130744357 ], [ -79.206426285798855, 35.768383189866071 ], [ -79.203044132507614, 35.763223711031955 ], [ -79.201560999929754, 35.762281000422597 ], [ -79.195620680338138, 35.762690006954564 ], [ -79.190866683003804, 35.759897368755134 ], [ -79.190690647770452, 35.755083451038232 ], [ -79.188724649954466, 35.75240586785182 ], [ -79.182896942716496, 35.752637203646216 ], [ -79.174320906933218, 35.751014909147514 ], [ -79.167249713455391, 35.748668685080361 ], [ -79.167350999092335, 35.745963999106593 ], [ -79.168993999742113, 35.741355000264356 ], [ -79.17457899966756, 35.734171999277216 ], [ -79.175227999219345, 35.729264000158871 ], [ -79.176872999900255, 35.726092999455467 ], [ -79.177159999381018, 35.720784999818086 ], [ -79.17887499905909, 35.717496000167671 ], [ -79.178251999510451, 35.707947000376613 ], [ -79.179387000061141, 35.705074999839297 ], [ -79.179979000297138, 35.699570999647463 ], [ -79.177144000365118, 35.683020000123442 ], [ -79.178569000190095, 35.67123199993523 ] ] ] } },
{ "type": "Feature", "properties": { "county": null, "precinct": null, "enr_desc": "Alderman3", "winner": null, "winner_votes": null, "winner_share": null, "runner_up": null, "runner_up_votes": null, "runner_up_share": null, "contest_votes": null, "margin_of_victory": null, "is_tie": false, "results": null, "participated": false, "map_key": null }, "geometry": { "type": "Polygon", "coordinates": [ [ [ -78.923216991373167, 34.87758200027816 ], [ -78.912169991747774, 34.880396000263282 ], [ -78.905228991549819, 34.875199000132177 ], [ -78.901136991778131, 34.874238000256838 ], [ -78.896420991763563, 34.874035000024847 ], [ -78.894132991460168, 34.875887000178651 ], [ -78.8914189910017, 34.875540000218955 ], [ -78.880238991766703, 34.878417000271348 ], [ -78.87457299181807, 34.87723199954285 ], [ -78.864955990986232, 34.873535000197201 ], [ -78.863693991546441, 34.874932000203422 ], [ -78.862313991512764, 34.872668000415857 ], [ -78.862647991670755, 34.87040800031253 ], [ -78.863692991068731, 34.870027999562978 ], [ -78.863771991348358, 34.869170000170556 ], [ -78.861814990982097, 34.869240999598965 ], [ -78.860211991532552, 34.867349999763661 ], [ -78.85833499097707, 34.866887000156957 ], [ -78.85632699140622, 34.864269000079965 ], [ -78.855017991798363, 34.863745000169345 ], [ -78.853656991114619, 34.861757000118544 ], [ -78.851480990740896, 34.860896000106045 ], [ -78.849653991319173, 34.858630999864388 ], [ -78.850267991013766, 34.867029999727194 ], [ -78.847415991224977, 34.878375000027468 ], [ -78.848946991041771, 34.888196000119265 ], [ -78.842795991435182, 34.887520999793495 ], [ -78.837463991671044, 34.889066999892584 ], [ -78.834130991360837, 34.893155000399418 ], [ -78.827219991153015, 34.895631999573638 ], [ -78.828733991586219, 34.901279999869018 ], [ -78.827058991747094, 34.903797999851754 ], [ -78.825901991090561, 34.9037899998266 ], [ -78.824490991237539, 34.902910999555175 ], [ -78.823710991697283, 34.899971000207202 ], [ -78.823215991077959, 34.899834999823248 ], [ -78.823070991343201, 34.89952599967237 ], [ -78.823209990899727, 34.899405999788762 ], [ -78.820627991045342, 34.893476999979214 ], [ -78.818434991101327, 34.892219000038438 ], [ -78.816710991817757, 34.892398999820394 ], [ -78.815392991411997, 34.883047000347773 ], [ -78.815554991211627, 34.882068999752448 ], [ -78.817770991109811, 34.875086999934773 ], [ -78.818546991158129, 34.873103000086395 ], [ -78.822069991626449, 34.867330000103458 ], [ -78.826151991626105, 34.858002999575518 ], [ -78.826330991101031, 34.850693000417785 ], [ -78.904219991621261, 34.834862000377825 ], [ -78.906168990776678, 34.838333000104953 ], [ -78.9168569913749, 34.84997199964355 ], [ -78.921651990788959, 34.856763000115549 ], [ -78.921546991030382, 34.85765400001344 ], [ -78.927082990817809, 34.864087999775109 ], [ -78.926291991589068, 34.86636299986769 ], [ -78.923073991589774, 34.868088000183846 ], [ -78.921651991388103, 34.870307000075194 ], [ -78.923216991373167, 34.87758200027816 ] ] ] } },
{ "type": "Feature", "properties": { "county": null, "precinct": null, "enr_desc": "Alderman1", "winner": null, "winner_votes": null, "winner_share": null, "runner_up": null, "runner_up_votes": null, "runner_up_share": null, "contest_votes": null, "margin_of_victory": null, "is_tie": false, "results": null, "participated": false, "map_key": null }, "geometry": { "type": "Polygon", "coordinates": [ [ [ -78.857635991639, 34.924862999920869 ], [ -78.857302991133707, 34.910545000110652 ], [ -78.854782991084306, 34.904993999608315 ], [ -78.867803991479263, 34.901216999760976 ], [ -78.870320991058179, 34.901520999883452 ], [ -78.871649991341002, 34.903322999808807 ], [ -78.888964990730457, 34.897296999650656 ], [ -78.893402991642319, 34.898341999590663 ], [ -78.89976899106847, 34.898399999924116 ], [ -78.90545999099713, 34.91179899955214 ], [ -78.908645990871108, 34.916070000417712 ], [ -78.896303991129017, 34.92783200002588 ], [ -78.894408991369147, 34.927731999912695 ], [ -78.889534991359156, 34.925378999959605 ], [ -78.886786991207728, 34.922860000116643 ], [ -78.883353991121112, 34.922575999881147 ], [ -78.883065990884916, 34.922869999644682 ], [ -78.883055990785152, 34.923631000104834 ], [ -78.881795991287518, 34.923544999740713 ], [ -78.881166990823303, 34.922569999630582 ], [ -78.881019991733694, 34.923165000419338 ], [ -78.881260991694901, 34.923210000049551 ], [ -78.880248990949909, 34.924425000128267 ], [ -78.879670991661882, 34.923613999735593 ], [ -78.878280991804928, 34.923954000414355 ], [ -78.877471991774826, 34.922954999606482 ], [ -78.87738799179948, 34.922798999595891 ], [ -78.875245991164547, 34.923783999706806 ], [ -78.874502991415469, 34.923787000221431 ], [ -78.868560991403072, 34.924799999716363 ], [ -78.865355991643369, 34.924025999540426 ], [ -78.861257991666093, 34.925851999595672 ], [ -78.860030991331442, 34.925465000403086 ], [ -78.859285991480832, 34.92636200018697 ], [ -78.857486991702473, 34.9261849999546 ], [ -78.858178991206699, 34.924900000097047 ], [ -78.857635991639, 34.924862999920869 ] ] ] } },
{ "type": "Feature", "properties": { "county": null, "precinct": null, "enr_desc": "Alderman2", "winner": null, "winner_votes": null, "winner_share": null, "runner_up": null, "runner_up_votes": null, "runner_up_share": null, "contest_votes": null, "margin_of_victory": null, "is_tie": false, "results": null, "participated": false, "map_key": null }, "geometry": { "type": "Polygon", "coordinates": [ [ [ -78.828733991586219, 34.901279999869018 ], [ -78.827219991153015, 34.895631999573638 ], [ -78.834130991360837, 34.893155000399418 ], [ -78.837463991671044, 34.889066999892584 ], [ -78.842795991435182, 34.887520999793495 ], [ -78.848946991041771, 34.888196000119265 ], [ -78.847415991224977, 34.878375000027468 ], [ -78.850267991013766, 34.867029999727194 ], [ -78.849653991319173, 34.858630999864388 ], [ -78.851480990740896, 34.860896000106045 ], [ -78.853656991114619, 34.861757000118544 ], [ -78.855017991798363, 34.863745000169345 ], [ -78.85632699140622, 34.864269000079965 ], [ -78.85833499097707, 34.866887000156957 ], [ -78.860211991532552, 34.867349999763661 ], [ -78.861814990982097, 34.869240999598965 ], [ -78.863771991348358, 34.869170000170556 ], [ -78.863692991068731, 34.870027999562978 ], [ -78.862647991670755, 34.87040800031253 ], [ -78.862313991512764, 34.872668000415857 ], [ -78.863693991546441, 34.874932000203422 ], [ -78.864955990986232, 34.873535000197201 ], [ -78.87457299181807, 34.87723199954285 ], [ -78.880238991766703, 34.878417000271348 ], [ -78.8914189910017, 34.875540000218955 ], [ -78.894132991460168, 34.875887000178651 ], [ -78.896420991763563, 34.874035000024847 ], [ -78.901136991778131, 34.874238000256838 ], [ -78.905228991549819, 34.875199000132177 ], [ -78.912169991747774, 34.880396000263282 ], [ -78.923216991373167, 34.87758200027816 ], [ -78.925465991765989, 34.88137700032172 ], [ -78.926656991176912, 34.886784999929525 ], [ -78.932883990896357, 34.8929790000293 ], [ -78.908645990871108, 34.916070000417712 ], [ -78.90545999099713, 34.91179899955214 ], [ -78.89976899106847, 34.898399999924116 ], [ -78.893402991642319, 34.898341999590663 ], [ -78.888964990730457, 34.897296999650656 ], [ -78.871649991341002, 34.903322999808807 ], [ -78.870320991058179, 34.901520999883452 ], [ -78.867803991479263, 34.901216999760976 ], [ -78.854782991084306, 34.904993999608315 ], [ -78.857302991133707, 34.910545000110652 ], [ -78.857635991639, 34.924862999920869 ], [ -78.844939990874039, 34.925461999587363 ], [ -78.842879991783619, 34.924388000244022 ], [ -78.840768990930556, 34.920295999729063 ], [ -78.836376990949773, 34.915754999936318 ], [ -78.836217991016696, 34.915387000356866 ], [ -78.834595991191307, 34.912678000424862 ], [ -78.836203991028924, 34.91098500031304 ], [ -78.833247990825456, 34.904113999759439 ], [ -78.835344991713157, 34.894017000194758 ], [ -78.834166991304841, 34.89431699960285 ], [ -78.834411991767183, 34.895880999861149 ], [ -78.831326991628373, 34.897785000230385 ], [ -78.831084991169732, 34.897653000170813 ], [ -78.830101991502687, 34.896937999657197 ], [ -78.828275991417399, 34.897775000245332 ], [ -78.829064991591395, 34.899388999848796 ], [ -78.828733991586219, 34.901279999869018 ] ] ] } },
{ "type": "Feature", "properties": { "county": null, "precinct": null, "enr_desc": "Pearces Mill 2C", "winner": null, "winner_votes": null, "winner_share": null, "runner_up": null, "runner_up_votes": null, "runner_up_share": null, "contest_votes": null, "margin_of_victory": null, "is_tie": false, "results": null, "participated": false, "map_key": null }, "geometry": { "type": "Polygon", "coordinates": [ [ [ -78.895512990800654, 35.020160000375903 ], [ -78.897483990741264, 35.009450000156917 ], [ -78.898911991493392, 35.006056999653957 ], [ -78.89945799139565, 35.000280000167542 ], [ -78.901914990911109, 35.001146000054092 ], [ -78.905345991387804, 35.000537000436751 ], [ -78.916175991707007, 35.003701000183973 ], [ -78.918347991711244, 35.001166000370958 ], [ -78.926077991443321, 34.986985999811878 ], [ -78.930985990776875, 34.983539999592359 ], [ -78.931779991289503, 34.983396999702535 ], [ -78.931706991421095, 34.98422899956244 ], [ -78.935848991762697, 34.988328999764896 ], [ -78.94038099119696, 34.990129999817228 ], [ -78.942757991190433, 34.98729100023143 ], [ -78.95396999170714, 34.987142999896541 ], [ -78.954610991613322, 34.98844000024927 ], [ -78.944647990971959, 34.99293499978603 ], [ -78.93836399083564, 34.999534000418393 ], [ -78.936714991112098, 35.000331000347821 ], [ -78.934650991425769, 34.999773000105478 ], [ -78.923409990892438, 35.017082999756902 ], [ -78.919025991128223, 35.020776000158698 ], [ -78.91141599177864, 35.017772000243085 ], [ -78.903510991134937, 35.018338000245627 ], [ -78.895512990800654, 35.020160000375903 ] ] ] } },
{ "type": "Feature", "properties": { "county": null, "precinct": null, "enr_desc": "Hope Mills 3A", "winner": null, "winner_votes": null, "winner_share": null, "runner_up": null, "runner_up_votes": null, "runner_up_share": null, "contest_votes": null, "margin_of_victory": null, "is_tie": false, "results": null, "participated": false, "map_key": null }, "geometry": { "type": "Polygon", "coordinates": [ [ [ -78.930985990776875, 34.983539999592359 ], [ -78.923013991037109, 34.976730000360618 ], [ -78.922735990781646, 34.976308000171535 ], [ -78.922353991646034, 34.975651000043818 ], [ -78.921748991637656, 34.974720999636759 ], [ -78.915533991127248, 34.970277999662713 ], [ -78.916016991301206, 34.968349999833542 ], [ -78.914590991504653, 34.968249000273588 ], [ -78.917620991786023, 34.962360000093128 ], [ -78.920165991587581, 34.959678999795187 ], [ -78.920223991826106, 34.95971799980655 ], [ -78.920336991638592, 34.959783000037184 ], [ -78.924399991544519, 34.960434000195377 ], [ -78.930639991026013, 34.958884999757167 ], [ -78.932603990766211, 34.958532999607563 ], [ -78.939812991758942, 34.957887999984486 ], [ -78.939931991497929, 34.957917999709217 ], [ -78.940163990814796, 34.957899999559068 ], [ -78.940268991584645, 34.957856000165314 ], [ -78.941482990876622, 34.957075000112461 ], [ -78.943263991364901, 34.960558999837986 ], [ -78.944405990932836, 34.959718999717069 ], [ -78.945475991070552, 34.960135999602755 ], [ -78.945760990879322, 34.961127000283447 ], [ -78.94666999110612, 34.960891000083841 ], [ -78.946674991264743, 34.960649000176744 ], [ -78.946484991037096, 34.959744000261125 ], [ -78.948445991298684, 34.959912000403889 ], [ -78.949096991444918, 34.960701999956825 ], [ -78.950118991379128, 34.960269999920897 ], [ -78.95124899078084, 34.961134999898228 ], [ -78.950675991521408, 34.96173499962697 ], [ -78.948258990821017, 34.965584999641699 ], [ -78.949065990961032, 34.976986000180631 ], [ -78.945802991533114, 34.982125000012452 ], [ -78.945670991424379, 34.982919999943078 ], [ -78.948197991490929, 34.982821000220646 ], [ -78.949362991022952, 34.983885000200161 ], [ -78.949676991078249, 34.983971000438586 ], [ -78.951378991698249, 34.984355999639412 ], [ -78.95396999170714, 34.987142999896541 ], [ -78.942757991190433, 34.98729100023143 ], [ -78.94038099119696, 34.990129999817228 ], [ -78.935848991762697, 34.988328999764896 ], [ -78.931706991421095, 34.98422899956244 ], [ -78.931779991289503, 34.983396999702535 ], [ -78.930985990776875, 34.983539999592359 ] ] ] } },
{ "type": "Feature", "properties": { "county": "CHATHAM", "precinct": "42", "enr_desc": "Jordan Lake", "winner": "Richard N. Ojeda II", "winner_votes": 112.0, "winner_share": 37.458193979933107, "runner_up": "Lent C. Carr II", "runner_up_votes": 77.0, "runner_up_share": 25.752508361204011, "contest_votes": 299.0, "margin_of_victory": 11.705685618729095, "is_tie": false, "results": [ { "candidate": "Richard N. Ojeda II", "votes": 112, "share": 37.45819397993311 }, { "candidate": "Lent C. Carr II", "votes": 77, "share": 25.75250836120401 }, { "candidate": "Nigel W. Bristow", "votes": 61, "share": 20.401337792642142 }, { "candidate": "Loren Bibler", "votes": 49, "share": 16.387959866220736 } ], "participated": true, "map_key": "CHATHAM_42" }, "geometry": { "type": "Polygon", "coordinates": [ [ [ -78.968950991679677, 35.681931000397363 ], [ -78.979955991521763, 35.686635000066616 ], [ -78.98564599136742, 35.686074999908243 ], [ -78.99361399092642, 35.691823999762036 ], [ -79.004040991104333, 35.691209999663869 ], [ -79.008524990794413, 35.695141999860411 ], [ -79.02558899097086, 35.701093999903669 ], [ -79.038460991327355, 35.700209000072334 ], [ -79.05097899129548, 35.694600999771239 ], [ -79.055202991064334, 35.691489000264333 ], [ -79.055611991570146, 35.689505999786867 ], [ -79.053030990943242, 35.687032000292945 ], [ -79.057306990884484, 35.684647000133417 ], [ -79.058956991423017, 35.679848999997787 ], [ -79.062000990664629, 35.679568000325524 ], [ -79.064900991121362, 35.680357999676552 ], [ -79.06639399133546, 35.679479999785336 ], [ -79.066745990731917, 35.677547000164154 ], [ -79.065126991415823, 35.674798999624976 ], [ -79.066258991680186, 35.665499999929004 ], [ -79.069163991259188, 35.660479999920938 ], [ -79.071803991009972, 35.658958000048131 ], [ -79.073702991163415, 35.659202000112963 ], [ -79.07448199149475, 35.660265999831125 ], [ -79.078455991004674, 35.683674000379277 ], [ -79.081699990713872, 35.698178999784609 ], [ -79.08647899128259, 35.710487000064425 ], [ -79.092836991159501, 35.714837000235107 ], [ -79.094655990824307, 35.717524000305865 ], [ -79.095693991474434, 35.721737999739389 ], [ -79.107075990868765, 35.731491000370987 ], [ -79.096403991571393, 35.735328999908035 ], [ -79.083628990804044, 35.736949000277576 ], [ -79.076486991718625, 35.737395999860908 ], [ -79.065632991069165, 35.739536999818519 ], [ -79.028403991305481, 35.737556999730927 ], [ -79.026780990635018, 35.770694000299308 ], [ -79.022375991352831, 35.787795999903508 ], [ -79.021578991608735, 35.789237999918811 ], [ -79.010072991198285, 35.789351000238696 ], [ -78.995220990966729, 35.789460000257421 ], [ -78.982048991094373, 35.795158000236732 ], [ -78.976628991125096, 35.795356999983738 ], [ -78.969666991100155, 35.790781999854502 ], [ -78.96383699080188, 35.790345000243754 ], [ -78.962412991311055, 35.784490999816818 ], [ -78.953312991080281, 35.786100999583574 ], [ -78.950198991151069, 35.789488999935251 ], [ -78.943734990845172, 35.793935999938462 ], [ -78.935989991069022, 35.794774000416638 ], [ -78.930890991595859, 35.794376999858002 ], [ -78.936270991671989, 35.77189800013646 ], [ -78.953246991435876, 35.723358000446616 ], [ -78.968950991679677, 35.681931000397363 ] ] ] } }
]
}
