{
"type": "FeatureCollection",
"name": "watauga_county_board_of_commissioners_district_02_dem_focus_mask",
"crs": { "type": "name", "properties": { "name": "urn:ogc:def:crs:OGC:1.3:CRS84" } },
"features": [
{ "type": "Feature", "properties": { }, "geometry": { "type": "Polygon", "coordinates": [ [ [ -81.918118685875243, 36.287128951555907 ], [ -81.918115428684075, 36.287132666828541 ], [ -81.918063645436973, 36.287185973379643 ], [ -81.918051630534393, 36.287199517882691 ], [ -81.91804088976221, 36.287214093453329 ], [ -81.914418996224924, 36.292625992472679 ], [ -81.908169780380831, 36.301961833360124 ], [ -81.908166844823356, 36.301965776075107 ], [ -81.908162057620004, 36.301966891953619 ], [ -81.9078981240947, 36.302014614352778 ], [ -81.907893843337462, 36.302015292905047 ], [ -81.907500140862936, 36.302068980125533 ], [ -81.907323762899935, 36.302092761468131 ], [ -81.907320212675629, 36.302093175682607 ], [ -81.907275263450515, 36.302097607257501 ], [ -81.90725131421064, 36.302101446321423 ], [ -81.907228005814375, 36.302108156251791 ], [ -81.907226337911325, 36.302108748075064 ], [ -81.907213398636031, 36.30211237999535 ], [ -81.907092711982969, 36.302137640040442 ], [ -81.907089276557429, 36.302138390668212 ], [ -81.907001923526096, 36.302158283160608 ], [ -81.906978478293482, 36.302165152605035 ], [ -81.90687106705235, 36.302203891257207 ], [ -81.906864953584474, 36.302206209737207 ], [ -81.906774245764581, 36.302242316647131 ], [ -81.906756149023025, 36.302250585370707 ], [ -81.906692698836324, 36.302283485531007 ], [ -81.90667576801161, 36.30229334551435 ], [ -81.906671445194817, 36.302296155225264 ], [ -81.90665699532066, 36.30230648816584 ], [ -81.906585579495314, 36.302362512515465 ], [ -81.906571384734448, 36.302374765302325 ], [ -81.906558399896454, 36.302388293643105 ], [ -81.906546739125218, 36.302402978616236 ], [ -81.906536504925313, 36.302418691132722 ], [ -81.906527787261027, 36.302435293070893 ], [ -81.906516633862623, 36.30245919312042 ], [ -81.906509461382683, 36.302476673127607 ], [ -81.906503970429966, 36.302494751970436 ], [ -81.906500210010549, 36.302513268297439 ], [ -81.906498213685708, 36.302532056852648 ], [ -81.906497999272403, 36.302550949950508 ], [ -81.906499568684254, 36.302569778972419 ], [ -81.90650644308532, 36.302622192815335 ], [ -81.906510930305132, 36.302645539695341 ], [ -81.906547602867974, 36.302789549800586 ], [ -81.906548673740645, 36.302795025623467 ], [ -81.906548496454164, 36.302800602358381 ], [ -81.90654038265572, 36.302892559998845 ], [ -81.906539798103836, 36.302896943289348 ], [ -81.906537723008668, 36.302900838391778 ], [ -81.906490516115298, 36.302980726037568 ], [ -81.906487798538691, 36.302984843815167 ], [ -81.906484322189982, 36.302988344717129 ], [ -81.906423039187587, 36.303044221180407 ], [ -81.906419887004091, 36.30304686567839 ], [ -81.906416527641568, 36.303049241454865 ], [ -81.906320935709232, 36.303111094917725 ], [ -81.906314920374214, 36.303114694440048 ], [ -81.906175735807736, 36.303191486176345 ], [ -81.906170157773886, 36.303194339495697 ], [ -81.906027805130165, 36.303261615152529 ], [ -81.905924936187006, 36.303309102510461 ], [ -81.905921001907359, 36.303310816752969 ], [ -81.905713243602989, 36.303396075485566 ], [ -81.905708695760865, 36.303397813672923 ], [ -81.905493769006469, 36.303474015090302 ], [ -81.905488159522321, 36.303475819667327 ], [ -81.905227543023059, 36.303551261192204 ], [ -81.905222402936289, 36.30355260219779 ], [ -81.905067771569534, 36.303588585460218 ], [ -81.905064195926414, 36.303589348893055 ], [ -81.905031358572955, 36.303595734584576 ], [ -81.905028628609926, 36.303596285217765 ], [ -81.904830871081529, 36.303637607807531 ], [ -81.904827097648649, 36.303638320951968 ], [ -81.904563892236382, 36.303682847506806 ], [ -81.904419589232887, 36.303705905052517 ], [ -81.904418385916557, 36.303706089714872 ], [ -81.904226704757789, 36.303734306564799 ], [ -81.90421731516301, 36.303735918130329 ], [ -81.904121549281967, 36.303754713105178 ], [ -81.904108533475195, 36.303757722259455 ], [ -81.904032720638128, 36.303777939188258 ], [ -81.904017450290539, 36.303782672617047 ], [ -81.903849622444142, 36.30384214557192 ], [ -81.903829801970616, 36.303850391653633 ], [ -81.903810979509018, 36.3038607146364 ], [ -81.90379337191716, 36.303872995586815 ], [ -81.903712532706706, 36.303936089310611 ], [ -81.903696753046859, 36.303949790019907 ], [ -81.903682489126112, 36.30396506246781 ], [ -81.90364821625684, 36.304005835454738 ], [ -81.903638503856442, 36.30401836648636 ], [ -81.903629814542512, 36.304031627455352 ], [ -81.903567752674292, 36.304135065097206 ], [ -81.90355898366758, 36.304151341170069 ], [ -81.903531158171475, 36.304209248375379 ], [ -81.903522139762885, 36.304231290307747 ], [ -81.903469816529153, 36.304384651122007 ], [ -81.903465575259219, 36.304395108827919 ], [ -81.90343470295123, 36.304460381550122 ], [ -81.903430996108, 36.304467470241711 ], [ -81.903388109420433, 36.304542054552471 ], [ -81.903385786000996, 36.30454589323692 ], [ -81.90334596787325, 36.304608465644762 ], [ -81.903343960275251, 36.304611497348212 ], [ -81.90327530230465, 36.304711192382271 ], [ -81.903268143178792, 36.304720389334648 ], [ -81.903209001783296, 36.304787846959016 ], [ -81.903206997763405, 36.304790168443979 ], [ -81.903193612674883, 36.304805916418537 ], [ -81.903188129941995, 36.304811861835041 ], [ -81.903084052777189, 36.304915938769724 ], [ -81.903079813530709, 36.304919937798282 ], [ -81.902948427146015, 36.305036832969712 ], [ -81.90294341893599, 36.305041004408061 ], [ -81.902786619009262, 36.30516317324156 ], [ -81.902779118021087, 36.305168481995175 ], [ -81.902643919618768, 36.30525512349157 ], [ -81.902637939284133, 36.30525866884787 ], [ -81.902506334520353, 36.30533062573673 ], [ -81.902497434578351, 36.305334934402303 ], [ -81.902331840043786, 36.305405215132893 ], [ -81.90232811239099, 36.305406709587665 ], [ -81.902106299750685, 36.30549050635998 ], [ -81.902103670305053, 36.305491457920368 ], [ -81.901795188049121, 36.305598239338096 ], [ -81.901790761135103, 36.305599657371353 ], [ -81.901638358181259, 36.305644596868838 ], [ -81.901635614201282, 36.305645363677101 ], [ -81.901480642405076, 36.305686299736024 ], [ -81.901475304376305, 36.305687554257418 ], [ -81.901320121265442, 36.305719561289052 ], [ -81.901315844752702, 36.305720346804911 ], [ -81.901101705629543, 36.305754885112734 ], [ -81.900941562319389, 36.30577952746529 ], [ -81.900922601309773, 36.305783392286251 ], [ -81.900781176485225, 36.305819424373716 ], [ -81.900768919470693, 36.305822967170059 ], [ -81.900641336752358, 36.305864296776889 ], [ -81.9006249138166, 36.305870424330671 ], [ -81.900555483416227, 36.305899856677904 ], [ -81.900541276869077, 36.305906548624684 ], [ -81.900527639153651, 36.305914334564044 ], [ -81.900407488708566, 36.305989332889389 ], [ -81.900392390123216, 36.305999749059488 ], [ -81.900378309351012, 36.306011504727607 ], [ -81.900365364833718, 36.306024501009809 ], [ -81.900228671573217, 36.306174949980395 ], [ -81.900221538655202, 36.306183245695301 ], [ -81.900103682497871, 36.306328150537752 ], [ -81.900102282067309, 36.306329834366196 ], [ -81.899996249429705, 36.306454521243417 ], [ -81.899993762423605, 36.306457503989222 ], [ -81.899894683143913, 36.306578706292797 ], [ -81.899891860681237, 36.306581873922603 ], [ -81.899888779276182, 36.306584790275778 ], [ -81.89983453388713, 36.306631922745908 ], [ -81.89982717661708, 36.306637732838546 ], [ -81.899761762340816, 36.306684582611538 ], [ -81.899751851543698, 36.306690835463861 ], [ -81.899674834575876, 36.306733327363226 ], [ -81.899664881573983, 36.306738121184992 ], [ -81.89949959665293, 36.306806749221501 ], [ -81.899498382866398, 36.306807243897396 ], [ -81.899492653641204, 36.306809535161726 ], [ -81.89948538856666, 36.306812608192843 ], [ -81.899436385297562, 36.306834485020815 ], [ -81.899429493598007, 36.306837259404325 ], [ -81.899412673320057, 36.306843314629447 ], [ -81.899403399020883, 36.306846916345087 ], [ -81.898993195681683, 36.30701808057897 ], [ -81.898988744883965, 36.307019814125034 ], [ -81.89866815521701, 36.307135940544903 ], [ -81.898350140137936, 36.307250505746751 ], [ -81.898341725579186, 36.307253124152297 ], [ -81.89777240857866, 36.307403099821499 ], [ -81.897765517769358, 36.307404656940086 ], [ -81.897463669536236, 36.307461737547193 ], [ -81.897450202561942, 36.307463347068442 ], [ -81.897130513426006, 36.307479667667373 ], [ -81.897117480512279, 36.307479481545101 ], [ -81.896828977874563, 36.307456477654114 ], [ -81.89681710536118, 36.307454809363271 ], [ -81.89656863962739, 36.307404536252179 ], [ -81.896563375948375, 36.307403322346865 ], [ -81.896377083801255, 36.307355024442579 ], [ -81.896163531725804, 36.307299442163966 ], [ -81.896152377933689, 36.307296877481669 ], [ -81.89594726479514, 36.307255855271364 ], [ -81.89593868352533, 36.307254332686519 ], [ -81.895557711079888, 36.307195267384706 ], [ -81.895554265892613, 36.307194763917963 ], [ -81.895359324427901, 36.307168006863371 ], [ -81.895344603950889, 36.307166538626902 ], [ -81.89514513360119, 36.307154071477285 ], [ -81.895142848974515, 36.307153941801602 ], [ -81.895057005829514, 36.307149561852803 ], [ -81.895034982461453, 36.307149652330835 ], [ -81.894917396481389, 36.307156620973373 ], [ -81.894904623577844, 36.307157789955255 ], [ -81.894562509101874, 36.307200200740205 ], [ -81.894533890498224, 36.307205893361953 ], [ -81.894391853245111, 36.307245106016417 ], [ -81.894378280772841, 36.307249378101254 ], [ -81.894268355992153, 36.307288327275018 ], [ -81.89424809126308, 36.307296786576046 ], [ -81.894081013082229, 36.307377572008882 ], [ -81.894071112040862, 36.30738270472645 ], [ -81.893809933015248, 36.307527478451483 ], [ -81.893808055781861, 36.307528532264961 ], [ -81.893568647811151, 36.307664627260088 ], [ -81.893305297424945, 36.307811712086846 ], [ -81.893300619114356, 36.307814164987384 ], [ -81.893079945937288, 36.307922531384001 ], [ -81.893078027208844, 36.3079234484251 ], [ -81.892809781459746, 36.308048167969211 ], [ -81.892806170213845, 36.308049761088377 ], [ -81.892584504362446, 36.308142367692042 ], [ -81.89258145712563, 36.308143582436465 ], [ -81.892349836735761, 36.308231540053995 ], [ -81.892342039362347, 36.308234139626187 ], [ -81.891907787904316, 36.308359328765633 ], [ -81.891896034364109, 36.308361961545387 ], [ -81.891425449500829, 36.308437926451326 ], [ -81.891043002013816, 36.308497841926808 ], [ -81.891040975622602, 36.308498138144216 ], [ -81.890681769575892, 36.308546894370558 ], [ -81.89004118692074, 36.308628719577783 ], [ -81.890036800458546, 36.308629329315615 ], [ -81.889716866737444, 36.308677417937965 ], [ -81.88970914189413, 36.308678734283696 ], [ -81.889415158591987, 36.308734777780991 ], [ -81.889412825718267, 36.308735236895522 ], [ -81.889079532372506, 36.308802890029241 ], [ -81.889078447745092, 36.308803103955412 ], [ -81.889032692462635, 36.308811866009073 ], [ -81.889031291285846, 36.308812139519738 ], [ -81.888668331177996, 36.308884335310019 ], [ -81.88866167453105, 36.308885777622656 ], [ -81.888179039450932, 36.308998988533673 ], [ -81.887850766128622, 36.309075818441386 ], [ -81.887466057340987, 36.309162631794663 ], [ -81.887454018247837, 36.30916574483286 ], [ -81.887353684021576, 36.309195045314766 ], [ -81.887340450591452, 36.309199415697975 ], [ -81.887247283723639, 36.309233828570548 ], [ -81.887225279874954, 36.309243495497405 ], [ -81.887054860056622, 36.309330936261091 ], [ -81.887035742012372, 36.309342124268539 ], [ -81.886902036979194, 36.309430658590564 ], [ -81.886892155457517, 36.309437640701319 ], [ -81.886730993497764, 36.309558986763832 ], [ -81.886723143939037, 36.309565211111249 ], [ -81.886597868844049, 36.309669764101848 ], [ -81.88658980645539, 36.309675829522604 ], [ -81.886525977482691, 36.309718981852235 ], [ -81.886519867630923, 36.309722799136864 ], [ -81.886425709565458, 36.309777010515511 ], [ -81.886422234949194, 36.30977892031396 ], [ -81.886258166826721, 36.309864908460412 ], [ -81.886257816158832, 36.309865092688426 ], [ -81.885936256552114, 36.310034434820274 ], [ -81.885920450799475, 36.31004370736688 ], [ -81.885905560092269, 36.310054387665375 ], [ -81.885806471636556, 36.310132574502681 ], [ -81.885792576247496, 36.310144615397256 ], [ -81.885779845359835, 36.310157881499876 ], [ -81.885749664290586, 36.310192374085233 ], [ -81.88573682842754, 36.310208678331911 ], [ -81.885725750989195, 36.310226224790235 ], [ -81.88571655122081, 36.310244824577907 ], [ -81.885688778758634, 36.310309175025026 ], [ -81.885687131399862, 36.310312792653001 ], [ -81.885641275088844, 36.310408407727905 ], [ -81.88564071098078, 36.310409593924923 ], [ -81.885585053434696, 36.310527627475075 ], [ -81.885580517445177, 36.310536153038768 ], [ -81.885499082141436, 36.310672847279299 ], [ -81.88549889981627, 36.310673153945217 ], [ -81.885411772100142, 36.310819998379337 ], [ -81.885408004477512, 36.310825871119853 ], [ -81.885257159519568, 36.311043866352612 ], [ -81.885252590109289, 36.31104995995095 ], [ -81.885140728236465, 36.311187859281937 ], [ -81.8851371394545, 36.311192042265041 ], [ -81.884986142896039, 36.311358525592212 ], [ -81.884979528116631, 36.311365164744117 ], [ -81.884786570903032, 36.311541470263876 ], [ -81.884639154092511, 36.311674054519173 ], [ -81.884634715617096, 36.311677818261622 ], [ -81.884413894731281, 36.311854278370177 ], [ -81.884412071941284, 36.311855700763438 ], [ -81.8842058495472, 36.312012822233697 ], [ -81.88419998455295, 36.312016966503059 ], [ -81.88401997155853, 36.312134705417783 ], [ -81.884015952134519, 36.312137200614757 ], [ -81.883776203459718, 36.31227828671981 ], [ -81.88377375911989, 36.312279679237818 ], [ -81.883444747918332, 36.312461031974884 ], [ -81.88344119659989, 36.312462897595616 ], [ -81.883124808571196, 36.312621091007614 ], [ -81.883121137230063, 36.312622834323854 ], [ -81.882832816152941, 36.31275262837061 ], [ -81.882831158858139, 36.312753356470438 ], [ -81.882587346842669, 36.312857848103796 ], [ -81.882337084188407, 36.312963960232253 ], [ -81.882067519531859, 36.313077930741485 ], [ -81.882062407023795, 36.313079928689916 ], [ -81.881761284874443, 36.3131881753229 ], [ -81.881756660475304, 36.313189711508805 ], [ -81.88136764710049, 36.313308494319578 ], [ -81.881364317942968, 36.313309448153795 ], [ -81.881312436436289, 36.313323345165415 ], [ -81.881307563157577, 36.313324716859647 ], [ -81.88114666957901, 36.313372209724896 ], [ -81.881141273057167, 36.31337364015792 ], [ -81.880546471226324, 36.3135136519073 ], [ -81.880543500536263, 36.313514303669002 ], [ -81.879977761371933, 36.313629436648625 ], [ -81.879972238072128, 36.313630642227977 ], [ -81.879816884784361, 36.313666859053825 ], [ -81.879807160407339, 36.3136693851839 ], [ -81.879690360310178, 36.313702880000314 ], [ -81.879676184720381, 36.313707523843824 ], [ -81.87966239467552, 36.313713211311722 ], [ -81.879605183882333, 36.313739344137858 ], [ -81.879585382167633, 36.313749765376869 ], [ -81.879526919480085, 36.31378484304593 ], [ -81.879513420282464, 36.313793702706363 ], [ -81.879422964701376, 36.31385844056696 ], [ -81.879413244271973, 36.313865856923194 ], [ -81.879306576656063, 36.313952524788959 ], [ -81.879184320174318, 36.314050337754665 ], [ -81.879177774161363, 36.314055807978143 ], [ -81.879082635365023, 36.314138820665832 ], [ -81.879075504543522, 36.314145352897597 ], [ -81.878930242181056, 36.31428502855767 ], [ -81.878916476704532, 36.31429966476378 ], [ -81.878838475447097, 36.314391430255412 ], [ -81.878837511243006, 36.314392573236141 ], [ -81.878766547292187, 36.314477335799921 ], [ -81.878765440978114, 36.314478668919506 ], [ -81.878664375013841, 36.314601533353347 ], [ -81.878663609655391, 36.314602469542905 ], [ -81.87858890693019, 36.314694412039323 ], [ -81.878582757594486, 36.314701303719936 ], [ -81.878495791933247, 36.314790139939312 ], [ -81.878489971311467, 36.314795628133822 ], [ -81.878395865830527, 36.314877498812805 ], [ -81.878389933304376, 36.314882275441676 ], [ -81.878310721321512, 36.314941224342903 ], [ -81.878303018900681, 36.314946418231294 ], [ -81.878194268130827, 36.315012614505562 ], [ -81.878189644194919, 36.315015262846678 ], [ -81.878061987456945, 36.315083926388851 ], [ -81.878057947418625, 36.315085982741778 ], [ -81.877906325359376, 36.315158878013719 ], [ -81.877901602478843, 36.315160999880078 ], [ -81.877677665167582, 36.315254718219123 ], [ -81.877676320054562, 36.315255286932384 ], [ -81.877290722776536, 36.315419979360946 ], [ -81.877281369272112, 36.315424262030653 ], [ -81.877147742937041, 36.315489653305633 ], [ -81.877142281475557, 36.31549243040628 ], [ -81.876949158599032, 36.315594384215856 ], [ -81.876946807744645, 36.315595585870774 ], [ -81.876868942100927, 36.315634099475581 ], [ -81.87685530006226, 36.315641519678458 ], [ -81.876842274873241, 36.315649975982673 ], [ -81.876743385662891, 36.315719780443409 ], [ -81.876729098364081, 36.315730866368902 ], [ -81.876647251589006, 36.315800523714664 ], [ -81.87663705277842, 36.315809829361449 ], [ -81.876512382578781, 36.315931728373599 ], [ -81.876502011126462, 36.31594266348683 ], [ -81.876408934288321, 36.316048516357611 ], [ -81.876401323321886, 36.316057711441204 ], [ -81.876311368418612, 36.316173241670612 ], [ -81.876296151877753, 36.31619579688536 ], [ -81.876197653825614, 36.316365682810343 ], [ -81.876190798399747, 36.316378568654279 ], [ -81.876072056438332, 36.316622865601019 ], [ -81.876071925998687, 36.31662313447525 ], [ -81.875842299026345, 36.317097364643402 ], [ -81.875841674557691, 36.317098631423143 ], [ -81.87570011804209, 36.317380747862877 ], [ -81.875558274615486, 36.317661459113317 ], [ -81.875555779280845, 36.317666577155251 ], [ -81.875400216013105, 36.317997522327893 ], [ -81.875399761593016, 36.31799847594521 ], [ -81.875273674870371, 36.318259514200975 ], [ -81.875270042640366, 36.318266345618618 ], [ -81.875168972932869, 36.318439880727347 ], [ -81.875165710677024, 36.31844478881947 ], [ -81.875161891246705, 36.318449276985788 ], [ -81.87505305509201, 36.318562804741624 ], [ -81.875049862401156, 36.318565852820264 ], [ -81.875046412726846, 36.318568606691507 ], [ -81.874960592066202, 36.318631106113145 ], [ -81.874955452507649, 36.318634977063383 ], [ -81.874842652908299, 36.31872281305877 ], [ -81.874829790614584, 36.318733730682702 ], [ -81.874693803748812, 36.318859401319934 ], [ -81.874687988574308, 36.318864376456901 ], [ -81.874349777321186, 36.319132004089603 ], [ -81.874341933585143, 36.319137617335457 ], [ -81.874120016911405, 36.319280758613075 ], [ -81.874114834078995, 36.319283678649761 ], [ -81.874109339906582, 36.319285959534504 ], [ -81.873966917175167, 36.319335332998236 ], [ -81.873963079464701, 36.319336707379087 ], [ -81.873763834669447, 36.319410361390794 ], [ -81.873744583117926, 36.319418648935873 ], [ -81.873689329224007, 36.319445950962361 ], [ -81.873669684958557, 36.319457078980044 ], [ -81.873651420053761, 36.319470350121499 ], [ -81.873570529961896, 36.319536410761401 ], [ -81.873556818951315, 36.31954870262998 ], [ -81.87354429657843, 36.319562203445571 ], [ -81.873533068995968, 36.319576798761133 ], [ -81.873477388324218, 36.319656523023014 ], [ -81.873467283633616, 36.319672559702028 ], [ -81.873458742466269, 36.319689480940355 ], [ -81.873451841538937, 36.319707134751496 ], [ -81.87343470514169, 36.319757952984212 ], [ -81.873429969792724, 36.319774248865819 ], [ -81.873408345884883, 36.31986247434989 ], [ -81.873405018707885, 36.319873336399148 ], [ -81.873347771165797, 36.320028185392225 ], [ -81.873345759715562, 36.320032871676844 ], [ -81.873342835158098, 36.32003704949414 ], [ -81.873296345710031, 36.320096695829413 ], [ -81.873289187598516, 36.320104913082993 ], [ -81.873190812154377, 36.320206126957999 ], [ -81.873187075059022, 36.320209776128443 ], [ -81.872998270114707, 36.320384741331843 ], [ -81.872997712658233, 36.320385259901521 ], [ -81.872714194061317, 36.320650009363192 ], [ -81.872707922224322, 36.320656128631477 ], [ -81.872453395060532, 36.320915588090834 ], [ -81.872452581351851, 36.320916408039935 ], [ -81.87219796523307, 36.321170030005611 ], [ -81.872195991679376, 36.321171942549256 ], [ -81.871795424226107, 36.321549592289976 ], [ -81.871794553475198, 36.321550403490257 ], [ -81.871583459297639, 36.321744727593675 ], [ -81.871578599593022, 36.321749354211867 ], [ -81.871388570188415, 36.321936445639182 ], [ -81.871385344801922, 36.321939483398253 ], [ -81.871158364309636, 36.322143961733495 ], [ -81.871151759259703, 36.322150189272485 ], [ -81.871005853275364, 36.322294149393372 ], [ -81.871004138361386, 36.322295862066873 ], [ -81.870821370675202, 36.322480616433403 ], [ -81.870571605263265, 36.322730386143064 ], [ -81.870566190845295, 36.322735414321144 ], [ -81.870484972391765, 36.32280543000175 ], [ -81.870478817130106, 36.322810327629071 ], [ -81.870392461987961, 36.322873654449204 ], [ -81.87039151594162, 36.322874339752062 ], [ -81.870164435837864, 36.323036819560741 ], [ -81.870155726046264, 36.323043418636864 ], [ -81.869910467948529, 36.32324001461415 ], [ -81.869905392527457, 36.323243824843019 ], [ -81.869683643081288, 36.323399542667509 ], [ -81.869487255669938, 36.323535126826251 ], [ -81.869484734859029, 36.3235368959851 ], [ -81.869329122505079, 36.323647906034232 ], [ -81.869201954014372, 36.323738315079055 ], [ -81.869200011448584, 36.323739661839319 ], [ -81.86909368483758, 36.323811531095359 ], [ -81.868984665385341, 36.323883898058931 ], [ -81.868975490465147, 36.323890366500635 ], [ -81.868864064199897, 36.323973701391871 ], [ -81.868858008278679, 36.323978414406113 ], [ -81.868697737221353, 36.324108157917976 ], [ -81.868688487808953, 36.324116124888768 ], [ -81.868579053125799, 36.324216363959607 ], [ -81.868569259160282, 36.324225973200114 ], [ -81.868458568329672, 36.324342292441891 ], [ -81.868453219854388, 36.324347507957341 ], [ -81.868373958546073, 36.324419220406433 ], [ -81.868370072174173, 36.324422831523933 ], [ -81.868245394553725, 36.324541798706058 ], [ -81.86823685108827, 36.324550462461019 ], [ -81.868158469354114, 36.324634940320891 ], [ -81.868144441655787, 36.324651830908202 ], [ -81.868067552651283, 36.324755501049275 ], [ -81.868057152060572, 36.324770984298027 ], [ -81.868022750092578, 36.324827748851007 ], [ -81.868021251307269, 36.324830263233963 ], [ -81.867957541672837, 36.324938943918355 ], [ -81.867950874200432, 36.324951291210091 ], [ -81.867899595778212, 36.325054779547756 ], [ -81.867898352790775, 36.325057204476998 ], [ -81.867838946280514, 36.325169310200323 ], [ -81.867834734178203, 36.325176514785291 ], [ -81.867778010267614, 36.325264854730747 ], [ -81.867774090139122, 36.325271218281152 ], [ -81.867703160793241, 36.325391327316702 ], [ -81.86769851743135, 36.325398475453419 ], [ -81.867615578901294, 36.325514960982915 ], [ -81.867607809456032, 36.325524557489942 ], [ -81.867525980464123, 36.325613742655428 ], [ -81.867519726152864, 36.325619981745064 ], [ -81.86743529103218, 36.325697074377594 ], [ -81.86742626450166, 36.325704400167751 ], [ -81.867318174624018, 36.325782148333758 ], [ -81.867315782306605, 36.325783816711919 ], [ -81.867211492788883, 36.325854309040302 ], [ -81.867206391798462, 36.325857536982404 ], [ -81.8670944308261, 36.325923739746187 ], [ -81.867093548669843, 36.32592425530278 ], [ -81.86697917441812, 36.325990317211946 ], [ -81.866976818083501, 36.325991699765559 ], [ -81.866880576443378, 36.32604905569513 ], [ -81.866877372886051, 36.326050885645678 ], [ -81.866771916449665, 36.326108571104903 ], [ -81.866752741198809, 36.326120514339927 ], [ -81.866702379809425, 36.326155980055709 ], [ -81.866680824332988, 36.326173521543652 ], [ -81.86664613019029, 36.326206012865534 ], [ -81.866634576753015, 36.326217762817123 ], [ -81.866624029821622, 36.326230423998474 ], [ -81.866614560994819, 36.326243910458125 ], [ -81.866564965287736, 36.32632112932864 ], [ -81.866555214041512, 36.32633808092087 ], [ -81.866547164969376, 36.326355903819618 ], [ -81.866540895029132, 36.326374427618674 ], [ -81.866460440712643, 36.326656909325273 ], [ -81.866457811971742, 36.326667161386929 ], [ -81.866424254610308, 36.326814089965744 ], [ -81.866420744162625, 36.326834089587187 ], [ -81.866402528602208, 36.326981471748454 ], [ -81.866401057994196, 36.327002021106175 ], [ -81.866401709159319, 36.327022612725216 ], [ -81.86640974695446, 36.327119067857311 ], [ -81.866410321894705, 36.327124924656232 ], [ -81.866422293600408, 36.327230828141367 ], [ -81.866422919116957, 36.327243211940477 ], [ -81.866422036200902, 36.327319127503323 ], [ -81.86642184173904, 36.327322986427099 ], [ -81.866421349319907, 36.327326818741383 ], [ -81.86640310360977, 36.327435380380031 ], [ -81.866400002631636, 36.327448411926468 ], [ -81.866354385215033, 36.327595506692639 ], [ -81.866351182115451, 36.327604343125941 ], [ -81.866288757679811, 36.327754160167473 ], [ -81.866287151327114, 36.327757808751102 ], [ -81.866225084825203, 36.327891491586207 ], [ -81.866220460929355, 36.327900279329924 ], [ -81.86617054782063, 36.327984678078671 ], [ -81.866165014754685, 36.327993045050128 ], [ -81.866077727581285, 36.328111640758124 ], [ -81.866074119493931, 36.328116253649121 ], [ -81.865979462177364, 36.328230228659756 ], [ -81.865976438978052, 36.328233702827738 ], [ -81.865885715689032, 36.328333234500874 ], [ -81.865875491382823, 36.328345387564831 ], [ -81.865866263618187, 36.328358313575833 ], [ -81.865826647790954, 36.328418744198444 ], [ -81.865816825410775, 36.32843543815838 ], [ -81.865808663943554, 36.328453003974715 ], [ -81.865782197890923, 36.328518035107805 ], [ -81.865779879832317, 36.328524002757376 ], [ -81.865725201358757, 36.328671730951498 ], [ -81.865722895908405, 36.328678309722733 ], [ -81.865677057881726, 36.328816799099982 ], [ -81.865610797588886, 36.32901557974801 ], [ -81.865606577475234, 36.329026180029764 ], [ -81.865569852471097, 36.329105004443782 ], [ -81.865567822289293, 36.329108903264114 ], [ -81.865565456726969, 36.329112608200177 ], [ -81.865512131801509, 36.329188528865835 ], [ -81.865508766941289, 36.329192802813651 ], [ -81.865504956127637, 36.329196684387583 ], [ -81.865420804244806, 36.329273517946397 ], [ -81.865412838356065, 36.329280070283602 ], [ -81.865276840928189, 36.329380632649418 ], [ -81.865273081465531, 36.329383281035696 ], [ -81.865107467055012, 36.329494340406207 ], [ -81.8651024217951, 36.329497509940552 ], [ -81.864963072740409, 36.329579364726911 ], [ -81.86496089347132, 36.329580608338091 ], [ -81.864809992463847, 36.329664228664157 ], [ -81.864799707384762, 36.329669182458495 ], [ -81.864624929020621, 36.329741373881909 ], [ -81.864620936584245, 36.329742827186664 ], [ -81.864616834964721, 36.329743935502329 ], [ -81.864544688679928, 36.329760168433928 ], [ -81.864537240451796, 36.329761550082971 ], [ -81.864426253651814, 36.329777815450122 ], [ -81.864423725325707, 36.32977815310101 ], [ -81.864086489591472, 36.329818819135525 ], [ -81.864083495901667, 36.329819203072674 ], [ -81.863986811907495, 36.32983234494948 ], [ -81.863977207429372, 36.329833889200849 ], [ -81.863881228949325, 36.329851725666209 ], [ -81.863857129325169, 36.329857774162583 ], [ -81.863764107109148, 36.329887372613072 ], [ -81.863753970528322, 36.329890900151575 ], [ -81.86350315389133, 36.329985803394727 ], [ -81.863496870936146, 36.329988302937551 ], [ -81.863217669928474, 36.330104881865381 ], [ -81.863212346822309, 36.330107195771859 ], [ -81.862999553113525, 36.330203390222586 ], [ -81.862992494117591, 36.330206748937698 ], [ -81.862982358989683, 36.330211816539176 ], [ -81.862981624403403, 36.330212185724285 ], [ -81.862788788999055, 36.330309597051397 ], [ -81.86278719602133, 36.330310410710126 ], [ -81.862575300088139, 36.330419840125657 ], [ -81.862574681997899, 36.330420160690068 ], [ -81.862533014884335, 36.330441862914761 ], [ -81.862521194307462, 36.330448539131361 ], [ -81.862359598837557, 36.330547187242402 ], [ -81.862350541493186, 36.330553057641417 ], [ -81.862181020760858, 36.330669544174128 ], [ -81.862171180962477, 36.330676757118823 ], [ -81.862041519087754, 36.330778026070945 ], [ -81.862036527994618, 36.330782054736837 ], [ -81.861795305462195, 36.33098323543539 ], [ -81.861788798671782, 36.330988904578433 ], [ -81.861584239508403, 36.331175044160481 ], [ -81.861577875138636, 36.331181096163029 ], [ -81.861429174764965, 36.33132884953546 ], [ -81.861419197752795, 36.331339514692594 ], [ -81.861314879788665, 36.331459526120533 ], [ -81.861307373912595, 36.331468696319767 ], [ -81.861188394666939, 36.331623177876189 ], [ -81.861185630242218, 36.331626853853692 ], [ -81.861072689658585, 36.331780686968941 ], [ -81.861069359685317, 36.331785361791425 ], [ -81.860959689711649, 36.331944094930861 ], [ -81.860953935011253, 36.331951632606987 ], [ -81.860889042881183, 36.332028750365367 ], [ -81.860886898776187, 36.332031215519365 ], [ -81.86081093340843, 36.332115726834381 ], [ -81.860804772142458, 36.332122002458796 ], [ -81.860705997923318, 36.332214128084722 ], [ -81.860701884148625, 36.332217759068534 ], [ -81.860603478622664, 36.332299923719759 ], [ -81.860598374998446, 36.332303911710049 ], [ -81.860463709081543, 36.332402284236821 ], [ -81.860456038051566, 36.332407363483711 ], [ -81.86037155516955, 36.332457869172714 ], [ -81.860364262274445, 36.332461827735891 ], [ -81.860268948464054, 36.332508550538641 ], [ -81.860262945546907, 36.332511251810978 ], [ -81.860123788780868, 36.332568439866698 ], [ -81.860116077800214, 36.332571244679251 ], [ -81.859951076526997, 36.332623700931904 ], [ -81.859942809322675, 36.332625944031498 ], [ -81.859734143531597, 36.332673062375306 ], [ -81.859725774958008, 36.332674581091403 ], [ -81.859401532672479, 36.332719271139844 ], [ -81.859376766885674, 36.332724296168514 ], [ -81.859312917090506, 36.332741514432328 ], [ -81.859287644663695, 36.332750177716115 ], [ -81.85922040705789, 36.332778374369084 ], [ -81.859194531237449, 36.332791508376218 ], [ -81.859146194177882, 36.332820634464348 ], [ -81.859129593613616, 36.33283180596095 ], [ -81.8591141924136, 36.3328445803145 ], [ -81.859049989083431, 36.332903496362661 ], [ -81.859038461090634, 36.332914972821882 ], [ -81.858970037178779, 36.332988869918324 ], [ -81.858967961770517, 36.33299114625347 ], [ -81.85873219766448, 36.333253769468513 ], [ -81.858731784401087, 36.333254231249555 ], [ -81.858641153769639, 36.333355818302373 ], [ -81.858591459552741, 36.333411247419527 ], [ -81.858586326477024, 36.333416563565876 ], [ -81.858458988040439, 36.33353904099787 ], [ -81.858456966987703, 36.333540931758584 ], [ -81.858236373551847, 36.333741652211295 ], [ -81.858035680952213, 36.333922378989222 ], [ -81.857907745105862, 36.334035450187976 ], [ -81.85790426745632, 36.334038597169453 ], [ -81.857635033098504, 36.33428803564528 ], [ -81.857632963882708, 36.334289980197482 ], [ -81.857466681525153, 36.334448482436414 ], [ -81.857459485076191, 36.334455701013496 ], [ -81.857409016491076, 36.334508973389546 ], [ -81.857339936776796, 36.334581944748663 ], [ -81.857336104137886, 36.334586109803965 ], [ -81.857067810471065, 36.334886083527699 ], [ -81.857066149029222, 36.334887895813708 ], [ -81.856850126477312, 36.335117792347035 ], [ -81.856847817084613, 36.335120169839819 ], [ -81.856606006978396, 36.335360992774874 ], [ -81.856602032774987, 36.335365064991315 ], [ -81.856476286771397, 36.335497633657688 ], [ -81.856473720574741, 36.335500390624262 ], [ -81.856362708782967, 36.335621929897378 ], [ -81.856355502375692, 36.335630270065515 ], [ -81.856100466564598, 36.335942418701315 ], [ -81.855725321471837, 36.336394601271905 ], [ -81.855507256524177, 36.336654683384786 ], [ -81.855506725594012, 36.336655319285875 ], [ -81.855291295971625, 36.336914430667235 ], [ -81.855288623574225, 36.336917514681922 ], [ -81.855107039512632, 36.337118624185045 ], [ -81.85510385048552, 36.337121848447467 ], [ -81.855100381750731, 36.337124769687009 ], [ -81.854991814070274, 36.337208067155906 ], [ -81.854987915743692, 36.337210770179553 ], [ -81.854983173864085, 36.337210903836507 ], [ -81.854892490899744, 36.337209090373001 ], [ -81.854888050648228, 36.33720880138106 ], [ -81.854884178088781, 36.337206609890075 ], [ -81.854494370482115, 36.336962237503997 ], [ -81.854493610975524, 36.336961763729811 ], [ -81.854236288302758, 36.336802046715611 ], [ -81.854229617836864, 36.336798083577868 ], [ -81.853969527050808, 36.336650304755139 ], [ -81.853968458316288, 36.336649688769192 ], [ -81.853778122142643, 36.336538415260648 ], [ -81.853769749487512, 36.336533785550941 ], [ -81.853672218181117, 36.336482862207738 ], [ -81.853649114018552, 36.336472601378865 ], [ -81.853581130317863, 36.336447422368735 ], [ -81.85356219788757, 36.336441460724934 ], [ -81.8535427677634, 36.33643740506372 ], [ -81.853523031321416, 36.336435295331142 ], [ -81.853338068601673, 36.336424769171217 ], [ -81.85331749130016, 36.336424658431461 ], [ -81.853297011534977, 36.336426662631823 ], [ -81.853276846103697, 36.336430760555956 ], [ -81.85321732165535, 36.336446083471529 ], [ -81.853195078702868, 36.336453217896768 ], [ -81.853067122773638, 36.336502672801338 ], [ -81.853051408091218, 36.336509534601568 ], [ -81.853036338938807, 36.336517717277864 ], [ -81.853022026088055, 36.336527160680276 ], [ -81.852871811259703, 36.33663579092066 ], [ -81.852860487067403, 36.336644616119465 ], [ -81.852590954496392, 36.336870676703867 ], [ -81.852586852521341, 36.336873770462624 ], [ -81.852582202588806, 36.336875955793019 ], [ -81.852423353249137, 36.336940810624434 ], [ -81.852417901237843, 36.336942676390066 ], [ -81.852412270168912, 36.336943899734521 ], [ -81.852334279203617, 36.336956168029367 ], [ -81.852323643692543, 36.336957262040492 ], [ -81.852134413049086, 36.336966538250671 ], [ -81.852115653753017, 36.336968346865604 ], [ -81.85203318032886, 36.336980242474858 ], [ -81.852009109392611, 36.336985240986436 ], [ -81.851932817627343, 36.337006047459241 ], [ -81.851911462807053, 36.337013185122501 ], [ -81.851891045603622, 36.337022677877144 ], [ -81.851828986534954, 36.337055901316575 ], [ -81.85181250492478, 36.337065771327026 ], [ -81.851797046315824, 36.33707717711458 ], [ -81.851739976100774, 36.337123678928954 ], [ -81.851722911887435, 36.337139310117088 ], [ -81.851670300701898, 36.337193424539343 ], [ -81.851653037438084, 36.337213728353298 ], [ -81.851578960114722, 36.337313646551671 ], [ -81.851571386820396, 36.337324606700541 ], [ -81.851432157693367, 36.337541185008284 ], [ -81.851429746805948, 36.337544763129294 ], [ -81.851270705663083, 36.337770153170752 ], [ -81.851267828874924, 36.337773847874175 ], [ -81.851264311282222, 36.337776938713148 ], [ -81.85113729529381, 36.337878362261797 ], [ -81.851133892052971, 36.337880851749681 ], [ -81.851130131309944, 36.337882725149434 ], [ -81.850852055635798, 36.338006970931971 ], [ -81.850712876585064, 36.338069038144312 ], [ -81.85069553260287, 36.338077806620483 ], [ -81.850575851407683, 36.33814580704238 ], [ -81.85056823232577, 36.338150362639055 ], [ -81.850319758980703, 36.338306517987313 ], [ -81.85031821518217, 36.338307468788123 ], [ -81.850205578874764, 36.33837543899692 ], [ -81.850200314047143, 36.338378402830386 ], [ -81.850077475824264, 36.338442746273536 ], [ -81.850076503329745, 36.338443248908121 ], [ -81.849938643021233, 36.338513548637124 ], [ -81.849914377674452, 36.338528175088456 ], [ -81.849769273893102, 36.338630315168793 ], [ -81.849754998409907, 36.338641359804406 ], [ -81.849741776777464, 36.338653646457004 ], [ -81.849729716677189, 36.338667075059981 ], [ -81.849649585308185, 36.338764835484774 ], [ -81.849644147153299, 36.338770942412047 ], [ -81.84953416878767, 36.33888471310037 ], [ -81.84953085506838, 36.338887841496991 ], [ -81.84952726960482, 36.338890654334378 ], [ -81.849406230832003, 36.338976977017708 ], [ -81.849401881777041, 36.338979749060307 ], [ -81.849396891311727, 36.338981050503996 ], [ -81.849270630139983, 36.33900704542561 ], [ -81.849265998622499, 36.339007772383503 ], [ -81.849261426657179, 36.339006734812415 ], [ -81.849148375850433, 36.338975383969519 ], [ -81.849145601516241, 36.338974636021028 ], [ -81.849063245581021, 36.338953066606962 ], [ -81.849062735595766, 36.338952933757135 ], [ -81.848844099822131, 36.338896287205678 ], [ -81.848841880290408, 36.338895725681837 ], [ -81.848696192530113, 36.338859753808734 ], [ -81.848680891617548, 36.338856604264969 ], [ -81.848665391561468, 36.338854658548442 ], [ -81.848596545451684, 36.338848736163456 ], [ -81.848579404464047, 36.338848000240674 ], [ -81.848503906113351, 36.338848000085704 ], [ -81.848492174550771, 36.338847540533749 ], [ -81.848492164795374, 36.33884778957195 ], [ -81.848481974160165, 36.338847212855619 ], [ -81.848457673072929, 36.338848802168549 ], [ -81.848286450480273, 36.338870530793827 ], [ -81.848267204621322, 36.338873935799 ], [ -81.848248383013029, 36.338879203076139 ], [ -81.84817769302947, 36.338902766627591 ], [ -81.848159386376608, 36.338909885611855 ], [ -81.848141866327467, 36.338918766003388 ], [ -81.84804331034232, 36.338974967106857 ], [ -81.848032867163241, 36.338981353526883 ], [ -81.847906055872613, 36.339064340113794 ], [ -81.847898059776796, 36.339069854728159 ], [ -81.847751670503285, 36.339176150603087 ], [ -81.847738734790511, 36.339186383981499 ], [ -81.847620151289291, 36.339288420130977 ], [ -81.847612033028454, 36.339295802672531 ], [ -81.847519774846901, 36.33938444390111 ], [ -81.847508671785079, 36.339396002229307 ], [ -81.847436987226757, 36.339476876769069 ], [ -81.847435012241093, 36.339479138937051 ], [ -81.847261689541057, 36.339680699007992 ], [ -81.847253830009322, 36.339688854436353 ], [ -81.847165686969817, 36.339770502695202 ], [ -81.847160118438438, 36.339775293048447 ], [ -81.847052060868592, 36.339861549326201 ], [ -81.847048904216877, 36.339863872186449 ], [ -81.847045575013183, 36.339865940165275 ], [ -81.846927671401872, 36.339932909410066 ], [ -81.846920146751756, 36.33993677185881 ], [ -81.846800377981111, 36.339991978006346 ], [ -81.846791429979532, 36.339995589566861 ], [ -81.846667336533358, 36.34003883453159 ], [ -81.846660572489057, 36.340040926210264 ], [ -81.846426313024168, 36.340104371547227 ], [ -81.846421642316528, 36.340105516714033 ], [ -81.846193007244992, 36.340155777190724 ], [ -81.846190970694792, 36.340156202721808 ], [ -81.845877952417993, 36.340218215666837 ], [ -81.845870064724167, 36.340219944500042 ], [ -81.845709074829202, 36.340258652362962 ], [ -81.845691269289446, 36.340263817237869 ], [ -81.84567401850623, 36.340270608677834 ], [ -81.845608545155358, 36.340299958802845 ], [ -81.845599544926984, 36.340304266145246 ], [ -81.845516069487459, 36.340346806862627 ], [ -81.845500423742166, 36.340355688438358 ], [ -81.845485639426201, 36.340365940059435 ], [ -81.845361351057747, 36.340460676509913 ], [ -81.845352818749362, 36.340467557791918 ], [ -81.845199385261438, 36.340598400470959 ], [ -81.845188936349331, 36.340607970570524 ], [ -81.844955101958192, 36.340837890647158 ], [ -81.8445517051736, 36.341233300733471 ], [ -81.844550284220219, 36.34123470755064 ], [ -81.844385990674255, 36.341399001061774 ], [ -81.844382875132311, 36.341401862931889 ], [ -81.844379333200536, 36.341404148354407 ], [ -81.844274060033527, 36.341465960002516 ], [ -81.844109607961443, 36.341562696083287 ], [ -81.844097992648202, 36.34156854637952 ], [ -81.843859729543667, 36.341669686436433 ], [ -81.843609056947059, 36.341773728331084 ], [ -81.843602965319675, 36.34177637608596 ], [ -81.843433827471983, 36.341853256626422 ], [ -81.843426231377038, 36.34185690437824 ], [ -81.843281804881556, 36.341930043299143 ], [ -81.843266553893145, 36.341938624694421 ], [ -81.843121619817978, 36.342028743198895 ], [ -81.843114461074407, 36.342033409395967 ], [ -81.84270218529511, 36.34231486777027 ], [ -81.842438116741874, 36.342494235670763 ], [ -81.842435843985925, 36.342495734621352 ], [ -81.842200383260874, 36.342646468536806 ], [ -81.842195643879847, 36.34264959827803 ], [ -81.841990206758098, 36.34278949171906 ], [ -81.841985816408567, 36.34279256827741 ], [ -81.841775538964256, 36.342944163590197 ], [ -81.841770502148648, 36.342947916373127 ], [ -81.841635534399771, 36.343051812217062 ], [ -81.841632470645393, 36.343054218524273 ], [ -81.841480664898668, 36.343175857545624 ], [ -81.841475175825138, 36.343179955123418 ], [ -81.841339083694379, 36.343274463946798 ], [ -81.841328500894193, 36.343280879901009 ], [ -81.841193366418935, 36.343351754215725 ], [ -81.841188553117718, 36.343354116324015 ], [ -81.841001704971632, 36.343439673315643 ], [ -81.841000279085975, 36.343440333009795 ], [ -81.840740126725649, 36.343561936785981 ], [ -81.840739854984818, 36.343562064055064 ], [ -81.840252693155577, 36.343790670760463 ], [ -81.840251292486599, 36.343791334676801 ], [ -81.839901141726557, 36.343958970754656 ], [ -81.839896793799525, 36.343960926328002 ], [ -81.839600242973972, 36.344085894027032 ], [ -81.839326867680683, 36.344200215449519 ], [ -81.839323084590205, 36.344201707820666 ], [ -81.838999891515186, 36.344321665662846 ], [ -81.838998084710738, 36.344322316613614 ], [ -81.838815866881305, 36.344385995402696 ], [ -81.838810059055774, 36.344387828535545 ], [ -81.838683596606785, 36.344423546904387 ], [ -81.838680393042679, 36.344424480652805 ], [ -81.838501580515597, 36.344478221866261 ], [ -81.838496422961711, 36.34447984828811 ], [ -81.838289573565177, 36.344548165845978 ], [ -81.838272699181829, 36.344554597662032 ], [ -81.83815163921453, 36.344607116383578 ], [ -81.838138569848653, 36.344613357819739 ], [ -81.837954754051282, 36.344709464217146 ], [ -81.837941518024138, 36.344717040724632 ], [ -81.837794826558863, 36.344808606141569 ], [ -81.837787268302634, 36.344813564858946 ], [ -81.837566506681142, 36.344965644849651 ], [ -81.837565471652468, 36.344966348358803 ], [ -81.837399556588011, 36.345077609397627 ], [ -81.837392232845843, 36.345082077342163 ], [ -81.837209056346438, 36.345183305622179 ], [ -81.837202813869482, 36.345186475288017 ], [ -81.836998175342458, 36.345281521090328 ], [ -81.836991710956539, 36.345284251944463 ], [ -81.836527992691003, 36.345461236224743 ], [ -81.8365239584503, 36.345462677714025 ], [ -81.83611881651305, 36.345597725278118 ], [ -81.836117161970009, 36.345598260853457 ], [ -81.835771241790937, 36.345706921240371 ], [ -81.835770741655224, 36.345707079063658 ], [ -81.835428156282958, 36.345815679716146 ], [ -81.835419888460308, 36.345818500787367 ], [ -81.835095122853247, 36.345937294268268 ], [ -81.835075317312189, 36.345945774407959 ], [ -81.834865312529828, 36.34604941340455 ], [ -81.834843462028815, 36.346061967209089 ], [ -81.834588399370361, 36.346230730379354 ], [ -81.834587584417989, 36.346231272467477 ], [ -81.83442763914276, 36.346338229962186 ], [ -81.834422236784434, 36.34634159871861 ], [ -81.834005972859444, 36.346583110225765 ], [ -81.833996184247468, 36.346589172631958 ], [ -81.833817681512357, 36.346706966287712 ], [ -81.833804406013158, 36.346716528528084 ], [ -81.833791956507255, 36.346727143852981 ], [ -81.833642994987784, 36.346865071218751 ], [ -81.833641000552404, 36.346866943413602 ], [ -81.833315624010964, 36.347176590424048 ], [ -81.833305832847557, 36.347184782226194 ], [ -81.833224495228961, 36.347244430550809 ], [ -81.833220893497355, 36.347246838529756 ], [ -81.833217096402265, 36.347248924890117 ], [ -81.833053944806196, 36.347329552764165 ], [ -81.833048887331856, 36.347331713439317 ], [ -81.833043622478968, 36.347333303372487 ], [ -81.832916755290768, 36.347364087244195 ], [ -81.832912967245349, 36.347364852429415 ], [ -81.832909131348259, 36.347365322207878 ], [ -81.832798008188732, 36.347374581693529 ], [ -81.83278795692695, 36.347374911470972 ], [ -81.83268373001583, 36.347373083279138 ], [ -81.832674282256107, 36.347372469052765 ], [ -81.832547719079344, 36.347358195393383 ], [ -81.832544271267523, 36.347357745716984 ], [ -81.832357655542609, 36.34733009883923 ], [ -81.832356328034464, 36.347329893048894 ], [ -81.832152013416419, 36.347296813358369 ], [ -81.832141934882273, 36.347295443587477 ], [ -81.831933191302795, 36.347272462393619 ], [ -81.831924775915965, 36.347271715438794 ], [ -81.831701560320184, 36.347256646572518 ], [ -81.831682404742295, 36.347256273193054 ], [ -81.831510112104354, 36.347261172258058 ], [ -81.831490890324446, 36.347262648335487 ], [ -81.831471899959567, 36.347265968225457 ], [ -81.831453317456635, 36.347271101081581 ], [ -81.831339989837105, 36.347308369422521 ], [ -81.831324240938159, 36.347314293625743 ], [ -81.831172705562082, 36.347378696192244 ], [ -81.831171271327506, 36.347379292633875 ], [ -81.830999037673408, 36.347449353807249 ], [ -81.830990816469495, 36.347452286572562 ], [ -81.830852324192364, 36.347494972739192 ], [ -81.83084559454322, 36.347496792597049 ], [ -81.830761857068978, 36.347516331375942 ], [ -81.830756090567192, 36.347517499126795 ], [ -81.830668137626944, 36.347532630857216 ], [ -81.83066382970128, 36.347533275732118 ], [ -81.830416895555956, 36.347564757811391 ], [ -81.830413090889124, 36.347565280044201 ], [ -81.830145019545199, 36.347604701601007 ], [ -81.830140968892181, 36.347605339764421 ], [ -81.829905897627938, 36.347644848038385 ], [ -81.829904086121061, 36.34764516106452 ], [ -81.829633643880058, 36.347693174211685 ], [ -81.82962438226123, 36.347695045164748 ], [ -81.829384768953176, 36.347749370773066 ], [ -81.829379231753663, 36.347750709368107 ], [ -81.829280068542317, 36.34777618177246 ], [ -81.829266065221972, 36.347780329406064 ], [ -81.829167391462278, 36.347813519833544 ], [ -81.829158664566876, 36.347816682520531 ], [ -81.828896919297165, 36.347918472726498 ], [ -81.828889130227466, 36.347921692365937 ], [ -81.828647411346509, 36.34802762486553 ], [ -81.82863672130091, 36.348032691742297 ], [ -81.828410017605762, 36.348148476466307 ], [ -81.828407971773188, 36.348149536239575 ], [ -81.828193099862986, 36.348262417771224 ], [ -81.828190867168942, 36.348263555238567 ], [ -81.82795331242535, 36.348380854373978 ], [ -81.827948614402686, 36.348383024780254 ], [ -81.827772583033081, 36.348458883759513 ], [ -81.827767340981737, 36.348460969440872 ], [ -81.827533773712972, 36.348546348638763 ], [ -81.827530184304365, 36.3485475840071 ], [ -81.827338933594021, 36.348609372145127 ], [ -81.827335023738485, 36.348610547722338 ], [ -81.827118336743482, 36.348670903691726 ], [ -81.827117646261968, 36.348671097352977 ], [ -81.826903541399403, 36.348731562188775 ], [ -81.826900428618885, 36.348732387378362 ], [ -81.826661970315115, 36.348791509326965 ], [ -81.826657992764524, 36.3487924098118 ], [ -81.826344516852004, 36.348856687271514 ], [ -81.826341455516271, 36.348857265447798 ], [ -81.826155253778524, 36.34888943655551 ], [ -81.826148698585044, 36.348890346831318 ], [ -81.826024725402931, 36.34890339643902 ], [ -81.826013225279041, 36.348903940002366 ], [ -81.82592786578131, 36.348903051044751 ], [ -81.825923016179701, 36.348902763811736 ], [ -81.825918217563796, 36.348902005901991 ], [ -81.825831381081926, 36.348883915047338 ], [ -81.825827049600804, 36.348882807980011 ], [ -81.82582283465976, 36.348881317477726 ], [ -81.825667632339233, 36.348818474108903 ], [ -81.825664060254098, 36.348816861696022 ], [ -81.825660625716793, 36.348814973940499 ], [ -81.825574527901708, 36.348763148397104 ], [ -81.825560712427134, 36.348755557425783 ], [ -81.825546342025874, 36.348749078093185 ], [ -81.825472780313135, 36.348719340606785 ], [ -81.825461067842127, 36.348715025932194 ], [ -81.825382796312425, 36.348688935734664 ], [ -81.825364951199631, 36.348683893613611 ], [ -81.825249064740092, 36.34865688240032 ], [ -81.825232788667421, 36.348653793242697 ], [ -81.825014378786264, 36.348621646076232 ], [ -81.825005579493606, 36.348620549624165 ], [ -81.82483294019579, 36.348602914382873 ], [ -81.824814996594483, 36.34860189317132 ], [ -81.824576861427843, 36.348599058218625 ], [ -81.824567123476925, 36.348599179412965 ], [ -81.824412078570944, 36.348604886725667 ], [ -81.824405907593899, 36.348605209411062 ], [ -81.824239064448605, 36.348616520700311 ], [ -81.824224970155953, 36.348617979330179 ], [ -81.823687583766002, 36.348692917073976 ], [ -81.823418445779879, 36.348728806190472 ], [ -81.823415529934138, 36.348729151464525 ], [ -81.823052566152299, 36.348766733768109 ], [ -81.823047405597293, 36.348767133412721 ], [ -81.822740543732266, 36.348782920219058 ], [ -81.822737436019167, 36.348783031679979 ], [ -81.822544545218761, 36.348786947979754 ], [ -81.822539439820218, 36.348787116883159 ], [ -81.822330540705195, 36.348796699962804 ], [ -81.822317475920627, 36.348797729120292 ], [ -81.822189350626616, 36.348812059030699 ], [ -81.82217214104331, 36.348814747017947 ], [ -81.822155230604253, 36.348818922192599 ], [ -81.82205082351436, 36.348849580946741 ], [ -81.822041236998842, 36.348852660149973 ], [ -81.821794787274342, 36.348938721895557 ], [ -81.821793196664203, 36.348939284885297 ], [ -81.82161232928425, 36.34900416194791 ], [ -81.821607614180621, 36.349005722206243 ], [ -81.82144538297905, 36.349054970177271 ], [ -81.82143853394615, 36.349056786871643 ], [ -81.821322811987073, 36.349083130303377 ], [ -81.821315113267389, 36.349084568215744 ], [ -81.821164029335591, 36.349106701384159 ], [ -81.821159943348022, 36.349107214258581 ], [ -81.820909312511105, 36.34913344351483 ], [ -81.820898707039831, 36.34913484104375 ], [ -81.820826945803105, 36.349146257367941 ], [ -81.820805295778925, 36.349150943759632 ], [ -81.820713440641995, 36.349176224983303 ], [ -81.820700674490269, 36.349180202205119 ], [ -81.820496109062447, 36.349251518645218 ], [ -81.820482079187897, 36.349257010798709 ], [ -81.820327718139168, 36.349324247641263 ], [ -81.820324278392732, 36.349325784637514 ], [ -81.819781018311033, 36.349574696520769 ], [ -81.819771098507502, 36.349579577713079 ], [ -81.819596283983202, 36.349671684647937 ], [ -81.819583948764787, 36.349678755103007 ], [ -81.819455201876792, 36.349758762123955 ], [ -81.819444989017384, 36.349765551364641 ], [ -81.819325836569448, 36.349850140448837 ], [ -81.819312576367977, 36.349860417054046 ], [ -81.819094197389177, 36.350044826194328 ], [ -81.818866873678573, 36.350235739323566 ], [ -81.818858798689192, 36.350241850831097 ], [ -81.818767009550015, 36.350304267421897 ], [ -81.818758726053943, 36.3503093300031 ], [ -81.818657687642741, 36.350364527604114 ], [ -81.818652209883794, 36.350367305157981 ], [ -81.818544695473136, 36.350417731738126 ], [ -81.818539216305268, 36.350420104649224 ], [ -81.818443050237804, 36.350458383942922 ], [ -81.818434805932284, 36.350461255280813 ], [ -81.818341216848125, 36.35048933213988 ], [ -81.818336736227067, 36.350490563601383 ], [ -81.818181204983247, 36.350529446626759 ], [ -81.818176753942524, 36.35053045206152 ], [ -81.817981582890567, 36.350569880739194 ], [ -81.817700300537325, 36.350624939980875 ], [ -81.817414254054427, 36.35067998694722 ], [ -81.817403788399787, 36.350682293356307 ], [ -81.817228123762249, 36.350725972208629 ], [ -81.817219905512914, 36.350728202473135 ], [ -81.816995568818655, 36.350794241400365 ], [ -81.816990434944913, 36.350795827927122 ], [ -81.816784489405975, 36.350862515211105 ], [ -81.816781501588125, 36.350863508749725 ], [ -81.81649185212612, 36.350962364715571 ], [ -81.816488106439238, 36.350963561402722 ], [ -81.816199639226497, 36.35104950884039 ], [ -81.816196327801123, 36.351050433786341 ], [ -81.815924124487282, 36.351121443999382 ], [ -81.815919835399086, 36.351122462470308 ], [ -81.81558723546415, 36.351193733488074 ], [ -81.815584740505855, 36.351194235000918 ], [ -81.815176890406548, 36.351270830978237 ], [ -81.815175088722611, 36.351271152302409 ], [ -81.814882368619124, 36.35132059850924 ], [ -81.814877597576029, 36.351321286588103 ], [ -81.814625882601007, 36.351351414613795 ], [ -81.814616065843353, 36.351352101635953 ], [ -81.814332013227101, 36.351357958801309 ], [ -81.814327969395706, 36.351357960396498 ], [ -81.813978973054105, 36.351351039544902 ], [ -81.813975008079993, 36.351351000230721 ], [ -81.813787927368978, 36.351350999864124 ], [ -81.81377407062179, 36.351351480437955 ], [ -81.813640139014325, 36.351360781807614 ], [ -81.813633851377759, 36.351361318270712 ], [ -81.813232833587534, 36.351401915209117 ], [ -81.812769701215075, 36.351444841551483 ], [ -81.812766274808268, 36.351445099763041 ], [ -81.812287825380935, 36.351472893799695 ], [ -81.812284158066603, 36.351473140673249 ], [ -81.812080583505065, 36.351488725128668 ], [ -81.812073411383722, 36.351489404314741 ], [ -81.811896644137519, 36.351509362063695 ], [ -81.811885383135333, 36.351510958932259 ], [ -81.811657444662416, 36.35154992282007 ], [ -81.81165653867987, 36.351550079833373 ], [ -81.811388711255262, 36.351597130660295 ], [ -81.811370528403259, 36.351601206310342 ], [ -81.811352803787628, 36.351606956530397 ], [ -81.811335691269989, 36.351614331404654 ], [ -81.811246882271405, 36.351657616487586 ], [ -81.811241906028329, 36.351659715224443 ], [ -81.811236594053838, 36.351660690221394 ], [ -81.810717494235789, 36.351727040782244 ], [ -81.810702582495296, 36.351729522726622 ], [ -81.810539668935164, 36.351763010493421 ], [ -81.810520556374854, 36.351767933355688 ], [ -81.810414826596102, 36.351800807871982 ], [ -81.810407206131288, 36.351803346202992 ], [ -81.810288205326685, 36.351845657765516 ], [ -81.810264439576883, 36.351855883939713 ], [ -81.810125787010421, 36.351926501372311 ], [ -81.810104937441295, 36.3519387616223 ], [ -81.810010969973803, 36.352001961417002 ], [ -81.809993716846179, 36.352014972219884 ], [ -81.809902775954484, 36.352091598198285 ], [ -81.809886112009281, 36.35210735894222 ], [ -81.809786706656482, 36.352212814540451 ], [ -81.809772241294709, 36.352229999317515 ], [ -81.809575249648645, 36.352492654478468 ], [ -81.809568972141818, 36.352501515854961 ], [ -81.809448722039676, 36.352681425031037 ], [ -81.809438171876607, 36.352699118571373 ], [ -81.809313544473923, 36.352934952679739 ], [ -81.80931244978612, 36.352937054215417 ], [ -81.809200257720121, 36.353155585736843 ], [ -81.80919529849433, 36.353164169029981 ], [ -81.80909593460477, 36.353317991189158 ], [ -81.809091836132083, 36.353323863234763 ], [ -81.808952552741545, 36.353508925769781 ], [ -81.808949324648864, 36.353512990782832 ], [ -81.808816130834757, 36.353672056536752 ], [ -81.808807249943342, 36.353681371163098 ], [ -81.808686710852939, 36.353792493191854 ], [ -81.808681093447106, 36.353797299901636 ], [ -81.80853318229137, 36.353914674890284 ], [ -81.808524469511042, 36.353920859686895 ], [ -81.80830811372158, 36.354057658205051 ], [ -81.808303804755255, 36.354060233603356 ], [ -81.808074810752004, 36.354189410358742 ], [ -81.8080690755489, 36.354192405239409 ], [ -81.807885125195071, 36.354281009238541 ], [ -81.807876692946238, 36.354284604250942 ], [ -81.807749737953259, 36.354331975300241 ], [ -81.807744189028014, 36.354333862419587 ], [ -81.807646842876096, 36.354363815314471 ], [ -81.807642956317366, 36.354364841777993 ], [ -81.807638999745663, 36.354365552063591 ], [ -81.807522931871617, 36.354381593520003 ], [ -81.807517031494854, 36.354382231178207 ], [ -81.807393901190721, 36.354391850950975 ], [ -81.807390077816549, 36.354392076084231 ], [ -81.807143759346189, 36.354401850835004 ], [ -81.80713623219917, 36.354402291780481 ], [ -81.806890436555577, 36.35442134580645 ], [ -81.806873630776167, 36.354423367034869 ], [ -81.806786392098218, 36.354437626865604 ], [ -81.806769737262556, 36.354441082131309 ], [ -81.806676344906876, 36.354464640617032 ], [ -81.806657908464459, 36.354470248726713 ], [ -81.806399587056177, 36.354562641504131 ], [ -81.806386577475777, 36.354567815025526 ], [ -81.80606120407495, 36.35471059028049 ], [ -81.806054829089149, 36.354713522070462 ], [ -81.805603203868387, 36.354930897417667 ], [ -81.805602777885284, 36.354931103071813 ], [ -81.805159514889638, 36.355145746257016 ], [ -81.805158464464498, 36.355146247384063 ], [ -81.804610706615932, 36.355403664362584 ], [ -81.804296432043913, 36.355548336613317 ], [ -81.804293527681963, 36.355549618031901 ], [ -81.804137496014576, 36.355615519629232 ], [ -81.804133945038529, 36.355616862676634 ], [ -81.804130302247898, 36.355617931921316 ], [ -81.804043946770463, 36.355639748764474 ], [ -81.804038953752126, 36.355640742013463 ], [ -81.804033885455553, 36.355641220705401 ], [ -81.80392726472023, 36.355645815844376 ], [ -81.803922998771824, 36.355645817128298 ], [ -81.803918748311389, 36.355645453940056 ], [ -81.803826881155203, 36.355633629355893 ], [ -81.803822046074941, 36.355632762995576 ], [ -81.803817319738627, 36.355631424965559 ], [ -81.803651313490704, 36.355575457660223 ], [ -81.803647075184614, 36.355573809972846 ], [ -81.803643004584373, 36.355571783073103 ], [ -81.80349664127165, 36.355490373475867 ], [ -81.803477548030983, 36.355481045308515 ], [ -81.803457572841054, 36.355473795595913 ], [ -81.803329314462104, 36.355434821939987 ], [ -81.803307650177302, 36.355429538127005 ], [ -81.803285532341107, 36.355426698895116 ], [ -81.803263235911359, 36.355426339540223 ], [ -81.803202591454095, 36.355428746050912 ], [ -81.803181778791611, 36.355430664926985 ], [ -81.803161280036576, 36.355434745373884 ], [ -81.803141319060501, 36.355440942828132 ], [ -81.80304784716391, 36.355475414659217 ], [ -81.803030382411308, 36.35548281418923 ], [ -81.803013697167998, 36.355491834903347 ], [ -81.802926851702054, 36.355544255219783 ], [ -81.802911597366005, 36.355554445536271 ], [ -81.802585146838368, 36.355794885237863 ], [ -81.802584834909894, 36.355795115448331 ], [ -81.802255259587497, 36.356038843464709 ], [ -81.802246896813159, 36.356045378147115 ], [ -81.801796243861062, 36.356417191641427 ], [ -81.801780512446626, 36.356431650593997 ], [ -81.801680526519064, 36.356533926085191 ], [ -81.801665897122774, 36.356550656928626 ], [ -81.801653214375762, 36.356568907635065 ], [ -81.801642634891024, 36.356588452835503 ], [ -81.801631126948038, 36.356612863295709 ], [ -81.801624645584099, 36.356628244803169 ], [ -81.801619469358627, 36.356644113184934 ], [ -81.801571425443868, 36.356815325614569 ], [ -81.801567347032389, 36.356832857906497 ], [ -81.801507251607134, 36.357156593884135 ], [ -81.80150668950327, 36.357159397893497 ], [ -81.801451101641291, 36.357417486349618 ], [ -81.801450874777814, 36.357418513381837 ], [ -81.801428242805599, 36.357518471579596 ], [ -81.801426687300477, 36.357523894583672 ], [ -81.801424528396893, 36.357529106848553 ], [ -81.801361075039409, 36.357660680334156 ], [ -81.801358805454441, 36.357664861449777 ], [ -81.801355442712648, 36.357668226670732 ], [ -81.801154838941329, 36.357850593268857 ], [ -81.801144609491587, 36.357858736336155 ], [ -81.801031163257591, 36.357937492172958 ], [ -81.801026742751745, 36.357940390833178 ], [ -81.800936619791003, 36.357996137278143 ], [ -81.800927078746525, 36.358001343895253 ], [ -81.800828560434908, 36.358048343084825 ], [ -81.800817137125847, 36.358052951345869 ], [ -81.800710348636386, 36.358088547987919 ], [ -81.800701518441656, 36.358091047317863 ], [ -81.8005670336496, 36.358122522274847 ], [ -81.800562929308327, 36.358123392456562 ], [ -81.800077043513426, 36.358215800166271 ], [ -81.800074934408599, 36.358216177917072 ], [ -81.799602097814144, 36.358295646633209 ], [ -81.799597872118071, 36.358296264357683 ], [ -81.799159235762289, 36.358350845633723 ], [ -81.799156742776589, 36.35835112413929 ], [ -81.798744722839828, 36.358391927683698 ], [ -81.79874325920396, 36.35839206177782 ], [ -81.798364901000227, 36.358423923815877 ], [ -81.798007937824693, 36.358450703944229 ], [ -81.798000031612176, 36.358450982877677 ], [ -81.797773146843653, 36.358450001048027 ], [ -81.797615937158469, 36.358449076623558 ], [ -81.797590143443372, 36.358450594025818 ], [ -81.797495000759625, 36.358462394729912 ], [ -81.797474244507626, 36.358466088847791 ], [ -81.79745399243788, 36.358471947360854 ], [ -81.797389290462945, 36.358494422411759 ], [ -81.79736914188328, 36.35850267596075 ], [ -81.797294864619261, 36.358537939136603 ], [ -81.797280330316781, 36.358545585726759 ], [ -81.797266472387903, 36.358554399017677 ], [ -81.797187906955713, 36.358609020526742 ], [ -81.797175382241093, 36.358618478143939 ], [ -81.797163637677158, 36.358628888725917 ], [ -81.797010047918889, 36.358776191270778 ], [ -81.796998442229992, 36.358788295991985 ], [ -81.796744175956277, 36.359076790565886 ], [ -81.796743807075131, 36.359077210284894 ], [ -81.796512837046109, 36.359340753316808 ], [ -81.796507288868156, 36.35934736658561 ], [ -81.796344533048682, 36.359550096277509 ], [ -81.79633407977235, 36.359564366517446 ], [ -81.796327582765713, 36.359574112421811 ], [ -81.796326380196362, 36.359575875298141 ], [ -81.796272521035817, 36.359653046888795 ], [ -81.796261039622578, 36.359671573008271 ], [ -81.796251642308619, 36.359691238471477 ], [ -81.796102204097181, 36.360053485033738 ], [ -81.796101772972591, 36.360054513790708 ], [ -81.796019211672245, 36.360248481066485 ], [ -81.796018772406526, 36.360249521203194 ], [ -81.795943991748501, 36.360427998235608 ], [ -81.79580888117566, 36.360750487547698 ], [ -81.795805323108439, 36.360759599165199 ], [ -81.795684283335063, 36.361093434785481 ], [ -81.795681431706669, 36.361100456865159 ], [ -81.795616765547308, 36.361243847776215 ], [ -81.795610413746303, 36.361255723719538 ], [ -81.795540982039043, 36.361366813897106 ], [ -81.795536766092297, 36.361373027299166 ], [ -81.795445491172515, 36.361497236645718 ], [ -81.795437953658706, 36.361506316946219 ], [ -81.795343208221027, 36.361607629343943 ], [ -81.795338624296164, 36.361612222646372 ], [ -81.795262797437971, 36.361683425536995 ], [ -81.795254832941922, 36.361690157890308 ], [ -81.795184477776814, 36.361743592677151 ], [ -81.795175150647523, 36.361749881482268 ], [ -81.795099408472396, 36.361794966338053 ], [ -81.795095921465816, 36.361796858420114 ], [ -81.795092295173006, 36.361798467515925 ], [ -81.794966813962461, 36.36184827608416 ], [ -81.794963140680949, 36.361849651389477 ], [ -81.794809583605286, 36.361903734770209 ], [ -81.794802311939449, 36.361905988535781 ], [ -81.79467414197768, 36.361940422541942 ], [ -81.794669815945255, 36.361941482053737 ], [ -81.794534953498555, 36.361971344574698 ], [ -81.794528993563233, 36.361972475777492 ], [ -81.794369650406239, 36.361997737281236 ], [ -81.794366323961398, 36.361998207499447 ], [ -81.79420016561447, 36.362018854558336 ], [ -81.794197813841436, 36.362019118573762 ], [ -81.793870650372341, 36.362051931458403 ], [ -81.793849506144213, 36.362055202304006 ], [ -81.793767928638829, 36.362072333433581 ], [ -81.793752214582142, 36.362076304433181 ], [ -81.793663872553907, 36.362102479598803 ], [ -81.793640635919559, 36.362110959831583 ], [ -81.793492536880592, 36.362175647309307 ], [ -81.793478288133898, 36.362182554996956 ], [ -81.793464630529641, 36.362190568284475 ], [ -81.793259874774023, 36.36232186818502 ], [ -81.793249776830152, 36.362327545708965 ], [ -81.793089347050511, 36.362405873239844 ], [ -81.79308557032094, 36.36240749555774 ], [ -81.793087697143974, 36.362403978140215 ], [ -81.793223535546304, 36.362202107075582 ], [ -81.793233629663561, 36.362185399831056 ], [ -81.793317561440446, 36.362029796585198 ], [ -81.793318412949148, 36.362028200721902 ], [ -81.79338932229615, 36.361893845942852 ], [ -81.793397753425197, 36.361875733238513 ], [ -81.793447334590567, 36.361753618292425 ], [ -81.793448619906002, 36.361750371622399 ], [ -81.793493950157071, 36.361632882153991 ], [ -81.793499356644887, 36.361616890106241 ], [ -81.793531640900639, 36.361506201612265 ], [ -81.793532326472402, 36.361503795188028 ], [ -81.793573615967631, 36.361355347146805 ], [ -81.793574402947328, 36.361352663649143 ], [ -81.793627693141502, 36.361179933096132 ], [ -81.793634223850148, 36.361151591749312 ], [ -81.793652417970605, 36.36103415330161 ], [ -81.793654515209738, 36.36101373949618 ], [ -81.793667850242628, 36.360752758828028 ], [ -81.793668055897555, 36.360747239382242 ], [ -81.79367690971749, 36.360369492535803 ], [ -81.793676951419741, 36.360362507338351 ], [ -81.793672018721665, 36.359933378581303 ], [ -81.793671907479705, 36.359928622872175 ], [ -81.793660115424842, 36.359594517604691 ], [ -81.793659743496136, 36.35958748996574 ], [ -81.793648038770684, 36.359421667417699 ], [ -81.793647953466788, 36.359420331689492 ], [ -81.793642371887486, 36.359322659979568 ], [ -81.793641167790426, 36.359309380400191 ], [ -81.793616756597928, 36.359113153268837 ], [ -81.79361484591962, 36.359100905957391 ], [ -81.793589617672723, 36.35896665634305 ], [ -81.793585609777637, 36.358949520802952 ], [ -81.793548072477137, 36.358815852335113 ], [ -81.793545755712117, 36.358808194353109 ], [ -81.793500160943381, 36.358667686298205 ], [ -81.793495357765522, 36.358654483278535 ], [ -81.793440446125018, 36.358518599125354 ], [ -81.79343739852132, 36.358511459625007 ], [ -81.793332405376162, 36.358278143732349 ], [ -81.793329468618467, 36.358271907158532 ], [ -81.793206602836065, 36.358022242472977 ], [ -81.793205363352101, 36.358019767215396 ], [ -81.793073926457737, 36.357761762377557 ], [ -81.793067689805895, 36.35775044032259 ], [ -81.792980464939916, 36.357603534734096 ], [ -81.792970876434111, 36.357588886526898 ], [ -81.792890200226481, 36.357476682873695 ], [ -81.792887746456685, 36.357473343728863 ], [ -81.792688080596108, 36.357207451079901 ], [ -81.792685954620481, 36.357204510287495 ], [ -81.79251309202985, 36.356956019841306 ], [ -81.79250911813493, 36.356949833887846 ], [ -81.792400626008728, 36.356766452714268 ], [ -81.79239513037227, 36.35675768897196 ], [ -81.792333409741559, 36.35666469764282 ], [ -81.792322302295588, 36.356649556746667 ], [ -81.792309823779647, 36.356635524329469 ], [ -81.792195506009946, 36.356518526938771 ], [ -81.792194484661707, 36.356517466135742 ], [ -81.791975533691655, 36.356286679941675 ], [ -81.791973097139689, 36.356283913926632 ], [ -81.791970871359581, 36.356280975640779 ], [ -81.791905135289412, 36.356187193045621 ], [ -81.791889638058805, 36.35616777262593 ], [ -81.791820962364767, 36.356091902509405 ], [ -81.791806416405805, 36.356077404034444 ], [ -81.791790460287118, 36.356064473722213 ], [ -81.791773262262254, 36.356053247919846 ], [ -81.791755003680379, 36.356043845000819 ], [ -81.791684322915927, 36.356011924334709 ], [ -81.791668755409205, 36.356005666005331 ], [ -81.791652718122393, 36.356000734536643 ], [ -81.791570083179394, 36.355979073173017 ], [ -81.791561856908913, 36.355977101733686 ], [ -81.791437058032088, 36.355949970848307 ], [ -81.791418781340553, 36.355946876646705 ], [ -81.791314858655468, 36.355934203466646 ], [ -81.791295052770479, 36.355932781217717 ], [ -81.791082481509576, 36.355928098847187 ], [ -81.791078013870134, 36.355927799386599 ], [ -81.791073689504785, 36.355926709403555 ], [ -81.790942372327592, 36.355887314717869 ], [ -81.790938092416837, 36.35588581430045 ], [ -81.790934640817568, 36.355882886841755 ], [ -81.790842925768871, 36.355797657193932 ], [ -81.790839219707507, 36.355793822402447 ], [ -81.790836416301204, 36.355789285726324 ], [ -81.790758346250811, 36.3556463126083 ], [ -81.790756213965665, 36.355641906123708 ], [ -81.790754524165735, 36.355637311744452 ], [ -81.790716632909465, 36.355516244895142 ], [ -81.790713934939845, 36.355505606775388 ], [ -81.790696669406472, 36.355417464310108 ], [ -81.790695558220534, 36.355410496085298 ], [ -81.790686602462031, 36.355337953481765 ], [ -81.790686240126789, 36.355332994213875 ], [ -81.790686373717932, 36.355328023521835 ], [ -81.790693572306893, 36.355234439883617 ], [ -81.790694283443798, 36.355229055432552 ], [ -81.790695576547762, 36.355223780405723 ], [ -81.79074163855762, 36.355072160420924 ], [ -81.790742329594153, 36.355069835162574 ], [ -81.79077238356976, 36.354966414278856 ], [ -81.790777970482566, 36.354941224545037 ], [ -81.790796430025296, 36.354822079035408 ], [ -81.790798519758411, 36.354801814165711 ], [ -81.790804547493437, 36.354685563708713 ], [ -81.790804700950531, 36.354668430211262 ], [ -81.790801537327255, 36.354575122415334 ], [ -81.790800345460269, 36.354559074533057 ], [ -81.79079786727749, 36.354543174417252 ], [ -81.790786624722685, 36.354486209916843 ], [ -81.790785253175628, 36.35447981309283 ], [ -81.790766209072061, 36.354397577761048 ], [ -81.790760844475699, 36.354378686240203 ], [ -81.790741282331581, 36.354320782599579 ], [ -81.790736220224474, 36.354307398239058 ], [ -81.790659967801204, 36.354125710636893 ], [ -81.790658240609943, 36.35412092387125 ], [ -81.790657010562839, 36.354115985926256 ], [ -81.790632846033489, 36.353992375748888 ], [ -81.790632188459369, 36.353987979610572 ], [ -81.790632322063288, 36.353983554233395 ], [ -81.790643620688073, 36.353831972963341 ], [ -81.790644236472701, 36.353827042892085 ], [ -81.790645340005256, 36.353822198616172 ], [ -81.790692909787694, 36.353652847994155 ], [ -81.790694140506716, 36.353649055595994 ], [ -81.790695670073902, 36.353645373561115 ], [ -81.790761124224503, 36.353504030720778 ], [ -81.790763161796562, 36.353500098640438 ], [ -81.790765540130067, 36.353496362802083 ], [ -81.790919067835546, 36.353277317815454 ], [ -81.790920956399916, 36.353274713477674 ], [ -81.791061048472329, 36.353087923854837 ], [ -81.791066737507848, 36.353079937878796 ], [ -81.79110746997695, 36.353019687113004 ], [ -81.791115957656913, 36.353005970935691 ], [ -81.79116242985198, 36.35292362545335 ], [ -81.791173948271407, 36.352899606180721 ], [ -81.791188938438211, 36.35286213097406 ], [ -81.791194844443694, 36.352845202110593 ], [ -81.791199210611069, 36.352827812346312 ], [ -81.791202001850849, 36.352810101437257 ], [ -81.791226834624595, 36.352588260596661 ], [ -81.791228053895011, 36.352568986285831 ], [ -81.791227408443334, 36.352549684237481 ], [ -81.791209720538873, 36.352333742163218 ], [ -81.791207308485951, 36.352315107202571 ], [ -81.791203158218096, 36.352296780854481 ], [ -81.791197306369696, 36.35227892488551 ], [ -81.791189804594964, 36.352261696910197 ], [ -81.791180719112049, 36.352245248999758 ], [ -81.791170130118431, 36.352229726339814 ], [ -81.791038725506752, 36.352055301595655 ], [ -81.791035393184345, 36.352050602497286 ], [ -81.791019208275401, 36.352026326094006 ], [ -81.790982844427816, 36.35197131643735 ], [ -81.790980236181255, 36.351966888575532 ], [ -81.790978592900842, 36.351962017138646 ], [ -81.790909952817415, 36.351717427159357 ], [ -81.790908275465441, 36.351710513166942 ], [ -81.790854843232353, 36.351450151591195 ], [ -81.79085416967186, 36.35144597880258 ], [ -81.790854210829281, 36.351441767373537 ], [ -81.790864774122127, 36.351238191768942 ], [ -81.790865166191097, 36.351234024404171 ], [ -81.790865906214719, 36.351229904572946 ], [ -81.790874060764807, 36.351193385531978 ], [ -81.790877510383595, 36.35117306211545 ], [ -81.790878849717643, 36.351152491570645 ], [ -81.790878064538489, 36.351131892429336 ], [ -81.790875163187508, 36.35111148352707 ], [ -81.790870176487289, 36.351091481678402 ], [ -81.790863157414179, 36.351072099373539 ], [ -81.790836731718045, 36.351009422975118 ], [ -81.790828558674093, 36.350992344856358 ], [ -81.790818807358335, 36.350976116097058 ], [ -81.790807565157351, 36.35096088213156 ], [ -81.790794932818386, 36.350946779479337 ], [ -81.790781023546359, 36.350933934521592 ], [ -81.790765961989493, 36.350922462368672 ], [ -81.790749883122245, 36.350912465828493 ], [ -81.790715566914642, 36.350893320905314 ], [ -81.79071441416292, 36.350892682758044 ], [ -81.790577582317539, 36.350817522340193 ], [ -81.790573160286755, 36.350814782702422 ], [ -81.790569404596582, 36.350811183429762 ], [ -81.79046702302945, 36.350702226369187 ], [ -81.790464145761248, 36.350698879092491 ], [ -81.790461913117127, 36.350695091487204 ], [ -81.790399491040617, 36.35057770063996 ], [ -81.790397254604997, 36.35057289405546 ], [ -81.790395541551788, 36.350567877049471 ], [ -81.79036824247197, 36.350471421538614 ], [ -81.790367198847022, 36.350466961694039 ], [ -81.79036656882424, 36.350462424907484 ], [ -81.790325153091672, 36.350013753655745 ], [ -81.790324891201749, 36.350010241865562 ], [ -81.790306077895593, 36.349679533799204 ], [ -81.790305950576851, 36.349676465430086 ], [ -81.790299247314493, 36.349419827615918 ], [ -81.790297771348293, 36.3494002449589 ], [ -81.79029140595037, 36.349349317266856 ], [ -81.79029046626269, 36.349342699649362 ], [ -81.790285027954297, 36.349308515318747 ], [ -81.790282528046291, 36.349295568111188 ], [ -81.790243119251798, 36.349122355964624 ], [ -81.790237976138471, 36.349103890934167 ], [ -81.790198508224535, 36.348984627155282 ], [ -81.790190310874195, 36.348963832203182 ], [ -81.790141255309706, 36.348857264563399 ], [ -81.790131806270779, 36.348839218457869 ], [ -81.790042839127224, 36.348688518515722 ], [ -81.790034661107114, 36.348675791350267 ], [ -81.789941217979447, 36.348541797971556 ], [ -81.789923160107492, 36.348519501638727 ], [ -81.789835086319243, 36.34842544133658 ], [ -81.789824506089346, 36.348414953703866 ], [ -81.789741309898673, 36.348338413918945 ], [ -81.789729625501266, 36.348328464435738 ], [ -81.789717212612004, 36.348319440160758 ], [ -81.789634336427611, 36.348263920226941 ], [ -81.789619241180446, 36.348254746621869 ], [ -81.78955875268683, 36.348221552369495 ], [ -81.789544738498989, 36.348214561252654 ], [ -81.789530220250825, 36.348208688123506 ], [ -81.789437872547083, 36.348175475228992 ], [ -81.789423947298204, 36.348171034577739 ], [ -81.78930945619058, 36.348139083178197 ], [ -81.789294387433074, 36.34813550056549 ], [ -81.78916773931418, 36.348110527667302 ], [ -81.789152147302076, 36.348108087830951 ], [ -81.789044206765695, 36.348095536900175 ], [ -81.789017689071116, 36.348094227648325 ], [ -81.788824596929345, 36.348097528130594 ], [ -81.78880634821742, 36.348098676006742 ], [ -81.788788280603455, 36.348101485709947 ], [ -81.788770545102494, 36.348105933755797 ], [ -81.788650349706842, 36.348141992584623 ], [ -81.788624318962178, 36.348151822653946 ], [ -81.788601052874355, 36.348162512570291 ], [ -81.788598935969247, 36.348163500223677 ], [ -81.788524873901778, 36.348198582388683 ], [ -81.788523100911064, 36.348199401128738 ], [ -81.78848591593902, 36.348216134006343 ], [ -81.788482085803679, 36.348217906358691 ], [ -81.788406603191646, 36.348253806827763 ], [ -81.788401928243033, 36.34825574427196 ], [ -81.788396886648485, 36.348256181490711 ], [ -81.788267194231864, 36.348260780070817 ], [ -81.788254808938916, 36.348260450480147 ], [ -81.788175063443333, 36.348253362216035 ], [ -81.788171019003968, 36.348252835365365 ], [ -81.78816703110742, 36.348251979946184 ], [ -81.788013128894988, 36.348212323887182 ], [ -81.788003022676136, 36.348209139694362 ], [ -81.787790210552501, 36.348129456912183 ], [ -81.787787784494768, 36.348128512339528 ], [ -81.787661300581661, 36.348077360536728 ], [ -81.787644413397246, 36.348071396101695 ], [ -81.787545145761442, 36.348041261544736 ], [ -81.78754106125497, 36.348039825244207 ], [ -81.787537116685584, 36.348038040160048 ], [ -81.787290456362584, 36.347913247783708 ], [ -81.787285492080329, 36.347910821750574 ], [ -81.787039045450996, 36.347794573277483 ], [ -81.787022720262456, 36.347787738520864 ], [ -81.787005854770712, 36.347782373740628 ], [ -81.78682389488732, 36.347733244650733 ], [ -81.786822091570187, 36.347732739592388 ], [ -81.786568474308908, 36.347659140603106 ], [ -81.786567507862472, 36.347658862775482 ], [ -81.786124656421819, 36.347532759229232 ], [ -81.786119373044642, 36.347531095224376 ], [ -81.785972960907273, 36.347480483458064 ], [ -81.785946530737164, 36.347473330206384 ], [ -81.785845446266663, 36.347453280080174 ], [ -81.785832466859418, 36.347451146580696 ], [ -81.785714369389581, 36.347435703358862 ], [ -81.785703583026674, 36.347434589330746 ], [ -81.785559197654777, 36.347423623388586 ], [ -81.785542760491751, 36.347423053211699 ], [ -81.78539830327702, 36.347423985673252 ], [ -81.785393679861187, 36.347424068975485 ], [ -81.785233607789408, 36.347428804678252 ], [ -81.785220401428987, 36.347429633314 ], [ -81.785050602402379, 36.347445941425335 ], [ -81.785049380338521, 36.347446062584403 ], [ -81.784650294070246, 36.347486866868486 ], [ -81.784647690647603, 36.347487150288259 ], [ -81.784308073900235, 36.347526373905133 ], [ -81.784280277654943, 36.347531597278575 ], [ -81.783868555435134, 36.34763958983266 ], [ -81.783865413857427, 36.347640359767198 ], [ -81.783620089855589, 36.347696293430722 ], [ -81.78361391688361, 36.347697804425991 ], [ -81.78340748513115, 36.347751824277374 ], [ -81.783402986301624, 36.347752780834718 ], [ -81.78339844714219, 36.34775203887753 ], [ -81.78304503875178, 36.347677279466176 ], [ -81.783033146769114, 36.347673984896367 ], [ -81.782896233598962, 36.347626773246986 ], [ -81.782891787045429, 36.347625120917591 ], [ -81.782736671167243, 36.34756325408614 ], [ -81.782720783998244, 36.347557680557507 ], [ -81.782704484346084, 36.34755346301084 ], [ -81.782593214432694, 36.347529619387728 ], [ -81.782575693499297, 36.34752667198228 ], [ -81.782557980125361, 36.347525291152785 ], [ -81.78254021410055, 36.34752548779641 ], [ -81.782334668245085, 36.347536907415794 ], [ -81.782331315914931, 36.347537121916787 ], [ -81.781977607451338, 36.347562738481138 ], [ -81.781970387330588, 36.347563393123536 ], [ -81.781825205972766, 36.347579214350468 ], [ -81.781810852795459, 36.347581307599206 ], [ -81.781676350215861, 36.34760593421781 ], [ -81.781675632052654, 36.347606067064888 ], [ -81.781480251924705, 36.347642577890497 ], [ -81.781475739926833, 36.347643474873394 ], [ -81.78107025889642, 36.347728943358803 ], [ -81.780869653816211, 36.347770654618039 ], [ -81.780866317750721, 36.347771289359358 ], [ -81.780760838313057, 36.347789508105294 ], [ -81.780755120857989, 36.34779032634335 ], [ -81.780556593529269, 36.347812907887842 ], [ -81.780537538604776, 36.347816013135784 ], [ -81.780444107504195, 36.347835910415718 ], [ -81.780433939717994, 36.347838355302883 ], [ -81.780284290671744, 36.347878505296684 ], [ -81.780265973475309, 36.347884377413912 ], [ -81.780029813195711, 36.347972820346349 ], [ -81.78001831663191, 36.347977538110136 ], [ -81.779907762350177, 36.348026972306165 ], [ -81.77989446337601, 36.348033520704085 ], [ -81.779822831255331, 36.34807215420885 ], [ -81.779801951126828, 36.348085132315262 ], [ -81.779561126539022, 36.348256194405323 ], [ -81.779558834468787, 36.348257774960729 ], [ -81.779432506628268, 36.348342316993858 ], [ -81.779427378756807, 36.348345528406291 ], [ -81.779272719471763, 36.348435989207665 ], [ -81.779269224441322, 36.348437940640125 ], [ -81.779136741353085, 36.348508471091165 ], [ -81.779126996696789, 36.348513004133579 ], [ -81.778979394352874, 36.348572233376437 ], [ -81.778974958173578, 36.348573773575509 ], [ -81.778970267049758, 36.34857356083608 ], [ -81.778893646388568, 36.348566433488671 ], [ -81.778889062117159, 36.348565789789255 ], [ -81.778885029882247, 36.348563515811634 ], [ -81.778783542480966, 36.348499854617621 ], [ -81.778779170174076, 36.348496772952359 ], [ -81.778775153475351, 36.3484932402678 ], [ -81.778632365700304, 36.34835336795723 ], [ -81.778335850745421, 36.348059841372617 ], [ -81.778332082772039, 36.348056207763349 ], [ -81.778070137634231, 36.347810137302474 ], [ -81.777807886242343, 36.347562787497104 ], [ -81.777804050455671, 36.347559262920598 ], [ -81.777538991300275, 36.347322000489903 ], [ -81.777277435387759, 36.347087873928899 ], [ -81.777266204606775, 36.347078536650116 ], [ -81.777141883806593, 36.346982631981284 ], [ -81.777121224611051, 36.346968658954253 ], [ -81.776837454246973, 36.346801519045407 ], [ -81.776822686040632, 36.3467936338158 ], [ -81.776807310100864, 36.346787011335856 ], [ -81.776482574193565, 36.346662987253019 ], [ -81.776477466143632, 36.346660872758079 ], [ -81.776240161069282, 36.346554862425307 ], [ -81.77623611084978, 36.346552826476504 ], [ -81.776232762462229, 36.346549770716734 ], [ -81.776178137091762, 36.346495145712488 ], [ -81.776175143437968, 36.346491873194893 ], [ -81.776172786859689, 36.346488136534489 ], [ -81.776077249119098, 36.346320709648431 ], [ -81.776071509644439, 36.346308913340145 ], [ -81.776022891866987, 36.346189661465019 ], [ -81.776018859180965, 36.346180440642456 ], [ -81.775939212037315, 36.346010131236874 ], [ -81.775930307693656, 36.345993242301965 ], [ -81.775919833500936, 36.345977279384158 ], [ -81.775907884911362, 36.345962387954899 ], [ -81.775876020422729, 36.345926344723452 ], [ -81.775865591900015, 36.345915410362643 ], [ -81.775854367634167, 36.34590529452413 ], [ -81.775673981324374, 36.34575467241423 ], [ -81.775657351496761, 36.345742194369869 ], [ -81.77548522420102, 36.345626516471533 ], [ -81.775475242678041, 36.345618853508576 ], [ -81.775350707768553, 36.345510119250363 ], [ -81.775341824805338, 36.345501325235624 ], [ -81.775211858538412, 36.345355462269225 ], [ -81.775202972250597, 36.345343886239448 ], [ -81.775139592376121, 36.345247478156232 ], [ -81.775133136227311, 36.345236097722861 ], [ -81.775062352679385, 36.345089748504506 ], [ -81.775061641718693, 36.345088246850899 ], [ -81.77494654820751, 36.34483983739289 ], [ -81.774936396334255, 36.344820713995922 ], [ -81.774844077514842, 36.344667463137959 ], [ -81.774839724655251, 36.344659528590519 ], [ -81.774829630183746, 36.34464306631164 ], [ -81.774817995124508, 36.344627654291095 ], [ -81.774806936449181, 36.34461438951341 ], [ -81.774712400454462, 36.344483566025509 ], [ -81.774711590335528, 36.344482428290576 ], [ -81.774581304763018, 36.344296723348521 ], [ -81.774574411250768, 36.344287476593102 ], [ -81.774476727869995, 36.344164040835999 ], [ -81.77445779301182, 36.34414329278345 ], [ -81.774367681661118, 36.344057512901358 ], [ -81.774360127454898, 36.344050679933552 ], [ -81.774234024234474, 36.343942325332236 ], [ -81.774223681912915, 36.343934018660526 ], [ -81.77408259882391, 36.343828205788313 ], [ -81.774071103675382, 36.343820197719104 ], [ -81.77398123671864, 36.343762158515275 ], [ -81.773882802487776, 36.343698177549868 ], [ -81.773879154029402, 36.343695861779878 ], [ -81.773581910400196, 36.343511668174557 ], [ -81.77356983117086, 36.343504752788981 ], [ -81.773397975959028, 36.343414154843209 ], [ -81.773385807560828, 36.343408256733468 ], [ -81.773270886797548, 36.343357276913331 ], [ -81.773246511938581, 36.343348308902378 ], [ -81.773131451559678, 36.343314277286588 ], [ -81.773116872061124, 36.343310555358023 ], [ -81.773102054002678, 36.343307940081004 ], [ -81.772965547017378, 36.343289111425761 ], [ -81.772942960680695, 36.343287291838422 ], [ -81.772920313483183, 36.343288038797098 ], [ -81.77287486764493, 36.343292123946554 ], [ -81.772854202080595, 36.343295075419121 ], [ -81.772833956729968, 36.343300164870783 ], [ -81.772761579144799, 36.343322434751769 ], [ -81.772738919157405, 36.343330939272178 ], [ -81.772548901556434, 36.343415701985656 ], [ -81.772543123792175, 36.343418390490207 ], [ -81.77238636421589, 36.343494394993137 ], [ -81.772375345488385, 36.343498946905392 ], [ -81.772298901036805, 36.343525306751609 ], [ -81.772293930024972, 36.343526736892471 ], [ -81.772288837541666, 36.343527644017449 ], [ -81.772201407174208, 36.343538572932175 ], [ -81.772194553902111, 36.343539190940966 ], [ -81.772145152998419, 36.343541936081294 ], [ -81.772142828279613, 36.34354203814636 ], [ -81.772083913252516, 36.343543938262854 ], [ -81.772080068911336, 36.343543988297256 ], [ -81.771927073194561, 36.343543037883116 ], [ -81.771914959015987, 36.343542224861352 ], [ -81.771676800474083, 36.343511618125575 ], [ -81.77167204317071, 36.343510770628313 ], [ -81.771667390266074, 36.343509466532936 ], [ -81.771577693954526, 36.343479568042184 ], [ -81.771568466228686, 36.343475975019665 ], [ -81.77147157265091, 36.343432603298901 ], [ -81.771464546124847, 36.343429121049354 ], [ -81.771361652633203, 36.343372997436489 ], [ -81.771354509732873, 36.343368705651045 ], [ -81.771185288241398, 36.343257173851448 ], [ -81.771178875225445, 36.343252573980493 ], [ -81.771081693608451, 36.343176884256096 ], [ -81.771074574756398, 36.343170782293562 ], [ -81.771012294424381, 36.343112112300943 ], [ -81.77100598366259, 36.343105602400826 ], [ -81.770934112052487, 36.343024396255451 ], [ -81.770930028750314, 36.343019473966734 ], [ -81.770831317888337, 36.342892420894565 ], [ -81.770830669349237, 36.342891576911704 ], [ -81.77072664622132, 36.342754703791485 ], [ -81.770716517700976, 36.342742423653739 ], [ -81.770705444647831, 36.342730987911459 ], [ -81.770623647021765, 36.342652977510674 ], [ -81.770608363112601, 36.342639807457118 ], [ -81.770591830102759, 36.342628244249291 ], [ -81.770485312991525, 36.34256148357322 ], [ -81.770466482252218, 36.342551048702894 ], [ -81.77044663899369, 36.342542698352453 ], [ -81.7703439370854, 36.342505851171872 ], [ -81.770327833204988, 36.342500829241345 ], [ -81.770221175149032, 36.342472443960709 ], [ -81.770202617574967, 36.342468437619324 ], [ -81.770094112557288, 36.342450354046044 ], [ -81.770065678072697, 36.342447682391295 ], [ -81.769954129787877, 36.342445203032327 ], [ -81.769935871652137, 36.342445631276028 ], [ -81.76982136719333, 36.342453558961466 ], [ -81.76980865685546, 36.342454847970657 ], [ -81.769535085373164, 36.34249145265165 ], [ -81.769526866300666, 36.342492208582925 ], [ -81.76931837131805, 36.342502729114528 ], [ -81.769313023037128, 36.342502710688301 ], [ -81.769307802343462, 36.342501549307741 ], [ -81.769174856103888, 36.342464360776923 ], [ -81.769170134240753, 36.342462778875046 ], [ -81.769166767486638, 36.342459109628315 ], [ -81.769085750150523, 36.342361330323058 ], [ -81.769083154362903, 36.34235790634402 ], [ -81.769081523945772, 36.342353930984387 ], [ -81.769053273634299, 36.3422755584375 ], [ -81.769050980992944, 36.34226835531576 ], [ -81.769030714465714, 36.342195220202875 ], [ -81.769028082046489, 36.342182610707177 ], [ -81.768996276209151, 36.341959000794112 ], [ -81.768995788127853, 36.341954989535978 ], [ -81.768971331826705, 36.341713370751073 ], [ -81.768970878483273, 36.341706614940513 ], [ -81.768965140399331, 36.341533492676412 ], [ -81.7689651932955, 36.341529012085232 ], [ -81.768965648130674, 36.341524554325346 ], [ -81.768999278115587, 36.341296828795357 ], [ -81.769000467925565, 36.34128714207165 ], [ -81.769012296927272, 36.341166596280495 ], [ -81.769013250692822, 36.341148015092173 ], [ -81.769012473626802, 36.341129425675923 ], [ -81.769009972454128, 36.341110988909307 ], [ -81.769005768820577, 36.341092864348809 ], [ -81.768999899105481, 36.34107520884902 ], [ -81.768992414106847, 36.341058175205148 ], [ -81.768983378601774, 36.341041910830697 ], [ -81.768972870785831, 36.341026556481722 ], [ -81.768960981596351, 36.341012245038698 ], [ -81.768949171058154, 36.340999303608278 ], [ -81.768933672583401, 36.340984072324225 ], [ -81.768916613148903, 36.340970612367741 ], [ -81.768898194139055, 36.340959082631848 ], [ -81.768690051356586, 36.340844033845279 ], [ -81.768391440994407, 36.340679248752465 ], [ -81.768390539463496, 36.340678754270883 ], [ -81.768092310298812, 36.34051617411987 ], [ -81.768091670524967, 36.340515826854869 ], [ -81.76782201211509, 36.340370092755101 ], [ -81.767817944727724, 36.340367954582135 ], [ -81.767504990735773, 36.340208000161795 ], [ -81.767190107271944, 36.34004705957782 ], [ -81.76676035035095, 36.339826697284728 ], [ -81.766757621385793, 36.339825324199644 ], [ -81.76653071991926, 36.339713321587737 ], [ -81.766517032757918, 36.339707192393838 ], [ -81.766239328210418, 36.339595136324021 ], [ -81.766238652624523, 36.339594865148229 ], [ -81.765964230592161, 36.339485293403563 ], [ -81.765957850182176, 36.339482484077145 ], [ -81.765732545820626, 36.339373750349679 ], [ -81.765729462474781, 36.339372196104065 ], [ -81.765599766801031, 36.339303986024596 ], [ -81.765592397521132, 36.339299699562439 ], [ -81.76543328980253, 36.339197831316419 ], [ -81.765430718970805, 36.339196128900298 ], [ -81.765307508611997, 36.339111777261195 ], [ -81.765297026190908, 36.339103520731769 ], [ -81.765214303004754, 36.33902889071399 ], [ -81.765206158857467, 36.339020637201692 ], [ -81.765109886227762, 36.338911019304263 ], [ -81.76510812459108, 36.338908957751087 ], [ -81.765040447177682, 36.338827548721525 ], [ -81.765021032991754, 36.338803853592594 ], [ -81.765008250001387, 36.338789687999267 ], [ -81.764994175283746, 36.338776805018242 ], [ -81.764978936942981, 36.338765321906827 ], [ -81.764962673674248, 36.338755343181106 ], [ -81.76494553350129, 36.338746959664668 ], [ -81.764927672429181, 36.33874024766196 ], [ -81.764909253024456, 36.33873526826374 ], [ -81.76489044293541, 36.338732066791131 ], [ -81.764871413366237, 36.338730672383029 ], [ -81.764852337518775, 36.338731097730957 ], [ -81.764833389016104, 36.338733338963507 ], [ -81.764814740322208, 36.338737375681617 ], [ -81.764796561172332, 36.338743171144202 ], [ -81.764722039278013, 36.338770909676136 ], [ -81.764703446129573, 36.338778923942073 ], [ -81.764685758532508, 36.338788776989176 ], [ -81.764388184221716, 36.338974879518361 ], [ -81.76438779829094, 36.338975121490719 ], [ -81.764073183526762, 36.339172879337596 ], [ -81.763758184109321, 36.33936987945691 ], [ -81.763757798061377, 36.339370121502853 ], [ -81.76344526327361, 36.339566572192361 ], [ -81.763440757747347, 36.339569489311103 ], [ -81.763166507366947, 36.339752322645047 ], [ -81.763161378988315, 36.339755521956121 ], [ -81.763052526233736, 36.339818940578638 ], [ -81.763045298863844, 36.339822764276612 ], [ -81.7629622924552, 36.339862422835104 ], [ -81.762955584186471, 36.339865331543258 ], [ -81.762788514928005, 36.339930622852471 ], [ -81.762781373119509, 36.339933106854957 ], [ -81.762349554333341, 36.340065215838109 ], [ -81.762344389511824, 36.340066645746745 ], [ -81.762070299271954, 36.34013467580062 ], [ -81.762067675349243, 36.340135289654114 ], [ -81.761889310965131, 36.340174489939201 ], [ -81.761884649385365, 36.340175398953356 ], [ -81.761713350824323, 36.340204597596141 ], [ -81.761708614718984, 36.340205288677346 ], [ -81.761531620287911, 36.340226802596511 ], [ -81.761528356823376, 36.340227145037922 ], [ -81.761317205222397, 36.340245804392602 ], [ -81.761312770587992, 36.340246097123398 ], [ -81.761138453941285, 36.340253717605485 ], [ -81.761125545769318, 36.340253446762162 ], [ -81.760940860260035, 36.34023759021693 ], [ -81.760927268412757, 36.340235472536754 ], [ -81.760716956376399, 36.34018767403542 ], [ -81.760711072106588, 36.340186147156714 ], [ -81.760421489243569, 36.340101528744725 ], [ -81.760405859915636, 36.340097637398301 ], [ -81.760389968144224, 36.340095016316411 ], [ -81.760311991745908, 36.340085361943053 ], [ -81.760289906401496, 36.340083861908923 ], [ -81.760060908825992, 36.340081011455823 ], [ -81.760059072806655, 36.340080971737542 ], [ -81.759778755301184, 36.340072331855787 ], [ -81.759757254616616, 36.34007282602483 ], [ -81.759683839100333, 36.340078473356186 ], [ -81.75967013638936, 36.340078584639201 ], [ -81.759581889865984, 36.340073236583805 ], [ -81.759574122583757, 36.340072460518492 ], [ -81.759453903010311, 36.340055685815322 ], [ -81.759444051095826, 36.340054559343905 ], [ -81.75939977237779, 36.340050605728159 ], [ -81.759386354614151, 36.340048480147082 ], [ -81.759038069918233, 36.339968705282061 ], [ -81.759031890758465, 36.339967392289488 ], [ -81.758584344377255, 36.339879657738457 ], [ -81.758577616636074, 36.339878457846666 ], [ -81.758270752877905, 36.339829122542746 ], [ -81.758269228625764, 36.33982888351229 ], [ -81.758115825264738, 36.339805432972447 ], [ -81.758110187408761, 36.339804404969101 ], [ -81.757984730546099, 36.33977779304648 ], [ -81.757977323660981, 36.33977592351048 ], [ -81.757894931482525, 36.339751743432572 ], [ -81.757883310863093, 36.339747536405525 ], [ -81.757809074730943, 36.339715337684119 ], [ -81.757803003825771, 36.339712458408762 ], [ -81.757719321087436, 36.339669267313965 ], [ -81.757707188020703, 36.339661867200682 ], [ -81.757574101845506, 36.339567079518275 ], [ -81.757486257901135, 36.339504333578454 ], [ -81.757479921246301, 36.339499411615122 ], [ -81.757247558743543, 36.339303478712722 ], [ -81.757246430243455, 36.339302512705373 ], [ -81.756962525326358, 36.339055809887242 ], [ -81.756951119063899, 36.339046609520096 ], [ -81.75685632090935, 36.338975716391325 ], [ -81.756841571541472, 36.338965679911361 ], [ -81.75682598647694, 36.338956997714249 ], [ -81.756798633113092, 36.338943320929744 ], [ -81.756797347858083, 36.33894268404832 ], [ -81.756689548150703, 36.338889746781732 ], [ -81.756682367098065, 36.338886395286899 ], [ -81.756415465499586, 36.338768210468167 ], [ -81.756414517979195, 36.338767785004059 ], [ -81.756169831706202, 36.338656383235595 ], [ -81.756168157523106, 36.33865560225685 ], [ -81.7559910758672, 36.3385709962213 ], [ -81.755986954235468, 36.338568908688998 ], [ -81.755755288292832, 36.338444767230392 ], [ -81.755748835249761, 36.338440992102981 ], [ -81.755581457644396, 36.338334478656911 ], [ -81.755571020030118, 36.33832684439885 ], [ -81.75545020239295, 36.338225848399965 ], [ -81.755445889988138, 36.338222027098702 ], [ -81.755321524516631, 36.338105256608522 ], [ -81.755313020282344, 36.338096213844899 ], [ -81.75520742517547, 36.337968934364248 ], [ -81.755202786563771, 36.337962888278767 ], [ -81.755139474775106, 36.337873507266899 ], [ -81.755137149991796, 36.337869906710637 ], [ -81.755135142847323, 36.337866119891878 ], [ -81.755078628253287, 36.337747437778482 ], [ -81.755075620315282, 36.337740447241963 ], [ -81.755006359074457, 36.337560953531565 ], [ -81.755005613335115, 36.337559049939991 ], [ -81.754943529020949, 36.337402926340431 ], [ -81.754937487091027, 36.337389245876011 ], [ -81.754930439793043, 36.337376055136261 ], [ -81.754881509524367, 36.33729217500828 ], [ -81.754867087158928, 36.337270758739159 ], [ -81.754815590634252, 36.33720403020078 ], [ -81.754803334879085, 36.337189614354763 ], [ -81.754789771656831, 36.337176421206806 ], [ -81.754737359107551, 36.33713005657934 ], [ -81.754725643316405, 36.337120458324669 ], [ -81.754713234787516, 36.337111774162871 ], [ -81.754639000794199, 36.337063903423712 ], [ -81.754618371475146, 36.337052268960598 ], [ -81.754596511467923, 36.337043154706855 ], [ -81.754493876309184, 36.337007335779404 ], [ -81.754477824180526, 36.337002478454856 ], [ -81.754461421536703, 36.336998983070529 ], [ -81.754444783714717, 36.336996874204615 ], [ -81.754314111999648, 36.33698585355193 ], [ -81.754293836249133, 36.336985176091488 ], [ -81.754147034969037, 36.33698772180864 ], [ -81.754131053285676, 36.336988639689032 ], [ -81.754115196203358, 36.336990832780032 ], [ -81.753949380826981, 36.337020571631726 ], [ -81.753944583454995, 36.337021312321959 ], [ -81.753841157257767, 36.337034719172408 ], [ -81.753836832593365, 36.337035327848604 ], [ -81.753765569920802, 36.337046152477974 ], [ -81.7537543527921, 36.337047213788729 ], [ -81.753393665395492, 36.337060898859804 ], [ -81.753388316066193, 36.337060958599061 ], [ -81.752945998038712, 36.33705406268146 ], [ -81.752937985231313, 36.337054098293919 ], [ -81.752414657468606, 36.337066910854148 ], [ -81.752407330996718, 36.337067224706651 ], [ -81.752121934078758, 36.33708469736213 ], [ -81.752112068738398, 36.337085546916597 ], [ -81.751934984633621, 36.337105223480279 ], [ -81.751921068608439, 36.337107267375636 ], [ -81.751784665427365, 36.337132229742345 ], [ -81.751765537401951, 36.337136711189437 ], [ -81.751511882786858, 36.337209450472834 ], [ -81.751494372727635, 36.337215359969733 ], [ -81.751330637713806, 36.337279188252268 ], [ -81.751321439831003, 36.33728304065977 ], [ -81.751136738944098, 36.337365871315107 ], [ -81.75112736005326, 36.337370373913899 ], [ -81.750974484406626, 36.337448722295193 ], [ -81.75096953557977, 36.337451346704533 ], [ -81.750853901211983, 36.337514759190171 ], [ -81.750842312714639, 36.337521631753759 ], [ -81.750768087129529, 36.337569101596657 ], [ -81.750756193737459, 36.337577328447033 ], [ -81.750618790771554, 36.337679910203818 ], [ -81.750613265748967, 36.337684187365156 ], [ -81.750457787255186, 36.33780895376912 ], [ -81.750453880292852, 36.337811787940765 ], [ -81.750449322879291, 36.337813377552891 ], [ -81.750336822181097, 36.337846574597023 ], [ -81.750331944164728, 36.33784775066627 ], [ -81.750326972618126, 36.337848430302934 ], [ -81.750229533622189, 36.337856782113029 ], [ -81.750224440526324, 36.337857087994188 ], [ -81.750173698198097, 36.337858837656434 ], [ -81.750164289767255, 36.337858718899291 ], [ -81.749990640814673, 36.337848337779455 ], [ -81.749985046110822, 36.337847684191587 ], [ -81.749979561002633, 36.337846402990188 ], [ -81.749856616275267, 36.337810243181885 ], [ -81.749840104180592, 36.337806141080883 ], [ -81.749823303184115, 36.337803457236525 ], [ -81.749806334873185, 36.337802211071555 ], [ -81.749709715290663, 36.33779923799446 ], [ -81.749694271970512, 36.337799359348097 ], [ -81.749448541912429, 36.337810788357551 ], [ -81.749439440790709, 36.33781079683925 ], [ -81.749225900533361, 36.337801263831203 ], [ -81.74921415471978, 36.33780004086217 ], [ -81.748938372834218, 36.337754720454001 ], [ -81.748934040333168, 36.337753809348946 ], [ -81.74892980569399, 36.337752517641349 ], [ -81.748712927505025, 36.337675686317667 ], [ -81.748709084158605, 36.337674235239923 ], [ -81.748385700513865, 36.337544488673011 ], [ -81.748378412072, 36.33754122057119 ], [ -81.748215991937769, 36.33746044947042 ], [ -81.748196600062442, 36.337452052740893 ], [ -81.748176430482019, 36.337445748938748 ], [ -81.747990347895595, 36.337398220883138 ], [ -81.747974041841744, 36.337394772827103 ], [ -81.747957505318084, 36.337392694398034 ], [ -81.747940853161026, 36.337392000029396 ], [ -81.747885976964184, 36.337392000268537 ], [ -81.747868198259781, 36.33739279211941 ], [ -81.74785056032934, 36.337395161247407 ], [ -81.747833202825277, 36.337399088894401 ], [ -81.747816263179715, 36.337404543962336 ], [ -81.747729686260499, 36.337436741759603 ], [ -81.747728297868193, 36.337437263969086 ], [ -81.747569582302717, 36.337497633696834 ], [ -81.74756230509405, 36.337500086100661 ], [ -81.747379749049614, 36.337553892787582 ], [ -81.747372279625125, 36.33755625427824 ], [ -81.747233031010538, 36.337603297310039 ], [ -81.747227943730195, 36.337604719551805 ], [ -81.747222670842291, 36.337605035540882 ], [ -81.747083635396493, 36.337605962556907 ], [ -81.747072377665646, 36.337605401842502 ], [ -81.746888490720181, 36.337585799439537 ], [ -81.746873451897017, 36.337584767592396 ], [ -81.746592090790728, 36.337576095975763 ], [ -81.746585903432091, 36.337575712992013 ], [ -81.746269892657978, 36.337546294006287 ], [ -81.746242044412497, 36.337545649714755 ], [ -81.74598617701794, 36.337557572536674 ], [ -81.745967884335641, 36.337559269604071 ], [ -81.745739454478056, 36.337591099929732 ], [ -81.745726599328719, 36.337593320795932 ], [ -81.745431570186796, 36.337654261004595 ], [ -81.745424441004005, 36.337655869937862 ], [ -81.745130574563532, 36.337727857592647 ], [ -81.744850307831541, 36.337794732047904 ], [ -81.744839567077278, 36.337796681683329 ], [ -81.744623909746991, 36.337823759752737 ], [ -81.744620065089592, 36.337824167159603 ], [ -81.744326057091115, 36.337849585189375 ], [ -81.7443061812059, 36.337852313519761 ], [ -81.744286678657915, 36.337857019390754 ], [ -81.744267745688916, 36.337863655450171 ], [ -81.744249572809352, 36.337872154923559 ], [ -81.744232342881361, 36.337882432286122 ], [ -81.74419099501398, 36.337909997753414 ], [ -81.744175631754771, 36.337921335415004 ], [ -81.74416141966833, 36.337934086450353 ], [ -81.744148488287976, 36.337948134642616 ], [ -81.744062813155125, 36.338050624254826 ], [ -81.744059865670195, 36.338053850561899 ], [ -81.744056178528993, 36.338056196135383 ], [ -81.743813898380367, 36.338195749260343 ], [ -81.743805896131477, 36.338199889886091 ], [ -81.743657950179582, 36.338268172670332 ], [ -81.743649887449322, 36.33827147566749 ], [ -81.743456597449892, 36.33834098425595 ], [ -81.743450911096275, 36.338342654194868 ], [ -81.743445066576697, 36.338343636489746 ], [ -81.743127615725129, 36.338377718016567 ], [ -81.743122355980972, 36.338378142652175 ], [ -81.742820382257449, 36.338394515517081 ], [ -81.742802304686776, 36.338396322041177 ], [ -81.7427844656319, 36.338399761548679 ], [ -81.742767012292717, 36.338404805658307 ], [ -81.742503570860265, 36.338494092495175 ], [ -81.742486708517262, 36.338500672411918 ], [ -81.742292857320393, 36.338586616013025 ], [ -81.742291118068266, 36.338587367473764 ], [ -81.742015771425912, 36.338703250716968 ], [ -81.742012225772783, 36.338704783422642 ], [ -81.741676604874385, 36.338853727737884 ], [ -81.74132904163281, 36.339005185410159 ], [ -81.741307598044799, 36.339016109283882 ], [ -81.740961810568507, 36.339219343717424 ], [ -81.740956070508759, 36.339222469578125 ], [ -81.740620412084994, 36.33939127421143 ], [ -81.740609279686652, 36.339396050717617 ], [ -81.740421321028606, 36.339463522610188 ], [ -81.740418668611582, 36.339464495957266 ], [ -81.740372873125494, 36.339481669343641 ], [ -81.74037110252435, 36.33948231435896 ], [ -81.740292275228228, 36.339510192023518 ], [ -81.740287670319233, 36.339511696095421 ], [ -81.740251199977422, 36.339522637808869 ], [ -81.740248773320346, 36.339523332585586 ], [ -81.740240978841669, 36.339525458158626 ], [ -81.740237014716101, 36.339526583185254 ], [ -81.740100295552978, 36.339566910775375 ], [ -81.73984614359938, 36.339641000294293 ], [ -81.739829280855133, 36.339646742395452 ], [ -81.739812995927451, 36.339653962159957 ], [ -81.739619547746585, 36.339750252110491 ], [ -81.739606283805429, 36.339757491994177 ], [ -81.739593604350006, 36.339765712666953 ], [ -81.739387085075023, 36.339910976560958 ], [ -81.739370706536491, 36.339923821298662 ], [ -81.739355751670217, 36.339938298721975 ], [ -81.73913323175492, 36.340177368866478 ], [ -81.739123197538873, 36.340189016672248 ], [ -81.738850640641715, 36.340531162779769 ], [ -81.738841788889914, 36.340543167139572 ], [ -81.738600565130724, 36.340897221392368 ], [ -81.738595081898424, 36.340904527918454 ], [ -81.738304973663077, 36.34125638281489 ], [ -81.738301834843327, 36.341259845415777 ], [ -81.738298385624589, 36.341262998934603 ], [ -81.737998990937442, 36.341511999838822 ], [ -81.737699246694305, 36.341761292741843 ], [ -81.737695888931398, 36.341763852927983 ], [ -81.737692326698877, 36.341766120001246 ], [ -81.737149570876625, 36.342080086925208 ], [ -81.737146379740039, 36.342081855989953 ], [ -81.736726773631219, 36.34230456238695 ], [ -81.736709551971018, 36.34231484126466 ], [ -81.736693446368037, 36.342326793271162 ], [ -81.736516033869137, 36.342472797657756 ], [ -81.736500757322048, 36.342486756172697 ], [ -81.736487004850545, 36.342502218467409 ], [ -81.736291385473535, 36.34274652147888 ], [ -81.736279813545522, 36.342762534510634 ], [ -81.736269877969605, 36.342779611133111 ], [ -81.736207038946617, 36.342901043423332 ], [ -81.736204834953341, 36.342904874272222 ], [ -81.736201438678066, 36.342907688766807 ], [ -81.736134582851932, 36.342958282027148 ], [ -81.736130914709321, 36.342960806519926 ], [ -81.736126513460562, 36.342961482792731 ], [ -81.736034149790385, 36.342971443856783 ], [ -81.736029018249269, 36.342971729238002 ], [ -81.736024045872938, 36.342970429379385 ], [ -81.735862240300705, 36.342919031997127 ], [ -81.735855819209831, 36.342916748617746 ], [ -81.735645689261915, 36.342833853352204 ], [ -81.735636503146537, 36.342829682031471 ], [ -81.735372851501197, 36.342693510207262 ], [ -81.735363000828997, 36.34268875904521 ], [ -81.735054246817498, 36.342550115235277 ], [ -81.735053734683888, 36.342549886127919 ], [ -81.734609464823905, 36.342351885577443 ], [ -81.734596989095436, 36.342345229537983 ], [ -81.734432033212599, 36.342241591775739 ], [ -81.734411393225798, 36.342230261009085 ], [ -81.734389564637411, 36.34222143445502 ], [ -81.734004832494151, 36.342091645933493 ], [ -81.73398895787723, 36.342087012209404 ], [ -81.733799105028453, 36.342040018416185 ], [ -81.733790977901165, 36.342037637137132 ], [ -81.733709557089384, 36.342009984651426 ], [ -81.733688735394438, 36.342004147711393 ], [ -81.733667405228132, 36.342000592875948 ], [ -81.733412275767563, 36.341972143023817 ], [ -81.733409710543313, 36.341971823350654 ], [ -81.732993226395124, 36.341914445619295 ], [ -81.732986742532873, 36.341913660009084 ], [ -81.732500196430749, 36.341862754382007 ], [ -81.73248596939618, 36.341860214478821 ], [ -81.732097003452978, 36.341761274825302 ], [ -81.732087137805536, 36.341758214502065 ], [ -81.731816767084752, 36.341658757039973 ], [ -81.731812104927528, 36.341656767370253 ], [ -81.731807668989887, 36.341654314422676 ], [ -81.731482187748753, 36.341452064063802 ], [ -81.731465587993526, 36.34144281215179 ], [ -81.731448185054575, 36.341435177528993 ], [ -81.731263276932665, 36.341364331982696 ], [ -81.731245547844026, 36.341358472689812 ], [ -81.731227349587627, 36.341354292335645 ], [ -81.731208840784873, 36.341351827357414 ], [ -81.731190182763996, 36.341351099240605 ], [ -81.731171538153859, 36.341352114331691 ], [ -81.73115306946643, 36.341354863782847 ], [ -81.731131141544068, 36.341359182986857 ], [ -81.731126971563612, 36.341359822555134 ], [ -81.731122762456877, 36.34136010752151 ], [ -81.73105516179757, 36.341361818490803 ], [ -81.731040868394871, 36.341361154900859 ], [ -81.730874975448017, 36.341341472936982 ], [ -81.730866990183458, 36.341340687626492 ], [ -81.73074617824669, 36.341331248916788 ], [ -81.730739826798924, 36.341330547859037 ], [ -81.73059598219649, 36.341309998735191 ], [ -81.730581947169441, 36.341308496892239 ], [ -81.73035548760582, 36.341292321560012 ], [ -81.730346484665588, 36.34129188213933 ], [ -81.73001330114289, 36.341283139457012 ], [ -81.730002680634783, 36.341283142861649 ], [ -81.729641250962544, 36.341292858610451 ], [ -81.729630746479245, 36.34129341772794 ], [ -81.729411296325665, 36.341310895958934 ], [ -81.729408683223184, 36.341311069678468 ], [ -81.729274567958456, 36.341318223079234 ], [ -81.729245680646414, 36.341321886621181 ], [ -81.729146240419112, 36.341341941639449 ], [ -81.729135804909632, 36.341344338648504 ], [ -81.728988158365809, 36.341382440671289 ], [ -81.728983801982949, 36.341383461496768 ], [ -81.728825171908639, 36.341416907475036 ], [ -81.728814723025749, 36.341418538650089 ], [ -81.728647997104659, 36.341435590619277 ], [ -81.728639964324501, 36.341436086496785 ], [ -81.728460439644508, 36.341439926386762 ], [ -81.728453546773281, 36.341439836095617 ], [ -81.728251115844202, 36.341430196577555 ], [ -81.728242860904146, 36.34142997416415 ], [ -81.728090374466603, 36.341429014974516 ], [ -81.728085607173028, 36.341429041807316 ], [ -81.727978307447017, 36.341430924806602 ], [ -81.727974020282588, 36.341430814968604 ], [ -81.727969904205281, 36.341429610912314 ], [ -81.727924853355617, 36.341414293201588 ], [ -81.727923134229542, 36.341413691160326 ], [ -81.727842231505889, 36.341384528987625 ], [ -81.727833905341555, 36.341381096443243 ], [ -81.727739641215649, 36.34133716720023 ], [ -81.727730587744063, 36.341332368524029 ], [ -81.727579452970602, 36.341242045497303 ], [ -81.727565718481841, 36.341234550326952 ], [ -81.727551440104889, 36.341228151755914 ], [ -81.726844353246165, 36.340943950279851 ], [ -81.726839604562542, 36.340942111495956 ], [ -81.726257599154891, 36.340725226673719 ], [ -81.726256386848377, 36.340724765931746 ], [ -81.726178670551548, 36.340694651350795 ], [ -81.726175335953258, 36.340693289640257 ], [ -81.726033999406823, 36.340632581090205 ], [ -81.726022370908268, 36.340626658570756 ], [ -81.725954090215055, 36.340586059376079 ], [ -81.725905617250788, 36.340557162066631 ], [ -81.725902095137641, 36.340554855502084 ], [ -81.725898779886109, 36.340552260029646 ], [ -81.725860023062197, 36.340519187265834 ], [ -81.725843049499019, 36.340506203891294 ], [ -81.725824787545548, 36.340495105651918 ], [ -81.725805445693908, 36.340486019253483 ], [ -81.725785244765106, 36.340479048433096 ], [ -81.725584575283847, 36.340421599195921 ], [ -81.725573629684007, 36.340417765477888 ], [ -81.725177911175095, 36.340252800287779 ], [ -81.725174055061089, 36.340251239641695 ], [ -81.724988954582102, 36.34017855686411 ], [ -81.72498507165426, 36.340176838008851 ], [ -81.724981348970033, 36.340174795164394 ], [ -81.724878034367464, 36.34011223723958 ], [ -81.724873918632142, 36.340109811823687 ], [ -81.724805750505141, 36.3400707294103 ], [ -81.724801168336953, 36.340067757192301 ], [ -81.724796939118349, 36.340064301174969 ], [ -81.724665577564593, 36.339944361617391 ], [ -81.724660575935914, 36.339939462930793 ], [ -81.724465107860311, 36.33973412287672 ], [ -81.724464874260235, 36.339733877894325 ], [ -81.72425297992919, 36.33951203506227 ], [ -81.724251033221734, 36.339509937675594 ], [ -81.724068046311515, 36.339307040401884 ], [ -81.724048668251854, 36.339288270668 ], [ -81.723910414689044, 36.339171358082744 ], [ -81.723845325178289, 36.3391156937831 ], [ -81.723833659156142, 36.339106446059603 ], [ -81.723821337583658, 36.339098091700627 ], [ -81.723749199257, 36.33905300510667 ], [ -81.723725959425138, 36.339040531144093 ], [ -81.723607170387538, 36.338986536439037 ], [ -81.723582182926876, 36.338977135865655 ], [ -81.723370599871302, 36.338913295720275 ], [ -81.723355223323765, 36.338909315008422 ], [ -81.723096609995352, 36.338853219069499 ], [ -81.723085312489204, 36.338851106443876 ], [ -81.722881036668483, 36.338818951804839 ], [ -81.72286889851533, 36.338817419973651 ], [ -81.722836257053487, 36.338814311476995 ], [ -81.722829716949732, 36.338813796734428 ], [ -81.722609583761226, 36.338800099561524 ], [ -81.722606401742468, 36.338799850531224 ], [ -81.722351138479183, 36.338775768642847 ], [ -81.722334807301394, 36.338774899562708 ], [ -81.722017603111098, 36.338771007669457 ], [ -81.722016378337074, 36.338770985138723 ], [ -81.721650508434834, 36.338762012664205 ], [ -81.721649473900072, 36.338761981935939 ], [ -81.721398025382115, 36.338753210677474 ], [ -81.721386025490588, 36.338752064424575 ], [ -81.721193512004803, 36.338721865762764 ], [ -81.721182601862139, 36.338719523652173 ], [ -81.721036353043772, 36.338679468258043 ], [ -81.721031121941294, 36.338677717828709 ], [ -81.721026405520846, 36.338674857092052 ], [ -81.72088995144135, 36.338581343752516 ], [ -81.720886096391169, 36.338578564941834 ], [ -81.720727963731377, 36.338458767554599 ], [ -81.720718526223408, 36.338450644370901 ], [ -81.720602640484458, 36.338337584937655 ], [ -81.720600093791262, 36.338334909409788 ], [ -81.720597751931933, 36.33833205287533 ], [ -81.720485859945668, 36.338184775531673 ], [ -81.720483182690401, 36.338180881413237 ], [ -81.720480886128826, 36.338176751321228 ], [ -81.720380605299283, 36.337974384467344 ], [ -81.720371193827972, 36.337957496628952 ], [ -81.720360195752022, 36.337941596402437 ], [ -81.720104093448668, 36.337607133324852 ], [ -81.719916279291198, 36.337360998425346 ], [ -81.71991193559785, 36.337354837342495 ], [ -81.71990793555328, 36.337348683402766 ], [ -81.719892748227849, 36.337328285004517 ], [ -81.719874508723635, 36.337306788522383 ], [ -81.719871559028789, 36.337303142085915 ], [ -81.719840314736317, 36.337262609113225 ], [ -81.719831281491963, 36.337251710865672 ], [ -81.719771300794761, 36.337184348297818 ], [ -81.719770679305071, 36.337183653587331 ], [ -81.719620085446664, 36.337016104900023 ], [ -81.719412892222309, 36.336784931773131 ], [ -81.719393849773965, 36.336766338585733 ], [ -81.719028528744474, 36.336454313385694 ], [ -81.719025428254113, 36.336451718954279 ], [ -81.718806071392976, 36.336271903282267 ], [ -81.718793642822973, 36.336262500241922 ], [ -81.718780519820172, 36.336254093499541 ], [ -81.718632681989391, 36.336167318871205 ], [ -81.718617275360359, 36.336159157012418 ], [ -81.718601216437776, 36.33615236796517 ], [ -81.718584627261492, 36.336147003322857 ], [ -81.718504123665383, 36.336124795522956 ], [ -81.718483621509591, 36.336120282691525 ], [ -81.718347831533336, 36.336097789899888 ], [ -81.718330933746586, 36.336095725250289 ], [ -81.718313921593534, 36.33609510507015 ], [ -81.718181415483727, 36.336095917674726 ], [ -81.718154697667785, 36.336097875747001 ], [ -81.717842476507258, 36.336141931924672 ], [ -81.717681912471775, 36.336163786123556 ], [ -81.717664211975489, 36.33616701206671 ], [ -81.717625023888573, 36.336175992320968 ], [ -81.717505657136698, 36.336203387972482 ], [ -81.717500296387598, 36.336204464906714 ], [ -81.71731185418038, 36.336236988042984 ], [ -81.717300050199469, 36.336238308830616 ], [ -81.717058375758199, 36.336250876100934 ], [ -81.717053603675538, 36.336251010129253 ], [ -81.716820956604465, 36.336251987960551 ], [ -81.716815031222637, 36.336251837160709 ], [ -81.716547756331607, 36.336237097623197 ], [ -81.716544224770672, 36.336236934160588 ], [ -81.716172136292982, 36.336223006067492 ], [ -81.715816570411079, 36.336209178016425 ], [ -81.715807448051223, 36.336208403614528 ], [ -81.715492928739963, 36.336167123062118 ], [ -81.715491056212258, 36.33616685925999 ], [ -81.715222476772666, 36.336126428254438 ], [ -81.715203413344213, 36.336124486814377 ], [ -81.714844692847109, 36.336105252566206 ], [ -81.714835283274198, 36.336104969902109 ], [ -81.71437879233541, 36.336102005267655 ], [ -81.713827869388169, 36.336094013109154 ], [ -81.713826112953043, 36.336093972162487 ], [ -81.713609546073442, 36.336087018233044 ], [ -81.713558643756372, 36.336085100517622 ], [ -81.713553341127053, 36.336084758981919 ], [ -81.713219143411706, 36.336054288052942 ], [ -81.713212863050572, 36.336053514343888 ], [ -81.71298018819401, 36.336017341685569 ], [ -81.712975810466034, 36.336016561035059 ], [ -81.71268604268117, 36.335958212215303 ], [ -81.712683945259968, 36.335957766418353 ], [ -81.71240056205508, 36.335894351620524 ], [ -81.712397433379309, 36.335893598429536 ], [ -81.711988385168098, 36.335788133413502 ], [ -81.711979550963505, 36.335786068188263 ], [ -81.71160387065909, 36.335707184501736 ], [ -81.711602115301773, 36.335706799419256 ], [ -81.711249252230601, 36.335626059880937 ], [ -81.711248728747108, 36.335625940840423 ], [ -81.710897123203836, 36.335546481639369 ], [ -81.710892881810736, 36.335545425180285 ], [ -81.710286910551048, 36.335380340819107 ], [ -81.710277008827532, 36.335377912619833 ], [ -81.7097997367446, 36.335273691394988 ], [ -81.709784136565304, 36.335270927110507 ], [ -81.709409339776869, 36.33521973093756 ], [ -81.709398610269957, 36.335218559259886 ], [ -81.709161027851209, 36.335199085394784 ], [ -81.709158957216232, 36.335198893977569 ], [ -81.708965341981539, 36.335178963063413 ], [ -81.708946591484263, 36.335177919207673 ], [ -81.708610606693966, 36.335175013763255 ], [ -81.7086073768928, 36.335174933637866 ], [ -81.708371113678382, 36.335165251166949 ], [ -81.708358864081234, 36.335165124644007 ], [ -81.707979409971855, 36.335172829395077 ], [ -81.70796261660162, 36.335173878321314 ], [ -81.707659518698875, 36.335205654785121 ], [ -81.707639537524429, 36.335208777693957 ], [ -81.70761997388442, 36.335213902523819 ], [ -81.707601027816992, 36.33522097687333 ], [ -81.707582893045654, 36.335229928407294 ], [ -81.707565754998384, 36.335240665596295 ], [ -81.707549788911678, 36.335253078652606 ], [ -81.707535158038723, 36.335267040652759 ], [ -81.707522011980146, 36.33528240883534 ], [ -81.707510485154387, 36.335299026060717 ], [ -81.707500695423178, 36.335316722417822 ], [ -81.707492742886501, 36.335335316961434 ], [ -81.707486708859037, 36.335354619562409 ], [ -81.707482655038689, 36.335374432851694 ], [ -81.707480622875764, 36.335394554238469 ], [ -81.707480633149117, 36.335414777981597 ], [ -81.707484875331673, 36.335497741011167 ], [ -81.707485004079473, 36.335502262091225 ], [ -81.707485961182584, 36.335665863724223 ], [ -81.70748572848396, 36.3356709743449 ], [ -81.707484973062023, 36.335676034179713 ], [ -81.7074508606687, 36.33584470208578 ], [ -81.707449311274274, 36.335853332701163 ], [ -81.707396634625496, 36.336188898946077 ], [ -81.707395823243161, 36.33619295960051 ], [ -81.707394677922153, 36.336196938984216 ], [ -81.707330139737863, 36.336390553814411 ], [ -81.707244483772214, 36.336643545785506 ], [ -81.707243454028031, 36.336646439962408 ], [ -81.707167853331399, 36.3368490112004 ], [ -81.707163610148967, 36.336858762410962 ], [ -81.707153505180727, 36.336878971403436 ], [ -81.707152452657112, 36.336881017175223 ], [ -81.707044882731935, 36.337084315510438 ], [ -81.707043036118648, 36.337087650110561 ], [ -81.706924574297076, 36.33729226519722 ], [ -81.706921237808274, 36.337297629815438 ], [ -81.706785354763198, 36.337501455922933 ], [ -81.706782849706585, 36.337504887388576 ], [ -81.706780061760597, 36.337508093261711 ], [ -81.706623889094573, 36.3376729415643 ], [ -81.706618225562792, 36.337679177675199 ], [ -81.706456916777924, 36.337864490839245 ], [ -81.706449342548183, 36.337873736096142 ], [ -81.706320944090663, 36.338040380451929 ], [ -81.706304829022173, 36.338064802480368 ], [ -81.706238212070375, 36.338183881118887 ], [ -81.706227232101185, 36.338206819576662 ], [ -81.706173563174417, 36.338340097286199 ], [ -81.706171833260399, 36.338343920716838 ], [ -81.706169494651505, 36.338347387378761 ], [ -81.706064145358496, 36.338490295680955 ], [ -81.706051055082099, 36.338510493637436 ], [ -81.705966610437272, 36.338659764045147 ], [ -81.705958686827316, 36.338675317395221 ], [ -81.705952149550527, 36.338691502397708 ], [ -81.705885158714324, 36.338880750493068 ], [ -81.705879109729381, 36.33890126620792 ], [ -81.705875286239205, 36.338922310582412 ], [ -81.705853391166485, 36.339094843777424 ], [ -81.70585269065684, 36.339101167699702 ], [ -81.705828310434129, 36.339358625498392 ], [ -81.705827443533224, 36.339365344888535 ], [ -81.705783695022731, 36.339632698806334 ], [ -81.705782806894248, 36.339636953622268 ], [ -81.705781551735882, 36.339641114969204 ], [ -81.705677163281038, 36.33993950846417 ], [ -81.705571259254455, 36.340237247399763 ], [ -81.70557071124928, 36.340238749841831 ], [ -81.705497441600102, 36.34043474449598 ], [ -81.705491807624995, 36.34045222294953 ], [ -81.705487800582759, 36.340470144490389 ], [ -81.705463425246108, 36.340608780332332 ], [ -81.705461198028445, 36.340625606972637 ], [ -81.705460405571728, 36.340642561863824 ], [ -81.705461053583562, 36.34065952288983 ], [ -81.705466551964349, 36.340727564733299 ], [ -81.705466836326636, 36.34073845135854 ], [ -81.70546209851527, 36.340905202576593 ], [ -81.705461847052703, 36.340908984781095 ], [ -81.7054613092712, 36.340912736993054 ], [ -81.705429955357019, 36.341084710449493 ], [ -81.705428713639151, 36.341089917653278 ], [ -81.705426920370016, 36.341094961562604 ], [ -81.705381152184785, 36.341204633628088 ], [ -81.705372526476822, 36.341229944626974 ], [ -81.705326952270212, 36.341400203395956 ], [ -81.705323567236306, 36.341415108010729 ], [ -81.705321330278835, 36.341430227601236 ], [ -81.705306621677451, 36.341565050931735 ], [ -81.705305555024538, 36.341580018945187 ], [ -81.70530561363131, 36.341595024802061 ], [ -81.705311717671094, 36.34174227677034 ], [ -81.70531359124449, 36.341762522075676 ], [ -81.70531751059508, 36.34178247254826 ], [ -81.705323435218077, 36.341801922008599 ], [ -81.705400104362951, 36.342014237139793 ], [ -81.705409079882656, 36.34203524961228 ], [ -81.705472963080112, 36.342163915929838 ], [ -81.705477202756171, 36.342171987685774 ], [ -81.70554158736438, 36.342288060710196 ], [ -81.70555109695286, 36.342303508647298 ], [ -81.705560585075702, 36.342317461970353 ], [ -81.70556283129963, 36.342321089820764 ], [ -81.705564419859186, 36.342325033212688 ], [ -81.705623125688788, 36.342490735245214 ], [ -81.705624686968818, 36.34249607136222 ], [ -81.705625643766069, 36.342501548247803 ], [ -81.70564664462411, 36.342680058559885 ], [ -81.70564742366841, 36.342685929943592 ], [ -81.705673482273085, 36.342862258862496 ], [ -81.705678375020781, 36.342885622524165 ], [ -81.705686016458927, 36.34290823685788 ], [ -81.705743266144125, 36.343049286123296 ], [ -81.705749195311213, 36.343062499807559 ], [ -81.70578063969792, 36.343126286752195 ], [ -81.705781349162052, 36.343127711620205 ], [ -81.705866303241365, 36.343296642868175 ], [ -81.705869804541848, 36.343303291050894 ], [ -81.705958515804767, 36.343464322485403 ], [ -81.705961547420969, 36.34346963189558 ], [ -81.706105128815381, 36.343712398356914 ], [ -81.706120347494235, 36.343734576939383 ], [ -81.706367680094047, 36.344047606018847 ], [ -81.706368304919053, 36.344048392739687 ], [ -81.706462449145761, 36.344166320892306 ], [ -81.706463522073477, 36.344167689105618 ], [ -81.706755708109952, 36.344547035135641 ], [ -81.706760047129919, 36.344553127008865 ], [ -81.706990868366077, 36.344904291464267 ], [ -81.706993148890774, 36.344907684902019 ], [ -81.707239241305359, 36.34526590804839 ], [ -81.707240756065602, 36.345268082004679 ], [ -81.707394756300943, 36.345486008375758 ], [ -81.707403652978513, 36.345497666464667 ], [ -81.707541560356333, 36.345665262001127 ], [ -81.707544341545571, 36.345668801379006 ], [ -81.707665642115188, 36.345830535414571 ], [ -81.707666342294829, 36.345831463356561 ], [ -81.707757948849618, 36.345952137721248 ], [ -81.707770715453051, 36.345967327430245 ], [ -81.707784924358648, 36.345981177355327 ], [ -81.707834589125099, 36.346024999186589 ], [ -81.707841106350926, 36.346031297715399 ], [ -81.707927101364731, 36.346122301897708 ], [ -81.70794165800676, 36.346136229129002 ], [ -81.707957541912151, 36.346148621269577 ], [ -81.708034086171807, 36.346202364287961 ], [ -81.708035903938637, 36.346203625619417 ], [ -81.70809989724394, 36.346247507579733 ], [ -81.708110290129966, 36.346254172204389 ], [ -81.708229958806285, 36.346325798113817 ], [ -81.708254910355038, 36.346338452019936 ], [ -81.708435931662635, 36.346414846541094 ], [ -81.708452152489841, 36.346420879324327 ], [ -81.708468834126791, 36.346425487219477 ], [ -81.708485851665657, 36.346428635723818 ], [ -81.708836955346499, 36.346477994735146 ], [ -81.709208214515741, 36.346530050257755 ], [ -81.709221816758216, 36.346531485199172 ], [ -81.709566971467481, 36.346555998896505 ], [ -81.709917897650286, 36.346580993993193 ], [ -81.710014758813486, 36.346587983877697 ], [ -81.710269645879052, 36.346606974344709 ], [ -81.710270336644172, 36.34660702460792 ], [ -81.710620592834232, 36.346631901245296 ], [ -81.710623390934444, 36.346632080274851 ], [ -81.711060977800244, 36.346656999652602 ], [ -81.711500991307375, 36.34668199996603 ], [ -81.711937281488048, 36.346706789019123 ], [ -81.711944705887461, 36.346707072629314 ], [ -81.712297970933307, 36.346713999483001 ], [ -81.712398845539951, 36.3467159972787 ], [ -81.712399136629415, 36.346716002831698 ], [ -81.712616275035018, 36.346719986995971 ], [ -81.712655409123542, 36.346720985299662 ], [ -81.712656599449986, 36.346721012119538 ], [ -81.713011495878206, 36.34672795163371 ], [ -81.713016487223271, 36.3467279869338 ], [ -81.713383723199186, 36.34672600132216 ], [ -81.71338425907868, 36.346725997706749 ], [ -81.713753811761123, 36.34672300932187 ], [ -81.713756170733717, 36.346723018072069 ], [ -81.714008594132906, 36.346726932194827 ], [ -81.714012971682067, 36.346727192872251 ], [ -81.714017309416548, 36.346727837038763 ], [ -81.714586660255421, 36.346838160758949 ], [ -81.71459523069008, 36.34684021728669 ], [ -81.715095422965661, 36.346983837354436 ], [ -81.715096557657816, 36.346984170433203 ], [ -81.715112853881649, 36.346989058889022 ], [ -81.715119059016914, 36.346991144022745 ], [ -81.715174826982448, 36.347011939620074 ], [ -81.715175154345118, 36.347012061366506 ], [ -81.71544971576246, 36.34711389815989 ], [ -81.715783745565929, 36.347238908270732 ], [ -81.715784237968904, 36.347239091814615 ], [ -81.716116529698141, 36.34736245704741 ], [ -81.716119435738065, 36.347363587795471 ], [ -81.716414977220751, 36.347483922699944 ], [ -81.716435386301228, 36.347490974065863 ], [ -81.716794476035687, 36.34759370842724 ], [ -81.716803364557791, 36.347596709368723 ], [ -81.717144071742936, 36.347729859115653 ], [ -81.717149832921976, 36.347732321384861 ], [ -81.717457705673695, 36.347875472753387 ], [ -81.717464156285956, 36.347878761257704 ], [ -81.717749400929065, 36.348037446473036 ], [ -81.717758289257432, 36.348043021451012 ], [ -81.718155602287311, 36.348322321460635 ], [ -81.718160427078374, 36.348325608989562 ], [ -81.718516674103313, 36.348560809816888 ], [ -81.718523124506945, 36.348565446753618 ], [ -81.718834225994883, 36.348808402391157 ], [ -81.719076738347894, 36.349001611523505 ], [ -81.719084853691029, 36.349008832550545 ], [ -81.719467701411375, 36.349388742848248 ], [ -81.719475736688892, 36.349397742764886 ], [ -81.71966397637766, 36.349636117924874 ], [ -81.719678962531944, 36.349653035043715 ], [ -81.719923945970876, 36.349899947206801 ], [ -81.719926003848357, 36.349902083757861 ], [ -81.720219656731658, 36.350216156610166 ], [ -81.720235122313682, 36.350231014056618 ], [ -81.720460244209576, 36.350425181190069 ], [ -81.72047422798822, 36.350436196036654 ], [ -81.720734964063126, 36.350623391266559 ], [ -81.720745231959597, 36.350630292065979 ], [ -81.721019255706963, 36.350802398324028 ], [ -81.721030187002597, 36.350810343435022 ], [ -81.721091488011098, 36.35086157953014 ], [ -81.721092488744773, 36.350862427163115 ], [ -81.721206711428962, 36.350960468672334 ], [ -81.72121659173493, 36.350970220746838 ], [ -81.721401945074277, 36.351180543053417 ], [ -81.721408193940903, 36.351187312769156 ], [ -81.721516954424246, 36.35129982474075 ], [ -81.721520722570489, 36.351304205289431 ], [ -81.721523957814924, 36.351308992911996 ], [ -81.721621544089601, 36.351473201022905 ], [ -81.721628820111633, 36.351484554510847 ], [ -81.721769087643096, 36.351687988595032 ], [ -81.721784056405326, 36.351707102409371 ], [ -81.721952450015465, 36.351897132410549 ], [ -81.721957641167265, 36.35190276920607 ], [ -81.722129392480298, 36.35208223983787 ], [ -81.722132767943336, 36.352086155997398 ], [ -81.722135261177087, 36.352090685218364 ], [ -81.722257839433652, 36.352343687266533 ], [ -81.722351848682393, 36.352539455252888 ], [ -81.722358601026144, 36.352552300348435 ], [ -81.722462911574596, 36.35273437134947 ], [ -81.722464832077847, 36.352738074331185 ], [ -81.722466436531022, 36.352741924803858 ], [ -81.722538865317077, 36.352938515326699 ], [ -81.722545870038559, 36.352955167797624 ], [ -81.722644407509179, 36.353162666173255 ], [ -81.72264732424479, 36.353169442827323 ], [ -81.722698412444885, 36.353301342140483 ], [ -81.722702596632573, 36.353314956830111 ], [ -81.72275711371816, 36.353551196552544 ], [ -81.722757840715943, 36.353555022699396 ], [ -81.722758267132036, 36.353558893887538 ], [ -81.722772907839129, 36.35376569349836 ], [ -81.722774572913835, 36.353780913713109 ], [ -81.722777397440666, 36.353795961950844 ], [ -81.722827120068814, 36.354014388038848 ], [ -81.722834462654959, 36.35403913710023 ], [ -81.722905099709891, 36.3542308649631 ], [ -81.722909161559286, 36.354241024225686 ], [ -81.723009460639929, 36.354473248728219 ], [ -81.723018995497284, 36.354492431589321 ], [ -81.723030527374121, 36.35451048460795 ], [ -81.723093085714169, 36.354597738086298 ], [ -81.723094915477262, 36.354600248745719 ], [ -81.72312797709256, 36.354644880897602 ], [ -81.723140793930455, 36.354660472299827 ], [ -81.723326610281703, 36.35486458147831 ], [ -81.723327375237318, 36.354865416975159 ], [ -81.72351068082105, 36.355064491401855 ], [ -81.723515124827088, 36.355069660836783 ], [ -81.723666409677804, 36.355258287592108 ], [ -81.723674690552897, 36.355270319688003 ], [ -81.723763463255551, 36.355421973118183 ], [ -81.723769646341594, 36.3554344598192 ], [ -81.723863574472347, 36.355662985139318 ], [ -81.723864386413425, 36.355665023918213 ], [ -81.723954954998575, 36.355899906993251 ], [ -81.723955027177354, 36.355900093904729 ], [ -81.724023747145168, 36.356077783661839 ], [ -81.724026010741596, 36.356084295713586 ], [ -81.724080379206811, 36.356260024436494 ], [ -81.724081519757021, 36.356264000356674 ], [ -81.724156882697798, 36.35654881217333 ], [ -81.724157805844712, 36.356553032125156 ], [ -81.724158360433094, 36.356557316122029 ], [ -81.724188181492408, 36.356905547868053 ], [ -81.724190691621558, 36.356924334169456 ], [ -81.72423115661023, 36.357146417725161 ], [ -81.724233038806958, 36.357155538227197 ], [ -81.724272514412931, 36.357326600873037 ], [ -81.724275884529391, 36.3573392887522 ], [ -81.724301487316225, 36.357424325148209 ], [ -81.724302525208842, 36.357427666235012 ], [ -81.724349122697731, 36.357573164169743 ], [ -81.724352133431083, 36.357585020274932 ], [ -81.724372090173162, 36.35769024899902 ], [ -81.724372755008801, 36.357694998380403 ], [ -81.724372033647285, 36.357699739505556 ], [ -81.724353963684706, 36.357789185907002 ], [ -81.72435276619639, 36.357793906293047 ], [ -81.724350249545125, 36.357798075524052 ], [ -81.724281732810766, 36.357899924710829 ], [ -81.724278819142882, 36.357903827482581 ], [ -81.72427489760328, 36.357906715840826 ], [ -81.724180974084462, 36.357969021950467 ], [ -81.724174874840827, 36.357972760825341 ], [ -81.72407630292301, 36.358028434766062 ], [ -81.724063229679274, 36.358034616176042 ], [ -81.723844486250997, 36.35811926051084 ], [ -81.723839928218126, 36.358120776153136 ], [ -81.723835245481098, 36.358121846111608 ], [ -81.72358364163297, 36.358166705814121 ], [ -81.723580330933075, 36.358167238979597 ], [ -81.723304160466654, 36.358206975551809 ], [ -81.723116027681229, 36.358233716042342 ], [ -81.723098108212866, 36.358237102849806 ], [ -81.722942704854717, 36.358273884090131 ], [ -81.722933335869044, 36.358276342599801 ], [ -81.722816223878667, 36.358310125367439 ], [ -81.722799522355146, 36.358315751322131 ], [ -81.722783380940925, 36.358322825712627 ], [ -81.722767924970952, 36.358331293607662 ], [ -81.722753274457844, 36.35834108925566 ], [ -81.72268029109091, 36.358394686660667 ], [ -81.722663632252974, 36.358408361344921 ], [ -81.722648541626526, 36.358423749225345 ], [ -81.722635194456686, 36.358440671604853 ], [ -81.722588856009651, 36.358506420967025 ], [ -81.722580498596486, 36.358519302461801 ], [ -81.722573154069224, 36.358532787163568 ], [ -81.722536922510272, 36.358605854559869 ], [ -81.722529363038845, 36.358623093565413 ], [ -81.722523457754619, 36.358640966912574 ], [ -81.722519258967921, 36.358659316275258 ], [ -81.722516803872537, 36.358677979110716 ], [ -81.722510636319868, 36.358751473557902 ], [ -81.722509979339534, 36.358772372246811 ], [ -81.722511507817259, 36.358793225317974 ], [ -81.722515205047287, 36.358813804854201 ], [ -81.722570942885156, 36.359051795130831 ], [ -81.722571039219133, 36.359052204519926 ], [ -81.722644904415091, 36.359364634689683 ], [ -81.72264507844973, 36.359365364690447 ], [ -81.722719291243195, 36.359674086813421 ], [ -81.722720516245673, 36.359679950600402 ], [ -81.72280371199939, 36.360147804348706 ], [ -81.722805209897857, 36.360162305192461 ], [ -81.722815906052773, 36.36052017116306 ], [ -81.722815914965949, 36.360525830224972 ], [ -81.722811223357908, 36.360701308393331 ], [ -81.722811513809702, 36.360718679817857 ], [ -81.722825134894748, 36.360944795173516 ], [ -81.722828848904271, 36.360972940561282 ], [ -81.722878680155503, 36.361215977139949 ], [ -81.72288408416378, 36.361236650501361 ], [ -81.722891662916837, 36.361256629332146 ], [ -81.723047683882129, 36.361609776835238 ], [ -81.723052593203022, 36.361620082739272 ], [ -81.723239635573847, 36.361985491265152 ], [ -81.723249138700922, 36.36200205575286 ], [ -81.723503448277597, 36.362400021080461 ], [ -81.723508718962435, 36.362407855179036 ], [ -81.723712945547263, 36.362696457192818 ], [ -81.723725895278278, 36.362712865984442 ], [ -81.723863588245493, 36.362869731943043 ], [ -81.723877691599739, 36.362884246899135 ], [ -81.723893189655385, 36.362897262229431 ], [ -81.724003933580221, 36.362981088676982 ], [ -81.72402157891527, 36.362993022357145 ], [ -81.724040393409766, 36.363003011619789 ], [ -81.724231090804125, 36.363091581605467 ], [ -81.724570420034865, 36.363253298621437 ], [ -81.724577418426804, 36.36325698075342 ], [ -81.724797386634549, 36.363384073278674 ], [ -81.72480056047057, 36.363385986357031 ], [ -81.725024445351735, 36.363526657375658 ], [ -81.725025533241094, 36.363527350744356 ], [ -81.72512395591734, 36.363590977118051 ], [ -81.72514098808071, 36.363601997953033 ], [ -81.725153475041338, 36.363610078426902 ], [ -81.725157808346538, 36.36361322543133 ], [ -81.725161778805059, 36.363616819403973 ], [ -81.725403991442121, 36.363860999856989 ], [ -81.725649990004158, 36.364108998971716 ], [ -81.725896990078041, 36.364357999570935 ], [ -81.726142990665664, 36.364606000049307 ], [ -81.726388822009824, 36.364853829869546 ], [ -81.726389159954309, 36.364854169745833 ], [ -81.726690991568887, 36.36515700013242 ], [ -81.726992624497527, 36.365459632394064 ], [ -81.72699335431561, 36.365460372280033 ], [ -81.727112702647005, 36.365582631288675 ], [ -81.727115790641733, 36.365586107838197 ], [ -81.727116965972385, 36.365590606805213 ], [ -81.72713704503208, 36.365685528873662 ], [ -81.727137775870048, 36.365689979290174 ], [ -81.727136080448929, 36.365694151873271 ], [ -81.727011687136326, 36.365964488474646 ], [ -81.727010321286684, 36.365967523024935 ], [ -81.726875168291585, 36.366274597040324 ], [ -81.726773071152081, 36.366503820875131 ], [ -81.726772911076552, 36.366504181224727 ], [ -81.726742000102732, 36.366573950900175 ], [ -81.726734894426869, 36.366592402005288 ], [ -81.72657365064822, 36.367081997510887 ], [ -81.726572247703004, 36.36708597322874 ], [ -81.726442042439913, 36.367431556983426 ], [ -81.726437322958134, 36.367442168730797 ], [ -81.726188064705909, 36.367924921604768 ], [ -81.726185967266133, 36.367929103088663 ], [ -81.726102310499073, 36.368100865783752 ], [ -81.726094053081425, 36.36812038416825 ], [ -81.726087907405585, 36.368140666745695 ], [ -81.726053745912338, 36.368279539988173 ], [ -81.726050129642942, 36.368297909228943 ], [ -81.726048246860898, 36.368316536132681 ], [ -81.726048114064398, 36.368335257478144 ], [ -81.726064206268958, 36.368740099330829 ], [ -81.726065688026964, 36.368757712348902 ], [ -81.726068719049394, 36.368775125760848 ], [ -81.726073275662912, 36.36879220356181 ], [ -81.726079322278764, 36.368808812368187 ], [ -81.726086811670768, 36.368824822459381 ], [ -81.726157746041366, 36.368960493374423 ], [ -81.726170199458366, 36.368981168792409 ], [ -81.726185052782384, 36.36900019349396 ], [ -81.726471245961577, 36.369324360433083 ], [ -81.72648547781003, 36.36933891533387 ], [ -81.726906558056328, 36.369727828684077 ], [ -81.726909821763869, 36.369731138669124 ], [ -81.726912413494759, 36.36973499751835 ], [ -81.72707585424827, 36.37000477349882 ], [ -81.727076129289728, 36.370005226129926 ], [ -81.727155646568576, 36.370135696787955 ], [ -81.727168143765695, 36.370153865930455 ], [ -81.727182565293091, 36.370170548772613 ], [ -81.727198735821901, 36.370185542493751 ], [ -81.727216458759827, 36.370198664808562 ], [ -81.727373650262521, 36.370302142092413 ], [ -81.727382475319686, 36.370307628330188 ], [ -81.727601733064645, 36.37043615906115 ], [ -81.727618672943549, 36.370445029751743 ], [ -81.727897741022787, 36.370574563327075 ], [ -81.727908372231227, 36.370579128994926 ], [ -81.728172136696031, 36.370683475583 ], [ -81.728179705550062, 36.370686838880808 ], [ -81.728370335744358, 36.370781190480876 ], [ -81.728377487681129, 36.370785101137905 ], [ -81.728567307696835, 36.370899185791387 ], [ -81.728576339431129, 36.370905309102881 ], [ -81.728662722714958, 36.370971035204263 ], [ -81.728665228927795, 36.370973005964515 ], [ -81.728676689718384, 36.370982317639097 ], [ -81.728683403674026, 36.370987539564382 ], [ -81.728719730442748, 36.371014573663551 ], [ -81.728722882222939, 36.371017124556346 ], [ -81.728725816476455, 36.371019922936298 ], [ -81.728835932353647, 36.371133835340615 ], [ -81.728838840815996, 36.37113712187174 ], [ -81.728841449129476, 36.37114065133914 ], [ -81.728905585388802, 36.371235940359583 ], [ -81.728911755617958, 36.371246436266432 ], [ -81.728995793472279, 36.371411678846968 ], [ -81.728997758013378, 36.371416054351585 ], [ -81.728997922193216, 36.371420847837946 ], [ -81.728993991121087, 36.37169699556587 ], [ -81.72898999140611, 36.371977000023378 ], [ -81.728986049614477, 36.372252870706156 ], [ -81.728985591167515, 36.372261110607141 ], [ -81.728955530354568, 36.372570451875582 ], [ -81.728954761869701, 36.372581570756822 ], [ -81.72893808149351, 36.372986811308422 ], [ -81.728937949254188, 36.372991191131263 ], [ -81.728934263659895, 36.373182836929729 ], [ -81.728935718019301, 36.373211060934139 ], [ -81.728950589024308, 36.373332152400764 ], [ -81.72895355536744, 36.373349764413355 ], [ -81.728958081073472, 36.373367041570646 ], [ -81.728964130051935, 36.373383846094995 ], [ -81.728971654064921, 36.37340004397781 ], [ -81.729025471278916, 36.373503539348405 ], [ -81.729036607584831, 36.373522363305177 ], [ -81.729049732754405, 36.373539858692617 ], [ -81.72906468982417, 36.373555816283961 ], [ -81.729081299923052, 36.373570045242928 ], [ -81.729164613437661, 36.373633859522094 ], [ -81.729180022461293, 36.373644554221357 ], [ -81.729196365605105, 36.373653758364561 ], [ -81.729213499125166, 36.373661390997917 ], [ -81.729231272325933, 36.373667384989616 ], [ -81.729249528885589, 36.373671687620323 ], [ -81.729403366174481, 36.373700404004396 ], [ -81.72941980535866, 36.373702771124655 ], [ -81.729436384263295, 36.37370376608996 ], [ -81.729452988556105, 36.373703382038769 ], [ -81.729676747206071, 36.373688893768119 ], [ -81.729696014081966, 36.37368670426212 ], [ -81.729714978369287, 36.373682659234291 ], [ -81.729733461800663, 36.373676796708537 ], [ -81.729911137219048, 36.373610802834676 ], [ -81.729921006013271, 36.373607708208404 ], [ -81.730175984280351, 36.373542032316657 ], [ -81.730180020200621, 36.373541169042781 ], [ -81.730184129139573, 36.373540984231411 ], [ -81.730434085369367, 36.373540019440405 ], [ -81.730438968387048, 36.373540240241944 ], [ -81.730443806305331, 36.373540938211782 ], [ -81.730624289691875, 36.373576084903412 ], [ -81.730628915482768, 36.373577217994779 ], [ -81.730633240918252, 36.37357921109372 ], [ -81.730822258173745, 36.373677538322113 ], [ -81.730826820060358, 36.373680229703275 ], [ -81.730830708705327, 36.37368382592124 ], [ -81.730964474177696, 36.373821468670826 ], [ -81.730965500024723, 36.373822540037672 ], [ -81.731112167165591, 36.373978007266913 ], [ -81.731117558747243, 36.373984215159027 ], [ -81.731243429277029, 36.374141793032621 ], [ -81.731245851224685, 36.374145094248746 ], [ -81.731247994347356, 36.374148582928399 ], [ -81.731346443042099, 36.374324655215325 ], [ -81.731353989273316, 36.374337070140022 ], [ -81.731430581722819, 36.374453342480138 ], [ -81.731432822355927, 36.374457091504702 ], [ -81.73143436797416, 36.374461158532725 ], [ -81.731481196766566, 36.374602600690039 ], [ -81.731482663524474, 36.374607437333182 ], [ -81.731536778244148, 36.374803603607326 ], [ -81.7315377820956, 36.374808018800678 ], [ -81.731537555502797, 36.374812541002157 ], [ -81.731519587069528, 36.374999785579583 ], [ -81.73151762528957, 36.375012092072929 ], [ -81.731503410008727, 36.375075514991153 ], [ -81.731500177703538, 36.375093933423308 ], [ -81.731498679758758, 36.375112573235569 ], [ -81.731498929269648, 36.375131271475709 ], [ -81.731500924054956, 36.375149864680687 ], [ -81.73150464667593, 36.375168190305722 ], [ -81.731512995758877, 36.375201277291019 ], [ -81.731518489344865, 36.375219388190089 ], [ -81.7315256702271, 36.375236898732126 ], [ -81.731534474103611, 36.375253652117166 ], [ -81.731562082601869, 36.375300646161755 ], [ -81.731572683428269, 36.375316841338424 ], [ -81.731617799652781, 36.375378981634888 ], [ -81.731619872833022, 36.375382073371163 ], [ -81.731621709827678, 36.375385311018 ], [ -81.731684922758419, 36.375507089829227 ], [ -81.731691445228819, 36.375518693750507 ], [ -81.731739775932752, 36.375598349501161 ], [ -81.731743886689031, 36.375605826702461 ], [ -81.731794275914112, 36.375707537996604 ], [ -81.731795852504419, 36.375711055735493 ], [ -81.731797152877505, 36.375714684667912 ], [ -81.731829438230434, 36.37581707444614 ], [ -81.731830729893886, 36.375822053699174 ], [ -81.731831501374515, 36.375827139579357 ], [ -81.731843502248793, 36.375948078251305 ], [ -81.731843990683785, 36.375957946399744 ], [ -81.731843991233234, 36.376088059325873 ], [ -81.731844620941487, 36.376103916815758 ], [ -81.731857368684075, 36.376264180881591 ], [ -81.73185922305548, 36.376279746442719 ], [ -81.731884477238225, 36.37643848243178 ], [ -81.731888414041705, 36.376457329059562 ], [ -81.731948922972208, 36.376690333702072 ], [ -81.731953609130869, 36.376705785704083 ], [ -81.731959526514828, 36.376720809319359 ], [ -81.732059937631817, 36.37694834690371 ], [ -81.732064278157608, 36.376957542519015 ], [ -81.732205739685782, 36.377238501976244 ], [ -81.732347603079788, 36.377524218038161 ], [ -81.732348387461514, 36.377525780616054 ], [ -81.732515334312609, 36.37785476340143 ], [ -81.732520951596968, 36.377865071407832 ], [ -81.732671475619625, 36.378122975812104 ], [ -81.732678918691917, 36.37813476457756 ], [ -81.732776740315202, 36.378278356711661 ], [ -81.732792547765612, 36.378298626493276 ], [ -81.732917158495965, 36.378438813843999 ], [ -81.732922956649929, 36.378445063306366 ], [ -81.733030399001834, 36.378556028651026 ], [ -81.733042446689822, 36.378567478555389 ], [ -81.733055403480421, 36.378577888582903 ], [ -81.733178333526922, 36.378668515226032 ], [ -81.733280720556508, 36.378745296853019 ], [ -81.733293620301239, 36.378754202734314 ], [ -81.733622626327488, 36.378962794830706 ], [ -81.733646217957997, 36.378975617859354 ], [ -81.733954177601319, 36.379117112714923 ], [ -81.733980503342607, 36.379127030931372 ], [ -81.734203677126615, 36.379193608287601 ], [ -81.734206293233356, 36.379194427943993 ], [ -81.734405360671502, 36.379259808001784 ], [ -81.734408935580092, 36.379261135458563 ], [ -81.73441239869932, 36.379262731991886 ], [ -81.734588043310239, 36.379351994433932 ], [ -81.734591867581102, 36.379354156006869 ], [ -81.734594698136121, 36.379357504190025 ], [ -81.734657185058339, 36.37943836851823 ], [ -81.734659802330782, 36.379442097304306 ], [ -81.734661307297117, 36.379446397191963 ], [ -81.73469975175486, 36.379574857692496 ], [ -81.734700804273544, 36.379579022113965 ], [ -81.734700753460331, 36.379583317183524 ], [ -81.7346940912755, 36.379704191059218 ], [ -81.734693826374269, 36.379707804491147 ], [ -81.73468143441734, 36.379843158993808 ], [ -81.734680758937969, 36.379847955729801 ], [ -81.734679621106693, 36.379852664262764 ], [ -81.734634653762257, 36.380005745876836 ], [ -81.734633223971997, 36.380010221588357 ], [ -81.734503831970969, 36.380384671479675 ], [ -81.734499561427739, 36.380395088182304 ], [ -81.734375599296612, 36.380654727294285 ], [ -81.734374401498187, 36.380657282290535 ], [ -81.734213698066768, 36.381006463395785 ], [ -81.734212309237378, 36.381009549572894 ], [ -81.734063095382112, 36.381348764314012 ], [ -81.73406288843637, 36.381349236423105 ], [ -81.733867567013405, 36.381796393053243 ], [ -81.733864136911663, 36.381803472427613 ], [ -81.733773817684977, 36.381972581237683 ], [ -81.733771864799138, 36.381975919600904 ], [ -81.733769659256126, 36.381979096708143 ], [ -81.73365847875948, 36.382126697005667 ], [ -81.733655862985216, 36.382129886256095 ], [ -81.73365276767629, 36.38213259117321 ], [ -81.733558975996047, 36.38220799265887 ], [ -81.733548535282026, 36.382215339526162 ], [ -81.733441689490292, 36.382280736490124 ], [ -81.733437922030831, 36.382282823604207 ], [ -81.733433744539767, 36.382283871633597 ], [ -81.733248649312159, 36.382321865259676 ], [ -81.73324733154314, 36.382322126539769 ], [ -81.733139411426393, 36.382342771922957 ], [ -81.733126663718039, 36.382345645232135 ], [ -81.732987185435093, 36.382381909566092 ], [ -81.732978847215122, 36.382384271506368 ], [ -81.732910674514613, 36.382405188323155 ], [ -81.732895240043021, 36.382410624172856 ], [ -81.732880301614131, 36.382417303597798 ], [ -81.732722490507101, 36.38249576345865 ], [ -81.732713290589942, 36.382499774627753 ], [ -81.732515084160752, 36.382574587610669 ], [ -81.732512902135753, 36.38257542581583 ], [ -81.732319159817749, 36.382651152360388 ], [ -81.73231478483639, 36.382652745972884 ], [ -81.732111324257104, 36.382721535411768 ], [ -81.732106942651683, 36.382722796788215 ], [ -81.732102464152689, 36.382723652699845 ], [ -81.731760604367608, 36.382772912135003 ], [ -81.731759377434813, 36.382773081177852 ], [ -81.731511681652989, 36.382805646191471 ], [ -81.731506310942251, 36.382806426555959 ], [ -81.731275084597968, 36.382843233836184 ], [ -81.731253164402631, 36.382847996950098 ], [ -81.731096186899009, 36.382891454586549 ], [ -81.731078079260996, 36.382897410055584 ], [ -81.730997916327595, 36.382928080792063 ], [ -81.730981068338323, 36.382935431346461 ], [ -81.730964966370877, 36.382944297689392 ], [ -81.730949746440757, 36.382954604925665 ], [ -81.730925547279, 36.382972669072089 ], [ -81.730909944594742, 36.382985597018475 ], [ -81.730895730078089, 36.383000037346385 ], [ -81.730883049632368, 36.383015841834663 ], [ -81.730843385896833, 36.383070761101926 ], [ -81.730829942606903, 36.383092088938113 ], [ -81.730793477795729, 36.383158941545013 ], [ -81.730783322548376, 36.383180531652606 ], [ -81.730775810591823, 36.383203177453609 ], [ -81.730755082484308, 36.3832809054541 ], [ -81.730753073121789, 36.383289136902405 ], [ -81.730699983966062, 36.383528521631348 ], [ -81.730698204035434, 36.383537518803884 ], [ -81.730660613394349, 36.383753423762784 ], [ -81.730659110194949, 36.383760522297855 ], [ -81.730605885926806, 36.383973419271449 ], [ -81.730603833935689, 36.383980504992415 ], [ -81.730539975696857, 36.384173987679965 ], [ -81.730535263751875, 36.384185713910149 ], [ -81.730423977102618, 36.384418841128621 ], [ -81.730419631537089, 36.384426959686991 ], [ -81.730241062953297, 36.38472652485423 ], [ -81.730238858019419, 36.384729905078387 ], [ -81.730236387123796, 36.384733096053893 ], [ -81.730099404025282, 36.384895943321865 ], [ -81.730095796365745, 36.384899797656594 ], [ -81.730091801131977, 36.384903248628341 ], [ -81.729968660383719, 36.38499870659237 ], [ -81.729965268743271, 36.385001222926846 ], [ -81.729760152497917, 36.385146789382738 ], [ -81.729740804003356, 36.385162416896293 ], [ -81.729612326772624, 36.385280112377345 ], [ -81.729602021894806, 36.385290261753909 ], [ -81.7295592674229, 36.385335531320031 ], [ -81.729546562095763, 36.385350373934287 ], [ -81.729535365628408, 36.385366385419367 ], [ -81.729525784871115, 36.385383412974257 ], [ -81.729525218446881, 36.385384545820628 ], [ -81.729517420305427, 36.385402230287241 ], [ -81.729511365561024, 36.385420584889921 ], [ -81.729507110757623, 36.385439438219002 ], [ -81.729504695629913, 36.385458614207309 ], [ -81.729504142732253, 36.385477933774432 ], [ -81.729505457228043, 36.38549721649909 ], [ -81.729508626841479, 36.385516282304081 ], [ -81.729513621972231, 36.385534953137977 ], [ -81.729520395971861, 36.385553054637874 ], [ -81.729528885579427, 36.385570417757776 ], [ -81.729563552798723, 36.385633410464706 ], [ -81.729573532233488, 36.385649658517025 ], [ -81.729585013640744, 36.38566488236706 ], [ -81.729597892657864, 36.385678943634446 ], [ -81.729612052218329, 36.385691714506379 ], [ -81.729627363615862, 36.385703078899361 ], [ -81.729662848641524, 36.385726879948486 ], [ -81.729675422213788, 36.385734655571824 ], [ -81.729763466474992, 36.38578470213524 ], [ -81.729764512290302, 36.385785304983507 ], [ -81.729902149773366, 36.385865755194494 ], [ -81.729905876583771, 36.385868162089714 ], [ -81.729909374770131, 36.385870890633456 ], [ -81.730000073518795, 36.385948362531565 ], [ -81.730003948397353, 36.385951588738287 ], [ -81.730120159596851, 36.386045890878556 ], [ -81.730123820050437, 36.386049173511282 ], [ -81.730127139306774, 36.386052800787745 ], [ -81.730202359205478, 36.386143615516389 ], [ -81.730209101587235, 36.386152769765445 ], [ -81.730279386131897, 36.386260539506701 ], [ -81.730282448636515, 36.386265551158992 ], [ -81.730366027855965, 36.386411814354226 ], [ -81.730371315356592, 36.386422501525317 ], [ -81.730475125534653, 36.386668218164424 ], [ -81.730479830392881, 36.386682128705914 ], [ -81.730565266674944, 36.387013193206549 ], [ -81.73056655142797, 36.387018843633115 ], [ -81.730592053214934, 36.387148240388754 ], [ -81.730593463860799, 36.387157827740353 ], [ -81.730606466336198, 36.387290643625555 ], [ -81.730606700866943, 36.38729599687192 ], [ -81.730606359093784, 36.387301344342973 ], [ -81.73059470653223, 36.387399947468843 ], [ -81.730593629981897, 36.387405912227685 ], [ -81.730591836324024, 36.387411701882193 ], [ -81.730546760447552, 36.387530964443378 ], [ -81.73054513353118, 36.387535001062005 ], [ -81.73049621791931, 36.387649138426852 ], [ -81.730488844564348, 36.387669256864747 ], [ -81.730469102575853, 36.387733600637979 ], [ -81.730462789204125, 36.387760841910399 ], [ -81.730455899001782, 36.387804150915485 ], [ -81.730453711717018, 36.387824683638215 ], [ -81.73045365315366, 36.387845332451434 ], [ -81.730455723935975, 36.387865877250725 ], [ -81.730471110574868, 36.387966257655314 ], [ -81.730473203018178, 36.387977682513686 ], [ -81.730518983594507, 36.388192279522521 ], [ -81.730519757226233, 36.388197015485204 ], [ -81.730519607932749, 36.388201811896138 ], [ -81.730513407551925, 36.388279762161083 ], [ -81.730512719354891, 36.388284949195913 ], [ -81.730511491000769, 36.388290035461615 ], [ -81.73048611046697, 36.388375243603932 ], [ -81.730483582148608, 36.388382656813675 ], [ -81.730414181400889, 36.3885627233349 ], [ -81.730408546458264, 36.388579527394334 ], [ -81.730370790814689, 36.38871121085046 ], [ -81.73036903074842, 36.388716738863771 ], [ -81.730351259718574, 36.388767418172648 ], [ -81.730346429331078, 36.388783267593773 ], [ -81.730342927450394, 36.388799462457932 ], [ -81.730340778111412, 36.388815891612971 ], [ -81.730323414336851, 36.389011244536434 ], [ -81.730322796310674, 36.389020771283853 ], [ -81.730316276872443, 36.389180032108804 ], [ -81.730314740667794, 36.389193861722049 ], [ -81.730283829251391, 36.389363404068497 ], [ -81.73028278108491, 36.38936794092514 ], [ -81.730281314289144, 36.389372360227568 ], [ -81.730229820493335, 36.389506244021973 ], [ -81.730227759399355, 36.389510882765855 ], [ -81.730225237146868, 36.389515287796364 ], [ -81.730142456761442, 36.389644162840575 ], [ -81.730139827504701, 36.38964787259016 ], [ -81.730136581234362, 36.389651029399587 ], [ -81.729998673739431, 36.389773505876889 ], [ -81.729995243270636, 36.389776417108699 ], [ -81.729832599253498, 36.389908264889002 ], [ -81.729822973219242, 36.389915164630104 ], [ -81.729674716911703, 36.390008650582544 ], [ -81.729667073151091, 36.390013012456748 ], [ -81.729500432615239, 36.390098609072929 ], [ -81.729476559403366, 36.390113060559983 ], [ -81.72934244848642, 36.390207626504072 ], [ -81.729322558044998, 36.390223647277132 ], [ -81.729243075645826, 36.390296506459386 ], [ -81.729229562760963, 36.390310143271222 ], [ -81.72919083194742, 36.390353177055793 ], [ -81.729174520016983, 36.390373900538918 ], [ -81.729122343507726, 36.390450026332893 ], [ -81.729119545414179, 36.390453906350444 ], [ -81.729012395703975, 36.390595233689801 ], [ -81.728998833938292, 36.390615598455035 ], [ -81.728948378782817, 36.390702447738398 ], [ -81.728940278672297, 36.390717906432833 ], [ -81.728893045552397, 36.390818495232793 ], [ -81.728887411423273, 36.390831707228806 ], [ -81.728837975754118, 36.390960239731434 ], [ -81.728832660490028, 36.390975982002409 ], [ -81.728801055907738, 36.391084228009362 ], [ -81.728796140289163, 36.391105204526923 ], [ -81.728793509584335, 36.391126588095076 ], [ -81.728781322098541, 36.391304173365 ], [ -81.728780794227276, 36.391308668514249 ], [ -81.728776598363083, 36.391306971535251 ], [ -81.728138093442425, 36.391012048033843 ], [ -81.728137887923836, 36.391011953246483 ], [ -81.720475002724839, 36.38748300566261 ], [ -81.719406995043101, 36.386991001731715 ], [ -81.718274104365662, 36.386469052189064 ], [ -81.718273877952015, 36.386468948045902 ], [ -81.717612730927115, 36.386165340112981 ], [ -81.717611256163494, 36.386164648280861 ], [ -81.717350343866215, 36.386039647857864 ], [ -81.717347629736807, 36.386038372475895 ], [ -81.71673699841817, 36.385757003373044 ], [ -81.715834027548652, 36.385341016420469 ], [ -81.715259896741316, 36.385076797617359 ], [ -81.715252011265264, 36.385073372085799 ], [ -81.715148186594945, 36.385030898320757 ], [ -81.715143839632987, 36.385028998418917 ], [ -81.712717785079761, 36.383899370037568 ], [ -81.712716193418657, 36.383898637389159 ], [ -81.711928600364416, 36.383540277583037 ], [ -81.711589339209212, 36.383383161863961 ], [ -81.711588639251985, 36.383382839342175 ], [ -81.711192182243366, 36.38320108765285 ], [ -81.710628148070228, 36.382941072511734 ], [ -81.710330106545072, 36.382803053643194 ], [ -81.710329874999644, 36.382802946597025 ], [ -81.709667099846314, 36.382497050700692 ], [ -81.708924966349869, 36.382153451841717 ], [ -81.708923011234376, 36.382152559371868 ], [ -81.708764898610326, 36.38208140827853 ], [ -81.702128007850547, 36.379015007764586 ], [ -81.701225002793095, 36.378598005235922 ], [ -81.696715493364849, 36.376516231779824 ], [ -81.696714491264018, 36.376515762425754 ], [ -81.696535025548357, 36.376430492089078 ], [ -81.696532950040876, 36.376429520480094 ], [ -81.686247060536743, 36.371686031673761 ], [ -81.678940159684643, 36.368323077613269 ], [ -81.678860424274788, 36.368286200357574 ], [ -81.678859557258917, 36.368285801874698 ], [ -81.67819033687492, 36.367980157886691 ], [ -81.666881031030144, 36.362763018280063 ], [ -81.665361075308297, 36.362061038778016 ], [ -81.664330048025889, 36.361586026548068 ], [ -81.662967026883152, 36.360957016649799 ], [ -81.660364062468261, 36.359757032638925 ], [ -81.650913067438623, 36.35540903503567 ], [ -81.648588293011542, 36.354337139430697 ], [ -81.648459789303246, 36.354277371130628 ], [ -81.648458188491787, 36.354276635137026 ], [ -81.644234023104445, 36.352357014994922 ], [ -81.638189979196625, 36.349607813616949 ], [ -81.638186101036936, 36.349605840270605 ], [ -81.638182868710544, 36.349602927147821 ], [ -81.637750072996766, 36.349177080408644 ], [ -81.636879992254592, 36.348319000953168 ], [ -81.636227062169695, 36.347675070136766 ], [ -81.635973160535968, 36.347425167569099 ], [ -81.635793255067256, 36.347247250198258 ], [ -81.635790772921794, 36.347244706638044 ], [ -81.635602708196387, 36.347045008306189 ], [ -81.635592942096508, 36.347035327610612 ], [ -81.635358159401648, 36.346818081646745 ], [ -81.635355857554572, 36.346815882695076 ], [ -81.63470462367431, 36.346173624556087 ], [ -81.634451839331575, 36.345919851707137 ], [ -81.634450128944422, 36.345918155190517 ], [ -81.632950096210507, 36.34444810344278 ], [ -81.630315992987647, 36.34185900223855 ], [ -81.628846993602693, 36.340415002186738 ], [ -81.625601996082523, 36.337225005104003 ], [ -81.624829318645396, 36.336465321693929 ], [ -81.624828662294462, 36.336464679337737 ], [ -81.62389908855711, 36.33555909511297 ], [ -81.623898893667743, 36.335558905511149 ], [ -81.62027925230062, 36.332042254727945 ], [ -81.620278728171229, 36.332041747366524 ], [ -81.619181257512608, 36.330983257061312 ], [ -81.606129269444807, 36.31830118558311 ], [ -81.606123016993052, 36.318294528535695 ], [ -81.603441994826809, 36.315165004126484 ], [ -81.601121051760757, 36.312456071882501 ], [ -81.601024038254351, 36.312343055761126 ], [ -81.600808464511331, 36.312091552829152 ], [ -81.600659370775958, 36.311915025835724 ], [ -81.600644138138321, 36.311898897271028 ], [ -81.60062721292411, 36.311884554991828 ], [ -81.600489197957899, 36.311780181582769 ], [ -81.600480622515562, 36.311774044963137 ], [ -81.600384083167157, 36.311708739349818 ], [ -81.600381888793933, 36.311707275928171 ], [ -81.600290850999642, 36.311647426573423 ], [ -81.60027457095299, 36.311637794413102 ], [ -81.600257453727835, 36.311629743386199 ], [ -81.600246656841989, 36.311625275751744 ], [ -81.600245329255671, 36.311624715173245 ], [ -81.600181161399831, 36.311597073567327 ], [ -81.600180819883803, 36.311596926828464 ], [ -81.60014309772761, 36.311580760295101 ], [ -81.600139086332888, 36.311578824771352 ], [ -81.600135263605992, 36.31157653909866 ], [ -81.60004478672559, 36.311516801109342 ], [ -81.600027341038228, 36.311506511425307 ], [ -81.600008944104033, 36.311498038974797 ], [ -81.599989784597184, 36.311491470649074 ], [ -81.59997005901262, 36.31148687381117 ], [ -81.599949969650794, 36.311484295605062 ], [ -81.599929722542981, 36.311483762472164 ], [ -81.599909525338262, 36.311485279880152 ], [ -81.599888237165388, 36.311487968812408 ], [ -81.599887744735994, 36.311488031632678 ], [ -81.599730281308396, 36.311508318210677 ], [ -81.599725015510046, 36.311508712829699 ], [ -81.599719892849819, 36.311507431148115 ], [ -81.599625950129465, 36.311478526303425 ], [ -81.599621179694296, 36.311476782995513 ], [ -81.599618770354112, 36.311472311837484 ], [ -81.599603326441766, 36.311439708696732 ], [ -81.599602649432256, 36.311438293850777 ], [ -81.599528337898079, 36.311284545476006 ], [ -81.599519379301697, 36.311268037108654 ], [ -81.599508911578098, 36.311252441936176 ], [ -81.599497027048074, 36.311237897501229 ], [ -81.599383912644939, 36.311112025307736 ], [ -81.599382098321271, 36.311109949492575 ], [ -81.599254349077853, 36.310959656311496 ], [ -81.599238700907691, 36.310943233075477 ], [ -81.598950681971019, 36.310673395314687 ], [ -81.598941027330397, 36.310664915766623 ], [ -81.598757138690786, 36.310513590785533 ], [ -81.598754106370308, 36.310510880802788 ], [ -81.598751304817597, 36.310507932875673 ], [ -81.598580494430365, 36.310312859139181 ], [ -81.598578106557753, 36.310309913402662 ], [ -81.598575949224255, 36.310306794874528 ], [ -81.598402043400867, 36.310033791895371 ], [ -81.59839928148341, 36.310028858804074 ], [ -81.598397096521197, 36.310023644446943 ], [ -81.59834825626433, 36.309885577416935 ], [ -81.598346000164995, 36.309878337028913 ], [ -81.598306045605938, 36.309730598319121 ], [ -81.598299947294848, 36.309711791875152 ], [ -81.598292021989892, 36.309693679413314 ], [ -81.598282347135495, 36.309676437924821 ], [ -81.598271017272367, 36.30966023588995 ], [ -81.598258143113554, 36.309645231631627 ], [ -81.598166583865037, 36.309548626050663 ], [ -81.59816539298653, 36.309547380330145 ], [ -81.598145937165242, 36.309527203294905 ], [ -81.598131361431854, 36.309513526169063 ], [ -81.598011271559486, 36.309411632009521 ], [ -81.598002513040655, 36.309404613570671 ], [ -81.597850343193144, 36.309289535664178 ], [ -81.597847108658371, 36.309286868725721 ], [ -81.597844376577839, 36.309283708561729 ], [ -81.597688051400411, 36.309086854946351 ], [ -81.597681743871533, 36.309079301447532 ], [ -81.597565913694979, 36.30894733029713 ], [ -81.597559923672165, 36.30894080301492 ], [ -81.597445360931431, 36.308821385626779 ], [ -81.597444624964169, 36.308820610217957 ], [ -81.597390975112901, 36.308763476637544 ], [ -81.597374929552856, 36.3087481835924 ], [ -81.597357290206546, 36.308734760079851 ], [ -81.597338273745677, 36.308723370986691 ], [ -81.59723344960328, 36.308668241360579 ], [ -81.597232535547576, 36.308667754577222 ], [ -81.597148737938696, 36.308622569372353 ], [ -81.597130602359655, 36.308613936195641 ], [ -81.597111692317768, 36.308607165576554 ], [ -81.597004158114316, 36.308574655417651 ], [ -81.596999855825402, 36.30857324768224 ], [ -81.596896955473056, 36.308536979438387 ], [ -81.596879791557484, 36.308531782350961 ], [ -81.596862231102193, 36.308528143652602 ], [ -81.596744248348955, 36.308509167860279 ], [ -81.596729982006408, 36.308505783116487 ], [ -81.596564355103624, 36.308453380606124 ], [ -81.596560072883634, 36.308451806876491 ], [ -81.596556165946822, 36.308449488246929 ], [ -81.596464128713492, 36.308389060296456 ], [ -81.596458016088164, 36.308384710196925 ], [ -81.596323524311856, 36.308281180818348 ], [ -81.596320504590409, 36.308278761821626 ], [ -81.596232816004076, 36.308205687826451 ], [ -81.596231158073508, 36.308204321237071 ], [ -81.59608429670709, 36.308084586199598 ], [ -81.596064845620049, 36.308070580937937 ], [ -81.595880321793615, 36.307953841834539 ], [ -81.595877646809313, 36.307952178853647 ], [ -81.595715793808282, 36.307853316801264 ], [ -81.595700980869168, 36.307845109001136 ], [ -81.595685526664198, 36.307838183779332 ], [ -81.5956695419966, 36.307832590788173 ], [ -81.595529548510399, 36.307790168706163 ], [ -81.595528436450564, 36.307789824640231 ], [ -81.595476427816806, 36.30777340112877 ], [ -81.595472074894403, 36.307771800357429 ], [ -81.595467889527981, 36.307769802081076 ], [ -81.59529508850153, 36.307677196069285 ], [ -81.59528711530767, 36.307672433589268 ], [ -81.595069630018529, 36.307528410308642 ], [ -81.595066109852738, 36.307525851485103 ], [ -81.595062826119133, 36.307522995571922 ], [ -81.594888273442464, 36.307357269084079 ], [ -81.594775713369586, 36.307249562701458 ], [ -81.59477222184924, 36.307245858857321 ], [ -81.594770506208235, 36.307241065590553 ], [ -81.594738106636555, 36.307133356800321 ], [ -81.594730777042457, 36.307113039271513 ], [ -81.59469411649917, 36.307026388272945 ], [ -81.594683207013972, 36.307004453269549 ], [ -81.594669697576563, 36.306984016627403 ], [ -81.594665584496141, 36.30697855394358 ], [ -81.594652299768541, 36.306962689703369 ], [ -81.594637447025193, 36.306948282964676 ], [ -81.594621185249153, 36.306935487936542 ], [ -81.594603688505714, 36.306924441576356 ], [ -81.594585144079161, 36.306915262123816 ], [ -81.594565750468192, 36.306908047835364 ], [ -81.594545715261063, 36.306902875932394 ], [ -81.594400415297002, 36.306873290138071 ], [ -81.594397563246829, 36.306872730957735 ], [ -81.594282752235486, 36.306851085874079 ], [ -81.594277094353757, 36.306849671601569 ], [ -81.594271640679636, 36.306847605390473 ], [ -81.594058222345211, 36.306752103864177 ], [ -81.594057759114335, 36.306751897279867 ], [ -81.593725098555467, 36.306604048062034 ], [ -81.593414112724233, 36.30646539237727 ], [ -81.593407972038364, 36.306462398934741 ], [ -81.593036688315451, 36.30626543088799 ], [ -81.593031252086973, 36.306262652420592 ], [ -81.592788450638281, 36.306143194350668 ], [ -81.5927841216632, 36.306140790393002 ], [ -81.592780052563342, 36.306137968786167 ], [ -81.592461587350996, 36.305892846946563 ], [ -81.592445871020203, 36.305881906947967 ], [ -81.59217812176675, 36.305713964539017 ], [ -81.592175071593473, 36.305711890479223 ], [ -81.592172182910147, 36.305709596837879 ], [ -81.591758787819529, 36.305355682533637 ], [ -81.591757186828588, 36.305354326387189 ], [ -81.59155003695254, 36.305180714589468 ], [ -81.591546040556949, 36.305177179465304 ], [ -81.591534194179943, 36.305166123161534 ], [ -81.59153176998791, 36.305163897679947 ], [ -81.591399466175758, 36.305044429618953 ], [ -81.591275094330257, 36.304930668753279 ], [ -81.591264573074923, 36.304921693133331 ], [ -81.591109429224616, 36.304798348231209 ], [ -81.590920189420615, 36.304646159862813 ], [ -81.590919789748952, 36.304645839285392 ], [ -81.590570821134605, 36.30436666469565 ], [ -81.590569153842992, 36.304365345336677 ], [ -81.590146830893559, 36.304034788556493 ], [ -81.590137651586531, 36.304026647032217 ], [ -81.589830916895039, 36.303718928538309 ], [ -81.589829090900167, 36.303717048024374 ], [ -81.589533100172318, 36.303404115868766 ], [ -81.58923660165766, 36.303089647100236 ], [ -81.589235393097908, 36.303088342233401 ], [ -81.589004123007456, 36.302834145085818 ], [ -81.589003859700554, 36.302833856243367 ], [ -81.588775374681447, 36.302583704097337 ], [ -81.588772193656311, 36.302579849946198 ], [ -81.58876941456009, 36.302575696631173 ], [ -81.588574082114036, 36.302249501455599 ], [ -81.588563085107552, 36.302233043563731 ], [ -81.588378059001045, 36.301983786538493 ], [ -81.588373827326734, 36.301978287788423 ], [ -81.58817995739436, 36.301735211328385 ], [ -81.588178006708446, 36.301732804026216 ], [ -81.58801922658499, 36.301539930423559 ], [ -81.588013171390571, 36.301531761049119 ], [ -81.587726271857434, 36.301100429396072 ], [ -81.587721570949597, 36.301093668056133 ], [ -81.587594004013781, 36.300918016985804 ], [ -81.587496012221294, 36.300783029075355 ], [ -81.58725019158193, 36.300444652273207 ], [ -81.587247757622123, 36.300441372825667 ], [ -81.587086766749138, 36.300229023502908 ], [ -81.587085201615324, 36.30022698637783 ], [ -81.58686842840811, 36.299948561401415 ], [ -81.58686755028684, 36.299947441775799 ], [ -81.586726469109081, 36.299768871693907 ], [ -81.586723468134906, 36.299765165009376 ], [ -81.58643415941313, 36.299416408455258 ], [ -81.586431797309004, 36.299413613418118 ], [ -81.586075192723158, 36.298999396244916 ], [ -81.586072840936339, 36.298996560484056 ], [ -81.585953355332862, 36.298846960789305 ], [ -81.585951109294712, 36.298843919193281 ], [ -81.585949099955727, 36.298840716296382 ], [ -81.58585639239584, 36.298679696875951 ], [ -81.585855601537688, 36.298678297376782 ], [ -81.585735808545238, 36.298462276698409 ], [ -81.585734119202684, 36.298458941633093 ], [ -81.585732684226201, 36.298455489476623 ], [ -81.585591295525305, 36.298075817334286 ], [ -81.585590679554826, 36.298074185068231 ], [ -81.5855784949715, 36.298042318478039 ], [ -81.585577468558853, 36.298039689823113 ], [ -81.585462179741526, 36.297750472742891 ], [ -81.585354505630747, 36.297476310890332 ], [ -81.585353457168935, 36.297473695572016 ], [ -81.585327206929577, 36.297409528523296 ], [ -81.585326780964351, 36.2974084700883 ], [ -81.585252450337236, 36.297220688038415 ], [ -81.585251141032373, 36.297216954099518 ], [ -81.585250131685186, 36.297213128162682 ], [ -81.585191539267683, 36.296948981244078 ], [ -81.585189452558893, 36.296934869241213 ], [ -81.585174030896738, 36.296730520222681 ], [ -81.585170284869122, 36.296677177370988 ], [ -81.585170167326609, 36.296673003021979 ], [ -81.585170399962337, 36.296668828736429 ], [ -81.585181408219356, 36.296556380233689 ], [ -81.585182350257313, 36.296538842553687 ], [ -81.585181750080196, 36.296521289848975 ], [ -81.58517961231621, 36.296503857476203 ], [ -81.585152156959921, 36.296339929550214 ], [ -81.585146156935025, 36.296314464427013 ], [ -81.585124159561445, 36.296242551235046 ], [ -81.58512382871784, 36.296241446934125 ], [ -81.5851034015229, 36.296171806758529 ], [ -81.585100342764875, 36.296162269825125 ], [ -81.585046974801784, 36.29600916623771 ], [ -81.585040240406499, 36.295992341010169 ], [ -81.585032010613361, 36.295976194466682 ], [ -81.584971828431861, 36.295870273883459 ], [ -81.58495898512102, 36.29585048597054 ], [ -81.584894431808721, 36.29576282094844 ], [ -81.584884513023667, 36.295750414725305 ], [ -81.58487364100381, 36.295738834748889 ], [ -81.584762260247956, 36.295629265492629 ], [ -81.584761720722241, 36.295628736743041 ], [ -81.584593637247721, 36.295464631622913 ], [ -81.584592355509344, 36.295463357395448 ], [ -81.584433009650283, 36.295302056054695 ], [ -81.584427245641308, 36.295295696997812 ], [ -81.584310239590479, 36.295154909189229 ], [ -81.584307205736209, 36.295150856414985 ], [ -81.584304598678756, 36.295146516772192 ], [ -81.584172915180687, 36.294899732116086 ], [ -81.584171032899789, 36.294896286445884 ], [ -81.584050395888838, 36.294680511968053 ], [ -81.584047515787731, 36.294675530182715 ], [ -81.583956742339723, 36.294523603908452 ], [ -81.583951749382948, 36.29451412812751 ], [ -81.583873335279051, 36.294343749069206 ], [ -81.583872658603426, 36.294342246295734 ], [ -81.583788004340718, 36.294150029076 ], [ -81.583721063670055, 36.293998164478566 ], [ -81.583578121566305, 36.293672296901242 ], [ -81.583538287439083, 36.293580681211104 ], [ -81.583537689406853, 36.293579319644756 ], [ -81.583475261725624, 36.293438610913682 ], [ -81.583433771358671, 36.293343382311583 ], [ -81.583427769031189, 36.29333081915032 ], [ -81.583333110173015, 36.2931492284836 ], [ -81.583146320446332, 36.29278863489273 ], [ -81.583145671914892, 36.292787360687207 ], [ -81.583120991599827, 36.292738000044487 ], [ -81.583044700729275, 36.292585419653854 ], [ -81.583043259130818, 36.292582592772092 ], [ -81.582901383745607, 36.292309754316541 ], [ -81.582873287763888, 36.292254582410457 ], [ -81.582872680373256, 36.292253399423487 ], [ -81.58278527233783, 36.292084542730464 ], [ -81.582763769732367, 36.292042374075798 ], [ -81.582753244487648, 36.292024167067929 ], [ -81.582638285010816, 36.291847451971414 ], [ -81.582584296562672, 36.291763475259721 ], [ -81.582583680263028, 36.291762522583753 ], [ -81.582446041447383, 36.291551078087473 ], [ -81.582170847888477, 36.291129178070022 ], [ -81.582158082620978, 36.291111744130497 ], [ -81.582143511064132, 36.291095789067569 ], [ -81.581875315241703, 36.290832248894674 ], [ -81.581866417375053, 36.290824020305038 ], [ -81.581617472135065, 36.290607418243006 ], [ -81.581205727872572, 36.290244531216942 ], [ -81.581202326282821, 36.290241390302711 ], [ -81.58096357912541, 36.290010470337826 ], [ -81.580956234886116, 36.290003713275439 ], [ -81.580640272355723, 36.289727245899357 ], [ -81.580639708810324, 36.289726754653493 ], [ -81.58026149424731, 36.289398304774444 ], [ -81.580258463016762, 36.289395724849427 ], [ -81.580046666010801, 36.289219065362005 ], [ -81.580039625627165, 36.289212597548229 ], [ -81.579771238037054, 36.288941249084466 ], [ -81.579716170393581, 36.288885182246773 ], [ -81.579588147397416, 36.288754160630866 ], [ -81.579374149062218, 36.288534163204062 ], [ -81.579373831892269, 36.288533837882923 ], [ -81.579160063453187, 36.288315073329748 ], [ -81.579159919775606, 36.28831492644521 ], [ -81.578926685227017, 36.288076730873556 ], [ -81.578923254725112, 36.288073311241391 ], [ -81.578852137329434, 36.28800411576735 ], [ -81.578849880861711, 36.288001848906866 ], [ -81.578690529851542, 36.287836558994634 ], [ -81.578689447649893, 36.287835445147479 ], [ -81.578458193944442, 36.287599270791958 ], [ -81.578451643124865, 36.287592879876037 ], [ -81.578176757882886, 36.287336714864736 ], [ -81.578175216404304, 36.287335293388786 ], [ -81.577936005650145, 36.287117014126096 ], [ -81.577694991200971, 36.286897000237474 ], [ -81.577457528680526, 36.286680230011221 ], [ -81.57745030223181, 36.286673943802434 ], [ -81.57716799110689, 36.286440000627124 ], [ -81.576884604348066, 36.286205165905528 ], [ -81.576879530424378, 36.286200662316922 ], [ -81.576602071916739, 36.285937027035999 ], [ -81.576599894555727, 36.285934988828849 ], [ -81.576165779882075, 36.285534649425728 ], [ -81.576162285689136, 36.285531266170125 ], [ -81.575921991229976, 36.285287000450246 ], [ -81.575680278620226, 36.285041292285236 ], [ -81.575679702585006, 36.285040709123273 ], [ -81.575437279675469, 36.284796290787277 ], [ -81.575200604786289, 36.284555706309582 ], [ -81.575188938454787, 36.284544759628552 ], [ -81.574755150010361, 36.284169198285404 ], [ -81.574740277654456, 36.284157505737397 ], [ -81.574529660876166, 36.284007477508418 ], [ -81.574528317251534, 36.284006528711409 ], [ -81.574393032952187, 36.283911829357628 ], [ -81.574385247843097, 36.283905786634698 ], [ -81.574173521253826, 36.283724030286812 ], [ -81.574170161614532, 36.283720863262161 ], [ -81.574167804459506, 36.283716893244588 ], [ -81.574090035103993, 36.283570839954479 ], [ -81.57408816482895, 36.28356692624692 ], [ -81.574086641633002, 36.283562864854488 ], [ -81.574028295828242, 36.283383998764528 ], [ -81.574027163703832, 36.283379959362655 ], [ -81.574026374943003, 36.283375839128048 ], [ -81.57402304466568, 36.283353361794873 ], [ -81.57402293624753, 36.283352639147104 ], [ -81.573987491528925, 36.283119292867767 ], [ -81.57398671143882, 36.283112681059578 ], [ -81.573973008871235, 36.282950206747408 ], [ -81.573972973595943, 36.282949793595392 ], [ -81.573966469269052, 36.28287453399868 ], [ -81.573966299670161, 36.282869007815137 ], [ -81.573966743599428, 36.282863496880999 ], [ -81.573997476150765, 36.282638768730642 ], [ -81.573998133084928, 36.282635030259073 ], [ -81.573999072234386, 36.282631352524142 ], [ -81.574037921275888, 36.282500235951446 ], [ -81.574089067647904, 36.282329158866361 ], [ -81.574094557064655, 36.282305753268517 ], [ -81.57409719847351, 36.282281858108632 ], [ -81.574108870228542, 36.282048414554744 ], [ -81.574108821062651, 36.282027501147574 ], [ -81.574106588297539, 36.282006707211515 ], [ -81.574102196346999, 36.281986260114238 ], [ -81.574095693234028, 36.281966383430948 ], [ -81.574072852295686, 36.281907231858192 ], [ -81.574071236718524, 36.281902730439981 ], [ -81.573991608085038, 36.28166297852966 ], [ -81.573985084467495, 36.281645969036113 ], [ -81.573977040161338, 36.281629623712774 ], [ -81.573967541910264, 36.281614078176986 ], [ -81.573956668521376, 36.281599461410224 ], [ -81.573948695124827, 36.281589704503695 ], [ -81.573935708145726, 36.281575298795694 ], [ -81.573921386848212, 36.281562218792395 ], [ -81.573905865919087, 36.281550587506665 ], [ -81.573889291327262, 36.281540514326679 ], [ -81.573871818951019, 36.281532093987181 ], [ -81.57385361311195, 36.281525405678543 ], [ -81.573834845029609, 36.28152051230196 ], [ -81.573799434313329, 36.28151309267146 ], [ -81.573798548457845, 36.281512909148063 ], [ -81.573720411173724, 36.281496905603291 ], [ -81.573716067608174, 36.28149580977216 ], [ -81.57371217518768, 36.281493592460862 ], [ -81.573533408027686, 36.281380787174804 ], [ -81.573529159791619, 36.281377785418819 ], [ -81.573525247631707, 36.281374357145857 ], [ -81.573394399718666, 36.281247022374856 ], [ -81.573379383164493, 36.281233805038305 ], [ -81.573363121328498, 36.281222153962197 ], [ -81.573209599934131, 36.281123391732415 ], [ -81.573049335711246, 36.281018644447869 ], [ -81.573029505232171, 36.281007245941559 ], [ -81.573008502981125, 36.280998186178998 ], [ -81.572886263799731, 36.280953559732943 ], [ -81.572882097317006, 36.280951820121331 ], [ -81.572878553488508, 36.280949021792502 ], [ -81.572711743687037, 36.2808045188997 ], [ -81.572708310128363, 36.280801402234054 ], [ -81.572551703750037, 36.280652481614837 ], [ -81.572542898618877, 36.280642944922185 ], [ -81.572377139750571, 36.280438183545535 ], [ -81.572365540225064, 36.280423785276533 ], [ -81.572353262856765, 36.280409913131805 ], [ -81.572339754635266, 36.280397236455435 ], [ -81.572325131451052, 36.280385864003854 ], [ -81.572303545054851, 36.280370626447379 ], [ -81.572287448349016, 36.280360378264646 ], [ -81.572270448234647, 36.280351710779435 ], [ -81.572252699467711, 36.280344702893871 ], [ -81.572189573502001, 36.28032319876619 ], [ -81.572188412024644, 36.28032279511752 ], [ -81.572110050288089, 36.280295020898556 ], [ -81.572003584242282, 36.280257210710325 ], [ -81.572002401748364, 36.280256782367687 ], [ -81.571893609532083, 36.28021659812832 ], [ -81.571890394657174, 36.280215347225273 ], [ -81.571873780314078, 36.280208550349677 ], [ -81.571870067171446, 36.280206850761061 ], [ -81.571866505449933, 36.280204853220546 ], [ -81.571737663314607, 36.280125494188425 ], [ -81.571726832274265, 36.280117783752992 ], [ -81.571620495949418, 36.280030865355009 ], [ -81.571617134519684, 36.280027854018613 ], [ -81.571614059076694, 36.280024551139739 ], [ -81.571484599613441, 36.27987224587374 ], [ -81.571477876783391, 36.279863380176117 ], [ -81.571362073046046, 36.279691573257644 ], [ -81.571356430101687, 36.279682115480327 ], [ -81.571295800115962, 36.279566451782458 ], [ -81.571292456107926, 36.279559419102434 ], [ -81.571253074729171, 36.27946752921784 ], [ -81.571250837717386, 36.279462501696194 ], [ -81.571180891860976, 36.279310951781902 ], [ -81.571179175155635, 36.279307011835655 ], [ -81.571094851070711, 36.279101532940416 ], [ -81.57109158332436, 36.279092308043161 ], [ -81.571032103396149, 36.278894042104639 ], [ -81.571026257203314, 36.278877292921457 ], [ -81.571018949805179, 36.278861127679711 ], [ -81.570912532754193, 36.27865106825017 ], [ -81.570911437665401, 36.278648938354898 ], [ -81.570852054332065, 36.278535121592114 ], [ -81.570828797764079, 36.27849039783392 ], [ -81.57082633809388, 36.278484870659234 ], [ -81.570824567168273, 36.278479085550323 ], [ -81.570806842641133, 36.278405458957053 ], [ -81.5708014027459, 36.27838686932342 ], [ -81.570794190139338, 36.278368893082281 ], [ -81.570785272469749, 36.278351698835927 ], [ -81.57065456447468, 36.278127018130917 ], [ -81.570646524795507, 36.278114321160601 ], [ -81.57063755441817, 36.278102263721962 ], [ -81.570530656461912, 36.277969315685098 ], [ -81.570528140890502, 36.277965899174738 ], [ -81.570525924716975, 36.277962281272139 ], [ -81.570518322150477, 36.277948595592598 ], [ -81.570389038304171, 36.277712087256226 ], [ -81.570388941674565, 36.2777119106958 ], [ -81.57030905168611, 36.277566110952094 ], [ -81.570251017860073, 36.277459880473941 ], [ -81.570249045240061, 36.277456078209596 ], [ -81.570098048045438, 36.27714911592183 ], [ -81.57009793444233, 36.27714888535219 ], [ -81.569946048285317, 36.276841115191459 ], [ -81.569803727569209, 36.276551793229658 ], [ -81.56979296796888, 36.276532651196568 ], [ -81.569780174714481, 36.276514804093949 ], [ -81.56966708905702, 36.27637405760472 ], [ -81.569654324936693, 36.276359650179764 ], [ -81.569640234944529, 36.276346536492916 ], [ -81.569346048005144, 36.276098048662327 ], [ -81.569264744764055, 36.276029478675234 ], [ -81.569252863337212, 36.276020201227738 ], [ -81.569240316893669, 36.276011845027035 ], [ -81.56922199096023, 36.276000612813398 ], [ -81.569219984715915, 36.275999399279392 ], [ -81.56896745108061, 36.275848661914473 ], [ -81.568963153050106, 36.275845783754463 ], [ -81.568959176538741, 36.275842475548458 ], [ -81.568770052020142, 36.275667752072067 ], [ -81.568766222313641, 36.275663800091401 ], [ -81.568762851952144, 36.2756594497503 ], [ -81.568639086888993, 36.275480038088808 ], [ -81.568637108982173, 36.275476931639062 ], [ -81.568635365494103, 36.275473687814824 ], [ -81.568530315335948, 36.275259660530281 ], [ -81.568529662523559, 36.275258342772837 ], [ -81.568511178569423, 36.275221373653856 ], [ -81.56846405027882, 36.275126120662826 ], [ -81.568393236690227, 36.274982499492694 ], [ -81.568392741866347, 36.274981502910343 ], [ -81.568382375110971, 36.274960769112184 ], [ -81.568292282577133, 36.274776640547046 ], [ -81.568289618284652, 36.274771392391884 ], [ -81.568201224676102, 36.274603442831655 ], [ -81.568200756467505, 36.274602558599888 ], [ -81.568144202535933, 36.274496397066699 ], [ -81.56814377831887, 36.274495605030282 ], [ -81.568137399509936, 36.27448375945243 ], [ -81.567983086491196, 36.274191181599363 ], [ -81.567982893034213, 36.274190815722392 ], [ -81.567842345633878, 36.273925668673527 ], [ -81.567833800038571, 36.273909248275544 ], [ -81.567823205419998, 36.273891252312247 ], [ -81.567663304538286, 36.273649474924291 ], [ -81.567662674358914, 36.273648527928607 ], [ -81.567509370618225, 36.273419566700483 ], [ -81.567508619834243, 36.273418428689801 ], [ -81.567496279505775, 36.273399443375631 ], [ -81.567495701316616, 36.273398558966406 ], [ -81.567448340003708, 36.273326530346075 ], [ -81.5674476392809, 36.273325471995285 ], [ -81.567402225983642, 36.273257351703556 ], [ -81.567332560806435, 36.273151890144668 ], [ -81.567327241437937, 36.273144231861671 ], [ -81.567303350877381, 36.273111492792083 ], [ -81.567302628376439, 36.273110509012113 ], [ -81.567286291435735, 36.273088405811052 ], [ -81.567285695366436, 36.273087590777294 ], [ -81.567142335187015, 36.272889476145281 ], [ -81.567141651933184, 36.272888520155497 ], [ -81.567140479664033, 36.272886859408999 ], [ -81.567129362576708, 36.272872535192697 ], [ -81.567116993871636, 36.27285927668833 ], [ -81.567057763626494, 36.272801293504301 ], [ -81.56704196088404, 36.272787374909342 ], [ -81.567024782258287, 36.272775195058287 ], [ -81.567006418197451, 36.272764888981222 ], [ -81.566794277144311, 36.272660117178624 ], [ -81.566790130537967, 36.272657816571268 ], [ -81.566786804025853, 36.272654437007034 ], [ -81.566663104660449, 36.272516126825764 ], [ -81.566662877271, 36.272515873013589 ], [ -81.566632814437455, 36.272482374334821 ], [ -81.566622792693778, 36.272471987009759 ], [ -81.566572645522371, 36.272423630954677 ], [ -81.566571348422016, 36.272422357227335 ], [ -81.566519409481117, 36.272370418436033 ], [ -81.566518570571063, 36.27236958447552 ], [ -81.566360881185815, 36.272213749908708 ], [ -81.566348544350106, 36.272202535185642 ], [ -81.566335316312916, 36.272192386956178 ], [ -81.566248686529107, 36.272131489615646 ], [ -81.566247303471499, 36.272130499700012 ], [ -81.566154605075397, 36.272062951820502 ], [ -81.56613642055899, 36.272051154456548 ], [ -81.566117066116533, 36.272041394334053 ], [ -81.566096769092326, 36.272033786098945 ], [ -81.566075767902504, 36.272028419120296 ], [ -81.566011227276746, 36.272015605713577 ], [ -81.565992383450791, 36.272012789862849 ], [ -81.565973357184859, 36.272011779914031 ], [ -81.565954321151253, 36.272012585032897 ], [ -81.565907057528463, 36.272016846466336 ], [ -81.565889048578839, 36.272019299406537 ], [ -81.565871336676082, 36.27202337711212 ], [ -81.565854068093586, 36.272029045907438 ], [ -81.565837385443558, 36.272036258976854 ], [ -81.565821426499355, 36.272044956751387 ], [ -81.565757501632419, 36.272083663565091 ], [ -81.565746707304299, 36.272090684164915 ], [ -81.565505791443755, 36.272258653227802 ], [ -81.565500829220198, 36.272261697975189 ], [ -81.565495545486172, 36.272264142623712 ], [ -81.565318961364341, 36.272333618469389 ], [ -81.565317025274041, 36.272334391888577 ], [ -81.56510387817012, 36.272420829718399 ], [ -81.565098037779578, 36.27242298893281 ], [ -81.564860316022333, 36.272502552545568 ], [ -81.56485155318515, 36.272505047480536 ], [ -81.564534697490288, 36.272579833347244 ], [ -81.564533286607798, 36.272580171758172 ], [ -81.564417850320311, 36.27260830322647 ], [ -81.564412152584097, 36.272609780901554 ], [ -81.564186247263038, 36.272671930045355 ], [ -81.563999535161074, 36.272722763041166 ], [ -81.563990350491068, 36.272724804550919 ], [ -81.56377048695694, 36.272762914331217 ], [ -81.563769494354233, 36.272763081241656 ], [ -81.563408344657773, 36.272821942724143 ], [ -81.56340763782589, 36.272822059226044 ], [ -81.5633390835266, 36.272833484675381 ], [ -81.563332872041443, 36.272834320732969 ], [ -81.562908969670701, 36.272877899638317 ], [ -81.562692001813858, 36.272898050224384 ], [ -81.56267120530552, 36.272901090772784 ], [ -81.562650842714049, 36.272906296976991 ], [ -81.562506633941908, 36.272951361577853 ], [ -81.562483877538853, 36.272960025852271 ], [ -81.562357824091976, 36.273017030911873 ], [ -81.562338591100698, 36.273027017194103 ], [ -81.562320551491368, 36.273039025786105 ], [ -81.562181369651626, 36.273142982568544 ], [ -81.562170894230576, 36.273151368658922 ], [ -81.562127765392788, 36.273188336419565 ], [ -81.562126223465441, 36.273189671778226 ], [ -81.562000823927832, 36.273299395868726 ], [ -81.561997197006008, 36.273302648248155 ], [ -81.561962582583874, 36.273334457154341 ], [ -81.561703855488332, 36.273568410785956 ], [ -81.561697934546359, 36.27357336272766 ], [ -81.561506323331656, 36.273721424894759 ], [ -81.561502894307594, 36.273723851094068 ], [ -81.561499119944145, 36.273725660504681 ], [ -81.561134167923413, 36.273882209028869 ], [ -81.561125669616985, 36.273885405678953 ], [ -81.560927490826828, 36.273949838019504 ], [ -81.560926489404011, 36.273950157794125 ], [ -81.560506956435788, 36.274081697207826 ], [ -81.560505019065516, 36.274082283178885 ], [ -81.560144539987576, 36.274187342556317 ], [ -81.56012002510677, 36.274196259260741 ], [ -81.559794857472838, 36.274339179797458 ], [ -81.559791092538248, 36.274340743807826 ], [ -81.55936759520587, 36.274506630392544 ], [ -81.559350735140455, 36.274514149619698 ], [ -81.559163268513856, 36.274608358031443 ], [ -81.559160695385103, 36.274609605358371 ], [ -81.558796827731356, 36.274779608939575 ], [ -81.558795147034232, 36.274780375351305 ], [ -81.55855585572597, 36.274886835524207 ], [ -81.558546248563644, 36.274891419782598 ], [ -81.558259109997891, 36.275037939276785 ], [ -81.557968502076889, 36.275185740673912 ], [ -81.557967477782938, 36.275186254257392 ], [ -81.557537594837271, 36.27539872515586 ], [ -81.557532898994054, 36.275400753269125 ], [ -81.557528019994507, 36.275402289351007 ], [ -81.557508724645572, 36.275407291730218 ], [ -81.55750327877702, 36.275408785949708 ], [ -81.557328954514816, 36.275459273383646 ], [ -81.557316858939956, 36.275461976107103 ], [ -81.557148013235221, 36.275488837650492 ], [ -81.557145965679211, 36.275489141700056 ], [ -81.556915713689108, 36.275520900591005 ], [ -81.556914268873257, 36.275521105249773 ], [ -81.55646389268361, 36.275586578084322 ], [ -81.556458069960726, 36.275587250927735 ], [ -81.556333458537623, 36.275597959697095 ], [ -81.556099782178975, 36.275616936169207 ], [ -81.556098198164676, 36.275617052127487 ], [ -81.556065209198877, 36.275619203702462 ], [ -81.556040961106049, 36.275622281976354 ], [ -81.555995484921027, 36.275630906270663 ], [ -81.555994496025903, 36.275631088662834 ], [ -81.55546743809677, 36.275725561779716 ], [ -81.555462525287439, 36.275726316864592 ], [ -81.555092481409076, 36.275773809291806 ], [ -81.555089495185285, 36.275774147020861 ], [ -81.554808563530145, 36.275801650354715 ], [ -81.554801433177929, 36.275802477851904 ], [ -81.554177442988504, 36.275886267810826 ], [ -81.554166587141182, 36.275888030650336 ], [ -81.553465530574911, 36.276021752737257 ], [ -81.553452550044398, 36.27602467931915 ], [ -81.553202186699892, 36.276089949045662 ], [ -81.553201795713832, 36.276090051397752 ], [ -81.55303036685622, 36.27613511306707 ], [ -81.553023562624134, 36.276136649982746 ], [ -81.552839102454797, 36.276171600066398 ], [ -81.55283486559658, 36.276172308913893 ], [ -81.552732400737511, 36.276187196701073 ], [ -81.552707903119668, 36.276192339009441 ], [ -81.552549990949743, 36.276235961950931 ], [ -81.552528408330929, 36.276243270800158 ], [ -81.552432808154222, 36.276281845572505 ], [ -81.552417466592374, 36.276288800825547 ], [ -81.552333314124937, 36.276331311443464 ], [ -81.552322838423578, 36.27633700141859 ], [ -81.552241232228468, 36.276384529505407 ], [ -81.55223700791457, 36.276386719654525 ], [ -81.552233084326559, 36.27638402762193 ], [ -81.552146228888361, 36.276317941953941 ], [ -81.552143739654767, 36.276316078346611 ], [ -81.55192218341098, 36.27615287873526 ], [ -81.551919824952932, 36.276151086999917 ], [ -81.551682116659748, 36.275964882361052 ], [ -81.55167985222819, 36.275963134543353 ], [ -81.550420007351079, 36.275005012730929 ], [ -81.549010999301387, 36.273933006210271 ], [ -81.547826999377236, 36.273032006058244 ], [ -81.546789492359068, 36.272242320990522 ], [ -81.546771370577858, 36.27223003391201 ], [ -81.546752014301248, 36.272219801326386 ], [ -81.545026018444688, 36.271425012613975 ], [ -81.544537117217146, 36.271200057731981 ], [ -81.544249208670792, 36.271067100488828 ], [ -81.544248774174591, 36.271066900466906 ], [ -81.544103123833082, 36.271000060759249 ], [ -81.543925407927389, 36.270918192174449 ], [ -81.542784463618318, 36.270386220287264 ], [ -81.542783517360348, 36.270385782088553 ], [ -81.534400009098178, 36.266530008370104 ], [ -81.532619462268144, 36.265710677043614 ], [ -81.532616542819937, 36.265709275918525 ], [ -81.532612509638938, 36.265707259292938 ], [ -81.532608138955268, 36.265704790563674 ], [ -81.53260435256162, 36.265701495002816 ], [ -81.532499500051301, 36.265600489911037 ], [ -81.532498479723614, 36.265599513943151 ], [ -81.521763667611964, 36.255403726540536 ], [ -81.521748593876254, 36.255390771774167 ], [ -81.52173230874034, 36.255379377133856 ], [ -81.521714973037632, 36.255369655154055 ], [ -81.52169675797704, 36.255361701849878 ], [ -81.521677843452082, 36.255355595768862 ], [ -81.521658416264259, 36.255351397215186 ], [ -81.521638668278172, 36.25534914765413 ], [ -81.521618794526631, 36.255348869302551 ], [ -81.521598991284549, 36.255350564909484 ], [ -81.521579454130475, 36.255354217728964 ], [ -81.518927010024655, 36.255987995707414 ], [ -81.515137016993435, 36.256892800266442 ], [ -81.515132026171614, 36.256893722287757 ], [ -81.515127428480483, 36.256891572947602 ], [ -81.514976224695985, 36.256811124145024 ], [ -81.511493004692127, 36.254946007908842 ], [ -81.510119018364563, 36.254210015118815 ], [ -81.509566062892787, 36.253914038460884 ], [ -81.508061470105716, 36.253110256297049 ], [ -81.507394346504853, 36.252749192343174 ], [ -81.507393633406551, 36.252748808261437 ], [ -81.507269270952932, 36.252682149944356 ], [ -81.506661309345219, 36.252353792184778 ], [ -81.50665481795896, 36.252349963312589 ], [ -81.506383361747652, 36.252175730870491 ], [ -81.506368236250268, 36.252166932268061 ], [ -81.504401450985824, 36.251135240968928 ], [ -81.504337014098368, 36.25110101267061 ], [ -81.503404016433905, 36.250605013271631 ], [ -81.502703302881002, 36.250232759026687 ], [ -81.50269682153835, 36.250228997763834 ], [ -81.502629273923873, 36.250186336268072 ], [ -81.502618510511681, 36.250179999631257 ], [ -81.500673016618251, 36.249115013966886 ], [ -81.498455530794772, 36.247900296344767 ], [ -81.497632387812885, 36.247442776836216 ], [ -81.497629581338302, 36.247441246170169 ], [ -81.496448438283537, 36.24680923926681 ], [ -81.496447547407399, 36.246808756755172 ], [ -81.492784996022536, 36.244801002249083 ], [ -81.486353423634554, 36.241274877654874 ], [ -81.486335999082712, 36.241266395365436 ], [ -81.486317835384753, 36.241259639307586 ], [ -81.486299103081578, 36.241254672914671 ], [ -81.48627997805275, 36.241251542816684 ], [ -81.482039176179299, 36.24076702130543 ], [ -81.482038806502999, 36.240766979417337 ], [ -81.480713259865695, 36.240618030074899 ], [ -81.477520953615212, 36.240250571557297 ], [ -81.477516239238568, 36.240249788771727 ], [ -81.477516201003382, 36.240245009979255 ], [ -81.477592989947524, 36.23841502058454 ], [ -81.477698768689464, 36.235906431505398 ], [ -81.477698559028127, 36.235885566178872 ], [ -81.477696176552769, 36.235864836257981 ], [ -81.477691647196977, 36.235844467390933 ], [ -81.477685020263451, 36.235824681295789 ], [ -81.477676367887327, 36.235805693347082 ], [ -81.477665784250959, 36.235787710231385 ], [ -81.477653384558792, 36.235770927697516 ], [ -81.477493113495711, 36.235576149710695 ], [ -81.477492867608404, 36.235575851470848 ], [ -81.477283990809852, 36.235323000342675 ], [ -81.477075140591978, 36.23507018078196 ], [ -81.477074841239556, 36.235069819271473 ], [ -81.476865140997987, 36.234817180580549 ], [ -81.476655990769586, 36.234563999722553 ], [ -81.476446990853276, 36.234311000216287 ], [ -81.476238140281936, 36.234058180886585 ], [ -81.476237841149938, 36.234057819642608 ], [ -81.476029828274818, 36.233807213595846 ], [ -81.476026283825092, 36.233802684378595 ], [ -81.475812219714271, 36.233512309889321 ], [ -81.47581176208125, 36.233511691610452 ], [ -81.475595219984697, 36.233220308818268 ], [ -81.475379121905362, 36.232927177253067 ], [ -81.475378859581483, 36.232926822238298 ], [ -81.475164827384631, 36.232637830580202 ], [ -81.47516220372701, 36.232633910509129 ], [ -81.475161226935683, 36.232629295704925 ], [ -81.475111991080567, 36.232326000310231 ], [ -81.475061998994576, 36.232018050942656 ], [ -81.475017353936423, 36.231742142291417 ], [ -81.475012606718522, 36.231720492701157 ], [ -81.475005493134319, 36.231699501327796 ], [ -81.47499610054588, 36.23167942596681 ], [ -81.47498932636762, 36.231666818448211 ], [ -81.474979740805765, 36.231650816444088 ], [ -81.474968706104264, 36.231635777079255 ], [ -81.47495631825042, 36.231621831176305 ], [ -81.474875920633181, 36.231539406923574 ], [ -81.47486281725277, 36.231527127818289 ], [ -81.474848665287226, 36.23151607354869 ], [ -81.474833578827955, 36.231506333232915 ], [ -81.474676184561645, 36.231414453317818 ], [ -81.474659622132094, 36.231405795940532 ], [ -81.474642323922424, 36.23139872231372 ], [ -81.474222128275969, 36.231249404424304 ], [ -81.474219864406606, 36.231248569051452 ], [ -81.474015249736937, 36.231170248017285 ], [ -81.474008826490575, 36.23116752881819 ], [ -81.473930491393077, 36.231131093759316 ], [ -81.473921719989249, 36.231126471614999 ], [ -81.47385417644837, 36.231086477873035 ], [ -81.473846067248019, 36.231081127491557 ], [ -81.473755583939422, 36.231014897797799 ], [ -81.473750525233967, 36.231010939329401 ], [ -81.473467123681104, 36.230774110273757 ], [ -81.473182045224334, 36.230535045405702 ], [ -81.47297988351032, 36.230365269269051 ], [ -81.4729761961582, 36.230361838539778 ], [ -81.472973708765963, 36.230357459094719 ], [ -81.472887887981017, 36.230186702330379 ], [ -81.472878164071076, 36.230169523993055 ], [ -81.472866794125423, 36.230153387883448 ], [ -81.472832624892334, 36.230109650436553 ], [ -81.472825090471346, 36.230100571445398 ], [ -81.472758018028102, 36.230024435406499 ], [ -81.472755160774938, 36.230020876064209 ], [ -81.472753010026153, 36.230016871948671 ], [ -81.472721412783983, 36.229951044250939 ], [ -81.472717148584735, 36.229940716923146 ], [ -81.472699558112183, 36.229890291615433 ], [ -81.472691525482716, 36.229870675436828 ], [ -81.472681461857746, 36.229852019578452 ], [ -81.472669480281382, 36.229834533600439 ], [ -81.472614620896479, 36.229762928352095 ], [ -81.47260003063181, 36.229745945125835 ], [ -81.472583633515029, 36.229730699131004 ], [ -81.47256563504537, 36.229717381440238 ], [ -81.472429271998536, 36.229627840934953 ], [ -81.472426697998785, 36.229626178838835 ], [ -81.472368568129056, 36.229589270773765 ], [ -81.472365100226654, 36.229586856969597 ], [ -81.472362100734074, 36.229583902649431 ], [ -81.472195724729247, 36.229405643179632 ], [ -81.472182414277697, 36.229392649749492 ], [ -81.47216795424653, 36.229380949115075 ], [ -81.47212069675993, 36.229346218004387 ], [ -81.472106555071463, 36.229336724873704 ], [ -81.472091656938872, 36.229328469419237 ], [ -81.472076110413454, 36.229321511515082 ], [ -81.471982343379537, 36.229284252784829 ], [ -81.471965573793298, 36.229278436829517 ], [ -81.471948354603839, 36.229274130569749 ], [ -81.471930821431371, 36.229271367922102 ], [ -81.47191311236908, 36.229270170645485 ], [ -81.471606465653352, 36.229263080597619 ], [ -81.471599531147291, 36.229262678882243 ], [ -81.471284350381211, 36.229233405179286 ], [ -81.471280025836904, 36.229232811700783 ], [ -81.471275887137352, 36.229231477748343 ], [ -81.471097129903541, 36.229165164549798 ], [ -81.471090814149917, 36.22916294115204 ], [ -81.470733528550142, 36.229043845771152 ], [ -81.470722355999143, 36.229040480373371 ], [ -81.470653675815015, 36.229021959649657 ], [ -81.470638883640063, 36.229018567063868 ], [ -81.470623876803415, 36.22901630588462 ], [ -81.470529570588639, 36.229005737217108 ], [ -81.47051637818835, 36.229004699309236 ], [ -81.470394538170311, 36.228999161038217 ], [ -81.470387464755589, 36.228998587363265 ], [ -81.470228202493459, 36.228979960585285 ], [ -81.470211728620257, 36.228978720821104 ], [ -81.470016213080626, 36.228972109505975 ], [ -81.47000976810294, 36.228971995506676 ], [ -81.469381020717691, 36.228971008009644 ], [ -81.469370986930869, 36.228970487190054 ], [ -81.468941105613538, 36.228926421652012 ], [ -81.468932925719898, 36.228925239686404 ], [ -81.468819607182795, 36.228904050055426 ], [ -81.46880832458659, 36.228902272101315 ], [ -81.468599395583752, 36.228875437388702 ], [ -81.468592624120618, 36.228874330270436 ], [ -81.468408886424257, 36.228837775331954 ], [ -81.468401169625736, 36.228835918782586 ], [ -81.468302126966748, 36.228807887457343 ], [ -81.468295920279942, 36.228805910270516 ], [ -81.468209312309227, 36.228775178469334 ], [ -81.468202760882633, 36.22877259044099 ], [ -81.468046154107356, 36.228704253055632 ], [ -81.468035708976288, 36.228700041165382 ], [ -81.467896770963904, 36.228648514579618 ], [ -81.46788364327017, 36.228642534873856 ], [ -81.467704056629699, 36.228544494919106 ], [ -81.467683364321957, 36.228534691843961 ], [ -81.467552435648855, 36.228481612590471 ], [ -81.467539970850467, 36.228475519456588 ], [ -81.46742391798692, 36.228408426145613 ], [ -81.467412588063652, 36.228400797235494 ], [ -81.467329541350139, 36.228336206048091 ], [ -81.467326489795042, 36.228333734969347 ], [ -81.466961727553993, 36.228026306464052 ], [ -81.466956425880269, 36.228021503355521 ], [ -81.466818576989525, 36.22788733003248 ], [ -81.466798248323769, 36.227870029353696 ], [ -81.466442963344591, 36.227606431902295 ], [ -81.466430705243368, 36.227598024984069 ], [ -81.466157147440597, 36.227424997175092 ], [ -81.46615099158447, 36.227420773700068 ], [ -81.465924568395167, 36.227252656375192 ], [ -81.465917299080076, 36.227247506104234 ], [ -81.465699684417459, 36.227100495602961 ], [ -81.465696116425391, 36.227097846301348 ], [ -81.465693087972809, 36.227094618088358 ], [ -81.465590147957556, 36.226974678198552 ], [ -81.465587205129523, 36.226970892790362 ], [ -81.465585911572205, 36.226966275836162 ], [ -81.465579610893727, 36.226938710956048 ], [ -81.46557852321888, 36.226933258783347 ], [ -81.465569718259772, 36.226881687066502 ], [ -81.465565595333018, 36.226862986140468 ], [ -81.465559702743874, 36.226844765258136 ], [ -81.465552094516084, 36.226827191469994 ], [ -81.465542840402478, 36.226810425893923 ], [ -81.46553202524548, 36.226794622238053 ], [ -81.465519748199327, 36.226779925391547 ], [ -81.465506121820937, 36.226766470096244 ], [ -81.465425374737791, 36.226694035237358 ], [ -81.465418897273551, 36.226687670340759 ], [ -81.465320132848191, 36.226581381102363 ], [ -81.465317176226591, 36.226577889162144 ], [ -81.465315683611379, 36.226573574195271 ], [ -81.465292410119034, 36.226494803062408 ], [ -81.465291240577145, 36.226489965482635 ], [ -81.465291056892852, 36.226484991925645 ], [ -81.465291938840096, 36.226417969793694 ], [ -81.465292148081517, 36.226414014620694 ], [ -81.465292670340631, 36.226410088500423 ], [ -81.465320243971846, 36.226251305134618 ], [ -81.465321172575401, 36.226247065577319 ], [ -81.465323168057068, 36.226243211462403 ], [ -81.465372610393942, 36.226157145537698 ], [ -81.465375178034137, 36.226153132861008 ], [ -81.465378116927909, 36.226149383559971 ], [ -81.46546011379273, 36.226054488156613 ], [ -81.465468373151225, 36.226046002815337 ], [ -81.46571196826153, 36.225823757536375 ], [ -81.465718229011401, 36.225818498209101 ], [ -81.465968284862157, 36.225625318231437 ], [ -81.465971752317898, 36.225622756888711 ], [ -81.46608632320077, 36.225541884048852 ], [ -81.46609177723532, 36.225538295129816 ], [ -81.466485253290244, 36.225297409820378 ], [ -81.466498609446461, 36.225288476368412 ], [ -81.466511205344716, 36.225278499554292 ], [ -81.466639891420229, 36.225167875029555 ], [ -81.466654099249297, 36.225154396937945 ], [ -81.46666692079387, 36.225139593919494 ], [ -81.466678233120533, 36.225123607906049 ], [ -81.466687927766316, 36.225106592172054 ], [ -81.46672742600866, 36.225028621814914 ], [ -81.466736029049031, 36.225009127385206 ], [ -81.466742509242295, 36.224988828316555 ], [ -81.466746793030964, 36.224967955026258 ], [ -81.466748831789204, 36.224946744449696 ], [ -81.466750126489146, 36.224916320364002 ], [ -81.466749961537175, 36.224896061172608 ], [ -81.466747747823419, 36.22487592261465 ], [ -81.466733383092844, 36.224786998631302 ], [ -81.46672890268394, 36.224766296397917 ], [ -81.466722257955055, 36.224746184110394 ], [ -81.466692975493402, 36.224671148337038 ], [ -81.466684789197132, 36.224652917519229 ], [ -81.46667482437951, 36.224635594685324 ], [ -81.4666631805338, 36.22461935279437 ], [ -81.466625308095729, 36.224571741589642 ], [ -81.466611179206694, 36.224555801567625 ], [ -81.466595435207168, 36.224541454571913 ], [ -81.466545991198004, 36.224501000413404 ], [ -81.466472197274769, 36.224440623208601 ], [ -81.466469110265905, 36.224437876367809 ], [ -81.466466528382, 36.224434668298194 ], [ -81.466454931258795, 36.224418978785863 ], [ -81.466452214559737, 36.224414895484863 ], [ -81.46645081068273, 36.224410196236981 ], [ -81.466382380698235, 36.224131585924489 ], [ -81.46638165355715, 36.224128401761085 ], [ -81.466273330257366, 36.223615604163967 ], [ -81.466272626243736, 36.223612401463292 ], [ -81.466228676274326, 36.22342000010871 ], [ -81.466227491623727, 36.223413964360695 ], [ -81.466190891295611, 36.223191473093145 ], [ -81.466190298439145, 36.223185984110117 ], [ -81.466190316713977, 36.223180463233717 ], [ -81.466197741759345, 36.223054248296599 ], [ -81.466198601729516, 36.223045788745459 ], [ -81.466228965636375, 36.22283617602131 ], [ -81.46623980039962, 36.222762303431672 ], [ -81.466240217139017, 36.222759701439301 ], [ -81.466275360499296, 36.22255738845125 ], [ -81.466277722227943, 36.222538498717853 ], [ -81.466287303308306, 36.222413944352041 ], [ -81.466287875829309, 36.222396029964955 ], [ -81.466285046386929, 36.222176296471481 ], [ -81.466285304597079, 36.222167715427076 ], [ -81.466293150184271, 36.22206049061932 ], [ -81.466293506663803, 36.222037489069557 ], [ -81.466281171980953, 36.221744298278111 ], [ -81.466281176114251, 36.221740024319608 ], [ -81.466282270916622, 36.221735892958492 ], [ -81.466318347689352, 36.221620110544514 ], [ -81.466323112453068, 36.221601815080206 ], [ -81.466326128414991, 36.221583151453522 ], [ -81.466334864903857, 36.22150611778391 ], [ -81.466335105865866, 36.221503880807099 ], [ -81.466342475946561, 36.221431647069053 ], [ -81.466343470834033, 36.221415249247968 ], [ -81.466343116586785, 36.221398825093615 ], [ -81.466341415594911, 36.221382485419078 ], [ -81.466303548800397, 36.221122822495765 ], [ -81.466302286695097, 36.221115201652367 ], [ -81.466262854145896, 36.220902651274557 ], [ -81.466262214288989, 36.220897980359958 ], [ -81.466262018458536, 36.220893269891924 ], [ -81.466262964391419, 36.220728640432043 ], [ -81.466263204406204, 36.220724041446147 ], [ -81.466264698945736, 36.220719685458427 ], [ -81.466299466287879, 36.220631852421953 ], [ -81.466302355455852, 36.22062408721078 ], [ -81.466366906030046, 36.220438948383951 ], [ -81.466372721211144, 36.220418987317061 ], [ -81.466376432735899, 36.220398530408531 ], [ -81.466378000495652, 36.220377798726211 ], [ -81.466377407548407, 36.22035701630729 ], [ -81.466374660301838, 36.220336407737257 ], [ -81.466369788444112, 36.220316195722887 ], [ -81.466362844623006, 36.220296598685586 ], [ -81.466342118963368, 36.220246538268356 ], [ -81.466333783882604, 36.220228894435337 ], [ -81.466323769055649, 36.220212146848773 ], [ -81.46631216981821, 36.220196454936655 ], [ -81.466299096588813, 36.220181968077512 ], [ -81.4661274808428, 36.220009511245053 ], [ -81.466119110797408, 36.219999955108271 ], [ -81.466075578410425, 36.219943364061287 ], [ -81.466073142492476, 36.21993990297544 ], [ -81.466071333907237, 36.219936093364723 ], [ -81.465979568132482, 36.219719719187594 ], [ -81.465978145912786, 36.219715949037806 ], [ -81.465977032538376, 36.219712076423896 ], [ -81.465896594623516, 36.219382752418689 ], [ -81.465892444000744, 36.219368178572466 ], [ -81.465887201869663, 36.219353960811574 ], [ -81.465872439676232, 36.21931816306784 ], [ -81.465863913272486, 36.219300102588186 ], [ -81.4658536281121, 36.219282982542559 ], [ -81.465841686758822, 36.219266973652275 ], [ -81.465828208291981, 36.219252235558166 ], [ -81.465813327119008, 36.219238915228694 ], [ -81.465699695493711, 36.21914699607877 ], [ -81.465696150401769, 36.219143837588121 ], [ -81.465692921829373, 36.219140356200455 ], [ -81.465576567241584, 36.219002244586747 ], [ -81.46557325792088, 36.218997842405102 ], [ -81.465570998841315, 36.218992819719567 ], [ -81.465555062432074, 36.218951385744283 ], [ -81.465545955940314, 36.218931141008007 ], [ -81.465534661981579, 36.218912030172461 ], [ -81.465521319691106, 36.218894288672402 ], [ -81.465428310310642, 36.218783937851519 ], [ -81.465425219137785, 36.218779861830534 ], [ -81.465423026809773, 36.218775239818441 ], [ -81.465375203889408, 36.218659362601763 ], [ -81.46537141343569, 36.218648418584955 ], [ -81.465335343755555, 36.218520788561527 ], [ -81.465333119718778, 36.218511101744589 ], [ -81.465294583301286, 36.218294331567158 ], [ -81.465293625441134, 36.218287636490246 ], [ -81.465279711533498, 36.218159630936071 ], [ -81.465279158006666, 36.21814633253976 ], [ -81.465286872046306, 36.217838739609604 ], [ -81.465287214223409, 36.21783402672164 ], [ -81.465288001013263, 36.217829367391381 ], [ -81.465304478955147, 36.217753797654787 ], [ -81.465307880605309, 36.217732972168037 ], [ -81.46530906913965, 36.217711904194516 ], [ -81.465308031327609, 36.217690828258753 ], [ -81.465304778721915, 36.217669978973916 ], [ -81.465299347529921, 36.217649588430135 ], [ -81.465241177766146, 36.217469908466747 ], [ -81.465234342683871, 36.217451828210812 ], [ -81.465225794188825, 36.217434492200987 ], [ -81.46521561212694, 36.217418062361666 ], [ -81.465203891602243, 36.217402692153307 ], [ -81.465190742088524, 36.217388525139036 ], [ -81.465147972324189, 36.217346695335749 ], [ -81.465134471878528, 36.217334637374137 ], [ -81.465119936521816, 36.217323849423629 ], [ -81.464781990825955, 36.21709599986464 ], [ -81.464433357886875, 36.2168609439709 ], [ -81.464429193274384, 36.216857805085866 ], [ -81.464426209970824, 36.216853527645505 ], [ -81.464314005293943, 36.216673102566723 ], [ -81.46430327768077, 36.216657543395407 ], [ -81.464291129345924, 36.216643066259742 ], [ -81.464220192898253, 36.216566218514693 ], [ -81.464219789495431, 36.216565782794952 ], [ -81.464185448841292, 36.216528801356787 ], [ -81.464177198053292, 36.216518658590616 ], [ -81.464112186428338, 36.216427093044594 ], [ -81.46411011403957, 36.216423926340667 ], [ -81.464108287558687, 36.216420611709559 ], [ -81.464015341338637, 36.216235676298943 ], [ -81.464013253311947, 36.216230916377725 ], [ -81.4640121998425, 36.216225826494878 ], [ -81.464000459064422, 36.216149060668037 ], [ -81.463999713139515, 36.216142916185724 ], [ -81.463990462594268, 36.216040233418802 ], [ -81.463990267392873, 36.216035004101762 ], [ -81.463990621702905, 36.2160297831512 ], [ -81.464011501394936, 36.215857049489294 ], [ -81.464012153913515, 36.215853033589667 ], [ -81.464013131450898, 36.215849084203178 ], [ -81.464040791828708, 36.2157541169734 ], [ -81.464042162499041, 36.215750066414181 ], [ -81.464043875031791, 36.215746148123635 ], [ -81.464085610040911, 36.215660823520395 ], [ -81.464088547114841, 36.215655268308304 ], [ -81.464198361362961, 36.215462482461348 ], [ -81.464206863105858, 36.215445783542521 ], [ -81.464213764682668, 36.215428362240623 ], [ -81.464219005509023, 36.215410371485738 ], [ -81.464222539579197, 36.215391969206799 ], [ -81.464224335869901, 36.215373316945218 ], [ -81.464224922971269, 36.215361380146987 ], [ -81.464225096799169, 36.215358622848477 ], [ -81.464229587880865, 36.215300240754232 ], [ -81.464230156159331, 36.215282012142211 ], [ -81.464229061585087, 36.215263807550933 ], [ -81.464203619348027, 36.215023918738723 ], [ -81.464202013063442, 36.215012129285604 ], [ -81.464195037096971, 36.214970277470655 ], [ -81.464158465718597, 36.214747002353761 ], [ -81.464154702941016, 36.21472916810707 ], [ -81.464109030888608, 36.214552892221327 ], [ -81.464103795794102, 36.214535853722417 ], [ -81.464097064476164, 36.214519348995267 ], [ -81.464088890401058, 36.214503509135547 ], [ -81.464079338494813, 36.214488459957941 ], [ -81.464027901628356, 36.214414885369756 ], [ -81.464012941630173, 36.214396016701087 ], [ -81.46391269156733, 36.214284130432851 ], [ -81.463905770028276, 36.214275485923366 ], [ -81.463785604889253, 36.214107065468156 ], [ -81.463779033473443, 36.21409652579522 ], [ -81.463736964659191, 36.214018653968303 ], [ -81.463735148960765, 36.214014931299317 ], [ -81.463733648294678, 36.214011070855584 ], [ -81.46369602782616, 36.213900962365521 ], [ -81.463692718693835, 36.213888828439138 ], [ -81.463667442804663, 36.213766189091288 ], [ -81.463666491606759, 36.213761821330294 ], [ -81.463639970633594, 36.213646267397841 ], [ -81.463639181263034, 36.21364197418572 ], [ -81.463639153371844, 36.213637625812758 ], [ -81.463650814254734, 36.213322773887938 ], [ -81.463650487872258, 36.213301764808868 ], [ -81.463647959164859, 36.213280905912249 ], [ -81.463643256042403, 36.213260427421872 ], [ -81.463577125236682, 36.213028970049535 ], [ -81.463575187987857, 36.213020950279585 ], [ -81.463513978067326, 36.212712239425038 ], [ -81.46350975179864, 36.212694982092074 ], [ -81.463504010638857, 36.212678167932197 ], [ -81.46349679989676, 36.212661929641449 ], [ -81.463488176478961, 36.212646395371159 ], [ -81.463443842196867, 36.212574278693957 ], [ -81.463430985549152, 36.212555786741419 ], [ -81.463416131333943, 36.212538857536181 ], [ -81.463405408503036, 36.212527943043376 ], [ -81.463390173660784, 36.212513961226023 ], [ -81.463373576579798, 36.212501627186214 ], [ -81.463355794679416, 36.212491072772252 ], [ -81.463337018044442, 36.212482410808619 ], [ -81.463106513565251, 36.212390209210099 ], [ -81.463090786546672, 36.212384667099222 ], [ -81.463074652519552, 36.212380454347667 ], [ -81.462859854520829, 36.212333838510965 ], [ -81.462852205127092, 36.212331858873796 ], [ -81.462650916842136, 36.212271183427063 ], [ -81.462647052499122, 36.21226984348786 ], [ -81.462643310886691, 36.212268191542918 ], [ -81.462474447302455, 36.212185207299541 ], [ -81.462469502908348, 36.212182860922049 ], [ -81.462286078177385, 36.212098871432573 ], [ -81.462282091791735, 36.212096824666801 ], [ -81.46227830521228, 36.212094428349204 ], [ -81.462209147342847, 36.212046178962694 ], [ -81.462195666871793, 36.212037554712097 ], [ -81.462181540031864, 36.212030035856344 ], [ -81.462131720680503, 36.212006026475372 ], [ -81.462112626408242, 36.211998014349845 ], [ -81.462092806049299, 36.211992019455316 ], [ -81.46196616247579, 36.211960769484278 ], [ -81.461951709470767, 36.211957764271475 ], [ -81.461633703206857, 36.21190379976165 ], [ -81.461629129783631, 36.211902796825022 ], [ -81.461626523414338, 36.211898907233952 ], [ -81.461549759417466, 36.211771592488638 ], [ -81.461543979932287, 36.211762563516473 ], [ -81.461490358055599, 36.211683540458502 ], [ -81.461306488940124, 36.211408723454468 ], [ -81.461296962463763, 36.211395660082552 ], [ -81.461212846069984, 36.211289599951208 ], [ -81.461210195112557, 36.211285922405963 ], [ -81.461209865188849, 36.211281407268082 ], [ -81.461208109698745, 36.211217339270775 ], [ -81.461208178738659, 36.211213027486039 ], [ -81.461209355695857, 36.211208878869016 ], [ -81.461244321043139, 36.211103310694568 ], [ -81.461249548941666, 36.21108449383874 ], [ -81.461252916679527, 36.211065256808617 ], [ -81.461254392144951, 36.211045783031686 ], [ -81.461253961269165, 36.211026258192831 ], [ -81.461251628160639, 36.211006868463826 ], [ -81.461236933190051, 36.210920534343956 ], [ -81.461234740478986, 36.210909528360034 ], [ -81.461231744410114, 36.210896420698646 ], [ -81.461227316639494, 36.210880215642469 ], [ -81.461221544539328, 36.210864439335616 ], [ -81.461200858337037, 36.21081450613719 ], [ -81.461199268555291, 36.21081006828895 ], [ -81.461202735496599, 36.210806874197559 ], [ -81.461301090764081, 36.210724751851004 ], [ -81.461302882830779, 36.210723237626645 ], [ -81.461361640003275, 36.210672996540751 ], [ -81.461379292225786, 36.210655918461157 ], [ -81.461451767900783, 36.210576621775196 ], [ -81.461459918083875, 36.210567124123706 ], [ -81.461565821820543, 36.21043559829323 ], [ -81.461578917410122, 36.210417318813995 ], [ -81.461589878290468, 36.210397684840125 ], [ -81.461640929360811, 36.210292783746134 ], [ -81.461648159725513, 36.210276022991678 ], [ -81.461653831832365, 36.210258672825475 ], [ -81.461657898432577, 36.210240877774858 ], [ -81.461690803913584, 36.210059032412467 ], [ -81.461691199132176, 36.210056971925326 ], [ -81.461702595861325, 36.21000074934657 ], [ -81.461705267032968, 36.209983916503973 ], [ -81.461706495358371, 36.209966917357974 ], [ -81.461713903833655, 36.209715950196347 ], [ -81.461713990918014, 36.209710049021091 ], [ -81.461713991038309, 36.20958603984856 ], [ -81.461714238324546, 36.209581136388444 ], [ -81.461718252854141, 36.209578309973224 ], [ -81.461965793351524, 36.209422061062298 ], [ -81.461980298815561, 36.209411982806678 ], [ -81.461993858521623, 36.209400664056979 ], [ -81.462006366710881, 36.209388193093709 ], [ -81.462017725825802, 36.209374667184065 ], [ -81.462030135651702, 36.209358490190155 ], [ -81.462040308327616, 36.209343934157012 ], [ -81.46204914971635, 36.209328533141417 ], [ -81.462056590112084, 36.20931240856553 ], [ -81.462062570854471, 36.209295687556093 ], [ -81.462076822823505, 36.20924946555872 ], [ -81.462081822653801, 36.209229734942639 ], [ -81.462084791183401, 36.2092095983256 ], [ -81.462085697666083, 36.20918926427035 ], [ -81.46208453271305, 36.209168943384583 ], [ -81.462065420383098, 36.208992949742054 ], [ -81.462064877365236, 36.208985029188341 ], [ -81.462060160657686, 36.208820895707483 ], [ -81.4620605166226, 36.208809125575982 ], [ -81.462070991571039, 36.208692000850611 ], [ -81.462081944213978, 36.20856952329239 ], [ -81.462082043206479, 36.208568478177433 ], [ -81.462083499376888, 36.208553919104048 ], [ -81.462084430487877, 36.208538986619402 ], [ -81.462084242714425, 36.2085240263117 ], [ -81.462078019557012, 36.208399575216916 ], [ -81.462077968646909, 36.208398424220952 ], [ -81.462076045148947, 36.208348412320468 ], [ -81.462075916564231, 36.208345588741423 ], [ -81.46207400927176, 36.208309344273751 ], [ -81.462073971861713, 36.208308655972012 ], [ -81.462068099249251, 36.208203937061818 ], [ -81.462067957214472, 36.208200060330519 ], [ -81.462067023484138, 36.208145847385218 ], [ -81.462066925709181, 36.208142153140699 ], [ -81.462065129074304, 36.208091848099819 ], [ -81.462065139828042, 36.208088006322264 ], [ -81.462065446065225, 36.208084176754568 ], [ -81.462092650382615, 36.207855281308596 ], [ -81.462094045821843, 36.207832639052207 ], [ -81.462094986259729, 36.207637063515122 ], [ -81.462095019108546, 36.207634936743382 ], [ -81.462100736926985, 36.207415743123946 ], [ -81.462100296701507, 36.207396278669201 ], [ -81.462091274467085, 36.207269964530681 ], [ -81.462089192465811, 36.207252129573746 ], [ -81.462085519241086, 36.207234553230606 ], [ -81.462013462799717, 36.206953444573131 ], [ -81.462008228597909, 36.20693627031833 ], [ -81.462001475293988, 36.206919634670385 ], [ -81.461948335714212, 36.206803928029331 ], [ -81.461945837619282, 36.206797991554062 ], [ -81.461805669436245, 36.206432376757341 ], [ -81.461804209678391, 36.206427960359406 ], [ -81.461804032872223, 36.206423312327004 ], [ -81.461806306971781, 36.206166273591393 ], [ -81.461805586565916, 36.206147452430912 ], [ -81.461803098843319, 36.206128782500471 ], [ -81.461798865867308, 36.206110429381376 ], [ -81.461792925179623, 36.206092555845174 ], [ -81.461785329467475, 36.206075320410065 ], [ -81.461776146096327, 36.206058875934986 ], [ -81.461765456512339, 36.206043368263956 ], [ -81.461753355520116, 36.206028934932611 ], [ -81.461739950441881, 36.206015703948374 ], [ -81.461725360165602, 36.206003792655217 ], [ -81.461650677628882, 36.205948472360795 ], [ -81.461641739623872, 36.205941007045219 ], [ -81.461580008209353, 36.205883015731779 ], [ -81.461451374101031, 36.20576211904617 ], [ -81.461447269067264, 36.205757767587272 ], [ -81.461443715726773, 36.205752955072171 ], [ -81.461175604793866, 36.205340025703876 ], [ -81.461173218211343, 36.205335932650875 ], [ -81.461172990920275, 36.205331200083357 ], [ -81.461172990878524, 36.20524996945403 ], [ -81.461171821229328, 36.205228371140301 ], [ -81.461168325984616, 36.205207025449873 ], [ -81.461162546026117, 36.205186182050078 ], [ -81.461154548958405, 36.205166084733257 ], [ -81.461102838681484, 36.205054164385949 ], [ -81.46109800329414, 36.205041507968701 ], [ -81.461055917529734, 36.20490402761498 ], [ -81.461054257223992, 36.204897919357776 ], [ -81.461020778949802, 36.204757307710665 ], [ -81.461019430428735, 36.204750646342198 ], [ -81.460974631519804, 36.204482830960515 ], [ -81.460974141087632, 36.204478987313898 ], [ -81.460973950339465, 36.204475117203295 ], [ -81.460972184975518, 36.204305647502203 ], [ -81.460971182938323, 36.204287627823796 ], [ -81.460968560584462, 36.204269771840245 ], [ -81.46091699739334, 36.204003031204287 ], [ -81.460862003239299, 36.203718063811365 ], [ -81.460808991455579, 36.203444328629807 ], [ -81.460803918627107, 36.203423939100581 ], [ -81.460760107133098, 36.203280479585921 ], [ -81.460750024382762, 36.20325423127737 ], [ -81.460653987380766, 36.203048693593018 ], [ -81.46064277170764, 36.203027969276874 ], [ -81.460472886785624, 36.20275396102592 ], [ -81.460462289713988, 36.202738531269105 ], [ -81.46045029654104, 36.20272415979997 ], [ -81.460185991439204, 36.202436000261947 ], [ -81.459919913363478, 36.202145908470072 ], [ -81.459908547541275, 36.202134477897864 ], [ -81.459896298105221, 36.202123999767693 ], [ -81.459852390022689, 36.202089405306644 ], [ -81.459832776908854, 36.202075768624965 ], [ -81.459467056146295, 36.201852649674265 ], [ -81.459464942342095, 36.201851323613539 ], [ -81.459359908664041, 36.201783591629308 ], [ -81.459358067935341, 36.201782418788717 ], [ -81.459040572770718, 36.201582550591603 ], [ -81.459026692725999, 36.201574570152843 ], [ -81.459012218806208, 36.201567725542553 ], [ -81.458931587363239, 36.201533474371232 ], [ -81.458913716421975, 36.201526869017627 ], [ -81.458895298039081, 36.201521994142325 ], [ -81.458513305505861, 36.201440139129268 ], [ -81.458502623234125, 36.201438151935776 ], [ -81.457852273600096, 36.201335361319629 ], [ -81.457847701554698, 36.201334692726903 ], [ -81.457378037154584, 36.201271543845074 ], [ -81.457374026853941, 36.201270836975468 ], [ -81.457370087550174, 36.201269805441882 ], [ -81.457246130319646, 36.201231878344238 ], [ -81.457234142734166, 36.201227351064162 ], [ -81.456847078303781, 36.201052039603404 ], [ -81.4564586767317, 36.200876568965832 ], [ -81.456447156868521, 36.200871791241703 ], [ -81.456350596800618, 36.200835229171275 ], [ -81.456349389583124, 36.200834763110187 ], [ -81.456139324173208, 36.200752099064395 ], [ -81.456134145796128, 36.200749710360256 ], [ -81.456129274498522, 36.20074674523709 ], [ -81.455996273641105, 36.200654955424106 ], [ -81.455992167637689, 36.200651794322006 ], [ -81.455988412112021, 36.200648223907564 ], [ -81.455795452084615, 36.200444651850439 ], [ -81.455792309277868, 36.200440983138613 ], [ -81.455795034751731, 36.200436994595876 ], [ -81.465303454923628, 36.187922706796968 ], [ -81.465304540766724, 36.187921303705025 ], [ -81.465463704975164, 36.18771936370073 ], [ -81.465464276157306, 36.187718635552997 ], [ -81.465641289314092, 36.187491899429084 ], [ -81.465642683379173, 36.187490092613523 ], [ -81.4658249905236, 36.187251000421796 ], [ -81.466007991151614, 36.187010999879377 ], [ -81.466190869993852, 36.186771159696441 ], [ -81.46619111286978, 36.186770840508579 ], [ -81.466373852544265, 36.186530183424992 ], [ -81.466374129890042, 36.186529817305285 ], [ -81.466571844484577, 36.186268193840526 ], [ -81.466770755819027, 36.186006309578588 ], [ -81.466953709089921, 36.185767369037542 ], [ -81.466954273069845, 36.185766628908098 ], [ -81.467135991057873, 36.185527000117006 ], [ -81.467317710026933, 36.185287370683483 ], [ -81.467500708820353, 36.185048368261064 ], [ -81.467501271834749, 36.185047629397303 ], [ -81.467682710820299, 36.184808370041168 ], [ -81.467865709452724, 36.184569368190161 ], [ -81.467866272817147, 36.184568628865954 ], [ -81.468047710421303, 36.184329370256776 ], [ -81.468230709307505, 36.184090368429374 ], [ -81.468231272670579, 36.184089629108058 ], [ -81.468412710467533, 36.183850370608731 ], [ -81.468595709402152, 36.183611368143609 ], [ -81.468596272535635, 36.183610629123251 ], [ -81.468777832016912, 36.183371210525394 ], [ -81.468960953161684, 36.183131049975273 ], [ -81.469142953476933, 36.182892050140261 ], [ -81.469325952977712, 36.18265205055927 ], [ -81.469507868904614, 36.182413160477125 ], [ -81.469508112164647, 36.182412840363483 ], [ -81.469689709872696, 36.182173370866003 ], [ -81.469872708948017, 36.18193436900556 ], [ -81.469873272533064, 36.181933629392176 ], [ -81.470054950372898, 36.181694053655249 ], [ -81.470256880812741, 36.181428144982519 ], [ -81.470458881414146, 36.181163144820957 ], [ -81.470459101692214, 36.181162855297202 ], [ -81.470660880621125, 36.18089714485447 ], [ -81.470862881085253, 36.180632144456567 ], [ -81.47086310104882, 36.180631855346498 ], [ -81.471064880982851, 36.180366144595652 ], [ -81.471266881030459, 36.180101144330301 ], [ -81.47126710068008, 36.180100855633206 ], [ -81.471468961993651, 36.179835038734936 ], [ -81.4716558728976, 36.179589156226065 ], [ -81.471842872434024, 36.179344156280294 ], [ -81.471843110474964, 36.179343843771868 ], [ -81.472029990728032, 36.179098000370452 ], [ -81.472216991004743, 36.178852000138576 ], [ -81.472403872666362, 36.17860615650541 ], [ -81.472590872175815, 36.178361156040751 ], [ -81.472591109877925, 36.178360843977352 ], [ -81.472777991315624, 36.17811499988791 ], [ -81.472964991522275, 36.177869000116893 ], [ -81.473151871523925, 36.1776231566608 ], [ -81.473338918384627, 36.177378095969353 ], [ -81.473527872320432, 36.177131155263048 ], [ -81.47371687170353, 36.176885154537153 ], [ -81.473717109287321, 36.176884844673559 ], [ -81.473905991408557, 36.176638000554277 ], [ -81.47409459668728, 36.176391515465248 ], [ -81.474095382071482, 36.176390482129335 ], [ -81.474285954049961, 36.176138049066196 ], [ -81.474477960271201, 36.175884041072393 ], [ -81.474588976190532, 36.175737020462442 ], [ -81.474668945306149, 36.175631060934776 ], [ -81.474860953922459, 36.175377048777662 ], [ -81.475051877061659, 36.175124152061066 ], [ -81.475052105721147, 36.175123848579631 ], [ -81.475242840722103, 36.174870200292553 ], [ -81.475434954383132, 36.174616048653171 ], [ -81.475625954873493, 36.174363048998956 ], [ -81.475817613641652, 36.174109499168104 ], [ -81.476023882335184, 36.173840142098747 ], [ -81.476229958515219, 36.173572042659238 ], [ -81.476436848738516, 36.173303185425951 ], [ -81.476437133858582, 36.173302814008998 ], [ -81.476642881148408, 36.173034142939855 ], [ -81.476848958928514, 36.172766042479594 ], [ -81.477055990035623, 36.172497000841588 ], [ -81.47725284110777, 36.172241194502561 ], [ -81.477253140340807, 36.172240804661662 ], [ -81.477448842108672, 36.171985194753674 ], [ -81.477645991407343, 36.171728999718589 ], [ -81.477842841117948, 36.171473194432103 ], [ -81.477843140132023, 36.171472804876089 ], [ -81.478038841598234, 36.171217195596284 ], [ -81.478235991666935, 36.170961000264526 ], [ -81.478432990695865, 36.170705000222341 ], [ -81.47862986895025, 36.170449158930396 ], [ -81.478816991343578, 36.170206999645103 ], [ -81.479003991366483, 36.169964999962609 ], [ -81.479190991536171, 36.169722999738489 ], [ -81.479377990609208, 36.169481000103445 ], [ -81.47956499078002, 36.169239000111595 ], [ -81.47975199093753, 36.168996999785371 ], [ -81.479938954999795, 36.168755046755841 ], [ -81.480124099181822, 36.168515156210269 ], [ -81.480125866729537, 36.168512831101161 ], [ -81.480273394054848, 36.168315797463045 ], [ -81.480274604075788, 36.168314214509564 ], [ -81.485061913079576, 36.162179100048562 ], [ -81.48506206937715, 36.162178899484651 ], [ -81.486644171684119, 36.160146053007175 ], [ -81.486645838435336, 36.160143969358103 ], [ -81.486837263847406, 36.159911102041463 ], [ -81.486840661538309, 36.159906852228261 ], [ -81.491840943641677, 36.153475061707368 ], [ -81.49222098152498, 36.152987011480519 ], [ -81.499813775661423, 36.143233276054104 ], [ -81.500020855251037, 36.142969173368598 ], [ -81.500021126221085, 36.142968826998477 ], [ -81.500362832472248, 36.142531046727406 ], [ -81.500366154202965, 36.142527213935857 ], [ -81.500370729709275, 36.142525025573939 ], [ -81.500391396911397, 36.142516414136018 ], [ -81.500412010533225, 36.142506402741255 ], [ -81.504640935880829, 36.140144030994435 ], [ -81.505868955750415, 36.139457020244514 ], [ -81.508881977042208, 36.137773008138353 ], [ -81.509554883263462, 36.13739706077326 ], [ -81.510290449321928, 36.136987301782618 ], [ -81.510291530288598, 36.136986695215818 ], [ -81.510313521539516, 36.136974265423959 ], [ -81.510314463478707, 36.136973739708736 ], [ -81.510734547017506, 36.136742245304319 ], [ -81.510735434955095, 36.136741753048497 ], [ -81.510786545344004, 36.136713248579703 ], [ -81.511031392065163, 36.136578330196102 ], [ -81.511032590560674, 36.136577664421388 ], [ -81.511106501621597, 36.136536274042072 ], [ -81.511220877832187, 36.136473063190152 ], [ -81.511385961484535, 36.136382118395176 ], [ -81.511389994072957, 36.136379835546975 ], [ -81.511609627412668, 36.136252118901695 ], [ -81.511620699401192, 36.136246568621416 ], [ -81.51165965210302, 36.13622997770387 ], [ -81.511677878904862, 36.136221097435602 ], [ -81.511949752386371, 36.136071131575726 ], [ -81.511950228931909, 36.136070867865492 ], [ -81.512230753011551, 36.135915132451885 ], [ -81.512511859573962, 36.135760072353285 ], [ -81.512793621093635, 36.135605203276931 ], [ -81.512794360637599, 36.135604794753249 ], [ -81.513074753313276, 36.135449132124215 ], [ -81.513355991966193, 36.135293999919057 ], [ -81.513636752209592, 36.135139132116144 ], [ -81.513637228915769, 36.135138868316737 ], [ -81.51391218251085, 36.13498622508552 ], [ -81.513923572621039, 36.134979397492174 ], [ -81.514104129986265, 36.134862847292034 ], [ -81.514109972077293, 36.134859352105309 ], [ -81.514189811739087, 36.134815205746918 ], [ -81.514194228756736, 36.134812905143022 ], [ -81.514475498211667, 36.1346751999817 ], [ -81.514484367544526, 36.134670579296206 ], [ -81.51476183776785, 36.134517085309326 ], [ -81.514928924888252, 36.134425036572154 ], [ -81.515323772639462, 36.134207120650842 ], [ -81.515324209456239, 36.134206878860418 ], [ -81.515604752655932, 36.13405113249901 ], [ -81.515885991649839, 36.133895999631697 ], [ -81.516166752334541, 36.133741132027318 ], [ -81.516167229049529, 36.133740868223775 ], [ -81.516447622831308, 36.133585205243548 ], [ -81.516729861039124, 36.133430071618484 ], [ -81.516730122608507, 36.133429927591216 ], [ -81.51701075247793, 36.133275131984426 ], [ -81.517011229477603, 36.133274868022568 ], [ -81.517291752786335, 36.133119132376095 ], [ -81.517572991057222, 36.132963999916463 ], [ -81.517853752845397, 36.132809131975698 ], [ -81.517854230129203, 36.132808867856831 ], [ -81.518134753206496, 36.132653132176614 ], [ -81.518415991864629, 36.132498000261933 ], [ -81.518696884762747, 36.132343059254644 ], [ -81.518697098179217, 36.13234294136403 ], [ -81.518978884992947, 36.132187058933297 ], [ -81.519259990723711, 36.132032000270115 ], [ -81.519540752357997, 36.131877131507885 ], [ -81.519541228928603, 36.131876867783419 ], [ -81.51982175286301, 36.13172113221448 ], [ -81.520102991581808, 36.131565999950276 ], [ -81.520383968605913, 36.131411013138013 ], [ -81.521182627078744, 36.130970200940034 ], [ -81.521183354267293, 36.130969797600443 ], [ -81.521365662643589, 36.130868182972065 ], [ -81.521508934977803, 36.13078903102177 ], [ -81.521789991501706, 36.130633999738095 ], [ -81.522070752256965, 36.130479132229013 ], [ -81.522071229428548, 36.130478868172212 ], [ -81.522351753363154, 36.130323132112991 ], [ -81.5226329915006, 36.130168000021094 ], [ -81.522913752421204, 36.130013131348143 ], [ -81.522914228721149, 36.130012867773416 ], [ -81.523194753467564, 36.129857132016198 ], [ -81.523475859850251, 36.129702072445212 ], [ -81.523757620753287, 36.129547204006144 ], [ -81.52375836070955, 36.129546795254363 ], [ -81.524038752695617, 36.129391132442301 ], [ -81.524319991032186, 36.129235999923345 ], [ -81.524600752864046, 36.129081131935436 ], [ -81.524601230170674, 36.129080867803864 ], [ -81.524881753199665, 36.128925132079445 ], [ -81.525162753231811, 36.128770131767595 ], [ -81.52516322985386, 36.128769868014494 ], [ -81.52544388517012, 36.128614059350689 ], [ -81.525723787175309, 36.128459113405924 ], [ -81.526010862512436, 36.128301071116361 ], [ -81.526011120975269, 36.128300928577353 ], [ -81.52629699061265, 36.128142999854639 ], [ -81.526582860953766, 36.127985071541239 ], [ -81.526583120601131, 36.127984927848217 ], [ -81.526867626831205, 36.127827201698494 ], [ -81.527153757130606, 36.127670128588598 ], [ -81.527154226080015, 36.127669870338352 ], [ -81.527439991520353, 36.12751200060567 ], [ -81.527725990483873, 36.127354000564949 ], [ -81.528011860729904, 36.12719607243227 ], [ -81.52801212079946, 36.127195928505309 ], [ -81.528296860873553, 36.127038071945343 ], [ -81.528581779956895, 36.126880669445562 ], [ -81.52858422043785, 36.12687936495854 ], [ -81.528668444929778, 36.126835832794356 ], [ -81.528675461131101, 36.12683202711689 ], [ -81.528868459549031, 36.126722302454709 ], [ -81.528869526865734, 36.126721704267304 ], [ -81.529154861620214, 36.126564071883735 ], [ -81.529155121531261, 36.126563928044575 ], [ -81.529439361446379, 36.126406349022197 ], [ -81.529440617367513, 36.126405646837171 ], [ -81.529626877171012, 36.126300627812867 ], [ -81.529629120169858, 36.126299400664479 ], [ -81.529724498924566, 36.126248792232204 ], [ -81.529727469408783, 36.126247183784528 ], [ -81.530011991225365, 36.126090000218092 ], [ -81.530297991528968, 36.125932000072147 ], [ -81.530583885235288, 36.125774058432945 ], [ -81.530868762703804, 36.125617126046293 ], [ -81.530869219552159, 36.125616873601537 ], [ -81.531043674865415, 36.125520175906424 ], [ -81.531154798285215, 36.125459106838534 ], [ -81.531155186498992, 36.125458892931043 ], [ -81.531440973617819, 36.12530100988868 ], [ -81.531789310231119, 36.125108481865524 ], [ -81.531794758625566, 36.125105684832327 ], [ -81.531886502457098, 36.125062083725766 ], [ -81.531899242781805, 36.125055458112286 ], [ -81.532508524055089, 36.124710264510938 ], [ -81.532509460729599, 36.124709740450122 ], [ -81.533299678915654, 36.124273172307639 ], [ -81.533300302231353, 36.124272826496096 ], [ -81.541999852053891, 36.119426077386784 ], [ -81.542000130468608, 36.119425921983641 ], [ -81.544912938993079, 36.117797028858824 ], [ -81.545483460648654, 36.117477537697049 ], [ -81.545488059600999, 36.117475267321332 ], [ -81.545493183640161, 36.117475045529048 ], [ -81.546180963379385, 36.11748099959744 ], [ -81.55011882489957, 36.117513998413365 ], [ -81.550119158409032, 36.117514000930036 ], [ -81.550267750689997, 36.117514998309652 ], [ -81.551035905059578, 36.117521999103204 ], [ -81.552005884608334, 36.117529998985766 ], [ -81.552006098534889, 36.117530000635682 ], [ -81.552423729493853, 36.117532998252784 ], [ -81.552525561640607, 36.117533995821212 ], [ -81.552526421923758, 36.117534002398308 ], [ -81.552707703682287, 36.117534998432909 ], [ -81.556173979425097, 36.117563999644176 ], [ -81.558294852028823, 36.117581999328074 ], [ -81.558295129262461, 36.117582001488771 ], [ -81.561674936133087, 36.117606000242944 ], [ -81.563243949498187, 36.117617999662137 ], [ -81.564979983531543, 36.11763200022137 ], [ -81.565470919858996, 36.117635999427023 ], [ -81.571789878097277, 36.117691998858675 ], [ -81.571790104311674, 36.117692000735474 ], [ -81.586535701913661, 36.117805998085814 ], [ -81.586536281262909, 36.117806001725555 ], [ -81.595844756938064, 36.117850999088581 ], [ -81.59904790275796, 36.117873999544329 ], [ -81.603264729165161, 36.117907998473612 ], [ -81.606914972424917, 36.117946999721624 ], [ -81.612895963081968, 36.118011999485127 ], [ -81.625271808525383, 36.118142998336516 ], [ -81.625272172761285, 36.118143001860247 ], [ -81.630520978711886, 36.118189000327796 ], [ -81.63098366603181, 36.1181929977162 ], [ -81.631151702768946, 36.118194996573145 ], [ -81.631152280009971, 36.118195002606463 ], [ -81.631595793638155, 36.118198998076934 ], [ -81.631777775999453, 36.118200997818001 ], [ -81.631778207389061, 36.118201002093073 ], [ -81.641515985150917, 36.118287000169715 ], [ -81.64747693826223, 36.118339999346531 ], [ -81.650466577852043, 36.118364996853138 ], [ -81.65046740342774, 36.118365002052016 ], [ -81.651647732936496, 36.118369998665116 ], [ -81.651648249618134, 36.118370000184939 ], [ -81.654677968042037, 36.118374998589708 ], [ -81.654680014635957, 36.118375022912431 ], [ -81.65490304707771, 36.118379956763057 ], [ -81.654906935864133, 36.118380004967804 ], [ -81.658272671092476, 36.1183889993533 ], [ -81.659464661657466, 36.118395998423097 ], [ -81.659465321809193, 36.118396001209803 ], [ -81.660627139200969, 36.118398988123829 ], [ -81.660631921417277, 36.118399232637941 ], [ -81.660636037775248, 36.118401679059382 ], [ -81.660912809206707, 36.118584893766865 ], [ -81.660919003097362, 36.118589342802629 ], [ -81.660941788206486, 36.118607064900239 ], [ -81.660944207789655, 36.118608917423892 ], [ -81.661149248308334, 36.11876344068444 ], [ -81.661150739006686, 36.118764553277593 ], [ -81.661195279598587, 36.118797475065534 ], [ -81.661196706352612, 36.118798519916027 ], [ -81.661776755603384, 36.119219378563571 ], [ -81.661781133505173, 36.119222743352545 ], [ -81.662407799863246, 36.119732523682089 ], [ -81.662427000443202, 36.119746339706253 ], [ -81.662444951317411, 36.119757708453207 ], [ -81.662449061706468, 36.119760242666231 ], [ -81.662533577591375, 36.119810952153792 ], [ -81.662550859033459, 36.119820200919797 ], [ -81.662655472782191, 36.119869755066752 ], [ -81.662656505638438, 36.119870251583173 ], [ -81.66268794340867, 36.119885586787426 ], [ -81.662706437196874, 36.119893483180903 ], [ -81.662869629179781, 36.11995365445982 ], [ -81.662882497941112, 36.119957909852168 ], [ -81.662962360090049, 36.119981347882536 ], [ -81.662973709156233, 36.119984320019299 ], [ -81.663120403341978, 36.120018172408017 ], [ -81.663127606327834, 36.120019695560977 ], [ -81.663253818759955, 36.120043966709964 ], [ -81.663254164667208, 36.120044032913526 ], [ -81.663524722375726, 36.120095568344126 ], [ -81.663529268690638, 36.120096380041211 ], [ -81.663561764945356, 36.120101795533436 ], [ -81.663564211352664, 36.120102234541939 ], [ -81.663817431375861, 36.120150930797386 ], [ -81.663828602361477, 36.120152752921939 ], [ -81.664125269024694, 36.120192561076536 ], [ -81.664146805612575, 36.120194273607247 ], [ -81.664210335652797, 36.120195882060798 ], [ -81.664214965359577, 36.120196215383721 ], [ -81.664219544013861, 36.120196977757523 ], [ -81.664661371642637, 36.120291867258878 ], [ -81.664801816880868, 36.120322961746936 ], [ -81.664802170321636, 36.120323039663091 ], [ -81.664842384489674, 36.120331866745097 ], [ -81.664843597814752, 36.12033212912791 ], [ -81.665287815614988, 36.120426749581661 ], [ -81.665290169561416, 36.120427236214439 ], [ -81.665712279743119, 36.120511857548252 ], [ -81.665713699939914, 36.120512152988844 ], [ -81.666197094039163, 36.12061637591674 ], [ -81.666202905643786, 36.120617539099328 ], [ -81.666382316238668, 36.120650690843846 ], [ -81.666385670854069, 36.120651281218457 ], [ -81.666673524610246, 36.120699416820017 ], [ -81.66669256653428, 36.120701669124351 ], [ -81.667049120933314, 36.120726589695479 ], [ -81.667060876008406, 36.120727064428102 ], [ -81.667318554634505, 36.120729885480998 ], [ -81.667339383806649, 36.120729026974018 ], [ -81.667766953173484, 36.120689003923488 ], [ -81.668002837883023, 36.120667014822985 ], [ -81.668235403716849, 36.120645695976421 ], [ -81.668250503609229, 36.120643729686314 ], [ -81.668842029155655, 36.120543670762515 ], [ -81.668846004848149, 36.120543161524466 ], [ -81.668850008586745, 36.12054297302155 ], [ -81.669134837784398, 36.120541015254467 ], [ -81.66913914261275, 36.120540939320946 ], [ -81.669486327029119, 36.120531076188755 ], [ -81.669491655976046, 36.120531066870484 ], [ -81.669763717370131, 36.12053784370233 ], [ -81.669776195688002, 36.120538940096537 ], [ -81.669894762248219, 36.120556905003355 ], [ -81.669908984327549, 36.120560137044045 ], [ -81.670184025592633, 36.12064417750458 ], [ -81.67019568356919, 36.120648551016288 ], [ -81.670366674251682, 36.120725169642171 ], [ -81.670378857258385, 36.120731675034961 ], [ -81.67088330860274, 36.121047693510832 ], [ -81.670886877478779, 36.121050151376942 ], [ -81.670889954902577, 36.121053178917386 ], [ -81.6709546808585, 36.121122594919484 ], [ -81.670968615342076, 36.121136153392136 ], [ -81.670983800464697, 36.121148294811498 ], [ -81.671000092726189, 36.121158904440541 ], [ -81.671017338163864, 36.121167882017751 ], [ -81.67103537380747, 36.121175142704551 ], [ -81.671054029219277, 36.121180617887106 ], [ -81.671073128104666, 36.121184255824652 ], [ -81.67109248997825, 36.121186022138502 ], [ -81.671111931869333, 36.121185900136894 ], [ -81.671131270051063, 36.121183890972759 ], [ -81.671410368848171, 36.121141095448415 ], [ -81.67141161288437, 36.121140900684296 ], [ -81.671963125134283, 36.121052777311455 ], [ -81.671967916756557, 36.121052252056138 ], [ -81.671971667912459, 36.12105527932647 ], [ -81.673227291824801, 36.122175055185437 ], [ -81.673241465432824, 36.122186577657509 ], [ -81.673256631194604, 36.122196758924446 ], [ -81.673272662605498, 36.12220551405958 ], [ -81.673289425940112, 36.122212770032277 ], [ -81.673306781367671, 36.122218466317115 ], [ -81.673657458717457, 36.122316068255728 ], [ -81.673678781025387, 36.12232076570092 ], [ -81.674223387028704, 36.122409901342316 ], [ -81.674319198745835, 36.122426185567718 ], [ -81.674323928554344, 36.122427228470173 ], [ -81.674328538238058, 36.122428726920987 ], [ -81.674560602317626, 36.122516852492836 ], [ -81.674561379850289, 36.122517145911374 ], [ -81.674791433549416, 36.122603415975128 ], [ -81.674808340307351, 36.122608912159507 ], [ -81.674825668338499, 36.122612885299652 ], [ -81.674843280731295, 36.122615304003141 ], [ -81.67486103832735, 36.122616149159406 ], [ -81.674878800820991, 36.122615414090724 ], [ -81.676138691215229, 36.12250702599674 ], [ -81.67711370955702, 36.122426106858825 ], [ -81.677116272249364, 36.122425877567956 ], [ -81.677708338590364, 36.12236906268496 ], [ -81.677709644820538, 36.122368945977563 ], [ -81.678131489032793, 36.122334042216629 ], [ -81.678132493931855, 36.122333956518794 ], [ -81.681957980980314, 36.121998001088372 ], [ -81.682755718609314, 36.121928023672702 ], [ -81.682908638376986, 36.121915030288712 ], [ -81.682909344690884, 36.121914969013069 ], [ -81.683100956538652, 36.121898003670388 ], [ -81.683280361582305, 36.121882056335949 ], [ -81.683281619931989, 36.121881940473109 ], [ -81.683301107730713, 36.121880084023694 ], [ -81.683302875384626, 36.12187993144417 ], [ -81.684296494598456, 36.121803038625096 ], [ -81.684297486988669, 36.121802959342162 ], [ -81.68456356249709, 36.121781035743652 ], [ -81.685306981000608, 36.121723000696846 ], [ -81.685677963567372, 36.121694002554079 ], [ -81.686794451934489, 36.121607042035599 ], [ -81.686795530534084, 36.121606955089938 ], [ -81.687130626129985, 36.121579030502943 ], [ -81.687469779046737, 36.121552016804138 ], [ -81.687470204292168, 36.12155198247666 ], [ -81.688826912569425, 36.12144100707259 ], [ -81.689165613125056, 36.121413031586137 ], [ -81.689166369192449, 36.12141296769326 ], [ -81.68924653706469, 36.121406039776872 ], [ -81.689466713494653, 36.121388022914402 ], [ -81.689947948165525, 36.121350003785665 ], [ -81.693396674191021, 36.12107602490773 ], [ -81.693737980759778, 36.121050000879052 ], [ -81.69441883438131, 36.120998012002815 ], [ -81.695100823440669, 36.120947012682556 ], [ -81.695101158338304, 36.120946987356042 ], [ -81.695440969472841, 36.120921002292292 ], [ -81.695780824863789, 36.120895089538507 ], [ -81.695783156094976, 36.120894898072549 ], [ -81.696190811470771, 36.120859015875837 ], [ -81.696596790681753, 36.120824017411778 ], [ -81.696597191724138, 36.120823982432256 ], [ -81.697004845008948, 36.120788012873028 ], [ -81.697223748091062, 36.120769021641031 ], [ -81.697224233594042, 36.120768978924488 ], [ -81.697705670441479, 36.120726028928843 ], [ -81.698054733286526, 36.120696022439482 ], [ -81.698055249042227, 36.120695977431026 ], [ -81.698754889283379, 36.120634009388866 ], [ -81.699051942850971, 36.120608004210254 ], [ -81.699924944357335, 36.120532004227833 ], [ -81.700155738937312, 36.120512022138236 ], [ -81.70051287958934, 36.120482009993459 ], [ -81.700513103305724, 36.120481991067102 ], [ -81.700876220532805, 36.120451066138884 ], [ -81.700877760911183, 36.12045092895174 ], [ -81.701231339911914, 36.120418060635373 ], [ -81.701590993015316, 36.120386999923028 ], [ -81.701949990659003, 36.120355999941374 ], [ -81.702308967436096, 36.120325002562261 ], [ -81.702666985186355, 36.120294001021293 ], [ -81.703393897827098, 36.120231008531398 ], [ -81.70374211823453, 36.120201160428572 ], [ -81.703745860493029, 36.120200804198646 ], [ -81.704105161048261, 36.120163191478682 ], [ -81.704108827094799, 36.120162875778824 ], [ -81.704460843045169, 36.120139077866433 ], [ -81.704463139222327, 36.12013890935188 ], [ -81.70480272304502, 36.120112021580169 ], [ -81.705142901803868, 36.120086006695352 ], [ -81.70553985665147, 36.120056010698306 ], [ -81.705540125805797, 36.120055990176908 ], [ -81.70564350475685, 36.120048037980013 ], [ -81.705644477818254, 36.120047960740344 ], [ -81.713036792539313, 36.11944301685007 ], [ -81.713037189038033, 36.119442984005879 ], [ -81.714360182106404, 36.11933206810648 ], [ -81.715523982960462, 36.119244000932603 ], [ -81.71643692987702, 36.119175004453147 ], [ -81.717570978260611, 36.11909000086392 ], [ -81.71811680941623, 36.119049013931935 ], [ -81.718117172840024, 36.119048986309096 ], [ -81.718584169222822, 36.119013063194075 ], [ -81.718585811756441, 36.119012930035041 ], [ -81.719159980284275, 36.118964000776892 ], [ -81.720202887721442, 36.118875008947008 ], [ -81.720641782898539, 36.118838018009789 ], [ -81.720642199595702, 36.118837982450941 ], [ -81.721405822030974, 36.118772014462657 ], [ -81.721406161115951, 36.11877198487899 ], [ -81.721632749367103, 36.118752021763619 ], [ -81.722099844144779, 36.118712013072866 ], [ -81.722598256307791, 36.118670061840447 ], [ -81.723445474425645, 36.11860503942863 ], [ -81.723446508004045, 36.118604957407982 ], [ -81.723689220920519, 36.118585063458504 ], [ -81.724053721408438, 36.118558020546615 ], [ -81.724054263417301, 36.118557979593398 ], [ -81.724417970401987, 36.118530001437087 ], [ -81.724780970250734, 36.118502002095674 ], [ -81.725144990848804, 36.118474000317697 ], [ -81.725508858392743, 36.118446010178673 ], [ -81.725680698859989, 36.118433022354218 ], [ -81.725681284552977, 36.118432977221985 ], [ -81.725871918928704, 36.11841800569411 ], [ -81.726218727780392, 36.118391020786852 ], [ -81.726564970398783, 36.118365001578105 ], [ -81.726909863761321, 36.118339009905213 ], [ -81.726910118294867, 36.11833899055982 ], [ -81.728292853428485, 36.118233010548181 ], [ -81.728293128660823, 36.11823298926187 ], [ -81.72863870529352, 36.118206022628904 ], [ -81.728984665690376, 36.118180024823793 ], [ -81.728985316818694, 36.118179974824429 ], [ -81.729239783323663, 36.118160016698312 ], [ -81.730025960309845, 36.118100002511945 ], [ -81.730367903501246, 36.118074006562971 ], [ -81.730713224647928, 36.118048058045034 ], [ -81.730714756211057, 36.118047937041105 ], [ -81.731075710003935, 36.118018023777395 ], [ -81.73107627233739, 36.118017976376329 ], [ -81.73121545336069, 36.118006046541147 ], [ -81.731950854515091, 36.117947011203441 ], [ -81.731951127930145, 36.117946989065949 ], [ -81.732795734213383, 36.117878021123254 ], [ -81.732796249075761, 36.117877978411691 ], [ -81.733246494234223, 36.117840041723539 ], [ -81.733612631757325, 36.11781102860138 ], [ -81.733613350788104, 36.117810970319546 ], [ -81.733974969254902, 36.117781002382507 ], [ -81.734337957499477, 36.117751002822253 ], [ -81.735060956286361, 36.117691003518502 ], [ -81.73542096753755, 36.117661001914939 ], [ -81.735781968502224, 36.117631002121357 ], [ -81.736141876640588, 36.117601009647238 ], [ -81.736142105048671, 36.11760099048135 ], [ -81.736863979069938, 36.117540000911205 ], [ -81.737584865934025, 36.117479010408644 ], [ -81.737944900315199, 36.117449007317703 ], [ -81.738308787071063, 36.11741901701734 ], [ -81.738309195969293, 36.117418982895018 ], [ -81.738888780109647, 36.117370018200312 ], [ -81.738889202230766, 36.117369982088157 ], [ -81.739015525694853, 36.117359040419537 ], [ -81.740065281997545, 36.117273058163093 ], [ -81.740066701029903, 36.117272936846682 ], [ -81.740413391930943, 36.117242053617645 ], [ -81.741461724885937, 36.117155021868307 ], [ -81.741462257773122, 36.11715497691101 ], [ -81.741811723961888, 36.117125023422417 ], [ -81.742859983564628, 36.117038000393116 ], [ -81.743208564326054, 36.117009035354883 ], [ -81.744287493781869, 36.116924039003514 ], [ -81.744288487615904, 36.116923958217562 ], [ -81.744645237068795, 36.116894063707662 ], [ -81.746089717515872, 36.116784021131103 ], [ -81.746090265852146, 36.11678397859967 ], [ -81.74681147938378, 36.116727040315567 ], [ -81.746812503137178, 36.116726956846598 ], [ -81.74999782034098, 36.116459014983228 ], [ -81.749998161280828, 36.116458986010386 ], [ -81.752257919742178, 36.116265006095418 ], [ -81.752592107148274, 36.116236077037733 ], [ -81.752927322151862, 36.11621005257652 ], [ -81.752928665413791, 36.116209943738042 ], [ -81.753081601296785, 36.116197033238002 ], [ -81.757964583250626, 36.115804032927464 ], [ -81.758239895109909, 36.115783007096233 ], [ -81.758601070589719, 36.115755071694075 ], [ -81.758602911698844, 36.115754920734901 ], [ -81.760413544401374, 36.115598039037053 ], [ -81.760414438664895, 36.11559795953125 ], [ -81.760764744476361, 36.115566022454516 ], [ -81.760765236871023, 36.115565976949476 ], [ -81.76112718887741, 36.11553207554195 ], [ -81.76112879528327, 36.11553193813581 ], [ -81.764679658079487, 36.115257025939954 ], [ -81.7646803235791, 36.115256973298663 ], [ -81.765038715821447, 36.11522802236621 ], [ -81.765397441841401, 36.115200043452653 ], [ -81.76539854039035, 36.115199954725163 ], [ -81.768198666553999, 36.114966027095974 ], [ -81.768199316360537, 36.114965971742969 ], [ -81.768532864592714, 36.114937010989898 ], [ -81.768871724966957, 36.114908023189948 ], [ -81.768872257280009, 36.114907976936898 ], [ -81.769211208149684, 36.114878069018843 ], [ -81.769212774374495, 36.114877943212882 ], [ -81.769570161166371, 36.11485206057587 ], [ -81.769571819855742, 36.114851933513798 ], [ -81.773171868623166, 36.114561090807733 ], [ -81.773174113666457, 36.114560896697846 ], [ -81.7735417153405, 36.114527025860049 ], [ -81.773830202917125, 36.114501249505835 ], [ -81.773835772469667, 36.114500673174092 ], [ -81.773899038868279, 36.114493229943058 ], [ -81.773902952013017, 36.114492847401152 ], [ -81.778121323260564, 36.114164052161975 ], [ -81.778122657688868, 36.11416394365699 ], [ -81.778924781947424, 36.11409601808505 ], [ -81.779251891836665, 36.114069008077365 ], [ -81.779598447908796, 36.114040045908702 ], [ -81.779931355748843, 36.114014050141037 ], [ -81.779932627133405, 36.114013946782322 ], [ -81.780286898854982, 36.113984008320898 ], [ -81.780968943361202, 36.113927003832934 ], [ -81.781991305554641, 36.113841057819641 ], [ -81.782367955552857, 36.113812003175241 ], [ -81.784212953722417, 36.113669002983258 ], [ -81.784587761507424, 36.113640094661342 ], [ -81.784590220180391, 36.113639889765018 ], [ -81.784990215028927, 36.113604070112963 ], [ -81.785393415066693, 36.113571128823878 ], [ -81.785396568104233, 36.113570846084471 ], [ -81.785906200303259, 36.113521077519408 ], [ -81.785907783410096, 36.113520935611881 ], [ -81.786199669185805, 36.113497108149744 ], [ -81.78620231165047, 36.113496874786662 ], [ -81.786600231244819, 36.113459072297672 ], [ -81.786601752893262, 36.113458939458582 ], [ -81.791612790638112, 36.113060016429763 ], [ -81.791960607463338, 36.113033030163436 ], [ -81.791961373990233, 36.113032969207829 ], [ -81.794047801757245, 36.112863015821603 ], [ -81.794399969209593, 36.112835002160999 ], [ -81.794752815327769, 36.112807013944355 ], [ -81.794753167704798, 36.112806985679946 ], [ -81.797588870544487, 36.112577009534803 ], [ -81.798289552658517, 36.112521035060048 ], [ -81.79829043035042, 36.112520963 ], [ -81.801503453023258, 36.112250045401183 ], [ -81.801858991719044, 36.11222199985518 ], [ -81.802213876975244, 36.112194009473079 ], [ -81.802214104286278, 36.112193991414287 ], [ -81.804325686762397, 36.112025024754587 ], [ -81.80432629512309, 36.112024975139803 ], [ -81.807767846879827, 36.111739012552668 ], [ -81.807768135574179, 36.111738988354169 ], [ -81.80811083523183, 36.11171001313631 ], [ -81.808797991384878, 36.111653000580048 ], [ -81.809484939095753, 36.111596004402571 ], [ -81.810514677124758, 36.111511108632108 ], [ -81.810517306873123, 36.111510926687899 ], [ -81.811212818606649, 36.111472010030148 ], [ -81.81137768332735, 36.111463071532086 ], [ -81.811380300333909, 36.111462964005774 ], [ -81.811516899539825, 36.111459142806247 ], [ -81.811521803961313, 36.111459255444096 ], [ -81.811523372891514, 36.111463903507882 ], [ -81.811631989090984, 36.111849444023079 ], [ -81.811634123630483, 36.111856517435719 ], [ -81.811670894889716, 36.111970700035236 ], [ -81.812238901600679, 36.113753717996595 ], [ -81.812239082290702, 36.113754282305152 ], [ -81.812266447736519, 36.113839312741504 ], [ -81.812267473707621, 36.113842705747928 ], [ -81.81231393880735, 36.114006816474799 ], [ -81.812314043407298, 36.114007184569004 ], [ -81.81239297835404, 36.114283954623119 ], [ -81.812550912687129, 36.114836725647343 ], [ -81.812551070539158, 36.114837275155587 ], [ -81.81263080986902, 36.115113372803016 ], [ -81.812631176507765, 36.115114626908706 ], [ -81.812796656168345, 36.115673869027667 ], [ -81.812797338816409, 36.115676127022866 ], [ -81.812972943938277, 36.11624484654957 ], [ -81.813147943784244, 36.116814847425722 ], [ -81.813148038121909, 36.116815153822223 ], [ -81.813323708184171, 36.117384085671596 ], [ -81.813324255632693, 36.117385920815231 ], [ -81.813566982438502, 36.118228970189875 ], [ -81.81372897752604, 36.118790954626704 ], [ -81.813890814777196, 36.11935338888135 ], [ -81.813891170351965, 36.119354609989266 ], [ -81.814055944242909, 36.119913842951803 ], [ -81.814056037370875, 36.119914158067616 ], [ -81.814221977068811, 36.120473953623488 ], [ -81.814387865883219, 36.121034578898978 ], [ -81.814388117277161, 36.121035421675877 ], [ -81.814562813327171, 36.121616408900984 ], [ -81.814563172792759, 36.121617591120682 ], [ -81.814748870236627, 36.122221607375884 ], [ -81.814851753784026, 36.122561215832555 ], [ -81.814852235636749, 36.122562783196287 ], [ -81.814885876330777, 36.122670633131797 ], [ -81.814933909228415, 36.122826734265956 ], [ -81.815025902681171, 36.123128710665249 ], [ -81.815026079942783, 36.123129289398811 ], [ -81.815118670192803, 36.1234299576887 ], [ -81.815119289702196, 36.123432050341947 ], [ -81.815199990791683, 36.123716000302672 ], [ -81.815280990790569, 36.124000999881709 ], [ -81.815361554884461, 36.124284464414707 ], [ -81.815362378645304, 36.12428754928554 ], [ -81.815415226823518, 36.124498943118525 ], [ -81.815419263466765, 36.1245129108013 ], [ -81.815489197831837, 36.124725588775405 ], [ -81.815490660550125, 36.124730449563209 ], [ -81.815524690822286, 36.124854902054203 ], [ -81.815525303963796, 36.124857095226368 ], [ -81.815552933120557, 36.124953796569955 ], [ -81.815605620882337, 36.125139693766663 ], [ -81.815606379483668, 36.125142302648079 ], [ -81.815783991357705, 36.125738000091118 ], [ -81.815961977755791, 36.126334956440857 ], [ -81.816139978134316, 36.126932955943744 ], [ -81.816317693035273, 36.127528999042525 ], [ -81.816318300382292, 36.127530997856582 ], [ -81.816482991005742, 36.128062999901715 ], [ -81.816647975961374, 36.128595949742497 ], [ -81.816812969700635, 36.12912992939826 ], [ -81.816910898404728, 36.129447699029534 ], [ -81.816911084863165, 36.129448300701846 ], [ -81.816977868719434, 36.12966260763482 ], [ -81.817059893874145, 36.129929685136609 ], [ -81.817060088832775, 36.129930316215464 ], [ -81.817114886678439, 36.130106663131173 ], [ -81.817115097145418, 36.130107336252088 ], [ -81.817142786938206, 36.130195349342827 ], [ -81.817224964546924, 36.13046291386415 ], [ -81.817277786396019, 36.130634334078422 ], [ -81.817278201416798, 36.130635664435658 ], [ -81.817307785696059, 36.130729348090767 ], [ -81.817389923075879, 36.130995778101692 ], [ -81.81739006177321, 36.130996226129291 ], [ -81.817472933179332, 36.131262814939433 ], [ -81.817564688320374, 36.131560019543251 ], [ -81.817565303777158, 36.131561977377416 ], [ -81.817580826276327, 36.13161048475429 ], [ -81.817581150646305, 36.131611517629416 ], [ -81.81763796459451, 36.131795913404829 ], [ -81.817719859207571, 36.13206257181168 ], [ -81.817720124486485, 36.132063428738327 ], [ -81.817802857385928, 36.132328573297386 ], [ -81.817884891349095, 36.132595675173185 ], [ -81.81788509276447, 36.13259632701633 ], [ -81.817967888466981, 36.132862668395056 ], [ -81.818041644930958, 36.133102872759146 ], [ -81.818042351141813, 36.133105125232447 ], [ -81.818049738444969, 36.133128209071913 ], [ -81.818132890314175, 36.133395676395821 ], [ -81.81821486010692, 36.133662572825131 ], [ -81.818215124986409, 36.133663428450248 ], [ -81.818297954469884, 36.133928882252242 ], [ -81.818329958367286, 36.134031895664052 ], [ -81.818783964867649, 36.135498916225004 ], [ -81.818957955825965, 36.136062885479838 ], [ -81.818958026792288, 36.136063115018487 ], [ -81.819370984366643, 36.137395977707939 ], [ -81.819700951303076, 36.138461870107903 ], [ -81.819948922828388, 36.13926677738079 ], [ -81.82019796428618, 36.140081911598067 ], [ -81.820528963708355, 36.141168911424032 ], [ -81.820777991333429, 36.141984000400193 ], [ -81.821026964284258, 36.142798911135216 ], [ -81.821357908798518, 36.14388573032155 ], [ -81.821590844919839, 36.144658514876014 ], [ -81.821591140001345, 36.14465948492721 ], [ -81.821687949070636, 36.144974861689199 ], [ -81.821688034179459, 36.144975138236582 ], [ -81.821770884453912, 36.145243655760872 ], [ -81.821771098355327, 36.145244344603348 ], [ -81.821855820566071, 36.145515454641583 ], [ -81.821856155222605, 36.145516547434234 ], [ -81.821936803538208, 36.145785375028709 ], [ -81.821937182773439, 36.145786624315683 ], [ -81.82210497194832, 36.146332938193055 ], [ -81.822271964904445, 36.146877913734741 ], [ -81.822524719477968, 36.14770011776838 ], [ -81.822601788065512, 36.147959316636779 ], [ -81.822602201178086, 36.147960688032136 ], [ -81.822684990696317, 36.148232000054179 ], [ -81.822767877072209, 36.148503627567109 ], [ -81.822835921219678, 36.148729765911604 ], [ -81.822836063090207, 36.148730235318588 ], [ -81.822852743016085, 36.148785180859669 ], [ -81.8228532473332, 36.148786816911347 ], [ -81.822939832871484, 36.149063496176616 ], [ -81.823025991278072, 36.149344001039061 ], [ -81.823111334181121, 36.149621862688242 ], [ -81.823112551115159, 36.14962616534406 ], [ -81.823132390763575, 36.149702816512296 ], [ -81.823135983317329, 36.149715069721196 ], [ -81.823197641942215, 36.149902935873335 ], [ -81.823198316435011, 36.149905071387266 ], [ -81.823282896872129, 36.150183687534259 ], [ -81.823283087450761, 36.150184311653739 ], [ -81.82336899103727, 36.150463999957864 ], [ -81.823454991020597, 36.150744000071938 ], [ -81.823540991602087, 36.151024000090956 ], [ -81.823625669625685, 36.151299695711067 ], [ -81.823628506093186, 36.151308240509799 ], [ -81.823655902770398, 36.151384952784227 ], [ -81.823657880213247, 36.151391112001434 ], [ -81.823712450108758, 36.151582106011794 ], [ -81.823713569541837, 36.151585882805605 ], [ -81.823798991413597, 36.151864000606835 ], [ -81.823884895241633, 36.152143688369151 ], [ -81.823969895987034, 36.152423688187149 ], [ -81.823970086833796, 36.152424313177697 ], [ -81.824055991472619, 36.152703999511004 ], [ -81.82414131881113, 36.15298181227574 ], [ -81.824142712836021, 36.152986172573726 ], [ -81.82425637404225, 36.153328144655937 ], [ -81.824257534627137, 36.153331878943334 ], [ -81.824343111882726, 36.153627509181582 ], [ -81.824345978543093, 36.153640685712489 ], [ -81.824370982144359, 36.153809939475011 ], [ -81.824397551700756, 36.15398903784979 ], [ -81.824398519229362, 36.153994948561014 ], [ -81.824457464848123, 36.154324060857718 ], [ -81.824458341339096, 36.154329965343358 ], [ -81.824491343933587, 36.154609516523493 ], [ -81.824491686187429, 36.154615002041311 ], [ -81.82449142198324, 36.154620491871576 ], [ -81.824458148758737, 36.154941481819876 ], [ -81.824457787795978, 36.154944512344933 ], [ -81.824402650730192, 36.155354099818112 ], [ -81.824401574342673, 36.155363927292072 ], [ -81.824368071802795, 36.155760049783339 ], [ -81.824367893011612, 36.155761948057474 ], [ -81.824319707382557, 36.156226104089704 ], [ -81.824318754815522, 36.156239929717174 ], [ -81.824312633670118, 36.156419171271779 ], [ -81.824312874483027, 36.156437947504045 ], [ -81.824314875170444, 36.156456618394195 ], [ -81.824342438917768, 36.156634527170361 ], [ -81.824345665223177, 36.156650837415029 ], [ -81.824350235101889, 36.15666682332558 ], [ -81.824458507546112, 36.156993523597926 ], [ -81.82446168419736, 36.157002402154092 ], [ -81.824594195082526, 36.157346930755622 ], [ -81.824595694159285, 36.157351102041467 ], [ -81.824686865749726, 36.157623627068205 ], [ -81.824687117053216, 36.157624373364079 ], [ -81.824787905693327, 36.157921748371926 ], [ -81.824872962369426, 36.158174916265047 ], [ -81.824965991294818, 36.158451000021465 ], [ -81.8250589565057, 36.15872689657531 ], [ -81.82505902668656, 36.158727104476874 ], [ -81.82515195553583, 36.1590018964352 ], [ -81.825244955926564, 36.15927789634933 ], [ -81.825245026314974, 36.159278104863859 ], [ -81.825337851993751, 36.159552587783239 ], [ -81.825429837817353, 36.159828539246156 ], [ -81.825591263772282, 36.160320782481655 ], [ -81.825592614217101, 36.160325250133937 ], [ -81.825682891178744, 36.160651196571372 ], [ -81.825687545127863, 36.16066579956879 ], [ -81.825693303666156, 36.160680003301138 ], [ -81.82577234791016, 36.160855354451243 ], [ -81.82577384068928, 36.160859054083396 ], [ -81.825775033153022, 36.16086286114237 ], [ -81.825806434977181, 36.160979234570362 ], [ -81.825808848676871, 36.160990910163946 ], [ -81.825833952116511, 36.16116384109759 ], [ -81.825836545188963, 36.161178065829027 ], [ -81.825886921352904, 36.161407137066043 ], [ -81.825889301065317, 36.161416804399636 ], [ -81.825987998800613, 36.161778693569914 ], [ -81.825992530930549, 36.1617931346386 ], [ -81.826094890545775, 36.162080716614753 ], [ -81.826095093003531, 36.16208128273005 ], [ -81.826200853969965, 36.162375617049129 ], [ -81.826301242820676, 36.162658613741129 ], [ -81.826312584973195, 36.162684582501107 ], [ -81.826413617696318, 36.16287737847739 ], [ -81.826416207985858, 36.162882698656666 ], [ -81.826501014635014, 36.163070833153377 ], [ -81.826502864120798, 36.163075210866332 ], [ -81.826512760894957, 36.163100282410277 ], [ -81.826522425408584, 36.163121161410778 ], [ -81.826615626657471, 36.163295448621952 ], [ -81.826618205609179, 36.163300626108132 ], [ -81.826688077314657, 36.163451699223472 ], [ -81.826693006047421, 36.163464643831951 ], [ -81.826736759720305, 36.163608938703923 ], [ -81.826738873992042, 36.163617151007529 ], [ -81.826780607042352, 36.163813385528272 ], [ -81.82678604427808, 36.16383365778541 ], [ -81.826793576089813, 36.163853248593306 ], [ -81.826872048531001, 36.164029191611348 ], [ -81.826880816024143, 36.164046531953446 ], [ -81.826891224835123, 36.164062939666685 ], [ -81.826932110336358, 36.164120952727593 ], [ -81.826943625445637, 36.164135764204161 ], [ -81.826956477758003, 36.164149431524557 ], [ -81.826970554180306, 36.164161834424021 ], [ -81.826985730847909, 36.164172863764001 ], [ -81.827079258321149, 36.164234343582272 ], [ -81.827097505507908, 36.164245002256791 ], [ -81.827116775467289, 36.164253676115948 ], [ -81.82726553508104, 36.16431139187408 ], [ -81.827280164046698, 36.164316425795406 ], [ -81.82729513834856, 36.164320313890578 ], [ -81.827398787591278, 36.164342986819371 ], [ -81.82741734247584, 36.164346139147348 ], [ -81.827756732647927, 36.164387481348612 ], [ -81.827760952817997, 36.164388180180708 ], [ -81.82776497644555, 36.164389585286997 ], [ -81.828107976840201, 36.164526005717335 ], [ -81.828112840713601, 36.164528251110248 ], [ -81.82811711093963, 36.164531485955187 ], [ -81.828264960546093, 36.164656589778744 ], [ -81.828268789551345, 36.164660193123083 ], [ -81.8282722175217, 36.164664179900171 ], [ -81.828353645543942, 36.164769666270558 ], [ -81.828359843266668, 36.164778674136663 ], [ -81.828508661154345, 36.165022543735695 ], [ -81.828514598080858, 36.165033836695905 ], [ -81.828596810371721, 36.165217878622919 ], [ -81.82860371767606, 36.165231852143499 ], [ -81.82874620556899, 36.165493877078887 ], [ -81.828748675505778, 36.165499126686939 ], [ -81.828750517984105, 36.165504627981946 ], [ -81.828815600316474, 36.16574456130143 ], [ -81.828816337949149, 36.165747450497705 ], [ -81.82888974804905, 36.166053985418763 ], [ -81.828890212707918, 36.166056019100751 ], [ -81.828956677700504, 36.166361560569662 ], [ -81.828957261323367, 36.166364447581707 ], [ -81.82903033330183, 36.166755481293222 ], [ -81.829031395050791, 36.16676255699516 ], [ -81.829070743954347, 36.16710882835018 ], [ -81.829071285063634, 36.167113166874813 ], [ -81.829117737925557, 36.167455139008169 ], [ -81.829118173558342, 36.167458870268305 ], [ -81.829130725548566, 36.167587279665341 ], [ -81.829131108394037, 36.167592731849922 ], [ -81.829149940702877, 36.168032809024098 ], [ -81.829150014247801, 36.168035192881419 ], [ -81.829156672200199, 36.168387129713473 ], [ -81.829157698072251, 36.168403926714639 ], [ -81.829160132386335, 36.168420578014178 ], [ -81.829174970872401, 36.168498894587351 ], [ -81.829222430873727, 36.168750863997886 ], [ -81.829227149308579, 36.168770438747146 ], [ -81.829233812059542, 36.16878943985725 ], [ -81.829242351593919, 36.168807674735604 ], [ -81.829252681356166, 36.168824958556016 ], [ -81.829363743946928, 36.168991173798723 ], [ -81.82937806795951, 36.169010079375695 ], [ -81.829394529414685, 36.169027156221738 ], [ -81.829524311161137, 36.169146712895618 ], [ -81.829542833714569, 36.169161832852772 ], [ -81.829563028276041, 36.169174634328357 ], [ -81.829647250015128, 36.169221211595278 ], [ -81.82966540447822, 36.169230085070623 ], [ -81.829684361667375, 36.169237081360677 ], [ -81.829703928066124, 36.169242129046765 ], [ -81.829799477804571, 36.169261690344825 ], [ -81.829802508687834, 36.169262286489669 ], [ -81.829886830380943, 36.16927819638429 ], [ -81.829907079707468, 36.169280954516736 ], [ -81.829927504783839, 36.169281631845521 ], [ -81.830057078038223, 36.169279304001783 ], [ -81.830073918572879, 36.169278289758182 ], [ -81.830090613709913, 36.169275859799868 ], [ -81.830357680085172, 36.169225404316151 ], [ -81.830380570311888, 36.169219662835161 ], [ -81.830402624891619, 36.169211265061918 ], [ -81.830517180522634, 36.169159714985724 ], [ -81.830524931838767, 36.169156609369871 ], [ -81.830701883046743, 36.169094156461192 ], [ -81.830714326685438, 36.169090651707464 ], [ -81.831125257698446, 36.169003156666477 ], [ -81.831126726032736, 36.1690028555156 ], [ -81.831493464482918, 36.168930498441661 ], [ -81.831498504699894, 36.16892943640471 ], [ -81.831766450110493, 36.168869363247275 ], [ -81.831787215356059, 36.168863515328113 ], [ -81.832254176390009, 36.168704367723734 ], [ -81.832279100754988, 36.168693945431897 ], [ -81.832337656093429, 36.168664667527317 ], [ -81.832348157533062, 36.168659019353605 ], [ -81.832471309927342, 36.168587969664891 ], [ -81.832474707613258, 36.168586096358979 ], [ -81.832581542295216, 36.168529868013799 ], [ -81.832592751723155, 36.168524822943091 ], [ -81.832710477257862, 36.168480328372297 ], [ -81.832714031459275, 36.168479135576142 ], [ -81.832717665165305, 36.168478212922743 ], [ -81.832807700239272, 36.168458919540981 ], [ -81.832816346797102, 36.168457460075096 ], [ -81.832927903895168, 36.168443630888348 ], [ -81.832938116418731, 36.168442893448777 ], [ -81.833024731827919, 36.168441088766578 ], [ -81.833028979672505, 36.168441181237569 ], [ -81.83303320424136, 36.16844163483529 ], [ -81.833170648455294, 36.168462345591657 ], [ -81.833179259156594, 36.168464032577667 ], [ -81.833288120978736, 36.168490370105744 ], [ -81.833310087655448, 36.168494401675908 ], [ -81.833393675472365, 36.16850495995628 ], [ -81.833394307475118, 36.168505038764685 ], [ -81.833507926103692, 36.168519022902366 ], [ -81.833524017952826, 36.168520346812187 ], [ -81.833540164156148, 36.168520368354017 ], [ -81.833651695975803, 36.168516011676743 ], [ -81.833652285419092, 36.168515987781099 ], [ -81.833765918664284, 36.168511213289477 ], [ -81.833770975544965, 36.168511257609573 ], [ -81.833776001902166, 36.16851181415516 ], [ -81.833963749556744, 36.168542311663451 ], [ -81.833967945583893, 36.168543179699398 ], [ -81.833972051640046, 36.1685444046215 ], [ -81.83414950830695, 36.168605758879416 ], [ -81.834162612409628, 36.168609792260014 ], [ -81.834369362287106, 36.168665747276783 ], [ -81.834378675329347, 36.168668029644699 ], [ -81.834862879088973, 36.168774458636541 ], [ -81.83487908195012, 36.168777326999859 ], [ -81.834895465764504, 36.168778853709973 ], [ -81.835037694829921, 36.168786223085249 ], [ -81.835060356327901, 36.168786111643108 ], [ -81.83508285974446, 36.168783437292056 ], [ -81.835104916160532, 36.168778234367821 ], [ -81.835173141445821, 36.168757998233311 ], [ -81.835189708597696, 36.168752283403308 ], [ -81.835205711861718, 36.168745140200677 ], [ -81.835324954811028, 36.168685518539306 ], [ -81.835327020578276, 36.168684470655535 ], [ -81.835421647682693, 36.168635778972941 ], [ -81.835435998896571, 36.168627628526004 ], [ -81.835642823863893, 36.168498599926437 ], [ -81.835646599341402, 36.168496494658648 ], [ -81.835645415205846, 36.168500652086706 ], [ -81.835541991661401, 36.168805999791616 ], [ -81.835437030671386, 36.169115885125734 ], [ -81.835343141193633, 36.169391976137852 ], [ -81.835337191744529, 36.169413265159136 ], [ -81.835333627976141, 36.169435080702371 ], [ -81.835299454907542, 36.169754321058953 ], [ -81.835298413156735, 36.169781751225379 ], [ -81.83530843303636, 36.170107829483513 ], [ -81.835309809805324, 36.170125900039515 ], [ -81.835312816697297, 36.170143771779436 ], [ -81.835351424728216, 36.170323139801312 ], [ -81.835355860395666, 36.170340097244718 ], [ -81.835361763749475, 36.17035660119717 ], [ -81.835369089447454, 36.17037252489591 ], [ -81.835458944047645, 36.170547240776429 ], [ -81.83547253477461, 36.170569860494815 ], [ -81.835655990753665, 36.17083400025026 ], [ -81.835846991173213, 36.171109000273376 ], [ -81.836037990668927, 36.171384000006206 ], [ -81.836223036761439, 36.171650426757303 ], [ -81.836235806415658, 36.17166690737119 ], [ -81.836539091037096, 36.172018795981792 ], [ -81.836542759459221, 36.172023311585399 ], [ -81.836727401019374, 36.172264614541241 ], [ -81.83673272406277, 36.172271272166142 ], [ -81.837205708816995, 36.172837661678663 ], [ -81.837246745000201, 36.172887244242467 ], [ -81.837262187376368, 36.172903882253792 ], [ -81.837514386520525, 36.173146419066079 ], [ -81.837695405085, 36.173323448794754 ], [ -81.837698509355832, 36.173326622784529 ], [ -81.837928771432544, 36.173572765069373 ], [ -81.838152811313066, 36.173813806227074 ], [ -81.838153172955984, 36.173814194280048 ], [ -81.838379849559104, 36.174056778837723 ], [ -81.838382153136237, 36.174059203126674 ], [ -81.838609348409392, 36.174294335426289 ], [ -81.83861063894382, 36.174295658752726 ], [ -81.838921905040337, 36.174611897109436 ], [ -81.838924041998368, 36.17461413650252 ], [ -81.839132991196095, 36.174840000070915 ], [ -81.83934299164541, 36.175067000418927 ], [ -81.839552829776224, 36.175293826097608 ], [ -81.839761978300729, 36.175520986234311 ], [ -81.83997184303891, 36.175748838974627 ], [ -81.83997213978995, 36.175749160454565 ], [ -81.840181990932919, 36.175976000622519 ], [ -81.840391829259346, 36.176202825633801 ], [ -81.840600830046512, 36.176429825312432 ], [ -81.840601152196911, 36.176430174373273 ], [ -81.840810579125815, 36.176656555545243 ], [ -81.840811396923527, 36.176657450367941 ], [ -81.840967797351368, 36.176830678380924 ], [ -81.840970207679192, 36.176833300715664 ], [ -81.841230441988685, 36.177111412930465 ], [ -81.841439822921046, 36.177338817986296 ], [ -81.84144016246249, 36.177339185831542 ], [ -81.841563967206497, 36.177472974468074 ], [ -81.841647337207675, 36.177563130496203 ], [ -81.841652755549163, 36.177568764870202 ], [ -81.841903991535958, 36.177820000636224 ], [ -81.842154986592732, 36.178070995585891 ], [ -81.842160729874479, 36.178077248837511 ], [ -81.842300179794179, 36.178242665349451 ], [ -81.842305945423092, 36.178249209532595 ], [ -81.842441070594717, 36.178396000393796 ], [ -81.842442925264621, 36.178397987903189 ], [ -81.842511368898272, 36.178470341646161 ], [ -81.842720992667736, 36.178696001972746 ], [ -81.84292999134729, 36.178920999814231 ], [ -81.843138990797698, 36.179146000158518 ], [ -81.843347417246932, 36.179370381999831 ], [ -81.843348555076034, 36.179371627846535 ], [ -81.843390084989622, 36.179417877934505 ], [ -81.843393955940172, 36.179422067111147 ], [ -81.843449618468085, 36.179480608298192 ], [ -81.843450359643342, 36.17948139629614 ], [ -81.843556934338551, 36.179595938881725 ], [ -81.843765839396468, 36.179820837125277 ], [ -81.843766142264698, 36.179821162454509 ], [ -81.843974839250535, 36.18004483771967 ], [ -81.844183991720897, 36.180270000510369 ], [ -81.84439299135903, 36.180495000299217 ], [ -81.844601991272725, 36.180719999969227 ], [ -81.844810991275665, 36.180945000186298 ], [ -81.84501999133613, 36.18117000004969 ], [ -81.845228991485882, 36.181395000460157 ], [ -81.845437991693075, 36.181620000516858 ], [ -81.845646828600792, 36.181844825578615 ], [ -81.845647153510498, 36.181845174527709 ], [ -81.845841733957414, 36.182053652751215 ], [ -81.845844198869159, 36.182056393285848 ], [ -81.845853587241692, 36.18206722655971 ], [ -81.84585849532786, 36.182072684352136 ], [ -81.846064839511783, 36.182293838508699 ], [ -81.846273625968806, 36.182518606938565 ], [ -81.846274352266477, 36.182519397300709 ], [ -81.846493765227436, 36.182760751631939 ], [ -81.846494218622638, 36.182761248684599 ], [ -81.846709875997675, 36.182996874536897 ], [ -81.846927991488741, 36.183236000657537 ], [ -81.84714599105591, 36.183474999904931 ], [ -81.847363990958954, 36.18371399979695 ], [ -81.847581991077462, 36.183953000201683 ], [ -81.84779985074924, 36.184191846041394 ], [ -81.847800132326242, 36.184192154096202 ], [ -81.848017850134198, 36.18442984629182 ], [ -81.848233208990422, 36.184665949463799 ], [ -81.84823889804629, 36.184671933603219 ], [ -81.848450828927653, 36.184885836022261 ], [ -81.848451154540285, 36.184886163905517 ], [ -81.84866582715982, 36.185101834635091 ], [ -81.848878278620404, 36.185316271737356 ], [ -81.848881617293543, 36.185319809774974 ], [ -81.849083991157926, 36.185545000025158 ], [ -81.849287845558663, 36.185771838216596 ], [ -81.849491846237441, 36.185999838127699 ], [ -81.849492137504228, 36.1860001629463 ], [ -81.849695990843472, 36.186227000452718 ], [ -81.849899991248591, 36.186453999962723 ], [ -81.850103990613988, 36.186681000062137 ], [ -81.850305898669021, 36.186905671430942 ], [ -81.850310155436972, 36.186910261537903 ], [ -81.850615022277623, 36.187228852887536 ], [ -81.850623191813682, 36.187236913897436 ], [ -81.8508527632831, 36.187450788436387 ], [ -81.850884925553473, 36.18748093879551 ], [ -81.851064442736813, 36.187649545348286 ], [ -81.851067570479302, 36.187652421077608 ], [ -81.851081822560928, 36.187665248144647 ], [ -81.851089713939757, 36.187673194867955 ], [ -81.851290847791518, 36.187899839207674 ], [ -81.851291134259242, 36.187900161309209 ], [ -81.851495847641175, 36.188129840148662 ], [ -81.851700991668054, 36.188361000483688 ], [ -81.851901368710571, 36.188586791655339 ], [ -81.851910964963395, 36.188596875210621 ], [ -81.852106631716836, 36.188788647865685 ], [ -81.852107346263807, 36.188789355270053 ], [ -81.852142265851697, 36.188824275166482 ], [ -81.852145757484635, 36.188827682674948 ], [ -81.852164439910226, 36.188845475292375 ], [ -81.852165533982003, 36.188846533248999 ], [ -81.852219346421052, 36.188899367654159 ], [ -81.852263640528918, 36.188943649527708 ], [ -81.852266297557847, 36.188946410689944 ], [ -81.85251473008239, 36.18921471837352 ], [ -81.85251525330132, 36.18921528127786 ], [ -81.852765855769732, 36.189483854950311 ], [ -81.853014086979528, 36.189750951907634 ], [ -81.853017776845874, 36.189755151818169 ], [ -81.85336263295946, 36.190170546861545 ], [ -81.853373869960294, 36.190182982847993 ], [ -81.853481817856149, 36.190292823452069 ], [ -81.853658806474343, 36.190473810592941 ], [ -81.853659177576844, 36.190474189074727 ], [ -81.853948180958611, 36.190768158948991 ], [ -81.853951704589861, 36.190771933319759 ], [ -81.854260802399978, 36.191120659236191 ], [ -81.854263130354113, 36.191123382405308 ], [ -81.854559621356287, 36.191483059290903 ], [ -81.854575344978571, 36.19150003011783 ], [ -81.855003950238782, 36.191912038089271 ], [ -81.855007917420991, 36.191916073804379 ], [ -81.855240980984732, 36.192166988928172 ], [ -81.85547499120122, 36.192419000022454 ], [ -81.855708846793405, 36.192670844636318 ], [ -81.855709136388015, 36.192671155843648 ], [ -81.855943846010163, 36.1929228451733 ], [ -81.856172410835029, 36.193168990936407 ], [ -81.856184043857581, 36.193180532180428 ], [ -81.856421826363615, 36.193397849262567 ], [ -81.856422156914661, 36.193398150686029 ], [ -81.856646851851977, 36.193602586119724 ], [ -81.856660020434475, 36.193613573238082 ], [ -81.856674081889679, 36.193623391782396 ], [ -81.856688932820759, 36.193631969554879 ], [ -81.856758926784309, 36.193668488489465 ], [ -81.856773859353396, 36.193675511616362 ], [ -81.856789320068813, 36.193681279823167 ], [ -81.856805203679443, 36.193685753841955 ], [ -81.856848359917933, 36.193696008722021 ], [ -81.856870813889216, 36.193700007643606 ], [ -81.856893577142174, 36.193701424158789 ], [ -81.856916353656516, 36.193700239846784 ], [ -81.857143183601039, 36.193675417127935 ], [ -81.857150779370457, 36.193674438389337 ], [ -81.857483704581753, 36.193625042557542 ], [ -81.857484278042918, 36.193624956623786 ], [ -81.857820826916182, 36.193574025477183 ], [ -81.858495969326995, 36.193473003806851 ], [ -81.859169848251128, 36.193372021859567 ], [ -81.85984384766374, 36.193272021131889 ], [ -81.859844134421763, 36.193271978373396 ], [ -81.860517969678369, 36.193171003462965 ], [ -81.861192969190611, 36.193070003792151 ], [ -81.861866990986684, 36.192969000659417 ], [ -81.862540990830965, 36.192868000606936 ], [ -81.863214969876481, 36.192767003607322 ], [ -81.863889969941269, 36.192666003288544 ], [ -81.864563990936972, 36.192565000498362 ], [ -81.865237867426245, 36.192464018388513 ], [ -81.86523811493818, 36.192463981139845 ], [ -81.86563486533818, 36.192404019304149 ], [ -81.866248971500724, 36.192312003455818 ], [ -81.866923969583524, 36.192211003598679 ], [ -81.867597991464635, 36.192110000100648 ], [ -81.868271991411319, 36.192009000585863 ], [ -81.868945969292781, 36.191908003267471 ], [ -81.869620969442238, 36.191807003440516 ], [ -81.870294969163055, 36.191706003485585 ], [ -81.87096962872225, 36.191605054335412 ], [ -81.870970352897899, 36.191604944621076 ], [ -81.871132975433468, 36.191580002222878 ], [ -81.872148852536611, 36.191424021680241 ], [ -81.872457072767588, 36.19137714028583 ], [ -81.872458908205232, 36.191376852380671 ], [ -81.872556459553749, 36.191361085972211 ], [ -81.872557523693445, 36.191360919859449 ], [ -81.872981722129239, 36.191297040371509 ], [ -81.872982259247422, 36.191296958741361 ], [ -81.873946770039524, 36.191149033778906 ], [ -81.874359022270937, 36.191086751032394 ], [ -81.87436900946247, 36.191085751942133 ], [ -81.874454960907158, 36.191081496726305 ], [ -81.874474921797855, 36.191079501238427 ], [ -81.874676742530099, 36.191049038064079 ], [ -81.875013748321905, 36.190999036016102 ], [ -81.875014234903077, 36.190998963209552 ], [ -81.875351968273222, 36.19094800378727 ], [ -81.875736811962398, 36.190890027440844 ], [ -81.876025950183234, 36.190847006076098 ], [ -81.876362703952097, 36.190797042742311 ], [ -81.876363277863717, 36.190796956741302 ], [ -81.876699991166376, 36.190746000464941 ], [ -81.877036704661933, 36.190695043167025 ], [ -81.877373704884036, 36.19064504231541 ], [ -81.877374278398918, 36.190644956372822 ], [ -81.877710704107088, 36.190594043358018 ], [ -81.878047747723755, 36.19054403603733 ], [ -81.878048234721192, 36.190543963168466 ], [ -81.878385747064357, 36.19049303670986 ], [ -81.878722704426181, 36.190443042388978 ], [ -81.878723278078255, 36.190442956425919 ], [ -81.879059704214882, 36.190392043279019 ], [ -81.879396704142678, 36.190342043139168 ], [ -81.87939727809848, 36.19034195713099 ], [ -81.879733704601591, 36.190291043896401 ], [ -81.880070704789816, 36.19024104278197 ], [ -81.880071278308023, 36.190240956838416 ], [ -81.880407990890816, 36.190190000135644 ], [ -81.880744704224654, 36.190139043373776 ], [ -81.881081552583765, 36.190089065572018 ], [ -81.881082430064765, 36.19008893339101 ], [ -81.881408654831134, 36.190039051523343 ], [ -81.881756888585372, 36.189987015136033 ], [ -81.88209394834918, 36.189937006591833 ], [ -81.882431618112165, 36.189887055792759 ], [ -81.882432364537777, 36.189886943935889 ], [ -81.88276766133805, 36.189836050402462 ], [ -81.883104704948735, 36.189786043116982 ], [ -81.883105278830342, 36.1897859571189 ], [ -81.883441704001157, 36.18973504355094 ], [ -81.883776728683841, 36.189685336053223 ], [ -81.883781246068452, 36.189684612913389 ], [ -81.884133858963438, 36.189624022758693 ], [ -81.884485776415275, 36.189564036559581 ], [ -81.884486206592541, 36.189563962750462 ], [ -81.884844908173008, 36.189502014314634 ], [ -81.885194451428447, 36.189441951961591 ], [ -81.885200008915803, 36.189441315764789 ], [ -81.885205602711949, 36.189441306812057 ], [ -81.88537823588392, 36.189450740059364 ], [ -81.88538285221064, 36.189451213538774 ], [ -81.885385142647181, 36.189455249447086 ], [ -81.885505769513173, 36.18969356282421 ], [ -81.885556838052707, 36.189795693513304 ], [ -81.885557147390585, 36.189796309494469 ], [ -81.885730268352077, 36.190139567190421 ], [ -81.885731737002757, 36.190142421956573 ], [ -81.885879991316045, 36.190425000439745 ], [ -81.886027468660544, 36.190706097912908 ], [ -81.886030320680433, 36.190711996028284 ], [ -81.886166930799916, 36.191019863924794 ], [ -81.886167051753759, 36.191020135962965 ], [ -81.886305882300803, 36.191331755818133 ], [ -81.886443472689066, 36.191642828014963 ], [ -81.886444479607917, 36.191645185784225 ], [ -81.8865538698291, 36.191910704534649 ], [ -81.886554114212558, 36.191911295036959 ], [ -81.886664991442856, 36.192178000277309 ], [ -81.886774336057854, 36.192441019731518 ], [ -81.886777296976788, 36.192449108905933 ], [ -81.886823810941664, 36.192595431731242 ], [ -81.886824175798921, 36.192596567744552 ], [ -81.886884990940544, 36.192783998544606 ], [ -81.88699488277048, 36.19312266468399 ], [ -81.887103763178686, 36.193462289860179 ], [ -81.887104224192299, 36.193463709629242 ], [ -81.887225914748569, 36.193833768978998 ], [ -81.887226067294606, 36.193834230975078 ], [ -81.887348344808217, 36.194203049402162 ], [ -81.887349678463863, 36.194206937785943 ], [ -81.887454891498805, 36.194503720833545 ], [ -81.887559431387132, 36.194801405343917 ], [ -81.887560497404181, 36.194804613408124 ], [ -81.887681140854198, 36.195189289870783 ], [ -81.887682917644554, 36.195194685637539 ], [ -81.887808818084565, 36.19555949718815 ], [ -81.887809159799914, 36.195560504696545 ], [ -81.887811130016232, 36.195566416859236 ], [ -81.887815176522821, 36.195577464834855 ], [ -81.887816500293553, 36.195580774219358 ], [ -81.88782189236376, 36.195593044960042 ], [ -81.887829547933336, 36.195608993273964 ], [ -81.887832533877443, 36.195614956728541 ], [ -81.887972826009133, 36.195883850172592 ], [ -81.887976758819036, 36.195892333717794 ], [ -81.888094850756119, 36.196181849476659 ], [ -81.888104216240606, 36.196201637531502 ], [ -81.888303081967308, 36.196568434553591 ], [ -81.888314377261764, 36.196586824937818 ], [ -81.888327588421674, 36.196603891137222 ], [ -81.888342561606464, 36.196619434420221 ], [ -81.888359122457132, 36.196633273789196 ], [ -81.888547081147763, 36.196773841354812 ], [ -81.888569906276715, 36.196788604625979 ], [ -81.889073072771382, 36.197067491427113 ], [ -81.889074898657739, 36.197068528658697 ], [ -81.889396787336452, 36.197255881583104 ], [ -81.889707967204046, 36.197437986313155 ], [ -81.890040962516039, 36.197632983694476 ], [ -81.890362396918107, 36.197821067802003 ], [ -81.890365549114136, 36.197822991279409 ], [ -81.890709706935297, 36.19804181924421 ], [ -81.891051879516183, 36.198261007539102 ], [ -81.891058174006616, 36.198264877555111 ], [ -81.891344771047486, 36.198433870124234 ], [ -81.891634930732508, 36.198605964542423 ], [ -81.891836790780275, 36.198725881042577 ], [ -81.891837191743875, 36.198726118606452 ], [ -81.891924911144443, 36.198777952818418 ], [ -81.892214504525583, 36.198948713371493 ], [ -81.892363443667293, 36.199037673632375 ], [ -81.892364543691698, 36.199038325906294 ], [ -81.892501134707302, 36.199118730202493 ], [ -81.892504859537894, 36.19912115347114 ], [ -81.892507808153368, 36.199124477965398 ], [ -81.892578567240591, 36.199211835391637 ], [ -81.892594440266009, 36.199229229394483 ], [ -81.892695878548565, 36.199328021401129 ], [ -81.89270644523809, 36.199337602443208 ], [ -81.892732586144064, 36.199359658611691 ], [ -81.892733398183452, 36.199360340087068 ], [ -81.892853801183008, 36.199460841423232 ], [ -81.892854181406165, 36.199461158001348 ], [ -81.892910693744739, 36.199508092579514 ], [ -81.892915170569765, 36.19951204238258 ], [ -81.893100352137196, 36.1996855275722 ], [ -81.893105444619252, 36.199690656428629 ], [ -81.893244837479415, 36.199841585934621 ], [ -81.8932478128947, 36.199845124150912 ], [ -81.893250083103609, 36.19984915133616 ], [ -81.893306463480798, 36.199961016891855 ], [ -81.893316397758142, 36.199978484655837 ], [ -81.893436060931535, 36.200166264662407 ], [ -81.89344660768306, 36.200181252568534 ], [ -81.893651701580879, 36.200446044476422 ], [ -81.893656052590671, 36.200452117889249 ], [ -81.893808902487763, 36.200683256111269 ], [ -81.893818524223178, 36.20069658161723 ], [ -81.893829207642511, 36.200709072071703 ], [ -81.893935618435464, 36.200823598865384 ], [ -81.893936366440556, 36.20082439951176 ], [ -81.894028413189332, 36.200922384669589 ], [ -81.894044316620509, 36.200939603033341 ], [ -81.894062844573995, 36.200957250542807 ], [ -81.894474985952215, 36.201302320872735 ], [ -81.894478906417291, 36.201305781695496 ], [ -81.894749713662478, 36.201557742222278 ], [ -81.894750269789583, 36.201558257682564 ], [ -81.895018529048954, 36.201805956712747 ], [ -81.895029812892687, 36.201815624435326 ], [ -81.895339990913783, 36.202062000272726 ], [ -81.895652094629853, 36.20230990508027 ], [ -81.895660037366369, 36.202315897936764 ], [ -81.896026738667018, 36.202578521928793 ], [ -81.896039570049297, 36.202586984977145 ], [ -81.89631199059906, 36.202752000668767 ], [ -81.896590902861988, 36.20292094728466 ], [ -81.896814314841109, 36.203056589437914 ], [ -81.89686170121233, 36.203085875600131 ], [ -81.896878762066152, 36.203095303064266 ], [ -81.897132778936239, 36.203219914733324 ], [ -81.897137146982416, 36.203222192722428 ], [ -81.897425990854401, 36.203382000086165 ], [ -81.897713244010632, 36.203540927535926 ], [ -81.897720546513185, 36.20354538627749 ], [ -81.898015001735288, 36.203742955989632 ], [ -81.898040011958059, 36.203757239625823 ], [ -81.898263224862689, 36.203864195392057 ], [ -81.898266902924689, 36.203866150611205 ], [ -81.898270405065972, 36.203868405833873 ], [ -81.89841167457422, 36.203967958149057 ], [ -81.898419962685168, 36.203974479554724 ], [ -81.898753072116605, 36.204266318764574 ], [ -81.898756821382207, 36.204269776466212 ], [ -81.898982011559539, 36.204488342837429 ], [ -81.898993365433071, 36.204498550610587 ], [ -81.899005464911895, 36.204507862521716 ], [ -81.89925878827512, 36.20468785569728 ], [ -81.899515972944684, 36.204871559065388 ], [ -81.899534665866426, 36.204883406408669 ], [ -81.899931237149744, 36.205104991334842 ], [ -81.899953400813274, 36.205115643594496 ], [ -81.900285665522816, 36.205250867848598 ], [ -81.900628666481211, 36.205391866998148 ], [ -81.900629316377405, 36.205392132821636 ], [ -81.900966650942649, 36.205529420206119 ], [ -81.900979492342927, 36.205534141117418 ], [ -81.901054354336409, 36.205558790558584 ], [ -81.901246971942129, 36.205623647220825 ], [ -81.901250919696707, 36.205625165878011 ], [ -81.901254726490563, 36.205627014608119 ], [ -81.901349161005967, 36.205677934630515 ], [ -81.901352887347954, 36.205680158354873 ], [ -81.901356406320915, 36.205682697528879 ], [ -81.901471636059028, 36.205773719951438 ], [ -81.90147234641158, 36.205774278472617 ], [ -81.90158175316752, 36.205859901289251 ], [ -81.901591639339529, 36.205868758142834 ], [ -81.901841933562494, 36.206124941247971 ], [ -81.901960857466406, 36.206246863203816 ], [ -81.901961125882806, 36.206247137858909 ], [ -81.902099125963119, 36.206388074468215 ], [ -81.90210460689741, 36.206394150792725 ], [ -81.902182221166299, 36.206487620983872 ], [ -81.902195690907007, 36.206502290338761 ], [ -81.902210552787508, 36.206515547351827 ], [ -81.902416928778578, 36.206681950327201 ], [ -81.902616855845139, 36.206842891685262 ], [ -81.902841271214257, 36.20702418744952 ], [ -81.902850215058862, 36.207032356851272 ], [ -81.903129865246328, 36.207320776891585 ], [ -81.903135815062441, 36.207327491724314 ], [ -81.903331961456459, 36.207569964210592 ], [ -81.903528028573433, 36.207812571020206 ], [ -81.90353179885004, 36.207817546289519 ], [ -81.903773804505192, 36.208158510709467 ], [ -81.903776726014712, 36.20816314780248 ], [ -81.903779120389075, 36.208168077794504 ], [ -81.903841750991802, 36.208317427886584 ], [ -81.90384223439338, 36.20831857066208 ], [ -81.903937832574073, 36.20854262792421 ], [ -81.903962818252452, 36.208601851067527 ], [ -81.903966575726628, 36.208612362440931 ], [ -81.904010372296838, 36.208760525068996 ], [ -81.904012975135828, 36.208771624948547 ], [ -81.904045820816251, 36.208959311233485 ], [ -81.904047245942223, 36.208972786757805 ], [ -81.904052934712482, 36.209124491996171 ], [ -81.90405307055849, 36.209127506983108 ], [ -81.904054847982863, 36.209161285390898 ], [ -81.904055207401726, 36.209166709800229 ], [ -81.904095172576504, 36.209666752442992 ], [ -81.904097857190209, 36.209687110611526 ], [ -81.904126154570932, 36.209840464216668 ], [ -81.904128036689656, 36.20984949235168 ], [ -81.904240750486565, 36.210333964389982 ], [ -81.90424121029551, 36.210336040541605 ], [ -81.904295351045661, 36.210593432976601 ], [ -81.904300842806535, 36.210614025139947 ], [ -81.904308494560979, 36.210633916024349 ], [ -81.904318219423999, 36.210652879770493 ], [ -81.904326663824591, 36.210667386660198 ], [ -81.904336905662007, 36.21068321510198 ], [ -81.904348592403764, 36.210698008846258 ], [ -81.904361620202991, 36.21071163643775 ], [ -81.904527817455715, 36.210869835067115 ], [ -81.904541740954897, 36.210883152208602 ], [ -81.904561300031446, 36.210899600187098 ], [ -81.904682607059229, 36.210989031159244 ], [ -81.904692797660374, 36.210997651948695 ], [ -81.904780623950771, 36.211082644937726 ], [ -81.904820803382862, 36.211121927941846 ], [ -81.904830393524747, 36.211132772851442 ], [ -81.904929395772825, 36.211262597233379 ], [ -81.904931836002959, 36.211266098191203 ], [ -81.904933636507948, 36.211269950020046 ], [ -81.904964922859889, 36.211345036973498 ], [ -81.90497388134159, 36.211363741513168 ], [ -81.90498472863537, 36.21138141778021 ], [ -81.90499734810183, 36.211397875704293 ], [ -81.905031098830563, 36.211437459882987 ], [ -81.905045128086627, 36.211452306253321 ], [ -81.905060598479608, 36.211465644232128 ], [ -81.905077348639892, 36.211477334692695 ], [ -81.905095203848745, 36.21148725569337 ], [ -81.905110322139237, 36.211494672215309 ], [ -81.905111655940004, 36.211495338916308 ], [ -81.905269115077331, 36.211575517787217 ], [ -81.905273826729797, 36.211578251196862 ], [ -81.905278211754919, 36.211581482721805 ], [ -81.905350143587228, 36.211640826127756 ], [ -81.905353776880034, 36.211644141434213 ], [ -81.905355381982702, 36.21164879070502 ], [ -81.905413147764733, 36.211847761350803 ], [ -81.905422614844682, 36.211873586342442 ], [ -81.905456414773326, 36.211949234784278 ], [ -81.905464855963146, 36.211965973463293 ], [ -81.905474827318244, 36.211981848258986 ], [ -81.905486241231031, 36.211996719696572 ], [ -81.905498997419713, 36.212010457116676 ], [ -81.905512983809345, 36.212022939823349 ], [ -81.905528077516536, 36.21203405814444 ], [ -81.905598078648211, 36.212080725173244 ], [ -81.905613698483108, 36.212090138976151 ], [ -81.905630110897576, 36.21209809080478 ], [ -81.905647179422829, 36.212104514539888 ], [ -81.905819601832775, 36.212160573276932 ], [ -81.90582388880911, 36.212162189339061 ], [ -81.905827570653784, 36.212164915846095 ], [ -81.90597116320312, 36.212281882332469 ], [ -81.905974801336725, 36.212285157396806 ], [ -81.905977325138366, 36.212289351737041 ], [ -81.906033580516265, 36.212394234124261 ], [ -81.906034409029502, 36.212395762811568 ], [ -81.906077838238716, 36.212475069049717 ], [ -81.906079806855516, 36.212479080750505 ], [ -81.906081408487054, 36.212483252556837 ], [ -81.90612858767399, 36.212624789565567 ], [ -81.906129799430403, 36.212629045587107 ], [ -81.906130237377781, 36.21263343152382 ], [ -81.906134609126141, 36.212712122452821 ], [ -81.906135845641643, 36.212725835515165 ], [ -81.906145477033405, 36.212802886032648 ], [ -81.906149967835162, 36.212826840310285 ], [ -81.90617551810135, 36.212928474983137 ], [ -81.90618088999571, 36.212946292351937 ], [ -81.9061878947076, 36.212963533288431 ], [ -81.906196471590917, 36.212980048522383 ], [ -81.906206546387892, 36.212995695066596 ], [ -81.906218031871987, 36.21301033745489 ], [ -81.906230828603043, 36.213023848914993 ], [ -81.906244825788306, 36.213036112466057 ], [ -81.906454534068502, 36.213203259534467 ], [ -81.906472124597499, 36.213215788892832 ], [ -81.906533910817927, 36.213254948926625 ], [ -81.906607554514537, 36.213301722973377 ], [ -81.906608428950449, 36.213302275194756 ], [ -81.906725720645866, 36.213375923411085 ], [ -81.906749100625703, 36.213388521703607 ], [ -81.90692481397717, 36.213468639635728 ], [ -81.906929808221577, 36.21347126952341 ], [ -81.906934080407026, 36.213474958319892 ], [ -81.907053500963585, 36.213590557071356 ], [ -81.907056511901018, 36.213593411752008 ], [ -81.907065169756919, 36.21360145141638 ], [ -81.907072422935556, 36.213608927538822 ], [ -81.90730971311271, 36.213880503907895 ], [ -81.907325335062779, 36.213896485383721 ], [ -81.90734264249852, 36.213910624180031 ], [ -81.907361419313744, 36.213922743755255 ], [ -81.907389601729861, 36.213938778032791 ], [ -81.907390382202038, 36.213939219766139 ], [ -81.907623666672521, 36.214070564918103 ], [ -81.90762782896617, 36.214073188462038 ], [ -81.907631038526375, 36.214076917590099 ], [ -81.90769503555552, 36.214159200633354 ], [ -81.907697788501608, 36.214163115188413 ], [ -81.9076997416648, 36.214167484125156 ], [ -81.907735536247401, 36.214259151053106 ], [ -81.907743270022848, 36.214276481276293 ], [ -81.90790876930393, 36.214604560453473 ], [ -81.907909214758661, 36.214605438127919 ], [ -81.907950399641351, 36.214686091877397 ], [ -81.907965374352955, 36.214710822540766 ], [ -81.908109079233, 36.214913482425146 ], [ -81.908117267902497, 36.214924240475014 ], [ -81.908212001375276, 36.215040336649452 ], [ -81.908214779182913, 36.215044089897418 ], [ -81.908215543279027, 36.215048696331976 ], [ -81.908216648212658, 36.215058088730643 ], [ -81.90821741854279, 36.215063901238793 ], [ -81.908285535226042, 36.215525783911573 ], [ -81.908289487131583, 36.215545590820859 ], [ -81.908295416565466, 36.215564898151769 ], [ -81.908303263057647, 36.215583509002727 ], [ -81.908335585691077, 36.215650505870812 ], [ -81.908345981774474, 36.215669382475184 ], [ -81.908358348513076, 36.215687030945915 ], [ -81.908384178956538, 36.21571996398508 ], [ -81.908385817504097, 36.215722025000709 ], [ -81.908467378694667, 36.215823240251538 ], [ -81.908597945110685, 36.215988545899592 ], [ -81.908617611739231, 36.216010024409684 ], [ -81.908801764983266, 36.216183842977877 ], [ -81.908804177320704, 36.216186198087065 ], [ -81.909004688220563, 36.216388665579821 ], [ -81.909007761032456, 36.216392074310122 ], [ -81.909007252493382, 36.216396635341027 ], [ -81.908990637659059, 36.216500940702971 ], [ -81.908989013132611, 36.216508993343076 ], [ -81.908966961581683, 36.216599037650141 ], [ -81.908964701118876, 36.216606870331972 ], [ -81.908839370755075, 36.216982862479092 ], [ -81.908837822940356, 36.216986908731201 ], [ -81.908835281179279, 36.216990416912651 ], [ -81.908630636532706, 36.217248404160244 ], [ -81.908626747864758, 36.217252756006729 ], [ -81.908622376639173, 36.217256622877912 ], [ -81.908509384685757, 36.217345335751105 ], [ -81.908505902073372, 36.217347834995074 ], [ -81.908501895756558, 36.21734935953971 ], [ -81.908040395830568, 36.217502538078676 ], [ -81.908035942794527, 36.217503790049363 ], [ -81.908031354865457, 36.217504195197456 ], [ -81.907941150994688, 36.217507993458504 ], [ -81.907940830289249, 36.217508007220445 ], [ -81.907762626686605, 36.217515797475784 ], [ -81.907758001281792, 36.217515784949732 ], [ -81.907753396936243, 36.217515343894945 ], [ -81.907498991362218, 36.217479000684449 ], [ -81.907413839449461, 36.217466835670422 ], [ -81.907393747318466, 36.217464993311864 ], [ -81.907373571803845, 36.21746518468472 ], [ -81.907353518235894, 36.21746740784134 ], [ -81.90733379070376, 36.217471640156219 ], [ -81.907314589978498, 36.217477838556242 ], [ -81.907296111469748, 36.217485939959047 ], [ -81.90726655499293, 36.217500718187637 ], [ -81.907246711327431, 36.217512102913687 ], [ -81.907228297627341, 36.217525679315884 ], [ -81.907125107407325, 36.217611288878778 ], [ -81.907111583818221, 36.21762359440234 ], [ -81.907099240552796, 36.217637083552468 ], [ -81.906985123478989, 36.21777385597742 ], [ -81.906975500622707, 36.217786360786469 ], [ -81.906966893498648, 36.217799585272388 ], [ -81.906864733441381, 36.217970978980532 ], [ -81.906854987743912, 36.217989460959856 ], [ -81.90684722341193, 36.218008858829023 ], [ -81.906770285292382, 36.218234599690831 ], [ -81.906764235737768, 36.218256273328088 ], [ -81.906760659120735, 36.218278489346488 ], [ -81.906750434205222, 36.218377083092705 ], [ -81.906749499386819, 36.218404982099315 ], [ -81.90675883999846, 36.218661841060644 ], [ -81.906759315421212, 36.218670149930105 ], [ -81.90676479652268, 36.218740310377555 ], [ -81.906767534949694, 36.218761163952117 ], [ -81.906772448225652, 36.218781614631169 ], [ -81.906779482013334, 36.218801436245265 ], [ -81.906788558524227, 36.218820409581944 ], [ -81.906799577378791, 36.218838324810058 ], [ -81.906878348136843, 36.218952475846777 ], [ -81.906887440394769, 36.218964637054391 ], [ -81.906897429082292, 36.21897607341073 ], [ -81.907022141882308, 36.219108369261406 ], [ -81.907035569798921, 36.219121343039085 ], [ -81.907050149082977, 36.219133008043492 ], [ -81.90737697409115, 36.219370356690675 ], [ -81.907386518850771, 36.219378235830924 ], [ -81.907443506213539, 36.219431546533833 ], [ -81.907444479918553, 36.219432451369684 ], [ -81.907479535536552, 36.219464811119117 ], [ -81.907482811263108, 36.219468133329023 ], [ -81.907485032794384, 36.219472236043138 ], [ -81.907534896356722, 36.219575655587704 ], [ -81.907536768347569, 36.219580070464843 ], [ -81.907537759253657, 36.21958476232961 ], [ -81.907560319149709, 36.219724634056725 ], [ -81.907564739485153, 36.219745134848537 ], [ -81.907592831056689, 36.219848721237419 ], [ -81.907593797922857, 36.219853035052807 ], [ -81.907594379012991, 36.219857417536957 ], [ -81.907608463109909, 36.22001798065979 ], [ -81.907608789796683, 36.22003003962417 ], [ -81.907605081797143, 36.220141267467838 ], [ -81.907604750411167, 36.220146723465255 ], [ -81.90760212305193, 36.220176501970251 ], [ -81.907601813690576, 36.220179493631079 ], [ -81.907595537602788, 36.220232397008758 ], [ -81.907594784553694, 36.220236935464072 ], [ -81.907592814571885, 36.220241092846599 ], [ -81.907565924101917, 36.220291646252164 ], [ -81.90755670666924, 36.220311532270244 ], [ -81.907549720659773, 36.220332307506752 ], [ -81.907545049978097, 36.220353722443427 ], [ -81.907542750720822, 36.220375519878971 ], [ -81.907521678047033, 36.220794348890628 ], [ -81.907522168057199, 36.220821618533265 ], [ -81.907547470284925, 36.221114402745243 ], [ -81.907549757719806, 36.221131865350188 ], [ -81.907553572532763, 36.221149059015644 ], [ -81.907594930595877, 36.221303051720682 ], [ -81.907596725630498, 36.221311022822356 ], [ -81.907614451190341, 36.221408092862994 ], [ -81.907621461178636, 36.221435411318588 ], [ -81.907685990647593, 36.22162899973678 ], [ -81.907720598154427, 36.221732820643375 ], [ -81.907721399286473, 36.22173517510376 ], [ -81.907744182194733, 36.221800791492768 ], [ -81.907745689527459, 36.221806051959383 ], [ -81.907746009747882, 36.221811514744317 ], [ -81.907746975018, 36.222093447400404 ], [ -81.907746592266221, 36.222102534929839 ], [ -81.907734269884386, 36.222242824170749 ], [ -81.907733510050406, 36.222249152647592 ], [ -81.907725124827195, 36.22230412187433 ], [ -81.907714657350368, 36.222368876054524 ], [ -81.907713820319259, 36.222372957790895 ], [ -81.907712641456314, 36.222376966177059 ], [ -81.907682955123818, 36.222464226959019 ], [ -81.907680655782499, 36.222469838505369 ], [ -81.907677690992671, 36.222475128727112 ], [ -81.907614359267569, 36.222573549171919 ], [ -81.907601242485654, 36.22259734390439 ], [ -81.907513218633895, 36.222786363647316 ], [ -81.907510840323482, 36.222791671070759 ], [ -81.90748420511899, 36.22285350384913 ], [ -81.907483780333195, 36.222854497353474 ], [ -81.907398883037459, 36.223054551452101 ], [ -81.907391982993715, 36.22307338568708 ], [ -81.907387004197645, 36.223092816348426 ], [ -81.907383996728328, 36.223112647993318 ], [ -81.907382990836325, 36.223132681145643 ], [ -81.90738299063382, 36.223223893267544 ], [ -81.907383251250906, 36.223234100518823 ], [ -81.907389085991994, 36.223348281923073 ], [ -81.90739076911386, 36.223365890893078 ], [ -81.907394001574033, 36.223383282268095 ], [ -81.907431123247306, 36.223543261057252 ], [ -81.90743184512408, 36.223547022099076 ], [ -81.907432276483803, 36.223550827420659 ], [ -81.907436897863775, 36.223612746121276 ], [ -81.907437100881552, 36.223615253637668 ], [ -81.90744289510765, 36.223681626917241 ], [ -81.907445443398899, 36.223700448051083 ], [ -81.9074497655198, 36.223718942594559 ], [ -81.907455822492508, 36.223736943759775 ], [ -81.907463559693895, 36.223754289208223 ], [ -81.907472907348179, 36.223770822514822 ], [ -81.907483781156117, 36.223786394578532 ], [ -81.907501501607342, 36.223809365433588 ], [ -81.907562084047214, 36.223889213151814 ], [ -81.907574639713431, 36.223904182667567 ], [ -81.907779161041844, 36.22412513898945 ], [ -81.907792584286412, 36.224138336727492 ], [ -81.907807188903305, 36.224150213972536 ], [ -81.907894696005968, 36.224214782628103 ], [ -81.907929719727818, 36.224240824411254 ], [ -81.90793790255097, 36.224247614217028 ], [ -81.908115920804306, 36.22441208709693 ], [ -81.908119951128143, 36.224416027044782 ], [ -81.908292713561167, 36.224594712519874 ], [ -81.908293270621442, 36.224595286378062 ], [ -81.908481517179453, 36.224788435211487 ], [ -81.908488094261543, 36.224795892257696 ], [ -81.908645509288363, 36.224993360178125 ], [ -81.908663835225369, 36.225013392604225 ], [ -81.90886555041709, 36.225205855062839 ], [ -81.908878952094369, 36.225217548884892 ], [ -81.90894013174649, 36.225266315012675 ], [ -81.908941858092277, 36.225267675631386 ], [ -81.909162927352909, 36.225439950299339 ], [ -81.909436720440937, 36.225653665978832 ], [ -81.9094407868198, 36.225657210604517 ], [ -81.909444446097893, 36.225661174149309 ], [ -81.909532463954847, 36.22576752960768 ], [ -81.909540699331302, 36.225779056631403 ], [ -81.909566691117874, 36.225821510311327 ], [ -81.909701099282159, 36.226043905552217 ], [ -81.909711626655863, 36.226059598465952 ], [ -81.909786941618009, 36.226161147352499 ], [ -81.909804426077969, 36.22618167130139 ], [ -81.909834653547307, 36.2262126543542 ], [ -81.909835329267977, 36.226213343630086 ], [ -81.910029063417596, 36.226410012554112 ], [ -81.910036449771454, 36.226418401637524 ], [ -81.910065925010215, 36.226455916238187 ], [ -81.910286768719487, 36.226737614166709 ], [ -81.910294439170357, 36.226748911067745 ], [ -81.910386556932323, 36.226906826735636 ], [ -81.910388779083675, 36.226911097449332 ], [ -81.910390578946163, 36.22691556258642 ], [ -81.910490241625993, 36.227201972483961 ], [ -81.91049171496654, 36.227207064660888 ], [ -81.91049263893791, 36.227212284553147 ], [ -81.910528881667034, 36.227507952066595 ], [ -81.910531918245155, 36.227525909197631 ], [ -81.910573468158361, 36.227717961931724 ], [ -81.910577015900529, 36.227731911077903 ], [ -81.910628777615756, 36.227908557866058 ], [ -81.91063597740488, 36.227928965167564 ], [ -81.910645339897542, 36.22794847513039 ], [ -81.910656755483529, 36.227966859344129 ], [ -81.910688584020079, 36.228012417954915 ], [ -81.910689401873924, 36.228013579799075 ], [ -81.910847383285827, 36.228236323228657 ], [ -81.910849815317619, 36.228240102214528 ], [ -81.910851897305804, 36.228244084781387 ], [ -81.91087783843841, 36.228299672167694 ], [ -81.910974063890947, 36.228507830974529 ], [ -81.910977528040519, 36.228516329002083 ], [ -81.911094057784567, 36.228844554394577 ], [ -81.911097284099256, 36.228855633445853 ], [ -81.911109658528773, 36.228909552090911 ], [ -81.911110344574581, 36.228912442725694 ], [ -81.911160832257366, 36.22911835208744 ], [ -81.911190498966278, 36.229242932759384 ], [ -81.911191395723392, 36.229247089906274 ], [ -81.911196879744693, 36.229275425605273 ], [ -81.911197095517238, 36.229276576577348 ], [ -81.911237070625504, 36.229496927780225 ], [ -81.911237716586712, 36.229501949746719 ], [ -81.911235331227331, 36.22950641600643 ], [ -81.911194057867249, 36.229574946634926 ], [ -81.911185683790066, 36.229590338882069 ], [ -81.911178689130452, 36.229606405032122 ], [ -81.91111874277577, 36.229762440920865 ], [ -81.911116782532517, 36.229766882499142 ], [ -81.91111399751918, 36.229770859165406 ], [ -81.910992097347048, 36.229927995695235 ], [ -81.910988813260502, 36.229931812977235 ], [ -81.910984827986141, 36.229934891037622 ], [ -81.910886835361936, 36.230002941345234 ], [ -81.91087463078351, 36.230010188714083 ], [ -81.910535517303771, 36.230180210786024 ], [ -81.910516636542397, 36.230190999542117 ], [ -81.910499038701928, 36.230203774377507 ], [ -81.910432458664076, 36.2302578699517 ], [ -81.910420435696622, 36.230268465752168 ], [ -81.910409299669681, 36.230279990145341 ], [ -81.910317671750292, 36.230382751579725 ], [ -81.910308691439454, 36.230393565282085 ], [ -81.91009445232126, 36.230670815145253 ], [ -81.91008928229094, 36.230676976534554 ], [ -81.909858685270549, 36.23093034780544 ], [ -81.909840922572059, 36.230952930919827 ], [ -81.909683990841359, 36.23118499997468 ], [ -81.909519042330388, 36.231428924050448 ], [ -81.909362605344768, 36.231660718365916 ], [ -81.909348975785306, 36.231684209807597 ], [ -81.90925688974373, 36.231871116561358 ], [ -81.909251483565953, 36.231883061953909 ], [ -81.909072929190245, 36.232314730665479 ], [ -81.909070941740666, 36.23231922010585 ], [ -81.908918098468817, 36.232642773380029 ], [ -81.908917884781857, 36.232643227205763 ], [ -81.908770690246016, 36.232956857049068 ], [ -81.908760964844546, 36.232981795167476 ], [ -81.908721358217775, 36.23310765760661 ], [ -81.908719806728271, 36.233111902748988 ], [ -81.908717167635032, 36.233115572018974 ], [ -81.908587163605503, 36.233279988051144 ], [ -81.908580426344074, 36.233287666862857 ], [ -81.908518466105249, 36.233351397842519 ], [ -81.908508964335383, 36.233359992513257 ], [ -81.908344183147449, 36.2334908480045 ], [ -81.908270425384686, 36.233549126274767 ], [ -81.908256145262641, 36.233561551044922 ], [ -81.90816395489189, 36.233649767292128 ], [ -81.908148049920626, 36.233666874600409 ], [ -81.908134248038166, 36.233685719656748 ], [ -81.907975816126296, 36.233930892091387 ], [ -81.907961984599055, 36.23395610582844 ], [ -81.907958720058431, 36.23396322798834 ], [ -81.907955420193773, 36.23397084021331 ], [ -81.907948826731626, 36.233986958376981 ], [ -81.907947067269035, 36.233991002596028 ], [ -81.907919030047651, 36.234051748951892 ], [ -81.907917008111141, 36.234056276418613 ], [ -81.907905610686171, 36.234082671223945 ], [ -81.90789965093866, 36.234098222224439 ], [ -81.907895005653799, 36.234114215145858 ], [ -81.907855832671316, 36.234273576246288 ], [ -81.907854270662313, 36.234280451292001 ], [ -81.907813404726085, 36.234476229950502 ], [ -81.907811049402838, 36.234489851900271 ], [ -81.907779403921111, 36.234719995074819 ], [ -81.907778668851421, 36.234726016156834 ], [ -81.907752113829261, 36.234974847747417 ], [ -81.907751841109715, 36.234977149989042 ], [ -81.907725666112157, 36.23517814057891 ], [ -81.907723991400047, 36.235203968095924 ], [ -81.907723990943381, 36.235445359246917 ], [ -81.90772393710418, 36.235448639944039 ], [ -81.907711140162831, 36.235838448826456 ], [ -81.907710784874709, 36.235842974413529 ], [ -81.907710019538101, 36.235847448944376 ], [ -81.907681260972609, 36.235979185010713 ], [ -81.907678040330907, 36.235990624221103 ], [ -81.907613737474151, 36.236175966334635 ], [ -81.907610514891601, 36.236186120511071 ], [ -81.90758781764859, 36.236264852469226 ], [ -81.907583482467089, 36.23628304790595 ], [ -81.907580866088864, 36.236301568766649 ], [ -81.907579991398563, 36.236320253055048 ], [ -81.907579991185699, 36.236509630155709 ], [ -81.907580104711371, 36.23651636813802 ], [ -81.907585021120056, 36.236662221353583 ], [ -81.907586569992233, 36.236681216757034 ], [ -81.907589919890626, 36.236699978487707 ], [ -81.907595040396103, 36.236718336177674 ], [ -81.907728869272702, 36.237122610961691 ], [ -81.907731233547139, 36.23712934755703 ], [ -81.907765692785745, 36.237222195443401 ], [ -81.907808911353953, 36.237341781102309 ], [ -81.907809074391466, 36.237342230545337 ], [ -81.907878497812646, 36.23753289782826 ], [ -81.907879802198622, 36.237537033280638 ], [ -81.907879991410823, 36.237541365437814 ], [ -81.907879991435294, 36.237874704077129 ], [ -81.907879992309617, 36.23787529544056 ], [ -81.907880973967465, 36.238207283904302 ], [ -81.907880666885177, 36.238212945069726 ], [ -81.90787908494714, 36.238218389385018 ], [ -81.907795899495881, 36.238453605385885 ], [ -81.907792395313948, 36.238464495078318 ], [ -81.907743335843435, 36.23863337240445 ], [ -81.907741790318113, 36.238637871231901 ], [ -81.907738335891452, 36.238641141558006 ], [ -81.907612189709184, 36.238749533264347 ], [ -81.907601229940823, 36.238757715826289 ], [ -81.907473442047888, 36.238840129659742 ], [ -81.90746426116975, 36.238845384415583 ], [ -81.907351184787856, 36.238902382151991 ], [ -81.907345875132648, 36.238904682016504 ], [ -81.907340334500176, 36.23890635031087 ], [ -81.907196021328772, 36.238940799360826 ], [ -81.907190955777708, 36.238941734839962 ], [ -81.907185820719121, 36.238942142395246 ], [ -81.906791240805177, 36.238952993385048 ], [ -81.90639109334353, 36.238962997493921 ], [ -81.906100295428345, 36.2389699689842 ], [ -81.906097686573631, 36.238970048564028 ], [ -81.905995730642132, 36.238973824646962 ], [ -81.905991004343974, 36.238973775505293 ], [ -81.905986303935691, 36.238973279045737 ], [ -81.905859998096147, 36.238953847679895 ], [ -81.905835849483083, 36.238951620157408 ], [ -81.905437829065889, 36.238939151303001 ], [ -81.905428152378477, 36.238939082382167 ], [ -81.905023235240847, 36.238945995983251 ], [ -81.904617066212367, 36.238951940598341 ], [ -81.904608921130176, 36.238952225885427 ], [ -81.904111698359458, 36.238979794245367 ], [ -81.904104278675035, 36.238979929759033 ], [ -81.903855134117691, 36.238975229366822 ], [ -81.903830908632443, 36.238976242337955 ], [ -81.903415014601762, 36.23901899775592 ], [ -81.90298821456463, 36.239062977148762 ], [ -81.902610560859998, 36.23910103580414 ], [ -81.902591558363397, 36.239103878424309 ], [ -81.902375348431846, 36.239146929000675 ], [ -81.902374635106867, 36.239147072383631 ], [ -81.90225634128042, 36.239171074160872 ], [ -81.902237277598388, 36.239175929382512 ], [ -81.902218783123843, 36.239182633975041 ], [ -81.901964740843908, 36.239289139310841 ], [ -81.901946483583885, 36.239297905433595 ], [ -81.901929206482023, 36.23930847303518 ], [ -81.901788150073557, 36.239404891639182 ], [ -81.901622205453165, 36.239517853866914 ], [ -81.901300220704869, 36.239735814173038 ], [ -81.901296916443542, 36.239737867782281 ], [ -81.90129346209271, 36.239739657824479 ], [ -81.901100827768545, 36.239830137146839 ], [ -81.901097120770046, 36.23983178734138 ], [ -81.90106466082095, 36.239845454853835 ], [ -81.901057385811654, 36.239848690008209 ], [ -81.900869276535587, 36.239936866778962 ], [ -81.900766327113857, 36.23998473015952 ], [ -81.900744397392117, 36.239996642873024 ], [ -81.900394086303251, 36.240216297785231 ], [ -81.900376559127139, 36.240228644109209 ], [ -81.900231768682957, 36.240342720729615 ], [ -81.900220369998436, 36.240352414034327 ], [ -81.900209727909655, 36.240362932404508 ], [ -81.899943991600935, 36.240645999938508 ], [ -81.899670253548905, 36.240937590153081 ], [ -81.899665808584004, 36.240942484673518 ], [ -81.89945103375733, 36.241186982644777 ], [ -81.899437841574425, 36.241203721108391 ], [ -81.899226918891614, 36.241502848113448 ], [ -81.899220657716739, 36.241510833609738 ], [ -81.899148754100565, 36.241593522946815 ], [ -81.89913848730005, 36.241603730542209 ], [ -81.898775871132486, 36.241915383812412 ], [ -81.898772032650328, 36.241918520782626 ], [ -81.89856936934035, 36.242075930196421 ], [ -81.898566577453451, 36.242078021620316 ], [ -81.89840931176002, 36.242191602565789 ], [ -81.89840590454169, 36.242193857008225 ], [ -81.898402324300946, 36.242195825134907 ], [ -81.898206644001675, 36.242293183203714 ], [ -81.898202929370925, 36.24229484598051 ], [ -81.898199091583948, 36.242296200491054 ], [ -81.897813060214617, 36.242414978890523 ], [ -81.897426135796209, 36.242533728223144 ], [ -81.897417752777642, 36.242535908422347 ], [ -81.897261206493752, 36.242569454046802 ], [ -81.897242155529042, 36.242574530223052 ], [ -81.897223696922154, 36.242581457463054 ], [ -81.897206010047782, 36.242590168450178 ], [ -81.897189266781126, 36.242600578533917 ], [ -81.897173629827734, 36.242612586552511 ], [ -81.897095200521434, 36.242679209627276 ], [ -81.897081365406251, 36.242692138256899 ], [ -81.897068814989495, 36.242706317358262 ], [ -81.897057661773061, 36.242721619829943 ], [ -81.897048005734362, 36.242737908500629 ], [ -81.897039933430079, 36.242755037358727 ], [ -81.897033517220336, 36.242772852861215 ], [ -81.897028814620015, 36.24279119530997 ], [ -81.897025867783199, 36.242809900283348 ], [ -81.897024703125339, 36.242828800110019 ], [ -81.897024036074271, 36.242875812253416 ], [ -81.897023742530465, 36.242882179338324 ], [ -81.897022583847644, 36.242897012996508 ], [ -81.89702199265173, 36.242915131116106 ], [ -81.897023044401834, 36.242933228342196 ], [ -81.897025730457386, 36.242951155998924 ], [ -81.897030028751402, 36.242968766803536 ], [ -81.897035903971698, 36.242985916076314 ], [ -81.897096383069751, 36.243139383656882 ], [ -81.89710206151544, 36.243152415089284 ], [ -81.897187671256248, 36.243331242779462 ], [ -81.897190140603954, 36.243336833577217 ], [ -81.897387749596234, 36.243824009559241 ], [ -81.897394907915128, 36.243839682702635 ], [ -81.897516626987937, 36.244078402753345 ], [ -81.897523833380291, 36.244091330567137 ], [ -81.897648703552818, 36.244297051359283 ], [ -81.897659775355393, 36.244313411683017 ], [ -81.897672407136994, 36.244328599938292 ], [ -81.897921815269171, 36.244600015130708 ], [ -81.897941429918333, 36.244618655225857 ], [ -81.898202033751147, 36.244834719433307 ], [ -81.898205791842756, 36.244838175918503 ], [ -81.898208765323389, 36.244842326696563 ], [ -81.898441031631776, 36.245204504535785 ], [ -81.898442976521778, 36.245207478760584 ], [ -81.898547731486588, 36.245364609794791 ], [ -81.898548253414845, 36.245365388717964 ], [ -81.898677744880516, 36.245557664982293 ], [ -81.898682369212267, 36.245564242141015 ], [ -81.898887953128806, 36.245844496090378 ], [ -81.898895241800034, 36.245856002105619 ], [ -81.898928538743334, 36.245917472288625 ], [ -81.898933673530124, 36.245926395404602 ], [ -81.899083032970651, 36.246171152715057 ], [ -81.899085698241635, 36.246176135894736 ], [ -81.899087781764862, 36.246181388958298 ], [ -81.899188264869196, 36.246483769004797 ], [ -81.899194744873441, 36.246500671313576 ], [ -81.899202726587234, 36.246516918490016 ], [ -81.899328118393072, 36.246745409583077 ], [ -81.899329806133437, 36.246748621869351 ], [ -81.899428737759621, 36.246945515290506 ], [ -81.899430750539096, 36.246950078258713 ], [ -81.899431813207755, 36.246954950905867 ], [ -81.899472062643341, 36.247197344581686 ], [ -81.899477365816452, 36.247220599272175 ], [ -81.899485399663391, 36.247243057268044 ], [ -81.899535346503939, 36.247360144271333 ], [ -81.899536824460171, 36.247364055469568 ], [ -81.899537969729408, 36.247368076686548 ], [ -81.899596098685194, 36.24761028100415 ], [ -81.899598025382602, 36.247617682329135 ], [ -81.899703943719373, 36.247994831397541 ], [ -81.89980911015688, 36.248371842285088 ], [ -81.899810662996146, 36.248378208315813 ], [ -81.899833095976987, 36.248485307302843 ], [ -81.899838379532412, 36.2485053116175 ], [ -81.899845701521087, 36.248524663026863 ], [ -81.89985498358152, 36.24854315442802 ], [ -81.89986612637513, 36.248560587922036 ], [ -81.899879010649329, 36.248576776931912 ], [ -81.899893498513876, 36.248591548199414 ], [ -81.899909434916538, 36.24860474363927 ], [ -81.899926649302515, 36.248616222031053 ], [ -81.899944957439772, 36.248625860530566 ], [ -81.900011271445919, 36.248656501922966 ], [ -81.900026611004179, 36.248662831449188 ], [ -81.900042422475337, 36.248667867551816 ], [ -81.900058597011281, 36.248671575561687 ], [ -81.9005592651867, 36.248764679168204 ], [ -81.900562705543436, 36.248765381641789 ], [ -81.900906780683087, 36.248841953845428 ], [ -81.900907200695784, 36.248842046843194 ], [ -81.901251991546545, 36.248918000346663 ], [ -81.901596884922952, 36.248993976753901 ], [ -81.90187645203244, 36.249055880688545 ], [ -81.901938469760282, 36.249069972703474 ], [ -81.901947564560274, 36.249071818480758 ], [ -81.902378991483985, 36.249149000452753 ], [ -81.90281243361629, 36.249226542586499 ], [ -81.902817520458129, 36.249227589640341 ], [ -81.90318199595032, 36.249312535268963 ], [ -81.903185965312559, 36.24931354652886 ], [ -81.903385169470326, 36.249368665876119 ], [ -81.903389864749613, 36.249370221668464 ], [ -81.903393582939813, 36.24937348375353 ], [ -81.903487557853282, 36.249464639562817 ], [ -81.903492259958213, 36.249469520679064 ], [ -81.903579504787587, 36.249566459062272 ], [ -81.903623664718367, 36.249616249357153 ], [ -81.90362674598444, 36.249620096817587 ], [ -81.903627072759306, 36.249624575447903 ], [ -81.903629468440187, 36.249644106838488 ], [ -81.903633771869565, 36.24966330827074 ], [ -81.903639941388676, 36.249681993867831 ], [ -81.903647917274355, 36.249699982746421 ], [ -81.903657622317112, 36.249717100767626 ], [ -81.903668962568631, 36.249733182222791 ], [ -81.903681828251166, 36.249748071437615 ], [ -81.903696094820233, 36.249761624279088 ], [ -81.90370324221621, 36.249767774307422 ], [ -81.903706727170842, 36.249771086457393 ], [ -81.903705875340364, 36.249775818225523 ], [ -81.903686232440094, 36.249860641763796 ], [ -81.903684705828312, 36.249865900130132 ], [ -81.903682611284083, 36.249870959166103 ], [ -81.903658539930618, 36.249921107200421 ], [ -81.903650963781928, 36.249939090614419 ], [ -81.903645176259772, 36.249957726756598 ], [ -81.903641232461553, 36.249976838210323 ], [ -81.903639169932347, 36.249996243033983 ], [ -81.903639008307493, 36.250015756493063 ], [ -81.903639797238228, 36.25003521496123 ], [ -81.903639762602765, 36.250039918908293 ], [ -81.903636812936355, 36.250043583302364 ], [ -81.903585058332425, 36.250101925002802 ], [ -81.903577231908386, 36.250110729633832 ], [ -81.903565867445323, 36.250124739042313 ], [ -81.903555811519766, 36.250139715454033 ], [ -81.903547145940323, 36.25015553703043 ], [ -81.903539941204642, 36.250172075057236 ], [ -81.903518818764198, 36.250227229245226 ], [ -81.903514687367135, 36.250236560194885 ], [ -81.903476222343045, 36.250312679674842 ], [ -81.903467977988797, 36.250331291553096 ], [ -81.903461668210369, 36.250350645056272 ], [ -81.903457358372577, 36.250370539695936 ], [ -81.903455093122261, 36.250390769377844 ], [ -81.903454895925762, 36.25041112453696 ], [ -81.903456768825933, 36.250431394308393 ], [ -81.903460692420836, 36.250451368711815 ], [ -81.903466626064855, 36.250470840826694 ], [ -81.903474508289662, 36.250489608935844 ], [ -81.903484257441079, 36.250507478615077 ], [ -81.903495772524835, 36.250524264747298 ], [ -81.903508934252912, 36.250539793440197 ], [ -81.903646650201708, 36.25068644178689 ], [ -81.903652970243002, 36.250693866557434 ], [ -81.903912031041472, 36.251030158026666 ], [ -81.903914785069432, 36.251034116112642 ], [ -81.903916724449104, 36.251038530852007 ], [ -81.903957032636782, 36.251143882720321 ], [ -81.903958694885361, 36.251149060477573 ], [ -81.903959191920237, 36.251154475752003 ], [ -81.903963822024551, 36.251280413092402 ], [ -81.903963780187851, 36.251284988432403 ], [ -81.903963319171012, 36.251289540678989 ], [ -81.903943680705424, 36.251422336461147 ], [ -81.903942781212876, 36.251426915767922 ], [ -81.903940258762489, 36.251430842137829 ], [ -81.903620520052797, 36.251880443817846 ], [ -81.903617846139966, 36.251883876306444 ], [ -81.903614883272326, 36.251887062715248 ], [ -81.903549414146127, 36.251951583944859 ], [ -81.90340487663191, 36.252092347769057 ], [ -81.903388241593632, 36.252110687969854 ], [ -81.903192141294625, 36.25235581270767 ], [ -81.903191842306782, 36.252356187360988 ], [ -81.902992829925324, 36.252606178085735 ], [ -81.902985456518394, 36.252616049619895 ], [ -81.902891214073861, 36.252750680720148 ], [ -81.902855238421822, 36.25280165020456 ], [ -81.902854743004184, 36.252802355320547 ], [ -81.902743435644041, 36.252961504203277 ], [ -81.902738697245809, 36.252968596590826 ], [ -81.902656345570449, 36.253097739091565 ], [ -81.902649970592464, 36.253108459578613 ], [ -81.902628737382429, 36.253146842500271 ], [ -81.902625358899911, 36.25315321864533 ], [ -81.902518230768365, 36.253364527818462 ], [ -81.902429415805628, 36.253537438292213 ], [ -81.90241985253823, 36.2535591321748 ], [ -81.902357054523051, 36.253728069694859 ], [ -81.90235022628336, 36.253750328191281 ], [ -81.902332983267527, 36.253820967499145 ], [ -81.902329474269848, 36.253838840191996 ], [ -81.902327605792465, 36.253856958001094 ], [ -81.902327393331859, 36.253875170663584 ], [ -81.902328838650106, 36.253893327129909 ], [ -81.902331929760265, 36.253911276816602 ], [ -81.902357054865263, 36.254025734242887 ], [ -81.902357799120395, 36.254030007846808 ], [ -81.902357411099189, 36.254034328384066 ], [ -81.902345673423966, 36.254121905094912 ], [ -81.902344736011344, 36.254126924643842 ], [ -81.902342793724557, 36.254131647158111 ], [ -81.902295121825347, 36.254232493016488 ], [ -81.902292795987492, 36.254236838555236 ], [ -81.902288965444228, 36.25423994019495 ], [ -81.902208482187774, 36.254298719627464 ], [ -81.902203851642042, 36.254301721691519 ], [ -81.902198672956985, 36.254303628406866 ], [ -81.902048644790085, 36.254349574482426 ], [ -81.902044013803007, 36.254350749647443 ], [ -81.902039676560037, 36.254348745806922 ], [ -81.901870639449385, 36.254260429390378 ], [ -81.901866155411227, 36.254257778577355 ], [ -81.90186232161399, 36.254254252190115 ], [ -81.901684316451039, 36.254072397509589 ], [ -81.901681181429183, 36.254068874370461 ], [ -81.90167916417289, 36.254064611560537 ], [ -81.90159045693774, 36.253851520042801 ], [ -81.901587798736387, 36.253844378869175 ], [ -81.901534278439016, 36.253681909675599 ], [ -81.901531543247842, 36.253674147750672 ], [ -81.901466415310807, 36.253500791656101 ], [ -81.901465148719211, 36.253496955193192 ], [ -81.90146419665858, 36.253493028835763 ], [ -81.901421604457269, 36.253280064455438 ], [ -81.901420283267271, 36.253273956269894 ], [ -81.901385004184476, 36.253122355395355 ], [ -81.901384188804343, 36.253117972475593 ], [ -81.90138376806128, 36.25311353425456 ], [ -81.901367309149805, 36.252783371220225 ], [ -81.901366268534687, 36.252770661763527 ], [ -81.901340281980552, 36.252542852045188 ], [ -81.901337189090029, 36.252523884903603 ], [ -81.901332290062044, 36.252505302170846 ], [ -81.901325630129165, 36.252487275420563 ], [ -81.90125056802276, 36.25231070070037 ], [ -81.901242483202594, 36.252293902927171 ], [ -81.901232869472736, 36.252277930898508 ], [ -81.901221810359559, 36.252262923383149 ], [ -81.901209401947256, 36.252249010769958 ], [ -81.90119575204308, 36.252236313935022 ], [ -81.901166092218688, 36.25221119879869 ], [ -81.901149561802953, 36.252198615168631 ], [ -81.901131815206242, 36.252187814210558 ], [ -81.901113043915402, 36.252178912467464 ], [ -81.90109345047378, 36.252172005989685 ], [ -81.90107324629578, 36.252167169298524 ], [ -81.90105264938569, 36.252164454582172 ], [ -81.901031881985404, 36.252163891132575 ], [ -81.900996029602538, 36.252164781752427 ], [ -81.900976846399843, 36.252166183473697 ], [ -81.900957886559922, 36.252169421460401 ], [ -81.900939325442366, 36.252174465764391 ], [ -81.900921334718987, 36.25218126973089 ], [ -81.90090408078602, 36.25218977043 ], [ -81.900831252331443, 36.25223011466425 ], [ -81.900816231418943, 36.252239322852191 ], [ -81.90080207918524, 36.252249817270624 ], [ -81.900788905458199, 36.252261516477994 ], [ -81.900752184068935, 36.252297141603911 ], [ -81.900741446450311, 36.252308401907896 ], [ -81.900731616672772, 36.252320462852026 ], [ -81.900672381003346, 36.252399211045805 ], [ -81.900662187686805, 36.252414118420219 ], [ -81.900653380626295, 36.252429884497694 ], [ -81.900646031628739, 36.252446380732081 ], [ -81.900627330848508, 36.252494038056511 ], [ -81.90062190997736, 36.252505613946944 ], [ -81.900554827990987, 36.252627830922911 ], [ -81.900549462947097, 36.252638327536076 ], [ -81.900461547780182, 36.25282361193851 ], [ -81.900455811240164, 36.25283404662482 ], [ -81.900377634937328, 36.252958109586345 ], [ -81.900367881020813, 36.252975443900965 ], [ -81.900359897115962, 36.252993661327075 ], [ -81.900324523905255, 36.253086706031276 ], [ -81.900318396599133, 36.253105598177051 ], [ -81.900312498162506, 36.253127423252849 ], [ -81.900307982302266, 36.253148642446696 ], [ -81.900305791310345, 36.253170225929637 ], [ -81.900305950966342, 36.253191919746527 ], [ -81.900308459391724, 36.253213468644027 ], [ -81.900339369897608, 36.253393381242141 ], [ -81.900340745866899, 36.253400593945386 ], [ -81.900355889698488, 36.253472753692961 ], [ -81.900357524235446, 36.253483334738675 ], [ -81.900365321199317, 36.253561303761167 ], [ -81.900365756205161, 36.253574725297497 ], [ -81.900363167582427, 36.253648931476114 ], [ -81.900362738015929, 36.253653938892626 ], [ -81.900360828119901, 36.253658587660574 ], [ -81.900331851909527, 36.253720053691112 ], [ -81.900329826965404, 36.253723904199362 ], [ -81.900327173280246, 36.2537273307235 ], [ -81.900231104909935, 36.253840865945442 ], [ -81.900230878474062, 36.253841134027788 ], [ -81.900191260726203, 36.253888121896985 ], [ -81.900187811863816, 36.253891814964256 ], [ -81.900184006778389, 36.253895139828479 ], [ -81.900040386613028, 36.254008324317027 ], [ -81.900036888377613, 36.254010844013358 ], [ -81.900033185642798, 36.254013052242627 ], [ -81.89973583609607, 36.254173387619673 ], [ -81.899730907404461, 36.254175704874605 ], [ -81.899725493632644, 36.254176298799685 ], [ -81.899381442939557, 36.25419497594298 ], [ -81.89938053996093, 36.254195027010049 ], [ -81.899369806221145, 36.254195658396576 ], [ -81.899358175688533, 36.254195664443813 ], [ -81.899143143357719, 36.254183240052512 ], [ -81.899134873077173, 36.254182416094537 ], [ -81.898723690360413, 36.254124099361547 ], [ -81.898722293886237, 36.254123891236922 ], [ -81.898705508868773, 36.254121268411041 ], [ -81.898676298263879, 36.254118877462844 ], [ -81.898572572942058, 36.254118013043481 ], [ -81.898569410231417, 36.254117936638536 ], [ -81.8984499855748, 36.254113160311043 ], [ -81.898441993098018, 36.254113000546809 ], [ -81.898292316759807, 36.25411300052415 ], [ -81.898287666971243, 36.254113054582085 ], [ -81.898248637474026, 36.254113962216046 ], [ -81.898245344222346, 36.254113984552497 ], [ -81.897867440929318, 36.25411032402333 ], [ -81.897845378984115, 36.254111329731501 ], [ -81.897823562430531, 36.254114761766523 ], [ -81.897802257289172, 36.254120578279803 ], [ -81.897734991868006, 36.254143000439122 ], [ -81.897671565068137, 36.254164142405891 ], [ -81.89765175530556, 36.254171939925392 ], [ -81.897632886608704, 36.25418179894578 ], [ -81.897615172773129, 36.254193607757443 ], [ -81.897598814508981, 36.254207232558279 ], [ -81.897366392410646, 36.254422773021965 ], [ -81.897361447325665, 36.254427066273287 ], [ -81.897065341858337, 36.254667591805863 ], [ -81.89704584777985, 36.254685707823896 ], [ -81.896796130447143, 36.254950852652016 ], [ -81.896795852099416, 36.25495114879832 ], [ -81.896683709867744, 36.255070705007263 ], [ -81.89666752218595, 36.25509032751539 ], [ -81.896515674772417, 36.255300289873084 ], [ -81.896510481104116, 36.255307828797257 ], [ -81.896346421548614, 36.255558041654481 ], [ -81.896335134191162, 36.255577577313936 ], [ -81.896326118970833, 36.255598259969254 ], [ -81.896197021475999, 36.255946917653375 ], [ -81.896078165617865, 36.256268783847382 ], [ -81.896072055545716, 36.25628836740907 ], [ -81.896067983717543, 36.25630847385294 ], [ -81.896065992973945, 36.256328891634652 ], [ -81.896066104259987, 36.256349405934188 ], [ -81.896068316404794, 36.256369800916055 ], [ -81.896069997702355, 36.256380262313144 ], [ -81.896074085904914, 36.256399565870787 ], [ -81.896080056354492, 36.25641837263737 ], [ -81.896087850937647, 36.256436499556898 ], [ -81.896097393785624, 36.256453770190646 ], [ -81.896108592012936, 36.256470016434605 ], [ -81.896180201074003, 36.256563659360161 ], [ -81.896196046746695, 36.256581967797068 ], [ -81.896213988767769, 36.256598227196967 ], [ -81.896310819837225, 36.256675839714873 ], [ -81.89632650697483, 36.256687210636812 ], [ -81.896343220759249, 36.256697010308351 ], [ -81.896708516080579, 36.256888044909537 ], [ -81.89672794059166, 36.256896916609385 ], [ -81.897032635113774, 36.257016860273374 ], [ -81.897329869635243, 36.257135184845936 ], [ -81.897347230907727, 36.257141188085896 ], [ -81.897365069759971, 36.257145573062829 ], [ -81.897674646061304, 36.257206746640691 ], [ -81.897687121392991, 36.25721006194329 ], [ -81.89778958671792, 36.25724451889208 ], [ -81.897793875229198, 36.257246186493255 ], [ -81.89779726525208, 36.257249297757767 ], [ -81.897928548130452, 36.257381531852126 ], [ -81.897931757126841, 36.257385096605908 ], [ -81.89793199136831, 36.257389887248792 ], [ -81.897931990682054, 36.257516924715162 ], [ -81.897931736913407, 36.257521920658263 ], [ -81.89792908730432, 36.257526163701804 ], [ -81.897882136663782, 36.257593489307212 ], [ -81.897878773675686, 36.257597787453328 ], [ -81.897874554075571, 36.257601248482139 ], [ -81.897770953515703, 36.257677099153881 ], [ -81.897766888824677, 36.257679778992348 ], [ -81.897762221197112, 36.257681163370108 ], [ -81.897521870731623, 36.257739786014334 ], [ -81.897520113761828, 36.257740222982733 ], [ -81.897379419868841, 36.257775891327135 ], [ -81.896958601332599, 36.257880599813419 ], [ -81.896955369129799, 36.257881347319 ], [ -81.896625051627908, 36.257951987121444 ], [ -81.89631507784037, 36.258018477448779 ], [ -81.896294354860672, 36.258024101493582 ], [ -81.896274354258921, 36.258031914796142 ], [ -81.896004921886501, 36.258154222466331 ], [ -81.895990317629227, 36.258161586470059 ], [ -81.895976363925271, 36.258170119173471 ], [ -81.895900694542078, 36.258220754906887 ], [ -81.895884217789799, 36.258233052213107 ], [ -81.895869090580405, 36.258246976100551 ], [ -81.895855472773349, 36.258262379426057 ], [ -81.895843508277238, 36.258279099412256 ], [ -81.895833323529004, 36.258296959367719 ], [ -81.895809956385875, 36.258343323088297 ], [ -81.895802753604073, 36.258359324951471 ], [ -81.895796981216108, 36.258375896590742 ], [ -81.895792683660673, 36.258392910429457 ], [ -81.895789894022457, 36.258410235486728 ], [ -81.895787464414937, 36.25843112948791 ], [ -81.895786152274184, 36.258450977001814 ], [ -81.895786818099296, 36.258470856694927 ], [ -81.895789455304495, 36.258490571934473 ], [ -81.895797286645447, 36.258532952952891 ], [ -81.895801985702747, 36.258552709150727 ], [ -81.895808663930467, 36.258571886996464 ], [ -81.895836326885743, 36.25863998018351 ], [ -81.89584451489057, 36.258657622476164 ], [ -81.895986934799723, 36.258929080403774 ], [ -81.895988801038555, 36.258933055752564 ], [ -81.895989170948042, 36.258937423180285 ], [ -81.895996818931366, 36.259125758759311 ], [ -81.895996811080195, 36.259129991982711 ], [ -81.895996089471126, 36.259134147787783 ], [ -81.895977918701931, 36.259217734481787 ], [ -81.89597569571832, 36.259226168781844 ], [ -81.895955683494847, 36.259290554755367 ], [ -81.895953693047389, 36.259295869207534 ], [ -81.895951110858746, 36.259300922679969 ], [ -81.895901351169599, 36.25938596581458 ], [ -81.895898818831867, 36.25938986380622 ], [ -81.895895606219312, 36.259393223299277 ], [ -81.895819904937554, 36.259465319785001 ], [ -81.895810404916688, 36.259475002697208 ], [ -81.895674672766248, 36.259623074693401 ], [ -81.895669426774205, 36.259629030677488 ], [ -81.895605391075321, 36.259704709013675 ], [ -81.895592194407939, 36.259722157345884 ], [ -81.895580982404653, 36.259740942640896 ], [ -81.895571889216043, 36.25976084013439 ], [ -81.895532891576892, 36.259860221232159 ], [ -81.895526596237062, 36.259878931245417 ], [ -81.895522176058094, 36.259898170733919 ], [ -81.89551967410317, 36.259917752258922 ], [ -81.895503808759514, 36.260121499988244 ], [ -81.895503280878032, 36.260142529115541 ], [ -81.895508390540229, 36.260328176558275 ], [ -81.89551016828608, 36.26034983913668 ], [ -81.895514286279735, 36.260371180875396 ], [ -81.895555402870201, 36.260535647948096 ], [ -81.895561449350964, 36.26055542529302 ], [ -81.895569505845515, 36.260574472502725 ], [ -81.895579486209115, 36.260592585913351 ], [ -81.895730261320907, 36.260835589698416 ], [ -81.895741279691435, 36.2608515625124 ], [ -81.895753794100997, 36.260866392375135 ], [ -81.895767686746694, 36.26087993968747 ], [ -81.895782826851715, 36.260892076923376 ], [ -81.895939751578481, 36.26100582689709 ], [ -81.896007444338522, 36.261055201198054 ], [ -81.896025578637534, 36.261066981157946 ], [ -81.896044878754779, 36.261076734399943 ], [ -81.896468818022072, 36.261262924144027 ], [ -81.896909050101215, 36.261457260001663 ], [ -81.896912901996771, 36.261459162610791 ], [ -81.896916575959693, 36.261461389636892 ], [ -81.896939989452449, 36.261476999070481 ], [ -81.897007394057312, 36.261521935059804 ], [ -81.897011781231441, 36.261525223621454 ], [ -81.897015341044536, 36.261529393713559 ], [ -81.897086209765334, 36.261622351601304 ], [ -81.897088798696686, 36.261626091468621 ], [ -81.897089869633504, 36.261630502355885 ], [ -81.897104086953505, 36.261703363773542 ], [ -81.897104767902647, 36.261708011455831 ], [ -81.897104563943756, 36.261712704327415 ], [ -81.897097106014172, 36.26179473938209 ], [ -81.897096844829605, 36.261797258184799 ], [ -81.897085601722651, 36.2618937572676 ], [ -81.897083831223341, 36.261904148984542 ], [ -81.89706110138485, 36.262005071671837 ], [ -81.897059759643938, 36.262009881615555 ], [ -81.897056634757732, 36.262013776601194 ], [ -81.896888022843257, 36.262203464242077 ], [ -81.896883746709875, 36.262207723981 ], [ -81.896878986374986, 36.262211434763074 ], [ -81.896833126083635, 36.262242907469293 ], [ -81.896681992230313, 36.262346263932606 ], [ -81.896677878057659, 36.262348794044904 ], [ -81.896673538223482, 36.262350914209478 ], [ -81.896347893660533, 36.262490892975478 ], [ -81.896337891598691, 36.262494573741186 ], [ -81.895886182392246, 36.262633941469367 ], [ -81.895885801081789, 36.262634059533539 ], [ -81.895430736056568, 36.262775457961354 ], [ -81.89542722789362, 36.262776478129403 ], [ -81.89509726153409, 36.262865927377241 ], [ -81.895096721173942, 36.262866074673809 ], [ -81.894782566396003, 36.262952182748158 ], [ -81.894765281480247, 36.262957776013501 ], [ -81.894748575426206, 36.262964914689 ], [ -81.894440078405921, 36.263113654365014 ], [ -81.894418642464998, 36.263125665235265 ], [ -81.894319869744251, 36.263189281797928 ], [ -81.894302763701972, 36.263201622284335 ], [ -81.894152981565526, 36.263322178572828 ], [ -81.894141387973136, 36.263332268035086 ], [ -81.893913146612576, 36.263546854541474 ], [ -81.893715615752811, 36.263731777952216 ], [ -81.893701606438697, 36.263746286045816 ], [ -81.893689129483235, 36.263762131273616 ], [ -81.893678311760084, 36.263779152511162 ], [ -81.893669263270809, 36.263797176675595 ], [ -81.893662076026246, 36.263816020485649 ], [ -81.893633441176235, 36.263904215725425 ], [ -81.893628748872572, 36.26392117459325 ], [ -81.893625565330268, 36.263938480256201 ], [ -81.893584579710321, 36.264233760406817 ], [ -81.893583812563392, 36.264237959161022 ], [ -81.893582689302733, 36.264242076968884 ], [ -81.893555191881305, 36.264328186444985 ], [ -81.893550230262008, 36.264346762081757 ], [ -81.893547075261083, 36.264365728312704 ], [ -81.893545756036403, 36.264384909855757 ], [ -81.893546284779973, 36.264404129438937 ], [ -81.893548656605262, 36.264423209438732 ], [ -81.893552849592325, 36.264441973521627 ], [ -81.893558824990421, 36.264460248273743 ], [ -81.893566527576141, 36.264477864803503 ], [ -81.893575886163717, 36.264494660302482 ], [ -81.893586814262974, 36.264510479550061 ], [ -81.893599210878619, 36.264525176347938 ], [ -81.893612961443637, 36.264538614871263 ], [ -81.893627938878055, 36.264550670923917 ], [ -81.893644004763445, 36.264561233086283 ], [ -81.893661010622139, 36.264570203744988 ], [ -81.893678799289404, 36.264577499994999 ], [ -81.893697206365971, 36.264583054405847 ], [ -81.893739478298883, 36.264593622431974 ], [ -81.893744860108214, 36.264595297779799 ], [ -81.893749726123161, 36.264598142522843 ], [ -81.893954373777149, 36.264733935905227 ], [ -81.893958780706711, 36.264737225600136 ], [ -81.893962356727229, 36.264741403541919 ], [ -81.89413165934829, 36.264962949269176 ], [ -81.894133867193673, 36.264966080622713 ], [ -81.894135828314532, 36.264969372120454 ], [ -81.894319708604499, 36.265306811312158 ], [ -81.894321781968429, 36.265311089920544 ], [ -81.894323438354292, 36.265315546568822 ], [ -81.894461385390912, 36.265748954722049 ], [ -81.894462716437786, 36.265754056486657 ], [ -81.89446350090995, 36.265759270342336 ], [ -81.894506566430451, 36.266204608123701 ], [ -81.894506796362961, 36.266209001910106 ], [ -81.894506638198834, 36.266213398864792 ], [ -81.894480991102469, 36.26653300053178 ], [ -81.894456202006253, 36.266841906430038 ], [ -81.894455563160065, 36.266857002369591 ], [ -81.894456065779849, 36.266872103458581 ], [ -81.894474965580599, 36.267137647699357 ], [ -81.894493989341001, 36.267418976588665 ], [ -81.894511361871096, 36.267676825685626 ], [ -81.894514427137366, 36.267700726771778 ], [ -81.89452034462856, 36.267724085733114 ], [ -81.894582382592162, 36.267918836531344 ], [ -81.894589766722589, 36.267938411675459 ], [ -81.894599155361348, 36.267957108335906 ], [ -81.894610445770525, 36.267974721919018 ], [ -81.894784847686267, 36.268217801282688 ], [ -81.894785134205549, 36.268218199597484 ], [ -81.894976925249921, 36.268484135862948 ], [ -81.894980849830915, 36.268490003776179 ], [ -81.895142901570239, 36.268751855971843 ], [ -81.895143080082178, 36.268752143876199 ], [ -81.895304434795605, 36.269011885591048 ], [ -81.895306780440237, 36.269016104360006 ], [ -81.895308707088986, 36.26902053020315 ], [ -81.895477157195629, 36.269465159424257 ], [ -81.895478719056669, 36.269470028720868 ], [ -81.895478189898185, 36.269475114923004 ], [ -81.895445670285753, 36.269682661864465 ], [ -81.895443933127069, 36.269691261414536 ], [ -81.895347193348485, 36.270081125008318 ], [ -81.895343607979441, 36.27009903871447 ], [ -81.89530205149309, 36.270370603194294 ], [ -81.895257999359373, 36.270650947351882 ], [ -81.895216298287593, 36.270917267568578 ], [ -81.895214544759824, 36.270932045086596 ], [ -81.895213894860319, 36.270946912081214 ], [ -81.895211992743469, 36.271240677246801 ], [ -81.895209207039599, 36.27152776427684 ], [ -81.895210217418466, 36.271549876058685 ], [ -81.895213665064901, 36.271571740767605 ], [ -81.895272995308787, 36.271847718936819 ], [ -81.895277856105153, 36.271866050883908 ], [ -81.895350413963797, 36.272095224730982 ], [ -81.895358074676722, 36.272115522571617 ], [ -81.8953678889212, 36.272134871201082 ], [ -81.895520915022601, 36.272399869544969 ], [ -81.895684915934908, 36.272684868735965 ], [ -81.895685067258782, 36.272685131244934 ], [ -81.895835827873867, 36.272946205823956 ], [ -81.895845200563585, 36.27296091573745 ], [ -81.895855819253214, 36.272974753089002 ], [ -81.895867603179937, 36.272987612635589 ], [ -81.895988627223971, 36.273108636761869 ], [ -81.895995019549105, 36.273115667968113 ], [ -81.896118080871361, 36.273264686827659 ], [ -81.89612175902073, 36.273269423269184 ], [ -81.89623081745809, 36.273418908481631 ], [ -81.896241766267693, 36.27343261098531 ], [ -81.896384695774543, 36.273596227398777 ], [ -81.896390893677065, 36.273604083887662 ], [ -81.896524857810405, 36.273792591329126 ], [ -81.89653063014498, 36.273801721753443 ], [ -81.896653393768005, 36.274021353512055 ], [ -81.896655730221127, 36.274026111497463 ], [ -81.896657547960544, 36.274031090781186 ], [ -81.896743613925366, 36.274312497683901 ], [ -81.896744773624718, 36.274317044431342 ], [ -81.896745500781392, 36.274321680060723 ], [ -81.896771363071593, 36.274559053853757 ], [ -81.896773546352023, 36.274573897269164 ], [ -81.896776836193823, 36.274588535255198 ], [ -81.896812883685328, 36.274724814250959 ], [ -81.896814731899966, 36.274733265513774 ], [ -81.89685433828096, 36.274961242934936 ], [ -81.896855786370395, 36.274968729082204 ], [ -81.896915190712306, 36.275247245808345 ], [ -81.896916935694946, 36.275254720960788 ], [ -81.89701693329387, 36.275648771278817 ], [ -81.897017049844862, 36.275649228298491 ], [ -81.897114285731391, 36.276028640679435 ], [ -81.897119834012699, 36.276046696827862 ], [ -81.897127060991011, 36.276064149011276 ], [ -81.897254991599411, 36.276336000172229 ], [ -81.897390927024603, 36.276624863992545 ], [ -81.897525927331728, 36.276912863873456 ], [ -81.897526055320469, 36.276913136381452 ], [ -81.897661927400364, 36.277201864289985 ], [ -81.897792966674274, 36.277481414245997 ], [ -81.897801810455121, 36.277498167124243 ], [ -81.898021248086735, 36.27787004596054 ], [ -81.898024834346344, 36.277875892158136 ], [ -81.898210778926668, 36.27816766722156 ], [ -81.898211204985174, 36.278168332866002 ], [ -81.8983997777149, 36.278461667838158 ], [ -81.898587852317704, 36.278756782646418 ], [ -81.898588130366903, 36.2787572177036 ], [ -81.898753912637304, 36.279015877004056 ], [ -81.898772731100053, 36.279045333014295 ], [ -81.89878176438485, 36.279058311473364 ], [ -81.899012898153046, 36.279363877091441 ], [ -81.899013084461771, 36.279364123002587 ], [ -81.89924889767137, 36.279674877479174 ], [ -81.899483582184217, 36.279985137891025 ], [ -81.899486310974609, 36.279988926128851 ], [ -81.899629726857981, 36.280198155519194 ], [ -81.89963217205738, 36.280201899695527 ], [ -81.899757445859336, 36.280403427946474 ], [ -81.899769928744263, 36.280421264715983 ], [ -81.899784276408369, 36.280437639003672 ], [ -81.900063404157024, 36.280723214243281 ], [ -81.900081589592006, 36.280739668574149 ], [ -81.900263949294938, 36.280885369319208 ], [ -81.900267944428464, 36.280888736050791 ], [ -81.900483651943759, 36.281080373133165 ], [ -81.900499604249205, 36.281093148561098 ], [ -81.900516777044132, 36.28110422929764 ], [ -81.90071519856096, 36.281218342354059 ], [ -81.900732377357755, 36.28122714728481 ], [ -81.900750324990398, 36.281234255051487 ], [ -81.900800653647664, 36.281251426376791 ], [ -81.900817170019337, 36.281256278724115 ], [ -81.90083404247558, 36.281259692816739 ], [ -81.900993451043178, 36.281284862619458 ], [ -81.901020697014062, 36.281287271089404 ], [ -81.901158740804135, 36.281289995623339 ], [ -81.901159241031479, 36.281290004870293 ], [ -81.901260320361715, 36.281291746903399 ], [ -81.901289542603052, 36.281290108652584 ], [ -81.901812869315492, 36.28122209538143 ], [ -81.901828853379456, 36.281219355010265 ], [ -81.901844562871787, 36.2812153286241 ], [ -81.902432192974217, 36.281039040030969 ], [ -81.902448707055257, 36.281033287645123 ], [ -81.902464655523318, 36.281026114697198 ], [ -81.902740870859461, 36.280887060725355 ], [ -81.902741111773508, 36.28088693923921 ], [ -81.903033870954189, 36.28073906128504 ], [ -81.903325868210501, 36.280592061957044 ], [ -81.903615767402016, 36.280446617381294 ], [ -81.903622154831666, 36.280443267253368 ], [ -81.903901752337973, 36.280290130878342 ], [ -81.904184752329115, 36.28013613042684 ], [ -81.904185230155051, 36.280135869564205 ], [ -81.904443581944165, 36.279994369130421 ], [ -81.904459320072604, 36.279984781238689 ], [ -81.904474108866523, 36.279973785424502 ], [ -81.904487822762974, 36.279961475046818 ], [ -81.904657900007663, 36.279794027484812 ], [ -81.904666515863667, 36.279786467492897 ], [ -81.904813705869415, 36.279671564679305 ], [ -81.904820166226273, 36.279666301214711 ], [ -81.904956107104269, 36.279550751429511 ], [ -81.904957891781876, 36.279549269761588 ], [ -81.905243506584085, 36.279317690672819 ], [ -81.905261470063323, 36.279301213312031 ], [ -81.905359896468894, 36.279199207880836 ], [ -81.90536594024195, 36.279192658387537 ], [ -81.905628385427235, 36.278895220895123 ], [ -81.905638277615822, 36.278885469633501 ], [ -81.905741011659885, 36.278797410905582 ], [ -81.905749305282455, 36.278791024103448 ], [ -81.90601450267242, 36.278608096379081 ], [ -81.906023790828797, 36.278602410518452 ], [ -81.906153600391193, 36.278532369982919 ], [ -81.906158087538202, 36.278530230551311 ], [ -81.906162765474448, 36.278528548715762 ], [ -81.906564635440716, 36.27840632498723 ], [ -81.906569033677854, 36.27840520322458 ], [ -81.906573515690852, 36.278404486006423 ], [ -81.906695060844143, 36.278390673918771 ], [ -81.906706958779878, 36.278390036905598 ], [ -81.906858109117579, 36.27839097021527 ], [ -81.906867846268241, 36.278391506128422 ], [ -81.907002817626065, 36.278405565379018 ], [ -81.907011114355214, 36.278406783258013 ], [ -81.907183094596661, 36.278439449951755 ], [ -81.907188850107374, 36.278440720017997 ], [ -81.907322176436764, 36.278474291219574 ], [ -81.907327760387645, 36.278475870915067 ], [ -81.907569006745376, 36.2785517468525 ], [ -81.907572925053017, 36.278553161548473 ], [ -81.907576540346525, 36.278555201981099 ], [ -81.907813679132161, 36.278702325475187 ], [ -81.907822009052239, 36.278708098206465 ], [ -81.908088223010637, 36.27891332455156 ], [ -81.908092736983448, 36.278917259227889 ], [ -81.908096745772909, 36.278921707512971 ], [ -81.908356902002751, 36.279247874030936 ], [ -81.908364374343236, 36.279258616969386 ], [ -81.908560666509331, 36.279584460928703 ], [ -81.908585286977228, 36.279625918754888 ], [ -81.908595041213488, 36.279640794417944 ], [ -81.908606078637177, 36.279654744534596 ], [ -81.908618311933878, 36.279667658748785 ], [ -81.90874086950879, 36.279786020154724 ], [ -81.908749332744819, 36.279793737679974 ], [ -81.908967191510754, 36.279981261288633 ], [ -81.9089811084839, 36.279992206398575 ], [ -81.90899301132545, 36.279999968634918 ], [ -81.90899299116866, 36.280000000232427 ], [ -81.909049691484526, 36.280036170684973 ], [ -81.909052303860662, 36.280037808984268 ], [ -81.909269758888371, 36.280171857058392 ], [ -81.909554254059728, 36.280348303093767 ], [ -81.909559781663575, 36.280351609313591 ], [ -81.909726830376812, 36.280447908165264 ], [ -81.90984095501571, 36.280513979342018 ], [ -81.910103815208203, 36.280666308247227 ], [ -81.910124530716374, 36.280676757547731 ], [ -81.910146316997995, 36.280684737403149 ], [ -81.910398695181925, 36.280760893766512 ], [ -81.91041955976236, 36.280765985265162 ], [ -81.910590110415399, 36.280798013355501 ], [ -81.910611352235691, 36.28080083440544 ], [ -81.910632773952941, 36.280801366648063 ], [ -81.910654129660159, 36.28079960397357 ], [ -81.911040916598566, 36.280746694468071 ], [ -81.911051108989895, 36.280745828617917 ], [ -81.911189349943086, 36.280741189484147 ], [ -81.911200617198304, 36.280741447325603 ], [ -81.911340732637925, 36.280752582678836 ], [ -81.911351176403173, 36.280753969792123 ], [ -81.911450032224181, 36.280772447457046 ], [ -81.911455911112057, 36.280773730526114 ], [ -81.91162639456914, 36.280816351361779 ], [ -81.91163154862933, 36.280817787440817 ], [ -81.91172871482334, 36.280847684671038 ], [ -81.911737133821717, 36.280850693490024 ], [ -81.911843269829347, 36.280894070555092 ], [ -81.911852490782806, 36.280898399969118 ], [ -81.911965908374412, 36.280958889145488 ], [ -81.911970099413253, 36.280961061224232 ], [ -81.912407520934082, 36.281181253276081 ], [ -81.912414315589075, 36.281185011227016 ], [ -81.912491367031549, 36.281231623181611 ], [ -81.912492617102089, 36.281232373197128 ], [ -81.912607965205339, 36.28130100911298 ], [ -81.912617634144794, 36.281307556479618 ], [ -81.912825854178095, 36.281467064523 ], [ -81.912835577963932, 36.281475565261474 ], [ -81.913046991284489, 36.281686000588969 ], [ -81.913262991162824, 36.281900999969444 ], [ -81.913478991116889, 36.282115999874406 ], [ -81.913692218765334, 36.282328240752349 ], [ -81.913694875013135, 36.282331100021636 ], [ -81.913697299704211, 36.28233415811701 ], [ -81.913887991270101, 36.282594999943178 ], [ -81.914078400029098, 36.282855455253681 ], [ -81.914083736225763, 36.2828624279298 ], [ -81.914305747433588, 36.283139695390453 ], [ -81.914529610859518, 36.283421521687288 ], [ -81.914530374298465, 36.283422476787159 ], [ -81.914714311438615, 36.283651154462035 ], [ -81.914715653288184, 36.283652860278877 ], [ -81.914736635315947, 36.283680137572276 ], [ -81.914749546886156, 36.283695297136326 ], [ -81.914763901938116, 36.283709097625845 ], [ -81.914779558169826, 36.283721402236218 ], [ -81.91510826271238, 36.283954234305504 ], [ -81.915122088149516, 36.283963195689957 ], [ -81.915295982528903, 36.284065995156702 ], [ -81.915406163742034, 36.284131145517421 ], [ -81.91541597071587, 36.284136579314762 ], [ -81.91582640991129, 36.284349181404501 ], [ -81.915829585668007, 36.284350790717454 ], [ -81.91605008107436, 36.284460071107503 ], [ -81.916062081278653, 36.28446553350922 ], [ -81.916291217272132, 36.284560846625141 ], [ -81.916296799232512, 36.284563070778496 ], [ -81.916533906195625, 36.284653443762799 ], [ -81.916541923537963, 36.284656907911113 ], [ -81.916767251592702, 36.284766186846937 ], [ -81.916770902573958, 36.284768148829514 ], [ -81.916774378106524, 36.28477040708389 ], [ -81.916843473856005, 36.284819501271947 ], [ -81.916850279669234, 36.284824793038929 ], [ -81.916970978435444, 36.284927290802223 ], [ -81.916974910510362, 36.284930812750225 ], [ -81.917116114598272, 36.285064172079736 ], [ -81.917117848020823, 36.285065849211172 ], [ -81.917229676916847, 36.285176688790671 ], [ -81.917326700757044, 36.285273709853506 ], [ -81.917339818391767, 36.28528570966062 ], [ -81.917500812388568, 36.285420342524056 ], [ -81.917503869971796, 36.285423122556054 ], [ -81.917506687001421, 36.285426146086103 ], [ -81.917573151988677, 36.285503687818007 ], [ -81.917575826261981, 36.285507098185327 ], [ -81.91757752697319, 36.285511084402138 ], [ -81.917621530014102, 36.28562811557142 ], [ -81.917622824883608, 36.285632047372495 ], [ -81.917623448992202, 36.285636125175856 ], [ -81.91764394002054, 36.285820535770199 ], [ -81.917644045460889, 36.285821464894823 ], [ -81.917661067035553, 36.285968390067268 ], [ -81.917663675459025, 36.285984862731681 ], [ -81.91766764726647, 36.286001060796117 ], [ -81.917750710400838, 36.286287584129205 ], [ -81.917752860056595, 36.286296515542062 ], [ -81.917777576645676, 36.286424881671095 ], [ -81.917782038289246, 36.286443303120961 ], [ -81.917788223741425, 36.28646121948946 ], [ -81.917796077448145, 36.28647846986248 ], [ -81.91787573968729, 36.286633511148253 ], [ -81.917876236606247, 36.286634491484534 ], [ -81.917894637973873, 36.2866712943745 ], [ -81.918116741233504, 36.287124410762452 ], [ -81.918118685875243, 36.287128951555907 ] ] ] } }
]
}
