{
"type": "FeatureCollection",
"name": "wilson_county_board_of_commissioners_district_02_dem_focus_mask",
"crs": { "type": "name", "properties": { "name": "urn:ogc:def:crs:OGC:1.3:CRS84" } },
"features": [
{ "type": "Feature", "properties": { }, "geometry": { "type": "Polygon", "coordinates": [ [ [ -78.192116461766346, 35.730545279070803 ], [ -78.192113752307023, 35.730548778338402 ], [ -78.192027772147583, 35.730649088936346 ], [ -78.192026221150797, 35.730650920568777 ], [ -78.189153938326996, 35.734084476140325 ], [ -78.189150841901167, 35.734087849944487 ], [ -78.189147449043659, 35.734090925481013 ], [ -78.18897072652112, 35.734236914565919 ], [ -78.188966897507967, 35.73423977743488 ], [ -78.188962175860823, 35.734240528040303 ], [ -78.187447240514203, 35.734406643817017 ], [ -78.187440756093139, 35.734407462281233 ], [ -78.187335987043483, 35.734422429232893 ], [ -78.187314236627927, 35.73442677891186 ], [ -78.187027905222237, 35.734500763912202 ], [ -78.187026079873576, 35.734501244763294 ], [ -78.186791860268301, 35.734564128651101 ], [ -78.186770459010461, 35.734571189141519 ], [ -78.186749987921317, 35.734580612456824 ], [ -78.186508684137777, 35.734708632152909 ], [ -78.186507301691563, 35.734709372546718 ], [ -78.186193967739641, 35.734878768299957 ], [ -78.18618224662049, 35.734885629233233 ], [ -78.185843027044982, 35.735099977721688 ], [ -78.185620104248244, 35.735240970892328 ], [ -78.185598894156342, 35.735256422762568 ], [ -78.184855500272363, 35.735876574877715 ], [ -78.184854475398168, 35.735877418373398 ], [ -78.183718381389369, 35.73679987158755 ], [ -78.183715561835456, 35.736802078355012 ], [ -78.183180231417836, 35.737205818655241 ], [ -78.182709895440652, 35.737558324048237 ], [ -78.182699674632488, 35.737565048128467 ], [ -78.182271991984564, 35.737810279510043 ], [ -78.182265878568487, 35.737813509300743 ], [ -78.181976421399057, 35.737953851716618 ], [ -78.181967370226644, 35.737957702212626 ], [ -78.181160913527322, 35.738254818212269 ], [ -78.181148840995434, 35.738258419431155 ], [ -78.18087502474728, 35.738321607962895 ], [ -78.18086305478532, 35.738324763429929 ], [ -78.180504847286358, 35.738431151655753 ], [ -78.180499090222767, 35.73843267647149 ], [ -78.179906066719425, 35.738570982393078 ], [ -78.179812855030917, 35.738592797406532 ], [ -78.179811122806413, 35.738593186626183 ], [ -78.179488288706651, 35.738662720669844 ], [ -78.179485686039442, 35.738663245193862 ], [ -78.179245231384982, 35.738708391555889 ], [ -78.179238773881167, 35.738709714500949 ], [ -78.178328712565104, 35.738911839711356 ], [ -78.178327266469324, 35.738912149687138 ], [ -78.17534343029574, 35.739528702721081 ], [ -78.175340557652717, 35.739529318331627 ], [ -78.164076481839231, 35.74202989113455 ], [ -78.164075501389746, 35.742030111375733 ], [ -78.163968370387551, 35.742054459396371 ], [ -78.163963588534031, 35.742055424147431 ], [ -78.163950040815493, 35.742057815072883 ], [ -78.163947942820826, 35.74205819687478 ], [ -78.163937487802471, 35.74206015716274 ], [ -78.163928537418286, 35.742062048194981 ], [ -78.163917631347886, 35.742064614312419 ], [ -78.16391433913509, 35.742065330632634 ], [ -78.163896850958665, 35.742068828218244 ], [ -78.163895127853067, 35.742069157143057 ], [ -78.163877533968503, 35.742072355969128 ], [ -78.163870474340513, 35.742073771241017 ], [ -78.163573026630147, 35.742138992163369 ], [ -78.163400164462317, 35.742176962115778 ], [ -78.163399817636943, 35.742177038620426 ], [ -78.163242077871899, 35.742211980628454 ], [ -78.163038611987332, 35.742256863150544 ], [ -78.163037370741449, 35.742257141098982 ], [ -78.162972702927334, 35.742271838074593 ], [ -78.16212509983697, 35.742457976389041 ], [ -78.162124881332218, 35.742458024502014 ], [ -78.161201020772552, 35.742661993005846 ], [ -78.160509074032504, 35.742814981863745 ], [ -78.158747478706957, 35.743202892937056 ], [ -78.158746505058744, 35.74320310988594 ], [ -78.156019664509373, 35.743817847989334 ], [ -78.156018318410034, 35.743818156340872 ], [ -78.155860033006661, 35.743854990444298 ], [ -78.155706138486082, 35.743890733045944 ], [ -78.155703837381452, 35.743891238990969 ], [ -78.15554748763202, 35.743923689571766 ], [ -78.155544500635472, 35.743924333365534 ], [ -78.15436515248021, 35.74418796413353 ], [ -78.154099541507804, 35.744246877799661 ], [ -78.154098441954588, 35.744247124937736 ], [ -78.153999563161449, 35.744269642007453 ], [ -78.153996407738802, 35.744270307241983 ], [ -78.153933924160739, 35.744282431297108 ], [ -78.153928076855806, 35.744283656780212 ], [ -78.153598299846323, 35.744357930298591 ], [ -78.152565992835449, 35.744586999242877 ], [ -78.151926088897142, 35.744728978603128 ], [ -78.15192589314681, 35.744729022138415 ], [ -78.151771491677593, 35.74476344259751 ], [ -78.151766505370176, 35.744764621429972 ], [ -78.15175453119295, 35.744767614752163 ], [ -78.151751438810294, 35.744768335821995 ], [ -78.150880154951579, 35.744956964254094 ], [ -78.150568033904648, 35.745023990423682 ], [ -78.149952267246846, 35.745155940381892 ], [ -78.149951715104507, 35.74515605951381 ], [ -78.149372659130449, 35.745281854428647 ], [ -78.148896547888455, 35.745381883343832 ], [ -78.148895433839371, 35.745382120715171 ], [ -78.148572225748438, 35.745451949678355 ], [ -78.148380017694478, 35.745492994569879 ], [ -78.148033058306453, 35.745566985264411 ], [ -78.147809368908682, 35.745614849373361 ], [ -78.147798684161415, 35.745617444743949 ], [ -78.147624035147174, 35.745664987976994 ], [ -78.147441740941474, 35.745714524227381 ], [ -78.147438225633067, 35.745715411358553 ], [ -78.147247330718329, 35.745759921030391 ], [ -78.147246651713857, 35.745760080598153 ], [ -78.147216302950909, 35.745767268500281 ], [ -78.147201829082604, 35.745771276021863 ], [ -78.147108149788593, 35.745801043367429 ], [ -78.147095971828293, 35.745805350704465 ], [ -78.146997058349726, 35.745843973622016 ], [ -78.146698531348989, 35.745960788662785 ], [ -78.146542952990274, 35.746020630010008 ], [ -78.146541020750874, 35.746021350374512 ], [ -78.146510137490353, 35.746032502385155 ], [ -78.14650191456839, 35.746035678232822 ], [ -78.146490462141912, 35.746040393963646 ], [ -78.146487501596084, 35.746041558290713 ], [ -78.146465502916911, 35.74604980835327 ], [ -78.146464480028769, 35.746050195155391 ], [ -78.145728930952629, 35.746330641754064 ], [ -78.145727056086841, 35.746331367407592 ], [ -78.145700568823813, 35.746341772482616 ], [ -78.14569941420153, 35.746342230200071 ], [ -78.145680837479659, 35.746349661247706 ], [ -78.145679139475263, 35.746350322599774 ], [ -78.145556449993975, 35.746396825697779 ], [ -78.145555533436422, 35.746397175674822 ], [ -78.145543758228285, 35.746401705027559 ], [ -78.145512408087242, 35.746413468874088 ], [ -78.145509543544918, 35.746414568908605 ], [ -78.14548357713511, 35.7464247697175 ], [ -78.145400317662549, 35.74645687418294 ], [ -78.144860037292219, 35.746662982759148 ], [ -78.144839036554785, 35.746670982269833 ], [ -78.144472142933438, 35.746810942353548 ], [ -78.144471839347062, 35.746811058446305 ], [ -78.144352073061455, 35.746856969181188 ], [ -78.144318174866868, 35.74686992969901 ], [ -78.144317806199126, 35.746870071071427 ], [ -78.144292414530142, 35.746879836733996 ], [ -78.14426325539192, 35.746890899869499 ], [ -78.144262715608676, 35.746891105558397 ], [ -78.144182267031169, 35.746921894278906 ], [ -78.144096663336128, 35.746954366148309 ], [ -78.144093329715957, 35.746955664907787 ], [ -78.144087716353795, 35.746957909873984 ], [ -78.144082206903178, 35.746959927855677 ], [ -78.144074506381799, 35.746962494719085 ], [ -78.144065552968598, 35.746965717842869 ], [ -78.144039189506387, 35.746975923160456 ], [ -78.144013652753927, 35.746985745897696 ], [ -78.144012324696575, 35.746986245910996 ], [ -78.143994702971654, 35.746992737942655 ], [ -78.143993280468294, 35.746993268148231 ], [ -78.143933162456236, 35.747015935992465 ], [ -78.143909779308544, 35.747024704046318 ], [ -78.143908202668115, 35.747025302838573 ], [ -78.143857762488381, 35.747044703253188 ], [ -78.143809449155256, 35.747062828668575 ], [ -78.143808519966555, 35.747063171815533 ], [ -78.143797994636131, 35.747066998868299 ], [ -78.143788727160512, 35.747070368213656 ], [ -78.1437852661319, 35.747071662851489 ], [ -78.143761492697394, 35.747080806810153 ], [ -78.143724260694611, 35.747094898160022 ], [ -78.143652299956187, 35.747121884209726 ], [ -78.143651681447068, 35.747122117323805 ], [ -78.143586107631378, 35.747146955709162 ], [ -78.143480121389487, 35.747186950753616 ], [ -78.143479861843687, 35.74718704890175 ], [ -78.143385131840887, 35.747222946508323 ], [ -78.141813015871762, 35.747815990544645 ], [ -78.140382998334758, 35.748354997692459 ], [ -78.138751052696861, 35.748969976949255 ], [ -78.137832031972991, 35.749316984519936 ], [ -78.137413047813723, 35.749474978801345 ], [ -78.136964830255849, 35.749643684319587 ], [ -78.13696315552933, 35.749644323255815 ], [ -78.136889520302333, 35.749672794981386 ], [ -78.13688845917369, 35.74967319836783 ], [ -78.136608318165429, 35.74977787753101 ], [ -78.136607665500037, 35.749778122707127 ], [ -78.135946096710981, 35.750027960121159 ], [ -78.135945886428871, 35.750028039667995 ], [ -78.135405092498516, 35.750232962107681 ], [ -78.135404890666038, 35.75023303871243 ], [ -78.134679020620965, 35.750508988214115 ], [ -78.133689012079401, 35.750884992202892 ], [ -78.131871058244514, 35.751574974078451 ], [ -78.124854946332675, 35.754243637063936 ], [ -78.124853040602318, 35.754244373094686 ], [ -78.124145295619257, 35.754521880328966 ], [ -78.124144687552999, 35.754522119899107 ], [ -78.123660693717198, 35.754713721271365 ], [ -78.123022249149884, 35.754960900166331 ], [ -78.122548138340576, 35.755142943203538 ], [ -78.12195402920905, 35.755369984994012 ], [ -78.121692071703578, 35.755469969618794 ], [ -78.121415149395162, 35.75557593962089 ], [ -78.121414833644408, 35.755576060755637 ], [ -78.121363205853584, 35.755595917352466 ], [ -78.121132395758252, 35.755684081198353 ], [ -78.12112761014096, 35.755685980128042 ], [ -78.121114367929792, 35.755691432941624 ], [ -78.121111598182964, 35.755692525514988 ], [ -78.12100748640519, 35.755731813209536 ], [ -78.121006497423537, 35.755732189404036 ], [ -78.120814077022729, 35.755805966622958 ], [ -78.120712183437419, 35.755844926567832 ], [ -78.12056220332218, 35.755901919683836 ], [ -78.120561778543433, 35.755902081654398 ], [ -78.120446995517923, 35.755945998561621 ], [ -78.119974064801113, 35.756126971544752 ], [ -78.119536029572757, 35.756294984869974 ], [ -78.119335136919915, 35.756371944271997 ], [ -78.119196051522906, 35.756424976610766 ], [ -78.117882085466192, 35.756926963414173 ], [ -78.117223491383911, 35.757177809293282 ], [ -78.117222491666951, 35.757178193134166 ], [ -78.115882157178675, 35.757696935518723 ], [ -78.114191062830514, 35.758347972109028 ], [ -78.113074017530067, 35.758778989549427 ], [ -78.111554001786885, 35.759364995726287 ], [ -78.10900601438496, 35.760346991105678 ], [ -78.107860643724493, 35.760788748079896 ], [ -78.107859334766033, 35.760789242439131 ], [ -78.107695583008578, 35.760849781564822 ], [ -78.107694401641908, 35.760850222555021 ], [ -78.107496808729707, 35.760924692197314 ], [ -78.107495176580258, 35.760925315483576 ], [ -78.106382249433452, 35.761355900083316 ], [ -78.105535064849448, 35.761680971993748 ], [ -78.104495576034438, 35.762080774759418 ], [ -78.104494404474309, 35.762081216958379 ], [ -78.103910319841475, 35.762297508184311 ], [ -78.103907669137271, 35.762298511174492 ], [ -78.101552224695652, 35.763208909353651 ], [ -78.099219040222707, 35.76410398140893 ], [ -78.098623737568971, 35.764332713342718 ], [ -78.098543711363348, 35.764362729834005 ], [ -78.098542258309905, 35.764363281299552 ], [ -78.097944055902474, 35.764592975209325 ], [ -78.097730070609018, 35.764674969195127 ], [ -78.09756606941356, 35.764737970147841 ], [ -78.096864045093596, 35.765006979278446 ], [ -78.095353007050747, 35.765584994156008 ], [ -78.093929033582441, 35.766129984064932 ], [ -78.093131032511508, 35.766434983887372 ], [ -78.092814430377771, 35.766555832055637 ], [ -78.092813552804088, 35.766556169394001 ], [ -78.09253535601988, 35.766663859118793 ], [ -78.091155000213121, 35.767191996587442 ], [ -78.088030050580258, 35.76838797691007 ], [ -78.087172410179633, 35.768716838694196 ], [ -78.086831408369576, 35.768845841773519 ], [ -78.08683057307266, 35.768846159906943 ], [ -78.085540080976386, 35.769340965007004 ], [ -78.084737120183433, 35.769647950795282 ], [ -78.084736861220279, 35.769648050007206 ], [ -78.084302084898667, 35.769814963848262 ], [ -78.083142116455889, 35.770258951556876 ], [ -78.082961219379428, 35.770327912940608 ], [ -78.082960762616025, 35.770328087707369 ], [ -78.082573143362467, 35.770476942092387 ], [ -78.081665062877406, 35.770823972794069 ], [ -78.07956602192472, 35.771627988280947 ], [ -78.076646999296997, 35.77274499712162 ], [ -78.073781024293595, 35.773841987482193 ], [ -78.072149011308227, 35.774465992251223 ], [ -78.069632019616606, 35.775428989046674 ], [ -78.067697004843481, 35.776169994937838 ], [ -78.067488642930783, 35.776249750529502 ], [ -78.067487340383565, 35.776250254332268 ], [ -78.067401872584171, 35.776283655316156 ], [ -78.066893440864675, 35.776476828707914 ], [ -78.066892538989691, 35.776477173859881 ], [ -78.066535700971201, 35.776614726069667 ], [ -78.066389513746032, 35.776669803323799 ], [ -78.066388462467287, 35.776670202780657 ], [ -78.065199042555605, 35.777125980487646 ], [ -78.063249520204337, 35.77787179730327 ], [ -78.063016430156821, 35.777959458448429 ], [ -78.063013558247505, 35.777960563817103 ], [ -78.06285549695879, 35.778022800325488 ], [ -78.06285448230625, 35.778023193481204 ], [ -78.062514117300296, 35.778152952030823 ], [ -78.06251386502089, 35.778153048403325 ], [ -78.061758993204421, 35.778441998895069 ], [ -78.061038012886698, 35.778717991418631 ], [ -78.059412134284813, 35.779339944811632 ], [ -78.059152206924551, 35.779438917985743 ], [ -78.059151775314334, 35.779439082902115 ], [ -78.058766117650848, 35.779586951741962 ], [ -78.058038050288559, 35.779864977501134 ], [ -78.057049995870202, 35.780242998187639 ], [ -78.053995005697075, 35.781411994540733 ], [ -78.051403994144252, 35.782402998424395 ], [ -78.051038007810178, 35.782542993329365 ], [ -78.049466020757151, 35.783143988376878 ], [ -78.048034058897926, 35.78369197408805 ], [ -78.047031023963996, 35.784074987427793 ], [ -78.04360401130532, 35.785384991963333 ], [ -78.042838245184058, 35.785677903004803 ], [ -78.042837738448142, 35.785678097623631 ], [ -78.042685253389692, 35.785736899164696 ], [ -78.041992037831761, 35.786001981673749 ], [ -78.041772771629354, 35.786085701987155 ], [ -78.041729783528169, 35.786101705571518 ], [ -78.041728173488551, 35.786102312854979 ], [ -78.041607441608605, 35.786148445396762 ], [ -78.041604548560869, 35.786149576676564 ], [ -78.041586741694744, 35.786156699687503 ], [ -78.041585235470492, 35.786157288117273 ], [ -78.041135110383863, 35.786328954537957 ], [ -78.041134871036135, 35.78632904599484 ], [ -78.039876052934105, 35.786810975829155 ], [ -78.038023006165119, 35.787518994387526 ], [ -78.036973040778449, 35.787919980668363 ], [ -78.035475081519365, 35.78849296599109 ], [ -78.035165123145589, 35.788611186458191 ], [ -78.035160878860694, 35.788612860962374 ], [ -78.035061066650385, 35.78865356180156 ], [ -78.035058905700481, 35.78865441384491 ], [ -78.032826715775315, 35.789504724246591 ], [ -78.032825269695039, 35.789505281528598 ], [ -78.032708630650049, 35.789550751001102 ], [ -78.030602992877462, 35.790354999295801 ], [ -78.030137033115992, 35.790532984445925 ], [ -78.028801093923306, 35.791043960883755 ], [ -78.026692026212885, 35.791847986650559 ], [ -78.024719306620852, 35.792600879548594 ], [ -78.024629303250791, 35.79263488195722 ], [ -78.02462867741022, 35.792635119591424 ], [ -78.022703045664628, 35.793369979503758 ], [ -78.022178058221698, 35.793569974587747 ], [ -78.021772043962642, 35.793724979302844 ], [ -78.021200212984752, 35.793942915191828 ], [ -78.021163148689652, 35.793956940446492 ], [ -78.021162830184522, 35.793957061280111 ], [ -78.020766214756136, 35.794107914676388 ], [ -78.020765766832739, 35.794108085659694 ], [ -78.020411538456628, 35.794243789971446 ], [ -78.020410444065305, 35.794244212916311 ], [ -78.020352785771934, 35.794266690480541 ], [ -78.020202237757871, 35.79432390629097 ], [ -78.020073006589101, 35.794372617629115 ], [ -78.020070979866574, 35.79437339415059 ], [ -78.01995965209764, 35.794416742626559 ], [ -78.019938231331267, 35.794424908852804 ], [ -78.019804797423703, 35.794475317346986 ], [ -78.01980119633572, 35.794476717657673 ], [ -78.019783736381797, 35.794483701990984 ], [ -78.019782241048247, 35.794484286274418 ], [ -78.010112490465232, 35.79817342792041 ], [ -78.010109500574899, 35.798174596176096 ], [ -78.010101660236529, 35.798177732428854 ], [ -78.010100317283488, 35.798178258427761 ], [ -78.006804249181315, 35.799441900747148 ], [ -78.006803732762464, 35.799442099550994 ], [ -78.006686735469515, 35.799487325505901 ], [ -78.00668325901654, 35.799488706855612 ], [ -78.003471043679085, 35.800799978315268 ], [ -78.002438536953775, 35.801220777691753 ], [ -78.002437445760179, 35.801221226166497 ], [ -77.995682824231409, 35.804020655180295 ], [ -77.993283119213274, 35.80498994790171 ], [ -77.993282862311489, 35.804990051876992 ], [ -77.99223534130013, 35.805414857605179 ], [ -77.992234641809844, 35.805415142811924 ], [ -77.991913127859874, 35.805546944001748 ], [ -77.99191285462841, 35.8055470562458 ], [ -77.990731846497567, 35.806033236483074 ], [ -77.990728106819432, 35.806034688944223 ], [ -77.990535910980455, 35.806104932398341 ], [ -77.990530105056635, 35.806107157238067 ], [ -77.989653637151093, 35.806458741149903 ], [ -77.989652347967706, 35.806459263501139 ], [ -77.988700445782712, 35.806848814269649 ], [ -77.987446546496059, 35.807354775838085 ], [ -77.987445436891662, 35.807355227444155 ], [ -77.987122301892541, 35.807487872007506 ], [ -77.978843465586365, 35.810853807079503 ], [ -77.978516628887562, 35.810984744738249 ], [ -77.978515354598755, 35.810985260334292 ], [ -77.977939335926891, 35.811220632837049 ], [ -77.97793269793813, 35.811223486236521 ], [ -77.977762864240944, 35.811300154428245 ], [ -77.977759085112893, 35.811301767806171 ], [ -77.976984005660697, 35.811613994232204 ], [ -77.967708331710384, 35.815348862748564 ], [ -77.967707650226217, 35.815349138606237 ], [ -77.955443864646682, 35.82033964478579 ], [ -77.954150690870918, 35.820851722450385 ], [ -77.954149291632248, 35.82085228263643 ], [ -77.94979409701331, 35.822614957055386 ], [ -77.94979388505061, 35.822615042983955 ], [ -77.948804041603694, 35.823016979536398 ], [ -77.941111053890722, 35.82613597441447 ], [ -77.940120164311224, 35.826536929525957 ], [ -77.940119817875171, 35.826537070085344 ], [ -77.939680162434556, 35.826715930101969 ], [ -77.936460014956978, 35.828018990278061 ], [ -77.934118072332595, 35.828965966947543 ], [ -77.931361389696676, 35.830077839098998 ], [ -77.93136059396069, 35.830078162036806 ], [ -77.927859803165163, 35.831507668246587 ], [ -77.927858182949777, 35.831508338142868 ], [ -77.927816726367411, 35.831525691993242 ], [ -77.927815251485242, 35.831526295617302 ], [ -77.927801930857257, 35.831531623819885 ], [ -77.927800054633394, 35.831532385342506 ], [ -77.927784459360439, 35.831538807301648 ], [ -77.927783521250191, 35.831539188062237 ], [ -77.927774987890544, 35.831542601374323 ], [ -77.92777299977557, 35.831543409011907 ], [ -77.927694481568921, 35.831575797508563 ], [ -77.927630482609061, 35.831601800709464 ], [ -77.927571393630359, 35.831625439044991 ], [ -77.92756858932951, 35.831626585610408 ], [ -77.92749107666549, 35.83165896478797 ], [ -77.927467843301244, 35.831668644856947 ], [ -77.927260112279967, 35.831752950797693 ], [ -77.92725986342235, 35.831753051989246 ], [ -77.926909097907071, 35.831895956371518 ], [ -77.926414200877588, 35.832096915247398 ], [ -77.92618117675211, 35.83219092495402 ], [ -77.926180804890052, 35.832191075409384 ], [ -77.923268029883715, 35.83337298465397 ], [ -77.920612273582933, 35.834451885099639 ], [ -77.916028548709775, 35.836297775245455 ], [ -77.916027435537501, 35.836298227416464 ], [ -77.915657302926036, 35.836449872250064 ], [ -77.913548025970769, 35.837305768805216 ], [ -77.913541999037264, 35.837308330098153 ], [ -77.91349255709909, 35.837330304111205 ], [ -77.913489401284153, 35.837331642387419 ], [ -77.912538185871753, 35.837715920897203 ], [ -77.912537796823543, 35.837716078542677 ], [ -77.911666993430359, 35.838069999458988 ], [ -77.911357003478571, 35.838195994946588 ], [ -77.910115209819296, 35.838700911480046 ], [ -77.897363043180434, 35.843850959383424 ], [ -77.897357910251827, 35.843852713827289 ], [ -77.89735261698695, 35.843853899753348 ], [ -77.894247049099718, 35.844373990658553 ], [ -77.886960011643751, 35.845589996178049 ], [ -77.886559040293832, 35.845656991727445 ], [ -77.886201007572069, 35.845716996840814 ], [ -77.884544726766336, 35.845994876272194 ], [ -77.884543253775291, 35.845995112118231 ], [ -77.88310967661026, 35.846213693231412 ], [ -77.883088299778521, 35.846218158662474 ], [ -77.883067537240535, 35.846224928154783 ], [ -77.881940003421192, 35.846661995332646 ], [ -77.874706718034119, 35.849466942097465 ], [ -77.874701207330858, 35.849468895693271 ], [ -77.873976632250333, 35.849702149814547 ], [ -77.873971306073841, 35.849703702702271 ], [ -77.873872123128024, 35.849729657324289 ], [ -77.873866993579185, 35.849730712670443 ], [ -77.87386188441657, 35.849729562676544 ], [ -77.87331999423499, 35.849577000908958 ], [ -77.871011031835877, 35.848927011277738 ], [ -77.869143025489024, 35.84840200944388 ], [ -77.864075997680004, 35.846976001774046 ], [ -77.863781016812339, 35.846893007480006 ], [ -77.862952014962957, 35.846660006588806 ], [ -77.862528997384928, 35.846541001760407 ], [ -77.86117500917895, 35.846160004568716 ], [ -77.859059036868786, 35.845565012645203 ], [ -77.855101403072695, 35.844450115685476 ], [ -77.855100579685072, 35.844449885628983 ], [ -77.855018397084606, 35.844427112860252 ], [ -77.854070456443495, 35.844160131265475 ], [ -77.853453942376831, 35.843983272325318 ], [ -77.85345203719028, 35.843982735974372 ], [ -77.853244196462569, 35.843925332739303 ], [ -77.8532417815439, 35.843924681990103 ], [ -77.853110659897354, 35.843890226511483 ], [ -77.853106093626309, 35.843888787801589 ], [ -77.853102128278351, 35.843886105128917 ], [ -77.84491813677019, 35.8377537341824 ], [ -77.844901616638751, 35.837742595596119 ], [ -77.844884070212544, 35.837733156010607 ], [ -77.844865671632334, 35.837725509109696 ], [ -77.844846603496151, 35.837719730785594 ], [ -77.844827055047048, 35.837715878385701 ], [ -77.84480722029501, 35.837713990143421 ], [ -77.844787296091454, 35.837714084798762 ], [ -77.844767480175534, 35.837716161412295 ], [ -77.844747969211738, 35.837720199374537 ], [ -77.844728956838011, 35.837726158610437 ], [ -77.844710631744022, 35.837733979977131 ], [ -77.84469317579844, 35.837743585850909 ], [ -77.844676762244049, 35.837754880897599 ], [ -77.844661553978355, 35.837767753018703 ], [ -77.844647701936864, 35.837782074463938 ], [ -77.844635343595144, 35.837797703099099 ], [ -77.844624601604437, 35.837814483816693 ], [ -77.842609071051029, 35.841338111817905 ], [ -77.842606952473432, 35.841341910866305 ], [ -77.83700324840585, 35.851652527846248 ], [ -77.835209587040055, 35.854910916892472 ], [ -77.835208407623853, 35.85491309115455 ], [ -77.835178441705864, 35.854969158019664 ], [ -77.835177525464175, 35.854970833638852 ], [ -77.833258424574126, 35.858402225453531 ], [ -77.833257565665832, 35.858403777311864 ], [ -77.833080118316971, 35.858727768224476 ], [ -77.832983462658888, 35.858903143631245 ], [ -77.832982527187269, 35.858904860788286 ], [ -77.832913287940343, 35.859033449137151 ], [ -77.828459108055455, 35.867182955675467 ], [ -77.828456779125062, 35.86718699045624 ], [ -77.828446523848612, 35.867203838169218 ], [ -77.828443892063376, 35.867207722405631 ], [ -77.828439397608378, 35.86720637575705 ], [ -77.828346755808681, 35.86717362368524 ], [ -77.828343250970349, 35.867172310304731 ], [ -77.828292645687313, 35.867152258866504 ], [ -77.828291334888959, 35.867151744817079 ], [ -77.828009582658837, 35.867042394130358 ], [ -77.828002517288397, 35.867039333911627 ], [ -77.827765249684887, 35.866925521928842 ], [ -77.827755062201987, 35.866919882693125 ], [ -77.827697782746199, 35.866883662253194 ], [ -77.827686754251943, 35.866875581292582 ], [ -77.827564749233659, 35.866772639553005 ], [ -77.827563227509074, 35.866771368457215 ], [ -77.827514351039753, 35.866730951592935 ], [ -77.827509755317294, 35.866726908138631 ], [ -77.827000592632942, 35.866250498932438 ], [ -77.826997356558678, 35.866247536920334 ], [ -77.826827058627998, 35.866095060074777 ], [ -77.825679496402358, 35.865069451742826 ], [ -77.825412996931533, 35.864828004775795 ], [ -77.82497668665269, 35.864432630696193 ], [ -77.824975289368012, 35.864431376404475 ], [ -77.824308377941634, 35.863838343815402 ], [ -77.8243076072729, 35.863837651337072 ], [ -77.823830688567725, 35.863404633451822 ], [ -77.823829287850785, 35.863403373656539 ], [ -77.823775719361834, 35.863355648980075 ], [ -77.823578058158262, 35.863176060219459 ], [ -77.823172063775814, 35.862807878900831 ], [ -77.823167867106235, 35.862804178742756 ], [ -77.823135156848494, 35.862776141834573 ], [ -77.822988383561636, 35.862649782043285 ], [ -77.822979385889553, 35.862642478803494 ], [ -77.822578388404679, 35.862335833101731 ], [ -77.822573539736325, 35.862332239912512 ], [ -77.822461042322743, 35.86225147239373 ], [ -77.822456903783689, 35.862248579595239 ], [ -77.822246280034946, 35.862105279158314 ], [ -77.822233394961373, 35.862097211469028 ], [ -77.821860018702466, 35.861882738797206 ], [ -77.82185390440192, 35.861879367212453 ], [ -77.821528285365901, 35.861707155046552 ], [ -77.821519954273739, 35.861702713452615 ], [ -77.821505734297958, 35.861695839050277 ], [ -77.820931015393981, 35.861445494779872 ], [ -77.820914693239629, 35.861439218824401 ], [ -77.820739063647238, 35.861380364088667 ], [ -77.820730864919085, 35.861377811054126 ], [ -77.820488588829889, 35.861308036561717 ], [ -77.820481356561743, 35.861306099539505 ], [ -77.820251287807068, 35.861249073205521 ], [ -77.819801683196189, 35.861136173655261 ], [ -77.819658476049128, 35.861099125055794 ], [ -77.8194997170704, 35.861057191876341 ], [ -77.819498260782836, 35.861056813080324 ], [ -77.81908911684063, 35.860952032035804 ], [ -77.818922439807778, 35.860909115418011 ], [ -77.818198107788561, 35.860719029931388 ], [ -77.818197875046351, 35.860718969002768 ], [ -77.818041204005212, 35.860678055409664 ], [ -77.818040779197958, 35.86067794497189 ], [ -77.816507880186677, 35.860281230192143 ], [ -77.816506107428467, 35.860280753999163 ], [ -77.816349224509082, 35.860237064901682 ], [ -77.816348756950774, 35.860236935305934 ], [ -77.816320153013251, 35.860229044341381 ], [ -77.816319829927707, 35.86022895550299 ], [ -77.815168424933759, 35.859913392453635 ], [ -77.815165552241993, 35.859912628047631 ], [ -77.814063745145432, 35.859628194748986 ], [ -77.814032998360403, 35.859620001590336 ], [ -77.813616265204772, 35.859509072575932 ], [ -77.813486419748074, 35.859474115061452 ], [ -77.813485560666379, 35.859473885822837 ], [ -77.813244210681191, 35.859410057986402 ], [ -77.812948125738416, 35.85933103552064 ], [ -77.812947857168268, 35.859330964041483 ], [ -77.81273806151188, 35.859275283608859 ], [ -77.812735927273181, 35.859274691799193 ], [ -77.812616590615548, 35.859240172921481 ], [ -77.812615391457896, 35.859239830105771 ], [ -77.812170587330542, 35.859114168223876 ], [ -77.812169397030189, 35.859113823974262 ], [ -77.809586353742176, 35.858349402660892 ], [ -77.809583624124727, 35.858348615902074 ], [ -77.809225823147983, 35.858248233369693 ], [ -77.809224162821309, 35.858247752039212 ], [ -77.808941317653805, 35.85816309789746 ], [ -77.8089406638518, 35.85816290343196 ], [ -77.806814352700599, 35.857534402628296 ], [ -77.806811640970508, 35.857533559035289 ], [ -77.806616859721515, 35.85746991706992 ], [ -77.806605404203978, 35.857465374563375 ], [ -77.806298418850417, 35.857321140672866 ], [ -77.806293627552904, 35.857318730593988 ], [ -77.800176005041919, 35.854033007706199 ], [ -77.792368142240591, 35.849841081653103 ], [ -77.79176985040715, 35.849518541459588 ], [ -77.791764083454765, 35.849515552318806 ], [ -77.791531430388517, 35.849399716682349 ], [ -77.791528576671141, 35.849398238144701 ], [ -77.781483282054879, 35.843987156620898 ], [ -77.78148269896316, 35.843986843771283 ], [ -77.778751183263111, 35.842527102034751 ], [ -77.776910003826998, 35.841538006453419 ], [ -77.768005998373155, 35.836753004139702 ], [ -77.762846992886807, 35.833980000818563 ], [ -77.755150014523338, 35.829843012857843 ], [ -77.753444996149895, 35.828926002385657 ], [ -77.751651171803346, 35.827961097689879 ], [ -77.751650809554036, 35.827960903314406 ], [ -77.751343177539567, 35.827796241332315 ], [ -77.751339205814332, 35.827793866319048 ], [ -77.751338825538198, 35.827789254304335 ], [ -77.751324037592966, 35.827364331750964 ], [ -77.751323927135502, 35.827361668524908 ], [ -77.751239158374815, 35.825601238695846 ], [ -77.751236545262344, 35.825577246433788 ], [ -77.751231061285964, 35.825553743604203 ], [ -77.751065140669823, 35.824996927100919 ], [ -77.7510548710124, 35.824969819243577 ], [ -77.750842041463628, 35.824511417165127 ], [ -77.750837727511396, 35.824502688383539 ], [ -77.750146645687479, 35.823186057843422 ], [ -77.750141929860277, 35.823175672670438 ], [ -77.749567394597193, 35.821690627064733 ], [ -77.74956613623938, 35.821686956389584 ], [ -77.749565166881411, 35.821683199041082 ], [ -77.749431034672966, 35.821064810361804 ], [ -77.749430235992463, 35.821059995475132 ], [ -77.749430873144107, 35.821055156563894 ], [ -77.749486946031396, 35.820747249995769 ], [ -77.749487036472999, 35.820746749758349 ], [ -77.749541689803934, 35.820442249353412 ], [ -77.749545341846542, 35.820428019099801 ], [ -77.749640957838977, 35.82014409886991 ], [ -77.749738958246567, 35.819854098919677 ], [ -77.749739025009376, 35.819853901016486 ], [ -77.749836991457556, 35.819563000286536 ], [ -77.749934104030714, 35.819274635278752 ], [ -77.749936024450832, 35.819269417235958 ], [ -77.749940464921011, 35.819258314569936 ], [ -77.749941498132216, 35.819255677180017 ], [ -77.750057917765815, 35.818952192361181 ], [ -77.750058064908586, 35.818951807602261 ], [ -77.750177782864355, 35.818637792062489 ], [ -77.750181836319115, 35.81862608245774 ], [ -77.750232830432466, 35.818462548696267 ], [ -77.750237258365388, 35.818445839265046 ], [ -77.750240226898171, 35.818428809893518 ], [ -77.750253330117971, 35.818328079208101 ], [ -77.750254243962686, 35.818323073349625 ], [ -77.750256156971489, 35.818318358042092 ], [ -77.750273425680959, 35.818281353300065 ], [ -77.750276799263929, 35.818274771162585 ], [ -77.750377145413751, 35.818095640655017 ], [ -77.750385649139133, 35.818078606194334 ], [ -77.750392494569951, 35.818060840320506 ], [ -77.750397619671858, 35.818042504030622 ], [ -77.750400978000371, 35.818023763490991 ], [ -77.750414487989332, 35.817920187687797 ], [ -77.750416105923549, 35.817899299574577 ], [ -77.75041552988327, 35.817878356815378 ], [ -77.750412766189555, 35.817857589220857 ], [ -77.750407845169178, 35.817837224679529 ], [ -77.750407606710411, 35.817836424134235 ], [ -77.750404071341663, 35.817825676374504 ], [ -77.747271037747097, 35.809137129967695 ], [ -77.745184992233803, 35.803327002172075 ], [ -77.740482997230927, 35.790232015343925 ], [ -77.73992399906848, 35.788676020699711 ], [ -77.738230020429754, 35.783964082364818 ], [ -77.737485016210996, 35.781886070243402 ], [ -77.735629992432592, 35.776724003921537 ], [ -77.733870009810246, 35.771827051345497 ], [ -77.732324003091591, 35.76751803195102 ], [ -77.730502995200496, 35.762448011531426 ], [ -77.728588996132402, 35.757117014421006 ], [ -77.726976994275915, 35.752625009359733 ], [ -77.726781057318348, 35.752079185600316 ], [ -77.726329062627599, 35.750812201264083 ], [ -77.726328918541569, 35.750811798737161 ], [ -77.723352992309756, 35.742526004378597 ], [ -77.722805017175716, 35.741000072091417 ], [ -77.720715054631953, 35.735166178304254 ], [ -77.72071492657436, 35.735165821909106 ], [ -77.719285287882187, 35.73119882218699 ], [ -77.718953534426987, 35.73025240344414 ], [ -77.718950242921451, 35.730243671604633 ], [ -77.718910710333788, 35.730145780419207 ], [ -77.718909341460915, 35.73014219401248 ], [ -77.718815105153126, 35.729880315602095 ], [ -77.718721062720746, 35.729616201736299 ], [ -77.718720918299212, 35.729615797508316 ], [ -77.718626032245041, 35.729351113454229 ], [ -77.718625950778076, 35.72935088663295 ], [ -77.718530991465315, 35.729086999697103 ], [ -77.718452473499596, 35.728868804204339 ], [ -77.718444793008899, 35.728850397741951 ], [ -77.718435317442101, 35.728832847772459 ], [ -77.718424141030837, 35.728816328824955 ], [ -77.718411374921104, 35.728801005175342 ], [ -77.718397146067971, 35.728787029212633 ], [ -77.717740005020104, 35.728203012501034 ], [ -77.717063996693099, 35.7276020046762 ], [ -77.715927051752786, 35.726591053749083 ], [ -77.715040080038733, 35.725801079187903 ], [ -77.715039901466596, 35.725800920335232 ], [ -77.714753055939326, 35.725546057606131 ], [ -77.714371108314452, 35.725206103529707 ], [ -77.713139159977004, 35.724106150939576 ], [ -77.71313882194049, 35.724105849808488 ], [ -77.709542035707329, 35.72090903971948 ], [ -77.707490011501321, 35.719083017828531 ], [ -77.706579229018246, 35.718272101878377 ], [ -77.706576789992283, 35.718269856713022 ], [ -77.706516293793257, 35.718212287407084 ], [ -77.706515687796681, 35.718211713134963 ], [ -77.705255020553494, 35.717022027300906 ], [ -77.703292395193941, 35.715171381434985 ], [ -77.703291590469973, 35.715170614128752 ], [ -77.702346312483726, 35.714259202303943 ], [ -77.702339525514603, 35.714252954035963 ], [ -77.702055457952795, 35.714003289283895 ], [ -77.702052575626325, 35.714000654506812 ], [ -77.701892258679763, 35.71384825435193 ], [ -77.701891723349604, 35.713847747332736 ], [ -77.700402034962238, 35.712442041285719 ], [ -77.699044016459013, 35.711159023925312 ], [ -77.6930130251273, 35.705465031901554 ], [ -77.690506038287737, 35.703095934575892 ], [ -77.690501889589328, 35.703092123233162 ], [ -77.685876009785559, 35.698961016680101 ], [ -77.676529082876243, 35.690618082039173 ], [ -77.67484146712799, 35.689108005695552 ], [ -77.674837262113414, 35.68910376193994 ], [ -77.674833595830478, 35.689099044943056 ], [ -77.669240999624805, 35.680936012763624 ], [ -77.665133797458381, 35.674939097419916 ], [ -77.665131332499286, 35.67493508467313 ], [ -77.665135389354447, 35.674932693003306 ], [ -77.665415655905832, 35.674785699882435 ], [ -77.665418316125496, 35.67478427898363 ], [ -77.665701149540908, 35.674630457580406 ], [ -77.665987868377869, 35.674478064995157 ], [ -77.6659881196383, 35.674477931219499 ], [ -77.666272990784861, 35.674326000311069 ], [ -77.6665562268537, 35.674174940511797 ], [ -77.666559791700962, 35.674173129852832 ], [ -77.666819132776155, 35.674047863768465 ], [ -77.666826766186418, 35.674043972897081 ], [ -77.670248952377548, 35.672206242386807 ], [ -77.670260792807909, 35.672199351443147 ], [ -77.67140784796571, 35.671478089719784 ], [ -77.671408134431857, 35.671477909252985 ], [ -77.67215732291632, 35.671005052206681 ], [ -77.672160637459982, 35.671002914210689 ], [ -77.672421268528851, 35.670831135335298 ], [ -77.672424758429841, 35.670828937065416 ], [ -77.672697012573579, 35.670665189819843 ], [ -77.672700941037405, 35.67066276486743 ], [ -77.672968767610669, 35.670493141666881 ], [ -77.673238992006972, 35.670322999962131 ], [ -77.673508990992673, 35.670152999689037 ], [ -77.673778908723108, 35.669983051562298 ], [ -77.674049908810176, 35.669812052061594 ], [ -77.674319991739182, 35.669641999467018 ], [ -77.674589766653099, 35.669472141383196 ], [ -77.674590214706001, 35.669471858446556 ], [ -77.674859884988152, 35.669301066814207 ], [ -77.674989558622698, 35.669219167591393 ], [ -77.674996333341213, 35.669214693928673 ], [ -77.675277219983514, 35.669020911510593 ], [ -77.67528288384959, 35.669017279125114 ], [ -77.676274835972464, 35.668427255914608 ], [ -77.676288768920102, 35.66841816328521 ], [ -77.676492863570147, 35.66827251813676 ], [ -77.676497195030976, 35.668269594901254 ], [ -77.676654579180621, 35.66816926311926 ], [ -77.67782993055944, 35.66742803809116 ], [ -77.678639963099613, 35.666918017637194 ], [ -77.67945090670996, 35.666407053602391 ], [ -77.679990972674545, 35.666066011235351 ], [ -77.680252396977465, 35.665901006342928 ], [ -77.68025562280701, 35.665899054338688 ], [ -77.680473992346734, 35.665772477430302 ], [ -77.680485734557706, 35.665765116104993 ], [ -77.681241495813296, 35.665254011824906 ], [ -77.681244523097874, 35.66525204325535 ], [ -77.685318633699978, 35.662706222935697 ], [ -77.685319347369386, 35.662705774886426 ], [ -77.687926835095283, 35.661061098011018 ], [ -77.687927147040128, 35.66106090084881 ], [ -77.688103782739745, 35.660949031494887 ], [ -77.688110119994832, 35.660944847242988 ], [ -77.68893996906489, 35.660374014787529 ], [ -77.70066043692583, 35.652316381302917 ], [ -77.70069143976653, 35.652295373305662 ], [ -77.700692559835048, 35.652294608776394 ], [ -77.702957982829489, 35.650737005717723 ], [ -77.710296976847445, 35.64569000984914 ], [ -77.712078965880778, 35.644465017860391 ], [ -77.716743989166204, 35.641256001221926 ], [ -77.719969693695646, 35.639037204126566 ], [ -77.719970287844035, 35.639036793860399 ], [ -77.72014556077248, 35.638915298109247 ], [ -77.720358852843404, 35.638769094899217 ], [ -77.720359132232346, 35.638768903041083 ], [ -77.721047890280673, 35.638295069287217 ], [ -77.721048091675328, 35.63829493055551 ], [ -77.723761340263863, 35.636423448757313 ], [ -77.723762649325479, 35.636422561018918 ], [ -77.723946794122952, 35.636299798250548 ], [ -77.723949176874413, 35.636298184875407 ], [ -77.726457969409651, 35.634573014314917 ], [ -77.730903877297393, 35.631514078149365 ], [ -77.732938582394965, 35.63011828054924 ], [ -77.732939399478155, 35.630117717047519 ], [ -77.733851721608929, 35.629485187494936 ], [ -77.737552987572371, 35.626937002621503 ], [ -77.739061979906495, 35.625898008044587 ], [ -77.746386981161663, 35.620856006338421 ], [ -77.749988919122075, 35.618376049317853 ], [ -77.753506950567996, 35.61595840226186 ], [ -77.753511097772758, 35.615955700878104 ], [ -77.757395942724742, 35.613560029692295 ], [ -77.772302852321559, 35.60437908555113 ], [ -77.772303128941516, 35.604378914874808 ], [ -77.784018933463756, 35.597137035972196 ], [ -77.786915187738643, 35.595349496318427 ], [ -77.786916790310698, 35.595348496746404 ], [ -77.787080306844416, 35.595245430939215 ], [ -77.787081682479524, 35.595244579336345 ], [ -77.787306584000461, 35.595107855601633 ], [ -77.787309383598341, 35.595106121925433 ], [ -77.787548152755747, 35.594955528540986 ], [ -77.787950820788012, 35.594707105608556 ], [ -77.788614028796104, 35.594299819392525 ], [ -77.788619888104009, 35.594296079342577 ], [ -77.788707545973153, 35.594237958157478 ], [ -77.788710469776689, 35.594236091730906 ], [ -77.799872987685035, 35.58738000232686 ], [ -77.801525660017063, 35.586364817859327 ], [ -77.801528309834069, 35.586363161509894 ], [ -77.801776302522669, 35.586205438395183 ], [ -77.801777687693729, 35.586204573232671 ], [ -77.806229395836709, 35.583474364601258 ], [ -77.80623058290611, 35.583473630866528 ], [ -77.806286580628495, 35.583438747745802 ], [ -77.80629103182973, 35.583436286109098 ], [ -77.806295993374761, 35.583437406786935 ], [ -77.806695728191357, 35.583549801242903 ], [ -77.806704303321155, 35.583552008718591 ], [ -77.807400859503701, 35.583714969398045 ], [ -77.808100424133741, 35.583879630873177 ], [ -77.80810354512991, 35.583880418711118 ], [ -77.808390793287771, 35.583957867981688 ], [ -77.808394926124734, 35.583959177420461 ], [ -77.808398754928049, 35.583961175803445 ], [ -77.808586389649449, 35.584069652132293 ], [ -77.808666450466575, 35.584116682210563 ], [ -77.808667544059631, 35.5841173199724 ], [ -77.809043198005668, 35.584334803582017 ], [ -77.809046866906129, 35.584337148119694 ], [ -77.80904980019308, 35.584340365807371 ], [ -77.809290417671548, 35.584628739191885 ], [ -77.809303402452372, 35.584642864574548 ], [ -77.809317681022307, 35.584655680713155 ], [ -77.809333121971761, 35.584667069657286 ], [ -77.810263916896758, 35.585286950840683 ], [ -77.810937947726586, 35.585734970931547 ], [ -77.811204181285106, 35.585912133533398 ], [ -77.811216056235281, 35.585919451342825 ], [ -77.811455404496286, 35.586055666628525 ], [ -77.811456572459477, 35.586056341797622 ], [ -77.812448255659646, 35.586638567862579 ], [ -77.812449720259721, 35.586639444636951 ], [ -77.81258346400098, 35.586721068175336 ], [ -77.812586535192295, 35.586722905010468 ], [ -77.813768352311669, 35.587415453489022 ], [ -77.813773529931851, 35.587418704239525 ], [ -77.815013555966033, 35.588251169095265 ], [ -77.815031500497511, 35.588261899474297 ], [ -77.815050467197878, 35.588270697856025 ], [ -77.815070248786114, 35.588277468085749 ], [ -77.81509062907557, 35.588282136173781 ], [ -77.815111385336536, 35.588284651104082 ], [ -77.815715238059084, 35.588325948264327 ], [ -77.815716744264478, 35.588326045564287 ], [ -77.816417691700238, 35.588368671009064 ], [ -77.816436637460896, 35.588368923950696 ], [ -77.816455522137161, 35.588367382902845 ], [ -77.816474176236312, 35.58836406169663 ], [ -77.81649243233511, 35.588358990140371 ], [ -77.817068008538598, 35.588169300868309 ], [ -77.817081785614079, 35.588164192113069 ], [ -77.818133504704846, 35.587729614100709 ], [ -77.818136497265954, 35.587728433545422 ], [ -77.818493184936159, 35.587594311145693 ], [ -77.818510448056429, 35.587586876222097 ], [ -77.81910681290907, 35.58729608652353 ], [ -77.819395102752097, 35.587156223333203 ], [ -77.819409643330459, 35.587148411963717 ], [ -77.819423490269102, 35.587139428189296 ], [ -77.820121098518968, 35.586644760059038 ], [ -77.820129128201685, 35.586639623517677 ], [ -77.821942073219546, 35.585598249794025 ], [ -77.821950095317334, 35.585594111867742 ], [ -77.822315002142332, 35.585426294125149 ], [ -77.822320086485874, 35.585424286037693 ], [ -77.822325360256556, 35.585422847181086 ], [ -77.822507329518544, 35.58538378583377 ], [ -77.822511010678298, 35.58538313876916 ], [ -77.822514729937552, 35.585382768982804 ], [ -77.822648338991229, 35.585374521714314 ], [ -77.822664631078226, 35.585372844162734 ], [ -77.822680731275199, 35.585369839177588 ], [ -77.822696531611683, 35.585365526910785 ], [ -77.822731721408033, 35.585354355807894 ], [ -77.822736017104774, 35.585353201091387 ], [ -77.82274046520935, 35.58535322841503 ], [ -77.822985803079291, 35.585365735067896 ], [ -77.822990935412307, 35.585366264894738 ], [ -77.822995848117984, 35.585367841879972 ], [ -77.823161937604269, 35.585430841789403 ], [ -77.823167963661817, 35.58543335559505 ], [ -77.823340480919441, 35.585512031166019 ], [ -77.823353012561853, 35.585518867422941 ], [ -77.823469928912331, 35.585593959712554 ], [ -77.823596186503124, 35.585674919464445 ], [ -77.823600785083585, 35.585678252979662 ], [ -77.823604974152175, 35.585682088468332 ], [ -77.82390174737904, 35.585986696227238 ], [ -77.823906082953513, 35.585991442416798 ], [ -77.824144077619039, 35.586269421133814 ], [ -77.824154401549819, 35.586280590277156 ], [ -77.824165544406512, 35.586290942574216 ], [ -77.824305237448812, 35.586411159277823 ], [ -77.824321408806099, 35.586423695123266 ], [ -77.824338776347034, 35.58643451310548 ], [ -77.824357158294177, 35.586443499997984 ], [ -77.82437636225275, 35.586450561739426 ], [ -77.824396187224451, 35.586455624418043 ], [ -77.824416425711078, 35.58645863504529 ], [ -77.824436865886412, 35.586459562110413 ], [ -77.824532412522572, 35.586459003030257 ], [ -77.824583707448554, 35.586458999855481 ], [ -77.82458428865543, 35.586458998975004 ], [ -77.824920920863875, 35.586457999870788 ], [ -77.826008813283934, 35.586454000905974 ], [ -77.826009168852664, 35.586453999282845 ], [ -77.835726277688835, 35.586401003837175 ], [ -77.835727704592685, 35.586401006235661 ], [ -77.836519692854097, 35.586407988250905 ], [ -77.836522288989016, 35.586407994287391 ], [ -77.839401831450999, 35.586396000282235 ], [ -77.839402151109212, 35.586395998695316 ], [ -77.840789687542213, 35.586388001493845 ], [ -77.841524917892841, 35.586385999879312 ], [ -77.842392954109059, 35.586382999686691 ], [ -77.843959915805954, 35.586377000529154 ], [ -77.857924939754142, 35.586313000315087 ], [ -77.859646896219559, 35.586306000076299 ], [ -77.86064394827207, 35.58630100053459 ], [ -77.863693988532034, 35.586286999778736 ], [ -77.865225987800713, 35.586279999671625 ], [ -77.870963978076105, 35.586254000375156 ], [ -77.873750982388685, 35.586240999584952 ], [ -77.875435912178361, 35.586233000229676 ], [ -77.877965735804935, 35.586223001195151 ], [ -77.877966246852566, 35.58622299852231 ], [ -77.878887767074659, 35.586217001445526 ], [ -77.892943668995642, 35.586157001619164 ], [ -77.892944312496226, 35.586156997837001 ], [ -77.895481707591287, 35.586138002057595 ], [ -77.905167680717483, 35.586093001618721 ], [ -77.905168301913534, 35.586092997767921 ], [ -77.905941708311872, 35.586087002242735 ], [ -77.914476961917885, 35.586045000085939 ], [ -77.916012962757648, 35.586036999806986 ], [ -77.917838981100161, 35.586028000329449 ], [ -77.922217953732755, 35.586006000092141 ], [ -77.923513603099366, 35.585999001672107 ], [ -77.923514379612769, 35.585998995970243 ], [ -77.925344063658784, 35.585982008495257 ], [ -77.925345919578518, 35.585982008487498 ], [ -77.925882613510183, 35.585986986869536 ], [ -77.925885369374029, 35.585986993445083 ], [ -77.932100882273716, 35.585959000347628 ], [ -77.932101100168211, 35.585958999247588 ], [ -77.939609963427912, 35.585917000213641 ], [ -77.953539463167687, 35.585843002999006 ], [ -77.953652993351568, 35.585842999664507 ], [ -77.953905364060091, 35.585842999952916 ], [ -77.953906619189326, 35.585842996015941 ], [ -77.955180874226258, 35.585835000540996 ], [ -77.957530849216568, 35.585823000308402 ], [ -77.957531132197346, 35.585822998663147 ], [ -77.958450855668161, 35.585817000675263 ], [ -77.96270793904587, 35.585795000262593 ], [ -77.965169956811948, 35.585781000242591 ], [ -77.973401408856049, 35.585737002722347 ], [ -77.973402574340611, 35.58573699309661 ], [ -77.973580433985475, 35.585735005854175 ], [ -77.975544964706756, 35.585724005302815 ], [ -77.97554701694078, 35.585724014875694 ], [ -77.975677032918668, 35.585725955781399 ], [ -77.975682948475082, 35.585725956595795 ], [ -77.975952079876734, 35.585722013064824 ], [ -77.976134991250788, 35.585721000214349 ], [ -77.978823963807713, 35.585706000384867 ], [ -77.982591985131961, 35.585685999728312 ], [ -77.983163446743973, 35.585683002602522 ], [ -77.98316453643352, 35.585682993918674 ], [ -77.983350431464871, 35.585681006021552 ], [ -77.983547888405141, 35.585680000066077 ], [ -77.983548096408839, 35.585679998898222 ], [ -77.983873674935367, 35.585678001596371 ], [ -77.984210695318524, 35.5856770003696 ], [ -77.984211288025193, 35.585676997730502 ], [ -77.984547988930686, 35.585674999597714 ], [ -77.984883989984894, 35.585673000329756 ], [ -77.985220991680947, 35.585671000363718 ], [ -77.985557990927134, 35.585669000363104 ], [ -77.985894991248898, 35.585667000338482 ], [ -77.986231989707917, 35.585665000291648 ], [ -77.9865676927122, 35.585663001731014 ], [ -77.98690469494359, 35.585662000409371 ], [ -77.986905287172789, 35.585661997772846 ], [ -77.987241990999209, 35.585660000277926 ], [ -77.987578989341856, 35.585658000101162 ], [ -77.987914989448626, 35.585655999667942 ], [ -77.988251991332945, 35.58565400030745 ], [ -77.988588990667253, 35.585652000011748 ], [ -77.988925658504257, 35.585650001666089 ], [ -77.988926322970585, 35.585649996618173 ], [ -77.989033072023503, 35.58564900830519 ], [ -77.989168223507704, 35.585648999630116 ], [ -77.98916977256674, 35.585648993531635 ], [ -77.989296683815809, 35.58564800239018 ], [ -77.989719880023372, 35.58564600018601 ], [ -77.989720102180257, 35.585645999011561 ], [ -77.992629805347292, 35.585629000584341 ], [ -77.992880847338995, 35.585628000304673 ], [ -77.992881135685138, 35.585627998947892 ], [ -77.995460791486849, 35.585614000986517 ], [ -77.995461191452691, 35.585613998416235 ], [ -77.996268489079426, 35.58560800322676 ], [ -77.996685630126052, 35.585607000755502 ], [ -77.996686352831603, 35.585606997712915 ], [ -77.99834354601947, 35.585597026671984 ], [ -77.998347974825037, 35.585597196947923 ], [ -77.998352371029085, 35.585597759711632 ], [ -77.998444348640135, 35.585613715379786 ], [ -77.998447622626983, 35.58561433970673 ], [ -77.999118790480082, 35.585753957904778 ], [ -77.999119191928614, 35.58575404098606 ], [ -77.999322874282484, 35.585795976168903 ], [ -77.999323108285566, 35.585796024201024 ], [ -78.013674689623727, 35.588732938553214 ], [ -78.01454058708805, 35.588912916424277 ], [ -78.014541394772905, 35.588913082566357 ], [ -78.015778753129993, 35.589164951569792 ], [ -78.016797878626477, 35.589374976327029 ], [ -78.016798103508805, 35.589375022536984 ], [ -78.021790921070362, 35.590397985635875 ], [ -78.022755920962723, 35.590594985420836 ], [ -78.026269960780041, 35.591314993658933 ], [ -78.032751962384623, 35.592640993762693 ], [ -78.036834931525675, 35.593474987957912 ], [ -78.042427942771937, 35.594620989893976 ], [ -78.046483717046996, 35.595449944072854 ], [ -78.046647166341344, 35.595483828743234 ], [ -78.046648819086698, 35.595484164112563 ], [ -78.046783484030612, 35.59551089921974 ], [ -78.046784497503836, 35.595511105878764 ], [ -78.04682657029403, 35.595519911888438 ], [ -78.046827412226293, 35.595520086220205 ], [ -78.046909368984885, 35.595536872674593 ], [ -78.046961343342858, 35.595547862743153 ], [ -78.046962655491313, 35.595548135609469 ], [ -78.047230978216845, 35.595602997091866 ], [ -78.048571949234287, 35.595876991151215 ], [ -78.049086933903467, 35.595981988164958 ], [ -78.050333988680293, 35.596236999145262 ], [ -78.053565990590513, 35.596898000035033 ], [ -78.057860389131122, 35.59777622365452 ], [ -78.057879816219042, 35.597779210754439 ], [ -78.057899442698542, 35.597780276500174 ], [ -78.057919079009935, 35.597779410598385 ], [ -78.057938535498621, 35.597776621412244 ], [ -78.057957624246768, 35.597771935880736 ], [ -78.057976160888316, 35.597765399258428 ], [ -78.057993966389674, 35.597757074678377 ], [ -78.058010868778823, 35.597747042542409 ], [ -78.05802670480638, 35.597735399744522 ], [ -78.058041321522225, 35.597722258735089 ], [ -78.058054577752841, 35.597707746434743 ], [ -78.058066345464709, 35.597692003008554 ], [ -78.058076511001033, 35.597675180512226 ], [ -78.058143778043799, 35.597550394337304 ], [ -78.058228842099538, 35.597394273117771 ], [ -78.058229139907283, 35.59739372450408 ], [ -78.058334987520311, 35.597198006931265 ], [ -78.060386942472803, 35.593403089296885 ], [ -78.060387039039682, 35.593402910487534 ], [ -78.061139958268882, 35.592007061777615 ], [ -78.062647990765541, 35.589215999800309 ], [ -78.063163981906911, 35.588261016520477 ], [ -78.064612966220622, 35.585578045963153 ], [ -78.0646858551424, 35.58544325120954 ], [ -78.064781664561906, 35.585267274098442 ], [ -78.064784103541285, 35.585263271200191 ], [ -78.06478865515399, 35.585264392975702 ], [ -78.065419963250193, 35.585452991568083 ], [ -78.066693963247459, 35.585833991261865 ], [ -78.067011931331663, 35.585928982144999 ], [ -78.067355772085477, 35.586031934408517 ], [ -78.06735621018835, 35.586032065039184 ], [ -78.067648809464302, 35.586118946366142 ], [ -78.069240448802447, 35.58659483749647 ], [ -78.069241535074667, 35.586595158937079 ], [ -78.069561991523003, 35.586688999530097 ], [ -78.06988285320223, 35.586782959843433 ], [ -78.069883129270082, 35.586783040470962 ], [ -78.071166887513527, 35.587156969437459 ], [ -78.071484698552752, 35.587249914051391 ], [ -78.071626589288485, 35.58729188091943 ], [ -78.071627394923908, 35.587292117363482 ], [ -78.07180880381668, 35.587344945305233 ], [ -78.076949957128733, 35.588852990304076 ], [ -78.077600707530692, 35.589043624276286 ], [ -78.077603280003999, 35.589044359222584 ], [ -78.077680191636759, 35.589065777234154 ], [ -78.077681787593448, 35.589066235981633 ], [ -78.078385231856558, 35.589274775166686 ], [ -78.07936342417662, 35.589573216536145 ], [ -78.079368579440725, 35.589574714053413 ], [ -78.079644161791677, 35.5896507706438 ], [ -78.079645816638276, 35.589651242717302 ], [ -78.084695771227217, 35.591138934851834 ], [ -78.086139662109588, 35.591567901767505 ], [ -78.086140321635781, 35.591568096473488 ], [ -78.086831305143932, 35.591770798519057 ], [ -78.087618621134595, 35.592007888632821 ], [ -78.087619362878044, 35.592008110434428 ], [ -78.089696721493979, 35.592624919866857 ], [ -78.089697261373729, 35.592625079341545 ], [ -78.09152016066912, 35.593160756072912 ], [ -78.094194950261098, 35.59397198791293 ], [ -78.095472880535496, 35.594358966710118 ], [ -78.096110944097816, 35.594552986190159 ], [ -78.096759680505457, 35.594749905347619 ], [ -78.096760302154649, 35.594750092943038 ], [ -78.099019843474068, 35.595427955877511 ], [ -78.099020138493202, 35.595428044135815 ], [ -78.10128587898032, 35.596103966067282 ], [ -78.103528773054194, 35.596775934513964 ], [ -78.106077968098475, 35.597545992629819 ], [ -78.110540980926928, 35.598892996640792 ], [ -78.112037851384244, 35.599344957194724 ], [ -78.112518826446106, 35.599490949631623 ], [ -78.112519155691345, 35.599491049259704 ], [ -78.11366598122585, 35.599836997081745 ], [ -78.115640752876786, 35.600432928515964 ], [ -78.115641228850095, 35.600433071506544 ], [ -78.115853813201227, 35.600496647645279 ], [ -78.115856173799472, 35.600497337829438 ], [ -78.116077576611588, 35.600560595818642 ], [ -78.116080410999132, 35.600561383144417 ], [ -78.116619938559211, 35.600706985743152 ], [ -78.117280754969087, 35.600884936173969 ], [ -78.117281227508556, 35.600885062803876 ], [ -78.117610448338937, 35.600972855132618 ], [ -78.117731566468322, 35.601005883925744 ], [ -78.117732422021902, 35.601006115199006 ], [ -78.117940906297321, 35.601061977283457 ], [ -78.118271959540806, 35.601150991518665 ], [ -78.118401676905151, 35.601185915092046 ], [ -78.118533853547973, 35.601221962601606 ], [ -78.118534129722988, 35.601222037708411 ], [ -78.118650658722729, 35.601253638668339 ], [ -78.118653328907854, 35.601254343029844 ], [ -78.118690389074601, 35.60126384587042 ], [ -78.118691591167973, 35.601264162082167 ], [ -78.118931917201621, 35.601328979687821 ], [ -78.119262917872291, 35.601417979926396 ], [ -78.11959298990061, 35.601506999346796 ], [ -78.120011898133825, 35.601619974664644 ], [ -78.120078850050319, 35.601637961643377 ], [ -78.120079132761688, 35.601638037373093 ], [ -78.120239155526306, 35.601680777106374 ], [ -78.12024082270149, 35.601681237867922 ], [ -78.120252562673983, 35.601684592029535 ], [ -78.120255426476334, 35.601685387262357 ], [ -78.120583879199131, 35.601773970028283 ], [ -78.120584102790843, 35.601774030191514 ], [ -78.121030984461513, 35.601893998084677 ], [ -78.121574872659039, 35.602039968439165 ], [ -78.121904624015826, 35.602128901107186 ], [ -78.121905358303422, 35.602129097645587 ], [ -78.122032132748046, 35.602162771875484 ], [ -78.122141304649972, 35.60219281087754 ], [ -78.1221426915954, 35.602193187145197 ], [ -78.122227829819053, 35.602215956421809 ], [ -78.122565983466856, 35.602306997837367 ], [ -78.12302283024944, 35.602429957074698 ], [ -78.123225828435622, 35.602484955410688 ], [ -78.123226154854933, 35.60248504355144 ], [ -78.12423286707967, 35.602755966292449 ], [ -78.12435468847768, 35.602788918010084 ], [ -78.124355295328058, 35.602789081135604 ], [ -78.124500841774307, 35.602827959944214 ], [ -78.125521615565575, 35.603102329386729 ], [ -78.125539130529432, 35.603106204137156 ], [ -78.12555692222729, 35.603108493926833 ], [ -78.125581933756777, 35.603110578067742 ], [ -78.125586831816094, 35.603111237751989 ], [ -78.12558930280376, 35.603115517984492 ], [ -78.125695730617011, 35.603323580058365 ], [ -78.125699802940488, 35.603332621587334 ], [ -78.126087842932449, 35.604322621693818 ], [ -78.126088140664478, 35.604323376779483 ], [ -78.126229934376411, 35.604680855980867 ], [ -78.126230048440945, 35.604681142905022 ], [ -78.12638283161354, 35.605064599520063 ], [ -78.126454587620358, 35.605246974218097 ], [ -78.12645540678578, 35.60524902296283 ], [ -78.126480769885063, 35.605311455218256 ], [ -78.126615380392849, 35.605648470207846 ], [ -78.126616628441468, 35.605651521607051 ], [ -78.127122563176272, 35.606859977367954 ], [ -78.127123430359092, 35.606862016890489 ], [ -78.127258963194635, 35.607175934220486 ], [ -78.127311710243916, 35.60729834698072 ], [ -78.127312263500684, 35.607299656488728 ], [ -78.127432996344581, 35.607591183180112 ], [ -78.127437234262601, 35.607600706337202 ], [ -78.127595458140277, 35.607932685060788 ], [ -78.127599882419091, 35.607943574945942 ], [ -78.128019115038967, 35.609179415909338 ], [ -78.128020938536537, 35.609184559562593 ], [ -78.128733353310892, 35.611110274678495 ], [ -78.128734565816757, 35.611113747147023 ], [ -78.128826083063359, 35.611392193685639 ], [ -78.128830251017689, 35.611403679552595 ], [ -78.128864977283015, 35.61149096438632 ], [ -78.130057164546557, 35.614490919453587 ], [ -78.130058724253331, 35.614495115567735 ], [ -78.130250709077131, 35.615049299690568 ], [ -78.130253416767005, 35.615056647397665 ], [ -78.131541904211332, 35.618352775687704 ], [ -78.133328927762648, 35.622956835730243 ], [ -78.133329055664731, 35.622957164395864 ], [ -78.133463969476793, 35.623302945432535 ], [ -78.134212862582615, 35.625225670879317 ], [ -78.134249727495288, 35.625321315659079 ], [ -78.13425026054523, 35.625322683655369 ], [ -78.134494810410743, 35.625943539924592 ], [ -78.13517187852888, 35.62768771120485 ], [ -78.135281670018131, 35.627973164803656 ], [ -78.135282320126379, 35.627974832742225 ], [ -78.136294765566092, 35.630538428055523 ], [ -78.136295210126363, 35.630539574293444 ], [ -78.136843319962878, 35.631978984693866 ], [ -78.136849180587959, 35.631992794422573 ], [ -78.136890506679421, 35.63208083634111 ], [ -78.136893252226486, 35.632087259929939 ], [ -78.142992841539552, 35.647861612213475 ], [ -78.142993143176014, 35.647862387488559 ], [ -78.143515983808413, 35.649197981545306 ], [ -78.147866948701733, 35.660318892313349 ], [ -78.147951947335599, 35.660536887462314 ], [ -78.147952035336644, 35.660537112755115 ], [ -78.148130442267103, 35.660993041363014 ], [ -78.148133707168, 35.661000889316554 ], [ -78.148266103944835, 35.661300989513798 ], [ -78.148267788402663, 35.661305046710872 ], [ -78.150427941941004, 35.666848873692324 ], [ -78.150428040534194, 35.666849126216249 ], [ -78.1506148665176, 35.667326682726042 ], [ -78.150748949695497, 35.667672893808941 ], [ -78.150749032350063, 35.66767310686663 ], [ -78.150898932105065, 35.668058847968844 ], [ -78.150899050267938, 35.668059151309109 ], [ -78.151349732303714, 35.669213335565232 ], [ -78.15196685086002, 35.670827633127161 ], [ -78.151967133113203, 35.670828367133026 ], [ -78.152007905361913, 35.670933777214145 ], [ -78.15232098276843, 35.671748976830123 ], [ -78.153375947757283, 35.674493886833105 ], [ -78.15337603504328, 35.674494113531019 ], [ -78.154813704465496, 35.678221255912078 ], [ -78.154814266453158, 35.678222748186322 ], [ -78.155328217606296, 35.679621173927679 ], [ -78.15533201058976, 35.679630728515214 ], [ -78.155569275602602, 35.680186323179164 ], [ -78.155570645814123, 35.68018970092195 ], [ -78.157506652769982, 35.685223717856964 ], [ -78.157514623276782, 35.685241738599593 ], [ -78.157524328412293, 35.685258887549651 ], [ -78.157535673969718, 35.685274998243933 ], [ -78.157548549818813, 35.685289914297478 ], [ -78.157641861557948, 35.68538781542032 ], [ -78.15764413900736, 35.685390166066036 ], [ -78.157834380722278, 35.685583333948827 ], [ -78.157837756654231, 35.685587134302189 ], [ -78.157839330529072, 35.68559196778159 ], [ -78.1581369912643, 35.686696000144188 ], [ -78.158435939116018, 35.687804808641935 ], [ -78.158436042759192, 35.687805191547028 ], [ -78.158509707290321, 35.688076275620851 ], [ -78.158512504436274, 35.688085655660494 ], [ -78.158667296902181, 35.688561863284299 ], [ -78.158668589395049, 35.688566166053803 ], [ -78.158818980503909, 35.689110961038871 ], [ -78.159802787893341, 35.692669266916688 ], [ -78.159803198958613, 35.692670731966139 ], [ -78.160040978262373, 35.693505956383838 ], [ -78.160254990270587, 35.694258997877448 ], [ -78.160439974734714, 35.694909943582722 ], [ -78.160754840883413, 35.696015472935294 ], [ -78.16082487301631, 35.696266575368945 ], [ -78.161340840077855, 35.698148802283399 ], [ -78.161341800674322, 35.698153018123392 ], [ -78.161341640253937, 35.698157339139861 ], [ -78.161326045022889, 35.698350333293696 ], [ -78.161325941679408, 35.698351667798875 ], [ -78.161210027743039, 35.699916505852663 ], [ -78.161028027057824, 35.702218541280203 ], [ -78.160815997953534, 35.70475191410334 ], [ -78.160559031997607, 35.707854505092556 ], [ -78.160558952533592, 35.707855494369774 ], [ -78.160525992894122, 35.708278984198699 ], [ -78.160334002218448, 35.710740859500326 ], [ -78.160333136077853, 35.710751767646123 ], [ -78.160332545677321, 35.710771451516663 ], [ -78.160333893933583, 35.710791098031308 ], [ -78.160337167775182, 35.710810516715441 ], [ -78.160342335461934, 35.710829519303317 ], [ -78.160349346892716, 35.710847921563257 ], [ -78.160358134091098, 35.71086554508382 ], [ -78.16036861186447, 35.710882219003501 ], [ -78.160380678629934, 35.710897781667263 ], [ -78.160394217399215, 35.710912082193786 ], [ -78.160409096912801, 35.710924981938277 ], [ -78.160425172912568, 35.71093635583663 ], [ -78.16044228954037, 35.710946093617956 ], [ -78.160460280849065, 35.710954100873657 ], [ -78.160478972411426, 35.710960299972719 ], [ -78.160498183011171, 35.710964630814367 ], [ -78.160517726399974, 35.710967051410712 ], [ -78.160537413103029, 35.710967538293893 ], [ -78.16055705225611, 35.710966086743525 ], [ -78.160576453456002, 35.710962710832511 ], [ -78.160595428606456, 35.710957443290589 ], [ -78.1606336216052, 35.710944785031479 ], [ -78.160638341394801, 35.710943155090249 ], [ -78.160758231132974, 35.710900069649085 ], [ -78.160769613566771, 35.710895581385486 ], [ -78.160852833000163, 35.710859788054542 ], [ -78.160857054605358, 35.710858194525926 ], [ -78.160861476247362, 35.710857392014141 ], [ -78.160996095039025, 35.710839153858409 ], [ -78.161011854353873, 35.710836372710332 ], [ -78.161027340867889, 35.710832340505895 ], [ -78.161118954540356, 35.710804529102013 ], [ -78.161124043802488, 35.710803272324142 ], [ -78.161129236938265, 35.710802557188927 ], [ -78.161275905215732, 35.710790175639801 ], [ -78.161280083178696, 35.710789910890135 ], [ -78.161394342237514, 35.710785069356461 ], [ -78.161397641135608, 35.71078498407384 ], [ -78.161604183289853, 35.710783054042466 ], [ -78.16160995475623, 35.710783335430371 ], [ -78.161615654752765, 35.710784283608341 ], [ -78.161755011441997, 35.710815870856081 ], [ -78.161759869006019, 35.710817235909829 ], [ -78.161763784893679, 35.710820417909744 ], [ -78.161847825190534, 35.710896146442266 ], [ -78.161850858988316, 35.710899123980013 ], [ -78.161853628285243, 35.710902348984554 ], [ -78.161921970742782, 35.710989163390117 ], [ -78.161924790263257, 35.710993128872381 ], [ -78.161927209765764, 35.710997350335461 ], [ -78.161974758150379, 35.711090582352547 ], [ -78.161977090976421, 35.711095480505328 ], [ -78.162021011372545, 35.711194535649405 ], [ -78.162022742673358, 35.711199019032321 ], [ -78.162021705962687, 35.711203711936889 ], [ -78.161994163315157, 35.711304703888821 ], [ -78.161992805643976, 35.711308931066441 ], [ -78.161990727458004, 35.711312834597244 ], [ -78.161933706865284, 35.711409401542916 ], [ -78.161930779503294, 35.711413804214054 ], [ -78.161926614618764, 35.711417061007076 ], [ -78.161792208568627, 35.711511050396098 ], [ -78.161787885365555, 35.711513753580547 ], [ -78.161782945193679, 35.711515015322291 ], [ -78.161645847711284, 35.711542606941457 ], [ -78.161629197678721, 35.711546707690388 ], [ -78.161612960109821, 35.711552219594076 ], [ -78.161329343533765, 35.711662266724694 ], [ -78.161312377357845, 35.711669772820308 ], [ -78.161296179709495, 35.711678818746741 ], [ -78.161093533599157, 35.711804663108396 ], [ -78.161092444410741, 35.711805329901154 ], [ -78.160955750615685, 35.711887817453892 ], [ -78.160939618158793, 35.711898655455037 ], [ -78.16092461380876, 35.711911008103101 ], [ -78.160910879251077, 35.711924758752517 ], [ -78.16089854418064, 35.711939777556438 ], [ -78.160887725077018, 35.711955922692887 ], [ -78.160878524104604, 35.711973041703978 ], [ -78.16087102814781, 35.711990972935553 ], [ -78.160865307990662, 35.712009547063701 ], [ -78.160861417648377, 35.712028588693641 ], [ -78.160859393857322, 35.712047918016026 ], [ -78.160859255728056, 35.712067352504818 ], [ -78.160861004564936, 35.712086708640889 ], [ -78.160864623853755, 35.712105803645009 ], [ -78.160870079417734, 35.712124457203807 ], [ -78.16087731974018, 35.712142493172458 ], [ -78.160886276451009, 35.712159741238004 ], [ -78.160896864972358, 35.712176038527645 ], [ -78.160908985317235, 35.712191231146718 ], [ -78.160977377469891, 35.712268896768329 ], [ -78.160980746263164, 35.712273172360803 ], [ -78.160983628427815, 35.712277789999405 ], [ -78.161065596007248, 35.712426649048112 ], [ -78.161067759335623, 35.712431085755483 ], [ -78.161069004659453, 35.712435862107064 ], [ -78.161093357088461, 35.712552755765898 ], [ -78.161099213008413, 35.712574596895287 ], [ -78.161107496967219, 35.712595637398081 ], [ -78.161168874792295, 35.712728892203621 ], [ -78.161180422879966, 35.712750402046289 ], [ -78.161231156920522, 35.712832453227591 ], [ -78.161241195260658, 35.712847178291781 ], [ -78.161252504539092, 35.712860951309231 ], [ -78.161264994961329, 35.712873662923634 ], [ -78.161278567354728, 35.712885212206103 ], [ -78.161293113955921, 35.712895507456558 ], [ -78.161359515059829, 35.712938193714933 ], [ -78.161374865197658, 35.712947124301273 ], [ -78.161504029528672, 35.713014781515028 ], [ -78.161524475045042, 35.713024067910546 ], [ -78.161639236051769, 35.713068602477584 ], [ -78.161657026423484, 35.713074562289869 ], [ -78.161838116973669, 35.713125916708286 ], [ -78.161860143036733, 35.713130839288304 ], [ -78.162036923114044, 35.713159989022365 ], [ -78.162187255450661, 35.713184884550536 ], [ -78.162200788400398, 35.713186653633194 ], [ -78.16247616790838, 35.713213132711331 ], [ -78.162495964843799, 35.713214049854628 ], [ -78.162515755355088, 35.713213003209411 ], [ -78.162535345119338, 35.71321000305268 ], [ -78.16259436912533, 35.713197943993471 ], [ -78.162599004380496, 35.713197222712402 ], [ -78.162603692661108, 35.713197383529213 ], [ -78.162725806002868, 35.713207352075742 ], [ -78.162745971319993, 35.713207977280121 ], [ -78.162766097025525, 35.713206567715559 ], [ -78.162865372631657, 35.713194558575552 ], [ -78.162869933953516, 35.713194221003825 ], [ -78.162873766598551, 35.713196717089275 ], [ -78.162973081162519, 35.713268186517077 ], [ -78.16297680199925, 35.713271146112909 ], [ -78.162978728754481, 35.713275492542166 ], [ -78.163052043301178, 35.713465016859701 ], [ -78.163060425492205, 35.713483763436855 ], [ -78.163070685786366, 35.713501551681425 ], [ -78.163082716015737, 35.713518194062942 ], [ -78.163096389353043, 35.713533515131068 ], [ -78.163111561648719, 35.713547353365243 ], [ -78.163275206885217, 35.713681889527471 ], [ -78.163278820800159, 35.71368516991118 ], [ -78.163282096603012, 35.713688787978512 ], [ -78.163316978074022, 35.713731326352942 ], [ -78.163319748328647, 35.713735052422713 ], [ -78.163318754382701, 35.713739587836564 ], [ -78.16328330133841, 35.713871139612458 ], [ -78.16327915034914, 35.713890197085696 ], [ -78.16327687540209, 35.713909568265684 ], [ -78.16327649813303, 35.713929068923775 ], [ -78.163278022129958, 35.713948513599952 ], [ -78.16328143289897, 35.713967717366586 ], [ -78.163286698002139, 35.713986497587207 ], [ -78.163293767365943, 35.714004675653484 ], [ -78.163302573757562, 35.714022078683819 ], [ -78.163313033424245, 35.714038541167561 ], [ -78.163325046889852, 35.714053906539093 ], [ -78.16334385229473, 35.714075681218354 ], [ -78.163357219807736, 35.714089721893068 ], [ -78.163371883910159, 35.714102402391902 ], [ -78.163387706821425, 35.714113603571739 ], [ -78.163404539873028, 35.714123220188839 ], [ -78.163422224905418, 35.714131161887643 ], [ -78.163440595754039, 35.714137354049733 ], [ -78.163607763612049, 35.714184812734317 ], [ -78.163630513858465, 35.714189860214468 ], [ -78.163854232605161, 35.714225972258916 ], [ -78.16387304977205, 35.714228101518827 ], [ -78.163891983971979, 35.714228441504524 ], [ -78.164038054914244, 35.714224144817045 ], [ -78.164047914808833, 35.714223610925686 ], [ -78.164225085871777, 35.714209623853904 ], [ -78.164244181014055, 35.71420718706689 ], [ -78.164262953438111, 35.714202925789508 ], [ -78.164281229235073, 35.714196879498509 ], [ -78.164298839096887, 35.714189104207072 ], [ -78.164315619884718, 35.714179671945978 ], [ -78.164331416140357, 35.71416867009625 ], [ -78.164346081526347, 35.714156200579687 ], [ -78.164359480181673, 35.714142378914623 ], [ -78.164371487980389, 35.714127333145804 ], [ -78.164381993681545, 35.714111202658117 ], [ -78.164390899959699, 35.714094136885379 ], [ -78.16439812430653, 35.714076293925913 ], [ -78.164403599795278, 35.714057839077967 ], [ -78.164407275700697, 35.71403894330836 ], [ -78.164409117968958, 35.714019781668625 ], [ -78.164409109533182, 35.714000531673342 ], [ -78.164407250471527, 35.713981371655613 ], [ -78.164403558006455, 35.713962479114983 ], [ -78.164398066345171, 35.71394402907309 ], [ -78.164390826362762, 35.713926192452213 ], [ -78.164381905130853, 35.713909134491871 ], [ -78.164371385296263, 35.713893013218041 ], [ -78.164359364315388, 35.713877977979159 ], [ -78.16434595355129, 35.713864168062571 ], [ -78.16427500332189, 35.713797816559818 ], [ -78.164272117110883, 35.713794885228317 ], [ -78.164269482193831, 35.713791726093682 ], [ -78.16417027479703, 35.713662284700419 ], [ -78.164167240336312, 35.713657848908866 ], [ -78.164164701375441, 35.713653112045094 ], [ -78.164080679372248, 35.713473738215114 ], [ -78.164076050069554, 35.713461967858969 ], [ -78.164024548235361, 35.713301945741968 ], [ -78.164018780786961, 35.713286295680071 ], [ -78.163960698859668, 35.713146899377051 ], [ -78.163950874274676, 35.713126620761713 ], [ -78.163938830962877, 35.713107575989433 ], [ -78.16388451518732, 35.713031532893481 ], [ -78.163882154043321, 35.713027904001663 ], [ -78.163880463069475, 35.713023936189217 ], [ -78.163842683520699, 35.712923499979652 ], [ -78.163841243469477, 35.712919030821361 ], [ -78.163843711698661, 35.712915036453936 ], [ -78.163919310604612, 35.712804903992719 ], [ -78.163922091515985, 35.71280123760809 ], [ -78.163926660280595, 35.712801787364093 ], [ -78.164164055387133, 35.712841829635956 ], [ -78.16417769418409, 35.712845129823798 ], [ -78.164516153757191, 35.712952695310264 ], [ -78.164536210555355, 35.712957942072364 ], [ -78.164556702738125, 35.712961084382044 ], [ -78.16499621712255, 35.713005317950724 ], [ -78.165009795957715, 35.713006219219189 ], [ -78.165122101035706, 35.713009842030296 ], [ -78.165131882475819, 35.713009918236054 ], [ -78.165235252018846, 35.713008195310891 ], [ -78.165258627732541, 35.713006431666273 ], [ -78.165383809369885, 35.712989563333082 ], [ -78.165388000511626, 35.712989177716807 ], [ -78.165392181843956, 35.712989501716137 ], [ -78.16557496765823, 35.713011398271483 ], [ -78.165585039274603, 35.713012347112226 ], [ -78.165736035247832, 35.713022727618579 ], [ -78.165739967791211, 35.713023155123629 ], [ -78.165743854117352, 35.713023892773577 ], [ -78.166082250734434, 35.713102134635029 ], [ -78.166089655063175, 35.713104148900854 ], [ -78.166234603430055, 35.713149623056928 ], [ -78.166243233525819, 35.713152773067421 ], [ -78.166355230915244, 35.713199591439292 ], [ -78.166366407566542, 35.713205106227541 ], [ -78.166549204907014, 35.713309960177639 ], [ -78.166567240982189, 35.713319126128631 ], [ -78.166760059667254, 35.713405138032144 ], [ -78.166763884567203, 35.713406942158699 ], [ -78.166904777689169, 35.713477078509428 ], [ -78.166922667473401, 35.713484918593835 ], [ -78.166941236704758, 35.713490976229515 ], [ -78.166960308273971, 35.71349519364005 ], [ -78.166979700280521, 35.713497530600705 ], [ -78.16699922776769, 35.713497964822047 ], [ -78.167018704486551, 35.713496492162584 ], [ -78.167037944672387, 35.713493126668205 ], [ -78.167056764816493, 35.713487900438267 ], [ -78.16707498541642, 35.713480863319425 ], [ -78.167097405286796, 35.713470920542484 ], [ -78.167110927064883, 35.713466054913219 ], [ -78.167287712408111, 35.713416479933585 ], [ -78.167298401071648, 35.713414105584512 ], [ -78.167527026127956, 35.713376324533613 ], [ -78.16753095048945, 35.713375635794129 ], [ -78.167700399827453, 35.713344153847004 ], [ -78.167723248732344, 35.713338499955249 ], [ -78.167825747310431, 35.71330663012472 ], [ -78.167831032677356, 35.713305299952843 ], [ -78.167836480879942, 35.713305153151182 ], [ -78.167969033965349, 35.713308860904419 ], [ -78.16797395962611, 35.713309243618944 ], [ -78.167978823206454, 35.713310112060263 ], [ -78.168108374134846, 35.713339937044509 ], [ -78.168112909999323, 35.713341210197825 ], [ -78.168117124894465, 35.713343314870045 ], [ -78.168233738994843, 35.713408618979159 ], [ -78.168237731993713, 35.713411118020673 ], [ -78.168236991691089, 35.713415770030998 ], [ -78.168194150147315, 35.713620239526776 ], [ -78.168193819608987, 35.7136217581875 ], [ -78.168138776403723, 35.713865522981592 ], [ -78.1681369603928, 35.713872412622592 ], [ -78.168051456123564, 35.714155460792334 ], [ -78.168050476683092, 35.714158524211889 ], [ -78.167955356206519, 35.714440328325281 ], [ -78.167950471470164, 35.71445721565766 ], [ -78.167947088532955, 35.714474466697631 ], [ -78.167945233531682, 35.714491948162511 ], [ -78.16794492079822, 35.71450952498936 ], [ -78.167946918796645, 35.714585846622867 ], [ -78.167948298532536, 35.714604637582603 ], [ -78.167951440434408, 35.714623215319058 ], [ -78.167956316617591, 35.714641414953022 ], [ -78.167962883805501, 35.714659074961013 ], [ -78.167971083713681, 35.714676038608751 ], [ -78.167980843567193, 35.714692155342242 ], [ -78.167992076746387, 35.714707282123932 ], [ -78.168004683555722, 35.714721284702172 ], [ -78.168022252676536, 35.714739040505471 ], [ -78.168036634344972, 35.714752222230302 ], [ -78.168052231857288, 35.714763940074235 ], [ -78.168068896806929, 35.714774082544842 ], [ -78.168186966081734, 35.71483826799367 ], [ -78.168192769233201, 35.714841866914284 ], [ -78.168203311357317, 35.714849535300722 ], [ -78.16821717006296, 35.714857988239586 ], [ -78.168245846882456, 35.714873919865774 ], [ -78.168264279626229, 35.71488295514883 ], [ -78.168283541438313, 35.714890053386476 ], [ -78.168303429394399, 35.714895139798358 ], [ -78.168501830653938, 35.714935160185384 ], [ -78.168510184412725, 35.714936661532882 ], [ -78.168770377212525, 35.714977744713707 ], [ -78.168773595755226, 35.714978306946463 ], [ -78.16901272919695, 35.715024118214274 ], [ -78.169033083007676, 35.715026942600936 ], [ -78.169053619193392, 35.715027663605404 ], [ -78.169214915781296, 35.715025034212722 ], [ -78.169219065338041, 35.715025052684823 ], [ -78.169335644540922, 35.715027991484092 ], [ -78.169336338430227, 35.715028007771323 ], [ -78.16942318009869, 35.71502989538677 ], [ -78.169427952214605, 35.715030229215976 ], [ -78.169432572405967, 35.715031469524774 ], [ -78.169480850882934, 35.715046954562396 ], [ -78.169632721987497, 35.715095912962099 ], [ -78.169633260565334, 35.71509608574209 ], [ -78.169841152829576, 35.715162455133452 ], [ -78.169845863318884, 35.715164227095926 ], [ -78.169849825331113, 35.715167330484796 ], [ -78.170040311261687, 35.715332803335649 ], [ -78.170043801611669, 35.715336147275728 ], [ -78.170046179883613, 35.715340355399036 ], [ -78.170140339863565, 35.715527724849046 ], [ -78.170142662942823, 35.715533119142137 ], [ -78.170144334546691, 35.715538749491301 ], [ -78.170184819299138, 35.715711984088834 ], [ -78.170185728141846, 35.715717033642107 ], [ -78.170186112977888, 35.71572214987966 ], [ -78.170190817428846, 35.715921651190818 ], [ -78.170191702931447, 35.715936315371522 ], [ -78.170201832301984, 35.716040362696823 ], [ -78.170202178052833, 35.716043634859048 ], [ -78.170223513403982, 35.716230804064523 ], [ -78.170224114341792, 35.716239220636908 ], [ -78.170228293616162, 35.716383010160655 ], [ -78.170230409907376, 35.716406787463299 ], [ -78.170235344041288, 35.716430143257696 ], [ -78.170258773363472, 35.716515492426609 ], [ -78.17026436294482, 35.716532747467824 ], [ -78.170271492773466, 35.716549425159826 ], [ -78.170280104210136, 35.716565388336996 ], [ -78.170290126430118, 35.71658050571024 ], [ -78.170301477005694, 35.71659465294676 ], [ -78.170407554176961, 35.716715229786999 ], [ -78.170409882590661, 35.716718082068418 ], [ -78.170411994413485, 35.716721098229058 ], [ -78.170608802632643, 35.71702549413002 ], [ -78.170619818554798, 35.717040882890878 ], [ -78.170632239706819, 35.717055161528208 ], [ -78.170645954868334, 35.717068202189481 ], [ -78.170660841232234, 35.717079888107143 ], [ -78.170676765504325, 35.717090114644186 ], [ -78.170836850942962, 35.717182527522851 ], [ -78.170855436608363, 35.717192000351019 ], [ -78.170874907872928, 35.717199485756005 ], [ -78.171113039730486, 35.717277038834126 ], [ -78.171118876849306, 35.717279142307163 ], [ -78.171345477436986, 35.717368838784822 ], [ -78.171366905896562, 35.71737595033273 ], [ -78.171571562477709, 35.717431262601117 ], [ -78.171584520868478, 35.717434306000371 ], [ -78.171835093514005, 35.717484420403132 ], [ -78.171861116055197, 35.717487868134498 ], [ -78.172103937929521, 35.717503930119761 ], [ -78.172106044332992, 35.717504058294693 ], [ -78.172335902488555, 35.717516828403937 ], [ -78.172342063001494, 35.717517362185177 ], [ -78.172559013544401, 35.717542941050965 ], [ -78.172577028276336, 35.7175442438025 ], [ -78.172746084494264, 35.717548812887145 ], [ -78.172759806502071, 35.71755013544815 ], [ -78.172985534580519, 35.717587757311875 ], [ -78.172988440279639, 35.717588285817754 ], [ -78.173124186392897, 35.717615052907092 ], [ -78.173128823275519, 35.717616205565818 ], [ -78.173130883833835, 35.717620516412872 ], [ -78.173258604276455, 35.71792520889165 ], [ -78.173267045563648, 35.717942868942984 ], [ -78.173277172723104, 35.717959619267887 ], [ -78.17328888875366, 35.717975299426392 ], [ -78.173302081435438, 35.717989759228963 ], [ -78.173316624404734, 35.718002860174998 ], [ -78.17333237836435, 35.718014476779452 ], [ -78.173371142682512, 35.718040231092445 ], [ -78.173387260344512, 35.718049880206983 ], [ -78.173404212214251, 35.718057974560068 ], [ -78.17342184874046, 35.718064442742438 ], [ -78.173440014331732, 35.718069227691061 ], [ -78.173458548729215, 35.718072287192584 ], [ -78.173477288420386, 35.718073594255756 ], [ -78.173496068081633, 35.718073137349514 ], [ -78.173526021914384, 35.718070997853019 ], [ -78.17354436056732, 35.718068833337711 ], [ -78.173562421417657, 35.71806498665039 ], [ -78.173580050500561, 35.718059490583222 ], [ -78.173597097531911, 35.718052391988998 ], [ -78.173613417189486, 35.718043751381686 ], [ -78.173628870351749, 35.718033642420593 ], [ -78.173671256128259, 35.718003030741691 ], [ -78.173689815168601, 35.717987854678071 ], [ -78.173714348542475, 35.717965208347735 ], [ -78.173728117205769, 35.717951184635716 ], [ -78.173740443017778, 35.717935877286301 ], [ -78.173751206960276, 35.717919434107479 ], [ -78.173760305096479, 35.717902013874834 ], [ -78.173767649574657, 35.717883784798389 ], [ -78.173773169476405, 35.717864922898364 ], [ -78.173775207042965, 35.717856433082687 ], [ -78.173779159699535, 35.717834768475413 ], [ -78.173780706497254, 35.717812800632579 ], [ -78.173779828682058, 35.717790795902573 ], [ -78.173773246242433, 35.717721682262372 ], [ -78.173772880153436, 35.717716307844142 ], [ -78.17376720298401, 35.717578151954541 ], [ -78.173767256503837, 35.717573044564823 ], [ -78.173768862071128, 35.717568195807495 ], [ -78.173809574734548, 35.717463636909606 ], [ -78.173811127984266, 35.717460066460603 ], [ -78.173812954867799, 35.717456627974855 ], [ -78.173861555811257, 35.717373182335727 ], [ -78.173864149831587, 35.717369186376374 ], [ -78.173868510763086, 35.717367268328722 ], [ -78.174026690053083, 35.717306648109719 ], [ -78.174031024908842, 35.717305211963378 ], [ -78.174035576411896, 35.717305434640956 ], [ -78.174142628456778, 35.71731558597633 ], [ -78.174151300927463, 35.717316793608788 ], [ -78.174222398970016, 35.717329891111497 ], [ -78.174345778158951, 35.717353388085954 ], [ -78.174352158950043, 35.717354821303566 ], [ -78.174424045126216, 35.717373458527867 ], [ -78.174435703426624, 35.717377258425103 ], [ -78.174553573820361, 35.717423857937632 ], [ -78.17456412245977, 35.717428756180176 ], [ -78.174666092351714, 35.717483533508769 ], [ -78.174680241747367, 35.717490431256259 ], [ -78.174694889790459, 35.717496194862029 ], [ -78.174827455251545, 35.717542418579868 ], [ -78.174836355499735, 35.717546010012505 ], [ -78.174979256637513, 35.71761181947636 ], [ -78.174983826979158, 35.717614220287054 ], [ -78.174987437224161, 35.7176179105507 ], [ -78.175069831209655, 35.717711413565659 ], [ -78.175075795324645, 35.717718871914592 ], [ -78.175133403677236, 35.717798427284201 ], [ -78.175135823901314, 35.717802100230955 ], [ -78.175137553737883, 35.717806125837882 ], [ -78.175184619946521, 35.717930379996375 ], [ -78.175185847346427, 35.717934042267615 ], [ -78.175186787842648, 35.717937788493629 ], [ -78.175225353875888, 35.718121190920115 ], [ -78.1752298892265, 35.718138759340015 ], [ -78.17523599811355, 35.718155844429489 ], [ -78.175243630258009, 35.718172305570214 ], [ -78.17527012549094, 35.718223257794094 ], [ -78.175279256017802, 35.718239018638116 ], [ -78.175289782575533, 35.718253883439068 ], [ -78.175301617854046, 35.718267728904316 ], [ -78.17531466368834, 35.718280440195848 ], [ -78.175328811872802, 35.718291911882808 ], [ -78.175343945058572, 35.71830204881595 ], [ -78.175371194807681, 35.718318555831111 ], [ -78.175390814972346, 35.718328997244484 ], [ -78.175411472525809, 35.718337197211525 ], [ -78.175432912360733, 35.718343054467979 ], [ -78.175437323675709, 35.718343999757138 ], [ -78.17544670179683, 35.718345776435186 ], [ -78.175495347686393, 35.718353794967946 ], [ -78.175514062830331, 35.71835598031582 ], [ -78.175532900574638, 35.718356394740617 ], [ -78.175551693719072, 35.718355034563984 ], [ -78.175570275459279, 35.718351911858591 ], [ -78.175717131732185, 35.718320054379411 ], [ -78.175722007726662, 35.718319247971344 ], [ -78.175726946931107, 35.718319420818034 ], [ -78.175822450782903, 35.718327529456353 ], [ -78.175827913541809, 35.718328300875555 ], [ -78.175833071714919, 35.718330257932898 ], [ -78.175842241161035, 35.718334333155838 ], [ -78.175849592304246, 35.718337968402963 ], [ -78.175991598872727, 35.71841559909133 ], [ -78.175995793818231, 35.718418172917552 ], [ -78.175997800421229, 35.71842266687937 ], [ -78.176070196648297, 35.71860937344286 ], [ -78.176071749421425, 35.718614054539337 ], [ -78.176072348790854, 35.718618949896538 ], [ -78.17608866925616, 35.718844555476316 ], [ -78.176088791638605, 35.718848978936848 ], [ -78.176087741177625, 35.718853277601042 ], [ -78.176067828326779, 35.718921440355203 ], [ -78.176063718840226, 35.718938145979926 ], [ -78.176061060216455, 35.718955142964852 ], [ -78.176042996619174, 35.719115551245814 ], [ -78.176041740900502, 35.719137507151245 ], [ -78.176042903369449, 35.719159468191258 ], [ -78.176046469970629, 35.719181168835682 ], [ -78.176052397580392, 35.719202346702787 ], [ -78.176066612461597, 35.719244130309903 ], [ -78.17607707001973, 35.71926915839466 ], [ -78.176172871234556, 35.719460760143761 ], [ -78.176179538423753, 35.71947300747722 ], [ -78.176227656514783, 35.719554498108288 ], [ -78.176238820508289, 35.719571389282919 ], [ -78.176251635091333, 35.719587065155878 ], [ -78.176285488522012, 35.719624444241738 ], [ -78.176286485953497, 35.719625562271212 ], [ -78.176294132636713, 35.719634263862758 ], [ -78.176308718358243, 35.719649210030816 ], [ -78.176324783095737, 35.719662553771741 ], [ -78.176342151690818, 35.719674149594994 ], [ -78.176405577357215, 35.719711862304237 ], [ -78.176426561722693, 35.719722716139501 ], [ -78.176448679564103, 35.719731019778827 ], [ -78.176602556759349, 35.71977862763211 ], [ -78.176606884603771, 35.719780190055893 ], [ -78.176610342139099, 35.719783211052295 ], [ -78.176699666301047, 35.719868812998179 ], [ -78.176702798704028, 35.719872104557631 ], [ -78.17670373431433, 35.719876544583606 ], [ -78.176716653437609, 35.719955578272682 ], [ -78.176721021933801, 35.719975720122733 ], [ -78.176727440109175, 35.719995305446503 ], [ -78.176748955560356, 35.720051070897732 ], [ -78.176756223543904, 35.720067635972278 ], [ -78.176764958524984, 35.720083476596798 ], [ -78.176775089045933, 35.720098463184968 ], [ -78.176786532232683, 35.720112473137029 ], [ -78.176799194472721, 35.720125391842714 ], [ -78.17681297218094, 35.720137113618854 ], [ -78.176921207415887, 35.720221064699714 ], [ -78.176928477468664, 35.720227283067999 ], [ -78.177007680123026, 35.720301880679237 ], [ -78.177010836643873, 35.720305136934769 ], [ -78.177013340076456, 35.720308895914144 ], [ -78.177096327166268, 35.720446580506881 ], [ -78.17709873664954, 35.720451088729263 ], [ -78.177099658335791, 35.720456116668707 ], [ -78.177110402864074, 35.720538486287694 ], [ -78.177110782464339, 35.720542983760794 ], [ -78.177109536702957, 35.720547312240861 ], [ -78.177093785789239, 35.720594002561143 ], [ -78.177087848677829, 35.720615487959869 ], [ -78.177084339334201, 35.72063750059619 ], [ -78.177083301350692, 35.72065976703373 ], [ -78.177083571550696, 35.720689223356594 ], [ -78.177084739681334, 35.720709050650655 ], [ -78.177087868639319, 35.720728664312752 ], [ -78.177092927566363, 35.720747870909953 ], [ -78.177099866570572, 35.720766481023858 ], [ -78.177108617218423, 35.720784311118678 ], [ -78.177119093209683, 35.720801185351284 ], [ -78.177131191228511, 35.720816937305422 ], [ -78.177144791962434, 35.720831411632901 ], [ -78.177159761278901, 35.720844465585699 ], [ -78.177175951548222, 35.720855970423727 ], [ -78.177193203099506, 35.720865812684515 ], [ -78.1772113457953, 35.720873895302184 ], [ -78.177230200709559, 35.720880138564723 ], [ -78.177249581892241, 35.720884480900118 ], [ -78.177352220390645, 35.72090217711866 ], [ -78.177356906454321, 35.720903220747836 ], [ -78.177361097504459, 35.72090556242545 ], [ -78.177485923399203, 35.720983461015791 ], [ -78.177489773676498, 35.720986128420002 ], [ -78.177490250339574, 35.720990788084393 ], [ -78.177495704541556, 35.721091699056359 ], [ -78.177495709403118, 35.721096954818719 ], [ -78.177494068554694, 35.721101947881785 ], [ -78.177436639856822, 35.721249757977972 ], [ -78.177434815693815, 35.721253886125766 ], [ -78.177431646563335, 35.721257086455026 ], [ -78.177269058228717, 35.721407093189406 ], [ -78.177264820106302, 35.721410788233484 ], [ -78.177186172929353, 35.721475556606194 ], [ -78.177181830304292, 35.721478754704776 ], [ -78.177177167406896, 35.721481464616033 ], [ -78.177095076891931, 35.721523401402941 ], [ -78.177089893424565, 35.72152568641193 ], [ -78.177084327205833, 35.721526738461854 ], [ -78.177081591346251, 35.721527095315842 ], [ -78.177061928899363, 35.721530666879687 ], [ -78.177042721037751, 35.721536182850876 ], [ -78.177024159536487, 35.721543588156877 ], [ -78.177006429717267, 35.721552808861645 ], [ -78.176989708598086, 35.721563752903847 ], [ -78.176974163125919, 35.721576311016008 ], [ -78.176959948509818, 35.721590357815465 ], [ -78.176947206671301, 35.721605753056195 ], [ -78.176936064827402, 35.72162234302909 ], [ -78.176926634220479, 35.721639962096582 ], [ -78.176919009007591, 35.721658434346423 ], [ -78.176913265320351, 35.721677575348039 ], [ -78.176909460504874, 35.721697193993897 ], [ -78.176907632549174, 35.721717094407559 ], [ -78.176907799703926, 35.721737077899384 ], [ -78.176909960300236, 35.721756944950236 ], [ -78.176914092766268, 35.721776497203571 ], [ -78.17692015584268, 35.721795539445836 ], [ -78.176928088994529, 35.721813881555526 ], [ -78.176937813015627, 35.721831340401408 ], [ -78.176949230819474, 35.721847741670921 ], [ -78.176962228408428, 35.721862921610551 ], [ -78.176976676012018, 35.721876728660796 ], [ -78.176992429382523, 35.721889024969336 ], [ -78.177009331235183, 35.721899687767412 ], [ -78.177027212818572, 35.721908610595541 ], [ -78.17704589559942, 35.721915704366445 ], [ -78.177235666743258, 35.721977100606217 ], [ -78.177257241238934, 35.721982772979146 ], [ -78.177279313235971, 35.721986007422778 ], [ -78.177440943780937, 35.722000545784212 ], [ -78.177445830555371, 35.722001236296173 ], [ -78.177448276099526, 35.722005523099675 ], [ -78.177492739684467, 35.722093542138985 ], [ -78.177494708477681, 35.722097976555403 ], [ -78.177492046510082, 35.722102032923928 ], [ -78.17745168056571, 35.72215731668053 ], [ -78.17744885933898, 35.72216083211967 ], [ -78.177444778381755, 35.722162746125939 ], [ -78.177262384847495, 35.722238350077802 ], [ -78.177249293953196, 35.722242743138274 ], [ -78.176845811259113, 35.722347745434391 ], [ -78.176836069682338, 35.722349768815953 ], [ -78.176715342559859, 35.722368632204436 ], [ -78.176710648307093, 35.722369423013554 ], [ -78.176632611585134, 35.722383526392107 ], [ -78.176627349771309, 35.722384333336237 ], [ -78.176428423935818, 35.722409440219877 ], [ -78.176423983972725, 35.722409800095228 ], [ -78.17641952960858, 35.722409762382526 ], [ -78.176239965787303, 35.72240021176016 ], [ -78.176236012214972, 35.722399843276591 ], [ -78.176232100456801, 35.722399161615975 ], [ -78.176140877015868, 35.722379496344935 ], [ -78.176121015237371, 35.722376250515097 ], [ -78.176100927813494, 35.722375017203262 ], [ -78.176080818142282, 35.72237580889751 ], [ -78.176060889847051, 35.722378617581413 ], [ -78.176041344714577, 35.722383414815262 ], [ -78.176022380651858, 35.722390152023976 ], [ -78.176004189682189, 35.722398760988995 ], [ -78.175979320708819, 35.722412101220364 ], [ -78.175962915991022, 35.722421939094595 ], [ -78.175947526145137, 35.722433299164102 ], [ -78.175933291949221, 35.722446077513062 ], [ -78.175920343610059, 35.722460157251994 ], [ -78.175908799572113, 35.722475409587005 ], [ -78.175898765434042, 35.722491694997913 ], [ -78.17589033298276, 35.722508864514531 ], [ -78.175812692851679, 35.7226881428479 ], [ -78.17580460196703, 35.722710335622232 ], [ -78.175747594504017, 35.722901016626025 ], [ -78.175742962063353, 35.722919767301953 ], [ -78.17574015990543, 35.722938877384763 ], [ -78.175739214163684, 35.722958168650322 ], [ -78.17574013365828, 35.722977461184726 ], [ -78.175742909813835, 35.722996575062261 ], [ -78.17574751673942, 35.723015332023394 ], [ -78.175753911469997, 35.723033557137249 ], [ -78.175762034367125, 35.723051080433066 ], [ -78.175771809675183, 35.723067738485369 ], [ -78.17590395461589, 35.723269884930581 ], [ -78.175905869847938, 35.723273067286335 ], [ -78.175907543131075, 35.72327638325153 ], [ -78.175993070215341, 35.723462813262046 ], [ -78.175994783182759, 35.723467051880007 ], [ -78.17599527483398, 35.723471597033118 ], [ -78.176009371136459, 35.723699774862837 ], [ -78.176011200184931, 35.723717090105687 ], [ -78.176014528301891, 35.723734180649579 ], [ -78.176019330263273, 35.723750916963994 ], [ -78.176259066201624, 35.724467246465366 ], [ -78.176263262234428, 35.724478625526608 ], [ -78.176363572472923, 35.724727164906973 ], [ -78.176371667027254, 35.72474472372663 ], [ -78.176381419252266, 35.724761418877584 ], [ -78.17639273800512, 35.724777094329461 ], [ -78.176405517502474, 35.724791603581856 ], [ -78.176419638309071, 35.724804811033501 ], [ -78.176434968453975, 35.724816593249543 ], [ -78.17645136466399, 35.724826840115156 ], [ -78.176468673702601, 35.724835455864707 ], [ -78.176486733802136, 35.724842359976677 ], [ -78.176505376175655, 35.724847487926297 ], [ -78.176524426594355, 35.724850791788519 ], [ -78.176543707015867, 35.724852240685941 ], [ -78.176563037248314, 35.724851821077387 ], [ -78.17715392400315, 35.72481035582166 ], [ -78.177158852973818, 35.724810260824157 ], [ -78.177161531079108, 35.724814399849208 ], [ -78.177381552304311, 35.725195573781704 ], [ -78.177392448361232, 35.725212435085332 ], [ -78.177404979892074, 35.725228119101139 ], [ -78.177419020632968, 35.725242467801827 ], [ -78.177434429113788, 35.725255336614339 ], [ -78.177451050083448, 35.725266595876505 ], [ -78.177468716074188, 35.725276132143485 ], [ -78.177487249088969, 35.725283849330793 ], [ -78.177506462394859, 35.725289669682454 ], [ -78.177526162404533, 35.725293534554403 ], [ -78.17754615062681, 35.725295405005376 ], [ -78.177566225666553, 35.725295262189306 ], [ -78.177586185253844, 35.725293107545149 ], [ -78.177605828282097, 35.725288962782436 ], [ -78.178448904222861, 35.72506634321298 ], [ -78.178454004384221, 35.72506527977918 ], [ -78.178459182728687, 35.725065851868521 ], [ -78.179352267811453, 35.725212388773045 ], [ -78.179359734148704, 35.725213469656666 ], [ -78.179799854628499, 35.72526873158705 ], [ -78.179804114900747, 35.725269359973581 ], [ -78.180201184362943, 35.725336693910322 ], [ -78.180204786203916, 35.725337372836194 ], [ -78.180251763474189, 35.725347122602749 ], [ -78.180255937375776, 35.725348178622276 ], [ -78.180259852560454, 35.725349930801755 ], [ -78.18036558285857, 35.725402795760793 ], [ -78.180369829727965, 35.725405187601531 ], [ -78.180372832228883, 35.725409027105705 ], [ -78.180470029242741, 35.725546801399425 ], [ -78.180472760948135, 35.725551129418115 ], [ -78.180475034350152, 35.725555714786687 ], [ -78.180496601735044, 35.725605485975329 ], [ -78.180498644734485, 35.725611103272094 ], [ -78.180499999649001, 35.725616924961891 ], [ -78.180506152399147, 35.72565307502542 ], [ -78.18050674150939, 35.725658017509602 ], [ -78.180506834735837, 35.725662994105605 ], [ -78.180506153575294, 35.725684804714597 ], [ -78.18050572458047, 35.725689949686441 ], [ -78.180504243003341, 35.725694895361187 ], [ -78.180488224014823, 35.72573974754458 ], [ -78.180484177682473, 35.725752385979469 ], [ -78.1803952612035, 35.726065528406913 ], [ -78.180393813622388, 35.726069851157732 ], [ -78.180389822055076, 35.726072053214772 ], [ -78.180215311855235, 35.726158005964251 ], [ -78.180198340942397, 35.726167414062949 ], [ -78.180182361614015, 35.726178422481027 ], [ -78.18016752428521, 35.726190927595091 ], [ -78.180153968621312, 35.726204811693194 ], [ -78.18014182222322, 35.726219944082857 ], [ -78.180131199426228, 35.726236182321308 ], [ -78.180122200223863, 35.726253373556304 ], [ -78.180114909326562, 35.72627135596494 ], [ -78.180109395364283, 35.726289960276915 ], [ -78.180105710240568, 35.726309011367881 ], [ -78.180103888643856, 35.726328329907915 ], [ -78.180103947721022, 35.726347734049583 ], [ -78.180105886915982, 35.726367041139646 ], [ -78.180109687974877, 35.726386069438441 ], [ -78.180115315117945, 35.726404639830598 ], [ -78.180122715376299, 35.726422577511052 ], [ -78.180131819090533, 35.72643971363054 ], [ -78.180142540566408, 35.726455886884963 ], [ -78.180154778881572, 35.726470945033782 ], [ -78.180168418835464, 35.726484746333064 ], [ -78.180183332033764, 35.726497160869712 ], [ -78.180279974912807, 35.726569973936421 ], [ -78.180283799367601, 35.726573168905944 ], [ -78.18028650202892, 35.726577355779128 ], [ -78.180428577139921, 35.726823811779184 ], [ -78.180430768203422, 35.726828076419736 ], [ -78.180432118397192, 35.726835307173076 ], [ -78.180436729557982, 35.726854627836438 ], [ -78.180443234470729, 35.726873395813072 ], [ -78.180451568972444, 35.72689142597995 ], [ -78.18046165085353, 35.726908540491642 ], [ -78.180473380668602, 35.726924570534521 ], [ -78.180486642717483, 35.726939357991917 ], [ -78.180501306186329, 35.726952757003744 ], [ -78.180517226438056, 35.72696463540521 ], [ -78.180534246438953, 35.726974876030489 ], [ -78.180552198307623, 35.7269833778684 ], [ -78.180570904970949, 35.726990057058764 ], [ -78.180590181910688, 35.726994847719567 ], [ -78.180609838983514, 35.726997702596833 ], [ -78.180629682296583, 35.726998593530709 ], [ -78.180649516119985, 35.726997511733231 ], [ -78.180669144817443, 35.726994467874995 ], [ -78.180688374775968, 35.726989491979921 ], [ -78.180707016315651, 35.726982633129104 ], [ -78.180724885560636, 35.726973958976679 ], [ -78.180741806252769, 35.726963555082484 ], [ -78.180757611490222, 35.726951524068156 ], [ -78.180772145373751, 35.726937984604874 ], [ -78.180785264544454, 35.726923070242783 ], [ -78.180796839597861, 35.726906928093754 ], [ -78.181029524503231, 35.726545827489858 ], [ -78.181032143273669, 35.726542143232869 ], [ -78.181035658852295, 35.726539302033061 ], [ -78.181270125878655, 35.726366843058308 ], [ -78.181273980910703, 35.726364283053783 ], [ -78.181277633197226, 35.726367124831327 ], [ -78.181552376953633, 35.726602898195765 ], [ -78.181555778647578, 35.726606110881875 ], [ -78.181556465314728, 35.72661073920365 ], [ -78.18159340232539, 35.726980112630251 ], [ -78.181593880821808, 35.726991915641399 ], [ -78.181586626744505, 35.727381210325007 ], [ -78.181587310550668, 35.727401874328379 ], [ -78.181590124021341, 35.727422357321551 ], [ -78.181595037089778, 35.727442440408588 ], [ -78.181601997251406, 35.72746190896725 ], [ -78.181610930124961, 35.727480554942588 ], [ -78.181621740247365, 35.727498179070366 ], [ -78.181634312093905, 35.727514593006546 ], [ -78.181648511312844, 35.727529621340054 ], [ -78.181822551619661, 35.727695717550091 ], [ -78.181825756260963, 35.727699081043831 ], [ -78.181825318549599, 35.72770370610862 ], [ -78.181817048316091, 35.727761600701236 ], [ -78.181814283203565, 35.727780415616458 ], [ -78.181812610221584, 35.727796050203509 ], [ -78.181812170638693, 35.727811767898885 ], [ -78.181812448844227, 35.727836257558266 ], [ -78.18181353944874, 35.727854966282607 ], [ -78.181816376393215, 35.727873490794224 ], [ -78.181820934768865, 35.727891668445224 ], [ -78.181827174552495, 35.727909339633207 ], [ -78.181835040957907, 35.72792634920259 ], [ -78.18185269793166, 35.727960261492534 ], [ -78.181862675611029, 35.727977312076632 ], [ -78.181874286766387, 35.72799329511686 ], [ -78.181887418108715, 35.728008054668088 ], [ -78.181901941516642, 35.728021446722664 ], [ -78.181917715286559, 35.728033340615482 ], [ -78.181978876257133, 35.728074884467475 ], [ -78.181984937336651, 35.72807934385348 ], [ -78.18206675466854, 35.72814442528491 ], [ -78.182069874303735, 35.728147124726412 ], [ -78.182072760261292, 35.728150072667468 ], [ -78.182146277744636, 35.728231659551483 ], [ -78.182158223669745, 35.728243830516192 ], [ -78.182182026611883, 35.728266097967825 ], [ -78.182183931637567, 35.728267927880282 ], [ -78.182252446523805, 35.728335503775604 ], [ -78.18225575696988, 35.728339110995456 ], [ -78.18225646553897, 35.72834395547865 ], [ -78.182264571912754, 35.728428617255396 ], [ -78.18226479762825, 35.728433001642195 ], [ -78.182264636941682, 35.728437388894079 ], [ -78.182249080103944, 35.728629906226026 ], [ -78.182248915343479, 35.728632094643949 ], [ -78.182246194989446, 35.728671083813417 ], [ -78.182245753295433, 35.728689168265696 ], [ -78.182246947459319, 35.728707218652964 ], [ -78.182249767711554, 35.728725087303864 ], [ -78.182254190979506, 35.728742628033856 ], [ -78.182260181076117, 35.728759697341118 ], [ -78.182267982030808, 35.728779074030413 ], [ -78.182276572996315, 35.728797617210247 ], [ -78.182287011433331, 35.728815186878414 ], [ -78.182299188350399, 35.728831599583778 ], [ -78.182312976604038, 35.728846683955439 ], [ -78.182328232226183, 35.728860282492121 ], [ -78.182344795927449, 35.728872253206667 ], [ -78.182362494760369, 35.728882471108612 ], [ -78.182381143925141, 35.72889082950919 ], [ -78.182400548699192, 35.728897241135392 ], [ -78.182497139993771, 35.728923766520808 ], [ -78.182498844191969, 35.728924226440689 ], [ -78.182626792749645, 35.728958151477102 ], [ -78.182633127160415, 35.728960057429248 ], [ -78.182778880848957, 35.729009227508953 ], [ -78.182796180498613, 35.729014208473032 ], [ -78.182813857958948, 35.729017613656993 ], [ -78.183499853373249, 35.729117979677113 ], [ -78.183828795750443, 35.729166573002743 ], [ -78.183852031904948, 35.729168630442302 ], [ -78.183875349571196, 35.729167968343468 ], [ -78.184092684470926, 35.729149069759217 ], [ -78.184117072000191, 35.72914542325838 ], [ -78.18444687239915, 35.729075091110168 ], [ -78.184451990921971, 35.729074276701951 ], [ -78.184457110775995, 35.7290750826986 ], [ -78.184912877093694, 35.729171495250682 ], [ -78.1849271950922, 35.729173984385412 ], [ -78.185263618955446, 35.729219949016915 ], [ -78.185264363603437, 35.729220049331524 ], [ -78.186759740357914, 35.729418638482088 ], [ -78.186780326946575, 35.72942029666838 ], [ -78.18732328478481, 35.729435893227972 ], [ -78.187326977348391, 35.729436136532186 ], [ -78.187330641737987, 35.729436652742123 ], [ -78.187539972302105, 35.729474102362417 ], [ -78.187544906570565, 35.729475247302666 ], [ -78.187549506787008, 35.72947736765736 ], [ -78.187643885182908, 35.729526847651265 ], [ -78.18764782013308, 35.729529149116694 ], [ -78.187649564524278, 35.729533360728482 ], [ -78.187730531801876, 35.729757727258182 ], [ -78.187731467300964, 35.729760265694864 ], [ -78.187793254398699, 35.729924490518165 ], [ -78.187800894391515, 35.729942164816599 ], [ -78.187810198587385, 35.729959022522678 ], [ -78.18782108074798, 35.729974907386406 ], [ -78.1878334400092, 35.729989672174838 ], [ -78.187898788386434, 35.730060511751454 ], [ -78.187912909280442, 35.730074375363607 ], [ -78.187928331099215, 35.730086775641638 ], [ -78.187944902863393, 35.730097591186997 ], [ -78.187962462335662, 35.730106716115671 ], [ -78.188059978042915, 35.730151410315479 ], [ -78.188080447316125, 35.730159461442838 ], [ -78.188208756823158, 35.730201942545847 ], [ -78.188227478144853, 35.730207146544828 ], [ -78.188269409812435, 35.730216634733026 ], [ -78.188289771579605, 35.730220147798484 ], [ -78.188310387141129, 35.730221541288358 ], [ -78.188331036455168, 35.730220800329135 ], [ -78.188351499119634, 35.73021793282949 ], [ -78.188371556724633, 35.730212969395922 ], [ -78.188390995183724, 35.730205963006021 ], [ -78.188409607018954, 35.730196988443055 ], [ -78.188427193575421, 35.73018614149774 ], [ -78.188784071376702, 35.72993970652518 ], [ -78.188788063853707, 35.729937221644171 ], [ -78.18879275122859, 35.729936843459825 ], [ -78.188933177515182, 35.729932223774703 ], [ -78.188946771539307, 35.729932703278429 ], [ -78.189147644275295, 35.729953548415025 ], [ -78.189151954872287, 35.729954187106436 ], [ -78.189156072498776, 35.729955561761479 ], [ -78.18956584169787, 35.730112412035467 ], [ -78.189569903960432, 35.730114177568886 ], [ -78.189573793568968, 35.73011629653795 ], [ -78.18980072508792, 35.730253328019707 ], [ -78.189820665758361, 35.730263882514087 ], [ -78.189841668287528, 35.730272123961619 ], [ -78.189863465403718, 35.730277947484176 ], [ -78.189882455153409, 35.730281888670362 ], [ -78.18988352862344, 35.730282108395855 ], [ -78.18999136822319, 35.730303874160988 ], [ -78.190653966657351, 35.730441994913917 ], [ -78.190946813480693, 35.730502963104755 ], [ -78.1910608995003, 35.730526930447617 ], [ -78.19107113323831, 35.730528803860416 ], [ -78.191652632280963, 35.730619691963291 ], [ -78.191672660998506, 35.730621796191414 ], [ -78.191692799792122, 35.73062187552275 ], [ -78.191712844465897, 35.730619929152944 ], [ -78.191732591778205, 35.73061597681707 ], [ -78.191927249347216, 35.730566706922779 ], [ -78.191940905473487, 35.730564244736513 ], [ -78.192112043882162, 35.730545540494894 ], [ -78.192116461766346, 35.730545279070803 ] ] ] } }
]
}
